<?xml version="1.0" encoding="UTF-8"?>
<gpx xmlns:xsi="http://www.w3.org/2001/XMLSchema-instance"
     xsi:schemaLocation="http://www.topografix.com/GPX/1/1 http://www.topografix.com/GPX/1/1/gpx.xsd"
     version="1.1" creator="json3d_batch_to_gpx"
     xmlns="http://www.topografix.com/GPX/1/1">
  <metadata>
    <name>SheungYiuCountryTrail</name>
  </metadata>
  <trk>
    <name>SheungYiuCountryTrail</name>
    <type>hike</type>
    <trkseg>
      <trkpt lat="22.3910613293" lon="114.3220753805"><ele>44.000</ele></trkpt>
      <trkpt lat="22.3910613184" lon="114.3220753756"><ele>44.000</ele></trkpt>
      <trkpt lat="22.3910539922" lon="114.3220721576"><ele>44.000</ele></trkpt>
      <trkpt lat="22.3910407626" lon="114.3220660143"><ele>44.000</ele></trkpt>
      <trkpt lat="22.3910275774" lon="114.3220596652"><ele>44.000</ele></trkpt>
      <trkpt lat="22.3910144159" lon="114.3220532064"><ele>44.000</ele></trkpt>
      <trkpt lat="22.3910012570" lon="114.3220467360"><ele>44.000</ele></trkpt>
      <trkpt lat="22.3909880800" lon="114.3220403490"><ele>44.000</ele></trkpt>
      <trkpt lat="22.3909748641" lon="114.3220341436"><ele>46.000</ele></trkpt>
      <trkpt lat="22.3909615882" lon="114.3220282149"><ele>46.000</ele></trkpt>
      <trkpt lat="22.3909482326" lon="114.3220226600"><ele>46.000</ele></trkpt>
      <trkpt lat="22.3909347754" lon="114.3220175760"><ele>46.000</ele></trkpt>
      <trkpt lat="22.3909211967" lon="114.3220130599"><ele>46.000</ele></trkpt>
      <trkpt lat="22.3909074747" lon="114.3220092069"><ele>46.000</ele></trkpt>
      <trkpt lat="22.3908936022" lon="114.3220060258"><ele>46.000</ele></trkpt>
      <trkpt lat="22.3908796183" lon="114.3220032107"><ele>46.000</ele></trkpt>
      <trkpt lat="22.3908655393" lon="114.3220007111"><ele>46.000</ele></trkpt>
      <trkpt lat="22.3908513760" lon="114.3219985095"><ele>44.000</ele></trkpt>
      <trkpt lat="22.3908371403" lon="114.3219965904"><ele>44.000</ele></trkpt>
      <trkpt lat="22.3908228429" lon="114.3219949363"><ele>44.000</ele></trkpt>
      <trkpt lat="22.3908084965" lon="114.3219935299"><ele>44.000</ele></trkpt>
      <trkpt lat="22.3907941111" lon="114.3219923545"><ele>44.000</ele></trkpt>
      <trkpt lat="22.3907796993" lon="114.3219913927"><ele>44.000</ele></trkpt>
      <trkpt lat="22.3907652710" lon="114.3219906290"><ele>44.000</ele></trkpt>
      <trkpt lat="22.3907508390" lon="114.3219900460"><ele>44.000</ele></trkpt>
      <trkpt lat="22.3907364141" lon="114.3219896251"><ele>44.000</ele></trkpt>
      <trkpt lat="22.3907220080" lon="114.3219893518"><ele>44.000</ele></trkpt>
      <trkpt lat="22.3907076325" lon="114.3219892078"><ele>44.000</ele></trkpt>
      <trkpt lat="22.3906932975" lon="114.3219891764"><ele>44.000</ele></trkpt>
      <trkpt lat="22.3906790157" lon="114.3219892480"><ele>44.000</ele></trkpt>
      <trkpt lat="22.3906647668" lon="114.3219899392"><ele>44.000</ele></trkpt>
      <trkpt lat="22.3906505333" lon="114.3219914354"><ele>44.000</ele></trkpt>
      <trkpt lat="22.3906363120" lon="114.3219935512"><ele>44.000</ele></trkpt>
      <trkpt lat="22.3906221003" lon="114.3219961001"><ele>44.000</ele></trkpt>
      <trkpt lat="22.3906078946" lon="114.3219988977"><ele>46.000</ele></trkpt>
      <trkpt lat="22.3905936934" lon="114.3220017554"><ele>46.000</ele></trkpt>
      <trkpt lat="22.3905794923" lon="114.3220044898"><ele>46.000</ele></trkpt>
      <trkpt lat="22.3905652896" lon="114.3220069145"><ele>47.000</ele></trkpt>
      <trkpt lat="22.3905510820" lon="114.3220088419"><ele>47.000</ele></trkpt>
      <trkpt lat="22.3905368669" lon="114.3220100886"><ele>47.000</ele></trkpt>
      <trkpt lat="22.3905226156" lon="114.3220103797"><ele>48.000</ele></trkpt>
      <trkpt lat="22.3905081302" lon="114.3220089546"><ele>48.000</ele></trkpt>
      <trkpt lat="22.3904934600" lon="114.3220061446"><ele>48.000</ele></trkpt>
      <trkpt lat="22.3904787182" lon="114.3220025353"><ele>47.000</ele></trkpt>
      <trkpt lat="22.3904640209" lon="114.3219987124"><ele>46.000</ele></trkpt>
      <trkpt lat="22.3904494831" lon="114.3219952626"><ele>46.000</ele></trkpt>
      <trkpt lat="22.3904352199" lon="114.3219927706"><ele>44.000</ele></trkpt>
      <trkpt lat="22.3904213454" lon="114.3219918220"><ele>44.000</ele></trkpt>
      <trkpt lat="22.3904079746" lon="114.3219930035"><ele>44.000</ele></trkpt>
      <trkpt lat="22.3903952318" lon="114.3219969300"><ele>44.000</ele></trkpt>
      <trkpt lat="22.3903831906" lon="114.3220039316"><ele>46.000</ele></trkpt>
      <trkpt lat="22.3903717188" lon="114.3220133655"><ele>46.000</ele></trkpt>
      <trkpt lat="22.3903606618" lon="114.3220244788"><ele>46.000</ele></trkpt>
      <trkpt lat="22.3903498614" lon="114.3220365197"><ele>46.000</ele></trkpt>
      <trkpt lat="22.3903391628" lon="114.3220487346"><ele>47.000</ele></trkpt>
      <trkpt lat="22.3903284088" lon="114.3220603716"><ele>47.000</ele></trkpt>
      <trkpt lat="22.3903174437" lon="114.3220706770"><ele>47.000</ele></trkpt>
      <trkpt lat="22.3903061112" lon="114.3220788991"><ele>47.000</ele></trkpt>
      <trkpt lat="22.3902942539" lon="114.3220842734"><ele>46.000</ele></trkpt>
      <trkpt lat="22.3902817177" lon="114.3220843468"><ele>46.000</ele></trkpt>
      <trkpt lat="22.3902685657" lon="114.3220792952"><ele>46.000</ele></trkpt>
      <trkpt lat="22.3902549511" lon="114.3220714541"><ele>46.000</ele></trkpt>
      <trkpt lat="22.3902410272" lon="114.3220631621"><ele>46.000</ele></trkpt>
      <trkpt lat="22.3902269454" lon="114.3220567538"><ele>46.000</ele></trkpt>
      <trkpt lat="22.3902128339" lon="114.3220541765"><ele>46.000</ele></trkpt>
      <trkpt lat="22.3901985801" lon="114.3220532693"><ele>46.000</ele></trkpt>
      <trkpt lat="22.3901841739" lon="114.3220531067"><ele>46.000</ele></trkpt>
      <trkpt lat="22.3901696534" lon="114.3220535141"><ele>46.000</ele></trkpt>
      <trkpt lat="22.3901550567" lon="114.3220543185"><ele>48.000</ele></trkpt>
      <trkpt lat="22.3901404228" lon="114.3220553462"><ele>48.000</ele></trkpt>
      <trkpt lat="22.3901257906" lon="114.3220564245"><ele>48.000</ele></trkpt>
      <trkpt lat="22.3901111983" lon="114.3220573775"><ele>48.000</ele></trkpt>
      <trkpt lat="22.3900966838" lon="114.3220580335"><ele>48.000</ele></trkpt>
      <trkpt lat="22.3900822864" lon="114.3220582186"><ele>48.000</ele></trkpt>
      <trkpt lat="22.3900680448" lon="114.3220577590"><ele>50.000</ele></trkpt>
      <trkpt lat="22.3900539963" lon="114.3220564811"><ele>50.000</ele></trkpt>
      <trkpt lat="22.3900401808" lon="114.3220542109"><ele>50.000</ele></trkpt>
      <trkpt lat="22.3900266390" lon="114.3220507679"><ele>50.000</ele></trkpt>
      <trkpt lat="22.3900134489" lon="114.3220459046"><ele>49.000</ele></trkpt>
      <trkpt lat="22.3900005887" lon="114.3220397404"><ele>49.000</ele></trkpt>
      <trkpt lat="22.3899879958" lon="114.3220325161"><ele>49.000</ele></trkpt>
      <trkpt lat="22.3899756060" lon="114.3220244743"><ele>50.000</ele></trkpt>
      <trkpt lat="22.3899633584" lon="114.3220158559"><ele>50.000</ele></trkpt>
      <trkpt lat="22.3899511898" lon="114.3220069005"><ele>50.000</ele></trkpt>
      <trkpt lat="22.3899390374" lon="114.3219978500"><ele>48.000</ele></trkpt>
      <trkpt lat="22.3899268389" lon="114.3219889461"><ele>48.000</ele></trkpt>
      <trkpt lat="22.3899145316" lon="114.3219804296"><ele>48.000</ele></trkpt>
      <trkpt lat="22.3899020541" lon="114.3219725402"><ele>48.000</ele></trkpt>
      <trkpt lat="22.3898893418" lon="114.3219655216"><ele>48.000</ele></trkpt>
      <trkpt lat="22.3898763333" lon="114.3219596127"><ele>48.000</ele></trkpt>
      <trkpt lat="22.3898629723" lon="114.3219550085"><ele>48.000</ele></trkpt>
      <trkpt lat="22.3898493216" lon="114.3219512158"><ele>50.000</ele></trkpt>
      <trkpt lat="22.3898354382" lon="114.3219480056"><ele>48.000</ele></trkpt>
      <trkpt lat="22.3898213567" lon="114.3219453419"><ele>48.000</ele></trkpt>
      <trkpt lat="22.3898071094" lon="114.3219431888"><ele>48.000</ele></trkpt>
      <trkpt lat="22.3897927307" lon="114.3219415123"><ele>48.000</ele></trkpt>
      <trkpt lat="22.3897782541" lon="114.3219402747"><ele>48.000</ele></trkpt>
      <trkpt lat="22.3897637131" lon="114.3219394420"><ele>48.000</ele></trkpt>
      <trkpt lat="22.3897491410" lon="114.3219389773"><ele>48.000</ele></trkpt>
      <trkpt lat="22.3897345722" lon="114.3219388456"><ele>48.000</ele></trkpt>
      <trkpt lat="22.3897200393" lon="114.3219390112"><ele>48.000</ele></trkpt>
      <trkpt lat="22.3897055757" lon="114.3219394380"><ele>50.000</ele></trkpt>
      <trkpt lat="22.3896912166" lon="114.3219400902"><ele>50.000</ele></trkpt>
      <trkpt lat="22.3896769792" lon="114.3219409329"><ele>50.000</ele></trkpt>
      <trkpt lat="22.3896627273" lon="114.3219419339"><ele>50.000</ele></trkpt>
      <trkpt lat="22.3896484310" lon="114.3219431018"><ele>50.000</ele></trkpt>
      <trkpt lat="22.3896341029" lon="114.3219444504"><ele>50.000</ele></trkpt>
      <trkpt lat="22.3896197584" lon="114.3219459931"><ele>50.000</ele></trkpt>
      <trkpt lat="22.3896054119" lon="114.3219477446"><ele>50.000</ele></trkpt>
      <trkpt lat="22.3895910751" lon="114.3219497176"><ele>52.000</ele></trkpt>
      <trkpt lat="22.3895767643" lon="114.3219519265"><ele>52.000</ele></trkpt>
      <trkpt lat="22.3895624930" lon="114.3219543850"><ele>52.000</ele></trkpt>
      <trkpt lat="22.3895482747" lon="114.3219571058"><ele>52.000</ele></trkpt>
      <trkpt lat="22.3895341240" lon="114.3219601044"><ele>52.000</ele></trkpt>
      <trkpt lat="22.3895200542" lon="114.3219633924"><ele>51.000</ele></trkpt>
      <trkpt lat="22.3895060799" lon="114.3219669855"><ele>51.000</ele></trkpt>
      <trkpt lat="22.3894922146" lon="114.3219708972"><ele>51.000</ele></trkpt>
      <trkpt lat="22.3894784736" lon="114.3219751401"><ele>52.000</ele></trkpt>
      <trkpt lat="22.3894648696" lon="114.3219797289"><ele>52.000</ele></trkpt>
      <trkpt lat="22.3894513979" lon="114.3219847257"><ele>52.000</ele></trkpt>
      <trkpt lat="22.3894380106" lon="114.3219902489"><ele>50.000</ele></trkpt>
      <trkpt lat="22.3894246979" lon="114.3219962539"><ele>50.000</ele></trkpt>
      <trkpt lat="22.3894114534" lon="114.3220026852"><ele>52.000</ele></trkpt>
      <trkpt lat="22.3893982700" lon="114.3220094866"><ele>50.000</ele></trkpt>
      <trkpt lat="22.3893851423" lon="114.3220166045"><ele>50.000</ele></trkpt>
      <trkpt lat="22.3893720641" lon="114.3220239828"><ele>50.000</ele></trkpt>
      <trkpt lat="22.3893590281" lon="114.3220315660"><ele>50.000</ele></trkpt>
      <trkpt lat="22.3893460289" lon="114.3220392989"><ele>50.000</ele></trkpt>
      <trkpt lat="22.3893330595" lon="114.3220471269"><ele>52.000</ele></trkpt>
      <trkpt lat="22.3893201136" lon="114.3220549947"><ele>52.000</ele></trkpt>
      <trkpt lat="22.3893071848" lon="114.3220628460"><ele>50.000</ele></trkpt>
      <trkpt lat="22.3892942669" lon="114.3220706265"><ele>50.000</ele></trkpt>
      <trkpt lat="22.3892813536" lon="114.3220782807"><ele>50.000</ele></trkpt>
      <trkpt lat="22.3892684387" lon="114.3220857534"><ele>50.000</ele></trkpt>
      <trkpt lat="22.3892555150" lon="114.3220929900"><ele>49.000</ele></trkpt>
      <trkpt lat="22.3892425771" lon="114.3220999344"><ele>52.000</ele></trkpt>
      <trkpt lat="22.3892296187" lon="114.3221065310"><ele>52.000</ele></trkpt>
      <trkpt lat="22.3892166318" lon="114.3221127247"><ele>50.000</ele></trkpt>
      <trkpt lat="22.3892036119" lon="114.3221184619"><ele>50.000</ele></trkpt>
      <trkpt lat="22.3891905519" lon="114.3221236854"><ele>50.000</ele></trkpt>
      <trkpt lat="22.3891774462" lon="114.3221283407"><ele>50.000</ele></trkpt>
      <trkpt lat="22.3891642870" lon="114.3221323725"><ele>50.000</ele></trkpt>
      <trkpt lat="22.3891510687" lon="114.3221357255"><ele>50.000</ele></trkpt>
      <trkpt lat="22.3891377852" lon="114.3221383443"><ele>50.000</ele></trkpt>
      <trkpt lat="22.3891243266" lon="114.3221398491"><ele>51.000</ele></trkpt>
      <trkpt lat="22.3891103571" lon="114.3221391607"><ele>51.000</ele></trkpt>
      <trkpt lat="22.3890959387" lon="114.3221364694"><ele>51.000</ele></trkpt>
      <trkpt lat="22.3890811714" lon="114.3221320842"><ele>52.000</ele></trkpt>
      <trkpt lat="22.3890661517" lon="114.3221263140"><ele>52.000</ele></trkpt>
      <trkpt lat="22.3890509812" lon="114.3221194657"><ele>52.000</ele></trkpt>
      <trkpt lat="22.3890357563" lon="114.3221118493"><ele>52.000</ele></trkpt>
      <trkpt lat="22.3890205770" lon="114.3221037717"><ele>52.000</ele></trkpt>
      <trkpt lat="22.3890055413" lon="114.3220955417"><ele>52.000</ele></trkpt>
      <trkpt lat="22.3889907494" lon="114.3220874674"><ele>52.000</ele></trkpt>
      <trkpt lat="22.3889762993" lon="114.3220798576"><ele>52.000</ele></trkpt>
      <trkpt lat="22.3889622901" lon="114.3220730203"><ele>52.000</ele></trkpt>
      <trkpt lat="22.3889488200" lon="114.3220672643"><ele>52.000</ele></trkpt>
      <trkpt lat="22.3889359889" lon="114.3220628967"><ele>52.000</ele></trkpt>
      <trkpt lat="22.3889238940" lon="114.3220602263"><ele>52.000</ele></trkpt>
      <trkpt lat="22.3889126354" lon="114.3220595620"><ele>52.000</ele></trkpt>
      <trkpt lat="22.3889023121" lon="114.3220612109"><ele>52.000</ele></trkpt>
      <trkpt lat="22.3888930438" lon="114.3220654847"><ele>52.000</ele></trkpt>
      <trkpt lat="22.3888849950" lon="114.3220724855"><ele>52.000</ele></trkpt>
      <trkpt lat="22.3888780845" lon="114.3220819425"><ele>52.000</ele></trkpt>
      <trkpt lat="22.3888721934" lon="114.3220935572"><ele>52.000</ele></trkpt>
      <trkpt lat="22.3888672028" lon="114.3221070277"><ele>54.000</ele></trkpt>
      <trkpt lat="22.3888629946" lon="114.3221220536"><ele>54.000</ele></trkpt>
      <trkpt lat="22.3888594491" lon="114.3221383339"><ele>54.000</ele></trkpt>
      <trkpt lat="22.3888564490" lon="114.3221555703"><ele>54.000</ele></trkpt>
      <trkpt lat="22.3888538755" lon="114.3221734597"><ele>54.000</ele></trkpt>
      <trkpt lat="22.3888516087" lon="114.3221917029"><ele>54.000</ele></trkpt>
      <trkpt lat="22.3888495315" lon="114.3222099997"><ele>54.000</ele></trkpt>
      <trkpt lat="22.3888475241" lon="114.3222280489"><ele>54.000</ele></trkpt>
      <trkpt lat="22.3888454683" lon="114.3222455504"><ele>54.000</ele></trkpt>
      <trkpt lat="22.3888432463" lon="114.3222622030"><ele>54.000</ele></trkpt>
      <trkpt lat="22.3888407679" lon="114.3222777289"><ele>54.000</ele></trkpt>
      <trkpt lat="22.3888398085" lon="114.3222932729"><ele>55.000</ele></trkpt>
      <trkpt lat="22.3888407711" lon="114.3223093714"><ele>55.000</ele></trkpt>
      <trkpt lat="22.3888426772" lon="114.3223256554"><ele>55.000</ele></trkpt>
      <trkpt lat="22.3888445510" lon="114.3223417578"><ele>56.000</ele></trkpt>
      <trkpt lat="22.3888454157" lon="114.3223573095"><ele>56.000</ele></trkpt>
      <trkpt lat="22.3888442945" lon="114.3223719425"><ele>56.000</ele></trkpt>
      <trkpt lat="22.3888402187" lon="114.3223852944"><ele>56.000</ele></trkpt>
      <trkpt lat="22.3888331622" lon="114.3223974148"><ele>58.000</ele></trkpt>
      <trkpt lat="22.3888238706" lon="114.3224085793"><ele>58.000</ele></trkpt>
      <trkpt lat="22.3888129118" lon="114.3224189478"><ele>58.000</ele></trkpt>
      <trkpt lat="22.3888008573" lon="114.3224286819"><ele>56.000</ele></trkpt>
      <trkpt lat="22.3887882767" lon="114.3224379416"><ele>58.000</ele></trkpt>
      <trkpt lat="22.3887757397" lon="114.3224468877"><ele>58.000</ele></trkpt>
      <trkpt lat="22.3887637547" lon="114.3224556557"><ele>58.000</ele></trkpt>
      <trkpt lat="22.3887515796" lon="114.3224639127"><ele>58.000</ele></trkpt>
      <trkpt lat="22.3887389335" lon="114.3224716254"><ele>58.000</ele></trkpt>
      <trkpt lat="22.3887259601" lon="114.3224789503"><ele>58.000</ele></trkpt>
      <trkpt lat="22.3887128080" lon="114.3224860420"><ele>59.000</ele></trkpt>
      <trkpt lat="22.3886996207" lon="114.3224930579"><ele>59.000</ele></trkpt>
      <trkpt lat="22.3886865463" lon="114.3225001544"><ele>59.000</ele></trkpt>
      <trkpt lat="22.3886737300" lon="114.3225074873"><ele>59.000</ele></trkpt>
      <trkpt lat="22.3886613169" lon="114.3225152128"><ele>59.000</ele></trkpt>
      <trkpt lat="22.3886494551" lon="114.3225234867"><ele>59.000</ele></trkpt>
      <trkpt lat="22.3886382889" lon="114.3225324662"><ele>60.000</ele></trkpt>
      <trkpt lat="22.3886279654" lon="114.3225423070"><ele>60.000</ele></trkpt>
      <trkpt lat="22.3886189953" lon="114.3225535252"><ele>60.000</ele></trkpt>
      <trkpt lat="22.3886119333" lon="114.3225666682"><ele>60.000</ele></trkpt>
      <trkpt lat="22.3886062707" lon="114.3225812138"><ele>62.000</ele></trkpt>
      <trkpt lat="22.3886014698" lon="114.3225966100"><ele>62.000</ele></trkpt>
      <trkpt lat="22.3885969901" lon="114.3226123057"><ele>62.000</ele></trkpt>
      <trkpt lat="22.3885922929" lon="114.3226277467"><ele>62.000</ele></trkpt>
      <trkpt lat="22.3885868380" lon="114.3226423829"><ele>64.000</ele></trkpt>
      <trkpt lat="22.3885800865" lon="114.3226556621"><ele>64.000</ele></trkpt>
      <trkpt lat="22.3885715000" lon="114.3226670312"><ele>64.000</ele></trkpt>
      <trkpt lat="22.3885611848" lon="114.3226767593"><ele>66.000</ele></trkpt>
      <trkpt lat="22.3885501474" lon="114.3226861119"><ele>66.000</ele></trkpt>
      <trkpt lat="22.3885384917" lon="114.3226950900"><ele>66.000</ele></trkpt>
      <trkpt lat="22.3885262992" lon="114.3227036615"><ele>66.000</ele></trkpt>
      <trkpt lat="22.3885136482" lon="114.3227117947"><ele>66.000</ele></trkpt>
      <trkpt lat="22.3885006193" lon="114.3227194584"><ele>66.000</ele></trkpt>
      <trkpt lat="22.3884872929" lon="114.3227266217"><ele>68.000</ele></trkpt>
      <trkpt lat="22.3884737475" lon="114.3227332526"><ele>68.000</ele></trkpt>
      <trkpt lat="22.3884600644" lon="114.3227393192"><ele>68.000</ele></trkpt>
      <trkpt lat="22.3884463232" lon="114.3227447914"><ele>68.000</ele></trkpt>
      <trkpt lat="22.3884326024" lon="114.3227496374"><ele>68.000</ele></trkpt>
      <trkpt lat="22.3884189843" lon="114.3227538240"><ele>68.000</ele></trkpt>
      <trkpt lat="22.3884055410" lon="114.3227573117"><ele>68.000</ele></trkpt>
      <trkpt lat="22.3883919041" lon="114.3227592678"><ele>66.000</ele></trkpt>
      <trkpt lat="22.3883778877" lon="114.3227594056"><ele>66.000</ele></trkpt>
      <trkpt lat="22.3883636018" lon="114.3227580302"><ele>66.000</ele></trkpt>
      <trkpt lat="22.3883491527" lon="114.3227554447"><ele>66.000</ele></trkpt>
      <trkpt lat="22.3883346483" lon="114.3227519551"><ele>66.000</ele></trkpt>
      <trkpt lat="22.3883201960" lon="114.3227478664"><ele>66.000</ele></trkpt>
      <trkpt lat="22.3883059029" lon="114.3227434826"><ele>64.000</ele></trkpt>
      <trkpt lat="22.3882918779" lon="114.3227391088"><ele>64.000</ele></trkpt>
      <trkpt lat="22.3882782252" lon="114.3227345189"><ele>64.000</ele></trkpt>
      <trkpt lat="22.3882649401" lon="114.3227279707"><ele>64.000</ele></trkpt>
      <trkpt lat="22.3882519108" lon="114.3227200429"><ele>62.000</ele></trkpt>
      <trkpt lat="22.3882390183" lon="114.3227115908"><ele>62.000</ele></trkpt>
      <trkpt lat="22.3882261446" lon="114.3227034709"><ele>62.000</ele></trkpt>
      <trkpt lat="22.3882131731" lon="114.3226965365"><ele>62.000</ele></trkpt>
      <trkpt lat="22.3881999839" lon="114.3226916451"><ele>62.000</ele></trkpt>
      <trkpt lat="22.3881864599" lon="114.3226896510"><ele>62.000</ele></trkpt>
      <trkpt lat="22.3881726245" lon="114.3226903085"><ele>61.000</ele></trkpt>
      <trkpt lat="22.3881587463" lon="114.3226914982"><ele>61.000</ele></trkpt>
      <trkpt lat="22.3881448370" lon="114.3226930966"><ele>61.000</ele></trkpt>
      <trkpt lat="22.3881309003" lon="114.3226950670"><ele>60.000</ele></trkpt>
      <trkpt lat="22.3881169361" lon="114.3226973752"><ele>60.000</ele></trkpt>
      <trkpt lat="22.3881029473" lon="114.3226999864"><ele>60.000</ele></trkpt>
      <trkpt lat="22.3880889348" lon="114.3227028646"><ele>60.000</ele></trkpt>
      <trkpt lat="22.3880749004" lon="114.3227059749"><ele>60.000</ele></trkpt>
      <trkpt lat="22.3880608460" lon="114.3227092823"><ele>60.000</ele></trkpt>
      <trkpt lat="22.3880467724" lon="114.3227127518"><ele>60.000</ele></trkpt>
      <trkpt lat="22.3880326825" lon="114.3227163475"><ele>59.000</ele></trkpt>
      <trkpt lat="22.3880185781" lon="114.3227200355"><ele>59.000</ele></trkpt>
      <trkpt lat="22.3880044591" lon="114.3227237798"><ele>59.000</ele></trkpt>
      <trkpt lat="22.3879903284" lon="114.3227275464"><ele>60.000</ele></trkpt>
      <trkpt lat="22.3879761878" lon="114.3227312984"><ele>60.000</ele></trkpt>
      <trkpt lat="22.3879620391" lon="114.3227350019"><ele>60.000</ele></trkpt>
      <trkpt lat="22.3879478823" lon="114.3227386219"><ele>60.000</ele></trkpt>
      <trkpt lat="22.3879337211" lon="114.3227421224"><ele>60.000</ele></trkpt>
      <trkpt lat="22.3879195556" lon="114.3227454684"><ele>60.000</ele></trkpt>
      <trkpt lat="22.3879053893" lon="114.3227486262"><ele>60.000</ele></trkpt>
      <trkpt lat="22.3878912214" lon="114.3227515586"><ele>60.000</ele></trkpt>
      <trkpt lat="22.3878770556" lon="114.3227542317"><ele>60.000</ele></trkpt>
      <trkpt lat="22.3878628927" lon="114.3227566116"><ele>60.000</ele></trkpt>
      <trkpt lat="22.3878487165" lon="114.3227587536"><ele>58.000</ele></trkpt>
      <trkpt lat="22.3878345170" lon="114.3227607207"><ele>58.000</ele></trkpt>
      <trkpt lat="22.3878202968" lon="114.3227625286"><ele>58.000</ele></trkpt>
      <trkpt lat="22.3878060579" lon="114.3227641946"><ele>58.000</ele></trkpt>
      <trkpt lat="22.3877918018" lon="114.3227657335"><ele>58.000</ele></trkpt>
      <trkpt lat="22.3877775305" lon="114.3227671626"><ele>58.000</ele></trkpt>
      <trkpt lat="22.3877632476" lon="114.3227684965"><ele>58.000</ele></trkpt>
      <trkpt lat="22.3877489539" lon="114.3227697527"><ele>58.000</ele></trkpt>
      <trkpt lat="22.3877346530" lon="114.3227709458"><ele>58.000</ele></trkpt>
      <trkpt lat="22.3877203450" lon="114.3227720932"><ele>59.000</ele></trkpt>
      <trkpt lat="22.3877060333" lon="114.3227732105"><ele>62.000</ele></trkpt>
      <trkpt lat="22.3876917199" lon="114.3227743143"><ele>62.000</ele></trkpt>
      <trkpt lat="22.3876774065" lon="114.3227754200"><ele>62.000</ele></trkpt>
      <trkpt lat="22.3876630957" lon="114.3227765441"><ele>62.000</ele></trkpt>
      <trkpt lat="22.3876487886" lon="114.3227777022"><ele>62.000</ele></trkpt>
      <trkpt lat="22.3876344895" lon="114.3227789108"><ele>61.000</ele></trkpt>
      <trkpt lat="22.3876079729" lon="114.3227813429"><ele>61.000</ele></trkpt>
      <trkpt lat="22.3875938854" lon="114.3227842074"><ele>61.000</ele></trkpt>
      <trkpt lat="22.3875797826" lon="114.3227870156"><ele>60.000</ele></trkpt>
      <trkpt lat="22.3875691347" lon="114.3227890942"><ele>60.000</ele></trkpt>
      <trkpt lat="22.3875656646" lon="114.3227897723"><ele>60.000</ele></trkpt>
      <trkpt lat="22.3875515330" lon="114.3227924794"><ele>60.000</ele></trkpt>
      <trkpt lat="22.3875373880" lon="114.3227951400"><ele>60.000</ele></trkpt>
      <trkpt lat="22.3875232312" lon="114.3227977578"><ele>60.000</ele></trkpt>
      <trkpt lat="22.3875090627" lon="114.3228003357"><ele>60.000</ele></trkpt>
      <trkpt lat="22.3874948844" lon="114.3228028768"><ele>59.000</ele></trkpt>
      <trkpt lat="22.3874806961" lon="114.3228053838"><ele>59.000</ele></trkpt>
      <trkpt lat="22.3874664988" lon="114.3228078598"><ele>59.000</ele></trkpt>
      <trkpt lat="22.3874522943" lon="114.3228103086"><ele>58.000</ele></trkpt>
      <trkpt lat="22.3874380827" lon="114.3228127331"><ele>58.000</ele></trkpt>
      <trkpt lat="22.3874238656" lon="114.3228151352"><ele>58.000</ele></trkpt>
      <trkpt lat="22.3874096431" lon="114.3228175199"><ele>58.000</ele></trkpt>
      <trkpt lat="22.3873954161" lon="114.3228198890"><ele>58.000</ele></trkpt>
      <trkpt lat="22.3873811855" lon="114.3228222465"><ele>60.000</ele></trkpt>
      <trkpt lat="22.3873669523" lon="114.3228245942"><ele>60.000</ele></trkpt>
      <trkpt lat="22.3873527181" lon="114.3228269361"><ele>61.000</ele></trkpt>
      <trkpt lat="22.3873384821" lon="114.3228292751"><ele>61.000</ele></trkpt>
      <trkpt lat="22.3873242470" lon="114.3228316151"><ele>61.000</ele></trkpt>
      <trkpt lat="22.3873100128" lon="114.3228339580"><ele>62.000</ele></trkpt>
      <trkpt lat="22.3872957796" lon="114.3228363067"><ele>62.000</ele></trkpt>
      <trkpt lat="22.3872815499" lon="114.3228386652"><ele>62.000</ele></trkpt>
      <trkpt lat="22.3872673238" lon="114.3228410362"><ele>64.000</ele></trkpt>
      <trkpt lat="22.3872531013" lon="114.3228434238"><ele>64.000</ele></trkpt>
      <trkpt lat="22.3872388851" lon="114.3228458298"><ele>64.000</ele></trkpt>
      <trkpt lat="22.3872246744" lon="114.3228482572"><ele>66.000</ele></trkpt>
      <trkpt lat="22.3872104708" lon="114.3228507099"><ele>66.000</ele></trkpt>
      <trkpt lat="22.3871962753" lon="114.3228531907"><ele>66.000</ele></trkpt>
      <trkpt lat="22.3871820888" lon="114.3228557026"><ele>66.000</ele></trkpt>
      <trkpt lat="22.3871679114" lon="114.3228582485"><ele>66.000</ele></trkpt>
      <trkpt lat="22.3871537447" lon="114.3228608323"><ele>66.000</ele></trkpt>
      <trkpt lat="22.3871395897" lon="114.3228634559"><ele>68.000</ele></trkpt>
      <trkpt lat="22.3871254465" lon="114.3228661241"><ele>68.000</ele></trkpt>
      <trkpt lat="22.3871113167" lon="114.3228688381"><ele>68.000</ele></trkpt>
      <trkpt lat="22.3870972013" lon="114.3228716025"><ele>68.000</ele></trkpt>
      <trkpt lat="22.3870831004" lon="114.3228744194"><ele>69.000</ele></trkpt>
      <trkpt lat="22.3870690156" lon="114.3228772917"><ele>69.000</ele></trkpt>
      <trkpt lat="22.3870549471" lon="114.3228802242"><ele>69.000</ele></trkpt>
      <trkpt lat="22.3870408965" lon="114.3228832179"><ele>70.000</ele></trkpt>
      <trkpt lat="22.3870268640" lon="114.3228862766"><ele>70.000</ele></trkpt>
      <trkpt lat="22.3870128503" lon="114.3228894044"><ele>70.000</ele></trkpt>
      <trkpt lat="22.3869988574" lon="114.3228926030"><ele>70.000</ele></trkpt>
      <trkpt lat="22.3869848852" lon="114.3228958764"><ele>70.000</ele></trkpt>
      <trkpt lat="22.3869709345" lon="114.3228992276"><ele>70.000</ele></trkpt>
      <trkpt lat="22.3869570073" lon="114.3229026593"><ele>71.000</ele></trkpt>
      <trkpt lat="22.3869431035" lon="114.3229061756"><ele>71.000</ele></trkpt>
      <trkpt lat="22.3869292240" lon="114.3229097773"><ele>71.000</ele></trkpt>
      <trkpt lat="22.3869153697" lon="114.3229134704"><ele>71.000</ele></trkpt>
      <trkpt lat="22.3869015424" lon="114.3229172557"><ele>71.000</ele></trkpt>
      <trkpt lat="22.3868877412" lon="114.3229211372"><ele>68.000</ele></trkpt>
      <trkpt lat="22.3868739688" lon="114.3229251178"><ele>68.000</ele></trkpt>
      <trkpt lat="22.3868602252" lon="114.3229292013"><ele>70.000</ele></trkpt>
      <trkpt lat="22.3868465113" lon="114.3229333907"><ele>70.000</ele></trkpt>
      <trkpt lat="22.3868328271" lon="114.3229376879"><ele>70.000</ele></trkpt>
      <trkpt lat="22.3868191753" lon="114.3229420969"><ele>72.000</ele></trkpt>
      <trkpt lat="22.3868055532" lon="114.3229466175"><ele>72.000</ele></trkpt>
      <trkpt lat="22.3867918986" lon="114.3229511867"><ele>72.000</ele></trkpt>
      <trkpt lat="22.3867781871" lon="114.3229557742"><ele>74.000</ele></trkpt>
      <trkpt lat="22.3867644222" lon="114.3229603811"><ele>74.000</ele></trkpt>
      <trkpt lat="22.3867506059" lon="114.3229650103"><ele>74.000</ele></trkpt>
      <trkpt lat="22.3867367435" lon="114.3229696617"><ele>72.000</ele></trkpt>
      <trkpt lat="22.3867228368" lon="114.3229743365"><ele>74.000</ele></trkpt>
      <trkpt lat="22.3867088895" lon="114.3229790364"><ele>74.000</ele></trkpt>
      <trkpt lat="22.3866949060" lon="114.3229837625"><ele>74.000</ele></trkpt>
      <trkpt lat="22.3866808882" lon="114.3229885168"><ele>74.000</ele></trkpt>
      <trkpt lat="22.3866668414" lon="114.3229932991"><ele>74.000</ele></trkpt>
      <trkpt lat="22.3866527667" lon="114.3229981116"><ele>74.000</ele></trkpt>
      <trkpt lat="22.3866386693" lon="114.3230029550"><ele>76.000</ele></trkpt>
      <trkpt lat="22.3866245520" lon="114.3230078306"><ele>76.000</ele></trkpt>
      <trkpt lat="22.3866104176" lon="114.3230127400"><ele>76.000</ele></trkpt>
      <trkpt lat="22.3865962695" lon="114.3230176845"><ele>78.000</ele></trkpt>
      <trkpt lat="22.3865821124" lon="114.3230226648"><ele>78.000</ele></trkpt>
      <trkpt lat="22.3865679490" lon="114.3230276820"><ele>78.000</ele></trkpt>
      <trkpt lat="22.3865537819" lon="114.3230327391"><ele>78.000</ele></trkpt>
      <trkpt lat="22.3865396156" lon="114.3230378340"><ele>78.000</ele></trkpt>
      <trkpt lat="22.3865254530" lon="114.3230429716"><ele>78.000</ele></trkpt>
      <trkpt lat="22.3865112975" lon="114.3230481501"><ele>78.000</ele></trkpt>
      <trkpt lat="22.3864971519" lon="114.3230533722"><ele>78.000</ele></trkpt>
      <trkpt lat="22.3864830207" lon="114.3230586400"><ele>78.000</ele></trkpt>
      <trkpt lat="22.3864689067" lon="114.3230639525"><ele>80.000</ele></trkpt>
      <trkpt lat="22.3864548134" lon="114.3230693125"><ele>80.000</ele></trkpt>
      <trkpt lat="22.3864407435" lon="114.3230747212"><ele>80.000</ele></trkpt>
      <trkpt lat="22.3864267015" lon="114.3230801784"><ele>80.000</ele></trkpt>
      <trkpt lat="22.3864126902" lon="114.3230856872"><ele>82.000</ele></trkpt>
      <trkpt lat="22.3863987132" lon="114.3230912484"><ele>82.000</ele></trkpt>
      <trkpt lat="22.3863847741" lon="114.3230968621"><ele>82.000</ele></trkpt>
      <trkpt lat="22.3863708755" lon="114.3231025302"><ele>82.000</ele></trkpt>
      <trkpt lat="22.3863570212" lon="114.3231082546"><ele>82.000</ele></trkpt>
      <trkpt lat="22.3863432147" lon="114.3231140355"><ele>82.000</ele></trkpt>
      <trkpt lat="22.3863294595" lon="114.3231198746"><ele>82.000</ele></trkpt>
      <trkpt lat="22.3863157585" lon="114.3231257731"><ele>84.000</ele></trkpt>
      <trkpt lat="22.3863021153" lon="114.3231317328"><ele>84.000</ele></trkpt>
      <trkpt lat="22.3862885343" lon="114.3231377537"><ele>84.000</ele></trkpt>
      <trkpt lat="22.3862750174" lon="114.3231438378"><ele>84.000</ele></trkpt>
      <trkpt lat="22.3862615681" lon="114.3231499861"><ele>84.000</ele></trkpt>
      <trkpt lat="22.3862481901" lon="114.3231561995"><ele>84.000</ele></trkpt>
      <trkpt lat="22.3862348879" lon="114.3231624809"><ele>84.000</ele></trkpt>
      <trkpt lat="22.3862216633" lon="114.3231688295"><ele>84.000</ele></trkpt>
      <trkpt lat="22.3862085200" lon="114.3231752470"><ele>84.000</ele></trkpt>
      <trkpt lat="22.3861954623" lon="114.3231817356"><ele>84.000</ele></trkpt>
      <trkpt lat="22.3861824931" lon="114.3231882951"><ele>85.000</ele></trkpt>
      <trkpt lat="22.3861696150" lon="114.3231949275"><ele>85.000</ele></trkpt>
      <trkpt lat="22.3861568317" lon="114.3232016349"><ele>85.000</ele></trkpt>
      <trkpt lat="22.3861441476" lon="114.3232084170"><ele>84.000</ele></trkpt>
      <trkpt lat="22.3861315656" lon="114.3232152760"><ele>84.000</ele></trkpt>
      <trkpt lat="22.3861305464" lon="114.3232158431"><ele>84.000</ele></trkpt>
      <trkpt lat="22.3861190882" lon="114.3232222128"><ele>84.000</ele></trkpt>
      <trkpt lat="22.3861067200" lon="114.3232292284"><ele>84.000</ele></trkpt>
      <trkpt lat="22.3860944637" lon="114.3232363247"><ele>84.000</ele></trkpt>
      <trkpt lat="22.3860823229" lon="114.3232435017"><ele>84.000</ele></trkpt>
      <trkpt lat="22.3860703003" lon="114.3232507623"><ele>84.000</ele></trkpt>
      <trkpt lat="22.3860584005" lon="114.3232581066"><ele>84.000</ele></trkpt>
      <trkpt lat="22.3860466270" lon="114.3232655355"><ele>84.000</ele></trkpt>
      <trkpt lat="22.3860349817" lon="114.3232730509"><ele>84.000</ele></trkpt>
      <trkpt lat="22.3860234682" lon="114.3232806549"><ele>84.000</ele></trkpt>
      <trkpt lat="22.3860120918" lon="114.3232883473"><ele>84.000</ele></trkpt>
      <trkpt lat="22.3860008535" lon="114.3232961292"><ele>82.000</ele></trkpt>
      <trkpt lat="22.3859897579" lon="114.3233040026"><ele>82.000</ele></trkpt>
      <trkpt lat="22.3859788084" lon="114.3233119693"><ele>82.000</ele></trkpt>
      <trkpt lat="22.3859680087" lon="114.3233200285"><ele>82.000</ele></trkpt>
      <trkpt lat="22.3859573607" lon="114.3233281839"><ele>80.000</ele></trkpt>
      <trkpt lat="22.3859468697" lon="114.3233364347"><ele>80.000</ele></trkpt>
      <trkpt lat="22.3859370222" lon="114.3233451755"><ele>80.000</ele></trkpt>
      <trkpt lat="22.3859287006" lon="114.3233551230"><ele>80.000</ele></trkpt>
      <trkpt lat="22.3859218111" lon="114.3233662062"><ele>80.000</ele></trkpt>
      <trkpt lat="22.3859162328" lon="114.3233783328"><ele>78.000</ele></trkpt>
      <trkpt lat="22.3859118448" lon="114.3233914131"><ele>78.000</ele></trkpt>
      <trkpt lat="22.3859085288" lon="114.3234053550"><ele>80.000</ele></trkpt>
      <trkpt lat="22.3859061631" lon="114.3234200679"><ele>80.000</ele></trkpt>
      <trkpt lat="22.3859046284" lon="114.3234354604"><ele>80.000</ele></trkpt>
      <trkpt lat="22.3859038038" lon="114.3234514402"><ele>80.000</ele></trkpt>
      <trkpt lat="22.3859035695" lon="114.3234679178"><ele>80.000</ele></trkpt>
      <trkpt lat="22.3859038061" lon="114.3234848008"><ele>80.000</ele></trkpt>
      <trkpt lat="22.3859043920" lon="114.3235019979"><ele>80.000</ele></trkpt>
      <trkpt lat="22.3859052088" lon="114.3235194185"><ele>80.000</ele></trkpt>
      <trkpt lat="22.3859061338" lon="114.3235369713"><ele>80.000</ele></trkpt>
      <trkpt lat="22.3859070498" lon="114.3235545639"><ele>80.000</ele></trkpt>
      <trkpt lat="22.3859078349" lon="114.3235721068"><ele>80.000</ele></trkpt>
      <trkpt lat="22.3859083682" lon="114.3235895077"><ele>80.000</ele></trkpt>
      <trkpt lat="22.3859085314" lon="114.3236066761"><ele>79.000</ele></trkpt>
      <trkpt lat="22.3859082037" lon="114.3236235197"><ele>79.000</ele></trkpt>
      <trkpt lat="22.3859072649" lon="114.3236399480"><ele>79.000</ele></trkpt>
      <trkpt lat="22.3859055943" lon="114.3236558696"><ele>80.000</ele></trkpt>
      <trkpt lat="22.3859030726" lon="114.3236711941"><ele>80.000</ele></trkpt>
      <trkpt lat="22.3858999624" lon="114.3236861956"><ele>80.000</ele></trkpt>
      <trkpt lat="22.3858965886" lon="114.3237011842"><ele>81.000</ele></trkpt>
      <trkpt lat="22.3858929520" lon="114.3237161434"><ele>81.000</ele></trkpt>
      <trkpt lat="22.3858890526" lon="114.3237310576"><ele>81.000</ele></trkpt>
      <trkpt lat="22.3858848923" lon="114.3237459104"><ele>83.000</ele></trkpt>
      <trkpt lat="22.3858804702" lon="114.3237606871"><ele>83.000</ele></trkpt>
      <trkpt lat="22.3858757881" lon="114.3237753723"><ele>83.000</ele></trkpt>
      <trkpt lat="22.3858708460" lon="114.3237899495"><ele>80.000</ele></trkpt>
      <trkpt lat="22.3858656449" lon="114.3238044021"><ele>80.000</ele></trkpt>
      <trkpt lat="22.3858601856" lon="114.3238187165"><ele>80.000</ele></trkpt>
      <trkpt lat="22.3858544681" lon="114.3238328762"><ele>80.000</ele></trkpt>
      <trkpt lat="22.3858484935" lon="114.3238468648"><ele>80.000</ele></trkpt>
      <trkpt lat="22.3858422625" lon="114.3238606676"><ele>80.000</ele></trkpt>
      <trkpt lat="22.3858356633" lon="114.3238742477"><ele>80.000</ele></trkpt>
      <trkpt lat="22.3858284657" lon="114.3238875630"><ele>78.000</ele></trkpt>
      <trkpt lat="22.3858207489" lon="114.3239006486"><ele>78.000</ele></trkpt>
      <trkpt lat="22.3858126089" lon="114.3239135424"><ele>78.000</ele></trkpt>
      <trkpt lat="22.3858041393" lon="114.3239262825"><ele>78.000</ele></trkpt>
      <trkpt lat="22.3857954342" lon="114.3239389058"><ele>79.000</ele></trkpt>
      <trkpt lat="22.3857865882" lon="114.3239514513"><ele>79.000</ele></trkpt>
      <trkpt lat="22.3857776972" lon="114.3239639559"><ele>76.000</ele></trkpt>
      <trkpt lat="22.3857688531" lon="114.3239764567"><ele>76.000</ele></trkpt>
      <trkpt lat="22.3857601525" lon="114.3239889926"><ele>76.000</ele></trkpt>
      <trkpt lat="22.3857516894" lon="114.3240016006"><ele>76.000</ele></trkpt>
      <trkpt lat="22.3857435567" lon="114.3240143187"><ele>76.000</ele></trkpt>
      <trkpt lat="22.3857358510" lon="114.3240271848"><ele>74.000</ele></trkpt>
      <trkpt lat="22.3857286653" lon="114.3240402360"><ele>75.000</ele></trkpt>
      <trkpt lat="22.3857220953" lon="114.3240535111"><ele>75.000</ele></trkpt>
      <trkpt lat="22.3857162339" lon="114.3240670473"><ele>75.000</ele></trkpt>
      <trkpt lat="22.3857112861" lon="114.3240809583"><ele>75.000</ele></trkpt>
      <trkpt lat="22.3857077238" lon="114.3240955436"><ele>76.000</ele></trkpt>
      <trkpt lat="22.3857054506" lon="114.3241106984"><ele>76.000</ele></trkpt>
      <trkpt lat="22.3857043112" lon="114.3241262729"><ele>76.000</ele></trkpt>
      <trkpt lat="22.3857041442" lon="114.3241421174"><ele>75.000</ele></trkpt>
      <trkpt lat="22.3857047925" lon="114.3241580823"><ele>75.000</ele></trkpt>
      <trkpt lat="22.3857060964" lon="114.3241740167"><ele>75.000</ele></trkpt>
      <trkpt lat="22.3857078990" lon="114.3241897710"><ele>75.000</ele></trkpt>
      <trkpt lat="22.3857100405" lon="114.3242051965"><ele>75.000</ele></trkpt>
      <trkpt lat="22.3857125382" lon="114.3242201825"><ele>75.000</ele></trkpt>
      <trkpt lat="22.3857162021" lon="114.3242348911"><ele>74.000</ele></trkpt>
      <trkpt lat="22.3857209018" lon="114.3242494104"><ele>74.000</ele></trkpt>
      <trkpt lat="22.3857263323" lon="114.3242637993"><ele>74.000</ele></trkpt>
      <trkpt lat="22.3857321882" lon="114.3242781169"><ele>73.000</ele></trkpt>
      <trkpt lat="22.3857381651" lon="114.3242924210"><ele>73.000</ele></trkpt>
      <trkpt lat="22.3857439595" lon="114.3243067705"><ele>76.000</ele></trkpt>
      <trkpt lat="22.3857492662" lon="114.3243212245"><ele>76.000</ele></trkpt>
      <trkpt lat="22.3857537799" lon="114.3243358407"><ele>74.000</ele></trkpt>
      <trkpt lat="22.3857571970" lon="114.3243506791"><ele>74.000</ele></trkpt>
      <trkpt lat="22.3857594382" lon="114.3243657541"><ele>74.000</ele></trkpt>
      <trkpt lat="22.3857610733" lon="114.3243809597"><ele>74.000</ele></trkpt>
      <trkpt lat="22.3857622252" lon="114.3243962696"><ele>74.000</ele></trkpt>
      <trkpt lat="22.3857629751" lon="114.3244116664"><ele>74.000</ele></trkpt>
      <trkpt lat="22.3857634035" lon="114.3244271319"><ele>74.000</ele></trkpt>
      <trkpt lat="22.3857635907" lon="114.3244426486"><ele>74.000</ele></trkpt>
      <trkpt lat="22.3857636199" lon="114.3244581990"><ele>74.000</ele></trkpt>
      <trkpt lat="22.3857635704" lon="114.3244737660"><ele>74.000</ele></trkpt>
      <trkpt lat="22.3857635246" lon="114.3244893310"><ele>74.000</ele></trkpt>
      <trkpt lat="22.3857635619" lon="114.3245048766"><ele>74.000</ele></trkpt>
      <trkpt lat="22.3857637645" lon="114.3245203855"><ele>76.000</ele></trkpt>
      <trkpt lat="22.3857642127" lon="114.3245358394"><ele>76.000</ele></trkpt>
      <trkpt lat="22.3857649880" lon="114.3245512207"><ele>76.000</ele></trkpt>
      <trkpt lat="22.3857661714" lon="114.3245665122"><ele>76.000</ele></trkpt>
      <trkpt lat="22.3857678436" lon="114.3245816954"><ele>74.000</ele></trkpt>
      <trkpt lat="22.3857700919" lon="114.3245967540"><ele>74.000</ele></trkpt>
      <trkpt lat="22.3857730963" lon="114.3246116784"><ele>74.000</ele></trkpt>
      <trkpt lat="22.3857768377" lon="114.3246264734"><ele>72.000</ele></trkpt>
      <trkpt lat="22.3857812140" lon="114.3246411449"><ele>72.000</ele></trkpt>
      <trkpt lat="22.3857861241" lon="114.3246556994"><ele>76.000</ele></trkpt>
      <trkpt lat="22.3857914651" lon="114.3246701407"><ele>74.000</ele></trkpt>
      <trkpt lat="22.3857971349" lon="114.3246844765"><ele>74.000</ele></trkpt>
      <trkpt lat="22.3858030314" lon="114.3246987116"><ele>74.000</ele></trkpt>
      <trkpt lat="22.3858090536" lon="114.3247128517"><ele>72.000</ele></trkpt>
      <trkpt lat="22.3858150993" lon="114.3247269034"><ele>72.000</ele></trkpt>
      <trkpt lat="22.3858211867" lon="114.3247408270"><ele>72.000</ele></trkpt>
      <trkpt lat="22.3858285443" lon="114.3247541499"><ele>72.000</ele></trkpt>
      <trkpt lat="22.3858369463" lon="114.3247669884"><ele>72.000</ele></trkpt>
      <trkpt lat="22.3858456582" lon="114.3247796543"><ele>72.000</ele></trkpt>
      <trkpt lat="22.3858539473" lon="114.3247924567"><ele>72.000</ele></trkpt>
      <trkpt lat="22.3858610819" lon="114.3248057066"><ele>72.000</ele></trkpt>
      <trkpt lat="22.3858663276" lon="114.3248197137"><ele>72.000</ele></trkpt>
      <trkpt lat="22.3858699001" lon="114.3248343979"><ele>72.000</ele></trkpt>
      <trkpt lat="22.3858730707" lon="114.3248492371"><ele>72.000</ele></trkpt>
      <trkpt lat="22.3858759016" lon="114.3248642069"><ele>73.000</ele></trkpt>
      <trkpt lat="22.3858784344" lon="114.3248792920"><ele>73.000</ele></trkpt>
      <trkpt lat="22.3858807097" lon="114.3248944769"><ele>73.000</ele></trkpt>
      <trkpt lat="22.3858827701" lon="114.3249097441"><ele>73.000</ele></trkpt>
      <trkpt lat="22.3858846570" lon="114.3249250781"><ele>73.000</ele></trkpt>
      <trkpt lat="22.3858864119" lon="114.3249404643"><ele>73.000</ele></trkpt>
      <trkpt lat="22.3858880775" lon="114.3249558855"><ele>74.000</ele></trkpt>
      <trkpt lat="22.3858896943" lon="114.3249713250"><ele>74.000</ele></trkpt>
      <trkpt lat="22.3858913038" lon="114.3249867694"><ele>74.000</ele></trkpt>
      <trkpt lat="22.3858929495" lon="114.3250022003"><ele>74.000</ele></trkpt>
      <trkpt lat="22.3858946710" lon="114.3250176021"><ele>74.000</ele></trkpt>
      <trkpt lat="22.3858965109" lon="114.3250329603"><ele>74.000</ele></trkpt>
      <trkpt lat="22.3858985107" lon="114.3250482575"><ele>74.000</ele></trkpt>
      <trkpt lat="22.3859006270" lon="114.3250635073"><ele>73.000</ele></trkpt>
      <trkpt lat="22.3859026476" lon="114.3250787831"><ele>73.000</ele></trkpt>
      <trkpt lat="22.3859045788" lon="114.3250940832"><ele>73.000</ele></trkpt>
      <trkpt lat="22.3859064413" lon="114.3251094035"><ele>73.000</ele></trkpt>
      <trkpt lat="22.3859082541" lon="114.3251247365"><ele>73.000</ele></trkpt>
      <trkpt lat="22.3859100389" lon="114.3251400781"><ele>73.000</ele></trkpt>
      <trkpt lat="22.3859118156" lon="114.3251554217"><ele>73.000</ele></trkpt>
      <trkpt lat="22.3859136058" lon="114.3251707624"><ele>73.000</ele></trkpt>
      <trkpt lat="22.3859154294" lon="114.3251860934"><ele>73.000</ele></trkpt>
      <trkpt lat="22.3859173073" lon="114.3252014109"><ele>72.000</ele></trkpt>
      <trkpt lat="22.3859192592" lon="114.3252167071"><ele>74.000</ele></trkpt>
      <trkpt lat="22.3859213068" lon="114.3252319782"><ele>74.000</ele></trkpt>
      <trkpt lat="22.3859234701" lon="114.3252472173"><ele>74.000</ele></trkpt>
      <trkpt lat="22.3859257698" lon="114.3252624197"><ele>74.000</ele></trkpt>
      <trkpt lat="22.3859282266" lon="114.3252775785"><ele>74.000</ele></trkpt>
      <trkpt lat="22.3859308605" lon="114.3252926890"><ele>74.000</ele></trkpt>
      <trkpt lat="22.3859336931" lon="114.3253077453"><ele>72.000</ele></trkpt>
      <trkpt lat="22.3859367443" lon="114.3253227426"><ele>72.000</ele></trkpt>
      <trkpt lat="22.3859400402" lon="114.3253376722"><ele>72.000</ele></trkpt>
      <trkpt lat="22.3859438827" lon="114.3253524722"><ele>70.000</ele></trkpt>
      <trkpt lat="22.3859483547" lon="114.3253671254"><ele>70.000</ele></trkpt>
      <trkpt lat="22.3859533433" lon="114.3253816567"><ele>70.000</ele></trkpt>
      <trkpt lat="22.3859587393" lon="114.3253960894"><ele>68.000</ele></trkpt>
      <trkpt lat="22.3859644307" lon="114.3254104467"><ele>72.000</ele></trkpt>
      <trkpt lat="22.3859703064" lon="114.3254247536"><ele>72.000</ele></trkpt>
      <trkpt lat="22.3859762543" lon="114.3254390345"><ele>72.000</ele></trkpt>
      <trkpt lat="22.3859821652" lon="114.3254533124"><ele>69.000</ele></trkpt>
      <trkpt lat="22.3859879261" lon="114.3254676105"><ele>69.000</ele></trkpt>
      <trkpt lat="22.3859934279" lon="114.3254819549"><ele>69.000</ele></trkpt>
      <trkpt lat="22.3859985566" lon="114.3254963680"><ele>68.000</ele></trkpt>
      <trkpt lat="22.3860032039" lon="114.3255108746"><ele>68.000</ele></trkpt>
      <trkpt lat="22.3860072569" lon="114.3255254982"><ele>68.000</ele></trkpt>
      <trkpt lat="22.3860106054" lon="114.3255402628"><ele>72.000</ele></trkpt>
      <trkpt lat="22.3860131365" lon="114.3255551925"><ele>72.000</ele></trkpt>
      <trkpt lat="22.3860149702" lon="114.3255702595"><ele>72.000</ele></trkpt>
      <trkpt lat="22.3860164256" lon="114.3255853920"><ele>72.000</ele></trkpt>
      <trkpt lat="22.3860175377" lon="114.3256005844"><ele>72.000</ele></trkpt>
      <trkpt lat="22.3860183355" lon="114.3256158318"><ele>72.000</ele></trkpt>
      <trkpt lat="22.3860188498" lon="114.3256311294"><ele>72.000</ele></trkpt>
      <trkpt lat="22.3860191093" lon="114.3256464723"><ele>72.000</ele></trkpt>
      <trkpt lat="22.3860191439" lon="114.3256618559"><ele>72.000</ele></trkpt>
      <trkpt lat="22.3860189852" lon="114.3256772751"><ele>72.000</ele></trkpt>
      <trkpt lat="22.3860186612" lon="114.3256927262"><ele>71.000</ele></trkpt>
      <trkpt lat="22.3860182027" lon="114.3257082034"><ele>71.000</ele></trkpt>
      <trkpt lat="22.3860176394" lon="114.3257237028"><ele>71.000</ele></trkpt>
      <trkpt lat="22.3860170011" lon="114.3257392176"><ele>70.000</ele></trkpt>
      <trkpt lat="22.3860163176" lon="114.3257547460"><ele>70.000</ele></trkpt>
      <trkpt lat="22.3860156188" lon="114.3257702802"><ele>70.000</ele></trkpt>
      <trkpt lat="22.3860149345" lon="114.3257858183"><ele>70.000</ele></trkpt>
      <trkpt lat="22.3860142952" lon="114.3258013526"><ele>70.000</ele></trkpt>
      <trkpt lat="22.3860137301" lon="114.3258168811"><ele>70.000</ele></trkpt>
      <trkpt lat="22.3860132697" lon="114.3258323972"><ele>68.000</ele></trkpt>
      <trkpt lat="22.3860129429" lon="114.3258478968"><ele>68.000</ele></trkpt>
      <trkpt lat="22.3860127806" lon="114.3258633743"><ele>68.000</ele></trkpt>
      <trkpt lat="22.3860128115" lon="114.3258788267"><ele>66.000</ele></trkpt>
      <trkpt lat="22.3860130673" lon="114.3258942474"><ele>66.000</ele></trkpt>
      <trkpt lat="22.3860134116" lon="114.3259096623"><ele>66.000</ele></trkpt>
      <trkpt lat="22.3860137089" lon="114.3259250966"><ele>66.000</ele></trkpt>
      <trkpt lat="22.3860139674" lon="114.3259405464"><ele>66.000</ele></trkpt>
      <trkpt lat="22.3860141916" lon="114.3259560126"><ele>66.000</ele></trkpt>
      <trkpt lat="22.3860143895" lon="114.3259714905"><ele>66.000</ele></trkpt>
      <trkpt lat="22.3860145667" lon="114.3259869790"><ele>66.000</ele></trkpt>
      <trkpt lat="22.3860147303" lon="114.3260024773"><ele>66.000</ele></trkpt>
      <trkpt lat="22.3860148867" lon="114.3260179813"><ele>66.000</ele></trkpt>
      <trkpt lat="22.3860150412" lon="114.3260334912"><ele>68.000</ele></trkpt>
      <trkpt lat="22.3860152021" lon="114.3260490040"><ele>68.000</ele></trkpt>
      <trkpt lat="22.3860153747" lon="114.3260645168"><ele>68.000</ele></trkpt>
      <trkpt lat="22.3860155654" lon="114.3260800296"><ele>68.000</ele></trkpt>
      <trkpt lat="22.3860157814" lon="114.3260955386"><ele>68.000</ele></trkpt>
      <trkpt lat="22.3860160290" lon="114.3261110437"><ele>68.000</ele></trkpt>
      <trkpt lat="22.3860163136" lon="114.3261265411"><ele>68.000</ele></trkpt>
      <trkpt lat="22.3860166433" lon="114.3261420298"><ele>68.000</ele></trkpt>
      <trkpt lat="22.3860170237" lon="114.3261575069"><ele>68.000</ele></trkpt>
      <trkpt lat="22.3860174609" lon="114.3261729724"><ele>66.000</ele></trkpt>
      <trkpt lat="22.3860179623" lon="114.3261884224"><ele>66.000</ele></trkpt>
      <trkpt lat="22.3860185332" lon="114.3262038550"><ele>66.000</ele></trkpt>
      <trkpt lat="22.3860191819" lon="114.3262192693"><ele>66.000</ele></trkpt>
      <trkpt lat="22.3860199127" lon="114.3262346633"><ele>66.000</ele></trkpt>
      <trkpt lat="22.3860207338" lon="114.3262500340"><ele>66.000</ele></trkpt>
      <trkpt lat="22.3860216506" lon="114.3262653806"><ele>66.000</ele></trkpt>
      <trkpt lat="22.3860226705" lon="114.3262807001"><ele>64.000</ele></trkpt>
      <trkpt lat="22.3860237987" lon="114.3262959916"><ele>64.000</ele></trkpt>
      <trkpt lat="22.3860250435" lon="114.3263112521"><ele>64.000</ele></trkpt>
      <trkpt lat="22.3860264093" lon="114.3263264797"><ele>62.000</ele></trkpt>
      <trkpt lat="22.3860279042" lon="114.3263416725"><ele>62.000</ele></trkpt>
      <trkpt lat="22.3860295328" lon="114.3263568295"><ele>62.000</ele></trkpt>
      <trkpt lat="22.3860313042" lon="114.3263719478"><ele>61.000</ele></trkpt>
      <trkpt lat="22.3860332228" lon="114.3263870255"><ele>61.000</ele></trkpt>
      <trkpt lat="22.3860356598" lon="114.3264020115"><ele>61.000</ele></trkpt>
      <trkpt lat="22.3860390398" lon="114.3264168364"><ele>60.000</ele></trkpt>
      <trkpt lat="22.3860432624" lon="114.3264315009"><ele>60.000</ele></trkpt>
      <trkpt lat="22.3860482275" lon="114.3264460051"><ele>60.000</ele></trkpt>
      <trkpt lat="22.3860538339" lon="114.3264603468"><ele>64.000</ele></trkpt>
      <trkpt lat="22.3860599805" lon="114.3264745269"><ele>63.000</ele></trkpt>
      <trkpt lat="22.3860665652" lon="114.3264885443"><ele>63.000</ele></trkpt>
      <trkpt lat="22.3860734878" lon="114.3265024000"><ele>63.000</ele></trkpt>
      <trkpt lat="22.3860806472" lon="114.3265160908"><ele>61.000</ele></trkpt>
      <trkpt lat="22.3860879412" lon="114.3265296196"><ele>61.000</ele></trkpt>
      <trkpt lat="22.3860952698" lon="114.3265429833"><ele>61.000</ele></trkpt>
      <trkpt lat="22.3861025813" lon="114.3265561626"><ele>64.000</ele></trkpt>
      <trkpt lat="22.3861110611" lon="114.3265686672"><ele>62.000</ele></trkpt>
      <trkpt lat="22.3861208817" lon="114.3265804605"><ele>62.000</ele></trkpt>
      <trkpt lat="22.3861315480" lon="114.3265917818"><ele>62.000</ele></trkpt>
      <trkpt lat="22.3861425658" lon="114.3266028676"><ele>62.000</ele></trkpt>
      <trkpt lat="22.3861534400" lon="114.3266139561"><ele>63.000</ele></trkpt>
      <trkpt lat="22.3861636755" lon="114.3266252847"><ele>63.000</ele></trkpt>
      <trkpt lat="22.3861727763" lon="114.3266370928"><ele>63.000</ele></trkpt>
      <trkpt lat="22.3861802492" lon="114.3266496167"><ele>63.000</ele></trkpt>
      <trkpt lat="22.3861855981" lon="114.3266630949"><ele>61.000</ele></trkpt>
      <trkpt lat="22.3861889333" lon="114.3266774769"><ele>64.000</ele></trkpt>
      <trkpt lat="22.3861916352" lon="114.3266921107"><ele>64.000</ele></trkpt>
      <trkpt lat="22.3861938367" lon="114.3267069382"><ele>64.000</ele></trkpt>
      <trkpt lat="22.3861955864" lon="114.3267219429"><ele>64.000</ele></trkpt>
      <trkpt lat="22.3861969351" lon="114.3267371045"><ele>64.000</ele></trkpt>
      <trkpt lat="22.3861979332" lon="114.3267524075"><ele>64.000</ele></trkpt>
      <trkpt lat="22.3861986314" lon="114.3267678306"><ele>63.000</ele></trkpt>
      <trkpt lat="22.3861990785" lon="114.3267833583"><ele>63.000</ele></trkpt>
      <trkpt lat="22.3861993259" lon="114.3267989712"><ele>63.000</ele></trkpt>
      <trkpt lat="22.3861994242" lon="114.3268146520"><ele>62.000</ele></trkpt>
      <trkpt lat="22.3861994223" lon="114.3268303812"><ele>62.000</ele></trkpt>
      <trkpt lat="22.3861993707" lon="114.3268461423"><ele>62.000</ele></trkpt>
      <trkpt lat="22.3861993208" lon="114.3268619152"><ele>62.000</ele></trkpt>
      <trkpt lat="22.3861993224" lon="114.3268776832"><ele>62.000</ele></trkpt>
      <trkpt lat="22.3861994252" lon="114.3268934271"><ele>62.000</ele></trkpt>
      <trkpt lat="22.3861996798" lon="114.3269091303"><ele>62.000</ele></trkpt>
      <trkpt lat="22.3862001366" lon="114.3269247726"><ele>62.000</ele></trkpt>
      <trkpt lat="22.3862008455" lon="114.3269403374"><ele>62.000</ele></trkpt>
      <trkpt lat="22.3862018571" lon="114.3269558065"><ele>62.000</ele></trkpt>
      <trkpt lat="22.3862032209" lon="114.3269711614"><ele>62.000</ele></trkpt>
      <trkpt lat="22.3862049885" lon="114.3269863826"><ele>62.000</ele></trkpt>
      <trkpt lat="22.3862072086" lon="114.3270014539"><ele>60.000</ele></trkpt>
      <trkpt lat="22.3862099328" lon="114.3270163567"><ele>60.000</ele></trkpt>
      <trkpt lat="22.3862132884" lon="114.3270311039"><ele>60.000</ele></trkpt>
      <trkpt lat="22.3862173142" lon="114.3270457178"><ele>60.000</ele></trkpt>
      <trkpt lat="22.3862219532" lon="114.3270601983"><ele>60.000</ele></trkpt>
      <trkpt lat="22.3862271487" lon="114.3270745445"><ele>60.000</ele></trkpt>
      <trkpt lat="22.3862328437" lon="114.3270887571"><ele>60.000</ele></trkpt>
      <trkpt lat="22.3862389822" lon="114.3271028353"><ele>60.000</ele></trkpt>
      <trkpt lat="22.3862455055" lon="114.3271167799"><ele>60.000</ele></trkpt>
      <trkpt lat="22.3862523586" lon="114.3271305909"><ele>60.000</ele></trkpt>
      <trkpt lat="22.3862594827" lon="114.3271442681"><ele>59.000</ele></trkpt>
      <trkpt lat="22.3862668227" lon="114.3271578106"><ele>59.000</ele></trkpt>
      <trkpt lat="22.3862743200" lon="114.3271712202"><ele>59.000</ele></trkpt>
      <trkpt lat="22.3862819195" lon="114.3271844950"><ele>62.000</ele></trkpt>
      <trkpt lat="22.3862895624" lon="114.3271976358"><ele>60.000</ele></trkpt>
      <trkpt lat="22.3862972028" lon="114.3272106474"><ele>60.000</ele></trkpt>
      <trkpt lat="22.3862990980" lon="114.3272138287"><ele>60.000</ele></trkpt>
      <trkpt lat="22.3863049118" lon="114.3272235844"><ele>60.000</ele></trkpt>
      <trkpt lat="22.3863127112" lon="114.3272364642"><ele>60.000</ele></trkpt>
      <trkpt lat="22.3863205983" lon="114.3272492906"><ele>60.000</ele></trkpt>
      <trkpt lat="22.3863285675" lon="114.3272620657"><ele>62.000</ele></trkpt>
      <trkpt lat="22.3863366136" lon="114.3272747923"><ele>62.000</ele></trkpt>
      <trkpt lat="22.3863447320" lon="114.3272874733"><ele>60.000</ele></trkpt>
      <trkpt lat="22.3863529181" lon="114.3273001127"><ele>60.000</ele></trkpt>
      <trkpt lat="22.3863611666" lon="114.3273127123"><ele>60.000</ele></trkpt>
      <trkpt lat="22.3863694720" lon="114.3273252760"><ele>62.000</ele></trkpt>
      <trkpt lat="22.3863778307" lon="114.3273378049"><ele>61.000</ele></trkpt>
      <trkpt lat="22.3863862373" lon="114.3273503037"><ele>61.000</ele></trkpt>
      <trkpt lat="22.3863946873" lon="114.3273627744"><ele>61.000</ele></trkpt>
      <trkpt lat="22.3864031743" lon="114.3273752208"><ele>61.000</ele></trkpt>
      <trkpt lat="22.3864116957" lon="114.3273876450"><ele>60.000</ele></trkpt>
      <trkpt lat="22.3864202450" lon="114.3274000488"><ele>62.000</ele></trkpt>
      <trkpt lat="22.3864288179" lon="114.3274124371"><ele>62.000</ele></trkpt>
      <trkpt lat="22.3864374097" lon="114.3274248128"><ele>62.000</ele></trkpt>
      <trkpt lat="22.3864460151" lon="114.3274371768"><ele>61.000</ele></trkpt>
      <trkpt lat="22.3864546286" lon="114.3274495341"><ele>61.000</ele></trkpt>
      <trkpt lat="22.3864632476" lon="114.3274618855"><ele>63.000</ele></trkpt>
      <trkpt lat="22.3864718647" lon="114.3274742360"><ele>63.000</ele></trkpt>
      <trkpt lat="22.3864804764" lon="114.3274865874"><ele>62.000</ele></trkpt>
      <trkpt lat="22.3864890773" lon="114.3274989427"><ele>62.000</ele></trkpt>
      <trkpt lat="22.3864976628" lon="114.3275113048"><ele>62.000</ele></trkpt>
      <trkpt lat="22.3865062285" lon="114.3275236766"><ele>64.000</ele></trkpt>
      <trkpt lat="22.3865147688" lon="114.3275360610"><ele>63.000</ele></trkpt>
      <trkpt lat="22.3865233489" lon="114.3275484503"><ele>63.000</ele></trkpt>
      <trkpt lat="22.3865323535" lon="114.3275607837"><ele>63.000</ele></trkpt>
      <trkpt lat="22.3865417491" lon="114.3275730573"><ele>63.000</ele></trkpt>
      <trkpt lat="22.3865514292" lon="114.3275852808"><ele>64.000</ele></trkpt>
      <trkpt lat="22.3865612873" lon="114.3275974627"><ele>64.000</ele></trkpt>
      <trkpt lat="22.3865712150" lon="114.3276096106"><ele>64.000</ele></trkpt>
      <trkpt lat="22.3865811047" lon="114.3276217333"><ele>64.000</ele></trkpt>
      <trkpt lat="22.3865908509" lon="114.3276338393"><ele>61.000</ele></trkpt>
      <trkpt lat="22.3866003442" lon="114.3276459364"><ele>65.000</ele></trkpt>
      <trkpt lat="22.3866094790" lon="114.3276580349"><ele>65.000</ele></trkpt>
      <trkpt lat="22.3866181469" lon="114.3276701418"><ele>65.000</ele></trkpt>
      <trkpt lat="22.3866262414" lon="114.3276822654"><ele>63.000</ele></trkpt>
      <trkpt lat="22.3866336549" lon="114.3276944146"><ele>63.000</ele></trkpt>
      <trkpt lat="22.3866402792" lon="114.3277065988"><ele>66.000</ele></trkpt>
      <trkpt lat="22.3866458965" lon="114.3277188403"><ele>66.000</ele></trkpt>
      <trkpt lat="22.3866436411" lon="114.3277319044"><ele>63.000</ele></trkpt>
      <trkpt lat="22.3866333710" lon="114.3277452017"><ele>61.000</ele></trkpt>
      <trkpt lat="22.3866312072" lon="114.3277472367"><ele>61.000</ele></trkpt>
      <trkpt lat="22.3866205011" lon="114.3277573115"><ele>61.000</ele></trkpt>
      <trkpt lat="22.3866089306" lon="114.3277667601"><ele>61.000</ele></trkpt>
      <trkpt lat="22.3865955864" lon="114.3277733741"><ele>60.000</ele></trkpt>
      <trkpt lat="22.3865816622" lon="114.3277792583"><ele>58.000</ele></trkpt>
      <trkpt lat="22.3865691426" lon="114.3277866627"><ele>58.000</ele></trkpt>
      <trkpt lat="22.3865596108" lon="114.3277974632"><ele>58.000</ele></trkpt>
      <trkpt lat="22.3865506249" lon="114.3278095685"><ele>58.000</ele></trkpt>
      <trkpt lat="22.3865415439" lon="114.3278221514"><ele>61.000</ele></trkpt>
      <trkpt lat="22.3865325789" lon="114.3278351481"><ele>61.000</ele></trkpt>
      <trkpt lat="22.3865239432" lon="114.3278484889"><ele>61.000</ele></trkpt>
      <trkpt lat="22.3865158509" lon="114.3278621070"><ele>61.000</ele></trkpt>
      <trkpt lat="22.3865085134" lon="114.3278759367"><ele>64.000</ele></trkpt>
      <trkpt lat="22.3865021447" lon="114.3278899102"><ele>64.000</ele></trkpt>
      <trkpt lat="22.3864969571" lon="114.3279039597"><ele>64.000</ele></trkpt>
      <trkpt lat="22.3864931638" lon="114.3279180194"><ele>64.000</ele></trkpt>
      <trkpt lat="22.3864911378" lon="114.3279320607"><ele>64.000</ele></trkpt>
      <trkpt lat="22.3864923967" lon="114.3279464221"><ele>64.000</ele></trkpt>
      <trkpt lat="22.3864964982" lon="114.3279611099"><ele>64.000</ele></trkpt>
      <trkpt lat="22.3865024760" lon="114.3279760202"><ele>64.000</ele></trkpt>
      <trkpt lat="22.3865093649" lon="114.3279910470"><ele>65.000</ele></trkpt>
      <trkpt lat="22.3865161969" lon="114.3280060854"><ele>65.000</ele></trkpt>
      <trkpt lat="22.3865220067" lon="114.3280210305"><ele>66.000</ele></trkpt>
      <trkpt lat="22.3865258272" lon="114.3280357763"><ele>66.000</ele></trkpt>
      <trkpt lat="22.3865266942" lon="114.3280502188"><ele>66.000</ele></trkpt>
      <trkpt lat="22.3865246679" lon="114.3280645941"><ele>66.000</ele></trkpt>
      <trkpt lat="22.3865206646" lon="114.3280790926"><ele>66.000</ele></trkpt>
      <trkpt lat="22.3865150152" lon="114.3280935436"><ele>66.000</ele></trkpt>
      <trkpt lat="22.3865080502" lon="114.3281077786"><ele>66.000</ele></trkpt>
      <trkpt lat="22.3865001013" lon="114.3281216280"><ele>67.000</ele></trkpt>
      <trkpt lat="22.3864915008" lon="114.3281349222"><ele>67.000</ele></trkpt>
      <trkpt lat="22.3864825787" lon="114.3281474926"><ele>67.000</ele></trkpt>
      <trkpt lat="22.3864735255" lon="114.3281591200"><ele>67.000</ele></trkpt>
      <trkpt lat="22.3864632005" lon="114.3281693059"><ele>68.000</ele></trkpt>
      <trkpt lat="22.3864516619" lon="114.3281783457"><ele>67.000</ele></trkpt>
      <trkpt lat="22.3864393924" lon="114.3281867214"><ele>67.000</ele></trkpt>
      <trkpt lat="22.3864268739" lon="114.3281949142"><ele>67.000</ele></trkpt>
      <trkpt lat="22.3864145872" lon="114.3282034065"><ele>67.000</ele></trkpt>
      <trkpt lat="22.3864030159" lon="114.3282126811"><ele>67.000</ele></trkpt>
      <trkpt lat="22.3863924929" lon="114.3282230679"><ele>67.000</ele></trkpt>
      <trkpt lat="22.3863823379" lon="114.3282338696"><ele>67.000</ele></trkpt>
      <trkpt lat="22.3863723687" lon="114.3282448910"><ele>67.000</ele></trkpt>
      <trkpt lat="22.3863625556" lon="114.3282561010"><ele>65.000</ele></trkpt>
      <trkpt lat="22.3863528706" lon="114.3282674635"><ele>66.000</ele></trkpt>
      <trkpt lat="22.3863432857" lon="114.3282789456"><ele>66.000</ele></trkpt>
      <trkpt lat="22.3863337712" lon="114.3282905123"><ele>66.000</ele></trkpt>
      <trkpt lat="22.3863286550" lon="114.3282967875"><ele>66.000</ele></trkpt>
      <trkpt lat="22.3863140247" lon="114.3282899646"><ele>66.000</ele></trkpt>
      <trkpt lat="22.3863123529" lon="114.3282844889"><ele>66.000</ele></trkpt>
      <trkpt lat="22.3863079427" lon="114.3282697561"><ele>66.000</ele></trkpt>
      <trkpt lat="22.3863035848" lon="114.3282549962"><ele>64.000</ele></trkpt>
      <trkpt lat="22.3862992541" lon="114.3282402217"><ele>64.000</ele></trkpt>
      <trkpt lat="22.3862949251" lon="114.3282254462"><ele>64.000</ele></trkpt>
      <trkpt lat="22.3862905736" lon="114.3282106824"><ele>64.000</ele></trkpt>
      <trkpt lat="22.3862861760" lon="114.3281959438"><ele>62.000</ele></trkpt>
      <trkpt lat="22.3862817052" lon="114.3281812439"><ele>62.000</ele></trkpt>
      <trkpt lat="22.3862771386" lon="114.3281665945"><ele>64.000</ele></trkpt>
      <trkpt lat="22.3862724510" lon="114.3281520099"><ele>64.000</ele></trkpt>
      <trkpt lat="22.3862676170" lon="114.3281375039"><ele>64.000</ele></trkpt>
      <trkpt lat="22.3862626122" lon="114.3281230880"><ele>64.000</ele></trkpt>
      <trkpt lat="22.3862574114" lon="114.3281087758"><ele>64.000</ele></trkpt>
      <trkpt lat="22.3862519910" lon="114.3280945808"><ele>64.000</ele></trkpt>
      <trkpt lat="22.3862463258" lon="114.3280805167"><ele>64.000</ele></trkpt>
      <trkpt lat="22.3862403913" lon="114.3280665960"><ele>64.000</ele></trkpt>
      <trkpt lat="22.3862341886" lon="114.3280527741"><ele>63.000</ele></trkpt>
      <trkpt lat="22.3862279121" lon="114.3280386073"><ele>65.000</ele></trkpt>
      <trkpt lat="22.3862215826" lon="114.3280240861"><ele>65.000</ele></trkpt>
      <trkpt lat="22.3862151721" lon="114.3280093123"><ele>64.000</ele></trkpt>
      <trkpt lat="22.3862086489" lon="114.3279943908"><ele>64.000</ele></trkpt>
      <trkpt lat="22.3862019857" lon="114.3279794264"><ele>64.000</ele></trkpt>
      <trkpt lat="22.3861951509" lon="114.3279645210"><ele>61.000</ele></trkpt>
      <trkpt lat="22.3861881164" lon="114.3279497805"><ele>61.000</ele></trkpt>
      <trkpt lat="22.3861808522" lon="114.3279353078"><ele>65.000</ele></trkpt>
      <trkpt lat="22.3861733276" lon="114.3279212077"><ele>65.000</ele></trkpt>
      <trkpt lat="22.3861655154" lon="114.3279075831"><ele>62.000</ele></trkpt>
      <trkpt lat="22.3861573839" lon="114.3278945389"><ele>62.000</ele></trkpt>
      <trkpt lat="22.3861489050" lon="114.3278821779"><ele>62.000</ele></trkpt>
      <trkpt lat="22.3861400487" lon="114.3278706059"><ele>64.000</ele></trkpt>
      <trkpt lat="22.3861307844" lon="114.3278599250"><ele>61.000</ele></trkpt>
      <trkpt lat="22.3861210847" lon="114.3278502399"><ele>61.000</ele></trkpt>
      <trkpt lat="22.3861109181" lon="114.3278416554"><ele>61.000</ele></trkpt>
      <trkpt lat="22.3861002527" lon="114.3278342775"><ele>61.000</ele></trkpt>
      <trkpt lat="22.3860888463" lon="114.3278284641"><ele>62.000</ele></trkpt>
      <trkpt lat="22.3860766229" lon="114.3278242686"><ele>62.000</ele></trkpt>
      <trkpt lat="22.3860636731" lon="114.3278215133"><ele>62.000</ele></trkpt>
      <trkpt lat="22.3860500872" lon="114.3278200139"><ele>60.000</ele></trkpt>
      <trkpt lat="22.3860359585" lon="114.3278195927"><ele>60.000</ele></trkpt>
      <trkpt lat="22.3860213765" lon="114.3278200674"><ele>60.000</ele></trkpt>
      <trkpt lat="22.3860064335" lon="114.3278212583"><ele>63.000</ele></trkpt>
      <trkpt lat="22.3859912209" lon="114.3278229839"><ele>63.000</ele></trkpt>
      <trkpt lat="22.3859758283" lon="114.3278250629"><ele>63.000</ele></trkpt>
      <trkpt lat="22.3859603488" lon="114.3278273165"><ele>63.000</ele></trkpt>
      <trkpt lat="22.3859448730" lon="114.3278295623"><ele>63.000</ele></trkpt>
      <trkpt lat="22.3859294921" lon="114.3278316199"><ele>63.000</ele></trkpt>
      <trkpt lat="22.3859142967" lon="114.3278333087"><ele>63.000</ele></trkpt>
      <trkpt lat="22.3858993791" lon="114.3278344491"><ele>63.000</ele></trkpt>
      <trkpt lat="22.3858848306" lon="114.3278348587"><ele>63.000</ele></trkpt>
      <trkpt lat="22.3858831172" lon="114.3278322544"><ele>63.000</ele></trkpt>
      <trkpt lat="22.3858732145" lon="114.3278002019"><ele>60.000</ele></trkpt>
      <trkpt lat="22.3858523869" lon="114.3277639367"><ele>61.000</ele></trkpt>
      <trkpt lat="22.3858406168" lon="114.3277550340"><ele>61.000</ele></trkpt>
      <trkpt lat="22.3858289977" lon="114.3277458032"><ele>61.000</ele></trkpt>
      <trkpt lat="22.3858172185" lon="114.3277369209"><ele>63.000</ele></trkpt>
      <trkpt lat="22.3858049669" lon="114.3277290645"><ele>63.000</ele></trkpt>
      <trkpt lat="22.3857919146" lon="114.3277228133"><ele>62.000</ele></trkpt>
      <trkpt lat="22.3857779454" lon="114.3277179041"><ele>64.000</ele></trkpt>
      <trkpt lat="22.3857633930" lon="114.3277138460"><ele>64.000</ele></trkpt>
      <trkpt lat="22.3857486279" lon="114.3277101779"><ele>64.000</ele></trkpt>
      <trkpt lat="22.3857340191" lon="114.3277064381"><ele>65.000</ele></trkpt>
      <trkpt lat="22.3857199374" lon="114.3277021649"><ele>65.000</ele></trkpt>
      <trkpt lat="22.3857067523" lon="114.3276968963"><ele>65.000</ele></trkpt>
      <trkpt lat="22.3856948338" lon="114.3276901715"><ele>65.000</ele></trkpt>
      <trkpt lat="22.3856846022" lon="114.3276814851"><ele>66.000</ele></trkpt>
      <trkpt lat="22.3856770409" lon="114.3276699350"><ele>71.000</ele></trkpt>
      <trkpt lat="22.3856717278" lon="114.3276559811"><ele>71.000</ele></trkpt>
      <trkpt lat="22.3856677751" lon="114.3276405040"><ele>71.000</ele></trkpt>
      <trkpt lat="22.3856642926" lon="114.3276243818"><ele>74.000</ele></trkpt>
      <trkpt lat="22.3856603927" lon="114.3276084960"><ele>74.000</ele></trkpt>
      <trkpt lat="22.3856551868" lon="114.3275937255"><ele>74.000</ele></trkpt>
      <trkpt lat="22.3856490584" lon="114.3275795842"><ele>74.000</ele></trkpt>
      <trkpt lat="22.3856431480" lon="114.3275648887"><ele>71.000</ele></trkpt>
      <trkpt lat="22.3856372054" lon="114.3275500165"><ele>71.000</ele></trkpt>
      <trkpt lat="22.3856309736" lon="114.3275353527"><ele>71.000</ele></trkpt>
      <trkpt lat="22.3856241957" lon="114.3275212806"><ele>68.000</ele></trkpt>
      <trkpt lat="22.3856166142" lon="114.3275081846"><ele>68.000</ele></trkpt>
      <trkpt lat="22.3856079730" lon="114.3274964489"><ele>68.000</ele></trkpt>
      <trkpt lat="22.3855980153" lon="114.3274864586"><ele>70.000</ele></trkpt>
      <trkpt lat="22.3855868380" lon="114.3274780586"><ele>68.000</ele></trkpt>
      <trkpt lat="22.3855750251" lon="114.3274703785"><ele>68.000</ele></trkpt>
      <trkpt lat="22.3855626653" lon="114.3274633280"><ele>68.000</ele></trkpt>
      <trkpt lat="22.3855498318" lon="114.3274568382"><ele>69.000</ele></trkpt>
      <trkpt lat="22.3855365987" lon="114.3274508384"><ele>69.000</ele></trkpt>
      <trkpt lat="22.3855230382" lon="114.3274452596"><ele>69.000</ele></trkpt>
      <trkpt lat="22.3855092264" lon="114.3274400322"><ele>70.000</ele></trkpt>
      <trkpt lat="22.3854952356" lon="114.3274350851"><ele>70.000</ele></trkpt>
      <trkpt lat="22.3854811398" lon="114.3274303506"><ele>68.000</ele></trkpt>
      <trkpt lat="22.3854670140" lon="114.3274257569"><ele>68.000</ele></trkpt>
      <trkpt lat="22.3854529306" lon="114.3274212361"><ele>70.000</ele></trkpt>
      <trkpt lat="22.3854389647" lon="114.3274167173"><ele>70.000</ele></trkpt>
      <trkpt lat="22.3854251893" lon="114.3274121317"><ele>70.000</ele></trkpt>
      <trkpt lat="22.3854115232" lon="114.3274075502"><ele>72.000</ele></trkpt>
      <trkpt lat="22.3853978154" lon="114.3274031045"><ele>72.000</ele></trkpt>
      <trkpt lat="22.3853840696" lon="114.3273987821"><ele>72.000</ele></trkpt>
      <trkpt lat="22.3853702894" lon="114.3273945695"><ele>75.000</ele></trkpt>
      <trkpt lat="22.3853564783" lon="114.3273904548"><ele>75.000</ele></trkpt>
      <trkpt lat="22.3853426420" lon="114.3273864256"><ele>75.000</ele></trkpt>
      <trkpt lat="22.3853287820" lon="114.3273824672"><ele>74.000</ele></trkpt>
      <trkpt lat="22.3853149049" lon="114.3273785691"><ele>74.000</ele></trkpt>
      <trkpt lat="22.3853010132" lon="114.3273747165"><ele>74.000</ele></trkpt>
      <trkpt lat="22.3852871107" lon="114.3273708980"><ele>74.000</ele></trkpt>
      <trkpt lat="22.3852732018" lon="114.3273670998"><ele>75.000</ele></trkpt>
      <trkpt lat="22.3852592912" lon="114.3273633103"><ele>75.000</ele></trkpt>
      <trkpt lat="22.3852453814" lon="114.3273595161"><ele>75.000</ele></trkpt>
      <trkpt lat="22.3852314771" lon="114.3273557043"><ele>75.000</ele></trkpt>
      <trkpt lat="22.3852175827" lon="114.3273518615"><ele>75.000</ele></trkpt>
      <trkpt lat="22.3852037011" lon="114.3273479759"><ele>75.000</ele></trkpt>
      <trkpt lat="22.3851898366" lon="114.3273440350"><ele>77.000</ele></trkpt>
      <trkpt lat="22.3851759938" lon="114.3273400243"><ele>77.000</ele></trkpt>
      <trkpt lat="22.3851621765" lon="114.3273359329"><ele>77.000</ele></trkpt>
      <trkpt lat="22.3851483881" lon="114.3273317465"><ele>74.000</ele></trkpt>
      <trkpt lat="22.3851346323" lon="114.3273274542"><ele>74.000</ele></trkpt>
      <trkpt lat="22.3851209146" lon="114.3273230406"><ele>74.000</ele></trkpt>
      <trkpt lat="22.3851073146" lon="114.3273182261"><ele>74.000</ele></trkpt>
      <trkpt lat="22.3850939366" lon="114.3273126466"><ele>74.000</ele></trkpt>
      <trkpt lat="22.3850807135" lon="114.3273065429"><ele>74.000</ele></trkpt>
      <trkpt lat="22.3850675746" lon="114.3273001665"><ele>74.000</ele></trkpt>
      <trkpt lat="22.3850544511" lon="114.3272937696"><ele>74.000</ele></trkpt>
      <trkpt lat="22.3850412705" lon="114.3272876029"><ele>74.000</ele></trkpt>
      <trkpt lat="22.3850279649" lon="114.3272819206"><ele>72.000</ele></trkpt>
      <trkpt lat="22.3850144616" lon="114.3272769722"><ele>72.000</ele></trkpt>
      <trkpt lat="22.3850006902" lon="114.3272729877"><ele>73.000</ele></trkpt>
      <trkpt lat="22.3849866200" lon="114.3272698827"><ele>73.000</ele></trkpt>
      <trkpt lat="22.3849723152" lon="114.3272674513"><ele>73.000</ele></trkpt>
      <trkpt lat="22.3849578511" lon="114.3272655053"><ele>73.000</ele></trkpt>
      <trkpt lat="22.3849433045" lon="114.3272638525"><ele>73.000</ele></trkpt>
      <trkpt lat="22.3849287496" lon="114.3272623036"><ele>73.000</ele></trkpt>
      <trkpt lat="22.3849142617" lon="114.3272606693"><ele>73.000</ele></trkpt>
      <trkpt lat="22.3848999176" lon="114.3272587593"><ele>73.000</ele></trkpt>
      <trkpt lat="22.3848857916" lon="114.3272563845"><ele>73.000</ele></trkpt>
      <trkpt lat="22.3848719588" lon="114.3272533536"><ele>74.000</ele></trkpt>
      <trkpt lat="22.3848584952" lon="114.3272494762"><ele>74.000</ele></trkpt>
      <trkpt lat="22.3848454599" lon="114.3272444681"><ele>74.000</ele></trkpt>
      <trkpt lat="22.3848328295" lon="114.3272369921"><ele>76.000</ele></trkpt>
      <trkpt lat="22.3848210332" lon="114.3272271028"><ele>74.000</ele></trkpt>
      <trkpt lat="22.3848106120" lon="114.3272153507"><ele>74.000</ele></trkpt>
      <trkpt lat="22.3848085777" lon="114.3272122266"><ele>74.000</ele></trkpt>
      <trkpt lat="22.3848021057" lon="114.3272022878"><ele>74.000</ele></trkpt>
      <trkpt lat="22.3847959832" lon="114.3271884641"><ele>74.000</ele></trkpt>
      <trkpt lat="22.3847909610" lon="114.3271743145"><ele>72.000</ele></trkpt>
      <trkpt lat="22.3847863372" lon="114.3271599254"><ele>75.000</ele></trkpt>
      <trkpt lat="22.3847820613" lon="114.3271453250"><ele>75.000</ele></trkpt>
      <trkpt lat="22.3847780844" lon="114.3271305423"><ele>74.000</ele></trkpt>
      <trkpt lat="22.3847743552" lon="114.3271156065"><ele>74.000</ele></trkpt>
      <trkpt lat="22.3847708238" lon="114.3271005476"><ele>74.000</ele></trkpt>
      <trkpt lat="22.3847674406" lon="114.3270853937"><ele>76.000</ele></trkpt>
      <trkpt lat="22.3847641550" lon="114.3270701739"><ele>76.000</ele></trkpt>
      <trkpt lat="22.3847609173" lon="114.3270549172"><ele>76.000</ele></trkpt>
      <trkpt lat="22.3847576777" lon="114.3270396527"><ele>76.000</ele></trkpt>
      <trkpt lat="22.3847543858" lon="114.3270244096"><ele>76.000</ele></trkpt>
      <trkpt lat="22.3847509918" lon="114.3270092158"><ele>76.000</ele></trkpt>
      <trkpt lat="22.3847474451" lon="114.3269941015"><ele>76.000</ele></trkpt>
      <trkpt lat="22.3847436951" lon="114.3269790948"><ele>74.000</ele></trkpt>
      <trkpt lat="22.3847396940" lon="114.3269642258"><ele>78.000</ele></trkpt>
      <trkpt lat="22.3847353892" lon="114.3269495234"><ele>78.000</ele></trkpt>
      <trkpt lat="22.3847307312" lon="114.3269350148"><ele>77.000</ele></trkpt>
      <trkpt lat="22.3847256711" lon="114.3269207311"><ele>77.000</ele></trkpt>
      <trkpt lat="22.3847201575" lon="114.3269067004"><ele>77.000</ele></trkpt>
      <trkpt lat="22.3847141415" lon="114.3268929516"><ele>77.000</ele></trkpt>
      <trkpt lat="22.3847075996" lon="114.3268794927"><ele>77.000</ele></trkpt>
      <trkpt lat="22.3847005708" lon="114.3268662993"><ele>77.000</ele></trkpt>
      <trkpt lat="22.3846931028" lon="114.3268533434"><ele>79.000</ele></trkpt>
      <trkpt lat="22.3846852437" lon="114.3268405997"><ele>78.000</ele></trkpt>
      <trkpt lat="22.3846770385" lon="114.3268280430"><ele>78.000</ele></trkpt>
      <trkpt lat="22.3846685360" lon="114.3268156472"><ele>78.000</ele></trkpt>
      <trkpt lat="22.3846597824" lon="114.3268033852"><ele>78.000</ele></trkpt>
      <trkpt lat="22.3846508254" lon="114.3267912326"><ele>78.000</ele></trkpt>
      <trkpt lat="22.3846417113" lon="114.3267791634"><ele>78.000</ele></trkpt>
      <trkpt lat="22.3846324878" lon="114.3267671504"><ele>78.000</ele></trkpt>
      <trkpt lat="22.3846232011" lon="114.3267551694"><ele>78.000</ele></trkpt>
      <trkpt lat="22.3846139000" lon="114.3267431933"><ele>77.000</ele></trkpt>
      <trkpt lat="22.3846046296" lon="114.3267311967"><ele>78.000</ele></trkpt>
      <trkpt lat="22.3845954377" lon="114.3267191537"><ele>78.000</ele></trkpt>
      <trkpt lat="22.3845863715" lon="114.3267070379"><ele>78.000</ele></trkpt>
      <trkpt lat="22.3845774787" lon="114.3266948243"><ele>78.000</ele></trkpt>
      <trkpt lat="22.3845688046" lon="114.3266824866"><ele>78.000</ele></trkpt>
      <trkpt lat="22.3845603980" lon="114.3266699987"><ele>80.000</ele></trkpt>
      <trkpt lat="22.3845523048" lon="114.3266573344"><ele>80.000</ele></trkpt>
      <trkpt lat="22.3845451311" lon="114.3266436155"><ele>80.000</ele></trkpt>
      <trkpt lat="22.3845403289" lon="114.3266267802"><ele>80.000</ele></trkpt>
      <trkpt lat="22.3845367242" lon="114.3266089159"><ele>80.000</ele></trkpt>
      <trkpt lat="22.3845329204" lon="114.3265924594"><ele>80.000</ele></trkpt>
      <trkpt lat="22.3845275219" lon="114.3265798436"><ele>80.000</ele></trkpt>
      <trkpt lat="22.3845191556" lon="114.3265734743"><ele>80.000</ele></trkpt>
      <trkpt lat="22.3845081540" lon="114.3265732926"><ele>80.000</ele></trkpt>
      <trkpt lat="22.3844955301" lon="114.3265773536"><ele>80.000</ele></trkpt>
      <trkpt lat="22.3844817504" lon="114.3265842003"><ele>80.000</ele></trkpt>
      <trkpt lat="22.3844672778" lon="114.3265923736"><ele>80.000</ele></trkpt>
      <trkpt lat="22.3844525786" lon="114.3266004166"><ele>80.000</ele></trkpt>
      <trkpt lat="22.3844381184" lon="114.3266068712"><ele>82.000</ele></trkpt>
      <trkpt lat="22.3844241555" lon="114.3266107297"><ele>82.000</ele></trkpt>
      <trkpt lat="22.3844100501" lon="114.3266133530"><ele>82.000</ele></trkpt>
      <trkpt lat="22.3843957784" lon="114.3266152875"><ele>82.000</ele></trkpt>
      <trkpt lat="22.3843814220" lon="114.3266168705"><ele>82.000</ele></trkpt>
      <trkpt lat="22.3843670648" lon="114.3266184438"><ele>82.000</ele></trkpt>
      <trkpt lat="22.3843527876" lon="114.3266203463"><ele>82.000</ele></trkpt>
      <trkpt lat="22.3843386751" lon="114.3266229171"><ele>82.000</ele></trkpt>
      <trkpt lat="22.3843248072" lon="114.3266264970"><ele>82.000</ele></trkpt>
      <trkpt lat="22.3843111497" lon="114.3266311599"><ele>82.000</ele></trkpt>
      <trkpt lat="22.3842975303" lon="114.3266365172"><ele>82.000</ele></trkpt>
      <trkpt lat="22.3842839448" lon="114.3266424309"><ele>82.000</ele></trkpt>
      <trkpt lat="22.3842703932" lon="114.3266487699"><ele>82.000</ele></trkpt>
      <trkpt lat="22.3842568765" lon="114.3266554032"><ele>83.000</ele></trkpt>
      <trkpt lat="22.3842433922" lon="114.3266621987"><ele>82.000</ele></trkpt>
      <trkpt lat="22.3842299412" lon="114.3266690253"><ele>82.000</ele></trkpt>
      <trkpt lat="22.3842165229" lon="114.3266757509"><ele>82.000</ele></trkpt>
      <trkpt lat="22.3842031373" lon="114.3266822445"><ele>82.000</ele></trkpt>
      <trkpt lat="22.3841897827" lon="114.3266883750"><ele>82.000</ele></trkpt>
      <trkpt lat="22.3841764611" lon="114.3266940102"><ele>82.000</ele></trkpt>
      <trkpt lat="22.3841631699" lon="114.3266990182"><ele>82.000</ele></trkpt>
      <trkpt lat="22.3841499101" lon="114.3267032698"><ele>82.000</ele></trkpt>
      <trkpt lat="22.3841366809" lon="114.3267066310"><ele>82.000</ele></trkpt>
      <trkpt lat="22.3841234825" lon="114.3267089716"><ele>82.000</ele></trkpt>
      <trkpt lat="22.3841103627" lon="114.3267093314"><ele>82.000</ele></trkpt>
      <trkpt lat="22.3840974443" lon="114.3267057228"><ele>82.000</ele></trkpt>
      <trkpt lat="22.3840846985" lon="114.3266989905"><ele>80.000</ele></trkpt>
      <trkpt lat="22.3840720875" lon="114.3266901522"><ele>80.000</ele></trkpt>
      <trkpt lat="22.3840595732" lon="114.3266802244"><ele>80.000</ele></trkpt>
      <trkpt lat="22.3840471149" lon="114.3266702268"><ele>80.000</ele></trkpt>
      <trkpt lat="22.3840346766" lon="114.3266611750"><ele>80.000</ele></trkpt>
      <trkpt lat="22.3840223420" lon="114.3266531245"><ele>80.000</ele></trkpt>
      <trkpt lat="22.3840103406" lon="114.3266442033"><ele>81.000</ele></trkpt>
      <trkpt lat="22.3839984904" lon="114.3266348978"><ele>81.000</ele></trkpt>
      <trkpt lat="22.3839865875" lon="114.3266258524"><ele>81.000</ele></trkpt>
      <trkpt lat="22.3839744265" lon="114.3266177078"><ele>84.000</ele></trkpt>
      <trkpt lat="22.3839618034" lon="114.3266111087"><ele>84.000</ele></trkpt>
      <trkpt lat="22.3839485049" lon="114.3266064791"><ele>84.000</ele></trkpt>
      <trkpt lat="22.3839344200" lon="114.3266025964"><ele>82.000</ele></trkpt>
      <trkpt lat="22.3839197909" lon="114.3265993744"><ele>82.000</ele></trkpt>
      <trkpt lat="22.3839049008" lon="114.3265970804"><ele>82.000</ele></trkpt>
      <trkpt lat="22.3838900340" lon="114.3265959827"><ele>82.000</ele></trkpt>
      <trkpt lat="22.3838754738" lon="114.3265963487"><ele>82.000</ele></trkpt>
      <trkpt lat="22.3838615025" lon="114.3265984477"><ele>82.000</ele></trkpt>
      <trkpt lat="22.3838483919" lon="114.3266025451"><ele>82.000</ele></trkpt>
      <trkpt lat="22.3838359810" lon="114.3266086804"><ele>82.000</ele></trkpt>
      <trkpt lat="22.3838240418" lon="114.3266164884"><ele>82.000</ele></trkpt>
      <trkpt lat="22.3838124509" lon="114.3266255650"><ele>82.000</ele></trkpt>
      <trkpt lat="22.3838010849" lon="114.3266355021"><ele>82.000</ele></trkpt>
      <trkpt lat="22.3837898233" lon="114.3266458957"><ele>82.000</ele></trkpt>
      <trkpt lat="22.3837785408" lon="114.3266563388"><ele>84.000</ele></trkpt>
      <trkpt lat="22.3837671151" lon="114.3266664254"><ele>84.000</ele></trkpt>
      <trkpt lat="22.3837554246" lon="114.3266757504"><ele>84.000</ele></trkpt>
      <trkpt lat="22.3837433451" lon="114.3266839068"><ele>84.000</ele></trkpt>
      <trkpt lat="22.3837306104" lon="114.3266905904"><ele>84.000</ele></trkpt>
      <trkpt lat="22.3837167880" lon="114.3266958290"><ele>84.000</ele></trkpt>
      <trkpt lat="22.3837023007" lon="114.3266993267"><ele>84.000</ele></trkpt>
      <trkpt lat="22.3836876519" lon="114.3267007471"><ele>84.000</ele></trkpt>
      <trkpt lat="22.3836733440" lon="114.3266997550"><ele>84.000</ele></trkpt>
      <trkpt lat="22.3836595382" lon="114.3266968115"><ele>83.000</ele></trkpt>
      <trkpt lat="22.3836457816" lon="114.3266933855"><ele>83.000</ele></trkpt>
      <trkpt lat="22.3836320543" lon="114.3266895702"><ele>83.000</ele></trkpt>
      <trkpt lat="22.3836183516" lon="114.3266854159"><ele>83.000</ele></trkpt>
      <trkpt lat="22.3836046682" lon="114.3266809734"><ele>83.000</ele></trkpt>
      <trkpt lat="22.3835910004" lon="114.3266762958"><ele>83.000</ele></trkpt>
      <trkpt lat="22.3835773417" lon="114.3266714328"><ele>83.000</ele></trkpt>
      <trkpt lat="22.3835636877" lon="114.3266664348"><ele>85.000</ele></trkpt>
      <trkpt lat="22.3835500347" lon="114.3266613552"><ele>85.000</ele></trkpt>
      <trkpt lat="22.3835363763" lon="114.3266562436"><ele>85.000</ele></trkpt>
      <trkpt lat="22.3835227088" lon="114.3266511524"><ele>82.000</ele></trkpt>
      <trkpt lat="22.3835090268" lon="114.3266461310"><ele>82.000</ele></trkpt>
      <trkpt lat="22.3834953258" lon="114.3266412330"><ele>82.000</ele></trkpt>
      <trkpt lat="22.3834816002" lon="114.3266365068"><ele>82.000</ele></trkpt>
      <trkpt lat="22.3834678464" lon="114.3266320059"><ele>84.000</ele></trkpt>
      <trkpt lat="22.3834540607" lon="114.3266277526"><ele>84.000</ele></trkpt>
      <trkpt lat="22.3834402725" lon="114.3266234216"><ele>84.000</ele></trkpt>
      <trkpt lat="22.3834264852" lon="114.3266189488"><ele>82.000</ele></trkpt>
      <trkpt lat="22.3834126953" lon="114.3266143925"><ele>82.000</ele></trkpt>
      <trkpt lat="22.3833988974" lon="114.3266098109"><ele>82.000</ele></trkpt>
      <trkpt lat="22.3833850867" lon="114.3266052614"><ele>82.000</ele></trkpt>
      <trkpt lat="22.3833712597" lon="114.3266008011"><ele>80.000</ele></trkpt>
      <trkpt lat="22.3833574100" lon="114.3265964895"><ele>80.000</ele></trkpt>
      <trkpt lat="22.3833435348" lon="114.3265923817"><ele>82.000</ele></trkpt>
      <trkpt lat="22.3833296269" lon="114.3265885371"><ele>82.000</ele></trkpt>
      <trkpt lat="22.3833156835" lon="114.3265850138"><ele>82.000</ele></trkpt>
      <trkpt lat="22.3833016990" lon="114.3265818682"><ele>82.000</ele></trkpt>
      <trkpt lat="22.3832876690" lon="114.3265791585"><ele>82.000</ele></trkpt>
      <trkpt lat="22.3832735889" lon="114.3265769421"><ele>82.000</ele></trkpt>
      <trkpt lat="22.3832594532" lon="114.3265752704"><ele>82.000</ele></trkpt>
      <trkpt lat="22.3832452333" lon="114.3265738889"><ele>82.000</ele></trkpt>
      <trkpt lat="22.3832309265" lon="114.3265726394"><ele>82.000</ele></trkpt>
      <trkpt lat="22.3832165428" lon="114.3265715258"><ele>82.000</ele></trkpt>
      <trkpt lat="22.3832020967" lon="114.3265705529"><ele>82.000</ele></trkpt>
      <trkpt lat="22.3831875990" lon="114.3265697237"><ele>82.000</ele></trkpt>
      <trkpt lat="22.3831730633" lon="114.3265690420"><ele>82.000</ele></trkpt>
      <trkpt lat="22.3831585012" lon="114.3265685137"><ele>82.000</ele></trkpt>
      <trkpt lat="22.3831439263" lon="114.3265681398"><ele>82.000</ele></trkpt>
      <trkpt lat="22.3831293486" lon="114.3265679261"><ele>82.000</ele></trkpt>
      <trkpt lat="22.3831147833" lon="114.3265678765"><ele>82.000</ele></trkpt>
      <trkpt lat="22.3831002405" lon="114.3265679940"><ele>82.000</ele></trkpt>
      <trkpt lat="22.3830857345" lon="114.3265682834"><ele>82.000</ele></trkpt>
      <trkpt lat="22.3830712762" lon="114.3265687486"><ele>83.000</ele></trkpt>
      <trkpt lat="22.3830568783" lon="114.3265693925"><ele>83.000</ele></trkpt>
      <trkpt lat="22.3830425543" lon="114.3265702200"><ele>83.000</ele></trkpt>
      <trkpt lat="22.3830283149" lon="114.3265712341"><ele>83.000</ele></trkpt>
      <trkpt lat="22.3830141739" lon="114.3265724405"><ele>83.000</ele></trkpt>
      <trkpt lat="22.3830001419" lon="114.3265738412"><ele>83.000</ele></trkpt>
      <trkpt lat="22.3829862334" lon="114.3265754412"><ele>83.000</ele></trkpt>
      <trkpt lat="22.3829724602" lon="114.3265772433"><ele>82.000</ele></trkpt>
      <trkpt lat="22.3829593222" lon="114.3265807181"><ele>82.000</ele></trkpt>
      <trkpt lat="22.3829485807" lon="114.3265910792"><ele>82.000</ele></trkpt>
      <trkpt lat="22.3829391761" lon="114.3266049851"><ele>84.000</ele></trkpt>
      <trkpt lat="22.3829296965" lon="114.3266180450"><ele>82.000</ele></trkpt>
      <trkpt lat="22.3829187307" lon="114.3266258725"><ele>82.000</ele></trkpt>
      <trkpt lat="22.3829049129" lon="114.3266270870"><ele>82.000</ele></trkpt>
      <trkpt lat="22.3828896409" lon="114.3266237886"><ele>80.000</ele></trkpt>
      <trkpt lat="22.3828754472" lon="114.3266173927"><ele>80.000</ele></trkpt>
      <trkpt lat="22.3828648598" lon="114.3266086857"><ele>80.000</ele></trkpt>
      <trkpt lat="22.3828585466" lon="114.3265950204"><ele>80.000</ele></trkpt>
      <trkpt lat="22.3828540297" lon="114.3265791848"><ele>80.000</ele></trkpt>
      <trkpt lat="22.3828494790" lon="114.3265638357"><ele>80.000</ele></trkpt>
      <trkpt lat="22.3828468043" lon="114.3265461775"><ele>80.000</ele></trkpt>
      <trkpt lat="22.3828434529" lon="114.3265296906"><ele>80.000</ele></trkpt>
      <trkpt lat="22.3828361410" lon="114.3265188946"><ele>80.000</ele></trkpt>
      <trkpt lat="22.3828239498" lon="114.3265150421"><ele>80.000</ele></trkpt>
      <trkpt lat="22.3828105676" lon="114.3265129983"><ele>80.000</ele></trkpt>
      <trkpt lat="22.3827963516" lon="114.3265122247"><ele>80.000</ele></trkpt>
      <trkpt lat="22.3827815098" lon="114.3265123894"><ele>80.000</ele></trkpt>
      <trkpt lat="22.3827662493" lon="114.3265131606"><ele>80.000</ele></trkpt>
      <trkpt lat="22.3827507791" lon="114.3265142044"><ele>79.000</ele></trkpt>
      <trkpt lat="22.3827353062" lon="114.3265151900"><ele>79.000</ele></trkpt>
      <trkpt lat="22.3827200387" lon="114.3265157844"><ele>79.000</ele></trkpt>
      <trkpt lat="22.3827051855" lon="114.3265156549"><ele>78.000</ele></trkpt>
      <trkpt lat="22.3826909536" lon="114.3265144696"><ele>78.000</ele></trkpt>
      <trkpt lat="22.3826775511" lon="114.3265118956"><ele>78.000</ele></trkpt>
      <trkpt lat="22.3826651896" lon="114.3265075904"><ele>78.000</ele></trkpt>
      <trkpt lat="22.3826554415" lon="114.3264974376"><ele>76.000</ele></trkpt>
      <trkpt lat="22.3826485576" lon="114.3264808479"><ele>76.000</ele></trkpt>
      <trkpt lat="22.3826432041" lon="114.3264615691"><ele>76.000</ele></trkpt>
      <trkpt lat="22.3826380500" lon="114.3264433519"><ele>76.000</ele></trkpt>
      <trkpt lat="22.3826317610" lon="114.3264299420"><ele>76.000</ele></trkpt>
      <trkpt lat="22.3826230050" lon="114.3264250882"><ele>76.000</ele></trkpt>
      <trkpt lat="22.3826119266" lon="114.3264277010"><ele>74.000</ele></trkpt>
      <trkpt lat="22.3826003975" lon="114.3264314543"><ele>74.000</ele></trkpt>
      <trkpt lat="22.3825885027" lon="114.3264361706"><ele>74.000</ele></trkpt>
      <trkpt lat="22.3825762946" lon="114.3264417672"><ele>72.000</ele></trkpt>
      <trkpt lat="22.3825638275" lon="114.3264481665"><ele>72.000</ele></trkpt>
      <trkpt lat="22.3825511556" lon="114.3264552862"><ele>72.000</ele></trkpt>
      <trkpt lat="22.3825383324" lon="114.3264630475"><ele>74.000</ele></trkpt>
      <trkpt lat="22.3825254120" lon="114.3264713681"><ele>74.000</ele></trkpt>
      <trkpt lat="22.3825124487" lon="114.3264801683"><ele>74.000</ele></trkpt>
      <trkpt lat="22.3824994949" lon="114.3264893676"><ele>74.000</ele></trkpt>
      <trkpt lat="22.3824866068" lon="114.3264988854"><ele>74.000</ele></trkpt>
      <trkpt lat="22.3824738368" lon="114.3265086423"><ele>74.000</ele></trkpt>
      <trkpt lat="22.3824612391" lon="114.3265185557"><ele>74.000</ele></trkpt>
      <trkpt lat="22.3824488671" lon="114.3265285470"><ele>74.000</ele></trkpt>
      <trkpt lat="22.3824367759" lon="114.3265385356"><ele>74.000</ele></trkpt>
      <trkpt lat="22.3824250190" lon="114.3265484392"><ele>74.000</ele></trkpt>
      <trkpt lat="22.3824136496" lon="114.3265581801"><ele>74.000</ele></trkpt>
      <trkpt lat="22.3824028022" lon="114.3265679254"><ele>74.000</ele></trkpt>
      <trkpt lat="22.3823927667" lon="114.3265785659"><ele>74.000</ele></trkpt>
      <trkpt lat="22.3823834293" lon="114.3265900364"><ele>74.000</ele></trkpt>
      <trkpt lat="22.3823746369" lon="114.3266021600"><ele>74.000</ele></trkpt>
      <trkpt lat="22.3823662359" lon="114.3266147618"><ele>76.000</ele></trkpt>
      <trkpt lat="22.3823580748" lon="114.3266276678"><ele>76.000</ele></trkpt>
      <trkpt lat="22.3823499985" lon="114.3266407011"><ele>76.000</ele></trkpt>
      <trkpt lat="22.3823418554" lon="114.3266536877"><ele>76.000</ele></trkpt>
      <trkpt lat="22.3823334912" lon="114.3266664516"><ele>76.000</ele></trkpt>
      <trkpt lat="22.3823247545" lon="114.3266788181"><ele>76.000</ele></trkpt>
      <trkpt lat="22.3823154900" lon="114.3266906120"><ele>76.000</ele></trkpt>
      <trkpt lat="22.3823058412" lon="114.3267019977"><ele>76.000</ele></trkpt>
      <trkpt lat="22.3822962014" lon="114.3267134309"><ele>76.000</ele></trkpt>
      <trkpt lat="22.3822865688" lon="114.3267249030"><ele>76.000</ele></trkpt>
      <trkpt lat="22.3822769334" lon="114.3267364004"><ele>76.000</ele></trkpt>
      <trkpt lat="22.3822672881" lon="114.3267479094"><ele>76.000</ele></trkpt>
      <trkpt lat="22.3822576248" lon="114.3267594155"><ele>77.000</ele></trkpt>
      <trkpt lat="22.3822479361" lon="114.3267709060"><ele>77.000</ele></trkpt>
      <trkpt lat="22.3822382123" lon="114.3267823653"><ele>77.000</ele></trkpt>
      <trkpt lat="22.3822284461" lon="114.3267937800"><ele>77.000</ele></trkpt>
      <trkpt lat="22.3822186302" lon="114.3268051373"><ele>84.000</ele></trkpt>
      <trkpt lat="22.3822087548" lon="114.3268164227"><ele>82.000</ele></trkpt>
      <trkpt lat="22.3821988127" lon="114.3268276217"><ele>82.000</ele></trkpt>
      <trkpt lat="22.3821887957" lon="114.3268387205"><ele>82.000</ele></trkpt>
      <trkpt lat="22.3821786966" lon="114.3268497065"><ele>83.000</ele></trkpt>
      <trkpt lat="22.3821685056" lon="114.3268605634"><ele>83.000</ele></trkpt>
      <trkpt lat="22.3821582153" lon="114.3268712793"><ele>83.000</ele></trkpt>
      <trkpt lat="22.3821478177" lon="114.3268818398"><ele>83.000</ele></trkpt>
      <trkpt lat="22.3821470892" lon="114.3268825605"><ele>83.000</ele></trkpt>
      <trkpt lat="22.3821373047" lon="114.3268922311"><ele>83.000</ele></trkpt>
      <trkpt lat="22.3821266682" lon="114.3269024388"><ele>78.000</ele></trkpt>
      <trkpt lat="22.3821158999" lon="114.3269124493"><ele>80.000</ele></trkpt>
      <trkpt lat="22.3821049919" lon="114.3269222479"><ele>80.000</ele></trkpt>
      <trkpt lat="22.3820939279" lon="114.3269318113"><ele>80.000</ele></trkpt>
      <trkpt lat="22.3820825095" lon="114.3269408597"><ele>80.000</ele></trkpt>
      <trkpt lat="22.3820706951" lon="114.3269493368"><ele>78.000</ele></trkpt>
      <trkpt lat="22.3820585363" lon="114.3269573201"><ele>78.000</ele></trkpt>
      <trkpt lat="22.3820460888" lon="114.3269648876"><ele>78.000</ele></trkpt>
      <trkpt lat="22.3820334042" lon="114.3269721188"><ele>78.000</ele></trkpt>
      <trkpt lat="22.3820205374" lon="114.3269790916"><ele>78.000</ele></trkpt>
      <trkpt lat="22.3820075407" lon="114.3269858826"><ele>78.000</ele></trkpt>
      <trkpt lat="22.3819944674" lon="114.3269925716"><ele>80.000</ele></trkpt>
      <trkpt lat="22.3819813733" lon="114.3269992363"><ele>80.000</ele></trkpt>
      <trkpt lat="22.3819683089" lon="114.3270059544"><ele>80.000</ele></trkpt>
      <trkpt lat="22.3819553303" lon="114.3270128047"><ele>80.000</ele></trkpt>
      <trkpt lat="22.3819424886" lon="114.3270198658"><ele>78.000</ele></trkpt>
      <trkpt lat="22.3819298391" lon="114.3270272155"><ele>78.000</ele></trkpt>
      <trkpt lat="22.3819174349" lon="114.3270349306"><ele>78.000</ele></trkpt>
      <trkpt lat="22.3819053291" lon="114.3270430917"><ele>82.000</ele></trkpt>
      <trkpt lat="22.3818935895" lon="114.3270518096"><ele>80.000</ele></trkpt>
      <trkpt lat="22.3818822538" lon="114.3270611824"><ele>80.000</ele></trkpt>
      <trkpt lat="22.3818712527" lon="114.3270710945"><ele>80.000</ele></trkpt>
      <trkpt lat="22.3818605095" lon="114.3270814205"><ele>80.000</ele></trkpt>
      <trkpt lat="22.3818499484" lon="114.3270920332"><ele>80.000</ele></trkpt>
      <trkpt lat="22.3818394928" lon="114.3271028052"><ele>80.000</ele></trkpt>
      <trkpt lat="22.3818290670" lon="114.3271136113"><ele>80.000</ele></trkpt>
      <trkpt lat="22.3818185943" lon="114.3271243221"><ele>80.000</ele></trkpt>
      <trkpt lat="22.3818079990" lon="114.3271348124"><ele>80.000</ele></trkpt>
      <trkpt lat="22.3817972053" lon="114.3271449558"><ele>80.000</ele></trkpt>
      <trkpt lat="22.3817861358" lon="114.3271546241"><ele>80.000</ele></trkpt>
      <trkpt lat="22.3817747155" lon="114.3271636919"><ele>80.000</ele></trkpt>
      <trkpt lat="22.3817628688" lon="114.3271720358"><ele>80.000</ele></trkpt>
      <trkpt lat="22.3817505928" lon="114.3271796947"><ele>80.000</ele></trkpt>
      <trkpt lat="22.3817379462" lon="114.3271867677"><ele>80.000</ele></trkpt>
      <trkpt lat="22.3817249841" lon="114.3271933198"><ele>80.000</ele></trkpt>
      <trkpt lat="22.3817117614" lon="114.3271994182"><ele>80.000</ele></trkpt>
      <trkpt lat="22.3816983340" lon="114.3272051299"><ele>80.000</ele></trkpt>
      <trkpt lat="22.3816968335" lon="114.3272057265"><ele>80.000</ele></trkpt>
      <trkpt lat="22.3816889081" lon="114.3272088738"><ele>80.000</ele></trkpt>
      <trkpt lat="22.3816847562" lon="114.3272105230"><ele>80.000</ele></trkpt>
      <trkpt lat="22.3816710828" lon="114.3272156625"><ele>82.000</ele></trkpt>
      <trkpt lat="22.3816573699" lon="114.3272206175"><ele>82.000</ele></trkpt>
      <trkpt lat="22.3816436725" lon="114.3272254520"><ele>82.000</ele></trkpt>
      <trkpt lat="22.3816300455" lon="114.3272302352"><ele>82.000</ele></trkpt>
      <trkpt lat="22.3816162800" lon="114.3272344502"><ele>82.000</ele></trkpt>
      <trkpt lat="22.3816022218" lon="114.3272377813"><ele>82.000</ele></trkpt>
      <trkpt lat="22.3815879845" lon="114.3272405489"><ele>82.000</ele></trkpt>
      <trkpt lat="22.3815736796" lon="114.3272430737"><ele>82.000</ele></trkpt>
      <trkpt lat="22.3815594225" lon="114.3272456744"><ele>82.000</ele></trkpt>
      <trkpt lat="22.3815453240" lon="114.3272486723"><ele>82.000</ele></trkpt>
      <trkpt lat="22.3815314994" lon="114.3272523881"><ele>82.000</ele></trkpt>
      <trkpt lat="22.3815180603" lon="114.3272571404"><ele>82.000</ele></trkpt>
      <trkpt lat="22.3815048387" lon="114.3272629757"><ele>82.000</ele></trkpt>
      <trkpt lat="22.3814914820" lon="114.3272695148"><ele>82.000</ele></trkpt>
      <trkpt lat="22.3814782771" lon="114.3272767988"><ele>82.000</ele></trkpt>
      <trkpt lat="22.3814655275" lon="114.3272848844"><ele>82.000</ele></trkpt>
      <trkpt lat="22.3814535403" lon="114.3272938263"><ele>82.000</ele></trkpt>
      <trkpt lat="22.3814426177" lon="114.3273036821"><ele>82.000</ele></trkpt>
      <trkpt lat="22.3814413078" lon="114.3273051673"><ele>82.000</ele></trkpt>
      <trkpt lat="22.3814330651" lon="114.3273145075"><ele>82.000</ele></trkpt>
      <trkpt lat="22.3814247938" lon="114.3273264422"><ele>82.000</ele></trkpt>
      <trkpt lat="22.3814173767" lon="114.3273394828"><ele>84.000</ele></trkpt>
      <trkpt lat="22.3814107968" lon="114.3273534041"><ele>84.000</ele></trkpt>
      <trkpt lat="22.3814050380" lon="114.3273679817"><ele>84.000</ele></trkpt>
      <trkpt lat="22.3814000834" lon="114.3273829914"><ele>82.000</ele></trkpt>
      <trkpt lat="22.3813959189" lon="114.3273982067"><ele>82.000</ele></trkpt>
      <trkpt lat="22.3813925282" lon="114.3274134025"><ele>82.000</ele></trkpt>
      <trkpt lat="22.3813899297" lon="114.3274283952"><ele>84.000</ele></trkpt>
      <trkpt lat="22.3813884365" lon="114.3274435095"><ele>84.000</ele></trkpt>
      <trkpt lat="22.3813879201" lon="114.3274588259"><ele>84.000</ele></trkpt>
      <trkpt lat="22.3813881152" lon="114.3274742936"><ele>84.000</ele></trkpt>
      <trkpt lat="22.3813883510" lon="114.3274800316"><ele>84.000</ele></trkpt>
      <trkpt lat="22.3813887563" lon="114.3274898607"><ele>84.000</ele></trkpt>
      <trkpt lat="22.3813895789" lon="114.3275054786"><ele>84.000</ele></trkpt>
      <trkpt lat="22.3813903184" lon="114.3275210964"><ele>84.000</ele></trkpt>
      <trkpt lat="22.3813907103" lon="114.3275366633"><ele>86.000</ele></trkpt>
      <trkpt lat="22.3813904891" lon="114.3275521286"><ele>86.000</ele></trkpt>
      <trkpt lat="22.3813893912" lon="114.3275674424"><ele>86.000</ele></trkpt>
      <trkpt lat="22.3813871790" lon="114.3275825598"><ele>86.000</ele></trkpt>
      <trkpt lat="22.3813842518" lon="114.3275975696"><ele>86.000</ele></trkpt>
      <trkpt lat="22.3813808668" lon="114.3276125217"><ele>86.000</ele></trkpt>
      <trkpt lat="22.3813770899" lon="114.3276274228"><ele>86.000</ele></trkpt>
      <trkpt lat="22.3813729897" lon="114.3276422819"><ele>86.000</ele></trkpt>
      <trkpt lat="22.3813686341" lon="114.3276571047"><ele>86.000</ele></trkpt>
      <trkpt lat="22.3813640897" lon="114.3276719012"><ele>86.000</ele></trkpt>
      <trkpt lat="22.3813594243" lon="114.3276866770"><ele>86.000</ele></trkpt>
      <trkpt lat="22.3813547047" lon="114.3277014412"><ele>84.000</ele></trkpt>
      <trkpt lat="22.3813499996" lon="114.3277162015"><ele>84.000</ele></trkpt>
      <trkpt lat="22.3813453758" lon="114.3277309649"><ele>84.000</ele></trkpt>
      <trkpt lat="22.3813409000" lon="114.3277457390"><ele>84.000</ele></trkpt>
      <trkpt lat="22.3813366410" lon="114.3277605318"><ele>84.000</ele></trkpt>
      <trkpt lat="22.3813326655" lon="114.3277753512"><ele>84.000</ele></trkpt>
      <trkpt lat="22.3813290412" lon="114.3277902040"><ele>84.000</ele></trkpt>
      <trkpt lat="22.3813258359" lon="114.3278050989"><ele>84.000</ele></trkpt>
      <trkpt lat="22.3813231164" lon="114.3278200439"><ele>84.000</ele></trkpt>
      <trkpt lat="22.3813209505" lon="114.3278350449"><ele>84.000</ele></trkpt>
      <trkpt lat="22.3813194410" lon="114.3278501174"><ele>84.000</ele></trkpt>
      <trkpt lat="22.3813189590" lon="114.3278653231"><ele>84.000</ele></trkpt>
      <trkpt lat="22.3813194540" lon="114.3278806542"><ele>84.000</ele></trkpt>
      <trkpt lat="22.3813207589" lon="114.3278960871"><ele>84.000</ele></trkpt>
      <trkpt lat="22.3813227059" lon="114.3279115925"><ele>84.000</ele></trkpt>
      <trkpt lat="22.3813251269" lon="114.3279271480"><ele>84.000</ele></trkpt>
      <trkpt lat="22.3813278558" lon="114.3279427242"><ele>84.000</ele></trkpt>
      <trkpt lat="22.3813307247" lon="114.3279582977"><ele>84.000</ele></trkpt>
      <trkpt lat="22.3813335656" lon="114.3279738401"><ele>84.000</ele></trkpt>
      <trkpt lat="22.3813362115" lon="114.3279893269"><ele>84.000</ele></trkpt>
      <trkpt lat="22.3813384945" lon="114.3280047317"><ele>84.000</ele></trkpt>
      <trkpt lat="22.3813402484" lon="114.3280200292"><ele>84.000</ele></trkpt>
      <trkpt lat="22.3813413043" lon="114.3280351909"><ele>84.000</ele></trkpt>
      <trkpt lat="22.3813414962" lon="114.3280501934"><ele>84.000</ele></trkpt>
      <trkpt lat="22.3813406552" lon="114.3280650094"><ele>84.000</ele></trkpt>
      <trkpt lat="22.3813380165" lon="114.3280794301"><ele>84.000</ele></trkpt>
      <trkpt lat="22.3813329194" lon="114.3280932529"><ele>84.000</ele></trkpt>
      <trkpt lat="22.3813259859" lon="114.3281066456"><ele>84.000</ele></trkpt>
      <trkpt lat="22.3813178507" lon="114.3281197815"><ele>84.000</ele></trkpt>
      <trkpt lat="22.3813091494" lon="114.3281328333"><ele>83.000</ele></trkpt>
      <trkpt lat="22.3813005184" lon="114.3281459746"><ele>83.000</ele></trkpt>
      <trkpt lat="22.3812925924" lon="114.3281593778"><ele>84.000</ele></trkpt>
      <trkpt lat="22.3812860070" lon="114.3281732155"><ele>84.000</ele></trkpt>
      <trkpt lat="22.3812808959" lon="114.3281875306"><ele>84.000</ele></trkpt>
      <trkpt lat="22.3812761134" lon="114.3282020238"><ele>84.000</ele></trkpt>
      <trkpt lat="22.3812715727" lon="114.3282166561"><ele>86.000</ele></trkpt>
      <trkpt lat="22.3812672712" lon="114.3282314081"><ele>86.000</ele></trkpt>
      <trkpt lat="22.3812632071" lon="114.3282462623"><ele>84.000</ele></trkpt>
      <trkpt lat="22.3812593786" lon="114.3282612012"><ele>84.000</ele></trkpt>
      <trkpt lat="22.3812557822" lon="114.3282762074"><ele>84.000</ele></trkpt>
      <trkpt lat="22.3812524178" lon="114.3282912633"><ele>84.000</ele></trkpt>
      <trkpt lat="22.3812492809" lon="114.3283063496"><ele>86.000</ele></trkpt>
      <trkpt lat="22.3812463716" lon="114.3283214488"><ele>86.000</ele></trkpt>
      <trkpt lat="22.3812436853" lon="114.3283365443"><ele>86.000</ele></trkpt>
      <trkpt lat="22.3812415318" lon="114.3283516890"><ele>84.000</ele></trkpt>
      <trkpt lat="22.3812409015" lon="114.3283671130"><ele>84.000</ele></trkpt>
      <trkpt lat="22.3812413068" lon="114.3283827197"><ele>84.000</ele></trkpt>
      <trkpt lat="22.3812421076" lon="114.3283983813"><ele>84.000</ele></trkpt>
      <trkpt lat="22.3812426664" lon="114.3284139658"><ele>84.000</ele></trkpt>
      <trkpt lat="22.3812423414" lon="114.3284293455"><ele>84.000</ele></trkpt>
      <trkpt lat="22.3812404950" lon="114.3284443885"><ele>84.000</ele></trkpt>
      <trkpt lat="22.3812370144" lon="114.3284591055"><ele>86.000</ele></trkpt>
      <trkpt lat="22.3812327636" lon="114.3284737147"><ele>86.000</ele></trkpt>
      <trkpt lat="22.3812278654" lon="114.3284882107"><ele>86.000</ele></trkpt>
      <trkpt lat="22.3812224156" lon="114.3285025779"><ele>87.000</ele></trkpt>
      <trkpt lat="22.3812165089" lon="114.3285167999"><ele>85.000</ele></trkpt>
      <trkpt lat="22.3812102394" lon="114.3285308612"><ele>85.000</ele></trkpt>
      <trkpt lat="22.3812037018" lon="114.3285447475"><ele>86.000</ele></trkpt>
      <trkpt lat="22.3811969911" lon="114.3285584424"><ele>86.000</ele></trkpt>
      <trkpt lat="22.3811900981" lon="114.3285718826"><ele>86.000</ele></trkpt>
      <trkpt lat="22.3811821890" lon="114.3285846682"><ele>86.000</ele></trkpt>
      <trkpt lat="22.3811734341" lon="114.3285969402"><ele>85.000</ele></trkpt>
      <trkpt lat="22.3811643020" lon="114.3286089846"><ele>85.000</ele></trkpt>
      <trkpt lat="22.3811552611" lon="114.3286210873"><ele>85.000</ele></trkpt>
      <trkpt lat="22.3811467797" lon="114.3286335334"><ele>85.000</ele></trkpt>
      <trkpt lat="22.3811393236" lon="114.3286466089"><ele>86.000</ele></trkpt>
      <trkpt lat="22.3811330576" lon="114.3286606858"><ele>86.000</ele></trkpt>
      <trkpt lat="22.3811276496" lon="114.3286756919"><ele>84.000</ele></trkpt>
      <trkpt lat="22.3811228082" lon="114.3286912677"><ele>86.000</ele></trkpt>
      <trkpt lat="22.3811182420" lon="114.3287070525"><ele>86.000</ele></trkpt>
      <trkpt lat="22.3811136597" lon="114.3287226858"><ele>86.000</ele></trkpt>
      <trkpt lat="22.3811087709" lon="114.3287378061"><ele>87.000</ele></trkpt>
      <trkpt lat="22.3811032832" lon="114.3287520548"><ele>87.000</ele></trkpt>
      <trkpt lat="22.3810969054" lon="114.3287650702"><ele>87.000</ele></trkpt>
      <trkpt lat="22.3810893469" lon="114.3287764929"><ele>87.000</ele></trkpt>
      <trkpt lat="22.3810802471" lon="114.3287858446"><ele>86.000</ele></trkpt>
      <trkpt lat="22.3810686331" lon="114.3287915115"><ele>89.000</ele></trkpt>
      <trkpt lat="22.3810548538" lon="114.3287939960"><ele>89.000</ele></trkpt>
      <trkpt lat="22.3810396659" lon="114.3287944796"><ele>89.000</ele></trkpt>
      <trkpt lat="22.3810238276" lon="114.3287941439"><ele>89.000</ele></trkpt>
      <trkpt lat="22.3810080937" lon="114.3287941695"><ele>89.000</ele></trkpt>
      <trkpt lat="22.3809932226" lon="114.3287957400"><ele>88.000</ele></trkpt>
      <trkpt lat="22.3809799356" lon="114.3288000991"><ele>88.000</ele></trkpt>
      <trkpt lat="22.3809681921" lon="114.3288090110"><ele>88.000</ele></trkpt>
      <trkpt lat="22.3809583471" lon="114.3288213633"><ele>88.000</ele></trkpt>
      <trkpt lat="22.3809510637" lon="114.3288351682"><ele>90.000</ele></trkpt>
      <trkpt lat="22.3809462615" lon="114.3288493826"><ele>87.000</ele></trkpt>
      <trkpt lat="22.3809428140" lon="114.3288643850"><ele>87.000</ele></trkpt>
      <trkpt lat="22.3809401842" lon="114.3288798689"><ele>87.000</ele></trkpt>
      <trkpt lat="22.3809378441" lon="114.3288955192"><ele>88.000</ele></trkpt>
      <trkpt lat="22.3809352622" lon="114.3289110227"><ele>88.000</ele></trkpt>
      <trkpt lat="22.3809319095" lon="114.3289260640"><ele>88.000</ele></trkpt>
      <trkpt lat="22.3809272553" lon="114.3289403310"><ele>88.000</ele></trkpt>
      <trkpt lat="22.3809207121" lon="114.3289534579"><ele>88.000</ele></trkpt>
      <trkpt lat="22.3809118982" lon="114.3289651482"><ele>88.000</ele></trkpt>
      <trkpt lat="22.3809015012" lon="114.3289758560"><ele>86.000</ele></trkpt>
      <trkpt lat="22.3808903280" lon="114.3289861221"><ele>86.000</ele></trkpt>
      <trkpt lat="22.3808791828" lon="114.3289964911"><ele>86.000</ele></trkpt>
      <trkpt lat="22.3808688731" lon="114.3290075039"><ele>86.000</ele></trkpt>
      <trkpt lat="22.3808601581" lon="114.3290196720"><ele>86.000</ele></trkpt>
      <trkpt lat="22.3808593423" lon="114.3290209995"><ele>86.000</ele></trkpt>
      <trkpt lat="22.3808522958" lon="114.3290324644"><ele>86.000</ele></trkpt>
      <trkpt lat="22.3808447043" lon="114.3290454717"><ele>86.000</ele></trkpt>
      <trkpt lat="22.3808373402" lon="114.3290586589"><ele>86.000</ele></trkpt>
      <trkpt lat="22.3808301592" lon="114.3290719939"><ele>86.000</ele></trkpt>
      <trkpt lat="22.3808231172" lon="114.3290854407"><ele>87.000</ele></trkpt>
      <trkpt lat="22.3808161699" lon="114.3290989652"><ele>87.000</ele></trkpt>
      <trkpt lat="22.3808092732" lon="114.3291125336"><ele>84.000</ele></trkpt>
      <trkpt lat="22.3808023828" lon="114.3291261116"><ele>86.000</ele></trkpt>
      <trkpt lat="22.3807954545" lon="114.3291396644"><ele>86.000</ele></trkpt>
      <trkpt lat="22.3807884450" lon="114.3291531588"><ele>86.000</ele></trkpt>
      <trkpt lat="22.3807813091" lon="114.3291665588"><ele>86.000</ele></trkpt>
      <trkpt lat="22.3807740035" lon="114.3291798325"><ele>88.000</ele></trkpt>
      <trkpt lat="22.3807664832" lon="114.3291929428"><ele>87.000</ele></trkpt>
      <trkpt lat="22.3807586462" lon="114.3292058304"><ele>87.000</ele></trkpt>
      <trkpt lat="22.3807498677" lon="114.3292181964"><ele>87.000</ele></trkpt>
      <trkpt lat="22.3807402887" lon="114.3292301150"><ele>88.000</ele></trkpt>
      <trkpt lat="22.3807302827" lon="114.3292417748"><ele>88.000</ele></trkpt>
      <trkpt lat="22.3807202263" lon="114.3292533626"><ele>86.000</ele></trkpt>
      <trkpt lat="22.3807104930" lon="114.3292650674"><ele>86.000</ele></trkpt>
      <trkpt lat="22.3807014593" lon="114.3292770749"><ele>86.000</ele></trkpt>
      <trkpt lat="22.3806934998" lon="114.3292895729"><ele>86.000</ele></trkpt>
      <trkpt lat="22.3806869890" lon="114.3293027494"><ele>86.000</ele></trkpt>
      <trkpt lat="22.3806820768" lon="114.3293167150"><ele>86.000</ele></trkpt>
      <trkpt lat="22.3806778225" lon="114.3293311650"><ele>86.000</ele></trkpt>
      <trkpt lat="22.3806740654" lon="114.3293459874"><ele>85.000</ele></trkpt>
      <trkpt lat="22.3806707920" lon="114.3293611181"><ele>85.000</ele></trkpt>
      <trkpt lat="22.3806679916" lon="114.3293764921"><ele>86.000</ele></trkpt>
      <trkpt lat="22.3806656516" lon="114.3293920453"><ele>86.000</ele></trkpt>
      <trkpt lat="22.3806637602" lon="114.3294077106"><ele>86.000</ele></trkpt>
      <trkpt lat="22.3806623060" lon="114.3294234259"><ele>86.000</ele></trkpt>
      <trkpt lat="22.3806612752" lon="114.3294391252"><ele>86.000</ele></trkpt>
      <trkpt lat="22.3806606573" lon="114.3294547434"><ele>86.000</ele></trkpt>
      <trkpt lat="22.3806604395" lon="114.3294702163"><ele>87.000</ele></trkpt>
      <trkpt lat="22.3806606102" lon="114.3294854780"><ele>87.000</ele></trkpt>
      <trkpt lat="22.3806612100" lon="114.3295005712"><ele>87.000</ele></trkpt>
      <trkpt lat="22.3806629234" lon="114.3295165590"><ele>87.000</ele></trkpt>
      <trkpt lat="22.3806660034" lon="114.3295330891"><ele>87.000</ele></trkpt>
      <trkpt lat="22.3806704970" lon="114.3295493372"><ele>87.000</ele></trkpt>
      <trkpt lat="22.3806764519" lon="114.3295644770"><ele>86.000</ele></trkpt>
      <trkpt lat="22.3806839158" lon="114.3295776842"><ele>88.000</ele></trkpt>
      <trkpt lat="22.3806929364" lon="114.3295881335"><ele>88.000</ele></trkpt>
      <trkpt lat="22.3807036263" lon="114.3295953055"><ele>88.000</ele></trkpt>
      <trkpt lat="22.3807160226" lon="114.3295999682"><ele>88.000</ele></trkpt>
      <trkpt lat="22.3807297626" lon="114.3296027497"><ele>88.000</ele></trkpt>
      <trkpt lat="22.3807444628" lon="114.3296042378"><ele>88.000</ele></trkpt>
      <trkpt lat="22.3807597390" lon="114.3296050196"><ele>88.000</ele></trkpt>
      <trkpt lat="22.3807752085" lon="114.3296056832"><ele>88.000</ele></trkpt>
      <trkpt lat="22.3807904880" lon="114.3296068175"><ele>88.000</ele></trkpt>
      <trkpt lat="22.3808051930" lon="114.3296090106"><ele>88.000</ele></trkpt>
      <trkpt lat="22.3808189419" lon="114.3296128485"><ele>87.000</ele></trkpt>
      <trkpt lat="22.3808316678" lon="114.3296194236"><ele>87.000</ele></trkpt>
      <trkpt lat="22.3808434210" lon="114.3296289563"><ele>87.000</ele></trkpt>
      <trkpt lat="22.3808538657" lon="114.3296404335"><ele>87.000</ele></trkpt>
      <trkpt lat="22.3808626651" lon="114.3296528372"><ele>90.000</ele></trkpt>
      <trkpt lat="22.3808699467" lon="114.3296658724"><ele>90.000</ele></trkpt>
      <trkpt lat="22.3808761913" lon="114.3296801513"><ele>90.000</ele></trkpt>
      <trkpt lat="22.3808809985" lon="114.3296951996"><ele>90.000</ele></trkpt>
      <trkpt lat="22.3808839460" lon="114.3297105177"><ele>90.000</ele></trkpt>
      <trkpt lat="22.3808846578" lon="114.3297256383"><ele>90.000</ele></trkpt>
      <trkpt lat="22.3808836123" lon="114.3297407268"><ele>90.000</ele></trkpt>
      <trkpt lat="22.3808813809" lon="114.3297558994"><ele>90.000</ele></trkpt>
      <trkpt lat="22.3808783829" lon="114.3297711354"><ele>90.000</ele></trkpt>
      <trkpt lat="22.3808750362" lon="114.3297864136"><ele>90.000</ele></trkpt>
      <trkpt lat="22.3808717581" lon="114.3298017104"><ele>90.000</ele></trkpt>
      <trkpt lat="22.3808689658" lon="114.3298170058"><ele>90.000</ele></trkpt>
      <trkpt lat="22.3808670794" lon="114.3298322779"><ele>90.000</ele></trkpt>
      <trkpt lat="22.3808665042" lon="114.3298475077"><ele>90.000</ele></trkpt>
      <trkpt lat="22.3808669574" lon="114.3298628464"><ele>90.000</ele></trkpt>
      <trkpt lat="22.3808681186" lon="114.3298783122"><ele>90.000</ele></trkpt>
      <trkpt lat="22.3808699660" lon="114.3298938019"><ele>90.000</ele></trkpt>
      <trkpt lat="22.3808724764" lon="114.3299092109"><ele>90.000</ele></trkpt>
      <trkpt lat="22.3808756281" lon="114.3299244370"><ele>90.000</ele></trkpt>
      <trkpt lat="22.3808794004" lon="114.3299393745"><ele>90.000</ele></trkpt>
      <trkpt lat="22.3808837701" lon="114.3299539203"><ele>90.000</ele></trkpt>
      <trkpt lat="22.3808892646" lon="114.3299678449"><ele>90.000</ele></trkpt>
      <trkpt lat="22.3808964349" lon="114.3299810538"><ele>90.000</ele></trkpt>
      <trkpt lat="22.3809046469" lon="114.3299938317"><ele>90.000</ele></trkpt>
      <trkpt lat="22.3809132446" lon="114.3300064682"><ele>92.000</ele></trkpt>
      <trkpt lat="22.3809215731" lon="114.3300192550"><ele>92.000</ele></trkpt>
      <trkpt lat="22.3809289837" lon="114.3300324807"><ele>92.000</ele></trkpt>
      <trkpt lat="22.3809363410" lon="114.3300466074"><ele>92.000</ele></trkpt>
      <trkpt lat="22.3809430025" lon="114.3300612509"><ele>92.000</ele></trkpt>
      <trkpt lat="22.3809465460" lon="114.3300755317"><ele>92.000</ele></trkpt>
      <trkpt lat="22.3809439650" lon="114.3300900126"><ele>92.000</ele></trkpt>
      <trkpt lat="22.3809343353" lon="114.3301038371"><ele>92.000</ele></trkpt>
      <trkpt lat="22.3809213560" lon="114.3301093082"><ele>92.000</ele></trkpt>
      <trkpt lat="22.3809076534" lon="114.3301109323"><ele>92.000</ele></trkpt>
      <trkpt lat="22.3808935580" lon="114.3301115567"><ele>90.000</ele></trkpt>
      <trkpt lat="22.3808791607" lon="114.3301114507"><ele>90.000</ele></trkpt>
      <trkpt lat="22.3808645517" lon="114.3301108851"><ele>90.000</ele></trkpt>
      <trkpt lat="22.3808498228" lon="114.3301101281"><ele>89.000</ele></trkpt>
      <trkpt lat="22.3808350640" lon="114.3301094487"><ele>89.000</ele></trkpt>
      <trkpt lat="22.3808203662" lon="114.3301091170"><ele>89.000</ele></trkpt>
      <trkpt lat="22.3808058196" lon="114.3301094031"><ele>88.000</ele></trkpt>
      <trkpt lat="22.3807915160" lon="114.3301105749"><ele>88.000</ele></trkpt>
      <trkpt lat="22.3807775445" lon="114.3301129027"><ele>88.000</ele></trkpt>
      <trkpt lat="22.3807639456" lon="114.3301165719"><ele>88.000</ele></trkpt>
      <trkpt lat="22.3807505669" lon="114.3301213472"><ele>88.000</ele></trkpt>
      <trkpt lat="22.3807373761" lon="114.3301270570"><ele>88.000</ele></trkpt>
      <trkpt lat="22.3807243588" lon="114.3301335524"><ele>88.000</ele></trkpt>
      <trkpt lat="22.3807115016" lon="114.3301406831"><ele>88.000</ele></trkpt>
      <trkpt lat="22.3806987885" lon="114.3301483014"><ele>91.000</ele></trkpt>
      <trkpt lat="22.3806862059" lon="114.3301562577"><ele>91.000</ele></trkpt>
      <trkpt lat="22.3806737397" lon="114.3301644016"><ele>90.000</ele></trkpt>
      <trkpt lat="22.3806613746" lon="114.3301725844"><ele>90.000</ele></trkpt>
      <trkpt lat="22.3806490963" lon="114.3301806566"><ele>90.000</ele></trkpt>
      <trkpt lat="22.3806367234" lon="114.3301885724"><ele>90.000</ele></trkpt>
      <trkpt lat="22.3806241175" lon="114.3301964355"><ele>90.000</ele></trkpt>
      <trkpt lat="22.3806113752" lon="114.3302043062"><ele>90.000</ele></trkpt>
      <trkpt lat="22.3805985940" lon="114.3302122419"><ele>90.000</ele></trkpt>
      <trkpt lat="22.3805858741" lon="114.3302203039"><ele>88.000</ele></trkpt>
      <trkpt lat="22.3805733121" lon="114.3302285496"><ele>88.000</ele></trkpt>
      <trkpt lat="22.3805610072" lon="114.3302370394"><ele>88.000</ele></trkpt>
      <trkpt lat="22.3805490569" lon="114.3302458305"><ele>91.000</ele></trkpt>
      <trkpt lat="22.3805375606" lon="114.3302549843"><ele>90.000</ele></trkpt>
      <trkpt lat="22.3805266164" lon="114.3302645572"><ele>90.000</ele></trkpt>
      <trkpt lat="22.3805163212" lon="114.3302746105"><ele>90.000</ele></trkpt>
      <trkpt lat="22.3805067758" lon="114.3302852026"><ele>90.000</ele></trkpt>
      <trkpt lat="22.3804980116" lon="114.3302967063"><ele>92.000</ele></trkpt>
      <trkpt lat="22.3804900026" lon="114.3303099044"><ele>92.000</ele></trkpt>
      <trkpt lat="22.3804829802" lon="114.3303244338"><ele>92.000</ele></trkpt>
      <trkpt lat="22.3804771888" lon="114.3303398617"><ele>94.000</ele></trkpt>
      <trkpt lat="22.3804728752" lon="114.3303557516"><ele>94.000</ele></trkpt>
      <trkpt lat="22.3804702864" lon="114.3303716715"><ele>94.000</ele></trkpt>
      <trkpt lat="22.3804696684" lon="114.3303871848"><ele>94.000</ele></trkpt>
      <trkpt lat="22.3804712665" lon="114.3304018576"><ele>94.000</ele></trkpt>
      <trkpt lat="22.3804744489" lon="114.3304160467"><ele>94.000</ele></trkpt>
      <trkpt lat="22.3804783021" lon="114.3304304346"><ele>94.000</ele></trkpt>
      <trkpt lat="22.3804827810" lon="114.3304449611"><ele>92.000</ele></trkpt>
      <trkpt lat="22.3804878377" lon="114.3304595649"><ele>92.000</ele></trkpt>
      <trkpt lat="22.3804884755" lon="114.3304612338"><ele>92.000</ele></trkpt>
      <trkpt lat="22.3804934273" lon="114.3304741859"><ele>92.000</ele></trkpt>
      <trkpt lat="22.3804995045" lon="114.3304887646"><ele>90.000</ele></trkpt>
      <trkpt lat="22.3805060225" lon="114.3305032380"><ele>90.000</ele></trkpt>
      <trkpt lat="22.3805109129" lon="114.3305133613"><ele>90.000</ele></trkpt>
      <trkpt lat="22.3805129362" lon="114.3305175477"><ele>90.000</ele></trkpt>
      <trkpt lat="22.3805201987" lon="114.3305316315"><ele>90.000</ele></trkpt>
      <trkpt lat="22.3805277658" lon="114.3305454302"><ele>89.000</ele></trkpt>
      <trkpt lat="22.3805355897" lon="114.3305588816"><ele>89.000</ele></trkpt>
      <trkpt lat="22.3805436262" lon="114.3305719273"><ele>91.000</ele></trkpt>
      <trkpt lat="22.3805518293" lon="114.3305845042"><ele>88.000</ele></trkpt>
      <trkpt lat="22.3805601521" lon="114.3305965540"><ele>88.000</ele></trkpt>
      <trkpt lat="22.3805685495" lon="114.3306080144"><ele>88.000</ele></trkpt>
      <trkpt lat="22.3805790235" lon="114.3306161718"><ele>88.000</ele></trkpt>
      <trkpt lat="22.3805927392" lon="114.3306197233"><ele>90.000</ele></trkpt>
      <trkpt lat="22.3806081947" lon="114.3306209910"><ele>90.000</ele></trkpt>
      <trkpt lat="22.3806238857" lon="114.3306222997"><ele>90.000</ele></trkpt>
      <trkpt lat="22.3806383085" lon="114.3306259724"><ele>91.000</ele></trkpt>
      <trkpt lat="22.3806512995" lon="114.3306328576"><ele>89.000</ele></trkpt>
      <trkpt lat="22.3806652590" lon="114.3306402906"><ele>89.000</ele></trkpt>
      <trkpt lat="22.3806796470" lon="114.3306481833"><ele>91.000</ele></trkpt>
      <trkpt lat="22.3806937483" lon="114.3306566224"><ele>91.000</ele></trkpt>
      <trkpt lat="22.3807068474" lon="114.3306656973"><ele>91.000</ele></trkpt>
      <trkpt lat="22.3807182283" lon="114.3306754958"><ele>91.000</ele></trkpt>
      <trkpt lat="22.3807271765" lon="114.3306861053"><ele>93.000</ele></trkpt>
      <trkpt lat="22.3807329766" lon="114.3306976134"><ele>93.000</ele></trkpt>
      <trkpt lat="22.3807352657" lon="114.3307100964"><ele>93.000</ele></trkpt>
      <trkpt lat="22.3807348123" lon="114.3307234843"><ele>93.000</ele></trkpt>
      <trkpt lat="22.3807321502" lon="114.3307376272"><ele>92.000</ele></trkpt>
      <trkpt lat="22.3807277916" lon="114.3307523702"><ele>92.000</ele></trkpt>
      <trkpt lat="22.3807222442" lon="114.3307675606"><ele>92.000</ele></trkpt>
      <trkpt lat="22.3807160210" lon="114.3307830444"><ele>90.000</ele></trkpt>
      <trkpt lat="22.3807096297" lon="114.3307986689"><ele>90.000</ele></trkpt>
      <trkpt lat="22.3807035815" lon="114.3308142810"><ele>90.000</ele></trkpt>
      <trkpt lat="22.3806983869" lon="114.3308297281"><ele>90.000</ele></trkpt>
      <trkpt lat="22.3806945562" lon="114.3308448592"><ele>90.000</ele></trkpt>
      <trkpt lat="22.3806925081" lon="114.3308600427"><ele>90.000</ele></trkpt>
      <trkpt lat="22.3806916545" lon="114.3308754645"><ele>90.000</ele></trkpt>
      <trkpt lat="22.3806910916" lon="114.3308909545"><ele>90.000</ele></trkpt>
      <trkpt lat="22.3806899111" lon="114.3309063409"><ele>90.000</ele></trkpt>
      <trkpt lat="22.3806870563" lon="114.3309217770"><ele>90.000</ele></trkpt>
      <trkpt lat="22.3806823281" lon="114.3309377548"><ele>90.000</ele></trkpt>
      <trkpt lat="22.3806769378" lon="114.3309538639"><ele>90.000</ele></trkpt>
      <trkpt lat="22.3806721402" lon="114.3309696493"><ele>88.000</ele></trkpt>
      <trkpt lat="22.3806691874" lon="114.3309846541"><ele>88.000</ele></trkpt>
      <trkpt lat="22.3806693341" lon="114.3309984243"><ele>88.000</ele></trkpt>
      <trkpt lat="22.3806736834" lon="114.3310105513"><ele>88.000</ele></trkpt>
      <trkpt lat="22.3806816092" lon="114.3310212140"><ele>88.000</ele></trkpt>
      <trkpt lat="22.3806921712" lon="114.3310307873"><ele>88.000</ele></trkpt>
      <trkpt lat="22.3807045680" lon="114.3310396120"><ele>88.000</ele></trkpt>
      <trkpt lat="22.3807179992" lon="114.3310480300"><ele>88.000</ele></trkpt>
      <trkpt lat="22.3807316634" lon="114.3310563803"><ele>89.000</ele></trkpt>
      <trkpt lat="22.3807447575" lon="114.3310650067"><ele>89.000</ele></trkpt>
      <trkpt lat="22.3807565561" lon="114.3310742230"><ele>86.000</ele></trkpt>
      <trkpt lat="22.3807677945" lon="114.3310838193"><ele>88.000</ele></trkpt>
      <trkpt lat="22.3807789279" lon="114.3310935874"><ele>88.000</ele></trkpt>
      <trkpt lat="22.3807900080" lon="114.3311034380"><ele>88.000</ele></trkpt>
      <trkpt lat="22.3808010853" lon="114.3311132876"><ele>88.000</ele></trkpt>
      <trkpt lat="22.3808122106" lon="114.3311230480"><ele>87.000</ele></trkpt>
      <trkpt lat="22.3808234363" lon="114.3311326336"><ele>87.000</ele></trkpt>
      <trkpt lat="22.3808348122" lon="114.3311419563"><ele>87.000</ele></trkpt>
      <trkpt lat="22.3808463898" lon="114.3311509316"><ele>87.000</ele></trkpt>
      <trkpt lat="22.3808586384" lon="114.3311589016"><ele>88.000</ele></trkpt>
      <trkpt lat="22.3808724315" lon="114.3311646109"><ele>88.000</ele></trkpt>
      <trkpt lat="22.3808862973" lon="114.3311699425"><ele>86.000</ele></trkpt>
      <trkpt lat="22.3808985702" lon="114.3311770436"><ele>86.000</ele></trkpt>
      <trkpt lat="22.3809088618" lon="114.3311879109"><ele>88.000</ele></trkpt>
      <trkpt lat="22.3809179222" lon="114.3312020279"><ele>88.000</ele></trkpt>
      <trkpt lat="22.3809225306" lon="114.3312170294"><ele>90.000</ele></trkpt>
      <trkpt lat="22.3809202959" lon="114.3312308922"><ele>90.000</ele></trkpt>
      <trkpt lat="22.3809154760" lon="114.3312444238"><ele>90.000</ele></trkpt>
      <trkpt lat="22.3809093179" lon="114.3312579230"><ele>90.000</ele></trkpt>
      <trkpt lat="22.3809021574" lon="114.3312713996"><ele>93.000</ele></trkpt>
      <trkpt lat="22.3808943322" lon="114.3312848610"><ele>90.000</ele></trkpt>
      <trkpt lat="22.3808861784" lon="114.3312983152"><ele>90.000</ele></trkpt>
      <trkpt lat="22.3808780345" lon="114.3313117704"><ele>93.000</ele></trkpt>
      <trkpt lat="22.3808702355" lon="114.3313252337"><ele>93.000</ele></trkpt>
      <trkpt lat="22.3808630976" lon="114.3313387327"><ele>93.000</ele></trkpt>
      <trkpt lat="22.3808564452" lon="114.3313525391"><ele>93.000</ele></trkpt>
      <trkpt lat="22.3808500832" lon="114.3313666682"><ele>91.000</ele></trkpt>
      <trkpt lat="22.3808439179" lon="114.3313810150"><ele>91.000</ele></trkpt>
      <trkpt lat="22.3808378555" lon="114.3313954755"><ele>91.000</ele></trkpt>
      <trkpt lat="22.3808318030" lon="114.3314099467"><ele>92.000</ele></trkpt>
      <trkpt lat="22.3808256666" lon="114.3314243256"><ele>92.000</ele></trkpt>
      <trkpt lat="22.3808193542" lon="114.3314385072"><ele>92.000</ele></trkpt>
      <trkpt lat="22.3808127713" lon="114.3314523894"><ele>92.000</ele></trkpt>
      <trkpt lat="22.3808058248" lon="114.3314658682"><ele>90.000</ele></trkpt>
      <trkpt lat="22.3807984227" lon="114.3314788396"><ele>90.000</ele></trkpt>
      <trkpt lat="22.3807904704" lon="114.3314911997"><ele>90.000</ele></trkpt>
      <trkpt lat="22.3807818748" lon="114.3315028454"><ele>90.000</ele></trkpt>
      <trkpt lat="22.3807725387" lon="114.3315136687"><ele>90.000</ele></trkpt>
      <trkpt lat="22.3807621138" lon="114.3315232324"><ele>88.000</ele></trkpt>
      <trkpt lat="22.3807505685" lon="114.3315314888"><ele>88.000</ele></trkpt>
      <trkpt lat="22.3807381176" lon="114.3315386995"><ele>88.000</ele></trkpt>
      <trkpt lat="22.3807249739" lon="114.3315451247"><ele>88.000</ele></trkpt>
      <trkpt lat="22.3807113502" lon="114.3315510251"><ele>87.000</ele></trkpt>
      <trkpt lat="22.3806974613" lon="114.3315566621"><ele>88.000</ele></trkpt>
      <trkpt lat="22.3806835201" lon="114.3315622970"><ele>88.000</ele></trkpt>
      <trkpt lat="22.3806697402" lon="114.3315681904"><ele>88.000</ele></trkpt>
      <trkpt lat="22.3806563346" lon="114.3315746028"><ele>88.000</ele></trkpt>
      <trkpt lat="22.3806435189" lon="114.3315817955"><ele>88.000</ele></trkpt>
      <trkpt lat="22.3806315040" lon="114.3315900291"><ele>88.000</ele></trkpt>
      <trkpt lat="22.3806203848" lon="114.3315994920"><ele>86.000</ele></trkpt>
      <trkpt lat="22.3806099327" lon="114.3316100325"><ele>88.000</ele></trkpt>
      <trkpt lat="22.3806000081" lon="114.3316214193"><ele>88.000</ele></trkpt>
      <trkpt lat="22.3805904776" lon="114.3316334271"><ele>88.000</ele></trkpt>
      <trkpt lat="22.3805812067" lon="114.3316458274"><ele>85.000</ele></trkpt>
      <trkpt lat="22.3805720604" lon="114.3316583920"><ele>86.000</ele></trkpt>
      <trkpt lat="22.3805629059" lon="114.3316708944"><ele>86.000</ele></trkpt>
      <trkpt lat="22.3805536082" lon="114.3316831063"><ele>86.000</ele></trkpt>
      <trkpt lat="22.3805440337" lon="114.3316947994"><ele>86.000</ele></trkpt>
      <trkpt lat="22.3805340472" lon="114.3317057482"><ele>84.000</ele></trkpt>
      <trkpt lat="22.3805235162" lon="114.3317157235"><ele>84.000</ele></trkpt>
      <trkpt lat="22.3805123055" lon="114.3317244988"><ele>84.000</ele></trkpt>
      <trkpt lat="22.3805002906" lon="114.3317318594"><ele>84.000</ele></trkpt>
      <trkpt lat="22.3804877158" lon="114.3317381862"><ele>81.000</ele></trkpt>
      <trkpt lat="22.3804747752" lon="114.3317438018"><ele>81.000</ele></trkpt>
      <trkpt lat="22.3804615082" lon="114.3317487859"><ele>82.000</ele></trkpt>
      <trkpt lat="22.3804479555" lon="114.3317532221"><ele>82.000</ele></trkpt>
      <trkpt lat="22.3804341576" lon="114.3317571909"><ele>82.000</ele></trkpt>
      <trkpt lat="22.3804201542" lon="114.3317607759"><ele>82.000</ele></trkpt>
      <trkpt lat="22.3804059858" lon="114.3317640588"><ele>82.000</ele></trkpt>
      <trkpt lat="22.3803916930" lon="114.3317671211"><ele>79.000</ele></trkpt>
      <trkpt lat="22.3803773154" lon="114.3317700454"><ele>79.000</ele></trkpt>
      <trkpt lat="22.3803628946" lon="114.3317729133"><ele>79.000</ele></trkpt>
      <trkpt lat="22.3803484683" lon="114.3317758065"><ele>76.000</ele></trkpt>
      <trkpt lat="22.3803340798" lon="114.3317788085"><ele>76.000</ele></trkpt>
      <trkpt lat="22.3803197670" lon="114.3317819990"><ele>76.000</ele></trkpt>
      <trkpt lat="22.3803055714" lon="114.3317854624"><ele>75.000</ele></trkpt>
      <trkpt lat="22.3802915325" lon="114.3317892795"><ele>75.000</ele></trkpt>
      <trkpt lat="22.3802776910" lon="114.3317935327"><ele>75.000</ele></trkpt>
      <trkpt lat="22.3802640874" lon="114.3317983038"><ele>78.000</ele></trkpt>
      <trkpt lat="22.3802507613" lon="114.3318036743"><ele>78.000</ele></trkpt>
      <trkpt lat="22.3802376857" lon="114.3318096762"><ele>78.000</ele></trkpt>
      <trkpt lat="22.3802243787" lon="114.3318159605"><ele>78.000</ele></trkpt>
      <trkpt lat="22.3802108078" lon="114.3318224532"><ele>78.000</ele></trkpt>
      <trkpt lat="22.3801970587" lon="114.3318291661"><ele>78.000</ele></trkpt>
      <trkpt lat="22.3801832191" lon="114.3318361120"><ele>78.000</ele></trkpt>
      <trkpt lat="22.3801693757" lon="114.3318433006"><ele>81.000</ele></trkpt>
      <trkpt lat="22.3801556151" lon="114.3318507447"><ele>84.000</ele></trkpt>
      <trkpt lat="22.3801420222" lon="114.3318584551"><ele>84.000</ele></trkpt>
      <trkpt lat="22.3801286865" lon="114.3318664434"><ele>83.000</ele></trkpt>
      <trkpt lat="22.3801156918" lon="114.3318747215"><ele>83.000</ele></trkpt>
      <trkpt lat="22.3801031266" lon="114.3318833001"><ele>83.000</ele></trkpt>
      <trkpt lat="22.3800910759" lon="114.3318921919"><ele>83.000</ele></trkpt>
      <trkpt lat="22.3800796282" lon="114.3319014077"><ele>82.000</ele></trkpt>
      <trkpt lat="22.3800716031" lon="114.3319085310"><ele>82.000</ele></trkpt>
      <trkpt lat="22.3800716394" lon="114.3319083543"><ele>82.000</ele></trkpt>
      <trkpt lat="22.3800521351" lon="114.3319237213"><ele>82.000</ele></trkpt>
      <trkpt lat="22.3800389070" lon="114.3319352170"><ele>76.000</ele></trkpt>
      <trkpt lat="22.3800275165" lon="114.3319487976"><ele>73.000</ele></trkpt>
      <trkpt lat="22.3800182446" lon="114.3319641294"><ele>73.000</ele></trkpt>
      <trkpt lat="22.3800178816" lon="114.3319650048"><ele>73.000</ele></trkpt>
      <trkpt lat="22.3800113202" lon="114.3319808338"><ele>73.000</ele></trkpt>
      <trkpt lat="22.3800069136" lon="114.3319984975"><ele>73.000</ele></trkpt>
      <trkpt lat="22.3800051352" lon="114.3320166856"><ele>73.000</ele></trkpt>
      <trkpt lat="22.3800060270" lon="114.3320349484"><ele>73.000</ele></trkpt>
      <trkpt lat="22.3800095679" lon="114.3320528355"><ele>74.000</ele></trkpt>
      <trkpt lat="22.3800156706" lon="114.3320699059"><ele>74.000</ele></trkpt>
      <trkpt lat="22.3800241838" lon="114.3320857380"><ele>74.000</ele></trkpt>
      <trkpt lat="22.3800348984" lon="114.3320999413"><ele>73.000</ele></trkpt>
      <trkpt lat="22.3800575980" lon="114.3321577603"><ele>76.000</ele></trkpt>
      <trkpt lat="22.3800829004" lon="114.3322143160"><ele>74.000</ele></trkpt>
      <trkpt lat="22.3801107445" lon="114.3322694734"><ele>74.000</ele></trkpt>
      <trkpt lat="22.3801410634" lon="114.3323231013"><ele>77.000</ele></trkpt>
      <trkpt lat="22.3800847417" lon="114.3324567882"><ele>70.000</ele></trkpt>
      <trkpt lat="22.3800263005" lon="114.3325894201"><ele>68.000</ele></trkpt>
      <trkpt lat="22.3800185525" lon="114.3326070616"><ele>68.000</ele></trkpt>
      <trkpt lat="22.3800134846" lon="114.3326257936"><ele>69.000</ele></trkpt>
      <trkpt lat="22.3800112219" lon="114.3326451502"><ele>69.000</ele></trkpt>
      <trkpt lat="22.3800118208" lon="114.3326646488"><ele>69.000</ele></trkpt>
      <trkpt lat="22.3800152674" lon="114.3326838030"><ele>67.000</ele></trkpt>
      <trkpt lat="22.3800153727" lon="114.3326841139"><ele>67.000</ele></trkpt>
      <trkpt lat="22.3800214753" lon="114.3327021349"><ele>67.000</ele></trkpt>
      <trkpt lat="22.3800302889" lon="114.3327191880"><ele>66.000</ele></trkpt>
      <trkpt lat="22.3800414891" lon="114.3327345357"><ele>66.000</ele></trkpt>
      <trkpt lat="22.3800547972" lon="114.3327477961"><ele>68.000</ele></trkpt>
      <trkpt lat="22.3800698804" lon="114.3327586397"><ele>68.000</ele></trkpt>
      <trkpt lat="22.3800863631" lon="114.3327667942"><ele>66.000</ele></trkpt>
      <trkpt lat="22.3801170885" lon="114.3327948957"><ele>67.000</ele></trkpt>
      <trkpt lat="22.3801494062" lon="114.3328208490"><ele>66.000</ele></trkpt>
      <trkpt lat="22.3801831891" lon="114.3328445484"><ele>67.000</ele></trkpt>
      <trkpt lat="22.3802182999" lon="114.3328659004"><ele>65.000</ele></trkpt>
      <trkpt lat="22.3802545969" lon="114.3328848184"><ele>66.000</ele></trkpt>
      <trkpt lat="22.3802919357" lon="114.3329012265"><ele>67.000</ele></trkpt>
      <trkpt lat="22.3803301666" lon="114.3329150585"><ele>64.000</ele></trkpt>
      <trkpt lat="22.3803691350" lon="114.3329262590"><ele>64.000</ele></trkpt>
      <trkpt lat="22.3803878376" lon="114.3329192603"><ele>64.000</ele></trkpt>
      <trkpt lat="22.3804072464" lon="114.3329150377"><ele>64.000</ele></trkpt>
      <trkpt lat="22.3804270083" lon="114.3329136673"><ele>64.000</ele></trkpt>
      <trkpt lat="22.3804467611" lon="114.3329151740"><ele>64.000</ele></trkpt>
      <trkpt lat="22.3804661445" lon="114.3329195322"><ele>64.000</ele></trkpt>
      <trkpt lat="22.3804848046" lon="114.3329266599"><ele>64.000</ele></trkpt>
      <trkpt lat="22.3805024001" lon="114.3329364285"><ele>66.000</ele></trkpt>
      <trkpt lat="22.3805186107" lon="114.3329486581"><ele>66.000</ele></trkpt>
      <trkpt lat="22.3805331385" lon="114.3329631270"><ele>64.000</ele></trkpt>
      <trkpt lat="22.3805457202" lon="114.3329795706"><ele>65.000</ele></trkpt>
      <trkpt lat="22.3805698050" lon="114.3330034768"><ele>65.000</ele></trkpt>
      <trkpt lat="22.3805958274" lon="114.3330249080"><ele>64.000</ele></trkpt>
      <trkpt lat="22.3806235663" lon="114.3330436845"><ele>64.000</ele></trkpt>
      <trkpt lat="22.3806527898" lon="114.3330596467"><ele>62.000</ele></trkpt>
      <trkpt lat="22.3806832516" lon="114.3330726622"><ele>63.000</ele></trkpt>
      <trkpt lat="22.3807146943" lon="114.3330826192"><ele>63.000</ele></trkpt>
      <trkpt lat="22.3807468535" lon="114.3330894348"><ele>64.000</ele></trkpt>
      <trkpt lat="22.3807794583" lon="114.3330930513"><ele>64.000</ele></trkpt>
      <trkpt lat="22.3808122341" lon="114.3330934394"><ele>64.000</ele></trkpt>
      <trkpt lat="22.3808449047" lon="114.3330905949"><ele>64.000</ele></trkpt>
      <trkpt lat="22.3808771955" lon="114.3330845407"><ele>64.000</ele></trkpt>
      <trkpt lat="22.3809088346" lon="114.3330753300"><ele>62.000</ele></trkpt>
      <trkpt lat="22.3809628943" lon="114.3329954656"><ele>66.000</ele></trkpt>
      <trkpt lat="22.3810140969" lon="114.3329134530"><ele>64.000</ele></trkpt>
      <trkpt lat="22.3810623710" lon="114.3328294125"><ele>64.000</ele></trkpt>
      <trkpt lat="22.3810789045" lon="114.3327709104"><ele>66.000</ele></trkpt>
      <trkpt lat="22.3810900994" lon="114.3327486107"><ele>67.000</ele></trkpt>
      <trkpt lat="22.3811076452" lon="114.3327434625"><ele>67.000</ele></trkpt>
      <trkpt lat="22.3811220141" lon="114.3327589440"><ele>67.000</ele></trkpt>
      <trkpt lat="22.3811299654" lon="114.3327898479"><ele>68.000</ele></trkpt>
      <trkpt lat="22.3811155534" lon="114.3328378896"><ele>65.000</ele></trkpt>
      <trkpt lat="22.3811130778" lon="114.3328832413"><ele>64.000</ele></trkpt>
      <trkpt lat="22.3811208827" lon="114.3329291891"><ele>64.000</ele></trkpt>
      <trkpt lat="22.3811316359" lon="114.3329744449"><ele>66.000</ele></trkpt>
      <trkpt lat="22.3811444486" lon="114.3330453846"><ele>64.000</ele></trkpt>
      <trkpt lat="22.3811809864" lon="114.3331038906"><ele>67.000</ele></trkpt>
      <trkpt lat="22.3812138641" lon="114.3331623945"><ele>65.000</ele></trkpt>
      <trkpt lat="22.3812260919" lon="114.3332506790"><ele>66.000</ele></trkpt>
      <trkpt lat="22.3812752530" lon="114.3333478314"><ele>70.000</ele></trkpt>
      <trkpt lat="22.3813203268" lon="114.3334273251"><ele>74.000</ele></trkpt>
      <trkpt lat="22.3813818060" lon="114.3335200791"><ele>73.000</ele></trkpt>
      <trkpt lat="22.3814325168" lon="114.3335517864"><ele>74.000</ele></trkpt>
      <trkpt lat="22.3814680646" lon="114.3335544859"><ele>74.000</ele></trkpt>
      <trkpt lat="22.3815210764" lon="114.3335674346"><ele>76.000</ele></trkpt>
      <trkpt lat="22.3815704522" lon="114.3335723606"><ele>76.000</ele></trkpt>
      <trkpt lat="22.3816398270" lon="114.3335688863"><ele>78.000</ele></trkpt>
      <trkpt lat="22.3816457812" lon="114.3335908993"><ele>78.000</ele></trkpt>
      <trkpt lat="22.3816294920" lon="114.3336122621"><ele>79.000</ele></trkpt>
      <trkpt lat="22.3815769867" lon="114.3336469611"><ele>79.000</ele></trkpt>
      <trkpt lat="22.3814976545" lon="114.3337001523"><ele>78.000</ele></trkpt>
      <trkpt lat="22.3814178735" lon="114.3337403099"><ele>77.000</ele></trkpt>
      <trkpt lat="22.3813035235" lon="114.3338245247"><ele>74.000</ele></trkpt>
      <trkpt lat="22.3811721596" lon="114.3338420325"><ele>75.000</ele></trkpt>
      <trkpt lat="22.3811064349" lon="114.3338949202"><ele>75.000</ele></trkpt>
      <trkpt lat="22.3810981490" lon="114.3339743550"><ele>77.000</ele></trkpt>
      <trkpt lat="22.3810665380" lon="114.3340689582"><ele>80.000</ele></trkpt>
      <trkpt lat="22.3810488764" lon="114.3340835173"><ele>80.000</ele></trkpt>
      <trkpt lat="22.3810329665" lon="114.3341002495"><ele>78.000</ele></trkpt>
      <trkpt lat="22.3810190368" lon="114.3341189114"><ele>78.000</ele></trkpt>
      <trkpt lat="22.3810072892" lon="114.3341392353"><ele>79.000</ele></trkpt>
      <trkpt lat="22.3809978926" lon="114.3341609271"><ele>79.000</ele></trkpt>
      <trkpt lat="22.3809909829" lon="114.3341836742"><ele>80.000</ele></trkpt>
      <trkpt lat="22.3809866607" lon="114.3342071486"><ele>78.000</ele></trkpt>
      <trkpt lat="22.3809849867" lon="114.3342310096"><ele>78.000</ele></trkpt>
      <trkpt lat="22.3809859857" lon="114.3342549153"><ele>78.000</ele></trkpt>
      <trkpt lat="22.3809849613" lon="114.3342932840"><ele>78.000</ele></trkpt>
      <trkpt lat="22.3809867147" lon="114.3343316219"><ele>76.000</ele></trkpt>
      <trkpt lat="22.3809912363" lon="114.3343696969"><ele>78.000</ele></trkpt>
      <trkpt lat="22.3809984972" lon="114.3344072787"><ele>78.000</ele></trkpt>
      <trkpt lat="22.3810084545" lon="114.3344441392"><ele>78.000</ele></trkpt>
      <trkpt lat="22.3810210468" lon="114.3344800559"><ele>77.000</ele></trkpt>
      <trkpt lat="22.3810257403" lon="114.3344908211"><ele>77.000</ele></trkpt>
      <trkpt lat="22.3810361995" lon="114.3345148113"><ele>80.000</ele></trkpt>
      <trkpt lat="22.3810538198" lon="114.3345481935"><ele>79.000</ele></trkpt>
      <trkpt lat="22.3810738004" lon="114.3345800014"><ele>78.000</ele></trkpt>
      <trkpt lat="22.3810960214" lon="114.3346100427"><ele>80.000</ele></trkpt>
      <trkpt lat="22.3811203474" lon="114.3346381346"><ele>81.000</ele></trkpt>
      <trkpt lat="22.3811249601" lon="114.3346799500"><ele>82.000</ele></trkpt>
      <trkpt lat="22.3811321712" lon="114.3347213392"><ele>82.000</ele></trkpt>
      <trkpt lat="22.3811419502" lon="114.3347621138"><ele>82.000</ele></trkpt>
      <trkpt lat="22.3811542523" lon="114.3348020910"><ele>82.000</ele></trkpt>
      <trkpt lat="22.3811690215" lon="114.3348410913"><ele>84.000</ele></trkpt>
      <trkpt lat="22.3811861922" lon="114.3348789369"><ele>84.000</ele></trkpt>
      <trkpt lat="22.3812056859" lon="114.3349154577"><ele>83.000</ele></trkpt>
      <trkpt lat="22.3812290863" lon="114.3349684243"><ele>84.000</ele></trkpt>
      <trkpt lat="22.3812494945" lon="114.3350228033"><ele>82.000</ele></trkpt>
      <trkpt lat="22.3812668374" lon="114.3350783984"><ele>84.000</ele></trkpt>
      <trkpt lat="22.3812810529" lon="114.3351350106"><ele>83.000</ele></trkpt>
      <trkpt lat="22.3812920889" lon="114.3351924367"><ele>81.000</ele></trkpt>
      <trkpt lat="22.3812999075" lon="114.3352504700"><ele>79.000</ele></trkpt>
      <trkpt lat="22.3813087828" lon="114.3352993031"><ele>80.000</ele></trkpt>
      <trkpt lat="22.3813201456" lon="114.3353475370"><ele>78.000</ele></trkpt>
      <trkpt lat="22.3813339608" lon="114.3353950250"><ele>75.000</ele></trkpt>
      <trkpt lat="22.3813501863" lon="114.3354416224"><ele>75.000</ele></trkpt>
      <trkpt lat="22.3813687734" lon="114.3354871893"><ele>73.000</ele></trkpt>
      <trkpt lat="22.3813896662" lon="114.3355315859"><ele>73.000</ele></trkpt>
      <trkpt lat="22.3813919522" lon="114.3355559816"><ele>71.000</ele></trkpt>
      <trkpt lat="22.3813851655" lon="114.3355802126"><ele>71.000</ele></trkpt>
      <trkpt lat="22.3813834340" lon="114.3356090801"><ele>70.000</ele></trkpt>
    </trkseg>
  </trk>
</gpx>
