<?xml version="1.0" encoding="UTF-8"?>
<gpx xmlns:xsi="http://www.w3.org/2001/XMLSchema-instance"
     xsi:schemaLocation="http://www.topografix.com/GPX/1/1 http://www.topografix.com/GPX/1/1/gpx.xsd"
     version="1.1" creator="json3d_batch_to_gpx"
     xmlns="http://www.topografix.com/GPX/1/1">
  <metadata>
    <name>SouthLantauCountryTrail</name>
  </metadata>
  <trk>
    <name>SouthLantauCountryTrail</name>
    <type>hike</type>
    <trkseg>
      <trkpt lat="22.2568742833" lon="113.9849968604"><ele>150.000</ele></trkpt>
      <trkpt lat="22.2568808666" lon="113.9849953098"><ele>150.000</ele></trkpt>
      <trkpt lat="22.2568945136" lon="113.9849906597"><ele>150.000</ele></trkpt>
      <trkpt lat="22.2569067178" lon="113.9849816370"><ele>150.000</ele></trkpt>
      <trkpt lat="22.2569177137" lon="113.9849657502"><ele>154.000</ele></trkpt>
      <trkpt lat="22.2569254556" lon="113.9849458455"><ele>154.000</ele></trkpt>
      <trkpt lat="22.2569343718" lon="113.9849086141"><ele>154.000</ele></trkpt>
      <trkpt lat="22.2569432804" lon="113.9848649650"><ele>154.000</ele></trkpt>
      <trkpt lat="22.2569491966" lon="113.9848161860"><ele>156.000</ele></trkpt>
      <trkpt lat="22.2569473744" lon="113.9847911612"><ele>156.000</ele></trkpt>
      <trkpt lat="22.2569431697" lon="113.9847712728"><ele>159.000</ele></trkpt>
      <trkpt lat="22.2569329951" lon="113.9847546018"><ele>159.000</ele></trkpt>
      <trkpt lat="22.2569162452" lon="113.9847340902"><ele>158.000</ele></trkpt>
      <trkpt lat="22.2569042812" lon="113.9847193465"><ele>162.000</ele></trkpt>
      <trkpt lat="22.2568928898" lon="113.9846840676"><ele>162.000</ele></trkpt>
      <trkpt lat="22.2568838994" lon="113.9846577691"><ele>163.000</ele></trkpt>
      <trkpt lat="22.2568749036" lon="113.9846276200"><ele>164.000</ele></trkpt>
      <trkpt lat="22.2568742693" lon="113.9845968182"><ele>164.000</ele></trkpt>
      <trkpt lat="22.2568784224" lon="113.9845730688"><ele>165.000</ele></trkpt>
      <trkpt lat="22.2568891470" lon="113.9845493105"><ele>165.000</ele></trkpt>
      <trkpt lat="22.2569171622" lon="113.9844992177"><ele>164.000</ele></trkpt>
      <trkpt lat="22.2569398128" lon="113.9844587582"><ele>164.000</ele></trkpt>
      <trkpt lat="22.2569648537" lon="113.9844182954"><ele>166.000</ele></trkpt>
      <trkpt lat="22.2569881029" lon="113.9843784773"><ele>167.000</ele></trkpt>
      <trkpt lat="22.2570137522" lon="113.9843476395"><ele>168.000</ele></trkpt>
      <trkpt lat="22.2570453675" lon="113.9843110183"><ele>170.000</ele></trkpt>
      <trkpt lat="22.2570829535" lon="113.9842718218"><ele>170.000</ele></trkpt>
      <trkpt lat="22.2571151719" lon="113.9842396915"><ele>172.000</ele></trkpt>
      <trkpt lat="22.2571462001" lon="113.9842114135"><ele>172.000</ele></trkpt>
      <trkpt lat="22.2571706759" lon="113.9841985447"><ele>172.000</ele></trkpt>
      <trkpt lat="22.2571981450" lon="113.9841914482"><ele>170.000</ele></trkpt>
      <trkpt lat="22.2572226246" lon="113.9841817888"><ele>170.000</ele></trkpt>
      <trkpt lat="22.2572560612" lon="113.9841701923"><ele>170.000</ele></trkpt>
      <trkpt lat="22.2572918867" lon="113.9841573089"><ele>169.000</ele></trkpt>
      <trkpt lat="22.2573086001" lon="113.9841470188"><ele>169.000</ele></trkpt>
      <trkpt lat="22.2573205276" lon="113.9841309589"><ele>168.000</ele></trkpt>
      <trkpt lat="22.2573288694" lon="113.9841136213"><ele>169.000</ele></trkpt>
      <trkpt lat="22.2573312361" lon="113.9840943661"><ele>168.000</ele></trkpt>
      <trkpt lat="22.2573270329" lon="113.9840757622"><ele>168.000</ele></trkpt>
      <trkpt lat="22.2573186408" lon="113.9840507463"><ele>168.000</ele></trkpt>
      <trkpt lat="22.2573108404" lon="113.9840212378"><ele>168.000</ele></trkpt>
      <trkpt lat="22.2573078165" lon="113.9839904383"><ele>168.000</ele></trkpt>
      <trkpt lat="22.2573047859" lon="113.9839532231"><ele>168.000</ele></trkpt>
      <trkpt lat="22.2573071427" lon="113.9839256255"><ele>168.000</ele></trkpt>
      <trkpt lat="22.2573100986" lon="113.9838999528"><ele>170.000</ele></trkpt>
      <trkpt lat="22.2573208291" lon="113.9838819697"><ele>170.000</ele></trkpt>
      <trkpt lat="22.2573351462" lon="113.9838659065"><ele>172.000</ele></trkpt>
      <trkpt lat="22.2573554194" lon="113.9838350759"><ele>171.000</ele></trkpt>
      <trkpt lat="22.2573792769" lon="113.9838042405"><ele>172.000</ele></trkpt>
      <trkpt lat="22.2574031435" lon="113.9837817475"><ele>172.000</ele></trkpt>
      <trkpt lat="22.2574317859" lon="113.9837566809"><ele>170.000</ele></trkpt>
      <trkpt lat="22.2574514873" lon="113.9837476701"><ele>170.000</ele></trkpt>
      <trkpt lat="22.2574729850" lon="113.9837418653"><ele>170.000</ele></trkpt>
      <trkpt lat="22.2574998539" lon="113.9837328437"><ele>170.000</ele></trkpt>
      <trkpt lat="22.2575285093" lon="113.9837186866"><ele>170.000</ele></trkpt>
      <trkpt lat="22.2575553708" lon="113.9837026071"><ele>170.000</ele></trkpt>
      <trkpt lat="22.2575834201" lon="113.9836807495"><ele>170.000</ele></trkpt>
      <trkpt lat="22.2576025145" lon="113.9836640384"><ele>172.000</ele></trkpt>
      <trkpt lat="22.2576216090" lon="113.9836466860"><ele>171.000</ele></trkpt>
      <trkpt lat="22.2576413103" lon="113.9836376743"><ele>172.000</ele></trkpt>
      <trkpt lat="22.2576574367" lon="113.9836357274"><ele>172.000</ele></trkpt>
      <trkpt lat="22.2576753577" lon="113.9836369863"><ele>172.000</ele></trkpt>
      <trkpt lat="22.2577004534" lon="113.9836427273"><ele>174.000</ele></trkpt>
      <trkpt lat="22.2577147841" lon="113.9836382157"><ele>174.000</ele></trkpt>
      <trkpt lat="22.2577261185" lon="113.9836253649"><ele>174.000</ele></trkpt>
      <trkpt lat="22.2577278873" lon="113.9836061114"><ele>172.000</ele></trkpt>
      <trkpt lat="22.2577296645" lon="113.9835939159"><ele>175.000</ele></trkpt>
      <trkpt lat="22.2577391836" lon="113.9835611743"><ele>170.000</ele></trkpt>
      <trkpt lat="22.2577498957" lon="113.9835277906"><ele>170.000</ele></trkpt>
      <trkpt lat="22.2577641723" lon="113.9834777162"><ele>163.000</ele></trkpt>
      <trkpt lat="22.2577838346" lon="113.9834359769"><ele>169.000</ele></trkpt>
      <trkpt lat="22.2578064836" lon="113.9833935912"><ele>167.000</ele></trkpt>
      <trkpt lat="22.2578261582" lon="113.9833621200"><ele>170.000</ele></trkpt>
      <trkpt lat="22.2578524156" lon="113.9833409071"><ele>170.000</ele></trkpt>
      <trkpt lat="22.2578810695" lon="113.9833254663"><ele>170.000</ele></trkpt>
      <trkpt lat="22.2579204668" lon="113.9833029518"><ele>168.000</ele></trkpt>
      <trkpt lat="22.2579580762" lon="113.9832836481"><ele>169.000</ele></trkpt>
      <trkpt lat="22.2579956849" lon="113.9832637031"><ele>167.000</ele></trkpt>
      <trkpt lat="22.2580315057" lon="113.9832469688"><ele>168.000</ele></trkpt>
      <trkpt lat="22.2580673279" lon="113.9832321594"><ele>169.000</ele></trkpt>
      <trkpt lat="22.2580565431" lon="113.9832045797"><ele>174.000</ele></trkpt>
      <trkpt lat="22.2580445575" lon="113.9831718685"><ele>177.000</ele></trkpt>
      <trkpt lat="22.2580331620" lon="113.9831333801"><ele>178.000</ele></trkpt>
      <trkpt lat="22.2580283410" lon="113.9830974507"><ele>176.000</ele></trkpt>
      <trkpt lat="22.2580187478" lon="113.9830679436"><ele>174.000</ele></trkpt>
      <trkpt lat="22.2580043811" lon="113.9830422947"><ele>174.000</ele></trkpt>
      <trkpt lat="22.2579906092" lon="113.9830140778"><ele>172.000</ele></trkpt>
      <trkpt lat="22.2579756416" lon="113.9829858617"><ele>172.000</ele></trkpt>
      <trkpt lat="22.2579644934" lon="113.9829609311"><ele>174.000</ele></trkpt>
      <trkpt lat="22.2579648348" lon="113.9829382645"><ele>174.000</ele></trkpt>
      <trkpt lat="22.2579778455" lon="113.9828908694"><ele>176.000</ele></trkpt>
      <trkpt lat="22.2580038924" lon="113.9828188916"><ele>178.000</ele></trkpt>
      <trkpt lat="22.2580282910" lon="113.9827346327"><ele>180.000</ele></trkpt>
      <trkpt lat="22.2580385874" lon="113.9827011264"><ele>180.000</ele></trkpt>
      <trkpt lat="22.2580200470" lon="113.9826697214"><ele>180.000</ele></trkpt>
      <trkpt lat="22.2579530102" lon="113.9826101542"><ele>177.000</ele></trkpt>
      <trkpt lat="22.2578810670" lon="113.9825453298"><ele>172.000</ele></trkpt>
      <trkpt lat="22.2578271174" lon="113.9825032922"><ele>172.000</ele></trkpt>
      <trkpt lat="22.2577976943" lon="113.9824840313"><ele>174.000</ele></trkpt>
      <trkpt lat="22.2577774237" lon="113.9824768878"><ele>174.000</ele></trkpt>
      <trkpt lat="22.2577634965" lon="113.9824782042"><ele>174.000</ele></trkpt>
      <trkpt lat="22.2577530435" lon="113.9824819440"><ele>174.000</ele></trkpt>
      <trkpt lat="22.2577433796" lon="113.9824885448"><ele>174.000</ele></trkpt>
      <trkpt lat="22.2577261534" lon="113.9825071958"><ele>172.000</ele></trkpt>
      <trkpt lat="22.2576992625" lon="113.9825393163"><ele>172.000</ele></trkpt>
      <trkpt lat="22.2576752444" lon="113.9825648552"><ele>172.000</ele></trkpt>
      <trkpt lat="22.2576535768" lon="113.9825923893"><ele>172.000</ele></trkpt>
      <trkpt lat="22.2576444507" lon="113.9826107477"><ele>172.000</ele></trkpt>
      <trkpt lat="22.2576209605" lon="113.9826698827"><ele>172.000</ele></trkpt>
      <trkpt lat="22.2576107878" lon="113.9826890963"><ele>172.000</ele></trkpt>
      <trkpt lat="22.2575891181" lon="113.9827149132"><ele>170.000</ele></trkpt>
      <trkpt lat="22.2575763260" lon="113.9827261071"><ele>170.000</ele></trkpt>
      <trkpt lat="22.2575606598" lon="113.9827390484"><ele>168.000</ele></trkpt>
      <trkpt lat="22.2575484363" lon="113.9827453665"><ele>168.000</ele></trkpt>
      <trkpt lat="22.2575350204" lon="113.9827514398"><ele>168.000</ele></trkpt>
      <trkpt lat="22.2575153138" lon="113.9827559588"><ele>168.000</ele></trkpt>
      <trkpt lat="22.2574973926" lon="113.9827553413"><ele>168.000</ele></trkpt>
      <trkpt lat="22.2574788754" lon="113.9827553668"><ele>168.000</ele></trkpt>
      <trkpt lat="22.2574573777" lon="113.9827611728"><ele>168.000</ele></trkpt>
      <trkpt lat="22.2574412507" lon="113.9827618363"><ele>168.000</ele></trkpt>
      <trkpt lat="22.2574263146" lon="113.9827592898"><ele>168.000</ele></trkpt>
      <trkpt lat="22.2574000172" lon="113.9827477753"><ele>170.000</ele></trkpt>
      <trkpt lat="22.2573635620" lon="113.9827330655"><ele>173.000</ele></trkpt>
      <trkpt lat="22.2573169434" lon="113.9827113117"><ele>174.000</ele></trkpt>
      <trkpt lat="22.2572774979" lon="113.9826933977"><ele>174.000</ele></trkpt>
      <trkpt lat="22.2572523869" lon="113.9826741804"><ele>174.000</ele></trkpt>
      <trkpt lat="22.2572332396" lon="113.9826472547"><ele>174.000</ele></trkpt>
      <trkpt lat="22.2572140716" lon="113.9826030019"><ele>175.000</ele></trkpt>
      <trkpt lat="22.2572050685" lon="113.9825670775"><ele>178.000</ele></trkpt>
      <trkpt lat="22.2571996542" lon="113.9825349987"><ele>180.000</ele></trkpt>
      <trkpt lat="22.2572043903" lon="113.9824990564"><ele>180.000</ele></trkpt>
      <trkpt lat="22.2572049565" lon="113.9824733860"><ele>182.000</ele></trkpt>
      <trkpt lat="22.2571983275" lon="113.9824246241"><ele>182.000</ele></trkpt>
      <trkpt lat="22.2571935002" lon="113.9823835608"><ele>186.000</ele></trkpt>
      <trkpt lat="22.2571946481" lon="113.9823444141"><ele>188.000</ele></trkpt>
      <trkpt lat="22.2571969885" lon="113.9823033400"><ele>188.000</ele></trkpt>
      <trkpt lat="22.2571981362" lon="113.9822648355"><ele>188.000</ele></trkpt>
      <trkpt lat="22.2571927234" lon="113.9822340403"><ele>191.000</ele></trkpt>
      <trkpt lat="22.2571795221" lon="113.9821840040"><ele>190.000</ele></trkpt>
      <trkpt lat="22.2571699066" lon="113.9821352462"><ele>192.000</ele></trkpt>
      <trkpt lat="22.2571602856" lon="113.9820826378"><ele>192.000</ele></trkpt>
      <trkpt lat="22.2571524501" lon="113.9820242516"><ele>194.000</ele></trkpt>
      <trkpt lat="22.2571440186" lon="113.9819665085"><ele>196.000</ele></trkpt>
      <trkpt lat="22.2571397827" lon="113.9819209517"><ele>198.000</ele></trkpt>
      <trkpt lat="22.2571451094" lon="113.9818798744"><ele>199.000</ele></trkpt>
      <trkpt lat="22.2571516308" lon="113.9818387945"><ele>200.000</ele></trkpt>
      <trkpt lat="22.2571581483" lon="113.9817945072"><ele>200.000</ele></trkpt>
      <trkpt lat="22.2571622802" lon="113.9817534306"><ele>201.000</ele></trkpt>
      <trkpt lat="22.2571622332" lon="113.9817142855"><ele>202.000</ele></trkpt>
      <trkpt lat="22.2571669691" lon="113.9816783431"><ele>202.000</ele></trkpt>
      <trkpt lat="22.2571860287" lon="113.9816321127"><ele>204.000</ele></trkpt>
      <trkpt lat="22.2572146315" lon="113.9815743173"><ele>206.000</ele></trkpt>
      <trkpt lat="22.2572396423" lon="113.9815101101"><ele>209.000</ele></trkpt>
      <trkpt lat="22.2572604781" lon="113.9814510429"><ele>209.000</ele></trkpt>
      <trkpt lat="22.2572717691" lon="113.9814022561"><ele>209.000</ele></trkpt>
      <trkpt lat="22.2572830601" lon="113.9813534693"><ele>212.000</ele></trkpt>
      <trkpt lat="22.2572931802" lon="113.9813252196"><ele>212.000</ele></trkpt>
      <trkpt lat="22.2573027057" lon="113.9812982543"><ele>212.000</ele></trkpt>
      <trkpt lat="22.2573068545" lon="113.9812712954"><ele>211.000</ele></trkpt>
      <trkpt lat="22.2573020399" lon="113.9812417829"><ele>211.000</ele></trkpt>
      <trkpt lat="22.2572870552" lon="113.9811988080"><ele>212.000</ele></trkpt>
      <trkpt lat="22.2572690885" lon="113.9811603301"><ele>212.000</ele></trkpt>
      <trkpt lat="22.2572487477" lon="113.9811346888"><ele>215.000</ele></trkpt>
      <trkpt lat="22.2572212502" lon="113.9811180421"><ele>214.000</ele></trkpt>
      <trkpt lat="22.2571961545" lon="113.9811116603"><ele>214.000</ele></trkpt>
      <trkpt lat="22.2571746507" lon="113.9811123315"><ele>214.000</ele></trkpt>
      <trkpt lat="22.2571418004" lon="113.9811149442"><ele>214.000</ele></trkpt>
      <trkpt lat="22.2571035757" lon="113.9811194892"><ele>212.000</ele></trkpt>
      <trkpt lat="22.2570659442" lon="113.9811195415"><ele>214.000</ele></trkpt>
      <trkpt lat="22.2570360695" lon="113.9811131664"><ele>214.000</ele></trkpt>
      <trkpt lat="22.2570133555" lon="113.9811010050"><ele>214.000</ele></trkpt>
      <trkpt lat="22.2569972015" lon="113.9810792085"><ele>215.000</ele></trkpt>
      <trkpt lat="22.2569858224" lon="113.9810548393"><ele>215.000</ele></trkpt>
      <trkpt lat="22.2569839828" lon="113.9810150545"><ele>216.000</ele></trkpt>
      <trkpt lat="22.2569887130" lon="113.9809752616"><ele>218.000</ele></trkpt>
      <trkpt lat="22.2569994154" lon="113.9809335346"><ele>220.000</ele></trkpt>
      <trkpt lat="22.2570143059" lon="113.9808982194"><ele>218.000</ele></trkpt>
      <trkpt lat="22.2570339839" lon="113.9808699554"><ele>216.000</ele></trkpt>
      <trkpt lat="22.2570566685" lon="113.9808577318"><ele>217.000</ele></trkpt>
      <trkpt lat="22.2570823496" lon="113.9808538455"><ele>217.000</ele></trkpt>
      <trkpt lat="22.2571104224" lon="113.9808525229"><ele>218.000</ele></trkpt>
      <trkpt lat="22.2571456653" lon="113.9808524739"><ele>218.000</ele></trkpt>
      <trkpt lat="22.2572036044" lon="113.9808498262"><ele>218.000</ele></trkpt>
      <trkpt lat="22.2572615458" lon="113.9808491042"><ele>219.000</ele></trkpt>
      <trkpt lat="22.2573087337" lon="113.9808477550"><ele>220.000</ele></trkpt>
      <trkpt lat="22.2573541292" lon="113.9808457661"><ele>222.000</ele></trkpt>
      <trkpt lat="22.2573911560" lon="113.9808392979"><ele>222.000</ele></trkpt>
      <trkpt lat="22.2574102571" lon="113.9808277205"><ele>224.000</ele></trkpt>
      <trkpt lat="22.2574239777" lon="113.9808123000"><ele>224.000</ele></trkpt>
      <trkpt lat="22.2574299266" lon="113.9807923975"><ele>224.000</ele></trkpt>
      <trkpt lat="22.2574274953" lon="113.9807577476"><ele>224.000</ele></trkpt>
      <trkpt lat="22.2574214721" lon="113.9807160447"><ele>222.000</ele></trkpt>
      <trkpt lat="22.2574058893" lon="113.9806730707"><ele>220.000</ele></trkpt>
      <trkpt lat="22.2573885218" lon="113.9806365167"><ele>220.000</ele></trkpt>
      <trkpt lat="22.2573843150" lon="113.9806153449"><ele>220.000</ele></trkpt>
      <trkpt lat="22.2573896630" lon="113.9805922359"><ele>220.000</ele></trkpt>
      <trkpt lat="22.2574003987" lon="113.9805781031"><ele>220.000</ele></trkpt>
      <trkpt lat="22.2574171134" lon="113.9805697373"><ele>222.000</ele></trkpt>
      <trkpt lat="22.2574439830" lon="113.9805607152"><ele>222.000</ele></trkpt>
      <trkpt lat="22.2574696657" lon="113.9805581133"><ele>223.000</ele></trkpt>
      <trkpt lat="22.2574953538" lon="113.9805600023"><ele>223.000</ele></trkpt>
      <trkpt lat="22.2575258331" lon="113.9805727941"><ele>224.000</ele></trkpt>
      <trkpt lat="22.2575497388" lon="113.9805823868"><ele>224.000</ele></trkpt>
      <trkpt lat="22.2575718450" lon="113.9805862065"><ele>224.000</ele></trkpt>
      <trkpt lat="22.2575873703" lon="113.9805823343"><ele>224.000</ele></trkpt>
      <trkpt lat="22.2575987052" lon="113.9805701255"><ele>223.000</ele></trkpt>
      <trkpt lat="22.2576052527" lon="113.9805508644"><ele>222.000</ele></trkpt>
      <trkpt lat="22.2576100014" lon="113.9805258313"><ele>222.000</ele></trkpt>
      <trkpt lat="22.2576147517" lon="113.9805020809"><ele>224.000</ele></trkpt>
      <trkpt lat="22.2576224861" lon="113.9804764005"><ele>224.000</ele></trkpt>
      <trkpt lat="22.2576344002" lon="113.9804494316"><ele>224.000</ele></trkpt>
      <trkpt lat="22.2576475159" lon="113.9804282366"><ele>224.000</ele></trkpt>
      <trkpt lat="22.2576612348" lon="113.9804121738"><ele>224.000</ele></trkpt>
      <trkpt lat="22.2576827177" lon="113.9803941753"><ele>223.000</ele></trkpt>
      <trkpt lat="22.2577018188" lon="113.9803825979"><ele>223.000</ele></trkpt>
      <trkpt lat="22.2577191297" lon="113.9803729477"><ele>223.000</ele></trkpt>
      <trkpt lat="22.2577396620" lon="113.9803664491"><ele>224.000</ele></trkpt>
      <trkpt lat="22.2577583255" lon="113.9803649037"><ele>224.000</ele></trkpt>
      <trkpt lat="22.2577791111" lon="113.9803654830"><ele>226.000</ele></trkpt>
      <trkpt lat="22.2577942420" lon="113.9803663729"><ele>226.000</ele></trkpt>
      <trkpt lat="22.2578044215" lon="113.9803649917"><ele>226.000</ele></trkpt>
      <trkpt lat="22.2578143141" lon="113.9803608761"><ele>224.000</ele></trkpt>
      <trkpt lat="22.2578232164" lon="113.9803555471"><ele>226.000</ele></trkpt>
      <trkpt lat="22.2578308768" lon="113.9803478459"><ele>226.000</ele></trkpt>
      <trkpt lat="22.2578403123" lon="113.9803392079"><ele>226.000</ele></trkpt>
      <trkpt lat="22.2578477766" lon="113.9803284093"><ele>226.000</ele></trkpt>
      <trkpt lat="22.2578658367" lon="113.9802826406"><ele>226.000</ele></trkpt>
      <trkpt lat="22.2578752624" lon="113.9802657951"><ele>226.000</ele></trkpt>
      <trkpt lat="22.2578992436" lon="113.9802325333"><ele>225.000</ele></trkpt>
      <trkpt lat="22.2579334528" lon="113.9801962401"><ele>228.000</ele></trkpt>
      <trkpt lat="22.2579539038" lon="113.9801785156"><ele>231.000</ele></trkpt>
      <trkpt lat="22.2579743595" lon="113.9801646816"><ele>230.000</ele></trkpt>
      <trkpt lat="22.2580011022" lon="113.9801447945"><ele>232.000</ele></trkpt>
      <trkpt lat="22.2580105457" lon="113.9801352834"><ele>232.000</ele></trkpt>
      <trkpt lat="22.2580199730" lon="113.9801197378"><ele>232.000</ele></trkpt>
      <trkpt lat="22.2580227168" lon="113.9801110995"><ele>234.000</ele></trkpt>
      <trkpt lat="22.2580254539" lon="113.9800968536"><ele>234.000</ele></trkpt>
      <trkpt lat="22.2580254247" lon="113.9800726867"><ele>234.000</ele></trkpt>
      <trkpt lat="22.2580187105" lon="113.9800541465"><ele>234.000</ele></trkpt>
      <trkpt lat="22.2580033198" lon="113.9800222300"><ele>234.000</ele></trkpt>
      <trkpt lat="22.2579902861" lon="113.9799903200"><ele>232.000</ele></trkpt>
      <trkpt lat="22.2579831915" lon="113.9799782416"><ele>232.000</ele></trkpt>
      <trkpt lat="22.2579780434" lon="113.9799553819"><ele>232.000</ele></trkpt>
      <trkpt lat="22.2579772394" lon="113.9799402775"><ele>232.000</ele></trkpt>
      <trkpt lat="22.2579784040" lon="113.9799325048"><ele>232.000</ele></trkpt>
      <trkpt lat="22.2579819400" lon="113.9799217116"><ele>232.000</ele></trkpt>
      <trkpt lat="22.2580035588" lon="113.9798914800"><ele>235.000</ele></trkpt>
      <trkpt lat="22.2580255695" lon="113.9798642554"><ele>234.000</ele></trkpt>
      <trkpt lat="22.2580606874" lon="113.9798325981"><ele>236.000</ele></trkpt>
      <trkpt lat="22.2580842783" lon="113.9798127155"><ele>236.000</ele></trkpt>
      <trkpt lat="22.2581255739" lon="113.9797742487"><ele>236.000</ele></trkpt>
      <trkpt lat="22.2581578285" lon="113.9797496097"><ele>236.000</ele></trkpt>
      <trkpt lat="22.2581822052" lon="113.9797223817"><ele>236.000</ele></trkpt>
      <trkpt lat="22.2582176047" lon="113.9796921308"><ele>236.000</ele></trkpt>
      <trkpt lat="22.2582372668" lon="113.9796718170"><ele>241.000</ele></trkpt>
      <trkpt lat="22.2582518164" lon="113.9796579911"><ele>241.000</ele></trkpt>
      <trkpt lat="22.2582600580" lon="113.9796402836"><ele>241.000</ele></trkpt>
      <trkpt lat="22.2582631877" lon="113.9796221564"><ele>241.000</ele></trkpt>
      <trkpt lat="22.2582722276" lon="113.9796074748"><ele>245.000</ele></trkpt>
      <trkpt lat="22.2582749557" lon="113.9795858944"><ele>245.000</ele></trkpt>
      <trkpt lat="22.2582713801" lon="113.9795565517"><ele>244.000</ele></trkpt>
      <trkpt lat="22.2582701703" lon="113.9795345402"><ele>241.000</ele></trkpt>
      <trkpt lat="22.2582717322" lon="113.9795267767"><ele>241.000</ele></trkpt>
      <trkpt lat="22.2582788087" lon="113.9795164054"><ele>241.000</ele></trkpt>
      <trkpt lat="22.2582882343" lon="113.9794995597"><ele>241.000</ele></trkpt>
      <trkpt lat="22.2583023777" lon="113.9794710653"><ele>240.000</ele></trkpt>
      <trkpt lat="22.2583129879" lon="113.9794555180"><ele>245.000</ele></trkpt>
      <trkpt lat="22.2583247858" lon="113.9794438497"><ele>245.000</ele></trkpt>
      <trkpt lat="22.2583712255" lon="113.9793729912"><ele>248.000</ele></trkpt>
      <trkpt lat="22.2583786839" lon="113.9793574386"><ele>248.000</ele></trkpt>
      <trkpt lat="22.2583896862" lon="113.9793375735"><ele>245.000</ele></trkpt>
      <trkpt lat="22.2584144581" lon="113.9793086276"><ele>247.000</ele></trkpt>
      <trkpt lat="22.2585210183" lon="113.9791962777"><ele>242.000</ele></trkpt>
      <trkpt lat="22.2585335945" lon="113.9791785738"><ele>242.000</ele></trkpt>
      <trkpt lat="22.2585469464" lon="113.9791526611"><ele>244.000</ele></trkpt>
      <trkpt lat="22.2585571687" lon="113.9791375412"><ele>242.000</ele></trkpt>
      <trkpt lat="22.2585595120" lon="113.9791263227"><ele>242.000</ele></trkpt>
      <trkpt lat="22.2585590963" lon="113.9791112177"><ele>242.000</ele></trkpt>
      <trkpt lat="22.2585563168" lon="113.9790905084"><ele>244.000</ele></trkpt>
      <trkpt lat="22.2585488027" lon="113.9790603078"><ele>244.000</ele></trkpt>
      <trkpt lat="22.2585448385" lon="113.9790383001"><ele>244.000</ele></trkpt>
      <trkpt lat="22.2585424363" lon="113.9790085289"><ele>244.000</ele></trkpt>
      <trkpt lat="22.2585463437" lon="113.9789839296"><ele>242.000</ele></trkpt>
      <trkpt lat="22.2585471231" lon="113.9789714132"><ele>242.000</ele></trkpt>
      <trkpt lat="22.2585451450" lon="113.9789636449"><ele>242.000</ele></trkpt>
      <trkpt lat="22.2585400141" lon="113.9789550273"><ele>242.000</ele></trkpt>
      <trkpt lat="22.2585325209" lon="113.9789494302"><ele>240.000</ele></trkpt>
      <trkpt lat="22.2585112471" lon="113.9789365083"><ele>240.000</ele></trkpt>
      <trkpt lat="22.2584816997" lon="113.9789223077"><ele>240.000</ele></trkpt>
      <trkpt lat="22.2584419237" lon="113.9789107119"><ele>240.000</ele></trkpt>
      <trkpt lat="22.2584143507" lon="113.9789012624"><ele>242.000</ele></trkpt>
      <trkpt lat="22.2583982010" lon="113.9788913602"><ele>242.000</ele></trkpt>
      <trkpt lat="22.2583824321" lon="113.9788754134"><ele>242.000</ele></trkpt>
      <trkpt lat="22.2583737502" lon="113.9788577296"><ele>242.000</ele></trkpt>
      <trkpt lat="22.2583721446" lon="113.9788370187"><ele>244.000</ele></trkpt>
      <trkpt lat="22.2583776413" lon="113.9788197517"><ele>244.000</ele></trkpt>
      <trkpt lat="22.2583953162" lon="113.9787843447"><ele>244.000</ele></trkpt>
      <trkpt lat="22.2584220978" lon="113.9787076149"><ele>247.000</ele></trkpt>
      <trkpt lat="22.2584287579" lon="113.9786817214"><ele>247.000</ele></trkpt>
      <trkpt lat="22.2584299099" lon="113.9786562527"><ele>248.000</ele></trkpt>
      <trkpt lat="22.2584322370" lon="113.9786243211"><ele>248.000</ele></trkpt>
      <trkpt lat="22.2584274755" lon="113.9786001608"><ele>247.000</ele></trkpt>
      <trkpt lat="22.2584144473" lon="113.9785656508"><ele>246.000</ele></trkpt>
      <trkpt lat="22.2584100889" lon="113.9785462438"><ele>246.000</ele></trkpt>
      <trkpt lat="22.2584124286" lon="113.9785246638"><ele>246.000</ele></trkpt>
      <trkpt lat="22.2584202433" lon="113.9784754554"><ele>246.000</ele></trkpt>
      <trkpt lat="22.2584471284" lon="113.9784244350"><ele>248.000</ele></trkpt>
      <trkpt lat="22.2584593024" lon="113.9783955067"><ele>248.000</ele></trkpt>
      <trkpt lat="22.2584894970" lon="113.9782962156"><ele>247.000</ele></trkpt>
      <trkpt lat="22.2584989103" lon="113.9782694449"><ele>247.000</ele></trkpt>
      <trkpt lat="22.2585044164" lon="113.9782599392"><ele>247.000</ele></trkpt>
      <trkpt lat="22.2585213202" lon="113.9782439463"><ele>247.000</ele></trkpt>
      <trkpt lat="22.2585382347" lon="113.9782292535"><ele>250.000</ele></trkpt>
      <trkpt lat="22.2585539572" lon="113.9782072278"><ele>250.000</ele></trkpt>
      <trkpt lat="22.2585688807" lon="113.9781817397"><ele>250.000</ele></trkpt>
      <trkpt lat="22.2585795014" lon="113.9781674826"><ele>253.000</ele></trkpt>
      <trkpt lat="22.2585877417" lon="113.9781489212"><ele>253.000</ele></trkpt>
      <trkpt lat="22.2585916648" lon="113.9781372639"><ele>253.000</ele></trkpt>
      <trkpt lat="22.2585979291" lon="113.9781053170"><ele>252.000</ele></trkpt>
      <trkpt lat="22.2586069508" lon="113.9780833007"><ele>252.000</ele></trkpt>
      <trkpt lat="22.2586155880" lon="113.9780569677"><ele>249.000</ele></trkpt>
      <trkpt lat="22.2586202883" lon="113.9780384017"><ele>249.000</ele></trkpt>
      <trkpt lat="22.2586194948" lon="113.9780319317"><ele>245.000</ele></trkpt>
      <trkpt lat="22.2586171192" lon="113.9780241640"><ele>245.000</ele></trkpt>
      <trkpt lat="22.2586050266" lon="113.9780015082"><ele>245.000</ele></trkpt>
      <trkpt lat="22.2585943622" lon="113.9779726121"><ele>248.000</ele></trkpt>
      <trkpt lat="22.2585876431" lon="113.9779501815"><ele>248.000</ele></trkpt>
      <trkpt lat="22.2585813260" lon="113.9779389655"><ele>248.000</ele></trkpt>
      <trkpt lat="22.2585766014" lon="113.9779376818"><ele>247.000</ele></trkpt>
      <trkpt lat="22.2585695235" lon="113.9779394187"><ele>247.000</ele></trkpt>
      <trkpt lat="22.2585581066" lon="113.9779450425"><ele>247.000</ele></trkpt>
      <trkpt lat="22.2585474808" lon="113.9779476478"><ele>247.000</ele></trkpt>
      <trkpt lat="22.2585285797" lon="113.9779476745"><ele>247.000</ele></trkpt>
      <trkpt lat="22.2585057488" lon="113.9779464067"><ele>247.000</ele></trkpt>
      <trkpt lat="22.2584915644" lon="113.9779412558"><ele>247.000</ele></trkpt>
      <trkpt lat="22.2584726565" lon="113.9779283307"><ele>248.000</ele></trkpt>
      <trkpt lat="22.2584494049" lon="113.9779154214"><ele>248.000</ele></trkpt>
      <trkpt lat="22.2583792904" lon="113.9778853094"><ele>250.000</ele></trkpt>
      <trkpt lat="22.2583576171" lon="113.9778706710"><ele>250.000</ele></trkpt>
      <trkpt lat="22.2583363437" lon="113.9778581858"><ele>249.000</ele></trkpt>
      <trkpt lat="22.2583213631" lon="113.9778444015"><ele>249.000</ele></trkpt>
      <trkpt lat="22.2583142609" lon="113.9778262790"><ele>248.000</ele></trkpt>
      <trkpt lat="22.2583113019" lon="113.9778140882"><ele>248.000</ele></trkpt>
      <trkpt lat="22.2583036247" lon="113.9777762623"><ele>246.000</ele></trkpt>
      <trkpt lat="22.2583017945" lon="113.9777418336"><ele>246.000</ele></trkpt>
      <trkpt lat="22.2583044194" lon="113.9777172554"><ele>246.000</ele></trkpt>
      <trkpt lat="22.2583108278" lon="113.9776850464"><ele>249.000</ele></trkpt>
      <trkpt lat="22.2583197702" lon="113.9776572869"><ele>249.000</ele></trkpt>
      <trkpt lat="22.2583294609" lon="113.9776285270"><ele>248.000</ele></trkpt>
      <trkpt lat="22.2583355743" lon="113.9776061753"><ele>248.000</ele></trkpt>
      <trkpt lat="22.2583376120" lon="113.9775887481"><ele>249.000</ele></trkpt>
      <trkpt lat="22.2583305106" lon="113.9775639703"><ele>249.000</ele></trkpt>
      <trkpt lat="22.2583236390" lon="113.9775424325"><ele>251.000</ele></trkpt>
      <trkpt lat="22.2583242485" lon="113.9775166348"><ele>251.000</ele></trkpt>
      <trkpt lat="22.2583111848" lon="113.9774900900"><ele>252.000</ele></trkpt>
      <trkpt lat="22.2582891555" lon="113.9774871622"><ele>250.000</ele></trkpt>
      <trkpt lat="22.2582276419" lon="113.9775072630"><ele>248.000</ele></trkpt>
      <trkpt lat="22.2581878115" lon="113.9775036560"><ele>248.000</ele></trkpt>
      <trkpt lat="22.2581543557" lon="113.9774992115"><ele>248.000</ele></trkpt>
      <trkpt lat="22.2581322440" lon="113.9774909003"><ele>248.000</ele></trkpt>
      <trkpt lat="22.2581143047" lon="113.9774755242"><ele>248.000</ele></trkpt>
      <trkpt lat="22.2581088965" lon="113.9774492209"><ele>248.000</ele></trkpt>
      <trkpt lat="22.2581082578" lon="113.9774158518"><ele>248.000</ele></trkpt>
      <trkpt lat="22.2581016706" lon="113.9774023855"><ele>248.000</ele></trkpt>
      <trkpt lat="22.2580855286" lon="113.9773908566"><ele>250.000</ele></trkpt>
      <trkpt lat="22.2580658080" lon="113.9773838256"><ele>250.000</ele></trkpt>
      <trkpt lat="22.2580448979" lon="113.9773819304"><ele>250.000</ele></trkpt>
      <trkpt lat="22.2580257790" lon="113.9773781068"><ele>248.000</ele></trkpt>
      <trkpt lat="22.2580096370" lon="113.9773672202"><ele>248.000</ele></trkpt>
      <trkpt lat="22.2579958790" lon="113.9773511969"><ele>250.000</ele></trkpt>
      <trkpt lat="22.2579809152" lon="113.9773268330"><ele>248.000</ele></trkpt>
      <trkpt lat="22.2579623829" lon="113.9773146661"><ele>248.000</ele></trkpt>
      <trkpt lat="22.2579265312" lon="113.9773057322"><ele>248.000</ele></trkpt>
      <trkpt lat="22.2578835064" lon="113.9772923176"><ele>250.000</ele></trkpt>
      <trkpt lat="22.2578554210" lon="113.9772833726"><ele>250.000</ele></trkpt>
      <trkpt lat="22.2578327012" lon="113.9772667199"><ele>250.000</ele></trkpt>
      <trkpt lat="22.2578135633" lon="113.9772481373"><ele>250.000</ele></trkpt>
      <trkpt lat="22.2577878232" lon="113.9772032531"><ele>250.000</ele></trkpt>
      <trkpt lat="22.2577513115" lon="113.9771429828"><ele>250.000</ele></trkpt>
      <trkpt lat="22.2577297636" lon="113.9771077177"><ele>251.000</ele></trkpt>
      <trkpt lat="22.2577129922" lon="113.9770705220"><ele>250.000</ele></trkpt>
      <trkpt lat="22.2577087803" lon="113.9770454996"><ele>250.000</ele></trkpt>
      <trkpt lat="22.2577147217" lon="113.9770191812"><ele>250.000</ele></trkpt>
      <trkpt lat="22.2577284221" lon="113.9769883590"><ele>251.000</ele></trkpt>
      <trkpt lat="22.2577456973" lon="113.9769491892"><ele>250.000</ele></trkpt>
      <trkpt lat="22.2577629733" lon="113.9769113029"><ele>250.000</ele></trkpt>
      <trkpt lat="22.2577796689" lon="113.9768868931"><ele>252.000</ele></trkpt>
      <trkpt lat="22.2577939678" lon="113.9768567122"><ele>253.000</ele></trkpt>
      <trkpt lat="22.2578148075" lon="113.9768021359"><ele>255.000</ele></trkpt>
      <trkpt lat="22.2578344626" lon="113.9767559028"><ele>252.000</ele></trkpt>
      <trkpt lat="22.2578409969" lon="113.9767263742"><ele>252.000</ele></trkpt>
      <trkpt lat="22.2578367778" lon="113.9766955774"><ele>253.000</ele></trkpt>
      <trkpt lat="22.2578391262" lon="113.9766622042"><ele>254.000</ele></trkpt>
      <trkpt lat="22.2578534188" lon="113.9766268892"><ele>254.000</ele></trkpt>
      <trkpt lat="22.2578707097" lon="113.9766011959"><ele>255.000</ele></trkpt>
      <trkpt lat="22.2578909800" lon="113.9765690807"><ele>252.000</ele></trkpt>
      <trkpt lat="22.2579070595" lon="113.9765299125"><ele>256.000</ele></trkpt>
      <trkpt lat="22.2579279069" lon="113.9764817528"><ele>256.000</ele></trkpt>
      <trkpt lat="22.2579505374" lon="113.9764258903"><ele>259.000</ele></trkpt>
      <trkpt lat="22.2579666026" lon="113.9763751713"><ele>259.000</ele></trkpt>
      <trkpt lat="22.2579867011" lon="113.9763267740"><ele>259.000</ele></trkpt>
      <trkpt lat="22.2579966354" lon="113.9762994884"><ele>262.000</ele></trkpt>
      <trkpt lat="22.2580035441" lon="113.9762470409"><ele>260.000</ele></trkpt>
      <trkpt lat="22.2580015084" lon="113.9762117287"><ele>259.000</ele></trkpt>
      <trkpt lat="22.2579974650" lon="113.9761646473"><ele>258.000</ele></trkpt>
      <trkpt lat="22.2579894475" lon="113.9761250633"><ele>257.000</ele></trkpt>
      <trkpt lat="22.2579774369" lon="113.9760790643"><ele>261.000</ele></trkpt>
      <trkpt lat="22.2579644619" lon="113.9760587490"><ele>261.000</ele></trkpt>
      <trkpt lat="22.2579425662" lon="113.9760397058"><ele>260.000</ele></trkpt>
      <trkpt lat="22.2579079271" lon="113.9760343708"><ele>260.000</ele></trkpt>
      <trkpt lat="22.2578733338" lon="113.9760294916"><ele>257.000</ele></trkpt>
      <trkpt lat="22.2578506771" lon="113.9760377122"><ele>258.000</ele></trkpt>
      <trkpt lat="22.2578295056" lon="113.9760493262"><ele>256.000</ele></trkpt>
      <trkpt lat="22.2577996688" lon="113.9760641832"><ele>257.000</ele></trkpt>
      <trkpt lat="22.2577695017" lon="113.9760749077"><ele>257.000</ele></trkpt>
      <trkpt lat="22.2577421182" lon="113.9760800984"><ele>260.000</ele></trkpt>
      <trkpt lat="22.2577037699" lon="113.9760839561"><ele>260.000</ele></trkpt>
      <trkpt lat="22.2576694209" lon="113.9760867603"><ele>260.000</ele></trkpt>
      <trkpt lat="22.2576481050" lon="113.9760837832"><ele>260.000</ele></trkpt>
      <trkpt lat="22.2576251637" lon="113.9760736777"><ele>262.000</ele></trkpt>
      <trkpt lat="22.2576077316" lon="113.9760493320"><ele>262.000</ele></trkpt>
      <trkpt lat="22.2575939158" lon="113.9760135913"><ele>262.000</ele></trkpt>
      <trkpt lat="22.2575822850" lon="113.9759848910"><ele>262.000</ele></trkpt>
      <trkpt lat="22.2575604275" lon="113.9759748713"><ele>262.000</ele></trkpt>
      <trkpt lat="22.2575398367" lon="113.9759667610"><ele>262.000</ele></trkpt>
      <trkpt lat="22.2574851201" lon="113.9759521022"><ele>260.000</ele></trkpt>
      <trkpt lat="22.2574703134" lon="113.9759476315"><ele>260.000</ele></trkpt>
      <trkpt lat="22.2574574490" lon="113.9759437401"><ele>260.000</ele></trkpt>
      <trkpt lat="22.2574358004" lon="113.9759274043"><ele>260.000</ele></trkpt>
      <trkpt lat="22.2573933791" lon="113.9758726311"><ele>260.000</ele></trkpt>
      <trkpt lat="22.2573732118" lon="113.9758491819"><ele>262.000</ele></trkpt>
      <trkpt lat="22.2573592992" lon="113.9758155759"><ele>262.000</ele></trkpt>
      <trkpt lat="22.2573531571" lon="113.9757780490"><ele>262.000</ele></trkpt>
      <trkpt lat="22.2573619160" lon="113.9757481651"><ele>265.000</ele></trkpt>
      <trkpt lat="22.2573756075" lon="113.9757125988"><ele>265.000</ele></trkpt>
      <trkpt lat="22.2573815572" lon="113.9756895392"><ele>266.000</ele></trkpt>
      <trkpt lat="22.2574274555" lon="113.9756225526"><ele>267.000</ele></trkpt>
      <trkpt lat="22.2574399791" lon="113.9755662797"><ele>266.000</ele></trkpt>
      <trkpt lat="22.2574333259" lon="113.9755463504"><ele>267.000</ele></trkpt>
      <trkpt lat="22.2574067821" lon="113.9755214658"><ele>267.000</ele></trkpt>
      <trkpt lat="22.2573835586" lon="113.9755015601"><ele>270.000</ele></trkpt>
      <trkpt lat="22.2573556979" lon="113.9754845105"><ele>270.000</ele></trkpt>
      <trkpt lat="22.2573114250" lon="113.9754631740"><ele>268.000</ele></trkpt>
      <trkpt lat="22.2572984994" lon="113.9754535878"><ele>270.000</ele></trkpt>
      <trkpt lat="22.2572814718" lon="113.9754424165"><ele>270.000</ele></trkpt>
      <trkpt lat="22.2572531357" lon="113.9754294471"><ele>268.000</ele></trkpt>
      <trkpt lat="22.2572210444" lon="113.9754177347"><ele>266.000</ele></trkpt>
      <trkpt lat="22.2571861754" lon="113.9754016895"><ele>266.000</ele></trkpt>
      <trkpt lat="22.2571514120" lon="113.9753835099"><ele>266.000</ele></trkpt>
      <trkpt lat="22.2571275933" lon="113.9753649266"><ele>266.000</ele></trkpt>
      <trkpt lat="22.2570935951" lon="113.9753447667"><ele>266.000</ele></trkpt>
      <trkpt lat="22.2570545894" lon="113.9753209274"><ele>266.000</ele></trkpt>
      <trkpt lat="22.2570270300" lon="113.9753080540"><ele>266.000</ele></trkpt>
      <trkpt lat="22.2569918964" lon="113.9752825697"><ele>264.000</ele></trkpt>
      <trkpt lat="22.2569613096" lon="113.9752607072"><ele>266.000</ele></trkpt>
      <trkpt lat="22.2569191284" lon="113.9752540735"><ele>266.000</ele></trkpt>
      <trkpt lat="22.2568804241" lon="113.9752475900"><ele>266.000</ele></trkpt>
      <trkpt lat="22.2568434661" lon="113.9752437429"><ele>266.000</ele></trkpt>
      <trkpt lat="22.2568113816" lon="113.9752520934"><ele>264.000</ele></trkpt>
      <trkpt lat="22.2567702210" lon="113.9752529090"><ele>264.000</ele></trkpt>
      <trkpt lat="22.2567280145" lon="113.9752550456"><ele>264.000</ele></trkpt>
      <trkpt lat="22.2566920769" lon="113.9752511582"><ele>264.000</ele></trkpt>
      <trkpt lat="22.2566625137" lon="113.9752391220"><ele>264.000</ele></trkpt>
      <trkpt lat="22.2566369127" lon="113.9752324258"><ele>264.000</ele></trkpt>
      <trkpt lat="22.2566193261" lon="113.9752220120"><ele>263.000</ele></trkpt>
      <trkpt lat="22.2565977538" lon="113.9751943255"><ele>264.000</ele></trkpt>
      <trkpt lat="22.2565743330" lon="113.9751616841"><ele>264.000</ele></trkpt>
      <trkpt lat="22.2565515539" lon="113.9751295171"><ele>264.000</ele></trkpt>
      <trkpt lat="22.2565344104" lon="113.9750976914"><ele>264.000</ele></trkpt>
      <trkpt lat="22.2565258089" lon="113.9750650676"><ele>265.000</ele></trkpt>
      <trkpt lat="22.2565174482" lon="113.9750227806"><ele>265.000</ele></trkpt>
      <trkpt lat="22.2565092220" lon="113.9749869451"><ele>265.000</ele></trkpt>
      <trkpt lat="22.2565015205" lon="113.9749519625"><ele>265.000</ele></trkpt>
      <trkpt lat="22.2564973108" lon="113.9749144234"><ele>262.000</ele></trkpt>
      <trkpt lat="22.2564934129" lon="113.9748735465"><ele>264.000</ele></trkpt>
      <trkpt lat="22.2564827958" lon="113.9748322233"><ele>266.000</ele></trkpt>
      <trkpt lat="22.2564727209" lon="113.9747985927"><ele>266.000</ele></trkpt>
      <trkpt lat="22.2564724851" lon="113.9747759398"><ele>264.000</ele></trkpt>
      <trkpt lat="22.2564944757" lon="113.9747549917"><ele>264.000</ele></trkpt>
      <trkpt lat="22.2565154688" lon="113.9747307270"><ele>265.000</ele></trkpt>
      <trkpt lat="22.2565426137" lon="113.9747079863"><ele>265.000</ele></trkpt>
      <trkpt lat="22.2565670290" lon="113.9746834257"><ele>268.000</ele></trkpt>
      <trkpt lat="22.2565865605" lon="113.9746602205"><ele>268.000</ele></trkpt>
      <trkpt lat="22.2565922491" lon="113.9746379278"><ele>270.000</ele></trkpt>
      <trkpt lat="22.2565966790" lon="113.9746055957"><ele>270.000</ele></trkpt>
      <trkpt lat="22.2565985403" lon="113.9745701046"><ele>271.000</ele></trkpt>
      <trkpt lat="22.2566055247" lon="113.9745440264"><ele>271.000</ele></trkpt>
      <trkpt lat="22.2565846831" lon="113.9745159121"><ele>270.000</ele></trkpt>
      <trkpt lat="22.2565761081" lon="113.9744901376"><ele>269.000</ele></trkpt>
      <trkpt lat="22.2565685073" lon="113.9744635370"><ele>269.000</ele></trkpt>
      <trkpt lat="22.2565676113" lon="113.9744329395"><ele>266.000</ele></trkpt>
      <trkpt lat="22.2565668618" lon="113.9744040105"><ele>266.000</ele></trkpt>
      <trkpt lat="22.2565738174" lon="113.9743868005"><ele>265.000</ele></trkpt>
      <trkpt lat="22.2565189602" lon="113.9742587147"><ele>265.000</ele></trkpt>
      <trkpt lat="22.2564334991" lon="113.9742457948"><ele>267.000</ele></trkpt>
      <trkpt lat="22.2563900826" lon="113.9742407349"><ele>268.000</ele></trkpt>
      <trkpt lat="22.2563535143" lon="113.9742381195"><ele>271.000</ele></trkpt>
      <trkpt lat="22.2563214958" lon="113.9742486724"><ele>271.000</ele></trkpt>
      <trkpt lat="22.2562823082" lon="113.9742601184"><ele>267.000</ele></trkpt>
      <trkpt lat="22.2562410562" lon="113.9742600225"><ele>267.000</ele></trkpt>
      <trkpt lat="22.2561914707" lon="113.9742540886"><ele>266.000</ele></trkpt>
      <trkpt lat="22.2561433538" lon="113.9742599982"><ele>266.000</ele></trkpt>
      <trkpt lat="22.2561059640" lon="113.9742792998"><ele>268.000</ele></trkpt>
      <trkpt lat="22.2560673124" lon="113.9742933354"><ele>269.000</ele></trkpt>
      <trkpt lat="22.2560103346" lon="113.9742904875"><ele>270.000</ele></trkpt>
      <trkpt lat="22.2559785575" lon="113.9743134967"><ele>270.000</ele></trkpt>
      <trkpt lat="22.2559548980" lon="113.9743285876"><ele>272.000</ele></trkpt>
      <trkpt lat="22.2559433650" lon="113.9743568551"><ele>271.000</ele></trkpt>
      <trkpt lat="22.2559352631" lon="113.9743919863"><ele>271.000</ele></trkpt>
      <trkpt lat="22.2559313491" lon="113.9744180115"><ele>270.000</ele></trkpt>
      <trkpt lat="22.2558842745" lon="113.9744558860"><ele>270.000</ele></trkpt>
      <trkpt lat="22.2558517912" lon="113.9744629954"><ele>269.000</ele></trkpt>
      <trkpt lat="22.2558147966" lon="113.9744733419"><ele>267.000</ele></trkpt>
      <trkpt lat="22.2557845156" lon="113.9744868318"><ele>267.000</ele></trkpt>
      <trkpt lat="22.2557451472" lon="113.9744982100"><ele>264.000</ele></trkpt>
      <trkpt lat="22.2556936515" lon="113.9745174542"><ele>264.000</ele></trkpt>
      <trkpt lat="22.2556511502" lon="113.9745294482"><ele>264.000</ele></trkpt>
      <trkpt lat="22.2556094058" lon="113.9745472813"><ele>262.000</ele></trkpt>
      <trkpt lat="22.2555765330" lon="113.9745534793"><ele>262.000</ele></trkpt>
      <trkpt lat="22.2555272442" lon="113.9745682576"><ele>263.000</ele></trkpt>
      <trkpt lat="22.2554900049" lon="113.9745634410"><ele>263.000</ele></trkpt>
      <trkpt lat="22.2554561446" lon="113.9745452896"><ele>262.000</ele></trkpt>
      <trkpt lat="22.2554255786" lon="113.9745401335"><ele>266.000</ele></trkpt>
      <trkpt lat="22.2554052731" lon="113.9745581589"><ele>263.000</ele></trkpt>
      <trkpt lat="22.2553812757" lon="113.9745775673"><ele>263.000</ele></trkpt>
      <trkpt lat="22.2553480737" lon="113.9745949128"><ele>261.000</ele></trkpt>
      <trkpt lat="22.2553131162" lon="113.9745949921"><ele>262.000</ele></trkpt>
      <trkpt lat="22.2552808683" lon="113.9746026250"><ele>262.000</ele></trkpt>
      <trkpt lat="22.2552473186" lon="113.9746018388"><ele>263.000</ele></trkpt>
      <trkpt lat="22.2552153741" lon="113.9745992847"><ele>264.000</ele></trkpt>
      <trkpt lat="22.2551908742" lon="113.9746066833"><ele>264.000</ele></trkpt>
      <trkpt lat="22.2551557513" lon="113.9746189479"><ele>264.000</ele></trkpt>
      <trkpt lat="22.2551267633" lon="113.9746337067"><ele>266.000</ele></trkpt>
      <trkpt lat="22.2550904506" lon="113.9746405208"><ele>266.000</ele></trkpt>
      <trkpt lat="22.2550510952" lon="113.9746260930"><ele>266.000</ele></trkpt>
      <trkpt lat="22.2550101171" lon="113.9746065839"><ele>266.000</ele></trkpt>
      <trkpt lat="22.2549870206" lon="113.9745879515"><ele>268.000</ele></trkpt>
      <trkpt lat="22.2549751916" lon="113.9745598245"><ele>268.000</ele></trkpt>
      <trkpt lat="22.2549510334" lon="113.9745224600"><ele>268.000</ele></trkpt>
      <trkpt lat="22.2549269612" lon="113.9744890245"><ele>270.000</ele></trkpt>
      <trkpt lat="22.2548930423" lon="113.9744455815"><ele>269.000</ele></trkpt>
      <trkpt lat="22.2548746144" lon="113.9744121767"><ele>269.000</ele></trkpt>
      <trkpt lat="22.2548505254" lon="113.9743797114"><ele>269.000</ele></trkpt>
      <trkpt lat="22.2548151346" lon="113.9743726802"><ele>268.000</ele></trkpt>
      <trkpt lat="22.2547776033" lon="113.9743726275"><ele>268.000</ele></trkpt>
      <trkpt lat="22.2547403067" lon="113.9743652886"><ele>268.000</ele></trkpt>
      <trkpt lat="22.2547098033" lon="113.9743524489"><ele>268.000</ele></trkpt>
      <trkpt lat="22.2546959331" lon="113.9743169130"><ele>269.000</ele></trkpt>
      <trkpt lat="22.2546963810" lon="113.9742849946"><ele>271.000</ele></trkpt>
      <trkpt lat="22.2547020488" lon="113.9742459865"><ele>272.000</ele></trkpt>
      <trkpt lat="22.2546920866" lon="113.9742231345"><ele>272.000</ele></trkpt>
      <trkpt lat="22.2546724409" lon="113.9741981427"><ele>272.000</ele></trkpt>
      <trkpt lat="22.2546419833" lon="113.9741857687"><ele>270.000</ele></trkpt>
      <trkpt lat="22.2546078692" lon="113.9741959364"><ele>270.000</ele></trkpt>
      <trkpt lat="22.2545719179" lon="113.9742028859"><ele>271.000</ele></trkpt>
      <trkpt lat="22.2545477392" lon="113.9742144169"><ele>270.000</ele></trkpt>
      <trkpt lat="22.2545223791" lon="113.9742126974"><ele>270.000</ele></trkpt>
      <trkpt lat="22.2544889265" lon="113.9742029374"><ele>272.000</ele></trkpt>
      <trkpt lat="22.2544565026" lon="113.9741925065"><ele>272.000</ele></trkpt>
      <trkpt lat="22.2544291321" lon="113.9741790512"><ele>272.000</ele></trkpt>
      <trkpt lat="22.2544132332" lon="113.9741606122"><ele>272.000</ele></trkpt>
      <trkpt lat="22.2543870699" lon="113.9741448074"><ele>272.000</ele></trkpt>
      <trkpt lat="22.2543604068" lon="113.9741193698"><ele>272.000</ele></trkpt>
      <trkpt lat="22.2543228986" lon="113.9740799584"><ele>272.000</ele></trkpt>
      <trkpt lat="22.2543068649" lon="113.9740547480"><ele>274.000</ele></trkpt>
      <trkpt lat="22.2542822364" lon="113.9740169770"><ele>274.000</ele></trkpt>
      <trkpt lat="22.2542650493" lon="113.9739792826"><ele>276.000</ele></trkpt>
      <trkpt lat="22.2542532978" lon="113.9739482550"><ele>277.000</ele></trkpt>
      <trkpt lat="22.2542626411" lon="113.9739238036"><ele>277.000</ele></trkpt>
      <trkpt lat="22.2542612347" lon="113.9738967969"><ele>278.000</ele></trkpt>
      <trkpt lat="22.2542559957" lon="113.9738596189"><ele>278.000</ele></trkpt>
      <trkpt lat="22.2542510940" lon="113.9738178128"><ele>279.000</ele></trkpt>
      <trkpt lat="22.2542399445" lon="113.9737915768"><ele>279.000</ele></trkpt>
      <trkpt lat="22.2542209131" lon="113.9737812431"><ele>278.000</ele></trkpt>
      <trkpt lat="22.2541994746" lon="113.9737813710"><ele>278.000</ele></trkpt>
      <trkpt lat="22.2541641070" lon="113.9737784728"><ele>279.000</ele></trkpt>
      <trkpt lat="22.2541397010" lon="113.9737670312"><ele>280.000</ele></trkpt>
      <trkpt lat="22.2541170172" lon="113.9737534431"><ele>280.000</ele></trkpt>
      <trkpt lat="22.2540911322" lon="113.9737437014"><ele>280.000</ele></trkpt>
      <trkpt lat="22.2540640720" lon="113.9737401218"><ele>280.000</ele></trkpt>
      <trkpt lat="22.2540425333" lon="113.9737468274"><ele>278.000</ele></trkpt>
      <trkpt lat="22.2540177616" lon="113.9737607362"><ele>278.000</ele></trkpt>
      <trkpt lat="22.2539886679" lon="113.9737847697"><ele>280.000</ele></trkpt>
      <trkpt lat="22.2539518712" lon="113.9738017032"><ele>280.000</ele></trkpt>
      <trkpt lat="22.2539067380" lon="113.9738032429"><ele>278.000</ele></trkpt>
      <trkpt lat="22.2538678505" lon="113.9737946356"><ele>278.000</ele></trkpt>
      <trkpt lat="22.2538373122" lon="113.9737756067"><ele>278.000</ele></trkpt>
      <trkpt lat="22.2538043763" lon="113.9737385172"><ele>278.000</ele></trkpt>
      <trkpt lat="22.2537775348" lon="113.9737004295"><ele>279.000</ele></trkpt>
      <trkpt lat="22.2537525775" lon="113.9736741359"><ele>279.000</ele></trkpt>
      <trkpt lat="22.2537116194" lon="113.9736563735"><ele>280.000</ele></trkpt>
      <trkpt lat="22.2536727367" lon="113.9736372500"><ele>278.000</ele></trkpt>
      <trkpt lat="22.2536340974" lon="113.9736105202"><ele>279.000</ele></trkpt>
      <trkpt lat="22.2536062275" lon="113.9735877622"><ele>278.000</ele></trkpt>
      <trkpt lat="22.2535756391" lon="113.9735431217"><ele>280.000</ele></trkpt>
      <trkpt lat="22.2535468883" lon="113.9735091696"><ele>280.000</ele></trkpt>
      <trkpt lat="22.2535159276" lon="113.9734701372"><ele>280.000</ele></trkpt>
      <trkpt lat="22.2535013641" lon="113.9734435473"><ele>280.000</ele></trkpt>
      <trkpt lat="22.2534871181" lon="113.9734109034"><ele>281.000</ele></trkpt>
      <trkpt lat="22.2534831175" lon="113.9733820185"><ele>282.000</ele></trkpt>
      <trkpt lat="22.2534870055" lon="113.9733498043"><ele>282.000</ele></trkpt>
      <trkpt lat="22.2534867855" lon="113.9733183818"><ele>283.000</ele></trkpt>
      <trkpt lat="22.2534839552" lon="113.9733010108"><ele>283.000</ele></trkpt>
      <trkpt lat="22.2534628902" lon="113.9732676685"><ele>282.000</ele></trkpt>
      <trkpt lat="22.2534313592" lon="113.9732348070"><ele>284.000</ele></trkpt>
      <trkpt lat="22.2534055222" lon="113.9732200983"><ele>282.000</ele></trkpt>
      <trkpt lat="22.2533844883" lon="113.9731827493"><ele>284.000</ele></trkpt>
      <trkpt lat="22.2533614198" lon="113.9731577338"><ele>282.000</ele></trkpt>
      <trkpt lat="22.2533341834" lon="113.9731360906"><ele>282.000</ele></trkpt>
      <trkpt lat="22.2533097912" lon="113.9731212925"><ele>282.000</ele></trkpt>
      <trkpt lat="22.2532958817" lon="113.9731050434"><ele>282.000</ele></trkpt>
      <trkpt lat="22.2532745444" lon="113.9730778814"><ele>282.000</ele></trkpt>
      <trkpt lat="22.2532433718" lon="113.9730427785"><ele>282.000</ele></trkpt>
      <trkpt lat="22.2532093295" lon="113.9730092707"><ele>282.000</ele></trkpt>
      <trkpt lat="22.2531756542" lon="113.9729731916"><ele>282.000</ele></trkpt>
      <trkpt lat="22.2531715995" lon="113.9729516605"><ele>282.000</ele></trkpt>
      <trkpt lat="22.2531757311" lon="113.9729193199"><ele>282.000</ele></trkpt>
      <trkpt lat="22.2531858727" lon="113.9728763088"><ele>282.000</ele></trkpt>
      <trkpt lat="22.2531883924" lon="113.9728684995"><ele>282.000</ele></trkpt>
      <trkpt lat="22.2531897954" lon="113.9728639194"><ele>282.000</ele></trkpt>
      <trkpt lat="22.2531908645" lon="113.9728601964"><ele>282.000</ele></trkpt>
      <trkpt lat="22.2531919218" lon="113.9728564676"><ele>282.000</ele></trkpt>
      <trkpt lat="22.2531930054" lon="113.9728527523"><ele>282.000</ele></trkpt>
      <trkpt lat="22.2531941548" lon="113.9728490690"><ele>282.000</ele></trkpt>
      <trkpt lat="22.2531954101" lon="113.9728454379"><ele>282.000</ele></trkpt>
      <trkpt lat="22.2531968089" lon="113.9728418784"><ele>282.000</ele></trkpt>
      <trkpt lat="22.2531983831" lon="113.9728384040"><ele>282.000</ele></trkpt>
      <trkpt lat="22.2532001019" lon="113.9728349983"><ele>285.000</ele></trkpt>
      <trkpt lat="22.2532019327" lon="113.9728316438"><ele>285.000</ele></trkpt>
      <trkpt lat="22.2532038467" lon="113.9728283290"><ele>285.000</ele></trkpt>
      <trkpt lat="22.2532058130" lon="113.9728250403"><ele>285.000</ele></trkpt>
      <trkpt lat="22.2532078029" lon="113.9728217632"><ele>285.000</ele></trkpt>
      <trkpt lat="22.2532097864" lon="113.9728184861"><ele>285.000</ele></trkpt>
      <trkpt lat="22.2532117338" lon="113.9728151936"><ele>285.000</ele></trkpt>
      <trkpt lat="22.2532136161" lon="113.9728118730"><ele>285.000</ele></trkpt>
      <trkpt lat="22.2532154027" lon="113.9728085118"><ele>285.000</ele></trkpt>
      <trkpt lat="22.2532170645" lon="113.9728050955"><ele>285.000</ele></trkpt>
      <trkpt lat="22.2532185710" lon="113.9728016115"><ele>285.000</ele></trkpt>
      <trkpt lat="22.2532198570" lon="113.9727980327"><ele>284.000</ele></trkpt>
      <trkpt lat="22.2532208854" lon="113.9727943476"><ele>284.000</ele></trkpt>
      <trkpt lat="22.2532217160" lon="113.9727905794"><ele>284.000</ele></trkpt>
      <trkpt lat="22.2532224138" lon="113.9727867541"><ele>284.000</ele></trkpt>
      <trkpt lat="22.2532230393" lon="113.9727828969"><ele>284.000</ele></trkpt>
      <trkpt lat="22.2532236576" lon="113.9727790329"><ele>284.000</ele></trkpt>
      <trkpt lat="22.2532243282" lon="113.9727751863"><ele>284.000</ele></trkpt>
      <trkpt lat="22.2532251164" lon="113.9727713842"><ele>284.000</ele></trkpt>
      <trkpt lat="22.2532260816" lon="113.9727676488"><ele>284.000</ele></trkpt>
      <trkpt lat="22.2532272103" lon="113.9727639713"><ele>284.000</ele></trkpt>
      <trkpt lat="22.2532284546" lon="113.9727603315"><ele>284.000</ele></trkpt>
      <trkpt lat="22.2532297776" lon="113.9727567168"><ele>284.000</ele></trkpt>
      <trkpt lat="22.2532311448" lon="113.9727531175"><ele>284.000</ele></trkpt>
      <trkpt lat="22.2532325193" lon="113.9727495202"><ele>282.000</ele></trkpt>
      <trkpt lat="22.2532338658" lon="113.9727459152"><ele>282.000</ele></trkpt>
      <trkpt lat="22.2532351390" lon="113.9727422705"><ele>282.000</ele></trkpt>
      <trkpt lat="22.2532363155" lon="113.9727385483"><ele>282.000</ele></trkpt>
      <trkpt lat="22.2532374406" lon="113.9727347835"><ele>282.000</ele></trkpt>
      <trkpt lat="22.2532385619" lon="113.9727310139"><ele>282.000</ele></trkpt>
      <trkpt lat="22.2532397276" lon="113.9727272801"><ele>282.000</ele></trkpt>
      <trkpt lat="22.2532409846" lon="113.9727236208"><ele>282.000</ele></trkpt>
      <trkpt lat="22.2532423808" lon="113.9727200749"><ele>282.000</ele></trkpt>
      <trkpt lat="22.2532439641" lon="113.9727166839"><ele>282.000</ele></trkpt>
      <trkpt lat="22.2532458033" lon="113.9727135031"><ele>286.000</ele></trkpt>
      <trkpt lat="22.2532482761" lon="113.9727108520"><ele>286.000</ele></trkpt>
      <trkpt lat="22.2532512751" lon="113.9727086348"><ele>286.000</ele></trkpt>
      <trkpt lat="22.2532545001" lon="113.9727065938"><ele>286.000</ele></trkpt>
      <trkpt lat="22.2532576482" lon="113.9727044705"><ele>286.000</ele></trkpt>
      <trkpt lat="22.2532605043" lon="113.9727020778"><ele>285.000</ele></trkpt>
      <trkpt lat="22.2532632817" lon="113.9726995961"><ele>285.000</ele></trkpt>
      <trkpt lat="22.2532660221" lon="113.9726970639"><ele>285.000</ele></trkpt>
      <trkpt lat="22.2532687253" lon="113.9726944882"><ele>285.000</ele></trkpt>
      <trkpt lat="22.2532713942" lon="113.9726918727"><ele>285.000</ele></trkpt>
      <trkpt lat="22.2532742103" lon="113.9726892968"><ele>285.000</ele></trkpt>
      <trkpt lat="22.2532772270" lon="113.9726867827"><ele>285.000</ele></trkpt>
      <trkpt lat="22.2532802030" lon="113.9726842347"><ele>285.000</ele></trkpt>
      <trkpt lat="22.2532828962" lon="113.9726815551"><ele>285.000</ele></trkpt>
      <trkpt lat="22.2532850644" lon="113.9726786464"><ele>285.000</ele></trkpt>
      <trkpt lat="22.2532864763" lon="113.9726754138"><ele>285.000</ele></trkpt>
      <trkpt lat="22.2532871609" lon="113.9726718292"><ele>285.000</ele></trkpt>
      <trkpt lat="22.2532873014" lon="113.9726679814"><ele>285.000</ele></trkpt>
      <trkpt lat="22.2532870553" lon="113.9726639741"><ele>285.000</ele></trkpt>
      <trkpt lat="22.2532865824" lon="113.9726599090"><ele>285.000</ele></trkpt>
      <trkpt lat="22.2532860400" lon="113.9726558876"><ele>285.000</ele></trkpt>
      <trkpt lat="22.2532855682" lon="113.9726520038"><ele>285.000</ele></trkpt>
      <trkpt lat="22.2532849548" lon="113.9726481950"><ele>285.000</ele></trkpt>
      <trkpt lat="22.2532841590" lon="113.9726444107"><ele>285.000</ele></trkpt>
      <trkpt lat="22.2532832584" lon="113.9726406401"><ele>285.000</ele></trkpt>
      <trkpt lat="22.2532823316" lon="113.9726368725"><ele>285.000</ele></trkpt>
      <trkpt lat="22.2532814572" lon="113.9726330999"><ele>285.000</ele></trkpt>
      <trkpt lat="22.2532806235" lon="113.9726293234"><ele>285.000</ele></trkpt>
      <trkpt lat="22.2532797599" lon="113.9726255528"><ele>285.000</ele></trkpt>
      <trkpt lat="22.2532788874" lon="113.9726217841"><ele>285.000</ele></trkpt>
      <trkpt lat="22.2532780238" lon="113.9726180144"><ele>285.000</ele></trkpt>
      <trkpt lat="22.2532771882" lon="113.9726142379"><ele>285.000</ele></trkpt>
      <trkpt lat="22.2532764014" lon="113.9726104526"><ele>285.000</ele></trkpt>
      <trkpt lat="22.2532756832" lon="113.9726066536"><ele>285.000</ele></trkpt>
      <trkpt lat="22.2532750508" lon="113.9726028361"><ele>285.000</ele></trkpt>
      <trkpt lat="22.2532744978" lon="113.9725990029"><ele>285.000</ele></trkpt>
      <trkpt lat="22.2532740008" lon="113.9725951590"><ele>285.000</ele></trkpt>
      <trkpt lat="22.2532735372" lon="113.9725913073"><ele>285.000</ele></trkpt>
      <trkpt lat="22.2532730845" lon="113.9725874545"><ele>285.000</ele></trkpt>
      <trkpt lat="22.2532726191" lon="113.9725836047"><ele>285.000</ele></trkpt>
      <trkpt lat="22.2532720616" lon="113.9725797522"><ele>285.000</ele></trkpt>
      <trkpt lat="22.2532713379" lon="113.9725758833"><ele>285.000</ele></trkpt>
      <trkpt lat="22.2532706828" lon="113.9725720183"><ele>285.000</ele></trkpt>
      <trkpt lat="22.2532703529" lon="113.9725681809"><ele>285.000</ele></trkpt>
      <trkpt lat="22.2532705947" lon="113.9725643941"><ele>285.000</ele></trkpt>
      <trkpt lat="22.2532714145" lon="113.9725606696"><ele>285.000</ele></trkpt>
      <trkpt lat="22.2532725865" lon="113.9725569784"><ele>284.000</ele></trkpt>
      <trkpt lat="22.2532738796" lon="113.9725532920"><ele>284.000</ele></trkpt>
      <trkpt lat="22.2532750615" lon="113.9725495785"><ele>284.000</ele></trkpt>
      <trkpt lat="22.2532759066" lon="113.9725458064"><ele>284.000</ele></trkpt>
      <trkpt lat="22.2532764996" lon="113.9725419900"><ele>284.000</ele></trkpt>
      <trkpt lat="22.2532769996" lon="113.9725381533"><ele>284.000</ele></trkpt>
      <trkpt lat="22.2532774282" lon="113.9725343013"><ele>284.000</ele></trkpt>
      <trkpt lat="22.2532778072" lon="113.9725304376"><ele>284.000</ele></trkpt>
      <trkpt lat="22.2532781581" lon="113.9725265682"><ele>284.000</ele></trkpt>
      <trkpt lat="22.2532785018" lon="113.9725226969"><ele>284.000</ele></trkpt>
      <trkpt lat="22.2532788618" lon="113.9725188284"><ele>284.000</ele></trkpt>
      <trkpt lat="22.2532792588" lon="113.9725149687"><ele>284.000</ele></trkpt>
      <trkpt lat="22.2532808900" lon="113.9725000883"><ele>282.000</ele></trkpt>
      <trkpt lat="22.2532850923" lon="113.9724594238"><ele>283.000</ele></trkpt>
      <trkpt lat="22.2532935945" lon="113.9724197911"><ele>286.000</ele></trkpt>
      <trkpt lat="22.2532944229" lon="113.9723747853"><ele>286.000</ele></trkpt>
      <trkpt lat="22.2532942567" lon="113.9723359995"><ele>286.000</ele></trkpt>
      <trkpt lat="22.2532764712" lon="113.9723111995"><ele>286.000</ele></trkpt>
      <trkpt lat="22.2532544838" lon="113.9722985324"><ele>286.000</ele></trkpt>
      <trkpt lat="22.2532284530" lon="113.9722949225"><ele>286.000</ele></trkpt>
      <trkpt lat="22.2532065439" lon="113.9722943237"><ele>286.000</ele></trkpt>
      <trkpt lat="22.2531844640" lon="113.9723086265"><ele>287.000</ele></trkpt>
      <trkpt lat="22.2531630210" lon="113.9723267409"><ele>284.000</ele></trkpt>
      <trkpt lat="22.2531438936" lon="113.9723406707"><ele>285.000</ele></trkpt>
      <trkpt lat="22.2531183501" lon="113.9723439772"><ele>285.000</ele></trkpt>
      <trkpt lat="22.2530980204" lon="113.9723354210"><ele>285.000</ele></trkpt>
      <trkpt lat="22.2530772896" lon="113.9723382160"><ele>285.000</ele></trkpt>
      <trkpt lat="22.2530570319" lon="113.9723366253"><ele>284.000</ele></trkpt>
      <trkpt lat="22.2530267065" lon="113.9723289567"><ele>284.000</ele></trkpt>
      <trkpt lat="22.2529931421" lon="113.9723237182"><ele>284.000</ele></trkpt>
      <trkpt lat="22.2529687412" lon="113.9723092502"><ele>284.000</ele></trkpt>
      <trkpt lat="22.2529414226" lon="113.9723013445"><ele>284.000</ele></trkpt>
      <trkpt lat="22.2529166038" lon="113.9722920187"><ele>282.000</ele></trkpt>
      <trkpt lat="22.2528946215" lon="113.9722691652"><ele>282.000</ele></trkpt>
      <trkpt lat="22.2528718237" lon="113.9722583522"><ele>284.000</ele></trkpt>
      <trkpt lat="22.2528474258" lon="113.9722462610"><ele>284.000</ele></trkpt>
      <trkpt lat="22.2528265289" lon="113.9722462719"><ele>284.000</ele></trkpt>
      <trkpt lat="22.2527932340" lon="113.9722471061"><ele>284.000</ele></trkpt>
      <trkpt lat="22.2527630409" lon="113.9722441523"><ele>282.000</ele></trkpt>
      <trkpt lat="22.2527380125" lon="113.9722333426"><ele>282.000</ele></trkpt>
      <trkpt lat="22.2527122302" lon="113.9722190900"><ele>284.000</ele></trkpt>
      <trkpt lat="22.2526888320" lon="113.9721977422"><ele>282.000</ele></trkpt>
      <trkpt lat="22.2526685525" lon="113.9721716461"><ele>282.000</ele></trkpt>
      <trkpt lat="22.2526499063" lon="113.9721373984"><ele>283.000</ele></trkpt>
      <trkpt lat="22.2526282700" lon="113.9721024178"><ele>284.000</ele></trkpt>
      <trkpt lat="22.2526043181" lon="113.9720716413"><ele>285.000</ele></trkpt>
      <trkpt lat="22.2525735067" lon="113.9720438336"><ele>285.000</ele></trkpt>
      <trkpt lat="22.2525508025" lon="113.9720213402"><ele>286.000</ele></trkpt>
      <trkpt lat="22.2525199187" lon="113.9719862372"><ele>284.000</ele></trkpt>
      <trkpt lat="22.2524908242" lon="113.9719521601"><ele>286.000</ele></trkpt>
      <trkpt lat="22.2524613743" lon="113.9719227109"><ele>285.000</ele></trkpt>
      <trkpt lat="22.2524282814" lon="113.9718974872"><ele>284.000</ele></trkpt>
      <trkpt lat="22.2523908976" lon="113.9718784009"><ele>285.000</ele></trkpt>
      <trkpt lat="22.2523660711" lon="113.9718486929"><ele>284.000</ele></trkpt>
      <trkpt lat="22.2523411332" lon="113.9718166567"><ele>285.000</ele></trkpt>
      <trkpt lat="22.2523245045" lon="113.9717782056"><ele>284.000</ele></trkpt>
      <trkpt lat="22.2523084222" lon="113.9717219615"><ele>284.000</ele></trkpt>
      <trkpt lat="22.2523051870" lon="113.9716629144"><ele>286.000</ele></trkpt>
      <trkpt lat="22.2522973667" lon="113.9716130224"><ele>286.000</ele></trkpt>
      <trkpt lat="22.2522992032" lon="113.9715655901"><ele>286.000</ele></trkpt>
      <trkpt lat="22.2523073851" lon="113.9715371049"><ele>286.000</ele></trkpt>
      <trkpt lat="22.2523331447" lon="113.9715118731"><ele>286.000</ele></trkpt>
      <trkpt lat="22.2523560380" lon="113.9714909528"><ele>287.000</ele></trkpt>
      <trkpt lat="22.2523717276" lon="113.9714650566"><ele>287.000</ele></trkpt>
      <trkpt lat="22.2523872029" lon="113.9714553521"><ele>288.000</ele></trkpt>
      <trkpt lat="22.2524178001" lon="113.9714264665"><ele>288.000</ele></trkpt>
      <trkpt lat="22.2524277061" lon="113.9714203392"><ele>288.000</ele></trkpt>
      <trkpt lat="22.2524426338" lon="113.9714131870"><ele>289.000</ele></trkpt>
      <trkpt lat="22.2524564965" lon="113.9714066184"><ele>289.000</ele></trkpt>
      <trkpt lat="22.2524753068" lon="113.9713990434"><ele>292.000</ele></trkpt>
      <trkpt lat="22.2524899198" lon="113.9713787560"><ele>290.000</ele></trkpt>
      <trkpt lat="22.2525008368" lon="113.9713565726"><ele>290.000</ele></trkpt>
      <trkpt lat="22.2525163588" lon="113.9713187954"><ele>290.000</ele></trkpt>
      <trkpt lat="22.2525200440" lon="113.9713129857"><ele>290.000</ele></trkpt>
      <trkpt lat="22.2525446840" lon="113.9712664999"><ele>293.000</ele></trkpt>
      <trkpt lat="22.2525672228" lon="113.9712151762"><ele>296.000</ele></trkpt>
      <trkpt lat="22.2525854556" lon="113.9711652266"><ele>294.000</ele></trkpt>
      <trkpt lat="22.2525828541" lon="113.9711076046"><ele>294.000</ele></trkpt>
      <trkpt lat="22.2525786327" lon="113.9710829791"><ele>297.000</ele></trkpt>
      <trkpt lat="22.2525431659" lon="113.9710159464"><ele>297.000</ele></trkpt>
      <trkpt lat="22.2525051224" lon="113.9709822900"><ele>298.000</ele></trkpt>
      <trkpt lat="22.2524789154" lon="113.9709394679"><ele>300.000</ele></trkpt>
      <trkpt lat="22.2524340521" lon="113.9709329560"><ele>299.000</ele></trkpt>
      <trkpt lat="22.2523270939" lon="113.9708692585"><ele>297.000</ele></trkpt>
      <trkpt lat="22.2523124307" lon="113.9708498773"><ele>298.000</ele></trkpt>
      <trkpt lat="22.2522966342" lon="113.9708269666"><ele>298.000</ele></trkpt>
      <trkpt lat="22.2522780421" lon="113.9708214058"><ele>296.000</ele></trkpt>
      <trkpt lat="22.2522540697" lon="113.9708173954"><ele>296.000</ele></trkpt>
      <trkpt lat="22.2522291059" lon="113.9708219722"><ele>294.000</ele></trkpt>
      <trkpt lat="22.2522038570" lon="113.9708296634"><ele>294.000</ele></trkpt>
      <trkpt lat="22.2521841177" lon="113.9708310020"><ele>294.000</ele></trkpt>
      <trkpt lat="22.2521556412" lon="113.9708358069"><ele>294.000</ele></trkpt>
      <trkpt lat="22.2521316611" lon="113.9708399457"><ele>294.000</ele></trkpt>
      <trkpt lat="22.2520968929" lon="113.9708468650"><ele>294.000</ele></trkpt>
      <trkpt lat="22.2520691738" lon="113.9708578680"><ele>294.000</ele></trkpt>
      <trkpt lat="22.2520455693" lon="113.9708591152"><ele>294.000</ele></trkpt>
      <trkpt lat="22.2520425082" lon="113.9708592749"><ele>294.000</ele></trkpt>
      <trkpt lat="22.2520120805" lon="113.9708565060"><ele>294.000</ele></trkpt>
      <trkpt lat="22.2519734085" lon="113.9708471329"><ele>294.000</ele></trkpt>
      <trkpt lat="22.2519322302" lon="113.9708339412"><ele>293.000</ele></trkpt>
      <trkpt lat="22.2518986823" lon="113.9708132490"><ele>295.000</ele></trkpt>
      <trkpt lat="22.2518653119" lon="113.9707830008"><ele>294.000</ele></trkpt>
      <trkpt lat="22.2518331680" lon="113.9707443495"><ele>294.000</ele></trkpt>
      <trkpt lat="22.2518069280" lon="113.9707039918"><ele>296.000</ele></trkpt>
      <trkpt lat="22.2517840858" lon="113.9706654239"><ele>296.000</ele></trkpt>
      <trkpt lat="22.2517613363" lon="113.9706287574"><ele>296.000</ele></trkpt>
      <trkpt lat="22.2517341806" lon="113.9705855490"><ele>295.000</ele></trkpt>
      <trkpt lat="22.2517181477" lon="113.9705543150"><ele>296.000</ele></trkpt>
      <trkpt lat="22.2517161161" lon="113.9705474689"><ele>296.000</ele></trkpt>
      <trkpt lat="22.2517114092" lon="113.9705316434"><ele>296.000</ele></trkpt>
      <trkpt lat="22.2517081857" lon="113.9705106934"><ele>297.000</ele></trkpt>
      <trkpt lat="22.2517136439" lon="113.9704780116"><ele>297.000</ele></trkpt>
      <trkpt lat="22.2517078534" lon="113.9704480723"><ele>298.000</ele></trkpt>
      <trkpt lat="22.2517018358" lon="113.9704171438"><ele>296.000</ele></trkpt>
      <trkpt lat="22.2516886667" lon="113.9703867303"><ele>296.000</ele></trkpt>
      <trkpt lat="22.2516912045" lon="113.9703584668"><ele>298.000</ele></trkpt>
      <trkpt lat="22.2516917389" lon="113.9703312832"><ele>298.000</ele></trkpt>
      <trkpt lat="22.2516861827" lon="113.9702938833"><ele>298.000</ele></trkpt>
      <trkpt lat="22.2516894805" lon="113.9702667635"><ele>298.000</ele></trkpt>
      <trkpt lat="22.2517009544" lon="113.9702280774"><ele>299.000</ele></trkpt>
      <trkpt lat="22.2517147236" lon="113.9701905619"><ele>301.000</ele></trkpt>
      <trkpt lat="22.2517267040" lon="113.9701525348"><ele>301.000</ele></trkpt>
      <trkpt lat="22.2517337527" lon="113.9701208208"><ele>302.000</ele></trkpt>
      <trkpt lat="22.2517211523" lon="113.9700973816"><ele>302.000</ele></trkpt>
      <trkpt lat="22.2517000754" lon="113.9700694439"><ele>300.000</ele></trkpt>
      <trkpt lat="22.2516801608" lon="113.9700464812"><ele>300.000</ele></trkpt>
      <trkpt lat="22.2516583444" lon="113.9700264801"><ele>299.000</ele></trkpt>
      <trkpt lat="22.2516347234" lon="113.9700076168"><ele>299.000</ele></trkpt>
      <trkpt lat="22.2516121433" lon="113.9699906922"><ele>298.000</ele></trkpt>
      <trkpt lat="22.2515863899" lon="113.9699780213"><ele>300.000</ele></trkpt>
      <trkpt lat="22.2515652937" lon="113.9699632870"><ele>298.000</ele></trkpt>
      <trkpt lat="22.2515492309" lon="113.9699441119"><ele>298.000</ele></trkpt>
      <trkpt lat="22.2515283694" lon="113.9699222177"><ele>301.000</ele></trkpt>
      <trkpt lat="22.2515094044" lon="113.9699004566"><ele>299.000</ele></trkpt>
      <trkpt lat="22.2514947777" lon="113.9698743818"><ele>302.000</ele></trkpt>
      <trkpt lat="22.2514778169" lon="113.9698591758"><ele>299.000</ele></trkpt>
      <trkpt lat="22.2514670830" lon="113.9698406137"><ele>301.000</ele></trkpt>
      <trkpt lat="22.2514548975" lon="113.9698097623"><ele>301.000</ele></trkpt>
      <trkpt lat="22.2514441090" lon="113.9697767357"><ele>302.000</ele></trkpt>
      <trkpt lat="22.2514341602" lon="113.9697365290"><ele>300.000</ele></trkpt>
      <trkpt lat="22.2514280100" lon="113.9696937944"><ele>300.000</ele></trkpt>
      <trkpt lat="22.2514189631" lon="113.9696738620"><ele>300.000</ele></trkpt>
      <trkpt lat="22.2514046806" lon="113.9696486986"><ele>302.000</ele></trkpt>
      <trkpt lat="22.2513938103" lon="113.9696152357"><ele>302.000</ele></trkpt>
      <trkpt lat="22.2513852663" lon="113.9695790433"><ele>302.000</ele></trkpt>
      <trkpt lat="22.2513866765" lon="113.9695518001"><ele>302.000</ele></trkpt>
      <trkpt lat="22.2513723721" lon="113.9695093977"><ele>302.000</ele></trkpt>
      <trkpt lat="22.2513596344" lon="113.9694634327"><ele>302.000</ele></trkpt>
      <trkpt lat="22.2513557078" lon="113.9694152525"><ele>303.000</ele></trkpt>
      <trkpt lat="22.2513482295" lon="113.9693720445"><ele>303.000</ele></trkpt>
      <trkpt lat="22.2513267129" lon="113.9693393346"><ele>302.000</ele></trkpt>
      <trkpt lat="22.2512879039" lon="113.9692792539"><ele>304.000</ele></trkpt>
      <trkpt lat="22.2512668396" lon="113.9692400823"><ele>307.000</ele></trkpt>
      <trkpt lat="22.2512445550" lon="113.9692000297"><ele>304.000</ele></trkpt>
      <trkpt lat="22.2512293648" lon="113.9691712007"><ele>304.000</ele></trkpt>
      <trkpt lat="22.2512081940" lon="113.9691405566"><ele>306.000</ele></trkpt>
      <trkpt lat="22.2511903087" lon="113.9691086854"><ele>307.000</ele></trkpt>
      <trkpt lat="22.2511583172" lon="113.9690906107"><ele>306.000</ele></trkpt>
      <trkpt lat="22.2511459342" lon="113.9690678505"><ele>307.000</ele></trkpt>
      <trkpt lat="22.2511304999" lon="113.9690388570"><ele>307.000</ele></trkpt>
      <trkpt lat="22.2511253395" lon="113.9690075491"><ele>308.000</ele></trkpt>
      <trkpt lat="22.2511076698" lon="113.9689605728"><ele>309.000</ele></trkpt>
      <trkpt lat="22.2510924538" lon="113.9689187443"><ele>310.000</ele></trkpt>
      <trkpt lat="22.2510790175" lon="113.9688632732"><ele>312.000</ele></trkpt>
      <trkpt lat="22.2510948775" lon="113.9687450211"><ele>311.000</ele></trkpt>
      <trkpt lat="22.2510604939" lon="113.9686502427"><ele>313.000</ele></trkpt>
      <trkpt lat="22.2510489689" lon="113.9686205352"><ele>316.000</ele></trkpt>
      <trkpt lat="22.2510436933" lon="113.9685557681"><ele>316.000</ele></trkpt>
      <trkpt lat="22.2510120993" lon="113.9685026134"><ele>313.000</ele></trkpt>
      <trkpt lat="22.2510113219" lon="113.9684456491"><ele>314.000</ele></trkpt>
      <trkpt lat="22.2509933235" lon="113.9683961026"><ele>316.000</ele></trkpt>
      <trkpt lat="22.2509930081" lon="113.9683684643"><ele>318.000</ele></trkpt>
      <trkpt lat="22.2510023819" lon="113.9683331963"><ele>320.000</ele></trkpt>
      <trkpt lat="22.2509697067" lon="113.9683102625"><ele>314.000</ele></trkpt>
      <trkpt lat="22.2509012154" lon="113.9682867900"><ele>311.000</ele></trkpt>
      <trkpt lat="22.2508127113" lon="113.9683259004"><ele>310.000</ele></trkpt>
      <trkpt lat="22.2507470098" lon="113.9683864264"><ele>312.000</ele></trkpt>
      <trkpt lat="22.2506795931" lon="113.9684403968"><ele>309.000</ele></trkpt>
      <trkpt lat="22.2506061672" lon="113.9684631188"><ele>312.000</ele></trkpt>
      <trkpt lat="22.2505477657" lon="113.9684698894"><ele>313.000</ele></trkpt>
      <trkpt lat="22.2504801958" lon="113.9685241024"><ele>314.000</ele></trkpt>
      <trkpt lat="22.2503656967" lon="113.9685524342"><ele>315.000</ele></trkpt>
      <trkpt lat="22.2503219193" lon="113.9685478230"><ele>315.000</ele></trkpt>
      <trkpt lat="22.2502906775" lon="113.9684383432"><ele>320.000</ele></trkpt>
      <trkpt lat="22.2502316736" lon="113.9683625481"><ele>321.000</ele></trkpt>
      <trkpt lat="22.2501855423" lon="113.9682758493"><ele>324.000</ele></trkpt>
      <trkpt lat="22.2500641930" lon="113.9682299777"><ele>324.000</ele></trkpt>
      <trkpt lat="22.2500432264" lon="113.9682037575"><ele>324.000</ele></trkpt>
      <trkpt lat="22.2500037670" lon="113.9681650308"><ele>325.000</ele></trkpt>
      <trkpt lat="22.2499340528" lon="113.9681456833"><ele>326.000</ele></trkpt>
      <trkpt lat="22.2498682391" lon="113.9681257383"><ele>326.000</ele></trkpt>
      <trkpt lat="22.2498073584" lon="113.9680372670"><ele>332.000</ele></trkpt>
      <trkpt lat="22.2498098795" lon="113.9679751858"><ele>334.000</ele></trkpt>
      <trkpt lat="22.2498276914" lon="113.9679428352"><ele>334.000</ele></trkpt>
      <trkpt lat="22.2498348651" lon="113.9678541370"><ele>335.000</ele></trkpt>
      <trkpt lat="22.2498275739" lon="113.9678022080"><ele>337.000</ele></trkpt>
      <trkpt lat="22.2497902800" lon="113.9677550674"><ele>336.000</ele></trkpt>
      <trkpt lat="22.2497559563" lon="113.9677072918"><ele>338.000</ele></trkpt>
      <trkpt lat="22.2497178407" lon="113.9676251606"><ele>340.000</ele></trkpt>
      <trkpt lat="22.2497077552" lon="113.9675493420"><ele>340.000</ele></trkpt>
      <trkpt lat="22.2496850828" lon="113.9675099504"><ele>342.000</ele></trkpt>
      <trkpt lat="22.2496415878" lon="113.9674932224"><ele>341.000</ele></trkpt>
      <trkpt lat="22.2495690215" lon="113.9674751795"><ele>340.000</ele></trkpt>
      <trkpt lat="22.2495202501" lon="113.9674284441"><ele>342.000</ele></trkpt>
      <trkpt lat="22.2494905388" lon="113.9673649073"><ele>344.000</ele></trkpt>
      <trkpt lat="22.2495073725" lon="113.9673093241"><ele>344.000</ele></trkpt>
      <trkpt lat="22.2495354137" lon="113.9672331094"><ele>346.000</ele></trkpt>
      <trkpt lat="22.2495671398" lon="113.9671222950"><ele>345.000</ele></trkpt>
      <trkpt lat="22.2496033801" lon="113.9670456023"><ele>346.000</ele></trkpt>
      <trkpt lat="22.2496999054" lon="113.9670362037"><ele>350.000</ele></trkpt>
      <trkpt lat="22.2497219527" lon="113.9670179424"><ele>350.000</ele></trkpt>
      <trkpt lat="22.2497176526" lon="113.9669748565"><ele>348.000</ele></trkpt>
      <trkpt lat="22.2496628552" lon="113.9668912855"><ele>346.000</ele></trkpt>
      <trkpt lat="22.2496343709" lon="113.9667780675"><ele>348.000</ele></trkpt>
      <trkpt lat="22.2496420197" lon="113.9666801622"><ele>348.000</ele></trkpt>
      <trkpt lat="22.2496853933" lon="113.9666029834"><ele>350.000</ele></trkpt>
      <trkpt lat="22.2497204039" lon="113.9665671922"><ele>351.000</ele></trkpt>
      <trkpt lat="22.2497770423" lon="113.9665589006"><ele>354.000</ele></trkpt>
      <trkpt lat="22.2498394475" lon="113.9665057908"><ele>354.000</ele></trkpt>
      <trkpt lat="22.2498612859" lon="113.9664587271"><ele>356.000</ele></trkpt>
      <trkpt lat="22.2498459272" lon="113.9664396874"><ele>353.000</ele></trkpt>
      <trkpt lat="22.2497813218" lon="113.9664115633"><ele>351.000</ele></trkpt>
      <trkpt lat="22.2497149867" lon="113.9663656791"><ele>351.000</ele></trkpt>
      <trkpt lat="22.2496646374" lon="113.9663141639"><ele>349.000</ele></trkpt>
      <trkpt lat="22.2496426728" lon="113.9662567564"><ele>350.000</ele></trkpt>
      <trkpt lat="22.2496508229" lon="113.9662114013"><ele>350.000</ele></trkpt>
      <trkpt lat="22.2496630859" lon="113.9661482578"><ele>350.000</ele></trkpt>
      <trkpt lat="22.2496671330" lon="113.9660587300"><ele>350.000</ele></trkpt>
      <trkpt lat="22.2496653939" lon="113.9659850623"><ele>350.000</ele></trkpt>
      <trkpt lat="22.2496951961" lon="113.9659163824"><ele>350.000</ele></trkpt>
      <trkpt lat="22.2497382530" lon="113.9658737009"><ele>352.000</ele></trkpt>
      <trkpt lat="22.2497765852" lon="113.9658367793"><ele>353.000</ele></trkpt>
      <trkpt lat="22.2497930076" lon="113.9658055947"><ele>352.000</ele></trkpt>
      <trkpt lat="22.2498199509" lon="113.9657537697"><ele>355.000</ele></trkpt>
      <trkpt lat="22.2498322507" lon="113.9657191183"><ele>354.000</ele></trkpt>
      <trkpt lat="22.2497963477" lon="113.9656934156"><ele>354.000</ele></trkpt>
      <trkpt lat="22.2497350236" lon="113.9656817401"><ele>352.000</ele></trkpt>
      <trkpt lat="22.2497238194" lon="113.9656282844"><ele>354.000</ele></trkpt>
      <trkpt lat="22.2497022168" lon="113.9655786277"><ele>352.000</ele></trkpt>
      <trkpt lat="22.2496634025" lon="113.9655155802"><ele>354.000</ele></trkpt>
      <trkpt lat="22.2495853638" lon="113.9655046865"><ele>354.000</ele></trkpt>
      <trkpt lat="22.2495206712" lon="113.9654721200"><ele>353.000</ele></trkpt>
      <trkpt lat="22.2495140940" lon="113.9653935121"><ele>354.000</ele></trkpt>
      <trkpt lat="22.2495445987" lon="113.9653304965"><ele>355.000</ele></trkpt>
      <trkpt lat="22.2495605855" lon="113.9652700153"><ele>355.000</ele></trkpt>
      <trkpt lat="22.2495709558" lon="113.9651476009"><ele>356.000</ele></trkpt>
      <trkpt lat="22.2495667352" lon="113.9650757221"><ele>356.000</ele></trkpt>
      <trkpt lat="22.2495744122" lon="113.9649932900"><ele>356.000</ele></trkpt>
      <trkpt lat="22.2495733651" lon="113.9649451450"><ele>357.000</ele></trkpt>
      <trkpt lat="22.2495492248" lon="113.9648678053"><ele>359.000</ele></trkpt>
      <trkpt lat="22.2495249496" lon="113.9647702197"><ele>358.000</ele></trkpt>
      <trkpt lat="22.2495202615" lon="113.9646793469"><ele>360.000</ele></trkpt>
      <trkpt lat="22.2495283403" lon="113.9646212057"><ele>360.000</ele></trkpt>
      <trkpt lat="22.2495389229" lon="113.9645026617"><ele>363.000</ele></trkpt>
      <trkpt lat="22.2495403176" lon="113.9644504483"><ele>363.000</ele></trkpt>
      <trkpt lat="22.2496000163" lon="113.9643723129"><ele>365.000</ele></trkpt>
      <trkpt lat="22.2496598738" lon="113.9643465729"><ele>366.000</ele></trkpt>
      <trkpt lat="22.2497030972" lon="113.9643556656"><ele>368.000</ele></trkpt>
      <trkpt lat="22.2497639735" lon="113.9643355700"><ele>370.000</ele></trkpt>
      <trkpt lat="22.2497835523" lon="113.9643013635"><ele>370.000</ele></trkpt>
      <trkpt lat="22.2498088686" lon="113.9642694280"><ele>372.000</ele></trkpt>
      <trkpt lat="22.2498496947" lon="113.9642200750"><ele>372.000</ele></trkpt>
      <trkpt lat="22.2498972890" lon="113.9642015710"><ele>375.000</ele></trkpt>
      <trkpt lat="22.2499375591" lon="113.9641551971"><ele>374.000</ele></trkpt>
      <trkpt lat="22.2499868418" lon="113.9641226821"><ele>374.000</ele></trkpt>
      <trkpt lat="22.2500280622" lon="113.9640916635"><ele>377.000</ele></trkpt>
      <trkpt lat="22.2500824837" lon="113.9640456561"><ele>376.000</ele></trkpt>
      <trkpt lat="22.2501198556" lon="113.9640066690"><ele>376.000</ele></trkpt>
      <trkpt lat="22.2501597605" lon="113.9639779903"><ele>376.000</ele></trkpt>
      <trkpt lat="22.2502328998" lon="113.9639851363"><ele>376.000</ele></trkpt>
      <trkpt lat="22.2502930510" lon="113.9639975114"><ele>376.000</ele></trkpt>
      <trkpt lat="22.2503358978" lon="113.9639948079"><ele>376.000</ele></trkpt>
      <trkpt lat="22.2503828515" lon="113.9639906140"><ele>377.000</ele></trkpt>
      <trkpt lat="22.2504413985" lon="113.9640193185"><ele>378.000</ele></trkpt>
      <trkpt lat="22.2504839408" lon="113.9640116776"><ele>379.000</ele></trkpt>
      <trkpt lat="22.2505037092" lon="113.9639843778"><ele>379.000</ele></trkpt>
      <trkpt lat="22.2505281172" lon="113.9639554023"><ele>378.000</ele></trkpt>
      <trkpt lat="22.2505769935" lon="113.9639573560"><ele>378.000</ele></trkpt>
      <trkpt lat="22.2506521364" lon="113.9639773142"><ele>378.000</ele></trkpt>
      <trkpt lat="22.2507316646" lon="113.9640221299"><ele>377.000</ele></trkpt>
      <trkpt lat="22.2507907050" lon="113.9640552672"><ele>378.000</ele></trkpt>
      <trkpt lat="22.2508121009" lon="113.9640915561"><ele>378.000</ele></trkpt>
      <trkpt lat="22.2508375148" lon="113.9641066807"><ele>378.000</ele></trkpt>
      <trkpt lat="22.2508749600" lon="113.9641168201"><ele>378.000</ele></trkpt>
      <trkpt lat="22.2508974884" lon="113.9640937845"><ele>380.000</ele></trkpt>
      <trkpt lat="22.2509225131" lon="113.9640461624"><ele>378.000</ele></trkpt>
      <trkpt lat="22.2509608424" lon="113.9639797386"><ele>379.000</ele></trkpt>
      <trkpt lat="22.2510073240" lon="113.9639183665"><ele>377.000</ele></trkpt>
      <trkpt lat="22.2510429011" lon="113.9639019177"><ele>378.000</ele></trkpt>
      <trkpt lat="22.2510919915" lon="113.9639156580"><ele>379.000</ele></trkpt>
      <trkpt lat="22.2511983155" lon="113.9639895078"><ele>379.000</ele></trkpt>
      <trkpt lat="22.2512527675" lon="113.9639875047"><ele>378.000</ele></trkpt>
      <trkpt lat="22.2512939279" lon="113.9639796912"><ele>379.000</ele></trkpt>
      <trkpt lat="22.2513398785" lon="113.9639335118"><ele>379.000</ele></trkpt>
      <trkpt lat="22.2513828998" lon="113.9638848243"><ele>378.000</ele></trkpt>
      <trkpt lat="22.2514125650" lon="113.9638638636"><ele>376.000</ele></trkpt>
      <trkpt lat="22.2515045589" lon="113.9638561478"><ele>376.000</ele></trkpt>
      <trkpt lat="22.2515877386" lon="113.9638688762"><ele>378.000</ele></trkpt>
      <trkpt lat="22.2516623449" lon="113.9638514660"><ele>380.000</ele></trkpt>
      <trkpt lat="22.2517107818" lon="113.9638282359"><ele>379.000</ele></trkpt>
      <trkpt lat="22.2517419100" lon="113.9638003656"><ele>379.000</ele></trkpt>
      <trkpt lat="22.2517879651" lon="113.9637513532"><ele>376.000</ele></trkpt>
      <trkpt lat="22.2518247467" lon="113.9636961459"><ele>376.000</ele></trkpt>
      <trkpt lat="22.2518499038" lon="113.9636393651"><ele>376.000</ele></trkpt>
      <trkpt lat="22.2518579720" lon="113.9635253146"><ele>378.000</ele></trkpt>
      <trkpt lat="22.2518423561" lon="113.9634343696"><ele>378.000</ele></trkpt>
      <trkpt lat="22.2518302466" lon="113.9633728723"><ele>376.000</ele></trkpt>
      <trkpt lat="22.2518783286" lon="113.9632857791"><ele>379.000</ele></trkpt>
      <trkpt lat="22.2518837369" lon="113.9632712772"><ele>379.000</ele></trkpt>
      <trkpt lat="22.2519111566" lon="113.9631977195"><ele>377.000</ele></trkpt>
      <trkpt lat="22.2518639798" lon="113.9631490228"><ele>378.000</ele></trkpt>
      <trkpt lat="22.2518105011" lon="113.9630945635"><ele>377.000</ele></trkpt>
      <trkpt lat="22.2518253280" lon="113.9630042902"><ele>377.000</ele></trkpt>
      <trkpt lat="22.2518215862" lon="113.9629469615"><ele>377.000</ele></trkpt>
      <trkpt lat="22.2518042097" lon="113.9628977346"><ele>378.000</ele></trkpt>
      <trkpt lat="22.2517657255" lon="113.9628804569"><ele>378.000</ele></trkpt>
      <trkpt lat="22.2517122752" lon="113.9628750860"><ele>376.000</ele></trkpt>
      <trkpt lat="22.2516618284" lon="113.9628669069"><ele>376.000</ele></trkpt>
      <trkpt lat="22.2516253156" lon="113.9628447659"><ele>377.000</ele></trkpt>
      <trkpt lat="22.2515795720" lon="113.9627735895"><ele>378.000</ele></trkpt>
      <trkpt lat="22.2515718722" lon="113.9627212436"><ele>378.000</ele></trkpt>
      <trkpt lat="22.2515677072" lon="113.9626580852"><ele>380.000</ele></trkpt>
      <trkpt lat="22.2515338899" lon="113.9625640249"><ele>381.000</ele></trkpt>
      <trkpt lat="22.2515000235" lon="113.9625080518"><ele>378.000</ele></trkpt>
      <trkpt lat="22.2514674925" lon="113.9624717605"><ele>376.000</ele></trkpt>
      <trkpt lat="22.2514543298" lon="113.9623446654"><ele>377.000</ele></trkpt>
      <trkpt lat="22.2514623682" lon="113.9622908016"><ele>375.000</ele></trkpt>
      <trkpt lat="22.2514807417" lon="113.9622605252"><ele>377.000</ele></trkpt>
      <trkpt lat="22.2515380277" lon="113.9622162682"><ele>375.000</ele></trkpt>
      <trkpt lat="22.2515565211" lon="113.9621810827"><ele>375.000</ele></trkpt>
      <trkpt lat="22.2515729473" lon="113.9621191541"><ele>374.000</ele></trkpt>
      <trkpt lat="22.2515838668" lon="113.9620861047"><ele>374.000</ele></trkpt>
      <trkpt lat="22.2516024351" lon="113.9620324285"><ele>374.000</ele></trkpt>
      <trkpt lat="22.2516186628" lon="113.9619980420"><ele>377.000</ele></trkpt>
      <trkpt lat="22.2516067364" lon="113.9619320335"><ele>379.000</ele></trkpt>
      <trkpt lat="22.2515704514" lon="113.9619115514"><ele>374.000</ele></trkpt>
      <trkpt lat="22.2515381128" lon="113.9619047905"><ele>372.000</ele></trkpt>
      <trkpt lat="22.2515099396" lon="113.9618723828"><ele>375.000</ele></trkpt>
      <trkpt lat="22.2514798607" lon="113.9618740197"><ele>375.000</ele></trkpt>
      <trkpt lat="22.2514357383" lon="113.9618681305"><ele>372.000</ele></trkpt>
      <trkpt lat="22.2513918638" lon="113.9618175183"><ele>372.000</ele></trkpt>
      <trkpt lat="22.2513436063" lon="113.9617644778"><ele>373.000</ele></trkpt>
      <trkpt lat="22.2513102493" lon="113.9617114824"><ele>372.000</ele></trkpt>
      <trkpt lat="22.2512617737" lon="113.9616984307"><ele>370.000</ele></trkpt>
      <trkpt lat="22.2512242172" lon="113.9617066565"><ele>368.000</ele></trkpt>
      <trkpt lat="22.2511997027" lon="113.9616957607"><ele>370.000</ele></trkpt>
      <trkpt lat="22.2511756295" lon="113.9616226309"><ele>369.000</ele></trkpt>
      <trkpt lat="22.2511410456" lon="113.9616115080"><ele>366.000</ele></trkpt>
      <trkpt lat="22.2510766490" lon="113.9616120914"><ele>366.000</ele></trkpt>
      <trkpt lat="22.2510182762" lon="113.9615515869"><ele>368.000</ele></trkpt>
      <trkpt lat="22.2509448467" lon="113.9615436472"><ele>368.000</ele></trkpt>
      <trkpt lat="22.2508819960" lon="113.9615318399"><ele>366.000</ele></trkpt>
      <trkpt lat="22.2508325606" lon="113.9615169077"><ele>364.000</ele></trkpt>
      <trkpt lat="22.2507061386" lon="113.9614879295"><ele>365.000</ele></trkpt>
      <trkpt lat="22.2506691074" lon="113.9614359491"><ele>366.000</ele></trkpt>
      <trkpt lat="22.2506354467" lon="113.9613515033"><ele>365.000</ele></trkpt>
      <trkpt lat="22.2506364087" lon="113.9613073809"><ele>364.000</ele></trkpt>
      <trkpt lat="22.2506505064" lon="113.9612535663"><ele>363.000</ele></trkpt>
      <trkpt lat="22.2506577853" lon="113.9611584740"><ele>366.000</ele></trkpt>
      <trkpt lat="22.2506888073" lon="113.9611121810"><ele>364.000</ele></trkpt>
      <trkpt lat="22.2507091250" lon="113.9610772159"><ele>369.000</ele></trkpt>
      <trkpt lat="22.2507175830" lon="113.9610472651"><ele>369.000</ele></trkpt>
      <trkpt lat="22.2506976003" lon="113.9610215779"><ele>364.000</ele></trkpt>
      <trkpt lat="22.2506759112" lon="113.9609894420"><ele>366.000</ele></trkpt>
      <trkpt lat="22.2506877964" lon="113.9609561391"><ele>366.000</ele></trkpt>
      <trkpt lat="22.2506678473" lon="113.9609285698"><ele>366.000</ele></trkpt>
      <trkpt lat="22.2506039270" lon="113.9609206546"><ele>366.000</ele></trkpt>
      <trkpt lat="22.2505389021" lon="113.9608833369"><ele>363.000</ele></trkpt>
      <trkpt lat="22.2504961948" lon="113.9608618173"><ele>362.000</ele></trkpt>
      <trkpt lat="22.2504653935" lon="113.9608362147"><ele>361.000</ele></trkpt>
      <trkpt lat="22.2504672171" lon="113.9607814779"><ele>361.000</ele></trkpt>
      <trkpt lat="22.2505052153" lon="113.9607250947"><ele>360.000</ele></trkpt>
      <trkpt lat="22.2505234294" lon="113.9606906082"><ele>364.000</ele></trkpt>
      <trkpt lat="22.2505533420" lon="113.9606590626"><ele>363.000</ele></trkpt>
      <trkpt lat="22.2505673893" lon="113.9605607876"><ele>364.000</ele></trkpt>
      <trkpt lat="22.2506018500" lon="113.9605130922"><ele>361.000</ele></trkpt>
      <trkpt lat="22.2506185790" lon="113.9604824206"><ele>362.000</ele></trkpt>
      <trkpt lat="22.2506469793" lon="113.9604341427"><ele>360.000</ele></trkpt>
      <trkpt lat="22.2506716081" lon="113.9603816506"><ele>364.000</ele></trkpt>
      <trkpt lat="22.2506926365" lon="113.9603379824"><ele>364.000</ele></trkpt>
      <trkpt lat="22.2506692748" lon="113.9602977002"><ele>364.000</ele></trkpt>
      <trkpt lat="22.2506474824" lon="113.9602559217"><ele>364.000</ele></trkpt>
      <trkpt lat="22.2506041723" lon="113.9602429111"><ele>362.000</ele></trkpt>
      <trkpt lat="22.2505878228" lon="113.9602195370"><ele>364.000</ele></trkpt>
      <trkpt lat="22.2505993148" lon="113.9601623794"><ele>364.000</ele></trkpt>
      <trkpt lat="22.2505931631" lon="113.9601338966"><ele>365.000</ele></trkpt>
      <trkpt lat="22.2505352958" lon="113.9600803867"><ele>366.000</ele></trkpt>
      <trkpt lat="22.2504887866" lon="113.9600521890"><ele>366.000</ele></trkpt>
      <trkpt lat="22.2504238800" lon="113.9600292875"><ele>363.000</ele></trkpt>
      <trkpt lat="22.2503671823" lon="113.9600130962"><ele>363.000</ele></trkpt>
      <trkpt lat="22.2503242250" lon="113.9600006576"><ele>362.000</ele></trkpt>
      <trkpt lat="22.2502731087" lon="113.9599578087"><ele>361.000</ele></trkpt>
      <trkpt lat="22.2502438626" lon="113.9599066996"><ele>361.000</ele></trkpt>
      <trkpt lat="22.2501549210" lon="113.9598803815"><ele>362.000</ele></trkpt>
      <trkpt lat="22.2500844250" lon="113.9598579253"><ele>360.000</ele></trkpt>
      <trkpt lat="22.2500338479" lon="113.9598266394"><ele>361.000</ele></trkpt>
      <trkpt lat="22.2500086346" lon="113.9597997285"><ele>361.000</ele></trkpt>
      <trkpt lat="22.2499843677" lon="113.9597579638"><ele>361.000</ele></trkpt>
      <trkpt lat="22.2499831560" lon="113.9597161538"><ele>363.000</ele></trkpt>
      <trkpt lat="22.2500001252" lon="113.9596491122"><ele>362.000</ele></trkpt>
      <trkpt lat="22.2500087246" lon="113.9595966935"><ele>361.000</ele></trkpt>
      <trkpt lat="22.2500150118" lon="113.9595373226"><ele>362.000</ele></trkpt>
      <trkpt lat="22.2500204374" lon="113.9594414282"><ele>366.000</ele></trkpt>
      <trkpt lat="22.2500151628" lon="113.9593868869"><ele>366.000</ele></trkpt>
      <trkpt lat="22.2500027048" lon="113.9592955700"><ele>363.000</ele></trkpt>
      <trkpt lat="22.2499910622" lon="113.9592130120"><ele>363.000</ele></trkpt>
      <trkpt lat="22.2499621427" lon="113.9591699255"><ele>360.000</ele></trkpt>
      <trkpt lat="22.2499210291" lon="113.9591316308"><ele>358.000</ele></trkpt>
      <trkpt lat="22.2498627675" lon="113.9591076232"><ele>362.000</ele></trkpt>
      <trkpt lat="22.2498203639" lon="113.9590972601"><ele>360.000</ele></trkpt>
      <trkpt lat="22.2497973669" lon="113.9590732951"><ele>362.000</ele></trkpt>
      <trkpt lat="22.2497579004" lon="113.9590039155"><ele>358.000</ele></trkpt>
      <trkpt lat="22.2497317214" lon="113.9589438383"><ele>357.000</ele></trkpt>
      <trkpt lat="22.2497122483" lon="113.9589308039"><ele>357.000</ele></trkpt>
      <trkpt lat="22.2496888415" lon="113.9589210672"><ele>354.000</ele></trkpt>
      <trkpt lat="22.2496621919" lon="113.9589155235"><ele>354.000</ele></trkpt>
      <trkpt lat="22.2496329480" lon="113.9589141728"><ele>351.000</ele></trkpt>
      <trkpt lat="22.2496082470" lon="113.9589178848"><ele>346.000</ele></trkpt>
      <trkpt lat="22.2495636012" lon="113.9589325734"><ele>349.000</ele></trkpt>
      <trkpt lat="22.2495064884" lon="113.9589571667"><ele>350.000</ele></trkpt>
      <trkpt lat="22.2494531527" lon="113.9589767678"><ele>353.000</ele></trkpt>
      <trkpt lat="22.2493961806" lon="113.9589918247"><ele>348.000</ele></trkpt>
      <trkpt lat="22.2493515323" lon="113.9589978405"><ele>348.000</ele></trkpt>
      <trkpt lat="22.2492930340" lon="113.9589994056"><ele>348.000</ele></trkpt>
      <trkpt lat="22.2492228792" lon="113.9589957791"><ele>352.000</ele></trkpt>
      <trkpt lat="22.2491633476" lon="113.9589944548"><ele>354.000</ele></trkpt>
      <trkpt lat="22.2490652949" lon="113.9590093133"><ele>352.000</ele></trkpt>
      <trkpt lat="22.2490085294" lon="113.9590235840"><ele>350.000</ele></trkpt>
      <trkpt lat="22.2489787098" lon="113.9590029475"><ele>352.000</ele></trkpt>
      <trkpt lat="22.2489651510" lon="113.9589596823"><ele>351.000</ele></trkpt>
      <trkpt lat="22.2489742957" lon="113.9588965725"><ele>350.000</ele></trkpt>
      <trkpt lat="22.2489744464" lon="113.9588338743"><ele>352.000</ele></trkpt>
      <trkpt lat="22.2489518673" lon="113.9587780894"><ele>357.000</ele></trkpt>
      <trkpt lat="22.2489653162" lon="113.9587260030"><ele>358.000</ele></trkpt>
      <trkpt lat="22.2489496295" lon="113.9586313838"><ele>358.000</ele></trkpt>
      <trkpt lat="22.2488961920" lon="113.9586154598"><ele>355.000</ele></trkpt>
      <trkpt lat="22.2488520010" lon="113.9585787225"><ele>353.000</ele></trkpt>
      <trkpt lat="22.2488254293" lon="113.9585357395"><ele>353.000</ele></trkpt>
      <trkpt lat="22.2488290833" lon="113.9584861324"><ele>356.000</ele></trkpt>
      <trkpt lat="22.2488420562" lon="113.9584427486"><ele>357.000</ele></trkpt>
      <trkpt lat="22.2488547590" lon="113.9583461744"><ele>360.000</ele></trkpt>
      <trkpt lat="22.2488462002" lon="113.9583209552"><ele>360.000</ele></trkpt>
      <trkpt lat="22.2487998733" lon="113.9582875682"><ele>354.000</ele></trkpt>
      <trkpt lat="22.2487570643" lon="113.9582309611"><ele>356.000</ele></trkpt>
      <trkpt lat="22.2487405205" lon="113.9581842084"><ele>352.000</ele></trkpt>
      <trkpt lat="22.2487497036" lon="113.9581364359"><ele>353.000</ele></trkpt>
      <trkpt lat="22.2487828971" lon="113.9580535957"><ele>352.000</ele></trkpt>
      <trkpt lat="22.2487911393" lon="113.9580112669"><ele>352.000</ele></trkpt>
      <trkpt lat="22.2487855979" lon="113.9579668447"><ele>352.000</ele></trkpt>
      <trkpt lat="22.2487562910" lon="113.9579314330"><ele>352.000</ele></trkpt>
      <trkpt lat="22.2486438357" lon="113.9578600141"><ele>352.000</ele></trkpt>
      <trkpt lat="22.2486170325" lon="113.9578060986"><ele>352.000</ele></trkpt>
      <trkpt lat="22.2486075807" lon="113.9577549404"><ele>352.000</ele></trkpt>
      <trkpt lat="22.2486114044" lon="113.9577041398"><ele>354.000</ele></trkpt>
      <trkpt lat="22.2486238973" lon="113.9576465059"><ele>356.000</ele></trkpt>
      <trkpt lat="22.2486516673" lon="113.9575667202"><ele>355.000</ele></trkpt>
      <trkpt lat="22.2486658334" lon="113.9575176691"><ele>358.000</ele></trkpt>
      <trkpt lat="22.2486698916" lon="113.9574399575"><ele>360.000</ele></trkpt>
      <trkpt lat="22.2486828807" lon="113.9573619022"><ele>358.000</ele></trkpt>
      <trkpt lat="22.2487143398" lon="113.9573124263"><ele>361.000</ele></trkpt>
      <trkpt lat="22.2487491674" lon="113.9572630035"><ele>359.000</ele></trkpt>
      <trkpt lat="22.2487748157" lon="113.9572105391"><ele>362.000</ele></trkpt>
      <trkpt lat="22.2487838406" lon="113.9571662203"><ele>362.000</ele></trkpt>
      <trkpt lat="22.2487740726" lon="113.9571217854"><ele>359.000</ele></trkpt>
      <trkpt lat="22.2487641381" lon="113.9570610141"><ele>358.000</ele></trkpt>
      <trkpt lat="22.2487692621" lon="113.9570169343"><ele>358.000</ele></trkpt>
      <trkpt lat="22.2488211499" lon="113.9569619551"><ele>359.000</ele></trkpt>
      <trkpt lat="22.2488624965" lon="113.9569184784"><ele>361.000</ele></trkpt>
      <trkpt lat="22.2488893734" lon="113.9568663515"><ele>367.000</ele></trkpt>
      <trkpt lat="22.2488718731" lon="113.9568337833"><ele>367.000</ele></trkpt>
      <trkpt lat="22.2488244125" lon="113.9568236325"><ele>364.000</ele></trkpt>
      <trkpt lat="22.2488120869" lon="113.9567778531"><ele>368.000</ele></trkpt>
      <trkpt lat="22.2487828559" lon="113.9566786571"><ele>362.000</ele></trkpt>
      <trkpt lat="22.2487853892" lon="113.9566221543"><ele>362.000</ele></trkpt>
      <trkpt lat="22.2487925324" lon="113.9565754423"><ele>360.000</ele></trkpt>
      <trkpt lat="22.2487782242" lon="113.9565260572"><ele>361.000</ele></trkpt>
      <trkpt lat="22.2487494180" lon="113.9565205048"><ele>359.000</ele></trkpt>
      <trkpt lat="22.2487018274" lon="113.9565343935"><ele>360.000</ele></trkpt>
      <trkpt lat="22.2486601920" lon="113.9565313252"><ele>360.000</ele></trkpt>
      <trkpt lat="22.2486377268" lon="113.9564935554"><ele>361.000</ele></trkpt>
      <trkpt lat="22.2486311441" lon="113.9563874461"><ele>362.000</ele></trkpt>
      <trkpt lat="22.2486309762" lon="113.9562569869"><ele>363.000</ele></trkpt>
      <trkpt lat="22.2486317424" lon="113.9561960923"><ele>364.000</ele></trkpt>
      <trkpt lat="22.2485808265" lon="113.9561818727"><ele>362.000</ele></trkpt>
      <trkpt lat="22.2485470961" lon="113.9561212359"><ele>364.000</ele></trkpt>
      <trkpt lat="22.2485203175" lon="113.9560992469"><ele>364.000</ele></trkpt>
      <trkpt lat="22.2484801631" lon="113.9560894050"><ele>361.000</ele></trkpt>
      <trkpt lat="22.2484353844" lon="113.9560326660"><ele>360.000</ele></trkpt>
      <trkpt lat="22.2484310244" lon="113.9560007468"><ele>360.000</ele></trkpt>
      <trkpt lat="22.2484240282" lon="113.9559494685"><ele>360.000</ele></trkpt>
      <trkpt lat="22.2484219099" lon="113.9558659267"><ele>360.000</ele></trkpt>
      <trkpt lat="22.2484270098" lon="113.9557844204"><ele>362.000</ele></trkpt>
      <trkpt lat="22.2484471620" lon="113.9557548007"><ele>366.000</ele></trkpt>
      <trkpt lat="22.2485038607" lon="113.9556983487"><ele>368.000</ele></trkpt>
      <trkpt lat="22.2485299713" lon="113.9556474938"><ele>371.000</ele></trkpt>
      <trkpt lat="22.2485374946" lon="113.9555883251"><ele>370.000</ele></trkpt>
      <trkpt lat="22.2484620920" lon="113.9555840102"><ele>366.000</ele></trkpt>
      <trkpt lat="22.2483899919" lon="113.9555843271"><ele>365.000</ele></trkpt>
      <trkpt lat="22.2483291112" lon="113.9555804259"><ele>363.000</ele></trkpt>
      <trkpt lat="22.2482540908" lon="113.9555981220"><ele>360.000</ele></trkpt>
      <trkpt lat="22.2481312868" lon="113.9556271753"><ele>364.000</ele></trkpt>
      <trkpt lat="22.2480705217" lon="113.9556220225"><ele>366.000</ele></trkpt>
      <trkpt lat="22.2480243123" lon="113.9556288761"><ele>366.000</ele></trkpt>
      <trkpt lat="22.2479855257" lon="113.9556155690"><ele>366.000</ele></trkpt>
      <trkpt lat="22.2479351313" lon="113.9555996706"><ele>362.000</ele></trkpt>
      <trkpt lat="22.2478765734" lon="113.9556105113"><ele>362.000</ele></trkpt>
      <trkpt lat="22.2478360608" lon="113.9555897081"><ele>360.000</ele></trkpt>
      <trkpt lat="22.2478161156" lon="113.9555391876"><ele>363.000</ele></trkpt>
      <trkpt lat="22.2477886684" lon="113.9555103704"><ele>362.000</ele></trkpt>
      <trkpt lat="22.2477397569" lon="113.9554958957"><ele>360.000</ele></trkpt>
      <trkpt lat="22.2476819464" lon="113.9554586767"><ele>361.000</ele></trkpt>
      <trkpt lat="22.2476179011" lon="113.9554453803"><ele>360.000</ele></trkpt>
      <trkpt lat="22.2474931527" lon="113.9554126513"><ele>360.000</ele></trkpt>
      <trkpt lat="22.2474648273" lon="113.9553955057"><ele>360.000</ele></trkpt>
      <trkpt lat="22.2474568518" lon="113.9553480418"><ele>360.000</ele></trkpt>
      <trkpt lat="22.2474499016" lon="113.9552842399"><ele>362.000</ele></trkpt>
      <trkpt lat="22.2473997559" lon="113.9552322538"><ele>362.000</ele></trkpt>
      <trkpt lat="22.2473160265" lon="113.9551830843"><ele>360.000</ele></trkpt>
      <trkpt lat="22.2472680644" lon="113.9551615597"><ele>359.000</ele></trkpt>
      <trkpt lat="22.2472256277" lon="113.9551423759"><ele>360.000</ele></trkpt>
      <trkpt lat="22.2471963341" lon="113.9551250971"><ele>359.000</ele></trkpt>
      <trkpt lat="22.2471760033" lon="113.9551090867"><ele>359.000</ele></trkpt>
      <trkpt lat="22.2471574413" lon="113.9550770320"><ele>360.000</ele></trkpt>
      <trkpt lat="22.2471448488" lon="113.9550411176"><ele>362.000</ele></trkpt>
      <trkpt lat="22.2471340322" lon="113.9549942928"><ele>362.000</ele></trkpt>
      <trkpt lat="22.2471202308" lon="113.9549481138"><ele>362.000</ele></trkpt>
      <trkpt lat="22.2470903052" lon="113.9549051684"><ele>364.000</ele></trkpt>
      <trkpt lat="22.2470508339" lon="113.9548712221"><ele>362.000</ele></trkpt>
      <trkpt lat="22.2470167437" lon="113.9548404753"><ele>361.000</ele></trkpt>
      <trkpt lat="22.2470041941" lon="113.9548360026"><ele>361.000</ele></trkpt>
      <trkpt lat="22.2469898641" lon="113.9548405177"><ele>360.000</ele></trkpt>
      <trkpt lat="22.2469635990" lon="113.9548540337"><ele>360.000</ele></trkpt>
      <trkpt lat="22.2469415106" lon="113.9548636937"><ele>360.000</ele></trkpt>
      <trkpt lat="22.2469235920" lon="113.9548643641"><ele>360.000</ele></trkpt>
      <trkpt lat="22.2469074537" lon="113.9548573312"><ele>360.000</ele></trkpt>
      <trkpt lat="22.2468835220" lon="113.9548291344"><ele>360.000</ele></trkpt>
      <trkpt lat="22.2468529977" lon="113.9547855488"><ele>360.000</ele></trkpt>
      <trkpt lat="22.2467781634" lon="113.9546631065"><ele>362.000</ele></trkpt>
      <trkpt lat="22.2467500171" lon="113.9546111754"><ele>361.000</ele></trkpt>
      <trkpt lat="22.2467170821" lon="113.9545515513"><ele>362.000</ele></trkpt>
      <trkpt lat="22.2466895179" lon="113.9544880694"><ele>362.000</ele></trkpt>
      <trkpt lat="22.2466715247" lon="113.9544348389"><ele>361.000</ele></trkpt>
      <trkpt lat="22.2466523472" lon="113.9543893099"><ele>362.000</ele></trkpt>
      <trkpt lat="22.2466415577" lon="113.9543617347"><ele>363.000</ele></trkpt>
      <trkpt lat="22.2466427278" lon="113.9543437658"><ele>363.000</ele></trkpt>
      <trkpt lat="22.2466426927" lon="113.9543180992"><ele>365.000</ele></trkpt>
      <trkpt lat="22.2466348913" lon="113.9542918027"><ele>365.000</ele></trkpt>
      <trkpt lat="22.2466187204" lon="113.9542603857"><ele>364.000</ele></trkpt>
      <trkpt lat="22.2465941846" lon="113.9542276995"><ele>366.000</ele></trkpt>
      <trkpt lat="22.2465642694" lon="113.9541924549"><ele>366.000</ele></trkpt>
      <trkpt lat="22.2465426954" lon="113.9541417970"><ele>366.000</ele></trkpt>
      <trkpt lat="22.2465271074" lon="113.9541001127"><ele>366.000</ele></trkpt>
      <trkpt lat="22.2465198941" lon="113.9540667570"><ele>366.000</ele></trkpt>
      <trkpt lat="22.2465180567" lon="113.9540340339"><ele>368.000</ele></trkpt>
      <trkpt lat="22.2465233860" lon="113.9539993759"><ele>368.000</ele></trkpt>
      <trkpt lat="22.2465269333" lon="113.9539730615"><ele>368.000</ele></trkpt>
      <trkpt lat="22.2465161436" lon="113.9539454863"><ele>368.000</ele></trkpt>
      <trkpt lat="22.2465023622" lon="113.9539147078"><ele>368.000</ele></trkpt>
      <trkpt lat="22.2464945484" lon="113.9538794283"><ele>368.000</ele></trkpt>
      <trkpt lat="22.2464891250" lon="113.9538447863"><ele>368.000</ele></trkpt>
      <trkpt lat="22.2464890880" lon="113.9538178354"><ele>368.000</ele></trkpt>
      <trkpt lat="22.2464998214" lon="113.9538037017"><ele>370.000</ele></trkpt>
      <trkpt lat="22.2465177126" lon="113.9537831405"><ele>370.000</ele></trkpt>
      <trkpt lat="22.2465332074" lon="113.9537568071"><ele>370.000</ele></trkpt>
      <trkpt lat="22.2465361586" lon="113.9537304936"><ele>370.000</ele></trkpt>
      <trkpt lat="22.2465277575" lon="113.9537029147"><ele>370.000</ele></trkpt>
      <trkpt lat="22.2465074089" lon="113.9536740723"><ele>370.000</ele></trkpt>
      <trkpt lat="22.2464870726" lon="113.9536548540"><ele>367.000</ele></trkpt>
      <trkpt lat="22.2464428177" lon="113.9536170655"><ele>366.000</ele></trkpt>
      <trkpt lat="22.2464165006" lon="113.9535920818"><ele>368.000</ele></trkpt>
      <trkpt lat="22.2463824005" lon="113.9535549185"><ele>368.000</ele></trkpt>
      <trkpt lat="22.2463536649" lon="113.9535087636"><ele>370.000</ele></trkpt>
      <trkpt lat="22.2463297100" lon="113.9534638846"><ele>372.000</ele></trkpt>
      <trkpt lat="22.2463087283" lon="113.9534093757"><ele>372.000</ele></trkpt>
      <trkpt lat="22.2462943199" lon="113.9533567810"><ele>371.000</ele></trkpt>
      <trkpt lat="22.2462853121" lon="113.9533221447"><ele>371.000</ele></trkpt>
      <trkpt lat="22.2462697477" lon="113.9532977863"><ele>370.000</ele></trkpt>
      <trkpt lat="22.2462416372" lon="113.9532721634"><ele>368.000</ele></trkpt>
      <trkpt lat="22.2462200982" lon="113.9532465310"><ele>368.000</ele></trkpt>
      <trkpt lat="22.2461967428" lon="113.9532035758"><ele>368.000</ele></trkpt>
      <trkpt lat="22.2461751650" lon="113.9531503513"><ele>370.000</ele></trkpt>
      <trkpt lat="22.2461470085" lon="113.9530907202"><ele>370.000</ele></trkpt>
      <trkpt lat="22.2461134805" lon="113.9530349480"><ele>370.000</ele></trkpt>
      <trkpt lat="22.2460871510" lon="113.9530009815"><ele>369.000</ele></trkpt>
      <trkpt lat="22.2460476801" lon="113.9529670359"><ele>370.000</ele></trkpt>
      <trkpt lat="22.2459860883" lon="113.9529196491"><ele>368.000</ele></trkpt>
      <trkpt lat="22.2459304535" lon="113.9528600628"><ele>368.000</ele></trkpt>
      <trkpt lat="22.2458724388" lon="113.9528068964"><ele>368.000</ele></trkpt>
      <trkpt lat="22.2458347428" lon="113.9527607552"><ele>368.000</ele></trkpt>
      <trkpt lat="22.2457898659" lon="113.9527056433"><ele>368.000</ele></trkpt>
      <trkpt lat="22.2457653404" lon="113.9526800159"><ele>368.000</ele></trkpt>
      <trkpt lat="22.2457193121" lon="113.9526563473"><ele>368.000</ele></trkpt>
      <trkpt lat="22.2456691079" lon="113.9526358934"><ele>366.000</ele></trkpt>
      <trkpt lat="22.2456422186" lon="113.9526295191"><ele>367.000</ele></trkpt>
      <trkpt lat="22.2456266877" lon="113.9526295439"><ele>366.000</ele></trkpt>
      <trkpt lat="22.2455938379" lon="113.9526321630"><ele>366.000</ele></trkpt>
      <trkpt lat="22.2455478512" lon="113.9526386532"><ele>365.000</ele></trkpt>
      <trkpt lat="22.2455030574" lon="113.9526432160"><ele>368.000</ele></trkpt>
      <trkpt lat="22.2454785806" lon="113.9526535213"><ele>370.000</ele></trkpt>
      <trkpt lat="22.2454511253" lon="113.9526696072"><ele>370.000</ele></trkpt>
      <trkpt lat="22.2454272639" lon="113.9526933870"><ele>370.000</ele></trkpt>
      <trkpt lat="22.2453998290" lon="113.9527242307"><ele>368.000</ele></trkpt>
      <trkpt lat="22.2453717980" lon="113.9527557166"><ele>370.000</ele></trkpt>
      <trkpt lat="22.2453342010" lon="113.9527814437"><ele>368.000</ele></trkpt>
      <trkpt lat="22.2453055465" lon="113.9527943225"><ele>368.000</ele></trkpt>
      <trkpt lat="22.2452703081" lon="113.9527975866"><ele>366.000</ele></trkpt>
      <trkpt lat="22.2452392367" lon="113.9527905777"><ele>366.000</ele></trkpt>
      <trkpt lat="22.2452003822" lon="113.9527707480"><ele>365.000</ele></trkpt>
      <trkpt lat="22.2451722839" lon="113.9527541092"><ele>364.000</ele></trkpt>
      <trkpt lat="22.2451465672" lon="113.9527316918"><ele>366.000</ele></trkpt>
      <trkpt lat="22.2451184531" lon="113.9527028612"><ele>364.000</ele></trkpt>
      <trkpt lat="22.2450945218" lon="113.9526759495"><ele>366.000</ele></trkpt>
      <trkpt lat="22.2450622168" lon="113.9526407094"><ele>365.000</ele></trkpt>
      <trkpt lat="22.2450346960" lon="113.9526093111"><ele>366.000</ele></trkpt>
      <trkpt lat="22.2450083682" lon="113.9525766283"><ele>366.000</ele></trkpt>
      <trkpt lat="22.2449802699" lon="113.9525593475"><ele>365.000</ele></trkpt>
      <trkpt lat="22.2449485971" lon="113.9525497728"><ele>366.000</ele></trkpt>
      <trkpt lat="22.2449264947" lon="113.9525491667"><ele>366.000</ele></trkpt>
      <trkpt lat="22.2449079881" lon="113.9525568957"><ele>366.000</ele></trkpt>
      <trkpt lat="22.2448924714" lon="113.9525671877"><ele>366.000</ele></trkpt>
      <trkpt lat="22.2448841303" lon="113.9525826010"><ele>366.000</ele></trkpt>
      <trkpt lat="22.2448823670" lon="113.9526037786"><ele>364.000</ele></trkpt>
      <trkpt lat="22.2448865791" lon="113.9526262302"><ele>364.000</ele></trkpt>
      <trkpt lat="22.2448955862" lon="113.9526602238"><ele>364.000</ele></trkpt>
      <trkpt lat="22.2449111780" lon="113.9527044743"><ele>363.000</ele></trkpt>
      <trkpt lat="22.2449249915" lon="113.9527583528"><ele>364.000</ele></trkpt>
      <trkpt lat="22.2449417808" lon="113.9528045260"><ele>364.000</ele></trkpt>
      <trkpt lat="22.2449585665" lon="113.9528481325"><ele>362.000</ele></trkpt>
      <trkpt lat="22.2449747455" lon="113.9528853238"><ele>362.000</ele></trkpt>
      <trkpt lat="22.2449831538" lon="113.9529186772"><ele>362.000</ele></trkpt>
      <trkpt lat="22.2449867840" lon="113.9529520383"><ele>364.000</ele></trkpt>
      <trkpt lat="22.2449832316" lon="113.9529751434"><ele>362.000</ele></trkpt>
      <trkpt lat="22.2449737063" lon="113.9529982590"><ele>362.000</ele></trkpt>
      <trkpt lat="22.2449665767" lon="113.9530258613"><ele>362.000</ele></trkpt>
      <trkpt lat="22.2449624264" lon="113.9530489683"><ele>362.000</ele></trkpt>
      <trkpt lat="22.2449493151" lon="113.9530708062"><ele>364.000</ele></trkpt>
      <trkpt lat="22.2449320270" lon="113.9530958588"><ele>363.000</ele></trkpt>
      <trkpt lat="22.2449153226" lon="113.9531112853"><ele>363.000</ele></trkpt>
      <trkpt lat="22.2448956344" lon="113.9531286411"><ele>363.000</ele></trkpt>
      <trkpt lat="22.2448819218" lon="113.9531479131"><ele>363.000</ele></trkpt>
      <trkpt lat="22.2448723806" lon="113.9531594780"><ele>363.000</ele></trkpt>
      <trkpt lat="22.2448550704" lon="113.9531684884"><ele>364.000</ele></trkpt>
      <trkpt lat="22.2448389568" lon="113.9531794225"><ele>362.000</ele></trkpt>
      <trkpt lat="22.2448240396" lon="113.9531909969"><ele>362.000</ele></trkpt>
      <trkpt lat="22.2447989676" lon="113.9532032277"><ele>362.000</ele></trkpt>
      <trkpt lat="22.2447715104" lon="113.9532180300"><ele>361.000</ele></trkpt>
      <trkpt lat="22.2447428533" lon="113.9532289840"><ele>361.000</ele></trkpt>
      <trkpt lat="22.2447207632" lon="113.9532373607"><ele>362.000</ele></trkpt>
      <trkpt lat="22.2447052368" lon="113.9532405934"><ele>362.000</ele></trkpt>
      <trkpt lat="22.2446849323" lon="113.9532438337"><ele>362.000</ele></trkpt>
      <trkpt lat="22.2446664212" lon="113.9532489967"><ele>363.000</ele></trkpt>
      <trkpt lat="22.2446538777" lon="113.9532490166"><ele>363.000</ele></trkpt>
      <trkpt lat="22.2446419293" lon="113.9532477521"><ele>363.000</ele></trkpt>
      <trkpt lat="22.2446299774" lon="113.9532445631"><ele>364.000</ele></trkpt>
      <trkpt lat="22.2446180317" lon="113.9532452232"><ele>364.000</ele></trkpt>
      <trkpt lat="22.2446025053" lon="113.9532484559"><ele>364.000</ele></trkpt>
      <trkpt lat="22.2445816020" lon="113.9532510559"><ele>364.000</ele></trkpt>
      <trkpt lat="22.2445589027" lon="113.9532504507"><ele>364.000</ele></trkpt>
      <trkpt lat="22.2445379960" lon="113.9532504839"><ele>363.000</ele></trkpt>
      <trkpt lat="22.2445176906" lon="113.9532537241"><ele>363.000</ele></trkpt>
      <trkpt lat="22.2445009667" lon="113.9532550341"><ele>363.000</ele></trkpt>
      <trkpt lat="22.2444878219" lon="113.9532524881"><ele>363.000</ele></trkpt>
      <trkpt lat="22.2444704879" lon="113.9532441740"><ele>363.000</ele></trkpt>
      <trkpt lat="22.2444543460" lon="113.9532345745"><ele>362.000</ele></trkpt>
      <trkpt lat="22.2444387966" lon="113.9532211249"><ele>362.000</ele></trkpt>
      <trkpt lat="22.2444304237" lon="113.9532134377"><ele>364.000</ele></trkpt>
      <trkpt lat="22.2444226477" lon="113.9532057506"><ele>364.000</ele></trkpt>
      <trkpt lat="22.2444154633" lon="113.9531942113"><ele>364.000</ele></trkpt>
      <trkpt lat="22.2444082789" lon="113.9531820318"><ele>364.000</ele></trkpt>
      <trkpt lat="22.2444005011" lon="113.9531730603"><ele>364.000</ele></trkpt>
      <trkpt lat="22.2443897431" lon="113.9531685859"><ele>365.000</ele></trkpt>
      <trkpt lat="22.2443760048" lon="113.9531692489"><ele>365.000</ele></trkpt>
      <trkpt lat="22.2443604758" lon="113.9531705570"><ele>362.000</ele></trkpt>
      <trkpt lat="22.2443509178" lon="113.9531699309"><ele>362.000</ele></trkpt>
      <trkpt lat="22.2443365755" lon="113.9531654623"><ele>364.000</ele></trkpt>
      <trkpt lat="22.2443168485" lon="113.9531552263"><ele>364.000</ele></trkpt>
      <trkpt lat="22.2443024991" lon="113.9531456240"><ele>364.000</ele></trkpt>
      <trkpt lat="22.2442869480" lon="113.9531308910"><ele>364.000</ele></trkpt>
      <trkpt lat="22.2442719876" lon="113.9531110234"><ele>364.000</ele></trkpt>
      <trkpt lat="22.2442564338" lon="113.9530943648"><ele>364.000</ele></trkpt>
      <trkpt lat="22.2442420695" lon="113.9530738541"><ele>364.000</ele></trkpt>
      <trkpt lat="22.2442354811" lon="113.9530610314"><ele>366.000</ele></trkpt>
      <trkpt lat="22.2442229129" lon="113.9530437259"><ele>364.000</ele></trkpt>
      <trkpt lat="22.2442157311" lon="113.9530334710"><ele>364.000</ele></trkpt>
      <trkpt lat="22.2442085547" lon="113.9530277076"><ele>364.000</ele></trkpt>
      <trkpt lat="22.2441972042" lon="113.9530264422"><ele>364.000</ele></trkpt>
      <trkpt lat="22.2441876435" lon="113.9530245328"><ele>362.000</ele></trkpt>
      <trkpt lat="22.2441780794" lon="113.9530194143"><ele>364.000</ele></trkpt>
      <trkpt lat="22.2441637318" lon="113.9530110955"><ele>364.000</ele></trkpt>
      <trkpt lat="22.2441428118" lon="113.9530015037"><ele>364.000</ele></trkpt>
      <trkpt lat="22.2441284669" lon="113.9529951094"><ele>364.000</ele></trkpt>
      <trkpt lat="22.2441206900" lon="113.9529867801"><ele>364.000</ele></trkpt>
      <trkpt lat="22.2441123143" lon="113.9529778106"><ele>364.000</ele></trkpt>
      <trkpt lat="22.2441015537" lon="113.9529714106"><ele>367.000</ele></trkpt>
      <trkpt lat="22.2440890057" lon="113.9529688647"><ele>366.000</ele></trkpt>
      <trkpt lat="22.2440788455" lon="113.9529643885"><ele>366.000</ele></trkpt>
      <trkpt lat="22.2440650922" lon="113.9529541441"><ele>366.000</ele></trkpt>
      <trkpt lat="22.2440579052" lon="113.9529406802"><ele>366.000</ele></trkpt>
      <trkpt lat="22.2440501168" lon="113.9529240093"><ele>366.000</ele></trkpt>
      <trkpt lat="22.2440393313" lon="113.9528996437"><ele>366.000</ele></trkpt>
      <trkpt lat="22.2440321319" lon="113.9528765548"><ele>368.000</ele></trkpt>
      <trkpt lat="22.2440237324" lon="113.9528502608"><ele>368.000</ele></trkpt>
      <trkpt lat="22.2440177233" lon="113.9528239620"><ele>369.000</ele></trkpt>
      <trkpt lat="22.2440153002" lon="113.9527995822"><ele>369.000</ele></trkpt>
      <trkpt lat="22.2440140763" lon="113.9527784094"><ele>371.000</ele></trkpt>
      <trkpt lat="22.2440128595" lon="113.9527623702"><ele>371.000</ele></trkpt>
      <trkpt lat="22.2440098421" lon="113.9527399159"><ele>371.000</ele></trkpt>
      <trkpt lat="22.2440104098" lon="113.9527187403"><ele>371.000</ele></trkpt>
      <trkpt lat="22.2440026099" lon="113.9526937278"><ele>368.000</ele></trkpt>
      <trkpt lat="22.2439936152" lon="113.9526687172"><ele>368.000</ele></trkpt>
      <trkpt lat="22.2439834276" lon="113.9526449919"><ele>368.000</ele></trkpt>
      <trkpt lat="22.2439714571" lon="113.9526276864"><ele>370.000</ele></trkpt>
      <trkpt lat="22.2439612801" lon="113.9526116615"><ele>367.000</ele></trkpt>
      <trkpt lat="22.2439523049" lon="113.9526001252"><ele>367.000</ele></trkpt>
      <trkpt lat="22.2439391485" lon="113.9525898798"><ele>367.000</ele></trkpt>
      <trkpt lat="22.2439295754" lon="113.9525783454"><ele>369.000</ele></trkpt>
      <trkpt lat="22.2439229729" lon="113.9525552556"><ele>369.000</ele></trkpt>
      <trkpt lat="22.2439199555" lon="113.9525328023"><ele>369.000</ele></trkpt>
      <trkpt lat="22.2439223246" lon="113.9525180399"><ele>369.000</ele></trkpt>
      <trkpt lat="22.2439288803" lon="113.9525071220"><ele>369.000</ele></trkpt>
      <trkpt lat="22.2439288608" lon="113.9524930056"><ele>369.000</ele></trkpt>
      <trkpt lat="22.2439276315" lon="113.9524679826"><ele>370.000</ele></trkpt>
      <trkpt lat="22.2439210059" lon="113.9524288518"><ele>371.000</ele></trkpt>
      <trkpt lat="22.2439167787" lon="113.9523954920"><ele>371.000</ele></trkpt>
      <trkpt lat="22.2439185385" lon="113.9523717476"><ele>369.000</ele></trkpt>
      <trkpt lat="22.2439238816" lon="113.9523479976"><ele>369.000</ele></trkpt>
      <trkpt lat="22.2439381699" lon="113.9523133249"><ele>369.000</ele></trkpt>
      <trkpt lat="22.2439631860" lon="113.9522613106"><ele>372.000</ele></trkpt>
      <trkpt lat="22.2439935595" lon="113.9521951702"><ele>368.000</ele></trkpt>
      <trkpt lat="22.2440191583" lon="113.9521328887"><ele>369.000</ele></trkpt>
      <trkpt lat="22.2440429823" lon="113.9520821586"><ele>368.000</ele></trkpt>
      <trkpt lat="22.2440668152" lon="113.9520384878"><ele>370.000</ele></trkpt>
      <trkpt lat="22.2440876749" lon="113.9520044467"><ele>368.000</ele></trkpt>
      <trkpt lat="22.2441085435" lon="113.9519768216"><ele>371.000</ele></trkpt>
      <trkpt lat="22.2441234357" lon="113.9519466393"><ele>371.000</ele></trkpt>
      <trkpt lat="22.2441311470" lon="113.9519074855"><ele>371.000</ele></trkpt>
      <trkpt lat="22.2441340633" lon="113.9518567898"><ele>371.000</ele></trkpt>
      <trkpt lat="22.2441339949" lon="113.9518073822"><ele>372.000</ele></trkpt>
      <trkpt lat="22.2441267447" lon="113.9517477188"><ele>372.000</ele></trkpt>
      <trkpt lat="22.2441189171" lon="113.9517028150"><ele>373.000</ele></trkpt>
      <trkpt lat="22.2441110841" lon="113.9516547023"><ele>374.000</ele></trkpt>
      <trkpt lat="22.2441020635" lon="113.9516104417"><ele>375.000</ele></trkpt>
      <trkpt lat="22.2441002363" lon="113.9515854206"><ele>375.000</ele></trkpt>
      <trkpt lat="22.2440996074" lon="113.9515623213"><ele>376.000</ele></trkpt>
      <trkpt lat="22.2441001723" lon="113.9515392201"><ele>376.000</ele></trkpt>
      <trkpt lat="22.2441007390" lon="113.9515167610"><ele>377.000</ele></trkpt>
      <trkpt lat="22.2440995273" lon="113.9515045721"><ele>377.000</ele></trkpt>
      <trkpt lat="22.2440893502" lon="113.9514885463"><ele>374.000</ele></trkpt>
      <trkpt lat="22.2440863495" lon="113.9514782848"><ele>374.000</ele></trkpt>
      <trkpt lat="22.2440839396" lon="113.9514635300"><ele>374.000</ele></trkpt>
      <trkpt lat="22.2440851094" lon="113.9514455614"><ele>374.000</ele></trkpt>
      <trkpt lat="22.2440821007" lon="113.9514295251"><ele>374.000</ele></trkpt>
      <trkpt lat="22.2440767035" lon="113.9514141339"><ele>376.000</ele></trkpt>
      <trkpt lat="22.2440713089" lon="113.9514013094"><ele>376.000</ele></trkpt>
      <trkpt lat="22.2440617322" lon="113.9513872083"><ele>376.000</ele></trkpt>
      <trkpt lat="22.2440527560" lon="113.9513756720"><ele>376.000</ele></trkpt>
      <trkpt lat="22.2440533298" lon="113.9513583466"><ele>376.000</ele></trkpt>
      <trkpt lat="22.2440533076" lon="113.9513423045"><ele>376.000</ele></trkpt>
      <trkpt lat="22.2440502944" lon="113.9513237014"><ele>378.000</ele></trkpt>
      <trkpt lat="22.2440466817" lon="113.9513025325"><ele>375.000</ele></trkpt>
      <trkpt lat="22.2440424765" lon="113.9512858559"><ele>375.000</ele></trkpt>
      <trkpt lat="22.2440352769" lon="113.9512627671"><ele>375.000</ele></trkpt>
      <trkpt lat="22.2440274758" lon="113.9512371135"><ele>375.000</ele></trkpt>
      <trkpt lat="22.2440196792" lon="113.9512146679"><ele>376.000</ele></trkpt>
      <trkpt lat="22.2440118933" lon="113.9511999217"><ele>376.000</ele></trkpt>
      <trkpt lat="22.2440011237" lon="113.9511871058"><ele>375.000</ele></trkpt>
      <trkpt lat="22.2439885713" lon="113.9511813511"><ele>376.000</ele></trkpt>
      <trkpt lat="22.2439742307" lon="113.9511781660"><ele>376.000</ele></trkpt>
      <trkpt lat="22.2439586928" lon="113.9511730573"><ele>375.000</ele></trkpt>
      <trkpt lat="22.2439485280" lon="113.9511660154"><ele>375.000</ele></trkpt>
      <trkpt lat="22.2439407395" lon="113.9511493446"><ele>375.000</ele></trkpt>
      <trkpt lat="22.2439335478" lon="113.9511320316"><ele>376.000</ele></trkpt>
      <trkpt lat="22.2439275393" lon="113.9511070163"><ele>376.000</ele></trkpt>
      <trkpt lat="22.2439209384" lon="113.9510852100"><ele>376.000</ele></trkpt>
      <trkpt lat="22.2439185213" lon="113.9510653226"><ele>376.000</ele></trkpt>
      <trkpt lat="22.2439214854" lon="113.9510492758"><ele>376.000</ele></trkpt>
      <trkpt lat="22.2439280365" lon="113.9510345076"><ele>376.000</ele></trkpt>
      <trkpt lat="22.2439351693" lon="113.9510094712"><ele>376.000</ele></trkpt>
      <trkpt lat="22.2439416963" lon="113.9509780188"><ele>376.000</ele></trkpt>
      <trkpt lat="22.2439470027" lon="113.9509279605"><ele>376.000</ele></trkpt>
      <trkpt lat="22.2439487596" lon="113.9509022915"><ele>376.000</ele></trkpt>
      <trkpt lat="22.2439523100" lon="113.9508785443"><ele>375.000</ele></trkpt>
      <trkpt lat="22.2439588387" lon="113.9508483753"><ele>375.000</ele></trkpt>
      <trkpt lat="22.2439647812" lon="113.9508259077"><ele>376.000</ele></trkpt>
      <trkpt lat="22.2439713207" lon="113.9508034391"><ele>376.000</ele></trkpt>
      <trkpt lat="22.2439802568" lon="113.9507861003"><ele>376.000</ele></trkpt>
      <trkpt lat="22.2439891848" lon="113.9507629856"><ele>376.000</ele></trkpt>
      <trkpt lat="22.2439969145" lon="113.9507373071"><ele>376.000</ele></trkpt>
      <trkpt lat="22.2439968904" lon="113.9507199817"><ele>376.000</ele></trkpt>
      <trkpt lat="22.2439962667" lon="113.9507013748"><ele>376.000</ele></trkpt>
      <trkpt lat="22.2439926566" lon="113.9506821305"><ele>376.000</ele></trkpt>
      <trkpt lat="22.2439842648" lon="113.9506616114"><ele>376.000</ele></trkpt>
      <trkpt lat="22.2439776709" lon="113.9506449387"><ele>376.000</ele></trkpt>
      <trkpt lat="22.2439722745" lon="113.9506301887"><ele>376.000</ele></trkpt>
      <trkpt lat="22.2439704632" lon="113.9506160752"><ele>376.000</ele></trkpt>
      <trkpt lat="22.2439674607" lon="113.9506051715"><ele>376.000</ele></trkpt>
      <trkpt lat="22.2439584737" lon="113.9505859359"><ele>375.000</ele></trkpt>
      <trkpt lat="22.2439524714" lon="113.9505647708"><ele>375.000</ele></trkpt>
      <trkpt lat="22.2439458579" lon="113.9505339817"><ele>375.000</ele></trkpt>
      <trkpt lat="22.2439404435" lon="113.9505070408"><ele>375.000</ele></trkpt>
      <trkpt lat="22.2439374285" lon="113.9504865122"><ele>375.000</ele></trkpt>
      <trkpt lat="22.2439368066" lon="113.9504685465"><ele>375.000</ele></trkpt>
      <trkpt lat="22.2439421521" lon="113.9504467210"><ele>375.000</ele></trkpt>
      <trkpt lat="22.2439492920" lon="113.9504261771"><ele>375.000</ele></trkpt>
      <trkpt lat="22.2439576249" lon="113.9504049890"><ele>374.000</ele></trkpt>
      <trkpt lat="22.2439713417" lon="113.9503889249"><ele>374.000</ele></trkpt>
      <trkpt lat="22.2439850710" lon="113.9503824858"><ele>374.000</ele></trkpt>
      <trkpt lat="22.2440011925" lon="113.9503773272"><ele>374.000</ele></trkpt>
      <trkpt lat="22.2440143276" lon="113.9503728147"><ele>376.000</ele></trkpt>
      <trkpt lat="22.2440286467" lon="113.9503605998"><ele>376.000</ele></trkpt>
      <trkpt lat="22.2440501227" lon="113.9503406740"><ele>376.000</ele></trkpt>
      <trkpt lat="22.2440805615" lon="113.9503220171"><ele>376.000</ele></trkpt>
      <trkpt lat="22.2441175692" lon="113.9503027075"><ele>377.000</ele></trkpt>
      <trkpt lat="22.2441462199" lon="113.9502872616"><ele>378.000</ele></trkpt>
      <trkpt lat="22.2441868128" lon="113.9502685874"><ele>380.000</ele></trkpt>
      <trkpt lat="22.2442321730" lon="113.9502415649"><ele>379.000</ele></trkpt>
      <trkpt lat="22.2442793275" lon="113.9502158228"><ele>381.000</ele></trkpt>
      <trkpt lat="22.2443240944" lon="113.9501920093"><ele>378.000</ele></trkpt>
      <trkpt lat="22.2443575232" lon="113.9501759134"><ele>378.000</ele></trkpt>
      <trkpt lat="22.2443885741" lon="113.9501681640"><ele>380.000</ele></trkpt>
      <trkpt lat="22.2444088812" lon="113.9501668479"><ele>380.000</ele></trkpt>
      <trkpt lat="22.2444297934" lon="113.9501700223"><ele>380.000</ele></trkpt>
      <trkpt lat="22.2444578820" lon="113.9501802434"><ele>380.000</ele></trkpt>
      <trkpt lat="22.2444883709" lon="113.9501975199"><ele>380.000</ele></trkpt>
      <trkpt lat="22.2445075012" lon="113.9502090388"><ele>380.000</ele></trkpt>
      <trkpt lat="22.2445248380" lon="113.9502186360"><ele>382.000</ele></trkpt>
      <trkpt lat="22.2445457457" lon="113.9502192436"><ele>384.000</ele></trkpt>
      <trkpt lat="22.2445660466" lon="113.9502134361"><ele>384.000</ele></trkpt>
      <trkpt lat="22.2445893205" lon="113.9501973575"><ele>382.000</ele></trkpt>
      <trkpt lat="22.2446114112" lon="113.9501896215"><ele>382.000</ele></trkpt>
      <trkpt lat="22.2446287311" lon="113.9501870268"><ele>382.000</ele></trkpt>
      <trkpt lat="22.2446460455" lon="113.9501812241"><ele>382.000</ele></trkpt>
      <trkpt lat="22.2446824482" lon="113.9501561405"><ele>382.000</ele></trkpt>
      <trkpt lat="22.2447134759" lon="113.9501317077"><ele>382.000</ele></trkpt>
      <trkpt lat="22.2447480762" lon="113.9500989265"><ele>380.000</ele></trkpt>
      <trkpt lat="22.2447647624" lon="113.9500713087"><ele>380.000</ele></trkpt>
      <trkpt lat="22.2447915793" lon="113.9500257069"><ele>380.000</ele></trkpt>
      <trkpt lat="22.2448177823" lon="113.9499685563"><ele>380.000</ele></trkpt>
      <trkpt lat="22.2448410141" lon="113.9499223190"><ele>377.000</ele></trkpt>
      <trkpt lat="22.2448654487" lon="113.9498818546"><ele>376.000</ele></trkpt>
      <trkpt lat="22.2448857164" lon="113.9498523054"><ele>374.000</ele></trkpt>
      <trkpt lat="22.2449030129" lon="113.9498330273"><ele>374.000</ele></trkpt>
      <trkpt lat="22.2449453696" lon="113.9497938174"><ele>375.000</ele></trkpt>
      <trkpt lat="22.2449740041" lon="113.9497668215"><ele>374.000</ele></trkpt>
      <trkpt lat="22.2450127712" lon="113.9497237672"><ele>372.000</ele></trkpt>
      <trkpt lat="22.2450360253" lon="113.9496942131"><ele>372.000</ele></trkpt>
      <trkpt lat="22.2450604795" lon="113.9496678651"><ele>372.000</ele></trkpt>
      <trkpt lat="22.2450813692" lon="113.9496556395"><ele>372.000</ele></trkpt>
      <trkpt lat="22.2451076268" lon="113.9496376304"><ele>374.000</ele></trkpt>
      <trkpt lat="22.2451303055" lon="113.9496228360"><ele>372.000</ele></trkpt>
      <trkpt lat="22.2451440375" lon="113.9496176802"><ele>372.000</ele></trkpt>
      <trkpt lat="22.2451577758" lon="113.9496176580"><ele>372.000</ele></trkpt>
      <trkpt lat="22.2451792875" lon="113.9496227570"><ele>372.000</ele></trkpt>
      <trkpt lat="22.2452037839" lon="113.9496265667"><ele>372.000</ele></trkpt>
      <trkpt lat="22.2452288709" lon="113.9496258851"><ele>372.000</ele></trkpt>
      <trkpt lat="22.2452605376" lon="113.9496316089"><ele>374.000</ele></trkpt>
      <trkpt lat="22.2452904108" lon="113.9496360532"><ele>374.000</ele></trkpt>
      <trkpt lat="22.2453083311" lon="113.9496360243"><ele>374.000</ele></trkpt>
      <trkpt lat="22.2453262514" lon="113.9496359954"><ele>373.000</ele></trkpt>
      <trkpt lat="22.2453411871" lon="113.9496378959"><ele>373.000</ele></trkpt>
      <trkpt lat="22.2453573247" lon="113.9496442860"><ele>373.000</ele></trkpt>
      <trkpt lat="22.2453692830" lon="113.9496526084"><ele>373.000</ele></trkpt>
      <trkpt lat="22.2453896000" lon="113.9496577093"><ele>373.000</ele></trkpt>
      <trkpt lat="22.2454069288" lon="113.9496621729"><ele>372.000</ele></trkpt>
      <trkpt lat="22.2454308202" lon="113.9496608509"><ele>372.000</ele></trkpt>
      <trkpt lat="22.2454529118" lon="113.9496537570"><ele>373.000</ele></trkpt>
      <trkpt lat="22.2454702235" lon="113.9496453874"><ele>373.000</ele></trkpt>
      <trkpt lat="22.2454851386" lon="113.9496325301"><ele>373.000</ele></trkpt>
      <trkpt lat="22.2454964668" lon="113.9496171118"><ele>374.000</ele></trkpt>
      <trkpt lat="22.2455083900" lon="113.9496004091"><ele>374.000</ele></trkpt>
      <trkpt lat="22.2455197235" lon="113.9495888410"><ele>374.000</ele></trkpt>
      <trkpt lat="22.2455358352" lon="113.9495772653"><ele>372.000</ele></trkpt>
      <trkpt lat="22.2455549332" lon="113.9495650425"><ele>372.000</ele></trkpt>
      <trkpt lat="22.2455752287" lon="113.9495547433"><ele>372.000</ele></trkpt>
      <trkpt lat="22.2455955313" lon="113.9495502181"><ele>371.000</ele></trkpt>
      <trkpt lat="22.2456158349" lon="113.9495456939"><ele>371.000</ele></trkpt>
      <trkpt lat="22.2456349410" lon="113.9495392470"><ele>373.000</ele></trkpt>
      <trkpt lat="22.2456528407" lon="113.9495251005"><ele>370.000</ele></trkpt>
      <trkpt lat="22.2456701425" lon="113.9495096725"><ele>370.000</ele></trkpt>
      <trkpt lat="22.2456868421" lon="113.9494910374"><ele>372.000</ele></trkpt>
      <trkpt lat="22.2457023532" lon="113.9494768957"><ele>368.000</ele></trkpt>
      <trkpt lat="22.2457148868" lon="113.9494698172"><ele>368.000</ele></trkpt>
      <trkpt lat="22.2457316070" lon="113.9494659400"><ele>370.000</ele></trkpt>
      <trkpt lat="22.2457620655" lon="113.9494620405"><ele>370.000</ele></trkpt>
      <trkpt lat="22.2457931218" lon="113.9494581411"><ele>371.000</ele></trkpt>
      <trkpt lat="22.2458235856" lon="113.9494574498"><ele>372.000</ele></trkpt>
      <trkpt lat="22.2458618113" lon="113.9494548212"><ele>370.000</ele></trkpt>
      <trkpt lat="22.2459006330" lon="113.9494509093"><ele>370.000</ele></trkpt>
      <trkpt lat="22.2459310923" lon="113.9494470099"><ele>370.000</ele></trkpt>
      <trkpt lat="22.2459472183" lon="113.9494457004"><ele>370.000</ele></trkpt>
      <trkpt lat="22.2459633514" lon="113.9494495246"><ele>370.000</ele></trkpt>
      <trkpt lat="22.2459878559" lon="113.9494591103"><ele>370.000</ele></trkpt>
      <trkpt lat="22.2460135524" lon="113.9494667684"><ele>372.000</ele></trkpt>
      <trkpt lat="22.2460314754" lon="113.9494686641"><ele>372.000</ele></trkpt>
      <trkpt lat="22.2460475996" lon="113.9494660722"><ele>373.000</ele></trkpt>
      <trkpt lat="22.2460631178" lon="113.9494570632"><ele>373.000</ele></trkpt>
      <trkpt lat="22.2460786307" lon="113.9494442049"><ele>373.000</ele></trkpt>
      <trkpt lat="22.2460947432" lon="113.9494326290"><ele>373.000</ele></trkpt>
      <trkpt lat="22.2461132479" lon="113.9494236152"><ele>370.000</ele></trkpt>
      <trkpt lat="22.2461323504" lon="113.9494152426"><ele>372.000</ele></trkpt>
      <trkpt lat="22.2461460725" lon="113.9494030284"><ele>372.000</ele></trkpt>
      <trkpt lat="22.2461556000" lon="113.9493818380"><ele>370.000</ele></trkpt>
      <trkpt lat="22.2461651266" lon="113.9493593642"><ele>370.000</ele></trkpt>
      <trkpt lat="22.2461734664" lon="113.9493433094"><ele>373.000</ele></trkpt>
      <trkpt lat="22.2461859821" lon="113.9493227553"><ele>372.000</ele></trkpt>
      <trkpt lat="22.2461943175" lon="113.9493034915"><ele>372.000</ele></trkpt>
      <trkpt lat="22.2462020461" lon="113.9492771703"><ele>371.000</ele></trkpt>
      <trkpt lat="22.2462056061" lon="113.9492598397"><ele>371.000</ele></trkpt>
      <trkpt lat="22.2462037758" lon="113.9492322505"><ele>372.000</ele></trkpt>
      <trkpt lat="22.2462043467" lon="113.9492136414"><ele>372.000</ele></trkpt>
      <trkpt lat="22.2462114855" lon="113.9491924548"><ele>372.000</ele></trkpt>
      <trkpt lat="22.2462275665" lon="113.9491590618"><ele>374.000</ele></trkpt>
      <trkpt lat="22.2462424573" lon="113.9491288787"><ele>372.000</ele></trkpt>
      <trkpt lat="22.2462460191" lon="113.9491128316"><ele>372.000</ele></trkpt>
      <trkpt lat="22.2462471860" lon="113.9490929381"><ele>372.000</ele></trkpt>
      <trkpt lat="22.2462483556" lon="113.9490749692"><ele>370.000</ele></trkpt>
      <trkpt lat="22.2462560859" lon="113.9490499314"><ele>370.000</ele></trkpt>
      <trkpt lat="22.2462691805" lon="113.9490165431"><ele>373.000</ele></trkpt>
      <trkpt lat="22.2462751219" lon="113.9489934328"><ele>372.000</ele></trkpt>
      <trkpt lat="22.2462708939" lon="113.9489600726"><ele>372.000</ele></trkpt>
      <trkpt lat="22.2462594651" lon="113.9489036243"><ele>372.000</ele></trkpt>
      <trkpt lat="22.2462504339" lon="113.9488529470"><ele>370.000</ele></trkpt>
      <trkpt lat="22.2462402168" lon="113.9488086878"><ele>368.000</ele></trkpt>
      <trkpt lat="22.2462342143" lon="113.9487875225"><ele>368.000</ele></trkpt>
      <trkpt lat="22.2462377778" lon="113.9487734000"><ele>368.000</ele></trkpt>
      <trkpt lat="22.2462497037" lon="113.9487586218"><ele>368.000</ele></trkpt>
      <trkpt lat="22.2462646124" lon="113.9487406307"><ele>370.000</ele></trkpt>
      <trkpt lat="22.2462819097" lon="113.9487226357"><ele>370.000</ele></trkpt>
      <trkpt lat="22.2463009942" lon="113.9487007885"><ele>368.000</ele></trkpt>
      <trkpt lat="22.2463152577" lon="113.9486799580"><ele>369.000</ele></trkpt>
      <trkpt lat="22.2463335272" lon="113.9486642480"><ele>369.000</ele></trkpt>
      <trkpt lat="22.2463589067" lon="113.9486474341"><ele>370.000</ele></trkpt>
      <trkpt lat="22.2463704413" lon="113.9486363370"><ele>370.000</ele></trkpt>
      <trkpt lat="22.2463911800" lon="113.9486008661"><ele>369.000</ele></trkpt>
      <trkpt lat="22.2464044272" lon="113.9485745844"><ele>370.000</ele></trkpt>
      <trkpt lat="22.2464200542" lon="113.9485324184"><ele>370.000</ele></trkpt>
      <trkpt lat="22.2464473996" lon="113.9484751001"><ele>372.000</ele></trkpt>
      <trkpt lat="22.2464649686" lon="113.9484396246"><ele>371.000</ele></trkpt>
      <trkpt lat="22.2464741695" lon="113.9484130293"><ele>371.000</ele></trkpt>
      <trkpt lat="22.2464773130" lon="113.9483943597"><ele>371.000</ele></trkpt>
      <trkpt lat="22.2464775580" lon="113.9483630255"><ele>369.000</ele></trkpt>
      <trkpt lat="22.2464746207" lon="113.9483228492"><ele>369.000</ele></trkpt>
      <trkpt lat="22.2464690501" lon="113.9482658947"><ele>369.000</ele></trkpt>
      <trkpt lat="22.2464649742" lon="113.9482380597"><ele>369.000</ele></trkpt>
      <trkpt lat="22.2464611468" lon="113.9482070425"><ele>369.000</ele></trkpt>
      <trkpt lat="22.2464587621" lon="113.9481488217"><ele>368.000</ele></trkpt>
      <trkpt lat="22.2464630036" lon="113.9480890089"><ele>369.000</ele></trkpt>
      <trkpt lat="22.2464632521" lon="113.9480602066"><ele>369.000</ele></trkpt>
      <trkpt lat="22.2464684234" lon="113.9480386817"><ele>369.000</ele></trkpt>
      <trkpt lat="22.2464773429" lon="113.9480174708"><ele>369.000</ele></trkpt>
      <trkpt lat="22.2464926136" lon="113.9479981412"><ele>370.000</ele></trkpt>
      <trkpt lat="22.2465038609" lon="113.9479883153"><ele>370.000</ele></trkpt>
      <trkpt lat="22.2465229030" lon="113.9479794178"><ele>370.000</ele></trkpt>
      <trkpt lat="22.2465508994" lon="113.9479676634"><ele>369.000</ele></trkpt>
      <trkpt lat="22.2465644572" lon="113.9479632177"><ele>369.000</ele></trkpt>
      <trkpt lat="22.2465965669" lon="113.9479609538"><ele>370.000</ele></trkpt>
      <trkpt lat="22.2466397056" lon="113.9479605150"><ele>368.000</ele></trkpt>
      <trkpt lat="22.2466601181" lon="113.9479628780"><ele>368.000</ele></trkpt>
      <trkpt lat="22.2466887033" lon="113.9479716206"><ele>368.000</ele></trkpt>
      <trkpt lat="22.2467169493" lon="113.9479831576"><ele>370.000</ele></trkpt>
      <trkpt lat="22.2467368978" lon="113.9479958915"><ele>370.000</ele></trkpt>
      <trkpt lat="22.2467787787" lon="113.9480257799"><ele>368.000</ele></trkpt>
      <trkpt lat="22.2468128183" lon="113.9480472897"><ele>367.000</ele></trkpt>
      <trkpt lat="22.2468417483" lon="113.9480636179"><ele>367.000</ele></trkpt>
      <trkpt lat="22.2468626894" lon="113.9480821902"><ele>369.000</ele></trkpt>
      <trkpt lat="22.2468909601" lon="113.9481113052"><ele>368.000</ele></trkpt>
      <trkpt lat="22.2469158392" lon="113.9481432196"><ele>370.000</ele></trkpt>
      <trkpt lat="22.2469396961" lon="113.9481803160"><ele>371.000</ele></trkpt>
      <trkpt lat="22.2469639040" lon="113.9482230189"><ele>374.000</ele></trkpt>
      <trkpt lat="22.2469843542" lon="113.9482521370"><ele>373.000</ele></trkpt>
      <trkpt lat="22.2470078702" lon="113.9482844514"><ele>376.000</ele></trkpt>
      <trkpt lat="22.2470235336" lon="113.9483004034"><ele>376.000</ele></trkpt>
      <trkpt lat="22.2470426659" lon="113.9483170967"><ele>376.000</ele></trkpt>
      <trkpt lat="22.2470610471" lon="113.9483262537"><ele>376.000</ele></trkpt>
      <trkpt lat="22.2471018597" lon="113.9483285836"><ele>376.000</ele></trkpt>
      <trkpt lat="22.2471382530" lon="113.9483285246"><ele>376.000</ele></trkpt>
      <trkpt lat="22.2471933454" lon="113.9483196559"><ele>378.000</ele></trkpt>
      <trkpt lat="22.2472102037" lon="113.9483182801"><ele>378.000</ele></trkpt>
      <trkpt lat="22.2472427178" lon="113.9483114416"><ele>373.000</ele></trkpt>
      <trkpt lat="22.2472616130" lon="113.9483084793"><ele>375.000</ele></trkpt>
      <trkpt lat="22.2472944582" lon="113.9483026510"><ele>375.000</ele></trkpt>
      <trkpt lat="22.2473213332" lon="113.9482987571"><ele>375.000</ele></trkpt>
      <trkpt lat="22.2473583569" lon="113.9482909965"><ele>374.000</ele></trkpt>
      <trkpt lat="22.2473935898" lon="113.9482832397"><ele>373.000</ele></trkpt>
      <trkpt lat="22.2474222584" lon="113.9482806263"><ele>373.000</ele></trkpt>
      <trkpt lat="22.2474479450" lon="113.9482818681"><ele>373.000</ele></trkpt>
      <trkpt lat="22.2474808110" lon="113.9482901566"><ele>371.000</ele></trkpt>
      <trkpt lat="22.2475077068" lon="113.9483016629"><ele>371.000</ele></trkpt>
      <trkpt lat="22.2475375818" lon="113.9483073894"><ele>372.000</ele></trkpt>
      <trkpt lat="22.2475728328" lon="113.9483131082"><ele>374.000</ele></trkpt>
      <trkpt lat="22.2476074814" lon="113.9483149766"><ele>376.000</ele></trkpt>
      <trkpt lat="22.2476421228" lon="113.9483117123"><ele>375.000</ele></trkpt>
      <trkpt lat="22.2476845241" lon="113.9483052264"><ele>374.000</ele></trkpt>
      <trkpt lat="22.2477203567" lon="113.9482993932"><ele>370.000</ele></trkpt>
      <trkpt lat="22.2477520089" lon="113.9482948503"><ele>368.000</ele></trkpt>
      <trkpt lat="22.2477842545" lon="113.9482870974"><ele>368.000</ele></trkpt>
      <trkpt lat="22.2478123090" lon="113.9482722938"><ele>369.000</ele></trkpt>
      <trkpt lat="22.2478331896" lon="113.9482536505"><ele>368.000</ele></trkpt>
      <trkpt lat="22.2478540647" lon="113.9482311579"><ele>370.000</ele></trkpt>
      <trkpt lat="22.2478707542" lon="113.9482054640"><ele>368.000</ele></trkpt>
      <trkpt lat="22.2478820633" lon="113.9481765697"><ele>368.000</ele></trkpt>
      <trkpt lat="22.2478921721" lon="113.9481444693"><ele>371.000</ele></trkpt>
      <trkpt lat="22.2479016832" lon="113.9481117286"><ele>373.000</ele></trkpt>
      <trkpt lat="22.2479034442" lon="113.9480892670"><ele>373.000</ele></trkpt>
      <trkpt lat="22.2478992251" lon="113.9480623226"><ele>373.000</ele></trkpt>
      <trkpt lat="22.2478926174" lon="113.9480360242"><ele>373.000</ele></trkpt>
      <trkpt lat="22.2478794300" lon="113.9480039616"><ele>372.000</ele></trkpt>
      <trkpt lat="22.2478608612" lon="113.9479674162"><ele>372.000</ele></trkpt>
      <trkpt lat="22.2478476856" lon="113.9479430542"><ele>372.000</ele></trkpt>
      <trkpt lat="22.2478416847" lon="113.9479231721"><ele>372.000</ele></trkpt>
      <trkpt lat="22.2478392654" lon="113.9479019998"><ele>372.000</ele></trkpt>
      <trkpt lat="22.2478404276" lon="113.9478788979"><ele>372.000</ele></trkpt>
      <trkpt lat="22.2478409884" lon="113.9478532292"><ele>370.000</ele></trkpt>
      <trkpt lat="22.2478361769" lon="113.9478294949"><ele>368.000</ele></trkpt>
      <trkpt lat="22.2478212122" lon="113.9478077027"><ele>373.000</ele></trkpt>
      <trkpt lat="22.2477996769" lon="113.9477852790"><ele>373.000</ele></trkpt>
      <trkpt lat="22.2477877059" lon="113.9477686147"><ele>376.000</ele></trkpt>
      <trkpt lat="22.2477745438" lon="113.9477538771"><ele>376.000</ele></trkpt>
      <trkpt lat="22.2477697440" lon="113.9477384846"><ele>376.000</ele></trkpt>
      <trkpt lat="22.2477679234" lon="113.9477185957"><ele>376.000</ele></trkpt>
      <trkpt lat="22.2477714624" lon="113.9476865059"><ele>376.000</ele></trkpt>
      <trkpt lat="22.2477720132" lon="113.9476537788"><ele>376.000</ele></trkpt>
      <trkpt lat="22.2477677877" lon="113.9476223439"><ele>376.000</ele></trkpt>
      <trkpt lat="22.2477581754" lon="113.9475832171"><ele>378.000</ele></trkpt>
      <trkpt lat="22.2477479698" lon="113.9475472994"><ele>378.000</ele></trkpt>
      <trkpt lat="22.2477353747" lon="113.9475113855"><ele>378.000</ele></trkpt>
      <trkpt lat="22.2477227769" lon="113.9474729058"><ele>378.000</ele></trkpt>
      <trkpt lat="22.2477203485" lon="113.9474453173"><ele>378.000</ele></trkpt>
      <trkpt lat="22.2477220967" lon="113.9474145139"><ele>377.000</ele></trkpt>
      <trkpt lat="22.2477232516" lon="113.9473862783"><ele>375.000</ele></trkpt>
      <trkpt lat="22.2477232045" lon="113.9473529110"><ele>375.000</ele></trkpt>
      <trkpt lat="22.2477189644" lon="113.9473112086"><ele>375.000</ele></trkpt>
      <trkpt lat="22.2477063530" lon="113.9472637448"><ele>375.000</ele></trkpt>
      <trkpt lat="22.2476967533" lon="113.9472336012"><ele>370.000</ele></trkpt>
      <trkpt lat="22.2476895612" lon="113.9472169292"><ele>370.000</ele></trkpt>
      <trkpt lat="22.2476775875" lon="113.9471976981"><ele>368.000</ele></trkpt>
      <trkpt lat="22.2476680077" lon="113.9471816722"><ele>368.000</ele></trkpt>
      <trkpt lat="22.2476614108" lon="113.9471630746"><ele>368.000</ele></trkpt>
      <trkpt lat="22.2476589877" lon="113.9471393364"><ele>370.000</ele></trkpt>
      <trkpt lat="22.2476589424" lon="113.9471072525"><ele>370.000</ele></trkpt>
      <trkpt lat="22.2476600873" lon="113.9470719585"><ele>372.000</ele></trkpt>
      <trkpt lat="22.2476594568" lon="113.9470488586"><ele>372.000</ele></trkpt>
      <trkpt lat="22.2476534649" lon="113.9470353928"><ele>369.000</ele></trkpt>
      <trkpt lat="22.2476367058" lon="113.9470116780"><ele>369.000</ele></trkpt>
      <trkpt lat="22.2476247265" lon="113.9469885976"><ele>369.000</ele></trkpt>
      <trkpt lat="22.2476187256" lon="113.9469693568"><ele>369.000</ele></trkpt>
      <trkpt lat="22.2476192934" lon="113.9469481807"><ele>370.000</ele></trkpt>
      <trkpt lat="22.2476216439" lon="113.9469205844"><ele>370.000</ele></trkpt>
      <trkpt lat="22.2476221982" lon="113.9468904242"><ele>370.000</ele></trkpt>
      <trkpt lat="22.2476185713" lon="113.9468602718"><ele>370.000</ele></trkpt>
      <trkpt lat="22.2476137623" lon="113.9468384621"><ele>370.000</ele></trkpt>
      <trkpt lat="22.2476023763" lon="113.9468128139"><ele>366.000</ele></trkpt>
      <trkpt lat="22.2475945828" lon="113.9467929349"><ele>366.000</ele></trkpt>
      <trkpt lat="22.2475861551" lon="113.9467473891"><ele>368.000</ele></trkpt>
      <trkpt lat="22.2475819149" lon="113.9467056867"><ele>368.000</ele></trkpt>
      <trkpt lat="22.2475782752" lon="113.9466665503"><ele>368.000</ele></trkpt>
      <trkpt lat="22.2475722597" lon="113.9466364008"><ele>368.000</ele></trkpt>
      <trkpt lat="22.2475584487" lon="113.9465857310"><ele>363.000</ele></trkpt>
      <trkpt lat="22.2475506388" lon="113.9465543020"><ele>365.000</ele></trkpt>
      <trkpt lat="22.2475398342" lon="113.9465171020"><ele>364.000</ele></trkpt>
      <trkpt lat="22.2475236274" lon="113.9464613024"><ele>365.000</ele></trkpt>
      <trkpt lat="22.2475074259" lon="113.9464099944"><ele>364.000</ele></trkpt>
      <trkpt lat="22.2474978307" lon="113.9463830599"><ele>364.000</ele></trkpt>
      <trkpt lat="22.2474810478" lon="113.9463426616"><ele>363.000</ele></trkpt>
      <trkpt lat="22.2474582757" lon="113.9462913643"><ele>360.000</ele></trkpt>
      <trkpt lat="22.2474480843" lon="113.9462650720"><ele>360.000</ele></trkpt>
      <trkpt lat="22.2474414691" lon="113.9462342823"><ele>360.000</ele></trkpt>
      <trkpt lat="22.2474366455" lon="113.9462022063"><ele>360.000</ele></trkpt>
      <trkpt lat="22.2474354079" lon="113.9461720500"><ele>360.000</ele></trkpt>
      <trkpt lat="22.2474329556" lon="113.9461277780"><ele>360.000</ele></trkpt>
      <trkpt lat="22.2474305151" lon="113.9460918477"><ele>360.000</ele></trkpt>
      <trkpt lat="22.2474316780" lon="113.9460693872"><ele>359.000</ele></trkpt>
      <trkpt lat="22.2474370166" lon="113.9460430694"><ele>359.000</ele></trkpt>
      <trkpt lat="22.2474417637" lon="113.9460206030"><ele>356.000</ele></trkpt>
      <trkpt lat="22.2474536692" lon="113.9459917086"><ele>356.000</ele></trkpt>
      <trkpt lat="22.2474649806" lon="113.9459647389"><ele>356.000</ele></trkpt>
      <trkpt lat="22.2474816570" lon="113.9459300608"><ele>356.000</ele></trkpt>
      <trkpt lat="22.2474965408" lon="113.9458953856"><ele>356.000</ele></trkpt>
      <trkpt lat="22.2475132217" lon="113.9458639165"><ele>354.000</ele></trkpt>
      <trkpt lat="22.2475275204" lon="113.9458375840"><ele>357.000</ele></trkpt>
      <trkpt lat="22.2475430184" lon="113.9458144587"><ele>357.000</ele></trkpt>
      <trkpt lat="22.2475626975" lon="113.9457913256"><ele>357.000</ele></trkpt>
      <trkpt lat="22.2475770135" lon="113.9457771853"><ele>360.000</ele></trkpt>
      <trkpt lat="22.2475961085" lon="113.9457630371"><ele>360.000</ele></trkpt>
      <trkpt lat="22.2476128177" lon="113.9457514597"><ele>361.000</ele></trkpt>
      <trkpt lat="22.2476378919" lon="113.9457417933"><ele>360.000</ele></trkpt>
      <trkpt lat="22.2476587804" lon="113.9457289257"><ele>360.000</ele></trkpt>
      <trkpt lat="22.2476802677" lon="113.9457166982"><ele>360.000</ele></trkpt>
      <trkpt lat="22.2477023436" lon="113.9456986949"><ele>361.000</ele></trkpt>
      <trkpt lat="22.2477190491" lon="113.9456845506"><ele>360.000</ele></trkpt>
      <trkpt lat="22.2477357573" lon="113.9456723310"><ele>360.000</ele></trkpt>
      <trkpt lat="22.2477572354" lon="113.9456543286"><ele>361.000</ele></trkpt>
      <trkpt lat="22.2477739382" lon="113.9456382597"><ele>360.000</ele></trkpt>
      <trkpt lat="22.2477846763" lon="113.9456286168"><ele>360.000</ele></trkpt>
      <trkpt lat="22.2477930177" lon="113.9456132028"><ele>360.000</ele></trkpt>
      <trkpt lat="22.2478031434" lon="113.9455926521"><ele>357.000</ele></trkpt>
      <trkpt lat="22.2478090907" lon="113.9455746752"><ele>357.000</ele></trkpt>
      <trkpt lat="22.2478138523" lon="113.9455624752"><ele>357.000</ele></trkpt>
      <trkpt lat="22.2478233893" lon="113.9455483427"><ele>352.000</ele></trkpt>
      <trkpt lat="22.2478353149" lon="113.9455335650"><ele>354.000</ele></trkpt>
      <trkpt lat="22.2478448583" lon="113.9455232818"><ele>354.000</ele></trkpt>
      <trkpt lat="22.2478573872" lon="113.9455129947"><ele>354.000</ele></trkpt>
      <trkpt lat="22.2478651325" lon="113.9454988651"><ele>354.000</ele></trkpt>
      <trkpt lat="22.2478758450" lon="113.9454712551"><ele>354.000</ele></trkpt>
      <trkpt lat="22.2478847787" lon="113.9454519898"><ele>356.000</ele></trkpt>
      <trkpt lat="22.2478937096" lon="113.9454314420"><ele>357.000</ele></trkpt>
      <trkpt lat="22.2478972637" lon="113.9454109021"><ele>357.000</ele></trkpt>
      <trkpt lat="22.2478990198" lon="113.9453852324"><ele>359.000</ele></trkpt>
      <trkpt lat="22.2479001560" lon="113.9453441624"><ele>359.000</ele></trkpt>
      <trkpt lat="22.2479036672" lon="113.9452934642"><ele>358.000</ele></trkpt>
      <trkpt lat="22.2479119655" lon="113.9452478909"><ele>357.000</ele></trkpt>
      <trkpt lat="22.2479190682" lon="113.9452023205"><ele>357.000</ele></trkpt>
      <trkpt lat="22.2479243865" lon="113.9451618858"><ele>357.000</ele></trkpt>
      <trkpt lat="22.2479279287" lon="113.9451323619"><ele>360.000</ele></trkpt>
      <trkpt lat="22.2479320623" lon="113.9450989885"><ele>360.000</ele></trkpt>
      <trkpt lat="22.2479355990" lon="113.9450656152"><ele>360.000</ele></trkpt>
      <trkpt lat="22.2479421184" lon="113.9450296701"><ele>360.000</ele></trkpt>
      <trkpt lat="22.2479462502" lon="113.9449950124"><ele>358.000</ele></trkpt>
      <trkpt lat="22.2479420324" lon="113.9449693525"><ele>358.000</ele></trkpt>
      <trkpt lat="22.2479306351" lon="113.9449360038"><ele>356.000</ele></trkpt>
      <trkpt lat="22.2479222353" lon="113.9449097085"><ele>354.000</ele></trkpt>
      <trkpt lat="22.2479180120" lon="113.9448801983"><ele>354.000</ele></trkpt>
      <trkpt lat="22.2479209526" lon="113.9448481094"><ele>355.000</ele></trkpt>
      <trkpt lat="22.2479250907" lon="113.9448179433"><ele>358.000</ele></trkpt>
      <trkpt lat="22.2479334045" lon="113.9447832786"><ele>358.000</ele></trkpt>
      <trkpt lat="22.2479423170" lon="113.9447498965"><ele>358.000</ele></trkpt>
      <trkpt lat="22.2479458665" lon="113.9447261494"><ele>358.000</ele></trkpt>
      <trkpt lat="22.2479440418" lon="113.9447030515"><ele>357.000</ele></trkpt>
      <trkpt lat="22.2479362425" lon="113.9446793221"><ele>357.000</ele></trkpt>
      <trkpt lat="22.2479302404" lon="113.9446594402"><ele>356.000</ele></trkpt>
      <trkpt lat="22.2479230407" lon="113.9446369933"><ele>354.000</ele></trkpt>
      <trkpt lat="22.2479194198" lon="113.9446113315"><ele>354.000</ele></trkpt>
      <trkpt lat="22.2479199819" lon="113.9445863049"><ele>354.000</ele></trkpt>
      <trkpt lat="22.2479271073" lon="113.9445567760"><ele>352.000</ele></trkpt>
      <trkpt lat="22.2479372273" lon="113.9445323759"><ele>352.000</ele></trkpt>
      <trkpt lat="22.2479473547" lon="113.9445131086"><ele>351.000</ele></trkpt>
      <trkpt lat="22.2479628562" lon="113.9444925490"><ele>351.000</ele></trkpt>
      <trkpt lat="22.2479813469" lon="113.9444739100"><ele>351.000</ele></trkpt>
      <trkpt lat="22.2480058103" lon="113.9444546190"><ele>351.000</ele></trkpt>
      <trkpt lat="22.2480314731" lon="113.9444385352"><ele>354.000</ele></trkpt>
      <trkpt lat="22.2480541468" lon="113.9444211718"><ele>351.000</ele></trkpt>
      <trkpt lat="22.2480756210" lon="113.9443999611"><ele>354.000</ele></trkpt>
      <trkpt lat="22.2480911152" lon="113.9443749098"><ele>350.000</ele></trkpt>
      <trkpt lat="22.2481012325" lon="113.9443485841"><ele>350.000</ele></trkpt>
      <trkpt lat="22.2481095516" lon="113.9443177697"><ele>352.000</ele></trkpt>
      <trkpt lat="22.2481148817" lon="113.9442856768"><ele>352.000</ele></trkpt>
      <trkpt lat="22.2481172216" lon="113.9442510220"><ele>352.000</ele></trkpt>
      <trkpt lat="22.2481201502" lon="113.9442105912"><ele>355.000</ele></trkpt>
      <trkpt lat="22.2481272608" lon="113.9441701534"><ele>354.000</ele></trkpt>
      <trkpt lat="22.2481415427" lon="113.9441322708"><ele>352.000</ele></trkpt>
      <trkpt lat="22.2481612041" lon="113.9440969461"><ele>355.000</ele></trkpt>
      <trkpt lat="22.2481796791" lon="113.9440673983"><ele>354.000</ele></trkpt>
      <trkpt lat="22.2482094900" lon="113.9440282065"><ele>354.000</ele></trkpt>
      <trkpt lat="22.2482500471" lon="113.9439851466"><ele>356.000</ele></trkpt>
      <trkpt lat="22.2482816505" lon="113.9439465930"><ele>353.000</ele></trkpt>
      <trkpt lat="22.2483102748" lon="113.9439125369"><ele>355.000</ele></trkpt>
      <trkpt lat="22.2483347042" lon="113.9438701458"><ele>356.000</ele></trkpt>
      <trkpt lat="22.2483460033" lon="113.9438348348"><ele>355.000</ele></trkpt>
      <trkpt lat="22.2483435641" lon="113.9438001878"><ele>353.000</ele></trkpt>
      <trkpt lat="22.2483285805" lon="113.9437649194"><ele>350.000</ele></trkpt>
      <trkpt lat="22.2483135979" lon="113.9437309354"><ele>350.000</ele></trkpt>
      <trkpt lat="22.2483141497" lon="113.9436988503"><ele>352.000</ele></trkpt>
      <trkpt lat="22.2483212777" lon="113.9436712459"><ele>352.000</ele></trkpt>
      <trkpt lat="22.2483391538" lon="113.9436404157"><ele>353.000</ele></trkpt>
      <trkpt lat="22.2483689738" lon="113.9436076409"><ele>353.000</ele></trkpt>
      <trkpt lat="22.2483964061" lon="113.9435761526"><ele>354.000</ele></trkpt>
      <trkpt lat="22.2484172658" lon="113.9435433926"><ele>354.000</ele></trkpt>
      <trkpt lat="22.2484339269" lon="113.9434984474"><ele>354.000</ele></trkpt>
      <trkpt lat="22.2484469992" lon="113.9434502990"><ele>354.000</ele></trkpt>
      <trkpt lat="22.2484551574" lon="113.9434068803"><ele>353.000</ele></trkpt>
      <trkpt lat="22.2484641571" lon="113.9433438369"><ele>353.000</ele></trkpt>
      <trkpt lat="22.2484669754" lon="113.9432927884"><ele>354.000</ele></trkpt>
      <trkpt lat="22.2484677018" lon="113.9432226566"><ele>354.000</ele></trkpt>
      <trkpt lat="22.2484734144" lon="113.9431729343"><ele>356.000</ele></trkpt>
      <trkpt lat="22.2484897714" lon="113.9431043617"><ele>352.000</ele></trkpt>
      <trkpt lat="22.2484008645" lon="113.9431542269"><ele>343.000</ele></trkpt>
      <trkpt lat="22.2483512977" lon="113.9431847305"><ele>348.000</ele></trkpt>
      <trkpt lat="22.2483131324" lon="113.9432123350"><ele>346.000</ele></trkpt>
      <trkpt lat="22.2482820015" lon="113.9432383077"><ele>346.000</ele></trkpt>
      <trkpt lat="22.2482559641" lon="113.9432600685"><ele>346.000</ele></trkpt>
      <trkpt lat="22.2482472543" lon="113.9432677787"><ele>346.000</ele></trkpt>
      <trkpt lat="22.2482427939" lon="113.9432707973"><ele>346.000</ele></trkpt>
      <trkpt lat="22.2482377077" lon="113.9432713636"><ele>342.000</ele></trkpt>
      <trkpt lat="22.2482320597" lon="113.9432705600"><ele>342.000</ele></trkpt>
      <trkpt lat="22.2482272338" lon="113.9432686588"><ele>342.000</ele></trkpt>
      <trkpt lat="22.2482185973" lon="113.9432658181"><ele>340.000</ele></trkpt>
      <trkpt lat="22.2482014828" lon="113.9432585135"><ele>340.000</ele></trkpt>
      <trkpt lat="22.2481739397" lon="113.9432467579"><ele>331.000</ele></trkpt>
      <trkpt lat="22.2481932292" lon="113.9432134971"><ele>334.000</ele></trkpt>
      <trkpt lat="22.2482216933" lon="113.9431742511"><ele>334.000</ele></trkpt>
      <trkpt lat="22.2482537668" lon="113.9431336904"><ele>338.000</ele></trkpt>
      <trkpt lat="22.2482874617" lon="113.9430946753"><ele>336.000</ele></trkpt>
      <trkpt lat="22.2483227123" lon="113.9430572805"><ele>334.000</ele></trkpt>
      <trkpt lat="22.2483594517" lon="113.9430215771"><ele>335.000</ele></trkpt>
      <trkpt lat="22.2483976096" lon="113.9429876340"><ele>338.000</ele></trkpt>
      <trkpt lat="22.2484371120" lon="113.9429555162"><ele>338.000</ele></trkpt>
      <trkpt lat="22.2484708254" lon="113.9429286806"><ele>341.000</ele></trkpt>
      <trkpt lat="22.2484310332" lon="113.9428724187"><ele>336.000</ele></trkpt>
      <trkpt lat="22.2483506049" lon="113.9429353479"><ele>335.000</ele></trkpt>
      <trkpt lat="22.2482958155" lon="113.9429813401"><ele>334.000</ele></trkpt>
      <trkpt lat="22.2482242232" lon="113.9430514352"><ele>334.000</ele></trkpt>
      <trkpt lat="22.2482004910" lon="113.9430780456"><ele>332.000</ele></trkpt>
      <trkpt lat="22.2481644587" lon="113.9431043320"><ele>332.000</ele></trkpt>
      <trkpt lat="22.2481640064" lon="113.9430817838"><ele>332.000</ele></trkpt>
      <trkpt lat="22.2481639787" lon="113.9430625332"><ele>333.000</ele></trkpt>
      <trkpt lat="22.2481651550" lon="113.9430496978"><ele>333.000</ele></trkpt>
      <trkpt lat="22.2481699091" lon="113.9430323649"><ele>333.000</ele></trkpt>
      <trkpt lat="22.2481776523" lon="113.9430169507"><ele>336.000</ele></trkpt>
      <trkpt lat="22.2481907595" lon="113.9429931868"><ele>336.000</ele></trkpt>
      <trkpt lat="22.2482014892" lon="113.9429777686"><ele>336.000</ele></trkpt>
      <trkpt lat="22.2482110232" lon="113.9429610690"><ele>341.000</ele></trkpt>
      <trkpt lat="22.2482229540" lon="113.9429501414"><ele>341.000</ele></trkpt>
      <trkpt lat="22.2482384581" lon="113.9429315062"><ele>339.000</ele></trkpt>
      <trkpt lat="22.2482599276" lon="113.9429077284"><ele>342.000</ele></trkpt>
      <trkpt lat="22.2482730458" lon="113.9428916650"><ele>342.000</ele></trkpt>
      <trkpt lat="22.2482933205" lon="113.9428672469"><ele>345.000</ele></trkpt>
      <trkpt lat="22.2483017381" lon="113.9428560176"><ele>345.000</ele></trkpt>
      <trkpt lat="22.2482908105" lon="113.9428493644"><ele>345.000</ele></trkpt>
      <trkpt lat="22.2482686887" lon="113.9428352842"><ele>346.000</ele></trkpt>
      <trkpt lat="22.2482334163" lon="113.9428148087"><ele>348.000</ele></trkpt>
      <trkpt lat="22.2482047239" lon="113.9428013807"><ele>348.000</ele></trkpt>
      <trkpt lat="22.2481676728" lon="113.9427898923"><ele>347.000</ele></trkpt>
      <trkpt lat="22.2481336145" lon="113.9427828904"><ele>347.000</ele></trkpt>
      <trkpt lat="22.2480882122" lon="113.9427797577"><ele>346.000</ele></trkpt>
      <trkpt lat="22.2480434040" lon="113.9427746984"><ele>346.000</ele></trkpt>
      <trkpt lat="22.2480069591" lon="113.9427696252"><ele>344.000</ele></trkpt>
      <trkpt lat="22.2479842514" lon="113.9427632467"><ele>344.000</ele></trkpt>
      <trkpt lat="22.2479615336" lon="113.9427504510"><ele>345.000</ele></trkpt>
      <trkpt lat="22.2479340267" lon="113.9427299627"><ele>348.000</ele></trkpt>
      <trkpt lat="22.2479047382" lon="113.9427165357"><ele>350.000</ele></trkpt>
      <trkpt lat="22.2478641038" lon="113.9427063367"><ele>348.000</ele></trkpt>
      <trkpt lat="22.2478366171" lon="113.9426999652"><ele>348.000</ele></trkpt>
      <trkpt lat="22.2478145027" lon="113.9426910189"><ele>346.000</ele></trkpt>
      <trkpt lat="22.2477929833" lon="113.9426801459"><ele>348.000</ele></trkpt>
      <trkpt lat="22.2477804306" lon="113.9426743918"><ele>347.000</ele></trkpt>
      <trkpt lat="22.2477690791" lon="113.9426731272"><ele>347.000</ele></trkpt>
      <trkpt lat="22.2477565393" lon="113.9426757149"><ele>347.000</ele></trkpt>
      <trkpt lat="22.2477422116" lon="113.9426815137"><ele>347.000</ele></trkpt>
      <trkpt lat="22.2477237064" lon="113.9426905276"><ele>344.000</ele></trkpt>
      <trkpt lat="22.2477004249" lon="113.9427001916"><ele>344.000</ele></trkpt>
      <trkpt lat="22.2476825138" lon="113.9427066385"><ele>342.000</ele></trkpt>
      <trkpt lat="22.2476693716" lon="113.9427066604"><ele>342.000</ele></trkpt>
      <trkpt lat="22.2476604096" lon="113.9427047506"><ele>342.000</ele></trkpt>
      <trkpt lat="22.2476538260" lon="113.9426957775"><ele>342.000</ele></trkpt>
      <trkpt lat="22.2476466297" lon="113.9426765388"><ele>344.000</ele></trkpt>
      <trkpt lat="22.2476358345" lon="113.9426463984"><ele>344.000</ele></trkpt>
      <trkpt lat="22.2476274241" lon="113.9426136863"><ele>347.000</ele></trkpt>
      <trkpt lat="22.2476196078" lon="113.9425784072"><ele>348.000</ele></trkpt>
      <trkpt lat="22.2476100091" lon="113.9425495473"><ele>348.000</ele></trkpt>
      <trkpt lat="22.2475998200" lon="113.9425258221"><ele>342.000</ele></trkpt>
      <trkpt lat="22.2475908210" lon="113.9424988868"><ele>342.000</ele></trkpt>
      <trkpt lat="22.2475830177" lon="113.9424725908"><ele>343.000</ele></trkpt>
      <trkpt lat="22.2475746220" lon="113.9424495039"><ele>343.000</ele></trkpt>
      <trkpt lat="22.2475620499" lon="113.9424302752"><ele>344.000</ele></trkpt>
      <trkpt lat="22.2475464968" lon="113.9424149009"><ele>342.000</ele></trkpt>
      <trkpt lat="22.2475237790" lon="113.9424014631"><ele>342.000</ele></trkpt>
      <trkpt lat="22.2474926859" lon="113.9423796984"><ele>343.000</ele></trkpt>
      <trkpt lat="22.2474687631" lon="113.9423592042"><ele>341.000</ele></trkpt>
      <trkpt lat="22.2474531981" lon="113.9423354880"><ele>342.000</ele></trkpt>
      <trkpt lat="22.2474358339" lon="113.9423072833"><ele>342.000</ele></trkpt>
      <trkpt lat="22.2474190583" lon="113.9422720182"><ele>340.000</ele></trkpt>
      <trkpt lat="22.2474088729" lon="113.9422508599"><ele>342.000</ele></trkpt>
      <trkpt lat="22.2473897069" lon="113.9422155998"><ele>342.000</ele></trkpt>
      <trkpt lat="22.2473723390" lon="113.9421841861"><ele>341.000</ele></trkpt>
      <trkpt lat="22.2473579650" lon="113.9421579021"><ele>341.000</ele></trkpt>
      <trkpt lat="22.2473459749" lon="113.9421284040"><ele>343.000</ele></trkpt>
      <trkpt lat="22.2473351684" lon="113.9420905631"><ele>345.000</ele></trkpt>
      <trkpt lat="22.2473237733" lon="113.9420591395"><ele>340.000</ele></trkpt>
      <trkpt lat="22.2473147909" lon="113.9420431130"><ele>342.000</ele></trkpt>
      <trkpt lat="22.2472968511" lon="113.9420296683"><ele>342.000</ele></trkpt>
      <trkpt lat="22.2472765339" lon="113.9420245684"><ele>342.000</ele></trkpt>
      <trkpt lat="22.2472532330" lon="113.9420213991"><ele>342.000</ele></trkpt>
      <trkpt lat="22.2472281460" lon="113.9420220822"><ele>344.000</ele></trkpt>
      <trkpt lat="22.2472048582" lon="113.9420278960"><ele>344.000</ele></trkpt>
      <trkpt lat="22.2471827696" lon="113.9420369168"><ele>347.000</ele></trkpt>
      <trkpt lat="22.2471648697" lon="113.9420510634"><ele>347.000</ele></trkpt>
      <trkpt lat="22.2471505605" lon="113.9420696956"><ele>348.000</ele></trkpt>
      <trkpt lat="22.2471350631" lon="113.9420928222"><ele>348.000</ele></trkpt>
      <trkpt lat="22.2471147838" lon="113.9421133890"><ele>346.000</ele></trkpt>
      <trkpt lat="22.2470945027" lon="113.9421333155"><ele>349.000</ele></trkpt>
      <trkpt lat="22.2470748139" lon="113.9421493897"><ele>349.000</ele></trkpt>
      <trkpt lat="22.2470455698" lon="113.9421674055"><ele>350.000</ele></trkpt>
      <trkpt lat="22.2470294625" lon="113.9421815491"><ele>350.000</ele></trkpt>
      <trkpt lat="22.2470121733" lon="113.9422053199"><ele>351.000</ele></trkpt>
      <trkpt lat="22.2469972783" lon="113.9422316536"><ele>351.000</ele></trkpt>
      <trkpt lat="22.2469847682" lon="113.9422554165"><ele>351.000</ele></trkpt>
      <trkpt lat="22.2469716537" lon="113.9422740466"><ele>352.000</ele></trkpt>
      <trkpt lat="22.2469579321" lon="113.9422856203"><ele>352.000</ele></trkpt>
      <trkpt lat="22.2469430093" lon="113.9422933448"><ele>352.000</ele></trkpt>
      <trkpt lat="22.2469221109" lon="113.9422991545"><ele>352.000</ele></trkpt>
      <trkpt lat="22.2469030023" lon="113.9423036778"><ele>350.000</ele></trkpt>
      <trkpt lat="22.2468839021" lon="113.9423133349"><ele>350.000</ele></trkpt>
      <trkpt lat="22.2468701796" lon="113.9423249086"><ele>352.000</ele></trkpt>
      <trkpt lat="22.2468540759" lon="113.9423416190"><ele>352.000</ele></trkpt>
      <trkpt lat="22.2468343907" lon="113.9423602600"><ele>354.000</ele></trkpt>
      <trkpt lat="22.2468069494" lon="113.9423859724"><ele>354.000</ele></trkpt>
      <trkpt lat="22.2467842816" lon="113.9424071852"><ele>352.000</ele></trkpt>
      <trkpt lat="22.2467544397" lon="113.9424245607"><ele>352.000</ele></trkpt>
      <trkpt lat="22.2467204129" lon="113.9424393752"><ele>352.000</ele></trkpt>
      <trkpt lat="22.2466905663" lon="113.9424535416"><ele>348.000</ele></trkpt>
      <trkpt lat="22.2466517541" lon="113.9424638736"><ele>348.000</ele></trkpt>
      <trkpt lat="22.2466242832" lon="113.9424684109"><ele>348.000</ele></trkpt>
      <trkpt lat="22.2465991971" lon="113.9424703772"><ele>348.000</ele></trkpt>
      <trkpt lat="22.2465764895" lon="113.9424639989"><ele>348.000</ele></trkpt>
      <trkpt lat="22.2465531831" lon="113.9424569793"><ele>348.000</ele></trkpt>
      <trkpt lat="22.2465292732" lon="113.9424454692"><ele>350.000</ele></trkpt>
      <trkpt lat="22.2465078683" lon="113.9424281907"><ele>350.000</ele></trkpt>
      <trkpt lat="22.2464998910" lon="113.9424134101"><ele>350.000</ele></trkpt>
      <trkpt lat="22.2464865157" lon="113.9423939239"><ele>355.000</ele></trkpt>
      <trkpt lat="22.2464689634" lon="113.9423710978"><ele>352.000</ele></trkpt>
      <trkpt lat="22.2464483512" lon="113.9423431063"><ele>355.000</ele></trkpt>
      <trkpt lat="22.2464241139" lon="113.9423123658"><ele>350.000</ele></trkpt>
      <trkpt lat="22.2464115876" lon="113.9422992807"><ele>353.000</ele></trkpt>
      <trkpt lat="22.2463960074" lon="113.9422913811"><ele>353.000</ele></trkpt>
      <trkpt lat="22.2463656941" lon="113.9422868624"><ele>353.000</ele></trkpt>
      <trkpt lat="22.2463427300" lon="113.9422811383"><ele>353.000</ele></trkpt>
      <trkpt lat="22.2463324428" lon="113.9422802339"><ele>352.000</ele></trkpt>
      <trkpt lat="22.2462968647" lon="113.9422882187"><ele>352.000</ele></trkpt>
      <trkpt lat="22.2462888056" lon="113.9422918894"><ele>353.000</ele></trkpt>
      <trkpt lat="22.2462774253" lon="113.9423031807"><ele>352.000</ele></trkpt>
      <trkpt lat="22.2462585464" lon="113.9423248451"><ele>352.000</ele></trkpt>
      <trkpt lat="22.2462402204" lon="113.9423416387"><ele>350.000</ele></trkpt>
      <trkpt lat="22.2462249409" lon="113.9423480667"><ele>350.000</ele></trkpt>
      <trkpt lat="22.2461985087" lon="113.9423546878"><ele>349.000</ele></trkpt>
      <trkpt lat="22.2461593109" lon="113.9423574984"><ele>352.000</ele></trkpt>
      <trkpt lat="22.2461192701" lon="113.9423581762"><ele>352.000</ele></trkpt>
      <trkpt lat="22.2460753431" lon="113.9423567263"><ele>353.000</ele></trkpt>
      <trkpt lat="22.2460216685" lon="113.9423528480"><ele>349.000</ele></trkpt>
      <trkpt lat="22.2460032296" lon="113.9423477469"><ele>352.000</ele></trkpt>
      <trkpt lat="22.2459712437" lon="113.9423356062"><ele>352.000</ele></trkpt>
      <trkpt lat="22.2459208788" lon="113.9423097888"><ele>352.000</ele></trkpt>
      <trkpt lat="22.2459008395" lon="113.9422970267"><ele>353.000</ele></trkpt>
      <trkpt lat="22.2458941563" lon="113.9422903346"><ele>353.000</ele></trkpt>
      <trkpt lat="22.2458743833" lon="113.9422681235"><ele>348.000</ele></trkpt>
      <trkpt lat="22.2458593445" lon="113.9422474275"><ele>350.000</ele></trkpt>
      <trkpt lat="22.2458453965" lon="113.9422191049"><ele>350.000</ele></trkpt>
      <trkpt lat="22.2458352542" lon="113.9421934340"><ele>350.000</ele></trkpt>
      <trkpt lat="22.2458282687" lon="113.9421650998"><ele>350.000</ele></trkpt>
      <trkpt lat="22.2458262904" lon="113.9421459052"><ele>349.000</ele></trkpt>
      <trkpt lat="22.2458304054" lon="113.9421062898"><ele>349.000</ele></trkpt>
      <trkpt lat="22.2458317644" lon="113.9420843443"><ele>349.000</ele></trkpt>
      <trkpt lat="22.2458345172" lon="113.9420645306"><ele>349.000</ele></trkpt>
      <trkpt lat="22.2458375462" lon="113.9420483736"><ele>347.000</ele></trkpt>
      <trkpt lat="22.2458347162" lon="113.9420084594"><ele>346.000</ele></trkpt>
      <trkpt lat="22.2458321700" lon="113.9419837848"><ele>346.000</ele></trkpt>
      <trkpt lat="22.2458274131" lon="113.9419603264"><ele>348.000</ele></trkpt>
      <trkpt lat="22.2458140675" lon="113.9419364458"><ele>348.000</ele></trkpt>
      <trkpt lat="22.2457987474" lon="113.9419148385"><ele>348.000</ele></trkpt>
      <trkpt lat="22.2457622585" lon="113.9418737581"><ele>346.000</ele></trkpt>
      <trkpt lat="22.2456854154" lon="113.9417977057"><ele>343.000</ele></trkpt>
      <trkpt lat="22.2456670357" lon="113.9417773161"><ele>343.000</ele></trkpt>
      <trkpt lat="22.2456509891" lon="113.9417529065"><ele>342.000</ele></trkpt>
      <trkpt lat="22.2456415006" lon="113.9417297665"><ele>342.000</ele></trkpt>
      <trkpt lat="22.2456386742" lon="113.9416986898"><ele>343.000</ele></trkpt>
      <trkpt lat="22.2456372156" lon="113.9416517597"><ele>343.000</ele></trkpt>
      <trkpt lat="22.2456431946" lon="113.9415524133"><ele>345.000</ele></trkpt>
      <trkpt lat="22.2456431580" lon="113.9415271233"><ele>345.000</ele></trkpt>
      <trkpt lat="22.2456420186" lon="113.9415073161"><ele>346.000</ele></trkpt>
      <trkpt lat="22.2456351131" lon="113.9414843949"><ele>346.000</ele></trkpt>
      <trkpt lat="22.2456300828" lon="113.9414655061"><ele>345.000</ele></trkpt>
      <trkpt lat="22.2456262370" lon="113.9414539104"><ele>345.000</ele></trkpt>
      <trkpt lat="22.2456259947" lon="113.9414462219"><ele>345.000</ele></trkpt>
      <trkpt lat="22.2456232692" lon="113.9414374337"><ele>345.000</ele></trkpt>
      <trkpt lat="22.2456053672" lon="113.9413977484"><ele>341.000</ele></trkpt>
      <trkpt lat="22.2455949876" lon="113.9413766956"><ele>344.000</ele></trkpt>
      <trkpt lat="22.2455886760" lon="113.9413397945"><ele>344.000</ele></trkpt>
      <trkpt lat="22.2455893884" lon="113.9413266584"><ele>344.000</ele></trkpt>
      <trkpt lat="22.2455917525" lon="113.9413128308"><ele>344.000</ele></trkpt>
      <trkpt lat="22.2455987096" lon="113.9412965606"><ele>344.000</ele></trkpt>
      <trkpt lat="22.2456084080" lon="113.9412837684"><ele>344.000</ele></trkpt>
      <trkpt lat="22.2456456844" lon="113.9412637127"><ele>345.000</ele></trkpt>
      <trkpt lat="22.2456617844" lon="113.9412563811"><ele>348.000</ele></trkpt>
      <trkpt lat="22.2456783526" lon="113.9412480786"><ele>348.000</ele></trkpt>
      <trkpt lat="22.2456935604" lon="113.9412358010"><ele>348.000</ele></trkpt>
      <trkpt lat="22.2457046460" lon="113.9412205425"><ele>348.000</ele></trkpt>
      <trkpt lat="22.2457166933" lon="113.9411959016"><ele>348.000</ele></trkpt>
      <trkpt lat="22.2457264413" lon="113.9411737190"><ele>348.000</ele></trkpt>
      <trkpt lat="22.2457478716" lon="113.9411056512"><ele>347.000</ele></trkpt>
      <trkpt lat="22.2457627420" lon="113.9410662022"><ele>346.000</ele></trkpt>
      <trkpt lat="22.2457697280" lon="113.9410449942"><ele>346.000</ele></trkpt>
      <trkpt lat="22.2457762665" lon="113.9410203237"><ele>344.000</ele></trkpt>
      <trkpt lat="22.2457800576" lon="113.9409941639"><ele>344.000</ele></trkpt>
      <trkpt lat="22.2457829502" lon="113.9409650275"><ele>344.000</ele></trkpt>
      <trkpt lat="22.2457857988" lon="113.9409428078"><ele>346.000</ele></trkpt>
      <trkpt lat="22.2457849486" lon="113.9409294609"><ele>346.000</ele></trkpt>
      <trkpt lat="22.2457795004" lon="113.9409151031"><ele>346.000</ele></trkpt>
      <trkpt lat="22.2457740467" lon="113.9409032190"><ele>346.000</ele></trkpt>
      <trkpt lat="22.2457585097" lon="113.9408878110"><ele>346.000</ele></trkpt>
      <trkpt lat="22.2457283218" lon="113.9408639394"><ele>346.000</ele></trkpt>
      <trkpt lat="22.2456821777" lon="113.9408157648"><ele>346.000</ele></trkpt>
      <trkpt lat="22.2456593889" lon="113.9407815493"><ele>345.000</ele></trkpt>
      <trkpt lat="22.2456393310" lon="113.9407498225"><ele>346.000</ele></trkpt>
      <trkpt lat="22.2456233678" lon="113.9407270038"><ele>346.000</ele></trkpt>
      <trkpt lat="22.2456055913" lon="113.9406992407"><ele>346.000</ele></trkpt>
      <trkpt lat="22.2455946633" lon="113.9406799156"><ele>346.000</ele></trkpt>
      <trkpt lat="22.2455832954" lon="113.9406561386"><ele>346.000</ele></trkpt>
      <trkpt lat="22.2455737751" lon="113.9406298944"><ele>347.000</ele></trkpt>
      <trkpt lat="22.2455656303" lon="113.9406056464"><ele>346.000</ele></trkpt>
      <trkpt lat="22.2455502928" lon="113.9405472538"><ele>346.000</ele></trkpt>
      <trkpt lat="22.2455430786" lon="113.9405170769"><ele>346.000</ele></trkpt>
      <trkpt lat="22.2455340402" lon="113.9404868935"><ele>344.000</ele></trkpt>
      <trkpt lat="22.2455195137" lon="113.9404522278"><ele>344.000</ele></trkpt>
      <trkpt lat="22.2455175338" lon="113.9404451320"><ele>344.000</ele></trkpt>
      <trkpt lat="22.2455060966" lon="113.9404078729"><ele>346.000</ele></trkpt>
      <trkpt lat="22.2454964760" lon="113.9403642558"><ele>346.000</ele></trkpt>
      <trkpt lat="22.2454916485" lon="113.9403308970"><ele>346.000</ele></trkpt>
      <trkpt lat="22.2454922043" lon="113.9403026629"><ele>344.000</ele></trkpt>
      <trkpt lat="22.2454963379" lon="113.9402692890"><ele>344.000</ele></trkpt>
      <trkpt lat="22.2454998810" lon="113.9402416910"><ele>344.000</ele></trkpt>
      <trkpt lat="22.2455171549" lon="113.9402076539"><ele>344.000</ele></trkpt>
      <trkpt lat="22.2455386007" lon="113.9401678339"><ele>344.000</ele></trkpt>
      <trkpt lat="22.2455558877" lon="113.9401427797"><ele>344.000</ele></trkpt>
      <trkpt lat="22.2455737697" lon="113.9401170832"><ele>344.000</ele></trkpt>
      <trkpt lat="22.2455910511" lon="113.9400881787"><ele>344.000</ele></trkpt>
      <trkpt lat="22.2455987819" lon="113.9400650661"><ele>344.000</ele></trkpt>
      <trkpt lat="22.2456023222" lon="113.9400349013"><ele>344.000</ele></trkpt>
      <trkpt lat="22.2456010910" lon="113.9400092370"><ele>344.000</ele></trkpt>
      <trkpt lat="22.2455938889" lon="113.9399861485"><ele>344.000</ele></trkpt>
      <trkpt lat="22.2455789260" lon="113.9399656400"><ele>346.000</ele></trkpt>
      <trkpt lat="22.2455531879" lon="113.9399297505"><ele>343.000</ele></trkpt>
      <trkpt lat="22.2455328238" lon="113.9398925676"><ele>345.000</ele></trkpt>
      <trkpt lat="22.2455232359" lon="113.9398714087"><ele>344.000</ele></trkpt>
      <trkpt lat="22.2455130398" lon="113.9398431927"><ele>344.000</ele></trkpt>
      <trkpt lat="22.2455022300" lon="113.9398034269"><ele>342.000</ele></trkpt>
      <trkpt lat="22.2454991893" lon="113.9397668570"><ele>342.000</ele></trkpt>
      <trkpt lat="22.2454919890" lon="113.9397444108"><ele>342.000</ele></trkpt>
      <trkpt lat="22.2454686553" lon="113.9397187827"><ele>341.000</ele></trkpt>
      <trkpt lat="22.2454411433" lon="113.9396950872"><ele>341.000</ele></trkpt>
      <trkpt lat="22.2454244046" lon="113.9396861325"><ele>340.000</ele></trkpt>
      <trkpt lat="22.2454058921" lon="113.9396893717"><ele>340.000</ele></trkpt>
      <trkpt lat="22.2453939577" lon="113.9396983757"><ele>340.000</ele></trkpt>
      <trkpt lat="22.2453742710" lon="113.9397157335"><ele>340.000</ele></trkpt>
      <trkpt lat="22.2453551877" lon="113.9397369405"><ele>339.000</ele></trkpt>
      <trkpt lat="22.2453277459" lon="113.9397620118"><ele>344.000</ele></trkpt>
      <trkpt lat="22.2452996987" lon="113.9397806681"><ele>344.000</ele></trkpt>
      <trkpt lat="22.2452561235" lon="113.9398019163"><ele>346.000</ele></trkpt>
      <trkpt lat="22.2452161288" lon="113.9398205916"><ele>346.000</ele></trkpt>
      <trkpt lat="22.2451695579" lon="113.9398347865"><ele>344.000</ele></trkpt>
      <trkpt lat="22.2451373108" lon="113.9398412579"><ele>342.000</ele></trkpt>
      <trkpt lat="22.2451098325" lon="113.9398406619"><ele>340.000</ele></trkpt>
      <trkpt lat="22.2450877179" lon="113.9398317162"><ele>340.000</ele></trkpt>
      <trkpt lat="22.2450638079" lon="113.9398208479"><ele>340.000</ele></trkpt>
      <trkpt lat="22.2450410768" lon="113.9397984278"><ele>340.000</ele></trkpt>
      <trkpt lat="22.2450278962" lon="113.9397715003"><ele>344.000</ele></trkpt>
      <trkpt lat="22.2450165053" lon="113.9397432853"><ele>342.000</ele></trkpt>
      <trkpt lat="22.2450069230" lon="113.9397259768"><ele>344.000</ele></trkpt>
      <trkpt lat="22.2449913781" lon="113.9397163779"><ele>344.000</ele></trkpt>
      <trkpt lat="22.2449632992" lon="113.9397138583"><ele>342.000</ele></trkpt>
      <trkpt lat="22.2449292530" lon="113.9397151990"><ele>342.000</ele></trkpt>
      <trkpt lat="22.2449053636" lon="113.9397184483"><ele>342.000</ele></trkpt>
      <trkpt lat="22.2448916366" lon="113.9397261709"><ele>342.000</ele></trkpt>
      <trkpt lat="22.2448791127" lon="113.9397403085"><ele>340.000</ele></trkpt>
      <trkpt lat="22.2448648038" lon="113.9397589416"><ele>340.000</ele></trkpt>
      <trkpt lat="22.2448528928" lon="113.9397833445"><ele>338.000</ele></trkpt>
      <trkpt lat="22.2448356245" lon="113.9398205905"><ele>342.000</ele></trkpt>
      <trkpt lat="22.2448201489" lon="113.9398584747"><ele>340.000</ele></trkpt>
      <trkpt lat="22.2448052646" lon="113.9398925077"><ele>337.000</ele></trkpt>
      <trkpt lat="22.2447832201" lon="113.9399316864"><ele>338.000</ele></trkpt>
      <trkpt lat="22.2447665235" lon="113.9399516059"><ele>338.000</ele></trkpt>
      <trkpt lat="22.2447438466" lon="113.9399664027"><ele>340.000</ele></trkpt>
      <trkpt lat="22.2447229474" lon="113.9399715715"><ele>340.000</ele></trkpt>
      <trkpt lat="22.2446930749" lon="113.9399677715"><ele>340.000</ele></trkpt>
      <trkpt lat="22.2446596134" lon="113.9399607695"><ele>340.000</ele></trkpt>
      <trkpt lat="22.2446177887" lon="113.9399531393"><ele>338.000</ele></trkpt>
      <trkpt lat="22.2445723882" lon="113.9399512910"><ele>338.000</ele></trkpt>
      <trkpt lat="22.2445431136" lon="113.9399481322"><ele>338.000</ele></trkpt>
      <trkpt lat="22.2445245879" lon="113.9399423885"><ele>338.000</ele></trkpt>
      <trkpt lat="22.2445048385" lon="113.9399167545"><ele>340.000</ele></trkpt>
      <trkpt lat="22.2444869116" lon="113.9399122932"><ele>340.000</ele></trkpt>
      <trkpt lat="22.2444689988" lon="113.9399174570"><ele>340.000</ele></trkpt>
      <trkpt lat="22.2444510943" lon="113.9399277534"><ele>340.000</ele></trkpt>
      <trkpt lat="22.2444278243" lon="113.9399457593"><ele>339.000</ele></trkpt>
      <trkpt lat="22.2444081347" lon="113.9399611923"><ele>339.000</ele></trkpt>
      <trkpt lat="22.2443878446" lon="113.9399747017"><ele>340.000</ele></trkpt>
      <trkpt lat="22.2443717458" lon="113.9399946201"><ele>338.000</ele></trkpt>
      <trkpt lat="22.2443496751" lon="113.9400158319"><ele>338.000</ele></trkpt>
      <trkpt lat="22.2443216195" lon="113.9400293544"><ele>336.000</ele></trkpt>
      <trkpt lat="22.2442953406" lon="113.9400319644"><ele>336.000</ele></trkpt>
      <trkpt lat="22.2442696540" lon="113.9400313663"><ele>336.000</ele></trkpt>
      <trkpt lat="22.2442439589" lon="113.9400249925"><ele>338.000</ele></trkpt>
      <trkpt lat="22.2442188495" lon="113.9400102770"><ele>338.000</ele></trkpt>
      <trkpt lat="22.2441985144" lon="113.9399929857"><ele>336.000</ele></trkpt>
      <trkpt lat="22.2441817571" lon="113.9399711979"><ele>338.000</ele></trkpt>
      <trkpt lat="22.2441733620" lon="113.9399487539"><ele>338.000</ele></trkpt>
      <trkpt lat="22.2441649529" lon="113.9399166839"><ele>336.000</ele></trkpt>
      <trkpt lat="22.2441601365" lon="113.9398910258"><ele>336.000</ele></trkpt>
      <trkpt lat="22.2441535303" lon="113.9398666542"><ele>338.000</ele></trkpt>
      <trkpt lat="22.2441433567" lon="113.9398538382"><ele>338.000</ele></trkpt>
      <trkpt lat="22.2441278109" lon="113.9398435971"><ele>338.000</ele></trkpt>
      <trkpt lat="22.2441039065" lon="113.9398359379"><ele>336.000</ele></trkpt>
      <trkpt lat="22.2440722358" lon="113.9398282907"><ele>336.000</ele></trkpt>
      <trkpt lat="22.2440465370" lon="113.9398193511"><ele>336.000</ele></trkpt>
      <trkpt lat="22.2440256106" lon="113.9398059110"><ele>336.000</ele></trkpt>
      <trkpt lat="22.2439969207" lon="113.9397937675"><ele>336.000</ele></trkpt>
      <trkpt lat="22.2439742054" lon="113.9397822560"><ele>338.000</ele></trkpt>
      <trkpt lat="22.2439544925" lon="113.9397816480"><ele>338.000</ele></trkpt>
      <trkpt lat="22.2439353905" lon="113.9397906630"><ele>337.000</ele></trkpt>
      <trkpt lat="22.2439198812" lon="113.9398054477"><ele>337.000</ele></trkpt>
      <trkpt lat="22.2439055742" lon="113.9398253630"><ele>337.000</ele></trkpt>
      <trkpt lat="22.2438906776" lon="113.9398504130"><ele>336.000</ele></trkpt>
      <trkpt lat="22.2438781557" lon="113.9398658339"><ele>336.000</ele></trkpt>
      <trkpt lat="22.2438638280" lon="113.9398716328"><ele>336.000</ele></trkpt>
      <trkpt lat="22.2438464990" lon="113.9398671706"><ele>334.000</ele></trkpt>
      <trkpt lat="22.2438273661" lon="113.9398550109"><ele>334.000</ele></trkpt>
      <trkpt lat="22.2438004501" lon="113.9398306735"><ele>336.000</ele></trkpt>
      <trkpt lat="22.2437735257" lon="113.9398005603"><ele>336.000</ele></trkpt>
      <trkpt lat="22.2437561695" lon="113.9397774892"><ele>337.000</ele></trkpt>
      <trkpt lat="22.2437274636" lon="113.9397544383"><ele>337.000</ele></trkpt>
      <trkpt lat="22.2436886066" lon="113.9397339702"><ele>338.000</ele></trkpt>
      <trkpt lat="22.2436587257" lon="113.9397243955"><ele>337.000</ele></trkpt>
      <trkpt lat="22.2436228775" lon="113.9397186810"><ele>336.000</ele></trkpt>
      <trkpt lat="22.2435882279" lon="113.9397161725"><ele>336.000</ele></trkpt>
      <trkpt lat="22.2435709063" lon="113.9397168438"><ele>334.000</ele></trkpt>
      <trkpt lat="22.2435571728" lon="113.9397207171"><ele>334.000</ele></trkpt>
      <trkpt lat="22.2435452374" lon="113.9397284367"><ele>334.000</ele></trkpt>
      <trkpt lat="22.2435351050" lon="113.9397438535"><ele>334.000</ele></trkpt>
      <trkpt lat="22.2435261757" lon="113.9397650432"><ele>334.000</ele></trkpt>
      <trkpt lat="22.2435178424" lon="113.9397849494"><ele>332.000</ele></trkpt>
      <trkpt lat="22.2435136846" lon="113.9398016386"><ele>332.000</ele></trkpt>
      <trkpt lat="22.2435071458" lon="113.9398234665"><ele>332.000</ele></trkpt>
      <trkpt lat="22.2434886687" lon="113.9398510891"><ele>334.000</ele></trkpt>
      <trkpt lat="22.2434576782" lon="113.9398999075"><ele>332.000</ele></trkpt>
      <trkpt lat="22.2434296683" lon="113.9399442294"><ele>332.000</ele></trkpt>
      <trkpt lat="22.2434094062" lon="113.9399769877"><ele>332.000</ele></trkpt>
      <trkpt lat="22.2433760130" lon="113.9400168263"><ele>334.000</ele></trkpt>
      <trkpt lat="22.2433396296" lon="113.9400541040"><ele>332.000</ele></trkpt>
      <trkpt lat="22.2433080197" lon="113.9400875235"><ele>331.000</ele></trkpt>
      <trkpt lat="22.2432710403" lon="113.9401260856"><ele>333.000</ele></trkpt>
      <trkpt lat="22.2432507632" lon="113.9401479355"><ele>332.000</ele></trkpt>
      <trkpt lat="22.2432251195" lon="113.9401768535"><ele>334.000</ele></trkpt>
      <trkpt lat="22.2431988713" lon="113.9402006389"><ele>336.000</ele></trkpt>
      <trkpt lat="22.2431839608" lon="113.9402167050"><ele>336.000</ele></trkpt>
      <trkpt lat="22.2431714434" lon="113.9402346926"><ele>338.000</ele></trkpt>
      <trkpt lat="22.2431577248" lon="113.9402488320"><ele>338.000</ele></trkpt>
      <trkpt lat="22.2431248967" lon="113.9402662125"><ele>336.000</ele></trkpt>
      <trkpt lat="22.2430998247" lon="113.9402778042"><ele>332.000</ele></trkpt>
      <trkpt lat="22.2430849038" lon="113.9402861708"><ele>332.000</ele></trkpt>
      <trkpt lat="22.2430610424" lon="113.9403080276"><ele>332.000</ele></trkpt>
      <trkpt lat="22.2430395761" lon="113.9403343718"><ele>333.000</ele></trkpt>
      <trkpt lat="22.2430157268" lon="113.9403645691"><ele>333.000</ele></trkpt>
      <trkpt lat="22.2429912965" lon="113.9404063180"><ele>334.000</ele></trkpt>
      <trkpt lat="22.2429758114" lon="113.9404377857"><ele>332.000</ele></trkpt>
      <trkpt lat="22.2429632959" lon="113.9404576978"><ele>332.000</ele></trkpt>
      <trkpt lat="22.2429459855" lon="113.9404660685"><ele>330.000</ele></trkpt>
      <trkpt lat="22.2429215066" lon="113.9404744511"><ele>330.000</ele></trkpt>
      <trkpt lat="22.2428952296" lon="113.9404783444"><ele>332.000</ele></trkpt>
      <trkpt lat="22.2428611880" lon="113.9404828938"><ele>332.000</ele></trkpt>
      <trkpt lat="22.2428169981" lon="113.9404919507"><ele>332.000</ele></trkpt>
      <trkpt lat="22.2427943100" lon="113.9404996892"><ele>332.000</ele></trkpt>
      <trkpt lat="22.2427746176" lon="113.9405131963"><ele>330.000</ele></trkpt>
      <trkpt lat="22.2427543422" lon="113.9405369717"><ele>329.000</ele></trkpt>
      <trkpt lat="22.2427292907" lon="113.9405620383"><ele>330.000</ele></trkpt>
      <trkpt lat="22.2427107837" lon="113.9405691275"><ele>330.000</ele></trkpt>
      <trkpt lat="22.2426904720" lon="113.9405678782"><ele>330.000</ele></trkpt>
      <trkpt lat="22.2426647807" lon="113.9405640721"><ele>330.000</ele></trkpt>
      <trkpt lat="22.2426092131" lon="113.9405532569"><ele>333.000</ele></trkpt>
      <trkpt lat="22.2425655930" lon="113.9405437051"><ele>332.000</ele></trkpt>
      <trkpt lat="22.2424938930" lon="113.9405303503"><ele>328.000</ele></trkpt>
      <trkpt lat="22.2424604251" lon="113.9405188568"><ele>328.000</ele></trkpt>
      <trkpt lat="22.2424114217" lon="113.9405041805"><ele>330.000</ele></trkpt>
      <trkpt lat="22.2423695961" lon="113.9404959092"><ele>327.000</ele></trkpt>
      <trkpt lat="22.2423415171" lon="113.9404927483"><ele>330.000</ele></trkpt>
      <trkpt lat="22.2423230017" lon="113.9404947049"><ele>330.000</ele></trkpt>
      <trkpt lat="22.2423033018" lon="113.9405030785"><ele>330.000</ele></trkpt>
      <trkpt lat="22.2422812255" lon="113.9405142450"><ele>326.000</ele></trkpt>
      <trkpt lat="22.2422624933" lon="113.9405204450"><ele>326.000</ele></trkpt>
      <trkpt lat="22.2422417490" lon="113.9405259800"><ele>326.000</ele></trkpt>
      <trkpt lat="22.2422093525" lon="113.9405421567"><ele>328.000</ele></trkpt>
      <trkpt lat="22.2421911790" lon="113.9405581156"><ele>328.000</ele></trkpt>
      <trkpt lat="22.2421752917" lon="113.9405750988"><ele>328.000</ele></trkpt>
      <trkpt lat="22.2421564762" lon="113.9406029031"><ele>328.000</ele></trkpt>
      <trkpt lat="22.2421306003" lon="113.9406691141"><ele>330.000</ele></trkpt>
      <trkpt lat="22.2421052258" lon="113.9407323656"><ele>330.000</ele></trkpt>
      <trkpt lat="22.2420886791" lon="113.9407616891"><ele>330.000</ele></trkpt>
      <trkpt lat="22.2420768940" lon="113.9407802369"><ele>330.000</ele></trkpt>
      <trkpt lat="22.2420642134" lon="113.9407977871"><ele>330.000</ele></trkpt>
      <trkpt lat="22.2420459657" lon="113.9408186836"><ele>324.000</ele></trkpt>
      <trkpt lat="22.2420301034" lon="113.9408341923"><ele>324.000</ele></trkpt>
      <trkpt lat="22.2420096443" lon="113.9408496116"><ele>324.000</ele></trkpt>
      <trkpt lat="22.2419865230" lon="113.9408600300"><ele>328.000</ele></trkpt>
      <trkpt lat="22.2419624888" lon="113.9408699454"><ele>328.000</ele></trkpt>
      <trkpt lat="22.2418986163" lon="113.9409018314"><ele>334.000</ele></trkpt>
      <trkpt lat="22.2418828114" lon="113.9409133821"><ele>333.000</ele></trkpt>
      <trkpt lat="22.2418591797" lon="113.9409267697"><ele>334.000</ele></trkpt>
      <trkpt lat="22.2418397505" lon="113.9409362796"><ele>334.000</ele></trkpt>
      <trkpt lat="22.2418088092" lon="113.9409470505"><ele>334.000</ele></trkpt>
      <trkpt lat="22.2417862066" lon="113.9409540243"><ele>332.000</ele></trkpt>
      <trkpt lat="22.2417562113" lon="113.9409633288"><ele>332.000</ele></trkpt>
      <trkpt lat="22.2417428506" lon="113.9409665330"><ele>332.000</ele></trkpt>
      <trkpt lat="22.2417156846" lon="113.9409714481"><ele>332.000</ele></trkpt>
      <trkpt lat="22.2416986816" lon="113.9409726018"><ele>332.000</ele></trkpt>
      <trkpt lat="22.2416767294" lon="113.9409672451"><ele>331.000</ele></trkpt>
      <trkpt lat="22.2416540065" lon="113.9409534695"><ele>331.000</ele></trkpt>
      <trkpt lat="22.2416273220" lon="113.9409292434"><ele>330.000</ele></trkpt>
      <trkpt lat="22.2415482719" lon="113.9408511409"><ele>328.000</ele></trkpt>
      <trkpt lat="22.2414419694" lon="113.9407557202"><ele>328.000</ele></trkpt>
      <trkpt lat="22.2413972236" lon="113.9407128704"><ele>323.000</ele></trkpt>
      <trkpt lat="22.2413494132" lon="113.9406615571"><ele>320.000</ele></trkpt>
      <trkpt lat="22.2413196051" lon="113.9406318362"><ele>320.000</ele></trkpt>
      <trkpt lat="22.2412730344" lon="113.9405884462"><ele>320.000</ele></trkpt>
      <trkpt lat="22.2412431431" lon="113.9405636630"><ele>322.000</ele></trkpt>
      <trkpt lat="22.2412013969" lon="113.9405342143"><ele>322.000</ele></trkpt>
      <trkpt lat="22.2412005531" lon="113.9405333737"><ele>322.000</ele></trkpt>
      <trkpt lat="22.2411764892" lon="113.9405153828"><ele>322.000</ele></trkpt>
      <trkpt lat="22.2411537833" lon="113.9404978561"><ele>322.000</ele></trkpt>
      <trkpt lat="22.2411352990" lon="113.9404820229"><ele>320.000</ele></trkpt>
      <trkpt lat="22.2411173404" lon="113.9404650549"><ele>322.000</ele></trkpt>
      <trkpt lat="22.2411046542" lon="113.9404463784"><ele>322.000</ele></trkpt>
      <trkpt lat="22.2410898583" lon="113.9404282720"><ele>320.000</ele></trkpt>
      <trkpt lat="22.2410782366" lon="113.9404163938"><ele>320.000</ele></trkpt>
      <trkpt lat="22.2410613402" lon="113.9404045235"><ele>320.000</ele></trkpt>
      <trkpt lat="22.2410286204" lon="113.9403926798"><ele>320.000</ele></trkpt>
      <trkpt lat="22.2410064525" lon="113.9403830844"><ele>318.000</ele></trkpt>
      <trkpt lat="22.2409742543" lon="113.9403672742"><ele>321.000</ele></trkpt>
      <trkpt lat="22.2409626368" lon="113.9403582286"><ele>320.000</ele></trkpt>
      <trkpt lat="22.2409520650" lon="113.9403429477"><ele>320.000</ele></trkpt>
      <trkpt lat="22.2409346363" lon="113.9403276793"><ele>320.000</ele></trkpt>
      <trkpt lat="22.2409208993" lon="113.9403118372"><ele>322.000</ele></trkpt>
      <trkpt lat="22.2409060969" lon="113.9402886322"><ele>320.000</ele></trkpt>
      <trkpt lat="22.2408886648" lon="113.9402710968"><ele>322.000</ele></trkpt>
      <trkpt lat="22.2408701846" lon="113.9402580962"><ele>320.000</ele></trkpt>
      <trkpt lat="22.2408507414" lon="113.9402511115"><ele>320.000</ele></trkpt>
      <trkpt lat="22.2408475230" lon="113.9402486530"><ele>320.000</ele></trkpt>
      <trkpt lat="22.2408413774" lon="113.9402447453"><ele>320.000</ele></trkpt>
      <trkpt lat="22.2408362821" lon="113.9402415372"><ele>320.000</ele></trkpt>
      <trkpt lat="22.2408310363" lon="113.9402372040"><ele>320.000</ele></trkpt>
      <trkpt lat="22.2408257906" lon="113.9402330319"><ele>320.000</ele></trkpt>
      <trkpt lat="22.2408215892" lon="113.9402266066"><ele>320.000</ele></trkpt>
      <trkpt lat="22.2408173886" lon="113.9402200212"><ele>320.000</ele></trkpt>
      <trkpt lat="22.2408142361" lon="113.9402139152"><ele>320.000</ele></trkpt>
      <trkpt lat="22.2408103304" lon="113.9402052388"><ele>320.000</ele></trkpt>
      <trkpt lat="22.2408068762" lon="113.9401972039"><ele>320.000</ele></trkpt>
      <trkpt lat="22.2408020402" lon="113.9401890859"><ele>320.000</ele></trkpt>
      <trkpt lat="22.2407951676" lon="113.9401783328"><ele>320.000</ele></trkpt>
      <trkpt lat="22.2407877709" lon="113.9401698457"><ele>318.000</ele></trkpt>
      <trkpt lat="22.2407809016" lon="113.9401613586"><ele>317.000</ele></trkpt>
      <trkpt lat="22.2407771892" lon="113.9401477667"><ele>317.000</ele></trkpt>
      <trkpt lat="22.2407740035" lon="113.9401330409"><ele>317.000</ele></trkpt>
      <trkpt lat="22.2407660719" lon="113.9401200226"><ele>316.000</ele></trkpt>
      <trkpt lat="22.2407581428" lon="113.9401081373"><ele>316.000</ele></trkpt>
      <trkpt lat="22.2407449407" lon="113.9400973939"><ele>316.000</ele></trkpt>
      <trkpt lat="22.2407243500" lon="113.9400843969"><ele>316.000</ele></trkpt>
      <trkpt lat="22.2407079885" lon="113.9400770588"><ele>317.000</ele></trkpt>
      <trkpt lat="22.2406895189" lon="113.9400714238"><ele>316.000</ele></trkpt>
      <trkpt lat="22.2406673585" lon="113.9400669280"><ele>316.000</ele></trkpt>
      <trkpt lat="22.2406420345" lon="113.9400630050"><ele>316.000</ele></trkpt>
      <trkpt lat="22.2406251471" lon="113.9400573673"><ele>316.000</ele></trkpt>
      <trkpt lat="22.2406082557" lon="113.9400488971"><ele>316.000</ele></trkpt>
      <trkpt lat="22.2405913592" lon="113.9400370269"><ele>314.000</ele></trkpt>
      <trkpt lat="22.2405633686" lon="113.9400127102"><ele>316.000</ele></trkpt>
      <trkpt lat="22.2405353754" lon="113.9399872606"><ele>314.000</ele></trkpt>
      <trkpt lat="22.2405116122" lon="113.9399686028"><ele>315.000</ele></trkpt>
      <trkpt lat="22.2404936585" lon="113.9399550349"><ele>315.000</ele></trkpt>
      <trkpt lat="22.2404735976" lon="113.9399437365"><ele>315.000</ele></trkpt>
      <trkpt lat="22.2404609328" lon="113.9399392258"><ele>312.000</ele></trkpt>
      <trkpt lat="22.2404461559" lon="113.9399341511"><ele>314.000</ele></trkpt>
      <trkpt lat="22.2404324304" lon="113.9399262421"><ele>314.000</ele></trkpt>
      <trkpt lat="22.2404176427" lon="113.9399138019"><ele>312.000</ele></trkpt>
      <trkpt lat="22.2403991691" lon="113.9399053334"><ele>312.000</ele></trkpt>
      <trkpt lat="22.2403754124" lon="113.9398912087"><ele>310.000</ele></trkpt>
      <trkpt lat="22.2403669634" lon="113.9398844239"><ele>313.000</ele></trkpt>
      <trkpt lat="22.2403574488" lon="113.9398708418"><ele>313.000</ele></trkpt>
      <trkpt lat="22.2403484575" lon="113.9398538588"><ele>313.000</ele></trkpt>
      <trkpt lat="22.2403415767" lon="113.9398374397"><ele>316.000</ele></trkpt>
      <trkpt lat="22.2403341659" lon="113.9398193211"><ele>316.000</ele></trkpt>
      <trkpt lat="22.2403225343" lon="113.9398006430"><ele>314.000</ele></trkpt>
      <trkpt lat="22.2403151301" lon="113.9397876239"><ele>317.000</ele></trkpt>
      <trkpt lat="22.2403014022" lon="113.9397780154"><ele>317.000</ele></trkpt>
      <trkpt lat="22.2402734247" lon="113.9397633304"><ele>315.000</ele></trkpt>
      <trkpt lat="22.2402660279" lon="113.9397548443"><ele>315.000</ele></trkpt>
      <trkpt lat="22.2402591603" lon="113.9397474903"><ele>315.000</ele></trkpt>
      <trkpt lat="22.2402470244" lon="113.9397446772"><ele>315.000</ele></trkpt>
      <trkpt lat="22.2402333048" lon="113.9397407347"><ele>316.000</ele></trkpt>
      <trkpt lat="22.2402222113" lon="113.9397294213"><ele>316.000</ele></trkpt>
      <trkpt lat="22.2402010874" lon="113.9397124588"><ele>316.000</ele></trkpt>
      <trkpt lat="22.2401709822" lon="113.9396853133"><ele>316.000</ele></trkpt>
      <trkpt lat="22.2401366372" lon="113.9396440103"><ele>318.000</ele></trkpt>
      <trkpt lat="22.2401049389" lon="113.9396100685"><ele>316.000</ele></trkpt>
      <trkpt lat="22.2400859246" lon="113.9395925359"><ele>318.000</ele></trkpt>
      <trkpt lat="22.2400737673" lon="113.9395749918"><ele>318.000</ele></trkpt>
      <trkpt lat="22.2400584423" lon="113.9395551870"><ele>317.000</ele></trkpt>
      <trkpt lat="22.2400436372" lon="113.9395308484"><ele>320.000</ele></trkpt>
      <trkpt lat="22.2400325272" lon="113.9395082039"><ele>320.000</ele></trkpt>
      <trkpt lat="22.2400266970" lon="113.9394883832"><ele>322.000</ele></trkpt>
      <trkpt lat="22.2400198168" lon="113.9394730962"><ele>322.000</ele></trkpt>
      <trkpt lat="22.2400081984" lon="113.9394634842"><ele>322.000</ele></trkpt>
      <trkpt lat="22.2399870870" lon="113.9394544538"><ele>322.000</ele></trkpt>
      <trkpt lat="22.2399701963" lon="113.9394465502"><ele>322.000</ele></trkpt>
      <trkpt lat="22.2399480243" lon="113.9394341225"><ele>320.000</ele></trkpt>
      <trkpt lat="22.2399179305" lon="113.9394149091"><ele>316.000</ele></trkpt>
      <trkpt lat="22.2398846783" lon="113.9393996675"><ele>318.000</ele></trkpt>
      <trkpt lat="22.2398598759" lon="113.9393917763"><ele>318.000</ele></trkpt>
      <trkpt lat="22.2398366523" lon="113.9393816174"><ele>318.000</ele></trkpt>
      <trkpt lat="22.2398028668" lon="113.9393629768"><ele>318.000</ele></trkpt>
      <trkpt lat="22.2397791051" lon="113.9393454523"><ele>320.000</ele></trkpt>
      <trkpt lat="22.2397479467" lon="113.9393194417"><ele>320.000</ele></trkpt>
      <trkpt lat="22.2397315760" lon="113.9393064378"><ele>320.000</ele></trkpt>
      <trkpt lat="22.2397173231" lon="113.9392985298"><ele>321.000</ele></trkpt>
      <trkpt lat="22.2397014748" lon="113.9392821259"><ele>321.000</ele></trkpt>
      <trkpt lat="22.2396887925" lon="113.9392662823"><ele>323.000</ele></trkpt>
      <trkpt lat="22.2396692467" lon="113.9392459182"><ele>326.000</ele></trkpt>
      <trkpt lat="22.2396486419" lon="113.9392227224"><ele>324.000</ele></trkpt>
      <trkpt lat="22.2396254084" lon="113.9392057645"><ele>326.000</ele></trkpt>
      <trkpt lat="22.2396111547" lon="113.9391978565"><ele>326.000</ele></trkpt>
      <trkpt lat="22.2395958437" lon="113.9391876833"><ele>322.000</ele></trkpt>
      <trkpt lat="22.2395826423" lon="113.9391775066"><ele>322.000</ele></trkpt>
      <trkpt lat="22.2395757672" lon="113.9391650542"><ele>322.000</ele></trkpt>
      <trkpt lat="22.2395688895" lon="113.9391514668"><ele>323.000</ele></trkpt>
      <trkpt lat="22.2395572405" lon="113.9391203239"><ele>320.000</ele></trkpt>
      <trkpt lat="22.2395445316" lon="113.9390869168"><ele>323.000</ele></trkpt>
      <trkpt lat="22.2395312987" lon="113.9390552101"><ele>326.000</ele></trkpt>
      <trkpt lat="22.2395217783" lon="113.9390370961"><ele>326.000</ele></trkpt>
      <trkpt lat="22.2395069872" lon="113.9390223891"><ele>321.000</ele></trkpt>
      <trkpt lat="22.2394900932" lon="113.9390122195"><ele>326.000</ele></trkpt>
      <trkpt lat="22.2394668797" lon="113.9390082922"><ele>323.000</ele></trkpt>
      <trkpt lat="22.2394346962" lon="113.9390032470"><ele>323.000</ele></trkpt>
      <trkpt lat="22.2393982928" lon="113.9389976434"><ele>323.000</ele></trkpt>
      <trkpt lat="22.2393687446" lon="113.9389908933"><ele>321.000</ele></trkpt>
      <trkpt lat="22.2393386674" lon="113.9389830121"><ele>321.000</ele></trkpt>
      <trkpt lat="22.2393149214" lon="113.9389762532"><ele>320.000</ele></trkpt>
      <trkpt lat="22.2393043612" lon="113.9389683390"><ele>320.000</ele></trkpt>
      <trkpt lat="22.2392980208" lon="113.9389615507"><ele>323.000</ele></trkpt>
      <trkpt lat="22.2392921955" lon="113.9389451291"><ele>323.000</ele></trkpt>
      <trkpt lat="22.2392847746" lon="113.9389207791"><ele>320.000</ele></trkpt>
      <trkpt lat="22.2392762957" lon="113.9388935964"><ele>325.000</ele></trkpt>
      <trkpt lat="22.2392630669" lon="113.9388647233"><ele>330.000</ele></trkpt>
      <trkpt lat="22.2392471945" lon="113.9388318881"><ele>330.000</ele></trkpt>
      <trkpt lat="22.2392292001" lon="113.9387905571"><ele>326.000</ele></trkpt>
      <trkpt lat="22.2392159779" lon="113.9387662169"><ele>324.000</ele></trkpt>
      <trkpt lat="22.2392027599" lon="113.9387447083"><ele>324.000</ele></trkpt>
      <trkpt lat="22.2391884987" lon="113.9387317009"><ele>318.000</ele></trkpt>
      <trkpt lat="22.2391721238" lon="113.9387152981"><ele>318.000</ele></trkpt>
      <trkpt lat="22.2391610220" lon="113.9386983189"><ele>318.000</ele></trkpt>
      <trkpt lat="22.2391451711" lon="113.9386802147"><ele>316.000</ele></trkpt>
      <trkpt lat="22.2391314365" lon="113.9386660734"><ele>316.000</ele></trkpt>
      <trkpt lat="22.2391140117" lon="113.9386536379"><ele>316.000</ele></trkpt>
      <trkpt lat="22.2390949982" lon="113.9386366730"><ele>314.000</ele></trkpt>
      <trkpt lat="22.2390728186" lon="113.9386191461"><ele>314.000</ele></trkpt>
      <trkpt lat="22.2390585599" lon="113.9386072717"><ele>313.000</ele></trkpt>
      <trkpt lat="22.2390490361" lon="113.9385874573"><ele>313.000</ele></trkpt>
      <trkpt lat="22.2390389857" lon="113.9385682104"><ele>314.000</ele></trkpt>
      <trkpt lat="22.2390294627" lon="113.9385483960"><ele>314.000</ele></trkpt>
      <trkpt lat="22.2390220502" lon="113.9385291446"><ele>315.000</ele></trkpt>
      <trkpt lat="22.2390083063" lon="113.9385093374"><ele>314.000</ele></trkpt>
      <trkpt lat="22.2389924605" lon="113.9384940658"><ele>314.000</ele></trkpt>
      <trkpt lat="22.2389718581" lon="113.9384731372"><ele>314.000</ele></trkpt>
      <trkpt lat="22.2389586525" lon="113.9384601280"><ele>314.000</ele></trkpt>
      <trkpt lat="22.2389412327" lon="113.9384510925"><ele>314.000</ele></trkpt>
      <trkpt lat="22.2389248686" lon="113.9384420542"><ele>314.000</ele></trkpt>
      <trkpt lat="22.2389085077" lon="113.9384358494"><ele>314.000</ele></trkpt>
      <trkpt lat="22.2388921535" lon="113.9384341776"><ele>314.000</ele></trkpt>
      <trkpt lat="22.2388758026" lon="113.9384347718"><ele>314.000</ele></trkpt>
      <trkpt lat="22.2388631402" lon="113.9384325272"><ele>316.000</ele></trkpt>
      <trkpt lat="22.2388504745" lon="113.9384280156"><ele>316.000</ele></trkpt>
      <trkpt lat="22.2388404416" lon="113.9384201006"><ele>316.000</ele></trkpt>
      <trkpt lat="22.2388282916" lon="113.9384076562"><ele>316.000</ele></trkpt>
      <trkpt lat="22.2388082248" lon="113.9383923927"><ele>316.000</ele></trkpt>
      <trkpt lat="22.2387818170" lon="113.9383686405"><ele>317.000</ele></trkpt>
      <trkpt lat="22.2387506459" lon="113.9383341319"><ele>320.000</ele></trkpt>
      <trkpt lat="22.2387221218" lon="113.9383064168"><ele>318.000</ele></trkpt>
      <trkpt lat="22.2386967545" lon="113.9382730314"><ele>320.000</ele></trkpt>
      <trkpt lat="22.2386708623" lon="113.9382419129"><ele>320.000</ele></trkpt>
      <trkpt lat="22.2386497317" lon="113.9382198523"><ele>321.000</ele></trkpt>
      <trkpt lat="22.2386328285" lon="113.9382034495"><ele>321.000</ele></trkpt>
      <trkpt lat="22.2386132900" lon="113.9381881852"><ele>324.000</ele></trkpt>
      <trkpt lat="22.2385979814" lon="113.9381802791"><ele>322.000</ele></trkpt>
      <trkpt lat="22.2385789803" lon="113.9381718128"><ele>322.000</ele></trkpt>
      <trkpt lat="22.2385663054" lon="113.9381610689"><ele>320.000</ele></trkpt>
      <trkpt lat="22.2385536180" lon="113.9381418265"><ele>321.000</ele></trkpt>
      <trkpt lat="22.2385308935" lon="113.9381124022"><ele>321.000</ele></trkpt>
      <trkpt lat="22.2385071217" lon="113.9380880801"><ele>320.000</ele></trkpt>
      <trkpt lat="22.2384875765" lon="113.9380682818"><ele>320.000</ele></trkpt>
      <trkpt lat="22.2384638155" lon="113.9380513252"><ele>318.000</ele></trkpt>
      <trkpt lat="22.2384395280" lon="113.9380349349"><ele>318.000</ele></trkpt>
      <trkpt lat="22.2384199920" lon="113.9380213701"><ele>318.000</ele></trkpt>
      <trkpt lat="22.2384009850" lon="113.9380089374"><ele>318.000</ele></trkpt>
      <trkpt lat="22.2383841009" lon="113.9380055670"><ele>319.000</ele></trkpt>
      <trkpt lat="22.2383651130" lon="113.9380067322"><ele>319.000</ele></trkpt>
      <trkpt lat="22.2383498153" lon="113.9380056251"><ele>319.000</ele></trkpt>
      <trkpt lat="22.2383313466" lon="113.9380005570"><ele>317.000</ele></trkpt>
      <trkpt lat="22.2383171036" lon="113.9379994481"><ele>317.000</ele></trkpt>
      <trkpt lat="22.2383065591" lon="113.9380028650"><ele>317.000</ele></trkpt>
      <trkpt lat="22.2382960278" lon="113.9380153477"><ele>317.000</ele></trkpt>
      <trkpt lat="22.2382844376" lon="113.9380249998"><ele>317.000</ele></trkpt>
      <trkpt lat="22.2382749545" lon="113.9380329478"><ele>317.000</ele></trkpt>
      <trkpt lat="22.2382633594" lon="113.9380386334"><ele>317.000</ele></trkpt>
      <trkpt lat="22.2382501812" lon="113.9380448882"><ele>322.000</ele></trkpt>
      <trkpt lat="22.2382333063" lon="113.9380471828"><ele>318.000</ele></trkpt>
      <trkpt lat="22.2382164347" lon="113.9380523108"><ele>318.000</ele></trkpt>
      <trkpt lat="22.2382037856" lon="113.9380591312"><ele>320.000</ele></trkpt>
      <trkpt lat="22.2381916647" lon="113.9380665171"><ele>320.000</ele></trkpt>
      <trkpt lat="22.2381837645" lon="113.9380750290"><ele>320.000</ele></trkpt>
      <trkpt lat="22.2381763993" lon="113.9380880728"><ele>320.000</ele></trkpt>
      <trkpt lat="22.2381674553" lon="113.9381033863"><ele>317.000</ele></trkpt>
      <trkpt lat="22.2381590344" lon="113.9381164320"><ele>319.000</ele></trkpt>
      <trkpt lat="22.2381495571" lon="113.9381283464"><ele>319.000</ele></trkpt>
      <trkpt lat="22.2381395483" lon="113.9381368618"><ele>319.000</ele></trkpt>
      <trkpt lat="22.2381284814" lon="113.9381436795"><ele>319.000</ele></trkpt>
      <trkpt lat="22.2381084496" lon="113.9381516453"><ele>318.000</ele></trkpt>
      <trkpt lat="22.2380884136" lon="113.9381567787"><ele>318.000</ele></trkpt>
      <trkpt lat="22.2380688984" lon="113.9381579448"><ele>318.000</ele></trkpt>
      <trkpt lat="22.2380462163" lon="113.9381568502"><ele>318.000</ele></trkpt>
      <trkpt lat="22.2380214171" lon="113.9381517927"><ele>318.000</ele></trkpt>
      <trkpt lat="22.2379913374" lon="113.9381422123"><ele>320.000</ele></trkpt>
      <trkpt lat="22.2379654768" lon="113.9381320572"><ele>320.000</ele></trkpt>
      <trkpt lat="22.2379433005" lon="113.9381167974"><ele>320.000</ele></trkpt>
      <trkpt lat="22.2379142631" lon="113.9380981493"><ele>320.000</ele></trkpt>
      <trkpt lat="22.2378847025" lon="113.9380829010"><ele>322.000</ele></trkpt>
      <trkpt lat="22.2378667603" lon="113.9380772664"><ele>322.000</ele></trkpt>
      <trkpt lat="22.2378472392" lon="113.9380744661"><ele>322.000</ele></trkpt>
      <trkpt lat="22.2378271974" lon="113.9380756330"><ele>320.000</ele></trkpt>
      <trkpt lat="22.2378097959" lon="113.9380790624"><ele>320.000</ele></trkpt>
      <trkpt lat="22.2377981883" lon="113.9380768161"><ele>318.000</ele></trkpt>
      <trkpt lat="22.2377834071" lon="113.9380683418"><ele>318.000</ele></trkpt>
      <trkpt lat="22.2377369624" lon="113.9380497232"><ele>318.000</ele></trkpt>
      <trkpt lat="22.2377206023" lon="113.9380440859"><ele>321.000</ele></trkpt>
      <trkpt lat="22.2377031884" lon="113.9380384495"><ele>321.000</ele></trkpt>
      <trkpt lat="22.2376836640" lon="113.9380333832"><ele>321.000</ele></trkpt>
      <trkpt lat="22.2376625558" lon="113.9380266200"><ele>320.000</ele></trkpt>
      <trkpt lat="22.2376430189" lon="113.9380130553"><ele>320.000</ele></trkpt>
      <trkpt lat="22.2376160886" lon="113.9379927032"><ele>322.000</ele></trkpt>
      <trkpt lat="22.2375743695" lon="113.9379593458"><ele>322.000</ele></trkpt>
      <trkpt lat="22.2375358157" lon="113.9379259831"><ele>323.000</ele></trkpt>
      <trkpt lat="22.2374962013" lon="113.9378892222"><ele>324.000</ele></trkpt>
      <trkpt lat="22.2374660982" lon="113.9378637781"><ele>324.000</ele></trkpt>
      <trkpt lat="22.2374412682" lon="113.9378371901"><ele>326.000</ele></trkpt>
      <trkpt lat="22.2374190777" lon="113.9378122990"><ele>325.000</ele></trkpt>
      <trkpt lat="22.2373989927" lon="113.9377840035"><ele>326.000</ele></trkpt>
      <trkpt lat="22.2373857629" lon="113.9377545644"><ele>324.000</ele></trkpt>
      <trkpt lat="22.2373762264" lon="113.9377262510"><ele>324.000</ele></trkpt>
      <trkpt lat="22.2373672149" lon="113.9376956707"><ele>324.000</ele></trkpt>
      <trkpt lat="22.2373618827" lon="113.9376565858"><ele>326.000</ele></trkpt>
      <trkpt lat="22.2373586649" lon="113.9376208973"><ele>326.000</ele></trkpt>
      <trkpt lat="22.2373580825" lon="113.9375835038"><ele>328.000</ele></trkpt>
      <trkpt lat="22.2373559113" lon="113.9375415811"><ele>328.000</ele></trkpt>
      <trkpt lat="22.2373548107" lon="113.9375104209"><ele>328.000</ele></trkpt>
      <trkpt lat="22.2373574118" lon="113.9374860533"><ele>328.000</ele></trkpt>
      <trkpt lat="22.2373568510" lon="113.9374633916"><ele>328.000</ele></trkpt>
      <trkpt lat="22.2373499674" lon="113.9374452726"><ele>328.000</ele></trkpt>
      <trkpt lat="22.2373372874" lon="113.9374311298"><ele>326.000</ele></trkpt>
      <trkpt lat="22.2373224954" lon="113.9374158567"><ele>326.000</ele></trkpt>
      <trkpt lat="22.2373029318" lon="113.9373835949"><ele>326.000</ele></trkpt>
      <trkpt lat="22.2372944585" lon="113.9373603801"><ele>324.000</ele></trkpt>
      <trkpt lat="22.2372865100" lon="113.9373360305"><ele>324.000</ele></trkpt>
      <trkpt lat="22.2372759313" lon="113.9373156508"><ele>324.000</ele></trkpt>
      <trkpt lat="22.2372701057" lon="113.9372997969"><ele>324.000</ele></trkpt>
      <trkpt lat="22.2372727193" lon="113.9372839287"><ele>324.000</ele></trkpt>
      <trkpt lat="22.2372784923" lon="113.9372640887"><ele>322.000</ele></trkpt>
      <trkpt lat="22.2372863739" lon="113.9372436776"><ele>322.000</ele></trkpt>
      <trkpt lat="22.2372947789" lon="113.9372198677"><ele>322.000</ele></trkpt>
      <trkpt lat="22.2373037120" lon="113.9371971888"><ele>326.000</ele></trkpt>
      <trkpt lat="22.2373089542" lon="113.9371750837"><ele>329.000</ele></trkpt>
      <trkpt lat="22.2373110220" lon="113.9371461842"><ele>329.000</ele></trkpt>
      <trkpt lat="22.2373125700" lon="113.9371229524"><ele>328.000</ele></trkpt>
      <trkpt lat="22.2373162208" lon="113.9370951840"><ele>328.000</ele></trkpt>
      <trkpt lat="22.2373204057" lon="113.9370713803"><ele>327.000</ele></trkpt>
      <trkpt lat="22.2373198390" lon="113.9370447512"><ele>327.000</ele></trkpt>
      <trkpt lat="22.2373192732" lon="113.9370186905"><ele>326.000</ele></trkpt>
      <trkpt lat="22.2373166045" lon="113.9369971644"><ele>326.000</ele></trkpt>
      <trkpt lat="22.2373107756" lon="113.9369790445"><ele>326.000</ele></trkpt>
      <trkpt lat="22.2373017857" lon="113.9369637616"><ele>326.000</ele></trkpt>
      <trkpt lat="22.2372906920" lon="113.9369524486"><ele>325.000</ele></trkpt>
      <trkpt lat="22.2372769522" lon="113.9369349088"><ele>325.000</ele></trkpt>
      <trkpt lat="22.2372595089" lon="113.9369100088"><ele>326.000</ele></trkpt>
      <trkpt lat="22.2372394379" lon="113.9368913458"><ele>323.000</ele></trkpt>
      <trkpt lat="22.2372183071" lon="113.9368698521"><ele>325.000</ele></trkpt>
      <trkpt lat="22.2371992724" lon="113.9368387225"><ele>322.000</ele></trkpt>
      <trkpt lat="22.2371781231" lon="113.9368047640"><ele>324.000</ele></trkpt>
      <trkpt lat="22.2371601325" lon="113.9367656998"><ele>324.000</ele></trkpt>
      <trkpt lat="22.2371500885" lon="113.9367509861"><ele>324.000</ele></trkpt>
      <trkpt lat="22.2371316147" lon="113.9367425192"><ele>324.000</ele></trkpt>
      <trkpt lat="22.2370936156" lon="113.9367284197"><ele>326.000</ele></trkpt>
      <trkpt lat="22.2370550917" lon="113.9367154540"><ele>326.000</ele></trkpt>
      <trkpt lat="22.2370255259" lon="113.9366968072"><ele>326.000</ele></trkpt>
      <trkpt lat="22.2370044101" lon="113.9366849449"><ele>328.000</ele></trkpt>
      <trkpt lat="22.2369827677" lon="113.9366742165"><ele>328.000</ele></trkpt>
      <trkpt lat="22.2369642930" lon="113.9366651831"><ele>328.000</ele></trkpt>
      <trkpt lat="22.2369468807" lon="113.9366612464"><ele>328.000</ele></trkpt>
      <trkpt lat="22.2369300008" lon="113.9366607086"><ele>328.000</ele></trkpt>
      <trkpt lat="22.2369136433" lon="113.9366562036"><ele>328.000</ele></trkpt>
      <trkpt lat="22.2368772297" lon="113.9366438018"><ele>328.000</ele></trkpt>
      <trkpt lat="22.2368550658" lon="113.9366370398"><ele>330.000</ele></trkpt>
      <trkpt lat="22.2368413402" lon="113.9366291313"><ele>328.000</ele></trkpt>
      <trkpt lat="22.2368318245" lon="113.9366149833"><ele>328.000</ele></trkpt>
      <trkpt lat="22.2368154393" lon="113.9365923486"><ele>332.000</ele></trkpt>
      <trkpt lat="22.2367890077" lon="113.9365527324"><ele>331.000</ele></trkpt>
      <trkpt lat="22.2367636409" lon="113.9365204807"><ele>333.000</ele></trkpt>
      <trkpt lat="22.2367419776" lon="113.9364950217"><ele>334.000</ele></trkpt>
      <trkpt lat="22.2367319236" lon="113.9364735092"><ele>334.000</ele></trkpt>
      <trkpt lat="22.2367123682" lon="113.9364469136"><ele>335.000</ele></trkpt>
      <trkpt lat="22.2366986242" lon="113.9364265404"><ele>335.000</ele></trkpt>
      <trkpt lat="22.2366785565" lon="113.9364101434"><ele>335.000</ele></trkpt>
      <trkpt lat="22.2366616472" lon="113.9363897757"><ele>335.000</ele></trkpt>
      <trkpt lat="22.2366463126" lon="113.9363643058"><ele>335.000</ele></trkpt>
      <trkpt lat="22.2366315087" lon="113.9363405355"><ele>336.000</ele></trkpt>
      <trkpt lat="22.2366214673" lon="113.9363275214"><ele>336.000</ele></trkpt>
      <trkpt lat="22.2366129972" lon="113.9363065718"><ele>336.000</ele></trkpt>
      <trkpt lat="22.2366055768" lon="113.9362827889"><ele>337.000</ele></trkpt>
      <trkpt lat="22.2366007909" lon="113.9362561672"><ele>337.000</ele></trkpt>
      <trkpt lat="22.2365970580" lon="113.9362289781"><ele>337.000</ele></trkpt>
      <trkpt lat="22.2365927978" lon="113.9362017899"><ele>338.000</ele></trkpt>
      <trkpt lat="22.2365911754" lon="113.9361745972"><ele>338.000</ele></trkpt>
      <trkpt lat="22.2365921891" lon="113.9361468335"><ele>340.000</ele></trkpt>
      <trkpt lat="22.2365937336" lon="113.9361207674"><ele>340.000</ele></trkpt>
      <trkpt lat="22.2365915787" lon="113.9360907432"><ele>341.000</ele></trkpt>
      <trkpt lat="22.2365873075" lon="113.9360561887"><ele>342.000</ele></trkpt>
      <trkpt lat="22.2365824955" lon="113.9360125712"><ele>343.000</ele></trkpt>
      <trkpt lat="22.2365777029" lon="113.9359814176"><ele>340.000</ele></trkpt>
      <trkpt lat="22.2365702691" lon="113.9359480024"><ele>342.000</ele></trkpt>
      <trkpt lat="22.2365744487" lon="113.9359213663"><ele>342.000</ele></trkpt>
      <trkpt lat="22.2365780809" lon="113.9358805660"><ele>345.000</ele></trkpt>
      <trkpt lat="22.2365822404" lon="113.9358403321"><ele>345.000</ele></trkpt>
      <trkpt lat="22.2365821892" lon="113.9358057714"><ele>345.000</ele></trkpt>
      <trkpt lat="22.2365810757" lon="113.9357655466"><ele>346.000</ele></trkpt>
      <trkpt lat="22.2365752038" lon="113.9357185301"><ele>344.000</ele></trkpt>
      <trkpt lat="22.2365751433" lon="113.9356777370"><ele>344.000</ele></trkpt>
      <trkpt lat="22.2365745713" lon="113.9356482756"><ele>344.000</ele></trkpt>
      <trkpt lat="22.2365766473" lon="113.9356250430"><ele>344.000</ele></trkpt>
      <trkpt lat="22.2365829374" lon="113.9355984033"><ele>348.000</ele></trkpt>
      <trkpt lat="22.2365866072" lon="113.9355836653"><ele>348.000</ele></trkpt>
      <trkpt lat="22.2365871044" lon="113.9355627014"><ele>349.000</ele></trkpt>
      <trkpt lat="22.2365881197" lon="113.9355360707"><ele>349.000</ele></trkpt>
      <trkpt lat="22.2365880751" lon="113.9355060419"><ele>349.000</ele></trkpt>
      <trkpt lat="22.2365980375" lon="113.9354663646"><ele>349.000</ele></trkpt>
      <trkpt lat="22.2366122200" lon="113.9354261136"><ele>348.000</ele></trkpt>
      <trkpt lat="22.2366285128" lon="113.9353869920"><ele>352.000</ele></trkpt>
      <trkpt lat="22.2366437542" lon="113.9353495716"><ele>352.000</ele></trkpt>
      <trkpt lat="22.2366658415" lon="113.9353053406"><ele>352.000</ele></trkpt>
      <trkpt lat="22.2366916316" lon="113.9352673357"><ele>354.000</ele></trkpt>
      <trkpt lat="22.2367105774" lon="113.9352384082"><ele>354.000</ele></trkpt>
      <trkpt lat="22.2367353311" lon="113.9352134363"><ele>356.000</ele></trkpt>
      <trkpt lat="22.2367590234" lon="113.9351839342"><ele>356.000</ele></trkpt>
      <trkpt lat="22.2367879930" lon="113.9351561216"><ele>356.000</ele></trkpt>
      <trkpt lat="22.2368216931" lon="113.9351169700"><ele>358.000</ele></trkpt>
      <trkpt lat="22.2368469624" lon="113.9350840653"><ele>358.000</ele></trkpt>
      <trkpt lat="22.2368690767" lon="113.9350573983"><ele>358.000</ele></trkpt>
      <trkpt lat="22.2368880224" lon="113.9350284698"><ele>358.000</ele></trkpt>
      <trkpt lat="22.2369111856" lon="113.9349978356"><ele>358.000</ele></trkpt>
      <trkpt lat="22.2369306704" lon="113.9349768391"><ele>358.000</ele></trkpt>
      <trkpt lat="22.2369438401" lon="113.9349654847"><ele>358.000</ele></trkpt>
      <trkpt lat="22.2369517366" lon="113.9349552723"><ele>358.000</ele></trkpt>
      <trkpt lat="22.2369533037" lon="113.9349445053"><ele>358.000</ele></trkpt>
      <trkpt lat="22.2369527535" lon="113.9349292080"><ele>358.000</ele></trkpt>
      <trkpt lat="22.2369463961" lon="113.9349110883"><ele>358.000</ele></trkpt>
      <trkpt lat="22.2369363428" lon="113.9348895759"><ele>358.000</ele></trkpt>
      <trkpt lat="22.2369262920" lon="113.9348703295"><ele>358.000</ele></trkpt>
      <trkpt lat="22.2369093808" lon="113.9348488289"><ele>358.000</ele></trkpt>
      <trkpt lat="22.2368993427" lon="113.9348375143"><ele>358.000</ele></trkpt>
      <trkpt lat="22.2368829792" lon="113.9348296105"><ele>358.000</ele></trkpt>
      <trkpt lat="22.2368655533" lon="113.9348166092"><ele>358.000</ele></trkpt>
      <trkpt lat="22.2368375517" lon="113.9347860619"><ele>356.000</ele></trkpt>
      <trkpt lat="22.2368021642" lon="113.9347538277"><ele>356.000</ele></trkpt>
      <trkpt lat="22.2367921134" lon="113.9347345813"><ele>356.000</ele></trkpt>
      <trkpt lat="22.2367709586" lon="113.9346972234"><ele>357.000</ele></trkpt>
      <trkpt lat="22.2367550794" lon="113.9346604229"><ele>356.000</ele></trkpt>
      <trkpt lat="22.2367450033" lon="113.9346236134"><ele>354.000</ele></trkpt>
      <trkpt lat="22.2367354647" lon="113.9345941673"><ele>354.000</ele></trkpt>
      <trkpt lat="22.2367301562" lon="113.9345709474"><ele>354.000</ele></trkpt>
      <trkpt lat="22.2367301334" lon="113.9345556492"><ele>354.000</ele></trkpt>
      <trkpt lat="22.2367332791" lon="113.9345431791"><ele>354.000</ele></trkpt>
      <trkpt lat="22.2367401183" lon="113.9345312690"><ele>354.000</ele></trkpt>
      <trkpt lat="22.2367474790" lon="113.9345153927"><ele>354.000</ele></trkpt>
      <trkpt lat="22.2367516754" lon="113.9344995217"><ele>352.000</ele></trkpt>
      <trkpt lat="22.2367474334" lon="113.9344847973"><ele>352.000</ele></trkpt>
      <trkpt lat="22.2367379134" lon="113.9344672505"><ele>352.000</ele></trkpt>
      <trkpt lat="22.2367231151" lon="113.9344480123"><ele>351.000</ele></trkpt>
      <trkpt lat="22.2367041003" lon="113.9344304809"><ele>350.000</ele></trkpt>
      <trkpt lat="22.2366887865" lon="113.9344186089"><ele>350.000</ele></trkpt>
      <trkpt lat="22.2366855960" lon="113.9344016168"><ele>348.000</ele></trkpt>
      <trkpt lat="22.2366750118" lon="113.9343784059"><ele>348.000</ele></trkpt>
      <trkpt lat="22.2366639113" lon="113.9343619938"><ele>347.000</ele></trkpt>
      <trkpt lat="22.2366406908" lon="113.9343541019"><ele>347.000</ele></trkpt>
      <trkpt lat="22.2366095611" lon="113.9343479231"><ele>346.000</ele></trkpt>
      <trkpt lat="22.2365963670" lon="113.9343434129"><ele>346.000</ele></trkpt>
      <trkpt lat="22.2365879177" lon="113.9343366286"><ele>346.000</ele></trkpt>
      <trkpt lat="22.2365810456" lon="113.9343264426"><ele>346.000</ele></trkpt>
      <trkpt lat="22.2365773310" lon="113.9343117173"><ele>344.000</ele></trkpt>
      <trkpt lat="22.2365730992" lon="113.9343032262"><ele>342.000</ele></trkpt>
      <trkpt lat="22.2365651790" lon="113.9342981405"><ele>342.000</ele></trkpt>
      <trkpt lat="22.2365530431" lon="113.9342953289"><ele>342.000</ele></trkpt>
      <trkpt lat="22.2365424783" lon="113.9342851483"><ele>342.000</ele></trkpt>
      <trkpt lat="22.2365266219" lon="113.9342630795"><ele>340.000</ele></trkpt>
      <trkpt lat="22.2364970423" lon="113.9342353675"><ele>340.000</ele></trkpt>
      <trkpt lat="22.2364664138" lon="113.9342116247"><ele>336.000</ele></trkpt>
      <trkpt lat="22.2364268146" lon="113.9341856305"><ele>336.000</ele></trkpt>
      <trkpt lat="22.2363935475" lon="113.9341607583"><ele>333.000</ele></trkpt>
      <trkpt lat="22.2363660926" lon="113.9341432414"><ele>333.000</ele></trkpt>
      <trkpt lat="22.2363307210" lon="113.9341223393"><ele>332.000</ele></trkpt>
      <trkpt lat="22.2363043361" lon="113.9341144529"><ele>330.000</ele></trkpt>
      <trkpt lat="22.2362832320" lon="113.9341110893"><ele>328.000</ele></trkpt>
      <trkpt lat="22.2362478916" lon="113.9341111502"><ele>326.000</ele></trkpt>
      <trkpt lat="22.2362257336" lon="113.9341077894"><ele>326.000</ele></trkpt>
      <trkpt lat="22.2362146498" lon="113.9341032756"><ele>326.000</ele></trkpt>
      <trkpt lat="22.2362083017" lon="113.9340908218"><ele>324.000</ele></trkpt>
      <trkpt lat="22.2361982508" lon="113.9340715756"><ele>322.000</ele></trkpt>
      <trkpt lat="22.2361802864" lon="113.9340512100"><ele>322.000</ele></trkpt>
      <trkpt lat="22.2361665480" lon="113.9340348025"><ele>321.000</ele></trkpt>
      <trkpt lat="22.2361512308" lon="113.9340212312"><ele>320.000</ele></trkpt>
      <trkpt lat="22.2361375008" lon="113.9340104896"><ele>320.000</ele></trkpt>
      <trkpt lat="22.2361237853" lon="113.9340093803"><ele>320.000</ele></trkpt>
      <trkpt lat="22.2361100790" lon="113.9340145033"><ele>318.000</ele></trkpt>
      <trkpt lat="22.2360942632" lon="113.9340201964"><ele>318.000</ele></trkpt>
      <trkpt lat="22.2360779047" lon="113.9340156926"><ele>317.000</ele></trkpt>
      <trkpt lat="22.2360625883" lon="113.9340021204"><ele>317.000</ele></trkpt>
      <trkpt lat="22.2360509552" lon="113.9339828769"><ele>317.000</ele></trkpt>
      <trkpt lat="22.2360409009" lon="113.9339613647"><ele>316.000</ele></trkpt>
      <trkpt lat="22.2360303175" lon="113.9339387205"><ele>314.000</ele></trkpt>
      <trkpt lat="22.2360081256" lon="113.9339126954"><ele>312.000</ele></trkpt>
      <trkpt lat="22.2359964976" lon="113.9338968518"><ele>312.000</ele></trkpt>
      <trkpt lat="22.2359970004" lon="113.9338804208"><ele>312.000</ele></trkpt>
      <trkpt lat="22.2359995900" lon="113.9338486881"><ele>310.000</ele></trkpt>
      <trkpt lat="22.2359926695" lon="113.9338062066"><ele>308.000</ele></trkpt>
      <trkpt lat="22.2359820607" lon="113.9337665648"><ele>306.000</ele></trkpt>
      <trkpt lat="22.2359698807" lon="113.9337342911"><ele>306.000</ele></trkpt>
      <trkpt lat="22.2359640421" lon="113.9337099383"><ele>306.000</ele></trkpt>
      <trkpt lat="22.2359650614" lon="113.9336855737"><ele>305.000</ele></trkpt>
      <trkpt lat="22.2359644908" lon="113.9336566798"><ele>305.000</ele></trkpt>
      <trkpt lat="22.2359639278" lon="113.9336334509"><ele>304.000</ele></trkpt>
      <trkpt lat="22.2359596739" lon="113.9336102293"><ele>304.000</ele></trkpt>
      <trkpt lat="22.2359612248" lon="113.9335892626"><ele>304.000</ele></trkpt>
      <trkpt lat="22.2359696384" lon="113.9335722515"><ele>301.000</ele></trkpt>
      <trkpt lat="22.2359759426" lon="113.9335552431"><ele>301.000</ele></trkpt>
      <trkpt lat="22.2359769813" lon="113.9335439096"><ele>301.000</ele></trkpt>
      <trkpt lat="22.2359737940" lon="113.9335291844"><ele>298.000</ele></trkpt>
      <trkpt lat="22.2359642900" lon="113.9335224020"><ele>298.000</ele></trkpt>
      <trkpt lat="22.2359584759" lon="113.9335144802"><ele>298.000</ele></trkpt>
      <trkpt lat="22.2359584547" lon="113.9335003161"><ele>298.000</ele></trkpt>
      <trkpt lat="22.2359552675" lon="113.9334855900"><ele>296.000</ele></trkpt>
      <trkpt lat="22.2359388768" lon="113.9334595559"><ele>296.000</ele></trkpt>
      <trkpt lat="22.2359251230" lon="113.9334329508"><ele>294.000</ele></trkpt>
      <trkpt lat="22.2359124232" lon="113.9334057774"><ele>294.000</ele></trkpt>
      <trkpt lat="22.2359002508" lon="113.9333786031"><ele>291.000</ele></trkpt>
      <trkpt lat="22.2358812265" lon="113.9333548396"><ele>291.000</ele></trkpt>
      <trkpt lat="22.2358706524" lon="113.9333384278"><ele>288.000</ele></trkpt>
      <trkpt lat="22.2358590319" lon="113.9333276826"><ele>288.000</ele></trkpt>
      <trkpt lat="22.2358342208" lon="113.9333141278"><ele>288.000</ele></trkpt>
      <trkpt lat="22.2358178614" lon="113.9333090567"><ele>288.000</ele></trkpt>
      <trkpt lat="22.2357956923" lon="113.9332983298"><ele>286.000</ele></trkpt>
      <trkpt lat="22.2357687698" lon="113.9332842122"><ele>283.000</ele></trkpt>
      <trkpt lat="22.2357487205" lon="113.9332802814"><ele>281.000</ele></trkpt>
      <trkpt lat="22.2357234074" lon="113.9332837241"><ele>281.000</ele></trkpt>
      <trkpt lat="22.2356959872" lon="113.9332894373"><ele>279.000</ele></trkpt>
      <trkpt lat="22.2356675224" lon="113.9333019511"><ele>278.000</ele></trkpt>
      <trkpt lat="22.2356543436" lon="113.9333070733"><ele>278.000</ele></trkpt>
      <trkpt lat="22.2356422085" lon="113.9333048273"><ele>278.000</ele></trkpt>
      <trkpt lat="22.2356332293" lon="113.9332963445"><ele>276.000</ele></trkpt>
      <trkpt lat="22.2356252980" lon="113.9332838936"><ele>274.000</ele></trkpt>
      <trkpt lat="22.2356173600" lon="113.9332663433"><ele>274.000</ele></trkpt>
      <trkpt lat="22.2356083824" lon="113.9332595600"><ele>274.000</ele></trkpt>
      <trkpt lat="22.2355988843" lon="113.9332567440"><ele>274.000</ele></trkpt>
      <trkpt lat="22.2355909692" lon="113.9332544917"><ele>274.000</ele></trkpt>
      <trkpt lat="22.2355835593" lon="113.9332380735"><ele>273.000</ele></trkpt>
      <trkpt lat="22.2355766676" lon="113.9332148555"><ele>270.000</ele></trkpt>
      <trkpt lat="22.2355634616" lon="113.9332018472"><ele>270.000</ele></trkpt>
      <trkpt lat="22.2355539753" lon="113.9332075294"><ele>270.000</ele></trkpt>
      <trkpt lat="22.2355450258" lon="113.9332188766"><ele>270.000</ele></trkpt>
      <trkpt lat="22.2355344949" lon="113.9332313594"><ele>268.000</ele></trkpt>
      <trkpt lat="22.2355218392" lon="113.9332336473"><ele>268.000</ele></trkpt>
      <trkpt lat="22.2355128651" lon="113.9332285644"><ele>268.000</ele></trkpt>
      <trkpt lat="22.2355038824" lon="113.9332183812"><ele>268.000</ele></trkpt>
      <trkpt lat="22.2354948904" lon="113.9332013992"><ele>268.000</ele></trkpt>
      <trkpt lat="22.2354827384" lon="113.9331878226"><ele>265.000</ele></trkpt>
      <trkpt lat="22.2354669030" lon="113.9331804847"><ele>265.000</ele></trkpt>
      <trkpt lat="22.2354510727" lon="113.9331765457"><ele>265.000</ele></trkpt>
      <trkpt lat="22.2354341758" lon="113.9331646777"><ele>263.000</ele></trkpt>
      <trkpt lat="22.2354167515" lon="113.9331522432"><ele>262.000</ele></trkpt>
      <trkpt lat="22.2353951174" lon="113.9331471812"><ele>260.000</ele></trkpt>
      <trkpt lat="22.2353682128" lon="113.9331443943"><ele>260.000</ele></trkpt>
      <trkpt lat="22.2353439383" lon="113.9331376375"><ele>257.000</ele></trkpt>
      <trkpt lat="22.2353228290" lon="113.9331303087"><ele>257.000</ele></trkpt>
      <trkpt lat="22.2352974862" lon="113.9331139225"><ele>254.000</ele></trkpt>
      <trkpt lat="22.2352774164" lon="113.9330969597"><ele>254.000</ele></trkpt>
      <trkpt lat="22.2352642028" lon="113.9330788521"><ele>254.000</ele></trkpt>
      <trkpt lat="22.2352562571" lon="113.9330562035"><ele>250.000</ele></trkpt>
      <trkpt lat="22.2352425007" lon="113.9330278981"><ele>250.000</ele></trkpt>
      <trkpt lat="22.2352176853" lon="113.9330115110"><ele>248.000</ele></trkpt>
      <trkpt lat="22.2351860001" lon="113.9329872031"><ele>247.000</ele></trkpt>
      <trkpt lat="22.2351506045" lon="113.9329504369"><ele>244.000</ele></trkpt>
      <trkpt lat="22.2351220905" lon="113.9329295234"><ele>242.000</ele></trkpt>
      <trkpt lat="22.2350920012" lon="113.9329137119"><ele>242.000</ele></trkpt>
      <trkpt lat="22.2350687781" lon="113.9329041199"><ele>240.000</ele></trkpt>
      <trkpt lat="22.2350476552" lon="113.9328882930"><ele>240.000</ele></trkpt>
      <trkpt lat="22.2350281366" lon="113.9328866263"><ele>238.000</ele></trkpt>
      <trkpt lat="22.2350080957" lon="113.9328883614"><ele>238.000</ele></trkpt>
      <trkpt lat="22.2349948999" lon="113.9328821520"><ele>238.000</ele></trkpt>
      <trkpt lat="22.2349769473" lon="113.9328697184"><ele>236.000</ele></trkpt>
      <trkpt lat="22.2349494838" lon="113.9328465362"><ele>235.000</ele></trkpt>
      <trkpt lat="22.2349225434" lon="113.9328205207"><ele>234.000</ele></trkpt>
      <trkpt lat="22.2348908446" lon="113.9327865816"><ele>230.000</ele></trkpt>
      <trkpt lat="22.2348697235" lon="113.9327713212"><ele>230.000</ele></trkpt>
      <trkpt lat="22.2348475381" lon="113.9327503958"><ele>228.000</ele></trkpt>
      <trkpt lat="22.2348253647" lon="113.9327374031"><ele>228.000</ele></trkpt>
      <trkpt lat="22.2348026546" lon="113.9327176126"><ele>224.000</ele></trkpt>
      <trkpt lat="22.2347868030" lon="113.9326995096"><ele>224.000</ele></trkpt>
      <trkpt lat="22.2347656920" lon="113.9326916145"><ele>222.000</ele></trkpt>
      <trkpt lat="22.2347498499" lon="113.9326791773"><ele>222.000</ele></trkpt>
      <trkpt lat="22.2347313503" lon="113.9326537137"><ele>222.000</ele></trkpt>
      <trkpt lat="22.2347059760" lon="113.9326163649"><ele>219.000</ele></trkpt>
      <trkpt lat="22.2346832462" lon="113.9325841099"><ele>219.000</ele></trkpt>
      <trkpt lat="22.2346589386" lon="113.9325546900"><ele>216.000</ele></trkpt>
      <trkpt lat="22.2346383617" lon="113.9325513258"><ele>216.000</ele></trkpt>
      <trkpt lat="22.2346220126" lon="113.9325524881"><ele>214.000</ele></trkpt>
      <trkpt lat="22.2346114588" lon="113.9325496730"><ele>214.000</ele></trkpt>
      <trkpt lat="22.2346093288" lon="113.9325366456"><ele>214.000</ele></trkpt>
      <trkpt lat="22.2346135275" lon="113.9325224743"><ele>213.000</ele></trkpt>
      <trkpt lat="22.2346193118" lon="113.9325105662"><ele>213.000</ele></trkpt>
      <trkpt lat="22.2346166544" lon="113.9324969732"><ele>213.000</ele></trkpt>
      <trkpt lat="22.2346082042" lon="113.9324901891"><ele>213.000</ele></trkpt>
      <trkpt lat="22.2345944886" lon="113.9324890799"><ele>213.000</ele></trkpt>
      <trkpt lat="22.2345781293" lon="113.9324840090"><ele>210.000</ele></trkpt>
      <trkpt lat="22.2345686226" lon="113.9324755263"><ele>210.000</ele></trkpt>
      <trkpt lat="22.2345532993" lon="113.9324579899"><ele>210.000</ele></trkpt>
      <trkpt lat="22.2345406291" lon="113.9324506466"><ele>207.000</ele></trkpt>
      <trkpt lat="22.2345305959" lon="113.9324432988"><ele>207.000</ele></trkpt>
      <trkpt lat="22.2345173915" lon="113.9324314236"><ele>207.000</ele></trkpt>
      <trkpt lat="22.2345084029" lon="113.9324167087"><ele>205.000</ele></trkpt>
      <trkpt lat="22.2344909487" lon="113.9323850101"><ele>202.000</ele></trkpt>
      <trkpt lat="22.2344814173" lon="113.9323606650"><ele>202.000</ele></trkpt>
      <trkpt lat="22.2344745416" lon="113.9323482123"><ele>202.000</ele></trkpt>
      <trkpt lat="22.2344645093" lon="113.9323414310"><ele>202.000</ele></trkpt>
      <trkpt lat="22.2344476294" lon="113.9323403273"><ele>199.000</ele></trkpt>
      <trkpt lat="22.2344376038" lon="113.9323380778"><ele>199.000</ele></trkpt>
      <trkpt lat="22.2344275680" lon="113.9323290305"><ele>198.000</ele></trkpt>
      <trkpt lat="22.2344206898" lon="113.9323148784"><ele>198.000</ele></trkpt>
      <trkpt lat="22.2344153945" lon="113.9323012901"><ele>198.000</ele></trkpt>
      <trkpt lat="22.2344064170" lon="113.9322939404"><ele>198.000</ele></trkpt>
      <trkpt lat="22.2343831947" lon="113.9322849150"><ele>196.000</ele></trkpt>
      <trkpt lat="22.2343536394" lon="113.9322736347"><ele>194.000</ele></trkpt>
      <trkpt lat="22.2343246065" lon="113.9322589546"><ele>194.000</ele></trkpt>
      <trkpt lat="22.2342992704" lon="113.9322471005"><ele>192.000</ele></trkpt>
      <trkpt lat="22.2342676013" lon="113.9322329915"><ele>190.000</ele></trkpt>
      <trkpt lat="22.2342575596" lon="113.9322199779"><ele>190.000</ele></trkpt>
      <trkpt lat="22.2342480477" lon="113.9322086628"><ele>190.000</ele></trkpt>
      <trkpt lat="22.2342406557" lon="113.9322035773"><ele>190.000</ele></trkpt>
      <trkpt lat="22.2342253529" lon="113.9321990710"><ele>190.000</ele></trkpt>
      <trkpt lat="22.2342142708" lon="113.9321956904"><ele>188.000</ele></trkpt>
      <trkpt lat="22.2342063310" lon="113.9321770074"><ele>188.000</ele></trkpt>
      <trkpt lat="22.2341952430" lon="113.9321696614"><ele>188.000</ele></trkpt>
      <trkpt lat="22.2341841609" lon="113.9321662817"><ele>188.000</ele></trkpt>
      <trkpt lat="22.2341736080" lon="113.9321640332"><ele>185.000</ele></trkpt>
      <trkpt lat="22.2341662074" lon="113.9321532819"><ele>185.000</ele></trkpt>
      <trkpt lat="22.2341603840" lon="113.9321391280"><ele>185.000</ele></trkpt>
      <trkpt lat="22.2341519218" lon="113.9321238448"><ele>184.000</ele></trkpt>
      <trkpt lat="22.2341434639" lon="113.9321119614"><ele>184.000</ele></trkpt>
      <trkpt lat="22.2341334350" lon="113.9321074460"><ele>182.000</ele></trkpt>
      <trkpt lat="22.2341176073" lon="113.9321046411"><ele>182.000</ele></trkpt>
      <trkpt lat="22.2341017821" lon="113.9321041021"><ele>182.000</ele></trkpt>
      <trkpt lat="22.2340849107" lon="113.9321092307"><ele>180.000</ele></trkpt>
      <trkpt lat="22.2340669844" lon="113.9321143611"><ele>180.000</ele></trkpt>
      <trkpt lat="22.2340506319" lon="113.9321132555"><ele>180.000</ele></trkpt>
      <trkpt lat="22.2340289867" lon="113.9321008296"><ele>178.000</ele></trkpt>
      <trkpt lat="22.2339999597" lon="113.9320901149"><ele>178.000</ele></trkpt>
      <trkpt lat="22.2339651356" lon="113.9320828101"><ele>176.000</ele></trkpt>
      <trkpt lat="22.2339329570" lon="113.9320805991"><ele>174.000</ele></trkpt>
      <trkpt lat="22.2338944407" lon="113.9320783419"><ele>175.000</ele></trkpt>
      <trkpt lat="22.2338774445" lon="113.9320743711"><ele>175.000</ele></trkpt>
      <trkpt lat="22.2338588597" lon="113.9320745295"><ele>174.000</ele></trkpt>
      <trkpt lat="22.2338242243" lon="113.9320785375"><ele>174.000</ele></trkpt>
      <trkpt lat="22.2338152758" lon="113.9320791156"><ele>172.000</ele></trkpt>
      <trkpt lat="22.2338005715" lon="113.9320775116"><ele>172.000</ele></trkpt>
      <trkpt lat="22.2337897673" lon="113.9320751441"><ele>172.000</ele></trkpt>
      <trkpt lat="22.2337835498" lon="113.9320722352"><ele>172.000</ele></trkpt>
      <trkpt lat="22.2337754669" lon="113.9320658861"><ele>172.000</ele></trkpt>
      <trkpt lat="22.2337622902" lon="113.9320531728"><ele>168.000</ele></trkpt>
      <trkpt lat="22.2337558045" lon="113.9320460643"><ele>168.000</ele></trkpt>
      <trkpt lat="22.2337461021" lon="113.9320377586"><ele>168.000</ele></trkpt>
      <trkpt lat="22.2337400872" lon="113.9320313961"><ele>168.000</ele></trkpt>
      <trkpt lat="22.2337269115" lon="113.9320194201"><ele>166.000</ele></trkpt>
      <trkpt lat="22.2336982770" lon="113.9319964614"><ele>166.000</ele></trkpt>
      <trkpt lat="22.2336823804" lon="113.9319887097"><ele>166.000</ele></trkpt>
      <trkpt lat="22.2336752513" lon="113.9319860545"><ele>164.000</ele></trkpt>
      <trkpt lat="22.2336540824" lon="113.9319793304"><ele>164.000</ele></trkpt>
      <trkpt lat="22.2336395922" lon="113.9319759994"><ele>164.000</ele></trkpt>
      <trkpt lat="22.2336317681" lon="113.9319735977"><ele>162.000</ele></trkpt>
      <trkpt lat="22.2336041455" lon="113.9319629854"><ele>162.000</ele></trkpt>
      <trkpt lat="22.2335951621" lon="113.9319583741"><ele>162.000</ele></trkpt>
      <trkpt lat="22.2335843376" lon="113.9319545226"><ele>160.000</ele></trkpt>
      <trkpt lat="22.2335751412" lon="113.9319523755"><ele>160.000</ele></trkpt>
      <trkpt lat="22.2335572209" lon="113.9319500689"><ele>160.000</ele></trkpt>
      <trkpt lat="22.2335209762" lon="113.9319528576"><ele>158.000</ele></trkpt>
      <trkpt lat="22.2335081261" lon="113.9319532194"><ele>158.000</ele></trkpt>
      <trkpt lat="22.2334860707" lon="113.9319514341"><ele>156.000</ele></trkpt>
      <trkpt lat="22.2334630904" lon="113.9319471963"><ele>156.000</ele></trkpt>
      <trkpt lat="22.2334550089" lon="113.9319418366"><ele>155.000</ele></trkpt>
      <trkpt lat="22.2334351429" lon="113.9319247312"><ele>155.000</ele></trkpt>
      <trkpt lat="22.2334298251" lon="113.9319195995"><ele>155.000</ele></trkpt>
      <trkpt lat="22.2334191675" lon="113.9319066103"><ele>155.000</ele></trkpt>
      <trkpt lat="22.2333964458" lon="113.9318762016"><ele>154.000</ele></trkpt>
      <trkpt lat="22.2333915784" lon="113.9318703222"><ele>154.000</ele></trkpt>
      <trkpt lat="22.2333820891" lon="113.9318595426"><ele>154.000</ele></trkpt>
      <trkpt lat="22.2333677662" lon="113.9318473261"><ele>154.000</ele></trkpt>
      <trkpt lat="22.2333534763" lon="113.9318390575"><ele>152.000</ele></trkpt>
      <trkpt lat="22.2333467990" lon="113.9318366538"><ele>152.000</ele></trkpt>
      <trkpt lat="22.2333309359" lon="113.9318330827"><ele>152.000</ele></trkpt>
      <trkpt lat="22.2332931747" lon="113.9318183656"><ele>151.000</ele></trkpt>
      <trkpt lat="22.2332765685" lon="113.9318071522"><ele>151.000</ele></trkpt>
      <trkpt lat="22.2332705645" lon="113.9318020216"><ele>150.000</ele></trkpt>
      <trkpt lat="22.2332640893" lon="113.9317959122"><ele>149.000</ele></trkpt>
      <trkpt lat="22.2332582998" lon="113.9317892972"><ele>149.000</ele></trkpt>
      <trkpt lat="22.2332478664" lon="113.9317753183"><ele>149.000</ele></trkpt>
      <trkpt lat="22.2332425377" lon="113.9317689450"><ele>149.000</ele></trkpt>
      <trkpt lat="22.2332263486" lon="113.9317528033"><ele>148.000</ele></trkpt>
      <trkpt lat="22.2332205703" lon="113.9317476626"><ele>148.000</ele></trkpt>
      <trkpt lat="22.2332060227" lon="113.9317361935"><ele>148.000</ele></trkpt>
      <trkpt lat="22.2331820312" lon="113.9317201139"><ele>146.000</ele></trkpt>
      <trkpt lat="22.2331628972" lon="113.9317094190"><ele>146.000</ele></trkpt>
      <trkpt lat="22.2331449421" lon="113.9317019230"><ele>146.000</ele></trkpt>
      <trkpt lat="22.2331196473" lon="113.9316959822"><ele>146.000</ele></trkpt>
      <trkpt lat="22.2331104528" lon="113.9316950767"><ele>146.000</ele></trkpt>
      <trkpt lat="22.2331017383" lon="113.9316951500"><ele>146.000</ele></trkpt>
      <trkpt lat="22.2330943977" lon="113.9316959582"><ele>144.000</ele></trkpt>
      <trkpt lat="22.2330852350" lon="113.9316982536"><ele>144.000</ele></trkpt>
      <trkpt lat="22.2330765348" lon="113.9317017898"><ele>144.000</ele></trkpt>
      <trkpt lat="22.2330630454" lon="113.9317093113"><ele>144.000</ele></trkpt>
      <trkpt lat="22.2330564349" lon="113.9317152980"><ele>144.000</ele></trkpt>
      <trkpt lat="22.2330505108" lon="113.9317212737"><ele>144.000</ele></trkpt>
      <trkpt lat="22.2330341318" lon="113.9317409155"><ele>143.000</ele></trkpt>
      <trkpt lat="22.2330168305" lon="113.9317598314"><ele>144.000</ele></trkpt>
      <trkpt lat="22.2330106600" lon="113.9317640810"><ele>144.000</ele></trkpt>
      <trkpt lat="22.2329995723" lon="113.9317713655"><ele>144.000</ele></trkpt>
      <trkpt lat="22.2329924591" lon="113.9317733373"><ele>144.000</ele></trkpt>
      <trkpt lat="22.2329844241" lon="113.9317748256"><ele>144.000</ele></trkpt>
      <trkpt lat="22.2329759281" lon="113.9317760626"><ele>144.000</ele></trkpt>
      <trkpt lat="22.2329665186" lon="113.9317763215"><ele>144.000</ele></trkpt>
      <trkpt lat="22.2329591752" lon="113.9317753351"><ele>144.000</ele></trkpt>
      <trkpt lat="22.2329520565" lon="113.9317736112"><ele>144.000</ele></trkpt>
      <trkpt lat="22.2329426504" lon="113.9317701647"><ele>144.000</ele></trkpt>
      <trkpt lat="22.2329357639" lon="113.9317667138"><ele>144.000</ele></trkpt>
      <trkpt lat="22.2329295618" lon="113.9317620298"><ele>144.000</ele></trkpt>
      <trkpt lat="22.2329219841" lon="113.9317553694"><ele>144.000</ele></trkpt>
      <trkpt lat="22.2329173884" lon="113.9317499454"><ele>144.000</ele></trkpt>
      <trkpt lat="22.2329121120" lon="113.9317422916"><ele>144.000</ele></trkpt>
      <trkpt lat="22.2329084351" lon="113.9317353820"><ele>144.000</ele></trkpt>
      <trkpt lat="22.2329031490" lon="113.9317272432"><ele>144.000</ele></trkpt>
      <trkpt lat="22.2328994808" lon="113.9317200813"><ele>144.000</ele></trkpt>
      <trkpt lat="22.2328893690" lon="113.9317038030"><ele>144.000</ele></trkpt>
      <trkpt lat="22.2328762814" lon="113.9316843095"><ele>142.000</ele></trkpt>
      <trkpt lat="22.2327777517" lon="113.9315249170"><ele>142.000</ele></trkpt>
      <trkpt lat="22.2327642053" lon="113.9315066562"><ele>142.000</ele></trkpt>
      <trkpt lat="22.2327589180" lon="113.9314977803"><ele>142.000</ele></trkpt>
      <trkpt lat="22.2327513431" lon="113.9314810029"><ele>142.000</ele></trkpt>
      <trkpt lat="22.2327474352" lon="113.9314706308"><ele>142.000</ele></trkpt>
      <trkpt lat="22.2327403045" lon="113.9314429887"><ele>140.000</ele></trkpt>
      <trkpt lat="22.2327375465" lon="113.9314346031"><ele>140.000</ele></trkpt>
      <trkpt lat="22.2327272109" lon="113.9314136304"><ele>140.000</ele></trkpt>
      <trkpt lat="22.2327253785" lon="113.9314082017"><ele>140.000</ele></trkpt>
      <trkpt lat="22.2327239902" lon="113.9313978349"><ele>140.000</ele></trkpt>
      <trkpt lat="22.2327074345" lon="113.9313242898"><ele>139.000</ele></trkpt>
      <trkpt lat="22.2327044511" lon="113.9313161373"><ele>139.000</ele></trkpt>
      <trkpt lat="22.2326993923" lon="113.9312971343"><ele>138.000</ele></trkpt>
      <trkpt lat="22.2326959443" lon="113.9312862764"><ele>138.000</ele></trkpt>
      <trkpt lat="22.2326908902" lon="113.9312583882"><ele>136.000</ele></trkpt>
      <trkpt lat="22.2326883558" lon="113.9312485181"><ele>136.000</ele></trkpt>
      <trkpt lat="22.2326842255" lon="113.9312403773"><ele>135.000</ele></trkpt>
      <trkpt lat="22.2326780182" lon="113.9312322305"><ele>135.000</ele></trkpt>
      <trkpt lat="22.2326725092" lon="113.9312260710"><ele>135.000</ele></trkpt>
      <trkpt lat="22.2326665367" lon="113.9312179237"><ele>135.000</ele></trkpt>
      <trkpt lat="22.2326637791" lon="113.9312097806"><ele>134.000</ele></trkpt>
      <trkpt lat="22.2326621767" lon="113.9312011408"><ele>134.000</ele></trkpt>
      <trkpt lat="22.2326587213" lon="113.9311794287"><ele>134.000</ele></trkpt>
      <trkpt lat="22.2326550387" lon="113.9311507912"><ele>133.000</ele></trkpt>
      <trkpt lat="22.2326529659" lon="113.9311416575"><ele>133.000</ele></trkpt>
      <trkpt lat="22.2326506685" lon="113.9311332711"><ele>133.000</ele></trkpt>
      <trkpt lat="22.2326479123" lon="113.9311261174"><ele>133.000</ele></trkpt>
      <trkpt lat="22.2326423982" lon="113.9311164949"><ele>132.000</ele></trkpt>
      <trkpt lat="22.2326378096" lon="113.9311098294"><ele>132.000</ele></trkpt>
      <trkpt lat="22.2326295376" lon="113.9311039075"><ele>132.000</ele></trkpt>
      <trkpt lat="22.2326139287" lon="113.9310952823"><ele>132.000</ele></trkpt>
      <trkpt lat="22.2326058948" lon="113.9310915813"><ele>132.000</ele></trkpt>
      <trkpt lat="22.2325813373" lon="113.9310834568"><ele>130.000</ele></trkpt>
      <trkpt lat="22.2325508026" lon="113.9310760702"><ele>130.000</ele></trkpt>
      <trkpt lat="22.2325418481" lon="113.9310726229"><ele>130.000</ele></trkpt>
      <trkpt lat="22.2325367958" lon="113.9310699060"><ele>128.000</ele></trkpt>
      <trkpt lat="22.2325246340" lon="113.9310595483"><ele>128.000</ele></trkpt>
      <trkpt lat="22.2325136085" lon="113.9310482090"><ele>128.000</ele></trkpt>
      <trkpt lat="22.2324963839" lon="113.9310341450"><ele>128.000</ele></trkpt>
      <trkpt lat="22.2324839861" lon="113.9310230505"><ele>126.000</ele></trkpt>
      <trkpt lat="22.2324743487" lon="113.9310158991"><ele>126.000</ele></trkpt>
      <trkpt lat="22.2324596559" lon="113.9310099787"><ele>126.000</ele></trkpt>
      <trkpt lat="22.2324422085" lon="113.9310038206"><ele>126.000</ele></trkpt>
      <trkpt lat="22.2323868867" lon="113.9309917631"><ele>124.000</ele></trkpt>
      <trkpt lat="22.2323788551" lon="113.9309895461"><ele>124.000</ele></trkpt>
      <trkpt lat="22.2323699035" lon="113.9309880776"><ele>122.000</ele></trkpt>
      <trkpt lat="22.2323526817" lon="113.9309878360"><ele>122.000</ele></trkpt>
      <trkpt lat="22.2323336384" lon="113.9309893339"><ele>122.000</ele></trkpt>
      <trkpt lat="22.2323175684" lon="113.9309923010"><ele>122.000</ele></trkpt>
      <trkpt lat="22.2323081633" lon="113.9309955184"><ele>122.000</ele></trkpt>
      <trkpt lat="22.2322831491" lon="113.9310078809"><ele>122.000</ele></trkpt>
      <trkpt lat="22.2322698401" lon="113.9310152954"><ele>120.000</ele></trkpt>
      <trkpt lat="22.2322641026" lon="113.9310192436"><ele>120.000</ele></trkpt>
      <trkpt lat="22.2322519348" lon="113.9310288774"><ele>120.000</ele></trkpt>
      <trkpt lat="22.2322276208" lon="113.9310503759"><ele>120.000</ele></trkpt>
      <trkpt lat="22.2322143065" lon="113.9310602542"><ele>120.000</ele></trkpt>
      <trkpt lat="22.2321991665" lon="113.9310691463"><ele>120.000</ele></trkpt>
      <trkpt lat="22.2321805780" lon="113.9310787913"><ele>120.000</ele></trkpt>
      <trkpt lat="22.2321665751" lon="113.9310871867"><ele>120.000</ele></trkpt>
      <trkpt lat="22.2321567061" lon="113.9310941102"><ele>120.000</ele></trkpt>
      <trkpt lat="22.2321443155" lon="113.9311057232"><ele>120.000</ele></trkpt>
      <trkpt lat="22.2321385821" lon="113.9311123873"><ele>120.000</ele></trkpt>
      <trkpt lat="22.2321310076" lon="113.9311198015"><ele>120.000</ele></trkpt>
      <trkpt lat="22.2321250462" lon="113.9311249820"><ele>120.000</ele></trkpt>
      <trkpt lat="22.2321186231" lon="113.9311294357"><ele>120.000</ele></trkpt>
      <trkpt lat="22.2320986559" lon="113.9311410522"><ele>119.000</ele></trkpt>
      <trkpt lat="22.2320683624" lon="113.9311558779"><ele>119.000</ele></trkpt>
      <trkpt lat="22.2320472487" lon="113.9311677388"><ele>118.000</ele></trkpt>
      <trkpt lat="22.2320426659" lon="113.9311709478"><ele>118.000</ele></trkpt>
      <trkpt lat="22.2320323359" lon="113.9311835465"><ele>118.000</ele></trkpt>
      <trkpt lat="22.2320258008" lon="113.9311957458"><ele>118.000</ele></trkpt>
      <trkpt lat="22.2320140314" lon="113.9312246234"><ele>118.000</ele></trkpt>
      <trkpt lat="22.2319876762" lon="113.9312765472"><ele>116.000</ele></trkpt>
      <trkpt lat="22.2318930137" lon="113.9313191432"><ele>108.000</ele></trkpt>
    </trkseg>
  </trk>
</gpx>
