<?xml version="1.0" encoding="UTF-8"?>
<gpx xmlns:xsi="http://www.w3.org/2001/XMLSchema-instance"
     xsi:schemaLocation="http://www.topografix.com/GPX/1/1 http://www.topografix.com/GPX/1/1/gpx.xsd"
     version="1.1" creator="json3d_batch_to_gpx"
     xmlns="http://www.topografix.com/GPX/1/1">
  <metadata>
    <name>TaiLamChungCountryTrail</name>
  </metadata>
  <trk>
    <name>TaiLamChungCountryTrail</name>
    <type>hike</type>
    <trkseg>
      <trkpt lat="22.4203494365" lon="114.0620611784"><ele>26.000</ele></trkpt>
      <trkpt lat="22.4203827169" lon="114.0620338566"><ele>26.000</ele></trkpt>
      <trkpt lat="22.4204187819" lon="114.0619818491"><ele>26.000</ele></trkpt>
      <trkpt lat="22.4204437677" lon="114.0619390225"><ele>27.000</ele></trkpt>
      <trkpt lat="22.4204749931" lon="114.0618778469"><ele>28.000</ele></trkpt>
      <trkpt lat="22.4204852079" lon="114.0618518495"><ele>28.000</ele></trkpt>
      <trkpt lat="22.4204967260" lon="114.0618400874"><ele>28.000</ele></trkpt>
      <trkpt lat="22.4205914195" lon="114.0617778726"><ele>28.000</ele></trkpt>
      <trkpt lat="22.4206704230" lon="114.0617063045"><ele>30.000</ele></trkpt>
      <trkpt lat="22.4207113171" lon="114.0616512137"><ele>30.000</ele></trkpt>
      <trkpt lat="22.4207478840" lon="114.0615713137"><ele>30.000</ele></trkpt>
      <trkpt lat="22.4207899386" lon="114.0615252860"><ele>30.000</ele></trkpt>
      <trkpt lat="22.4208682095" lon="114.0613712870"><ele>32.000</ele></trkpt>
      <trkpt lat="22.4208821571" lon="114.0612678671"><ele>34.000</ele></trkpt>
      <trkpt lat="22.4208755227" lon="114.0611496490"><ele>34.000</ele></trkpt>
      <trkpt lat="22.4208710062" lon="114.0611138059"><ele>34.000</ele></trkpt>
      <trkpt lat="22.4208213897" lon="114.0609733341"><ele>34.000</ele></trkpt>
      <trkpt lat="22.4208212723" lon="114.0609734284"><ele>34.000</ele></trkpt>
      <trkpt lat="22.4208189767" lon="114.0609707204"><ele>34.000</ele></trkpt>
      <trkpt lat="22.4208164522" lon="114.0609638069"><ele>34.000</ele></trkpt>
      <trkpt lat="22.4208080234" lon="114.0609313433"><ele>34.000</ele></trkpt>
      <trkpt lat="22.4208068353" lon="114.0609267695"><ele>34.000</ele></trkpt>
      <trkpt lat="22.4208020259" lon="114.0608944293"><ele>37.000</ele></trkpt>
      <trkpt lat="22.4207988185" lon="114.0608796099"><ele>37.000</ele></trkpt>
      <trkpt lat="22.4207947024" lon="114.0608568946"><ele>37.000</ele></trkpt>
      <trkpt lat="22.4207939047" lon="114.0608464315"><ele>38.000</ele></trkpt>
      <trkpt lat="22.4207935537" lon="114.0608418308"><ele>38.000</ele></trkpt>
      <trkpt lat="22.4207892030" lon="114.0608193682"><ele>38.000</ele></trkpt>
      <trkpt lat="22.4207871451" lon="114.0607956605"><ele>38.000</ele></trkpt>
      <trkpt lat="22.4207910510" lon="114.0607897324"><ele>38.000</ele></trkpt>
      <trkpt lat="22.4208094018" lon="114.0607783821"><ele>37.000</ele></trkpt>
      <trkpt lat="22.4208284488" lon="114.0607682550"><ele>37.000</ele></trkpt>
      <trkpt lat="22.4208410688" lon="114.0607618340"><ele>37.000</ele></trkpt>
      <trkpt lat="22.4208617156" lon="114.0607536773"><ele>36.000</ele></trkpt>
      <trkpt lat="22.4208894705" lon="114.0607470106"><ele>38.000</ele></trkpt>
      <trkpt lat="22.4208968117" lon="114.0607462663"><ele>36.000</ele></trkpt>
      <trkpt lat="22.4209039185" lon="114.0607460273"><ele>36.000</ele></trkpt>
      <trkpt lat="22.4209108001" lon="114.0607465169"><ele>36.000</ele></trkpt>
      <trkpt lat="22.4209250248" lon="114.0607489819"><ele>36.000</ele></trkpt>
      <trkpt lat="22.4209321323" lon="114.0607497239"><ele>36.000</ele></trkpt>
      <trkpt lat="22.4209461230" lon="114.0607531798"><ele>36.000</ele></trkpt>
      <trkpt lat="22.4209663116" lon="114.0607608266"><ele>36.000</ele></trkpt>
      <trkpt lat="22.4209855710" lon="114.0607697174"><ele>36.000</ele></trkpt>
      <trkpt lat="22.4209903156" lon="114.0607723175"><ele>36.000</ele></trkpt>
      <trkpt lat="22.4210101800" lon="114.0607711830"><ele>36.000</ele></trkpt>
      <trkpt lat="22.4210205263" lon="114.0607674738"><ele>36.000</ele></trkpt>
      <trkpt lat="22.4210398060" lon="114.0607543743"><ele>36.000</ele></trkpt>
      <trkpt lat="22.4210653840" lon="114.0607344803"><ele>38.000</ele></trkpt>
      <trkpt lat="22.4210850737" lon="114.0607138723"><ele>38.000</ele></trkpt>
      <trkpt lat="22.4210968763" lon="114.0606758944"><ele>40.000</ele></trkpt>
      <trkpt lat="22.4211105582" lon="114.0606392455"><ele>42.000</ele></trkpt>
      <trkpt lat="22.4211364994" lon="114.0605843843"><ele>44.000</ele></trkpt>
      <trkpt lat="22.4211544345" lon="114.0605601937"><ele>44.000</ele></trkpt>
      <trkpt lat="22.4211791574" lon="114.0605565987"><ele>45.000</ele></trkpt>
      <trkpt lat="22.4211987843" lon="114.0605617885"><ele>45.000</ele></trkpt>
      <trkpt lat="22.4212346097" lon="114.0605764351"><ele>46.000</ele></trkpt>
      <trkpt lat="22.4212499809" lon="114.0605783843"><ele>46.000</ele></trkpt>
      <trkpt lat="22.4212757992" lon="114.0605786639"><ele>47.000</ele></trkpt>
      <trkpt lat="22.4213063380" lon="114.0605754138"><ele>49.000</ele></trkpt>
      <trkpt lat="22.4213323374" lon="114.0605764897"><ele>49.000</ele></trkpt>
      <trkpt lat="22.4213618580" lon="114.0605764651"><ele>51.000</ele></trkpt>
      <trkpt lat="22.4213778156" lon="114.0605774814"><ele>51.000</ele></trkpt>
      <trkpt lat="22.4213877181" lon="114.0605719950"><ele>51.000</ele></trkpt>
      <trkpt lat="22.4213857614" lon="114.0605635657"><ele>51.000</ele></trkpt>
      <trkpt lat="22.4213787702" lon="114.0605486815"><ele>54.000</ele></trkpt>
      <trkpt lat="22.4213702989" lon="114.0605352554"><ele>54.000</ele></trkpt>
      <trkpt lat="22.4213517892" lon="114.0605139702"><ele>54.000</ele></trkpt>
      <trkpt lat="22.4213400098" lon="114.0604837045"><ele>55.000</ele></trkpt>
      <trkpt lat="22.4213303940" lon="114.0604609549"><ele>55.000</ele></trkpt>
      <trkpt lat="22.4213036605" lon="114.0604438337"><ele>56.000</ele></trkpt>
      <trkpt lat="22.4213033286" lon="114.0604344026"><ele>56.000</ele></trkpt>
      <trkpt lat="22.4213116682" lon="114.0604280725"><ele>56.000</ele></trkpt>
      <trkpt lat="22.4213217624" lon="114.0604255096"><ele>56.000</ele></trkpt>
      <trkpt lat="22.4213406016" lon="114.0604277570"><ele>56.000</ele></trkpt>
      <trkpt lat="22.4213555103" lon="114.0604269675"><ele>58.000</ele></trkpt>
      <trkpt lat="22.4213739192" lon="114.0604211147"><ele>58.000</ele></trkpt>
      <trkpt lat="22.4213913559" lon="114.0604195072"><ele>58.000</ele></trkpt>
      <trkpt lat="22.4214085509" lon="114.0604209012"><ele>58.000</ele></trkpt>
      <trkpt lat="22.4214488938" lon="114.0604261903"><ele>60.000</ele></trkpt>
      <trkpt lat="22.4214569210" lon="114.0604249695"><ele>60.000</ele></trkpt>
      <trkpt lat="22.4214674960" lon="114.0604128680"><ele>60.000</ele></trkpt>
      <trkpt lat="22.4214836033" lon="114.0603835698"><ele>61.000</ele></trkpt>
      <trkpt lat="22.4214997952" lon="114.0603463845"><ele>62.000</ele></trkpt>
      <trkpt lat="22.4215199407" lon="114.0603066899"><ele>65.000</ele></trkpt>
      <trkpt lat="22.4215246544" lon="114.0602814224"><ele>65.000</ele></trkpt>
      <trkpt lat="22.4215237063" lon="114.0602690585"><ele>65.000</ele></trkpt>
      <trkpt lat="22.4215222135" lon="114.0602526155"><ele>68.000</ele></trkpt>
      <trkpt lat="22.4215264988" lon="114.0602343417"><ele>68.000</ele></trkpt>
      <trkpt lat="22.4215326651" lon="114.0602197962"><ele>68.000</ele></trkpt>
      <trkpt lat="22.4215411465" lon="114.0601972743"><ele>71.000</ele></trkpt>
      <trkpt lat="22.4215498124" lon="114.0601925659"><ele>71.000</ele></trkpt>
      <trkpt lat="22.4215628741" lon="114.0601977029"><ele>71.000</ele></trkpt>
      <trkpt lat="22.4215796295" lon="114.0602029923"><ele>72.000</ele></trkpt>
      <trkpt lat="22.4215941783" lon="114.0602039806"><ele>72.000</ele></trkpt>
      <trkpt lat="22.4216082436" lon="114.0601982673"><ele>72.000</ele></trkpt>
      <trkpt lat="22.4216265970" lon="114.0601905203"><ele>72.000</ele></trkpt>
      <trkpt lat="22.4216468851" lon="114.0601859965"><ele>72.000</ele></trkpt>
      <trkpt lat="22.4216685380" lon="114.0601829577"><ele>74.000</ele></trkpt>
      <trkpt lat="22.4216762960" lon="114.0601841265"><ele>74.000</ele></trkpt>
      <trkpt lat="22.4216910180" lon="114.0601873486"><ele>74.000</ele></trkpt>
      <trkpt lat="22.4217125791" lon="114.0601947805"><ele>75.000</ele></trkpt>
      <trkpt lat="22.4217244641" lon="114.0601960333"><ele>75.000</ele></trkpt>
      <trkpt lat="22.4217396596" lon="114.0601922131"><ele>75.000</ele></trkpt>
      <trkpt lat="22.4217506021" lon="114.0601888044"><ele>75.000</ele></trkpt>
      <trkpt lat="22.4217604634" lon="114.0601888544"><ele>76.000</ele></trkpt>
      <trkpt lat="22.4217987795" lon="114.0601886185"><ele>76.000</ele></trkpt>
      <trkpt lat="22.4218101932" lon="114.0601874919"><ele>76.000</ele></trkpt>
      <trkpt lat="22.4218241748" lon="114.0601783111"><ele>76.000</ele></trkpt>
      <trkpt lat="22.4218453659" lon="114.0601611887"><ele>78.000</ele></trkpt>
      <trkpt lat="22.4218488820" lon="114.0601531725"><ele>78.000</ele></trkpt>
      <trkpt lat="22.4218481861" lon="114.0601398468"><ele>78.000</ele></trkpt>
      <trkpt lat="22.4218441461" lon="114.0601101379"><ele>80.000</ele></trkpt>
      <trkpt lat="22.4218400650" lon="114.0600861598"><ele>80.000</ele></trkpt>
      <trkpt lat="22.4218438154" lon="114.0600774537"><ele>80.000</ele></trkpt>
      <trkpt lat="22.4218614034" lon="114.0600602663"><ele>82.000</ele></trkpt>
      <trkpt lat="22.4218639721" lon="114.0600409449"><ele>82.000</ele></trkpt>
      <trkpt lat="22.4218444957" lon="114.0600191165"><ele>85.000</ele></trkpt>
      <trkpt lat="22.4218129830" lon="114.0599992020"><ele>85.000</ele></trkpt>
      <trkpt lat="22.4217768948" lon="114.0599833028"><ele>83.000</ele></trkpt>
      <trkpt lat="22.4217414510" lon="114.0599593898"><ele>84.000</ele></trkpt>
      <trkpt lat="22.4217182239" lon="114.0599334754"><ele>84.000</ele></trkpt>
      <trkpt lat="22.4216929570" lon="114.0598840280"><ele>85.000</ele></trkpt>
      <trkpt lat="22.4216583837" lon="114.0598401831"><ele>88.000</ele></trkpt>
      <trkpt lat="22.4216350222" lon="114.0598281488"><ele>88.000</ele></trkpt>
      <trkpt lat="22.4216050739" lon="114.0598236282"><ele>91.000</ele></trkpt>
      <trkpt lat="22.4215680378" lon="114.0598206481"><ele>91.000</ele></trkpt>
      <trkpt lat="22.4215549146" lon="114.0597930353"><ele>91.000</ele></trkpt>
      <trkpt lat="22.4215632305" lon="114.0597540790"><ele>94.000</ele></trkpt>
      <trkpt lat="22.4215806644" lon="114.0597236432"><ele>96.000</ele></trkpt>
      <trkpt lat="22.4216167627" lon="114.0597035943"><ele>96.000</ele></trkpt>
      <trkpt lat="22.4216482471" lon="114.0596970213"><ele>96.000</ele></trkpt>
      <trkpt lat="22.4216774059" lon="114.0596961032"><ele>98.000</ele></trkpt>
      <trkpt lat="22.4217158188" lon="114.0597048225"><ele>99.000</ele></trkpt>
      <trkpt lat="22.4217479719" lon="114.0597113227"><ele>99.000</ele></trkpt>
      <trkpt lat="22.4217683536" lon="114.0597112376"><ele>100.000</ele></trkpt>
      <trkpt lat="22.4217876629" lon="114.0596892213"><ele>100.000</ele></trkpt>
      <trkpt lat="22.4217989585" lon="114.0596497963"><ele>100.000</ele></trkpt>
      <trkpt lat="22.4218184456" lon="114.0596116465"><ele>102.000</ele></trkpt>
      <trkpt lat="22.4218411324" lon="114.0595773209"><ele>104.000</ele></trkpt>
      <trkpt lat="22.4218728379" lon="114.0595393745"><ele>104.000</ele></trkpt>
      <trkpt lat="22.4219137998" lon="114.0595017311"><ele>106.000</ele></trkpt>
      <trkpt lat="22.4219599478" lon="114.0594551279"><ele>108.000</ele></trkpt>
      <trkpt lat="22.4220016951" lon="114.0594295669"><ele>110.000</ele></trkpt>
      <trkpt lat="22.4219935790" lon="114.0593953934"><ele>110.000</ele></trkpt>
      <trkpt lat="22.4220237423" lon="114.0593975729"><ele>111.000</ele></trkpt>
      <trkpt lat="22.4220488012" lon="114.0594214945"><ele>111.000</ele></trkpt>
      <trkpt lat="22.4220919500" lon="114.0594356199"><ele>112.000</ele></trkpt>
      <trkpt lat="22.4221446383" lon="114.0594791485"><ele>110.000</ele></trkpt>
      <trkpt lat="22.4221724833" lon="114.0594972789"><ele>109.000</ele></trkpt>
      <trkpt lat="22.4222106040" lon="114.0595139145"><ele>109.000</ele></trkpt>
      <trkpt lat="22.4222713320" lon="114.0595237319"><ele>110.000</ele></trkpt>
      <trkpt lat="22.4223297867" lon="114.0595368635"><ele>108.000</ele></trkpt>
      <trkpt lat="22.4223767921" lon="114.0595393494"><ele>106.000</ele></trkpt>
      <trkpt lat="22.4225532120" lon="114.0594977515"><ele>105.000</ele></trkpt>
      <trkpt lat="22.4226240129" lon="114.0594810574"><ele>104.000</ele></trkpt>
      <trkpt lat="22.4227459627" lon="114.0594843253"><ele>106.000</ele></trkpt>
      <trkpt lat="22.4227799373" lon="114.0595119986"><ele>104.000</ele></trkpt>
      <trkpt lat="22.4227888742" lon="114.0595448215"><ele>104.000</ele></trkpt>
      <trkpt lat="22.4228526968" lon="114.0596129540"><ele>105.000</ele></trkpt>
      <trkpt lat="22.4228831995" lon="114.0596222530"><ele>105.000</ele></trkpt>
      <trkpt lat="22.4229307503" lon="114.0596297019"><ele>106.000</ele></trkpt>
      <trkpt lat="22.4230502249" lon="114.0596816350"><ele>106.000</ele></trkpt>
      <trkpt lat="22.4231455962" lon="114.0597447195"><ele>106.000</ele></trkpt>
      <trkpt lat="22.4232478901" lon="114.0597901011"><ele>107.000</ele></trkpt>
      <trkpt lat="22.4232963315" lon="114.0598427155"><ele>106.000</ele></trkpt>
      <trkpt lat="22.4233268246" lon="114.0598888372"><ele>106.000</ele></trkpt>
      <trkpt lat="22.4233503777" lon="114.0599784020"><ele>106.000</ele></trkpt>
      <trkpt lat="22.4233665939" lon="114.0600623004"><ele>104.000</ele></trkpt>
      <trkpt lat="22.4233977124" lon="114.0601366384"><ele>104.000</ele></trkpt>
      <trkpt lat="22.4234089075" lon="114.0602330614"><ele>101.000</ele></trkpt>
      <trkpt lat="22.4234234513" lon="114.0603272184"><ele>98.000</ele></trkpt>
      <trkpt lat="22.4234469394" lon="114.0603645945"><ele>96.000</ele></trkpt>
      <trkpt lat="22.4234798271" lon="114.0603754264"><ele>95.000</ele></trkpt>
      <trkpt lat="22.4235650796" lon="114.0603947816"><ele>95.000</ele></trkpt>
      <trkpt lat="22.4236256539" lon="114.0604419275"><ele>94.000</ele></trkpt>
      <trkpt lat="22.4236437078" lon="114.0604948881"><ele>92.000</ele></trkpt>
      <trkpt lat="22.4236684499" lon="114.0605180626"><ele>92.000</ele></trkpt>
      <trkpt lat="22.4237330924" lon="114.0606343631"><ele>90.000</ele></trkpt>
      <trkpt lat="22.4237993552" lon="114.0608150801"><ele>88.000</ele></trkpt>
      <trkpt lat="22.4238656179" lon="114.0609957973"><ele>83.000</ele></trkpt>
      <trkpt lat="22.4238705705" lon="114.0610093044"><ele>83.000</ele></trkpt>
      <trkpt lat="22.4239310151" lon="114.0611530194"><ele>84.000</ele></trkpt>
      <trkpt lat="22.4239554148" lon="114.0612153094"><ele>83.000</ele></trkpt>
      <trkpt lat="22.4239950084" lon="114.0612335860"><ele>84.000</ele></trkpt>
      <trkpt lat="22.4240244719" lon="114.0612673345"><ele>84.000</ele></trkpt>
      <trkpt lat="22.4240627478" lon="114.0613245428"><ele>84.000</ele></trkpt>
      <trkpt lat="22.4240889752" lon="114.0614423327"><ele>80.000</ele></trkpt>
      <trkpt lat="22.4241152453" lon="114.0615062239"><ele>80.000</ele></trkpt>
      <trkpt lat="22.4241005239" lon="114.0615671477"><ele>79.000</ele></trkpt>
      <trkpt lat="22.4240983352" lon="114.0616511299"><ele>77.000</ele></trkpt>
      <trkpt lat="22.4240925440" lon="114.0617107253"><ele>76.000</ele></trkpt>
      <trkpt lat="22.4241022322" lon="114.0617466270"><ele>73.000</ele></trkpt>
      <trkpt lat="22.4241779976" lon="114.0617970539"><ele>70.000</ele></trkpt>
      <trkpt lat="22.4242020532" lon="114.0618202001"><ele>71.000</ele></trkpt>
      <trkpt lat="22.4242040316" lon="114.0618466282"><ele>71.000</ele></trkpt>
      <trkpt lat="22.4242348665" lon="114.0618916139"><ele>71.000</ele></trkpt>
      <trkpt lat="22.4242344095" lon="114.0619600245"><ele>70.000</ele></trkpt>
      <trkpt lat="22.4242421224" lon="114.0619993956"><ele>72.000</ele></trkpt>
      <trkpt lat="22.4242838624" lon="114.0621027586"><ele>72.000</ele></trkpt>
      <trkpt lat="22.4242957391" lon="114.0621432336"><ele>72.000</ele></trkpt>
      <trkpt lat="22.4242887314" lon="114.0622067056"><ele>72.000</ele></trkpt>
      <trkpt lat="22.4242771194" lon="114.0622466267"><ele>70.000</ele></trkpt>
      <trkpt lat="22.4242526284" lon="114.0622970293"><ele>72.000</ele></trkpt>
      <trkpt lat="22.4242434237" lon="114.0623823773"><ele>72.000</ele></trkpt>
      <trkpt lat="22.4242835190" lon="114.0624079582"><ele>73.000</ele></trkpt>
      <trkpt lat="22.4243109554" lon="114.0624361138"><ele>73.000</ele></trkpt>
      <trkpt lat="22.4243274532" lon="114.0624731174"><ele>74.000</ele></trkpt>
      <trkpt lat="22.4243560409" lon="114.0624819233"><ele>74.000</ele></trkpt>
      <trkpt lat="22.4243721691" lon="114.0625071548"><ele>78.000</ele></trkpt>
      <trkpt lat="22.4243920101" lon="114.0625087607"><ele>78.000</ele></trkpt>
      <trkpt lat="22.4244111993" lon="114.0625207505"><ele>78.000</ele></trkpt>
      <trkpt lat="22.4244478054" lon="114.0625542118"><ele>80.000</ele></trkpt>
      <trkpt lat="22.4244562307" lon="114.0625668030"><ele>80.000</ele></trkpt>
      <trkpt lat="22.4244880108" lon="114.0626205009"><ele>81.000</ele></trkpt>
      <trkpt lat="22.4245127908" lon="114.0626593822"><ele>82.000</ele></trkpt>
      <trkpt lat="22.4245234146" lon="114.0626650946"><ele>82.000</ele></trkpt>
      <trkpt lat="22.4245819150" lon="114.0626793641"><ele>85.000</ele></trkpt>
      <trkpt lat="22.4245980411" lon="114.0626888894"><ele>88.000</ele></trkpt>
      <trkpt lat="22.4246384900" lon="114.0627291954"><ele>86.000</ele></trkpt>
      <trkpt lat="22.4246656111" lon="114.0627584879"><ele>87.000</ele></trkpt>
      <trkpt lat="22.4247041957" lon="114.0628059736"><ele>88.000</ele></trkpt>
      <trkpt lat="22.4247310516" lon="114.0628305748"><ele>88.000</ele></trkpt>
      <trkpt lat="22.4247497612" lon="114.0628412053"><ele>90.000</ele></trkpt>
      <trkpt lat="22.4247842767" lon="114.0628300554"><ele>92.000</ele></trkpt>
      <trkpt lat="22.4248013838" lon="114.0628091870"><ele>92.000</ele></trkpt>
      <trkpt lat="22.4248233785" lon="114.0628042445"><ele>93.000</ele></trkpt>
      <trkpt lat="22.4248412639" lon="114.0627730405"><ele>95.000</ele></trkpt>
      <trkpt lat="22.4248589531" lon="114.0627581162"><ele>95.000</ele></trkpt>
      <trkpt lat="22.4248785252" lon="114.0627113697"><ele>96.000</ele></trkpt>
      <trkpt lat="22.4248888813" lon="114.0626832413"><ele>98.000</ele></trkpt>
      <trkpt lat="22.4249044271" lon="114.0626639283"><ele>98.000</ele></trkpt>
      <trkpt lat="22.4249098712" lon="114.0626364547"><ele>100.000</ele></trkpt>
      <trkpt lat="22.4249451753" lon="114.0626039350"><ele>99.000</ele></trkpt>
      <trkpt lat="22.4249595868" lon="114.0625767454"><ele>100.000</ele></trkpt>
      <trkpt lat="22.4249775447" lon="114.0625205588"><ele>101.000</ele></trkpt>
      <trkpt lat="22.4250030792" lon="114.0624770710"><ele>102.000</ele></trkpt>
      <trkpt lat="22.4250534301" lon="114.0624217903"><ele>103.000</ele></trkpt>
      <trkpt lat="22.4250962402" lon="114.0623407173"><ele>104.000</ele></trkpt>
      <trkpt lat="22.4251304539" lon="114.0622859355"><ele>106.000</ele></trkpt>
      <trkpt lat="22.4251800693" lon="114.0622250313"><ele>107.000</ele></trkpt>
      <trkpt lat="22.4252593655" lon="114.0621737868"><ele>108.000</ele></trkpt>
      <trkpt lat="22.4252927974" lon="114.0621499327"><ele>112.000</ele></trkpt>
      <trkpt lat="22.4253423355" lon="114.0621457250"><ele>113.000</ele></trkpt>
      <trkpt lat="22.4253723013" lon="114.0621749374"><ele>112.000</ele></trkpt>
      <trkpt lat="22.4254149232" lon="114.0622105114"><ele>114.000</ele></trkpt>
      <trkpt lat="22.4254656021" lon="114.0622358798"><ele>116.000</ele></trkpt>
      <trkpt lat="22.4255153640" lon="114.0622962567"><ele>118.000</ele></trkpt>
      <trkpt lat="22.4255179787" lon="114.0622994299"><ele>118.000</ele></trkpt>
      <trkpt lat="22.4255224737" lon="114.0623089744"><ele>117.000</ele></trkpt>
      <trkpt lat="22.4255226771" lon="114.0623094074"><ele>117.000</ele></trkpt>
      <trkpt lat="22.4255438309" lon="114.0623474410"><ele>117.000</ele></trkpt>
      <trkpt lat="22.4255713681" lon="114.0623776074"><ele>118.000</ele></trkpt>
      <trkpt lat="22.4256167989" lon="114.0624138786"><ele>118.000</ele></trkpt>
      <trkpt lat="22.4256721257" lon="114.0624735022"><ele>118.000</ele></trkpt>
      <trkpt lat="22.4257140737" lon="114.0625139724"><ele>118.000</ele></trkpt>
      <trkpt lat="22.4257445208" lon="114.0625725869"><ele>120.000</ele></trkpt>
      <trkpt lat="22.4257527005" lon="114.0625955231"><ele>120.000</ele></trkpt>
      <trkpt lat="22.4257761545" lon="114.0626365524"><ele>122.000</ele></trkpt>
      <trkpt lat="22.4257986025" lon="114.0626467719"><ele>122.000</ele></trkpt>
      <trkpt lat="22.4258515173" lon="114.0626415126"><ele>122.000</ele></trkpt>
      <trkpt lat="22.4258884438" lon="114.0626300789"><ele>124.000</ele></trkpt>
      <trkpt lat="22.4259330609" lon="114.0626522665"><ele>122.000</ele></trkpt>
      <trkpt lat="22.4260009329" lon="114.0626508900"><ele>124.000</ele></trkpt>
      <trkpt lat="22.4260560778" lon="114.0626450558"><ele>124.000</ele></trkpt>
      <trkpt lat="22.4260826554" lon="114.0626336208"><ele>126.000</ele></trkpt>
      <trkpt lat="22.4261099325" lon="114.0626407961"><ele>125.000</ele></trkpt>
      <trkpt lat="22.4261281691" lon="114.0626594309"><ele>125.000</ele></trkpt>
      <trkpt lat="22.4261454460" lon="114.0626617382"><ele>126.000</ele></trkpt>
      <trkpt lat="22.4261932656" lon="114.0626535399"><ele>126.000</ele></trkpt>
      <trkpt lat="22.4262274079" lon="114.0626381746"><ele>126.000</ele></trkpt>
      <trkpt lat="22.4262529714" lon="114.0626229619"><ele>126.000</ele></trkpt>
      <trkpt lat="22.4262583239" lon="114.0626180242"><ele>126.000</ele></trkpt>
      <trkpt lat="22.4262585901" lon="114.0626177733"><ele>126.000</ele></trkpt>
      <trkpt lat="22.4262589685" lon="114.0626113690"><ele>126.000</ele></trkpt>
      <trkpt lat="22.4262629128" lon="114.0625958244"><ele>126.000</ele></trkpt>
      <trkpt lat="22.4262643073" lon="114.0625884217"><ele>128.000</ele></trkpt>
      <trkpt lat="22.4262671327" lon="114.0625612608"><ele>128.000</ele></trkpt>
      <trkpt lat="22.4262687618" lon="114.0625536053"><ele>128.000</ele></trkpt>
      <trkpt lat="22.4262697032" lon="114.0625439786"><ele>128.000</ele></trkpt>
      <trkpt lat="22.4262701981" lon="114.0625286699"><ele>128.000</ele></trkpt>
      <trkpt lat="22.4262695679" lon="114.0625211892"><ele>128.000</ele></trkpt>
      <trkpt lat="22.4262694513" lon="114.0625198129"><ele>128.000</ele></trkpt>
      <trkpt lat="22.4262746170" lon="114.0625074426"><ele>128.000</ele></trkpt>
      <trkpt lat="22.4262769326" lon="114.0625000391"><ele>128.000</ele></trkpt>
      <trkpt lat="22.4262806506" lon="114.0624837565"><ele>130.000</ele></trkpt>
      <trkpt lat="22.4262815839" lon="114.0624753633"><ele>130.000</ele></trkpt>
      <trkpt lat="22.4262834478" lon="114.0624677077"><ele>130.000</ele></trkpt>
      <trkpt lat="22.4262830430" lon="114.0624444931"><ele>131.000</ele></trkpt>
      <trkpt lat="22.4262835327" lon="114.0624346142"><ele>131.000</ele></trkpt>
      <trkpt lat="22.4262806161" lon="114.0624094201"><ele>131.000</ele></trkpt>
      <trkpt lat="22.4262749583" lon="114.0623773026"><ele>132.000</ele></trkpt>
      <trkpt lat="22.4262740677" lon="114.0623693967"><ele>132.000</ele></trkpt>
      <trkpt lat="22.4262720216" lon="114.0623619773"><ele>132.000</ele></trkpt>
      <trkpt lat="22.4262660873" lon="114.0623473927"><ele>135.000</ele></trkpt>
      <trkpt lat="22.4262631431" lon="114.0623342918"><ele>135.000</ele></trkpt>
      <trkpt lat="22.4262579044" lon="114.0623202020"><ele>135.000</ele></trkpt>
      <trkpt lat="22.4262556232" lon="114.0623122972"><ele>135.000</ele></trkpt>
      <trkpt lat="22.4262510922" lon="114.0622900573"><ele>136.000</ele></trkpt>
      <trkpt lat="22.4262502016" lon="114.0622821514"><ele>136.000</ele></trkpt>
      <trkpt lat="22.4262499886" lon="114.0622747402"><ele>136.000</ele></trkpt>
      <trkpt lat="22.4262477293" lon="114.0622596767"><ele>136.000</ele></trkpt>
      <trkpt lat="22.4262479860" lon="114.0622522651"><ele>136.000</ele></trkpt>
      <trkpt lat="22.4262505273" lon="114.0622448615"><ele>138.000</ele></trkpt>
      <trkpt lat="22.4262720093" lon="114.0621918283"><ele>140.000</ele></trkpt>
      <trkpt lat="22.4262752376" lon="114.0621854148"><ele>140.000</ele></trkpt>
      <trkpt lat="22.4262798476" lon="114.0621790002"><ele>140.000</ele></trkpt>
      <trkpt lat="22.4262846903" lon="114.0621696325"><ele>140.000</ele></trkpt>
      <trkpt lat="22.4262895259" lon="114.0621629749"><ele>140.000</ele></trkpt>
      <trkpt lat="22.4263068165" lon="114.0621336361"><ele>142.000</ele></trkpt>
      <trkpt lat="22.4263109663" lon="114.0621277269"><ele>142.000</ele></trkpt>
      <trkpt lat="22.4263160282" lon="114.0621218073"><ele>141.000</ele></trkpt>
      <trkpt lat="22.4263445908" lon="114.0620826195"><ele>144.000</ele></trkpt>
      <trkpt lat="22.4263549575" lon="114.0620695562"><ele>144.000</ele></trkpt>
      <trkpt lat="22.4263692375" lon="114.0620481168"><ele>145.000</ele></trkpt>
      <trkpt lat="22.4263964779" lon="114.0619908923"><ele>147.000</ele></trkpt>
      <trkpt lat="22.4264101006" lon="114.0619595652"><ele>148.000</ele></trkpt>
      <trkpt lat="22.4264135693" lon="114.0619482171"><ele>148.000</ele></trkpt>
      <trkpt lat="22.4264174921" lon="114.0619405695"><ele>148.000</ele></trkpt>
      <trkpt lat="22.4264202688" lon="114.0619339135"><ele>148.000</ele></trkpt>
      <trkpt lat="22.4264225840" lon="114.0619260146"><ele>148.000</ele></trkpt>
      <trkpt lat="22.4264232921" lon="114.0619186125"><ele>148.000</ele></trkpt>
      <trkpt lat="22.4264230788" lon="114.0619107059"><ele>150.000</ele></trkpt>
      <trkpt lat="22.4264210402" lon="114.0619013148"><ele>150.000</ele></trkpt>
      <trkpt lat="22.4264164950" lon="114.0618845144"><ele>150.000</ele></trkpt>
      <trkpt lat="22.4264133013" lon="114.0618761052"><ele>150.000</ele></trkpt>
      <trkpt lat="22.4264080912" lon="114.0618513987"><ele>152.000</ele></trkpt>
      <trkpt lat="22.4264051530" lon="114.0618341016"><ele>152.000</ele></trkpt>
      <trkpt lat="22.4264042526" lon="114.0618252049"><ele>152.000</ele></trkpt>
      <trkpt lat="22.4264047414" lon="114.0618140924"><ele>154.000</ele></trkpt>
      <trkpt lat="22.4264073207" lon="114.0617965673"><ele>154.000</ele></trkpt>
      <trkpt lat="22.4264126367" lon="114.0617797879"><ele>154.000</ele></trkpt>
      <trkpt lat="22.4264191091" lon="114.0617637555"><ele>157.000</ele></trkpt>
      <trkpt lat="22.4264343313" lon="114.0617339132"><ele>157.000</ele></trkpt>
      <trkpt lat="22.4264396359" lon="114.0617265169"><ele>157.000</ele></trkpt>
      <trkpt lat="22.4264453839" lon="114.0617203636"><ele>157.000</ele></trkpt>
      <trkpt lat="22.4264594044" lon="114.0617149709"><ele>158.000</ele></trkpt>
      <trkpt lat="22.4264662933" lon="114.0617130128"><ele>158.000</ele></trkpt>
      <trkpt lat="22.4264757089" lon="114.0617085952"><ele>158.000</ele></trkpt>
      <trkpt lat="22.4264890489" lon="114.0616987445"><ele>158.000</ele></trkpt>
      <trkpt lat="22.4264964054" lon="114.0616940760"><ele>158.000</ele></trkpt>
      <trkpt lat="22.4265019289" lon="114.0616896421"><ele>158.000</ele></trkpt>
      <trkpt lat="22.4265074516" lon="114.0616842272"><ele>158.000</ele></trkpt>
      <trkpt lat="22.4265191754" lon="114.0616746305"><ele>158.000</ele></trkpt>
      <trkpt lat="22.4265246983" lon="114.0616694584"><ele>158.000</ele></trkpt>
      <trkpt lat="22.4265589886" lon="114.0616337431"><ele>159.000</ele></trkpt>
      <trkpt lat="22.4265682070" lon="114.0616186992"><ele>160.000</ele></trkpt>
      <trkpt lat="22.4265728174" lon="114.0616127896"><ele>160.000</ele></trkpt>
      <trkpt lat="22.4265921533" lon="114.0615898792"><ele>160.000</ele></trkpt>
      <trkpt lat="22.4265981544" lon="114.0615840190"><ele>160.000</ele></trkpt>
      <trkpt lat="22.4266052745" lon="114.0615770652"><ele>160.000</ele></trkpt>
      <trkpt lat="22.4266098752" lon="114.0615716520"><ele>160.000</ele></trkpt>
      <trkpt lat="22.4266128248" lon="114.0615656467"><ele>161.000</ele></trkpt>
      <trkpt lat="22.4266895670" lon="114.0615422712"><ele>160.000</ele></trkpt>
      <trkpt lat="22.4267247588" lon="114.0615043599"><ele>161.000</ele></trkpt>
      <trkpt lat="22.4267012581" lon="114.0614742677"><ele>162.000</ele></trkpt>
      <trkpt lat="22.4266849748" lon="114.0614344563"><ele>164.000</ele></trkpt>
      <trkpt lat="22.4266844328" lon="114.0614341838"><ele>164.000</ele></trkpt>
      <trkpt lat="22.4266903665" lon="114.0614224558"><ele>166.000</ele></trkpt>
      <trkpt lat="22.4266933685" lon="114.0614153042"><ele>166.000</ele></trkpt>
      <trkpt lat="22.4266970783" lon="114.0614002551"><ele>166.000</ele></trkpt>
      <trkpt lat="22.4266984814" lon="114.0613923472"><ele>166.000</ele></trkpt>
      <trkpt lat="22.4267001528" lon="114.0613681498"><ele>166.000</ele></trkpt>
      <trkpt lat="22.4267004076" lon="114.0613582808"><ele>166.000</ele></trkpt>
      <trkpt lat="22.4266986085" lon="114.0613427117"><ele>166.000</ele></trkpt>
      <trkpt lat="22.4266931855" lon="114.0613108368"><ele>168.000</ele></trkpt>
      <trkpt lat="22.4266920598" lon="114.0613026882"><ele>168.000</ele></trkpt>
      <trkpt lat="22.4266916211" lon="114.0612952772"><ele>168.000</ele></trkpt>
      <trkpt lat="22.4266902612" lon="114.0612878670"><ele>168.000</ele></trkpt>
      <trkpt lat="22.4266877628" lon="114.0612794573"><ele>168.000</ele></trkpt>
      <trkpt lat="22.4266850510" lon="114.0612631508"><ele>168.000</ele></trkpt>
      <trkpt lat="22.4266850712" lon="114.0612535248"><ele>168.000</ele></trkpt>
      <trkpt lat="22.4266864954" lon="114.0612372245"><ele>168.000</ele></trkpt>
      <trkpt lat="22.4266881243" lon="114.0612293262"><ele>170.000</ele></trkpt>
      <trkpt lat="22.4266904393" lon="114.0612211844"><ele>170.000</ele></trkpt>
      <trkpt lat="22.4266921644" lon="114.0612165905"><ele>170.000</ele></trkpt>
      <trkpt lat="22.4266932154" lon="114.0612137902"><ele>170.000</ele></trkpt>
      <trkpt lat="22.4266969037" lon="114.0612066381"><ele>170.000</ele></trkpt>
      <trkpt lat="22.4267049677" lon="114.0611938098"><ele>170.000</ele></trkpt>
      <trkpt lat="22.4267266271" lon="114.0611620193"><ele>169.000</ele></trkpt>
      <trkpt lat="22.4267538089" lon="114.0611243088"><ele>170.000</ele></trkpt>
      <trkpt lat="22.4267641878" lon="114.0611030958"><ele>168.000</ele></trkpt>
      <trkpt lat="22.4267778470" lon="114.0610599181"><ele>170.000</ele></trkpt>
      <trkpt lat="22.4267810748" lon="114.0610527664"><ele>170.000</ele></trkpt>
      <trkpt lat="22.4267956037" lon="114.0610261299"><ele>170.000</ele></trkpt>
      <trkpt lat="22.4267997604" lon="114.0610172484"><ele>170.000</ele></trkpt>
      <trkpt lat="22.4268080593" lon="114.0610044296"><ele>170.000</ele></trkpt>
      <trkpt lat="22.4268165757" lon="114.0609928441"><ele>169.000</ele></trkpt>
      <trkpt lat="22.4268235019" lon="114.0609800264"><ele>170.000</ele></trkpt>
      <trkpt lat="22.4268242313" lon="114.0609784376"><ele>170.000</ele></trkpt>
      <trkpt lat="22.4268297322" lon="114.0609664613"><ele>170.000</ele></trkpt>
      <trkpt lat="22.4268336766" lon="114.0609511594"><ele>170.000</ele></trkpt>
      <trkpt lat="22.4268355528" lon="114.0609356067"><ele>170.000</ele></trkpt>
      <trkpt lat="22.4268353396" lon="114.0609279527"><ele>170.000</ele></trkpt>
      <trkpt lat="22.4268358219" lon="114.0609205410"><ele>170.000</ele></trkpt>
      <trkpt lat="22.4268386109" lon="114.0609059783"><ele>170.000</ele></trkpt>
      <trkpt lat="22.4268404661" lon="114.0608988179"><ele>170.000</ele></trkpt>
      <trkpt lat="22.4268497194" lon="114.0608697089"><ele>171.000</ele></trkpt>
      <trkpt lat="22.4268527218" lon="114.0608630430"><ele>171.000</ele></trkpt>
      <trkpt lat="22.4268605601" lon="114.0608502245"><ele>170.000</ele></trkpt>
      <trkpt lat="22.4268640230" lon="114.0608435679"><ele>170.000</ele></trkpt>
      <trkpt lat="22.4268652132" lon="114.0608285015"><ele>170.000</ele></trkpt>
      <trkpt lat="22.4268654604" lon="114.0608206042"><ele>170.000</ele></trkpt>
      <trkpt lat="22.4268647957" lon="114.0608129506"><ele>170.000</ele></trkpt>
      <trkpt lat="22.4268652690" lon="114.0608055389"><ele>170.000</ele></trkpt>
      <trkpt lat="22.4268580040" lon="114.0607741512"><ele>170.000</ele></trkpt>
      <trkpt lat="22.4268543592" lon="114.0607664904"><ele>170.000</ele></trkpt>
      <trkpt lat="22.4268486590" lon="114.0607511576"><ele>172.000</ele></trkpt>
      <trkpt lat="22.4268406652" lon="114.0607360794"><ele>170.000</ele></trkpt>
      <trkpt lat="22.4268335924" lon="114.0607207478"><ele>170.000</ele></trkpt>
      <trkpt lat="22.4268249125" lon="114.0607059032"><ele>170.000</ele></trkpt>
      <trkpt lat="22.4268173706" lon="114.0606913102"><ele>170.000</ele></trkpt>
      <trkpt lat="22.4268137256" lon="114.0606833968"><ele>170.000</ele></trkpt>
      <trkpt lat="22.4268114448" lon="114.0606762302"><ele>170.000</ele></trkpt>
      <trkpt lat="22.4268110694" lon="114.0606753204"><ele>170.000</ele></trkpt>
      <trkpt lat="22.4268055195" lon="114.0606618885"><ele>170.000</ele></trkpt>
      <trkpt lat="22.4268032472" lon="114.0606539837"><ele>170.000</ele></trkpt>
      <trkpt lat="22.4268000755" lon="114.0606386683"><ele>170.000</ele></trkpt>
      <trkpt lat="22.4267980204" lon="114.0606314918"><ele>170.000</ele></trkpt>
      <trkpt lat="22.4267976034" lon="114.0606166792"><ele>170.000</ele></trkpt>
      <trkpt lat="22.4267955568" lon="114.0606087742"><ele>170.000</ele></trkpt>
      <trkpt lat="22.4267941411" lon="114.0605990386"><ele>170.000</ele></trkpt>
      <trkpt lat="22.4267937599" lon="114.0605964202"><ele>170.000</ele></trkpt>
      <trkpt lat="22.4267901064" lon="114.0605892450"><ele>170.000</ele></trkpt>
      <trkpt lat="22.4267798104" lon="114.0605748972"><ele>170.000</ele></trkpt>
      <trkpt lat="22.4267635699" lon="114.0605570672"><ele>170.000</ele></trkpt>
      <trkpt lat="22.4267541880" lon="114.0605456812"><ele>170.000</ele></trkpt>
      <trkpt lat="22.4267406989" lon="114.0605239150"><ele>170.000</ele></trkpt>
      <trkpt lat="22.4267356728" lon="114.0605167410"><ele>170.000</ele></trkpt>
      <trkpt lat="22.4267290391" lon="114.0605093158"><ele>170.000</ele></trkpt>
      <trkpt lat="22.4267111826" lon="114.0604922254"><ele>170.000</ele></trkpt>
      <trkpt lat="22.4266894101" lon="114.0604795675"><ele>170.000</ele></trkpt>
      <trkpt lat="22.4266721065" lon="114.0604665912"><ele>170.000</ele></trkpt>
      <trkpt lat="22.4266692522" lon="114.0604644508"><ele>170.000</ele></trkpt>
      <trkpt lat="22.4266635318" lon="114.0604587539"><ele>170.000</ele></trkpt>
      <trkpt lat="22.4266596439" lon="114.0604520743"><ele>170.000</ele></trkpt>
      <trkpt lat="22.4266484572" lon="114.0604298205"><ele>170.000</ele></trkpt>
      <trkpt lat="22.4266431963" lon="114.0604226467"><ele>170.000</ele></trkpt>
      <trkpt lat="22.4266262606" lon="114.0604050602"><ele>170.000</ele></trkpt>
      <trkpt lat="22.4266198615" lon="114.0603973919"><ele>170.000</ele></trkpt>
      <trkpt lat="22.4266155125" lon="114.0603899648"><ele>170.000</ele></trkpt>
      <trkpt lat="22.4266084401" lon="114.0603753812"><ele>170.000</ele></trkpt>
      <trkpt lat="22.4266048216" lon="114.0603541313"><ele>170.000</ele></trkpt>
      <trkpt lat="22.4266014015" lon="114.0603449841"><ele>170.000</ele></trkpt>
      <trkpt lat="22.4266010826" lon="114.0603385609"><ele>170.000</ele></trkpt>
      <trkpt lat="22.4266005310" lon="114.0603274425"><ele>170.000</ele></trkpt>
      <trkpt lat="22.4266005602" lon="114.0603178165"><ele>170.000</ele></trkpt>
      <trkpt lat="22.4266012682" lon="114.0603104046"><ele>170.000</ele></trkpt>
      <trkpt lat="22.4266049995" lon="114.0602877013"><ele>170.000</ele></trkpt>
      <trkpt lat="22.4266064156" lon="114.0602728872"><ele>170.000</ele></trkpt>
      <trkpt lat="22.4266105859" lon="114.0602578279"><ele>172.000</ele></trkpt>
      <trkpt lat="22.4266154643" lon="114.0602356191"><ele>172.000</ele></trkpt>
      <trkpt lat="22.4266196347" lon="114.0602208124"><ele>172.000</ele></trkpt>
      <trkpt lat="22.4266256396" lon="114.0602077428"><ele>172.000</ele></trkpt>
      <trkpt lat="22.4266339371" lon="114.0601931950"><ele>172.000</ele></trkpt>
      <trkpt lat="22.4266376252" lon="114.0601857903"><ele>172.000</ele></trkpt>
      <trkpt lat="22.4266517089" lon="114.0601554533"><ele>172.000</ele></trkpt>
      <trkpt lat="22.4266537896" lon="114.0601480500"><ele>172.000</ele></trkpt>
      <trkpt lat="22.4266538405" lon="114.0601310126"><ele>172.000</ele></trkpt>
      <trkpt lat="22.4266522545" lon="114.0601231072"><ele>172.000</ele></trkpt>
      <trkpt lat="22.4266513549" lon="114.0601154441"><ele>172.000</ele></trkpt>
      <trkpt lat="22.4266514044" lon="114.0601139696"><ele>174.000</ele></trkpt>
      <trkpt lat="22.4266523537" lon="114.0600855649"><ele>174.000</ele></trkpt>
      <trkpt lat="22.4266539815" lon="114.0600761901"><ele>174.000</ele></trkpt>
      <trkpt lat="22.4266569835" lon="114.0600690385"><ele>174.000</ele></trkpt>
      <trkpt lat="22.4266618184" lon="114.0600616426"><ele>175.000</ele></trkpt>
      <trkpt lat="22.4266650543" lon="114.0600532475"><ele>175.000</ele></trkpt>
      <trkpt lat="22.4266653838" lon="114.0600505469"><ele>175.000</ele></trkpt>
      <trkpt lat="22.4266802280" lon="114.0599918530"><ele>175.000</ele></trkpt>
      <trkpt lat="22.4266874806" lon="114.0599546524"><ele>176.000</ele></trkpt>
      <trkpt lat="22.4266947345" lon="114.0599194100"><ele>176.000</ele></trkpt>
      <trkpt lat="22.4266928993" lon="114.0598978779"><ele>176.000</ele></trkpt>
      <trkpt lat="22.4266801487" lon="114.0598822277"><ele>176.000</ele></trkpt>
      <trkpt lat="22.4266619487" lon="114.0598822429"><ele>178.000</ele></trkpt>
      <trkpt lat="22.4266455679" lon="114.0598802994"><ele>178.000</ele></trkpt>
      <trkpt lat="22.4266255270" lon="114.0598509516"><ele>180.000</ele></trkpt>
      <trkpt lat="22.4265982157" lon="114.0598353136"><ele>180.000</ele></trkpt>
      <trkpt lat="22.4265654582" lon="114.0598372993"><ele>182.000</ele></trkpt>
      <trkpt lat="22.4265490674" lon="114.0598216521"><ele>183.000</ele></trkpt>
      <trkpt lat="22.4265340857" lon="114.0598002544"><ele>183.000</ele></trkpt>
      <trkpt lat="22.4265333043" lon="114.0597972935"><ele>183.000</ele></trkpt>
      <trkpt lat="22.4265298926" lon="114.0597874081"><ele>183.000</ele></trkpt>
      <trkpt lat="22.4265287671" lon="114.0597795024"><ele>183.000</ele></trkpt>
      <trkpt lat="22.4265283283" lon="114.0597720914"><ele>184.000</ele></trkpt>
      <trkpt lat="22.4265269683" lon="114.0597646715"><ele>184.000</ele></trkpt>
      <trkpt lat="22.4265252199" lon="114.0597320749"><ele>184.000</ele></trkpt>
      <trkpt lat="22.4265236543" lon="114.0597150292"><ele>184.000</ele></trkpt>
      <trkpt lat="22.4265216855" lon="114.0596774886"><ele>184.000</ele></trkpt>
      <trkpt lat="22.4265196675" lon="114.0596592097"><ele>184.000</ele></trkpt>
      <trkpt lat="22.4265160650" lon="114.0596352401"><ele>184.000</ele></trkpt>
      <trkpt lat="22.4265156260" lon="114.0596275864"><ele>184.000</ele></trkpt>
      <trkpt lat="22.4265144918" lon="114.0596201760"><ele>184.000</ele></trkpt>
      <trkpt lat="22.4265143601" lon="114.0596129493"><ele>184.000</ele></trkpt>
      <trkpt lat="22.4265142950" lon="114.0596102879"><ele>184.000</ele></trkpt>
      <trkpt lat="22.4265136214" lon="114.0596028869"><ele>184.000</ele></trkpt>
      <trkpt lat="22.4265113709" lon="114.0595878136"><ele>184.000</ele></trkpt>
      <trkpt lat="22.4265079650" lon="114.0595734795"><ele>184.000</ele></trkpt>
      <trkpt lat="22.4265072997" lon="114.0595650780"><ele>184.000</ele></trkpt>
      <trkpt lat="22.4265039148" lon="114.0595423515"><ele>184.000</ele></trkpt>
      <trkpt lat="22.4265055778" lon="114.0595193877"><ele>185.000</ele></trkpt>
      <trkpt lat="22.4265069723" lon="114.0595122278"><ele>185.000</ele></trkpt>
      <trkpt lat="22.4265122903" lon="114.0594984109"><ele>185.000</ele></trkpt>
      <trkpt lat="22.4265143995" lon="114.0594806433"><ele>186.000</ele></trkpt>
      <trkpt lat="22.4265213457" lon="114.0594581899"><ele>186.000</ele></trkpt>
      <trkpt lat="22.4265278527" lon="114.0594278301"><ele>186.000</ele></trkpt>
      <trkpt lat="22.4265302108" lon="114.0594046228"><ele>186.000</ele></trkpt>
      <trkpt lat="22.4265295456" lon="114.0593964641"><ele>186.000</ele></trkpt>
      <trkpt lat="22.4265284042" lon="114.0593915307"><ele>186.000</ele></trkpt>
      <trkpt lat="22.4265279867" lon="114.0593762130"><ele>186.000</ele></trkpt>
      <trkpt lat="22.4265268616" lon="114.0593688027"><ele>186.000</ele></trkpt>
      <trkpt lat="22.4265209416" lon="114.0593495266"><ele>186.000</ele></trkpt>
      <trkpt lat="22.4265150168" lon="114.0593359231"><ele>185.000</ele></trkpt>
      <trkpt lat="22.4265079360" lon="114.0593223206"><ele>185.000</ele></trkpt>
      <trkpt lat="22.4265031271" lon="114.0593158847"><ele>185.000</ele></trkpt>
      <trkpt lat="22.4264983282" lon="114.0593106921"><ele>185.000</ele></trkpt>
      <trkpt lat="22.4264864103" lon="114.0593015230"><ele>187.000</ele></trkpt>
      <trkpt lat="22.4264646601" lon="114.0592824448"><ele>186.000</ele></trkpt>
      <trkpt lat="22.4264596197" lon="114.0592804578"><ele>186.000</ele></trkpt>
      <trkpt lat="22.4264534306" lon="114.0592759948"><ele>186.000</ele></trkpt>
      <trkpt lat="22.4264422084" lon="114.0592673205"><ele>188.000</ele></trkpt>
      <trkpt lat="22.4264312205" lon="114.0592579078"><ele>188.000</ele></trkpt>
      <trkpt lat="22.4264211528" lon="114.0592472607"><ele>188.000</ele></trkpt>
      <trkpt lat="22.4264156497" lon="114.0592423018"><ele>188.000</ele></trkpt>
      <trkpt lat="22.4264110761" lon="114.0592366136"><ele>186.000</ele></trkpt>
      <trkpt lat="22.4264028492" lon="114.0592239931"><ele>186.000</ele></trkpt>
      <trkpt lat="22.4263994220" lon="114.0592175658"><ele>188.000</ele></trkpt>
      <trkpt lat="22.4263950825" lon="114.0592108866"><ele>188.000</ele></trkpt>
      <trkpt lat="22.4263921155" lon="114.0592039635"><ele>188.000</ele></trkpt>
      <trkpt lat="22.4263886883" lon="114.0591975361"><ele>188.000</ele></trkpt>
      <trkpt lat="22.4263866421" lon="114.0591903597"><ele>188.000</ele></trkpt>
      <trkpt lat="22.4263857427" lon="114.0591829491"><ele>188.000</ele></trkpt>
      <trkpt lat="22.4263857644" lon="114.0591755475"><ele>188.000</ele></trkpt>
      <trkpt lat="22.4263850996" lon="114.0591678842"><ele>188.000</ele></trkpt>
      <trkpt lat="22.4263839654" lon="114.0591604739"><ele>188.000</ele></trkpt>
      <trkpt lat="22.4263787195" lon="114.0591491039"><ele>188.000</ele></trkpt>
      <trkpt lat="22.4263572234" lon="114.0591194088"><ele>187.000</ele></trkpt>
      <trkpt lat="22.4263535702" lon="114.0591127291"><ele>189.000</ele></trkpt>
      <trkpt lat="22.4263478704" lon="114.0590981444"><ele>189.000</ele></trkpt>
      <trkpt lat="22.4263442170" lon="114.0590912219"><ele>188.000</ele></trkpt>
      <trkpt lat="22.4263422389" lon="114.0590855616"><ele>188.000</ele></trkpt>
      <trkpt lat="22.4263392037" lon="114.0590768795"><ele>188.000</ele></trkpt>
      <trkpt lat="22.4263357763" lon="114.0590702093"><ele>188.000</ele></trkpt>
      <trkpt lat="22.4263298514" lon="114.0590566058"><ele>188.000</ele></trkpt>
      <trkpt lat="22.4263259636" lon="114.0590501789"><ele>188.000</ele></trkpt>
      <trkpt lat="22.4263229968" lon="114.0590434986"><ele>188.000</ele></trkpt>
      <trkpt lat="22.4263156821" lon="114.0590311299"><ele>188.000</ele></trkpt>
      <trkpt lat="22.4262985120" lon="114.0590142917"><ele>190.000</ele></trkpt>
      <trkpt lat="22.4262900519" lon="114.0590038958"><ele>190.000</ele></trkpt>
      <trkpt lat="22.4262851249" lon="114.0589965955"><ele>190.000</ele></trkpt>
      <trkpt lat="22.4262815905" lon="114.0589917710"><ele>190.000</ele></trkpt>
      <trkpt lat="22.4262740495" lon="114.0589786643"><ele>190.000</ele></trkpt>
      <trkpt lat="22.4262655969" lon="114.0589660441"><ele>190.000</ele></trkpt>
      <trkpt lat="22.4262610231" lon="114.0589601033"><ele>192.000</ele></trkpt>
      <trkpt lat="22.4262516480" lon="114.0589457549"><ele>192.000</ele></trkpt>
      <trkpt lat="22.4262415798" lon="114.0589343696"><ele>192.000</ele></trkpt>
      <trkpt lat="22.4262372403" lon="114.0589276905"><ele>192.000</ele></trkpt>
      <trkpt lat="22.4262283191" lon="114.0589165568"><ele>192.000</ele></trkpt>
      <trkpt lat="22.4262203176" lon="114.0589034408"><ele>192.000</ele></trkpt>
      <trkpt lat="22.4262086621" lon="114.0588826641"><ele>195.000</ele></trkpt>
      <trkpt lat="22.4262045490" lon="114.0588767327"><ele>195.000</ele></trkpt>
      <trkpt lat="22.4261940413" lon="114.0588571886"><ele>195.000</ele></trkpt>
      <trkpt lat="22.4261915348" lon="114.0588502650"><ele>195.000</ele></trkpt>
      <trkpt lat="22.4261849234" lon="114.0588364194"><ele>195.000</ele></trkpt>
      <trkpt lat="22.4261805751" lon="114.0588299928"><ele>195.000</ele></trkpt>
      <trkpt lat="22.4261666194" lon="114.0588126663"><ele>198.000</ele></trkpt>
      <trkpt lat="22.4261615858" lon="114.0588077070"><ele>198.000</ele></trkpt>
      <trkpt lat="22.4261556313" lon="114.0588030010"><ele>198.000</ele></trkpt>
      <trkpt lat="22.4261363873" lon="114.0587906036"><ele>198.000</ele></trkpt>
      <trkpt lat="22.4261247050" lon="114.0587824252"><ele>201.000</ele></trkpt>
      <trkpt lat="22.4261098002" lon="114.0587762115"><ele>201.000</ele></trkpt>
      <trkpt lat="22.4261022234" lon="114.0587759362"><ele>201.000</ele></trkpt>
      <trkpt lat="22.4260332424" lon="114.0587561774"><ele>205.000</ele></trkpt>
      <trkpt lat="22.4259722642" lon="114.0587425254"><ele>206.000</ele></trkpt>
      <trkpt lat="22.4259209608" lon="114.0587358160"><ele>206.000</ele></trkpt>
      <trkpt lat="22.4259180372" lon="114.0587376563"><ele>206.000</ele></trkpt>
      <trkpt lat="22.4259109136" lon="114.0587396147"><ele>206.000</ele></trkpt>
      <trkpt lat="22.4258971504" lon="114.0587385870"><ele>208.000</ele></trkpt>
      <trkpt lat="22.4258900335" lon="114.0587373303"><ele>208.000</ele></trkpt>
      <trkpt lat="22.4258831512" lon="114.0587358305"><ele>208.000</ele></trkpt>
      <trkpt lat="22.4258762694" lon="114.0587350690"><ele>208.000</ele></trkpt>
      <trkpt lat="22.4258634407" lon="114.0587276297"><ele>208.000</ele></trkpt>
      <trkpt lat="22.4258526780" lon="114.0587174787"><ele>208.000</ele></trkpt>
      <trkpt lat="22.4258485726" lon="114.0587098086"><ele>208.000</ele></trkpt>
      <trkpt lat="22.4258456052" lon="114.0587023901"><ele>208.000</ele></trkpt>
      <trkpt lat="22.4258419514" lon="114.0586949722"><ele>208.000</ele></trkpt>
      <trkpt lat="22.4258337319" lon="114.0586801372"><ele>208.000</ele></trkpt>
      <trkpt lat="22.4258204703" lon="114.0586610812"><ele>208.000</ele></trkpt>
      <trkpt lat="22.4258108618" lon="114.0586487048"><ele>208.000</ele></trkpt>
      <trkpt lat="22.4258069742" lon="114.0586425207"><ele>208.000</ele></trkpt>
      <trkpt lat="22.4257969141" lon="114.0586299019"><ele>208.000</ele></trkpt>
      <trkpt lat="22.4257882259" lon="114.0586162911"><ele>208.000</ele></trkpt>
      <trkpt lat="22.4257841110" lon="114.0586081354"><ele>208.000</ele></trkpt>
      <trkpt lat="22.4257786324" lon="114.0585997186"><ele>208.000</ele></trkpt>
      <trkpt lat="22.4257747441" lon="114.0585925535"><ele>208.000</ele></trkpt>
      <trkpt lat="22.4257660858" lon="114.0585705504"><ele>208.000</ele></trkpt>
      <trkpt lat="22.4257558540" lon="114.0585332307"><ele>209.000</ele></trkpt>
      <trkpt lat="22.4257528864" lon="114.0585255694"><ele>209.000</ele></trkpt>
      <trkpt lat="22.4257435760" lon="114.0584885015"><ele>209.000</ele></trkpt>
      <trkpt lat="22.4257426848" lon="114.0584801003"><ele>209.000</ele></trkpt>
      <trkpt lat="22.4257390509" lon="114.0584628039"><ele>210.000</ele></trkpt>
      <trkpt lat="22.4257370046" lon="114.0584553846"><ele>210.000</ele></trkpt>
      <trkpt lat="22.4257356520" lon="114.0584457502"><ele>210.000</ele></trkpt>
      <trkpt lat="22.4257356737" lon="114.0584383486"><ele>210.000</ele></trkpt>
      <trkpt lat="22.4257345485" lon="114.0584309286"><ele>210.000</ele></trkpt>
      <trkpt lat="22.4257316020" lon="114.0584151178"><ele>211.000</ele></trkpt>
      <trkpt lat="22.4257281960" lon="114.0584007838"><ele>211.000</ele></trkpt>
      <trkpt lat="22.4257231621" lon="114.0583953389"><ele>211.000</ele></trkpt>
      <trkpt lat="22.4257160684" lon="114.0583888952"><ele>214.000</ele></trkpt>
      <trkpt lat="22.4257091928" lon="114.0583841901"><ele>214.000</ele></trkpt>
      <trkpt lat="22.4256819278" lon="114.0583690507"><ele>214.000</ele></trkpt>
      <trkpt lat="22.4256764248" lon="114.0583643444"><ele>216.000</ele></trkpt>
      <trkpt lat="22.4256759725" lon="114.0583633541"><ele>216.000</ele></trkpt>
      <trkpt lat="22.4256693239" lon="114.0583603777"><ele>216.000</ele></trkpt>
      <trkpt lat="22.4256626816" lon="114.0583536909"><ele>216.000</ele></trkpt>
      <trkpt lat="22.4256487260" lon="114.0583366073"><ele>216.000</ele></trkpt>
      <trkpt lat="22.4256443869" lon="114.0583304236"><ele>216.000</ele></trkpt>
      <trkpt lat="22.4256327399" lon="114.0583089087"><ele>217.000</ele></trkpt>
      <trkpt lat="22.4256138353" lon="114.0582545302"><ele>220.000</ele></trkpt>
      <trkpt lat="22.4256094864" lon="114.0582473557"><ele>220.000</ele></trkpt>
      <trkpt lat="22.4256056063" lon="114.0582391901"><ele>220.000</ele></trkpt>
      <trkpt lat="22.4256010618" lon="114.0582238664"><ele>220.000</ele></trkpt>
      <trkpt lat="22.4255999353" lon="114.0582147271"><ele>220.000</ele></trkpt>
      <trkpt lat="22.4255999783" lon="114.0581994189"><ele>220.000</ele></trkpt>
      <trkpt lat="22.4256006862" lon="114.0581920070"><ele>220.000</ele></trkpt>
      <trkpt lat="22.4256000270" lon="114.0581796619"><ele>220.000</ele></trkpt>
      <trkpt lat="22.4256023636" lon="114.0581643518"><ele>220.000</ele></trkpt>
      <trkpt lat="22.4256030792" lon="114.0581549681"><ele>220.000</ele></trkpt>
      <trkpt lat="22.4256029647" lon="114.0581097818"><ele>220.000</ele></trkpt>
      <trkpt lat="22.4256039201" lon="114.0580949682"><ele>220.000</ele></trkpt>
      <trkpt lat="22.4256053082" lon="114.0580915091"><ele>220.000</ele></trkpt>
      <trkpt lat="22.4255954521" lon="114.0580863014"><ele>220.000</ele></trkpt>
      <trkpt lat="22.4255906445" lon="114.0580815945"><ele>220.000</ele></trkpt>
      <trkpt lat="22.4255837699" lon="114.0580783658"><ele>222.000</ele></trkpt>
      <trkpt lat="22.4255764337" lon="114.0580736514"><ele>222.000</ele></trkpt>
      <trkpt lat="22.4255583434" lon="114.0580582906"><ele>222.000</ele></trkpt>
      <trkpt lat="22.4255537695" lon="114.0580521071"><ele>222.000</ele></trkpt>
      <trkpt lat="22.4255466968" lon="114.0580372712"><ele>222.000</ele></trkpt>
      <trkpt lat="22.4255448764" lon="114.0580301043"><ele>222.000</ele></trkpt>
      <trkpt lat="22.4255398644" lon="114.0580177435"><ele>224.000</ele></trkpt>
      <trkpt lat="22.4255350854" lon="114.0580029154"><ele>224.000</ele></trkpt>
      <trkpt lat="22.4255316572" lon="114.0579952448"><ele>224.000</ele></trkpt>
      <trkpt lat="22.4255273173" lon="114.0579880703"><ele>224.000</ele></trkpt>
      <trkpt lat="22.4255234376" lon="114.0579804098"><ele>224.000</ele></trkpt>
      <trkpt lat="22.4255214099" lon="114.0579737094"><ele>224.000</ele></trkpt>
      <trkpt lat="22.4255193391" lon="114.0579699812"><ele>224.000</ele></trkpt>
      <trkpt lat="22.4255124230" lon="114.0579593607"><ele>224.000</ele></trkpt>
      <trkpt lat="22.4254982079" lon="114.0579331955"><ele>224.000</ele></trkpt>
      <trkpt lat="22.4254901814" lon="114.0579230713"><ele>226.000</ele></trkpt>
      <trkpt lat="22.4254752815" lon="114.0578991213"><ele>226.000</ele></trkpt>
      <trkpt lat="22.4254569332" lon="114.0578766506"><ele>225.000</ele></trkpt>
      <trkpt lat="22.4254475290" lon="114.0578719671"><ele>226.000</ele></trkpt>
      <trkpt lat="22.4254291838" lon="114.0578660382"><ele>226.000</ele></trkpt>
      <trkpt lat="22.4254078536" lon="114.0578534485"><ele>226.000</ele></trkpt>
      <trkpt lat="22.4253991411" lon="114.0578438203"><ele>228.000</ele></trkpt>
      <trkpt lat="22.4253833188" lon="114.0578302449"><ele>226.000</ele></trkpt>
      <trkpt lat="22.4253716198" lon="114.0578240675"><ele>226.000</ele></trkpt>
      <trkpt lat="22.4253551131" lon="114.0578132123"><ele>228.000</ele></trkpt>
      <trkpt lat="22.4253463923" lon="114.0578045652"><ele>228.000</ele></trkpt>
      <trkpt lat="22.4253369977" lon="114.0577882743"><ele>228.000</ele></trkpt>
      <trkpt lat="22.4253342475" lon="114.0577816036"><ele>227.000</ele></trkpt>
      <trkpt lat="22.4253273684" lon="114.0577722264"><ele>227.000</ele></trkpt>
      <trkpt lat="22.4253197962" lon="114.0577658027"><ele>227.000</ele></trkpt>
      <trkpt lat="22.4253163545" lon="114.0577643195"><ele>227.000</ele></trkpt>
      <trkpt lat="22.4252998442" lon="114.0577608659"><ele>228.000</ele></trkpt>
      <trkpt lat="22.4252725507" lon="114.0577561782"><ele>228.000</ele></trkpt>
      <trkpt lat="22.4252626875" lon="114.0577534669"><ele>229.000</ele></trkpt>
      <trkpt lat="22.4252539700" lon="114.0577492685"><ele>229.000</ele></trkpt>
      <trkpt lat="22.4252445643" lon="114.0577426035"><ele>229.000</ele></trkpt>
      <trkpt lat="22.4252342455" lon="114.0577344531"><ele>228.000</ele></trkpt>
      <trkpt lat="22.4252262225" lon="114.0577290303"><ele>228.000</ele></trkpt>
      <trkpt lat="22.4252092504" lon="114.0577115997"><ele>230.000</ele></trkpt>
      <trkpt lat="22.4251944302" lon="114.0576976543"><ele>230.000</ele></trkpt>
      <trkpt lat="22.4251701786" lon="114.0576667285"><ele>230.000</ele></trkpt>
      <trkpt lat="22.4251580786" lon="114.0576432423"><ele>230.000</ele></trkpt>
      <trkpt lat="22.4251539722" lon="114.0576343388"><ele>230.000</ele></trkpt>
      <trkpt lat="22.4251485055" lon="114.0576177823"><ele>230.000</ele></trkpt>
      <trkpt lat="22.4251448516" lon="114.0576101119"><ele>230.000</ele></trkpt>
      <trkpt lat="22.4251425798" lon="114.0576031980"><ele>230.000</ele></trkpt>
      <trkpt lat="22.4251400655" lon="114.0575980035"><ele>230.000</ele></trkpt>
      <trkpt lat="22.4251350312" lon="114.0575920633"><ele>230.000</ele></trkpt>
      <trkpt lat="22.4251270101" lon="114.0575893213"><ele>230.000</ele></trkpt>
      <trkpt lat="22.4251114119" lon="114.0575858281"><ele>230.000</ele></trkpt>
      <trkpt lat="22.4250942072" lon="114.0575835602"><ele>230.000</ele></trkpt>
      <trkpt lat="22.4250788276" lon="114.0575825243"><ele>231.000</ele></trkpt>
      <trkpt lat="22.4250710333" lon="114.0575812682"><ele>231.000</ele></trkpt>
      <trkpt lat="22.4250609425" lon="114.0575760608"><ele>231.000</ele></trkpt>
      <trkpt lat="22.4250554485" lon="114.0575713545"><ele>231.000</ele></trkpt>
      <trkpt lat="22.4250446938" lon="114.0575599603"><ele>232.000</ele></trkpt>
      <trkpt lat="22.4250373659" lon="114.0575542649"><ele>232.000</ele></trkpt>
      <trkpt lat="22.4250291089" lon="114.0575500467"><ele>232.000</ele></trkpt>
      <trkpt lat="22.4250144245" lon="114.0575487674"><ele>232.000</ele></trkpt>
      <trkpt lat="22.4250070834" lon="114.0575497352"><ele>232.000</ele></trkpt>
      <trkpt lat="22.4249928371" lon="114.0575548760"><ele>232.000</ele></trkpt>
      <trkpt lat="22.4249873295" lon="114.0575561046"><ele>232.000</ele></trkpt>
      <trkpt lat="22.4249829672" lon="114.0575553507"><ele>232.000</ele></trkpt>
      <trkpt lat="22.4249770045" lon="114.0575518784"><ele>232.000</ele></trkpt>
      <trkpt lat="22.4249712846" lon="114.0575469198"><ele>232.000</ele></trkpt>
      <trkpt lat="22.4249653304" lon="114.0575427094"><ele>232.000</ele></trkpt>
      <trkpt lat="22.4249579947" lon="114.0575387332"><ele>232.000</ele></trkpt>
      <trkpt lat="22.4249506598" lon="114.0575357478"><ele>234.000</ele></trkpt>
      <trkpt lat="22.4249426363" lon="114.0575298004"><ele>234.000</ele></trkpt>
      <trkpt lat="22.4249130694" lon="114.0575158968"><ele>234.000</ele></trkpt>
      <trkpt lat="22.4248915316" lon="114.0575034919"><ele>236.000</ele></trkpt>
      <trkpt lat="22.4248835013" lon="114.0575005071"><ele>236.000</ele></trkpt>
      <trkpt lat="22.4248697523" lon="114.0574942927"><ele>236.000</ele></trkpt>
      <trkpt lat="22.4248474987" lon="114.0574907761"><ele>235.000</ele></trkpt>
      <trkpt lat="22.4248328128" lon="114.0574875250"><ele>235.000</ele></trkpt>
      <trkpt lat="22.4248250189" lon="114.0574867643"><ele>235.000</ele></trkpt>
      <trkpt lat="22.4248174501" lon="114.0574850126"><ele>236.000</ele></trkpt>
      <trkpt lat="22.4248013978" lon="114.0574780522"><ele>236.000</ele></trkpt>
      <trkpt lat="22.4247945227" lon="114.0574740854"><ele>236.000</ele></trkpt>
      <trkpt lat="22.4247766583" lon="114.0574589771"><ele>236.000</ele></trkpt>
      <trkpt lat="22.4247681839" lon="114.0574537683"><ele>236.000</ele></trkpt>
      <trkpt lat="22.4247482526" lon="114.0574401285"><ele>236.000</ele></trkpt>
      <trkpt lat="22.4247195973" lon="114.0574257288"><ele>236.000</ele></trkpt>
      <trkpt lat="22.4247122627" lon="114.0574232388"><ele>236.000</ele></trkpt>
      <trkpt lat="22.4246709991" lon="114.0574063342"><ele>237.000</ele></trkpt>
      <trkpt lat="22.4246563287" lon="114.0573996349"><ele>237.000</ele></trkpt>
      <trkpt lat="22.4246471511" lon="114.0573961460"><ele>236.000</ele></trkpt>
      <trkpt lat="22.4246334020" lon="114.0573896887"><ele>236.000</ele></trkpt>
      <trkpt lat="22.4246031467" lon="114.0573730661"><ele>236.000</ele></trkpt>
      <trkpt lat="22.4245861904" lon="114.0573648729"><ele>237.000</ele></trkpt>
      <trkpt lat="22.4245786283" lon="114.0573599062"><ele>237.000</ele></trkpt>
      <trkpt lat="22.4245722054" lon="114.0573569297"><ele>237.000</ele></trkpt>
      <trkpt lat="22.4245662512" lon="114.0573527192"><ele>237.000</ele></trkpt>
      <trkpt lat="22.4245612176" lon="114.0573477601"><ele>236.000</ele></trkpt>
      <trkpt lat="22.4245481611" lon="114.0573376015"><ele>236.000</ele></trkpt>
      <trkpt lat="22.4245330519" lon="114.0573237342"><ele>236.000</ele></trkpt>
      <trkpt lat="22.4245257238" lon="114.0573177862"><ele>236.000</ele></trkpt>
      <trkpt lat="22.4245204552" lon="114.0573125942"><ele>236.000</ele></trkpt>
      <trkpt lat="22.4245099334" lon="114.0572987327"><ele>235.000</ele></trkpt>
      <trkpt lat="22.4244994054" lon="114.0572885816"><ele>236.000</ele></trkpt>
      <trkpt lat="22.4244897836" lon="114.0572826259"><ele>236.000</ele></trkpt>
      <trkpt lat="22.4244769469" lon="114.0572766633"><ele>236.000</ele></trkpt>
      <trkpt lat="22.4244608952" lon="114.0572704508"><ele>236.000</ele></trkpt>
      <trkpt lat="22.4244537869" lon="114.0572686988"><ele>238.000</ele></trkpt>
      <trkpt lat="22.4244308597" lon="114.0572580242"><ele>238.000</ele></trkpt>
      <trkpt lat="22.4244177965" lon="114.0572510710"><ele>238.000</ele></trkpt>
      <trkpt lat="22.4244072611" lon="114.0572431443"><ele>237.000</ele></trkpt>
      <trkpt lat="22.4244026871" lon="114.0572369609"><ele>237.000</ele></trkpt>
      <trkpt lat="22.4243985731" lon="114.0572300291"><ele>237.000</ele></trkpt>
      <trkpt lat="22.4243926229" lon="114.0572165280"><ele>237.000</ele></trkpt>
      <trkpt lat="22.4243369386" lon="114.0570974050"><ele>235.000</ele></trkpt>
      <trkpt lat="22.4242969745" lon="114.0570282724"><ele>236.000</ele></trkpt>
      <trkpt lat="22.4242692272" lon="114.0569889430"><ele>235.000</ele></trkpt>
      <trkpt lat="22.4242171502" lon="114.0569243540"><ele>234.000</ele></trkpt>
      <trkpt lat="22.4242077745" lon="114.0569092677"><ele>234.000</ele></trkpt>
      <trkpt lat="22.4242029747" lon="114.0569030748"><ele>234.000</ele></trkpt>
      <trkpt lat="22.4241931389" lon="114.0568887271"><ele>234.000</ele></trkpt>
      <trkpt lat="22.4241780581" lon="114.0568644959"><ele>234.000</ele></trkpt>
      <trkpt lat="22.4241686762" lon="114.0568533531"><ele>234.000</ele></trkpt>
      <trkpt lat="22.4241638755" lon="114.0568459364"><ele>234.000</ele></trkpt>
      <trkpt lat="22.4241588408" lon="114.0568395008"><ele>234.000</ele></trkpt>
      <trkpt lat="22.4241533464" lon="114.0568342993"><ele>234.000</ele></trkpt>
      <trkpt lat="22.4241490073" lon="114.0568283682"><ele>234.000</ele></trkpt>
      <trkpt lat="22.4241439647" lon="114.0568234091"><ele>234.000</ele></trkpt>
      <trkpt lat="22.4241384777" lon="114.0568159929"><ele>234.000</ele></trkpt>
      <trkpt lat="22.4241332179" lon="114.0568105386"><ele>232.000</ele></trkpt>
      <trkpt lat="22.4241281833" lon="114.0568043556"><ele>232.000</ele></trkpt>
      <trkpt lat="22.4241105522" lon="114.0567872755"><ele>232.000</ele></trkpt>
      <trkpt lat="22.4241007328" lon="114.0567707035"><ele>232.000</ele></trkpt>
      <trkpt lat="22.4240950329" lon="114.0567563620"><ele>232.000</ele></trkpt>
      <trkpt lat="22.4240863521" lon="114.0567407895"><ele>232.000</ele></trkpt>
      <trkpt lat="22.4240843050" lon="114.0567323893"><ele>232.000</ele></trkpt>
      <trkpt lat="22.4240824998" lon="114.0567215120"><ele>232.000</ele></trkpt>
      <trkpt lat="22.4240765515" lon="114.0567131055"><ele>231.000</ele></trkpt>
      <trkpt lat="22.4240651018" lon="114.0567022074"><ele>231.000</ele></trkpt>
      <trkpt lat="22.4240522721" lon="114.0566935349"><ele>231.000</ele></trkpt>
      <trkpt lat="22.4240325747" lon="114.0566786615"><ele>232.000</ele></trkpt>
      <trkpt lat="22.4240179123" lon="114.0566707190"><ele>232.000</ele></trkpt>
      <trkpt lat="22.4240025482" lon="114.0566662350"><ele>232.000</ele></trkpt>
      <trkpt lat="22.4239984199" lon="114.0566644901"><ele>232.000</ele></trkpt>
      <trkpt lat="22.4239874229" lon="114.0566550778"><ele>232.000</ele></trkpt>
      <trkpt lat="22.4239830823" lon="114.0566471653"><ele>232.000</ele></trkpt>
      <trkpt lat="22.4239771573" lon="114.0566335719"><ele>232.000</ele></trkpt>
      <trkpt lat="22.4239723977" lon="114.0566086227"><ele>232.000</ele></trkpt>
      <trkpt lat="22.4239717319" lon="114.0565997357"><ele>232.000</ele></trkpt>
      <trkpt lat="22.4239690200" lon="114.0565839250"><ele>232.000</ele></trkpt>
      <trkpt lat="22.4239646952" lon="114.0565727974"><ele>232.000</ele></trkpt>
      <trkpt lat="22.4239559926" lon="114.0565643835"><ele>232.000</ele></trkpt>
      <trkpt lat="22.4239491165" lon="114.0565591734"><ele>232.000</ele></trkpt>
      <trkpt lat="22.4239410949" lon="114.0565556933"><ele>232.000</ele></trkpt>
      <trkpt lat="22.4239339864" lon="114.0565536985"><ele>232.000</ele></trkpt>
      <trkpt lat="22.4239259651" lon="114.0565507138"><ele>232.000</ele></trkpt>
      <trkpt lat="22.4239181689" lon="114.0565467478"><ele>232.000</ele></trkpt>
      <trkpt lat="22.4239145009" lon="114.0565445169"><ele>232.000</ele></trkpt>
      <trkpt lat="22.4239025919" lon="114.0565353482"><ele>232.000</ele></trkpt>
      <trkpt lat="22.4238952632" lon="114.0565286621"><ele>232.000</ele></trkpt>
      <trkpt lat="22.4238904641" lon="114.0565234600"><ele>232.000</ele></trkpt>
      <trkpt lat="22.4238849679" lon="114.0565157913"><ele>232.000</ele></trkpt>
      <trkpt lat="22.4238744481" lon="114.0565046496"><ele>232.000</ele></trkpt>
      <trkpt lat="22.4238655266" lon="114.0564932637"><ele>231.000</ele></trkpt>
      <trkpt lat="22.4238595713" lon="114.0564875769"><ele>231.000</ele></trkpt>
      <trkpt lat="22.4238501896" lon="114.0564766868"><ele>231.000</ele></trkpt>
      <trkpt lat="22.4238334800" lon="114.0564603441"><ele>230.000</ele></trkpt>
      <trkpt lat="22.4238256838" lon="114.0564563685"><ele>230.000</ele></trkpt>
      <trkpt lat="22.4238176623" lon="114.0564531409"><ele>230.000</ele></trkpt>
      <trkpt lat="22.4237873940" lon="114.0564434246"><ele>230.000</ele></trkpt>
      <trkpt lat="22.4237722562" lon="114.0564396787"><ele>230.000</ele></trkpt>
      <trkpt lat="22.4237674413" lon="114.0564374391"><ele>230.000</ele></trkpt>
      <trkpt lat="22.4237585053" lon="114.0564309972"><ele>230.000</ele></trkpt>
      <trkpt lat="22.4237431766" lon="114.0564134296"><ele>229.000</ele></trkpt>
      <trkpt lat="22.4237331151" lon="114.0563993250"><ele>229.000</ele></trkpt>
      <trkpt lat="22.4237100115" lon="114.0563701277"><ele>228.000</ele></trkpt>
      <trkpt lat="22.4236937620" lon="114.0563530465"><ele>228.000</ele></trkpt>
      <trkpt lat="22.4236809313" lon="114.0563431307"><ele>228.000</ele></trkpt>
      <trkpt lat="22.4236658289" lon="114.0563263010"><ele>226.000</ele></trkpt>
      <trkpt lat="22.4236564462" lon="114.0563141774"><ele>226.000</ele></trkpt>
      <trkpt lat="22.4236406786" lon="114.0562894418"><ele>226.000</ele></trkpt>
      <trkpt lat="22.4236244708" lon="114.0562555762"><ele>224.000</ele></trkpt>
      <trkpt lat="22.4236171852" lon="114.0562340678"><ele>224.000</ele></trkpt>
      <trkpt lat="22.4236107905" lon="114.0562204749"><ele>222.000</ele></trkpt>
      <trkpt lat="22.4236071372" lon="114.0562137953"><ele>222.000</ele></trkpt>
      <trkpt lat="22.4235979897" lon="114.0562021669"><ele>224.000</ele></trkpt>
      <trkpt lat="22.4235927297" lon="114.0561964698"><ele>224.000</ele></trkpt>
      <trkpt lat="22.4235808117" lon="114.0561873011"><ele>224.000</ele></trkpt>
      <trkpt lat="22.4235672969" lon="114.0561803582"><ele>222.000</ele></trkpt>
      <trkpt lat="22.4235290187" lon="114.0561587697"><ele>224.000</ele></trkpt>
      <trkpt lat="22.4235104609" lon="114.0561463723"><ele>224.000</ele></trkpt>
      <trkpt lat="22.4234857150" lon="114.0561309983"><ele>226.000</ele></trkpt>
      <trkpt lat="22.4234797604" lon="114.0561262829"><ele>226.000</ele></trkpt>
      <trkpt lat="22.4234625908" lon="114.0561106886"><ele>228.000</ele></trkpt>
      <trkpt lat="22.4234474882" lon="114.0560936065"><ele>228.000</ele></trkpt>
      <trkpt lat="22.4234213887" lon="114.0560676075"><ele>226.000</ele></trkpt>
      <trkpt lat="22.4234163543" lon="114.0560616674"><ele>228.000</ele></trkpt>
      <trkpt lat="22.4234120151" lon="114.0560554839"><ele>228.000</ele></trkpt>
      <trkpt lat="22.4234088133" lon="114.0560488137"><ele>228.000</ele></trkpt>
      <trkpt lat="22.4234063218" lon="114.0560379371"><ele>228.000</ele></trkpt>
      <trkpt lat="22.4234054223" lon="114.0560305267"><ele>229.000</ele></trkpt>
      <trkpt lat="22.4234038362" lon="114.0560228741"><ele>229.000</ele></trkpt>
      <trkpt lat="22.4234031712" lon="114.0560152110"><ele>229.000</ele></trkpt>
      <trkpt lat="22.4234018108" lon="114.0560073057"><ele>229.000</ele></trkpt>
      <trkpt lat="22.4234009322" lon="114.0559917557"><ele>229.000</ele></trkpt>
      <trkpt lat="22.4233964213" lon="114.0559613671"><ele>229.000</ele></trkpt>
      <trkpt lat="22.4233948351" lon="114.0559534619"><ele>229.000</ele></trkpt>
      <trkpt lat="22.4233951121" lon="114.0559374155"><ele>228.000</ele></trkpt>
      <trkpt lat="22.4233942123" lon="114.0559297623"><ele>228.000</ele></trkpt>
      <trkpt lat="22.4233919313" lon="114.0559225960"><ele>228.000</ele></trkpt>
      <trkpt lat="22.4233885336" lon="114.0559075241"><ele>228.000</ele></trkpt>
      <trkpt lat="22.4233810347" lon="114.0558786145"><ele>228.000</ele></trkpt>
      <trkpt lat="22.4233708318" lon="114.0558324178"><ele>231.000</ele></trkpt>
      <trkpt lat="22.4233688063" lon="114.0558168494"><ele>231.000</ele></trkpt>
      <trkpt lat="22.4233667597" lon="114.0558091972"><ele>231.000</ele></trkpt>
      <trkpt lat="22.4233653992" lon="114.0558012919"><ele>231.000</ele></trkpt>
      <trkpt lat="22.4233647403" lon="114.0557896852"><ele>232.000</ele></trkpt>
      <trkpt lat="22.4233670558" lon="114.0557825246"><ele>232.000</ele></trkpt>
      <trkpt lat="22.4233679981" lon="114.0557746270"><ele>232.000</ele></trkpt>
      <trkpt lat="22.4233705391" lon="114.0557672331"><ele>232.000</ele></trkpt>
      <trkpt lat="22.4233871481" lon="114.0557336985"><ele>230.000</ele></trkpt>
      <trkpt lat="22.4233903915" lon="114.0557235843"><ele>230.000</ele></trkpt>
      <trkpt lat="22.4233899523" lon="114.0557159307"><ele>230.000</ele></trkpt>
      <trkpt lat="22.4233910660" lon="114.0556909475"><ele>232.000</ele></trkpt>
      <trkpt lat="22.4233891602" lon="114.0556615639"><ele>232.000</ele></trkpt>
      <trkpt lat="22.4233867914" lon="114.0556433266"><ele>233.000</ele></trkpt>
      <trkpt lat="22.4233735860" lon="114.0556215533"><ele>233.000</ele></trkpt>
      <trkpt lat="22.4233580348" lon="114.0556109271"><ele>234.000</ele></trkpt>
      <trkpt lat="22.4233331368" lon="114.0555891067"><ele>234.000</ele></trkpt>
      <trkpt lat="22.4233285633" lon="114.0555836616"><ele>234.000</ele></trkpt>
      <trkpt lat="22.4233239896" lon="114.0555779736"><ele>234.000</ele></trkpt>
      <trkpt lat="22.4233130002" lon="114.0555668325"><ele>234.000</ele></trkpt>
      <trkpt lat="22.4233036258" lon="114.0555537181"><ele>234.000</ele></trkpt>
      <trkpt lat="22.4232999636" lon="114.0555472912"><ele>234.000</ele></trkpt>
      <trkpt lat="22.4232898957" lon="114.0555366446"><ele>234.000</ele></trkpt>
      <trkpt lat="22.4232818945" lon="114.0555242770"><ele>234.000</ele></trkpt>
      <trkpt lat="22.4232775556" lon="114.0555185889"><ele>234.000</ele></trkpt>
      <trkpt lat="22.4232734415" lon="114.0555116572"><ele>234.000</ele></trkpt>
      <trkpt lat="22.4232642936" lon="114.0554995335"><ele>234.000</ele></trkpt>
      <trkpt lat="22.4232565179" lon="114.0554869228"><ele>234.000</ele></trkpt>
      <trkpt lat="22.4232492103" lon="114.0554723400"><ele>234.000</ele></trkpt>
      <trkpt lat="22.4232455574" lon="114.0554661559"><ele>234.000</ele></trkpt>
      <trkpt lat="22.4232272532" lon="114.0554428991"><ele>234.000</ele></trkpt>
      <trkpt lat="22.4232224539" lon="114.0554374542"><ele>234.000</ele></trkpt>
      <trkpt lat="22.4232014166" lon="114.0554062835"><ele>234.000</ele></trkpt>
      <trkpt lat="22.4231938836" lon="114.0553921866"><ele>234.000</ele></trkpt>
      <trkpt lat="22.4231909166" lon="114.0553855162"><ele>234.000</ele></trkpt>
      <trkpt lat="22.4231870285" lon="114.0553788370"><ele>234.000</ele></trkpt>
      <trkpt lat="22.4231641735" lon="114.0553442101"><ele>234.000</ele></trkpt>
      <trkpt lat="22.4231481503" lon="114.0553281099"><ele>234.000</ele></trkpt>
      <trkpt lat="22.4231362325" lon="114.0553191939"><ele>234.000</ele></trkpt>
      <trkpt lat="22.4231332601" lon="114.0553174578"><ele>234.000</ele></trkpt>
      <trkpt lat="22.4231197284" lon="114.0553119817"><ele>234.000</ele></trkpt>
      <trkpt lat="22.4230871876" lon="114.0552946137"><ele>234.000</ele></trkpt>
      <trkpt lat="22.4230612879" lon="114.0552821937"><ele>234.000</ele></trkpt>
      <trkpt lat="22.4230546392" lon="114.0552792176"><ele>234.000</ele></trkpt>
      <trkpt lat="22.4230408732" lon="114.0552744896"><ele>234.000</ele></trkpt>
      <trkpt lat="22.4230190869" lon="114.0552680104"><ele>234.000</ele></trkpt>
      <trkpt lat="22.4229808042" lon="114.0552525902"><ele>234.000</ele></trkpt>
      <trkpt lat="22.4229736957" lon="114.0552505955"><ele>234.000</ele></trkpt>
      <trkpt lat="22.4229663530" lon="114.0552493391"><ele>234.000</ele></trkpt>
      <trkpt lat="22.4229521208" lon="114.0552490601"><ele>234.000</ele></trkpt>
      <trkpt lat="22.4229381162" lon="114.0552512384"><ele>234.000</ele></trkpt>
      <trkpt lat="22.4229305409" lon="114.0552529448"><ele>234.000</ele></trkpt>
      <trkpt lat="22.4229160691" lon="114.0552583384"><ele>234.000</ele></trkpt>
      <trkpt lat="22.4228878181" lon="114.0552654245"><ele>234.000</ele></trkpt>
      <trkpt lat="22.4228804693" lon="114.0552681214"><ele>234.000</ele></trkpt>
      <trkpt lat="22.4228632429" lon="114.0552730124"><ele>232.000</ele></trkpt>
      <trkpt lat="22.4228292432" lon="114.0552850183"><ele>232.000</ele></trkpt>
      <trkpt lat="22.4228085760" lon="114.0552896500"><ele>232.000</ele></trkpt>
      <trkpt lat="22.4227943380" lon="114.0552938099"><ele>232.000</ele></trkpt>
      <trkpt lat="22.4227678985" lon="114.0553080529"><ele>232.000</ele></trkpt>
      <trkpt lat="22.4227478972" lon="114.0553215813"><ele>230.000</ele></trkpt>
      <trkpt lat="22.4227363990" lon="114.0553304399"><ele>230.000</ele></trkpt>
      <trkpt lat="22.4227244483" lon="114.0553378129"><ele>230.000</ele></trkpt>
      <trkpt lat="22.4227131759" lon="114.0553466713"><ele>230.000</ele></trkpt>
      <trkpt lat="22.4226945634" lon="114.0553577313"><ele>230.000</ele></trkpt>
      <trkpt lat="22.4226690449" lon="114.0553719735"><ele>230.000</ele></trkpt>
      <trkpt lat="22.4226623819" lon="114.0553739317"><ele>230.000</ele></trkpt>
      <trkpt lat="22.4226408098" lon="114.0553760970"><ele>230.000</ele></trkpt>
      <trkpt lat="22.4226295506" lon="114.0553785351"><ele>230.000</ele></trkpt>
      <trkpt lat="22.4226231145" lon="114.0553819694"><ele>230.000</ele></trkpt>
      <trkpt lat="22.4226210486" lon="114.0553846812"><ele>230.000</ele></trkpt>
      <trkpt lat="22.4226086297" lon="114.0553940360"><ele>230.000</ele></trkpt>
      <trkpt lat="22.4226035590" lon="114.0553999460"><ele>230.000</ele></trkpt>
      <trkpt lat="22.4225982708" lon="114.0554048654"><ele>230.000</ele></trkpt>
      <trkpt lat="22.4225858924" lon="114.0554128060"><ele>230.000</ele></trkpt>
      <trkpt lat="22.4225824113" lon="114.0554142038"><ele>230.000</ele></trkpt>
      <trkpt lat="22.4225613133" lon="114.0554224103"><ele>230.000</ele></trkpt>
      <trkpt lat="22.4225518965" lon="114.0554250896"><ele>230.000</ele></trkpt>
      <trkpt lat="22.4225431652" lon="114.0554265444"><ele>230.000</ele></trkpt>
      <trkpt lat="22.4225337560" lon="114.0554272616"><ele>230.000</ele></trkpt>
      <trkpt lat="22.4225151788" lon="114.0554252283"><ele>230.000</ele></trkpt>
      <trkpt lat="22.4225062209" lon="114.0554256926"><ele>232.000</ele></trkpt>
      <trkpt lat="22.4225012925" lon="114.0554274870"><ele>232.000</ele></trkpt>
      <trkpt lat="22.4223581827" lon="114.0554353499"><ele>234.000</ele></trkpt>
      <trkpt lat="22.4223538287" lon="114.0554336150"><ele>234.000</ele></trkpt>
      <trkpt lat="22.4223455660" lon="114.0554338359"><ele>234.000</ele></trkpt>
      <trkpt lat="22.4223366011" lon="114.0554370102"><ele>234.000</ele></trkpt>
      <trkpt lat="22.4223290183" lon="114.0554406980"><ele>236.000</ele></trkpt>
      <trkpt lat="22.4223154531" lon="114.0554507726"><ele>236.000</ele></trkpt>
      <trkpt lat="22.4223023475" lon="114.0554596229"><ele>236.000</ele></trkpt>
      <trkpt lat="22.4222938434" lon="114.0554630493"><ele>236.000</ele></trkpt>
      <trkpt lat="22.4222846603" lon="114.0554642617"><ele>236.000</ele></trkpt>
      <trkpt lat="22.4222658408" lon="114.0554642003"><ele>236.000</ele></trkpt>
      <trkpt lat="22.4222383131" lon="114.0554604070"><ele>236.000</ele></trkpt>
      <trkpt lat="22.4222199773" lon="114.0554551682"><ele>236.000</ele></trkpt>
      <trkpt lat="22.4221828339" lon="114.0554417187"><ele>236.000</ele></trkpt>
      <trkpt lat="22.4221734313" lon="114.0554392209"><ele>236.000</ele></trkpt>
      <trkpt lat="22.4221644900" lon="114.0554377134"><ele>236.000</ele></trkpt>
      <trkpt lat="22.4221454295" lon="114.0554413530"><ele>236.000</ele></trkpt>
      <trkpt lat="22.4221268372" lon="114.0554432729"><ele>236.000</ele></trkpt>
      <trkpt lat="22.4221171941" lon="114.0554452142"><ele>236.000</ele></trkpt>
      <trkpt lat="22.4220721989" lon="114.0554500127"><ele>236.000</ele></trkpt>
      <trkpt lat="22.4220253562" lon="114.0554597471"><ele>236.000</ele></trkpt>
      <trkpt lat="22.4220163998" lon="114.0554621831"><ele>236.000</ele></trkpt>
      <trkpt lat="22.4220065230" lon="114.0554656107"><ele>236.000</ele></trkpt>
      <trkpt lat="22.4219975585" lon="114.0554692900"><ele>236.000</ele></trkpt>
      <trkpt lat="22.4219702159" lon="114.0554835240"><ele>238.000</ele></trkpt>
      <trkpt lat="22.4219605657" lon="114.0554879324"><ele>238.000</ele></trkpt>
      <trkpt lat="22.4219424111" lon="114.0554955341"><ele>238.000</ele></trkpt>
      <trkpt lat="22.4219056497" lon="114.0555097374"><ele>238.000</ele></trkpt>
      <trkpt lat="22.4218594582" lon="114.0555328072"><ele>238.000</ele></trkpt>
      <trkpt lat="22.4218500423" lon="114.0555367200"><ele>238.000</ele></trkpt>
      <trkpt lat="22.4218413121" lon="114.0555396609"><ele>238.000</ele></trkpt>
      <trkpt lat="22.4218318949" lon="114.0555418546"><ele>238.000</ele></trkpt>
      <trkpt lat="22.4218222528" lon="114.0555450294"><ele>238.000</ele></trkpt>
      <trkpt lat="22.4218036463" lon="114.0555521361"><ele>238.000</ele></trkpt>
      <trkpt lat="22.4217763162" lon="114.0555589590"><ele>238.000</ele></trkpt>
      <trkpt lat="22.4217480733" lon="114.0555648016"><ele>238.000</ele></trkpt>
      <trkpt lat="22.4217395769" lon="114.0555664990"><ele>238.000</ele></trkpt>
      <trkpt lat="22.4217136353" lon="114.0555703679"><ele>238.000</ele></trkpt>
      <trkpt lat="22.4217026188" lon="114.0555713197"><ele>238.000</ele></trkpt>
      <trkpt lat="22.4216959634" lon="114.0555713060"><ele>237.000</ele></trkpt>
      <trkpt lat="22.4216727957" lon="114.0555653041"><ele>237.000</ele></trkpt>
      <trkpt lat="22.4216652341" lon="114.0555610854"><ele>237.000</ele></trkpt>
      <trkpt lat="22.4216560657" lon="114.0555578492"><ele>236.000</ele></trkpt>
      <trkpt lat="22.4216466633" lon="114.0555555943"><ele>236.000</ele></trkpt>
      <trkpt lat="22.4216377220" lon="114.0555540868"><ele>236.000</ele></trkpt>
      <trkpt lat="22.4216094999" lon="114.0555515276"><ele>236.000</ele></trkpt>
      <trkpt lat="22.4215819726" lon="114.0555482297"><ele>236.000</ele></trkpt>
      <trkpt lat="22.4215732561" lon="114.0555454885"><ele>236.000</ele></trkpt>
      <trkpt lat="22.4215633933" lon="114.0555434864"><ele>236.000</ele></trkpt>
      <trkpt lat="22.4215363413" lon="114.0555357492"><ele>236.000</ele></trkpt>
      <trkpt lat="22.4215271727" lon="114.0555322605"><ele>236.000</ele></trkpt>
      <trkpt lat="22.4215166301" lon="114.0555268012"><ele>236.000</ele></trkpt>
      <trkpt lat="22.4215079132" lon="114.0555235549"><ele>236.000</ele></trkpt>
      <trkpt lat="22.4215019522" lon="114.0555223071"><ele>236.000</ele></trkpt>
      <trkpt lat="22.4214897966" lon="114.0555215309"><ele>236.000</ele></trkpt>
      <trkpt lat="22.4214753301" lon="114.0555219806"><ele>236.000</ele></trkpt>
      <trkpt lat="22.4214436543" lon="114.0555260778"><ele>236.000</ele></trkpt>
      <trkpt lat="22.4214347049" lon="114.0555258039"><ele>236.000</ele></trkpt>
      <trkpt lat="22.4214253033" lon="114.0555245397"><ele>236.000</ele></trkpt>
      <trkpt lat="22.4214161266" lon="114.0555222845"><ele>236.000</ele></trkpt>
      <trkpt lat="22.4214064968" lon="114.0555178152"><ele>236.000</ele></trkpt>
      <trkpt lat="22.4213886342" lon="114.0555054078"><ele>236.000</ele></trkpt>
      <trkpt lat="22.4213787788" lon="114.0555011814"><ele>236.000</ele></trkpt>
      <trkpt lat="22.4213700635" lon="114.0554999263"><ele>236.000</ele></trkpt>
      <trkpt lat="22.4213604276" lon="114.0554994005"><ele>236.000</ele></trkpt>
      <trkpt lat="22.4213514699" lon="114.0555001076"><ele>236.000</ele></trkpt>
      <trkpt lat="22.4213443548" lon="114.0555013182"><ele>236.000</ele></trkpt>
      <trkpt lat="22.4213142706" lon="114.0555083863"><ele>236.000</ele></trkpt>
      <trkpt lat="22.4212959048" lon="114.0555112967"><ele>236.000</ele></trkpt>
      <trkpt lat="22.4212801351" lon="114.0555127110"><ele>238.000</ele></trkpt>
      <trkpt lat="22.4212773123" lon="114.0555129641"><ele>238.000</ele></trkpt>
      <trkpt lat="22.4212497857" lon="114.0555106569"><ele>238.000</ele></trkpt>
      <trkpt lat="22.4212401491" lon="114.0555091500"><ele>238.000</ele></trkpt>
      <trkpt lat="22.4212134324" lon="114.0555030734"><ele>238.000</ele></trkpt>
      <trkpt lat="22.4211921222" lon="114.0554933498"><ele>240.000</ele></trkpt>
      <trkpt lat="22.4210925446" lon="114.0554711061"><ele>242.000</ele></trkpt>
      <trkpt lat="22.4210622156" lon="114.0554648385"><ele>244.000</ele></trkpt>
      <trkpt lat="22.4210330706" lon="114.0554598907"><ele>244.000</ele></trkpt>
      <trkpt lat="22.4210033800" lon="114.0554620534"><ele>246.000</ele></trkpt>
      <trkpt lat="22.4209748613" lon="114.0554734230"><ele>248.000</ele></trkpt>
      <trkpt lat="22.4209622955" lon="114.0554914903"><ele>248.000</ele></trkpt>
      <trkpt lat="22.4209549161" lon="114.0555015886"><ele>248.000</ele></trkpt>
      <trkpt lat="22.4209486927" lon="114.0555116955"><ele>247.000</ele></trkpt>
      <trkpt lat="22.4209385681" lon="114.0555217864"><ele>247.000</ele></trkpt>
      <trkpt lat="22.4209077556" lon="114.0555451437"><ele>248.000</ele></trkpt>
      <trkpt lat="22.4208893609" lon="114.0555576797"><ele>248.000</ele></trkpt>
      <trkpt lat="22.4208709734" lon="114.0555677389"><ele>248.000</ele></trkpt>
      <trkpt lat="22.4208521252" lon="114.0555775557"><ele>248.000</ele></trkpt>
      <trkpt lat="22.4208151299" lon="114.0555930024"><ele>248.000</ele></trkpt>
      <trkpt lat="22.4208063932" lon="114.0555993914"><ele>248.000</ele></trkpt>
      <trkpt lat="22.4207868571" lon="114.0556191451"><ele>248.000</ele></trkpt>
      <trkpt lat="22.4207694185" lon="114.0556421897"><ele>248.000</ele></trkpt>
      <trkpt lat="22.4207567993" lon="114.0556613935"><ele>248.000</ele></trkpt>
      <trkpt lat="22.4207506632" lon="114.0556676054"><ele>248.000</ele></trkpt>
      <trkpt lat="22.4207419350" lon="114.0556732563"><ele>248.000</ele></trkpt>
      <trkpt lat="22.4207380263" lon="114.0556752217"><ele>248.000</ele></trkpt>
      <trkpt lat="22.4207232271" lon="114.0556775462"><ele>248.000</ele></trkpt>
      <trkpt lat="22.4207137445" lon="114.0556767871"><ele>248.000</ele></trkpt>
      <trkpt lat="22.4207042880" lon="114.0556746196"><ele>248.000</ele></trkpt>
      <trkpt lat="22.4206955804" lon="114.0556716356"><ele>248.000</ele></trkpt>
      <trkpt lat="22.4206864037" lon="114.0556693804"><ele>248.000</ele></trkpt>
      <trkpt lat="22.4206586582" lon="114.0556641109"><ele>246.000</ele></trkpt>
      <trkpt lat="22.4206398377" lon="114.0556628160"><ele>246.000</ele></trkpt>
      <trkpt lat="22.4206219400" lon="114.0556637445"><ele>246.000</ele></trkpt>
      <trkpt lat="22.4206125301" lon="114.0556634710"><ele>246.000</ele></trkpt>
      <trkpt lat="22.4205939369" lon="114.0556641573"><ele>246.000</ele></trkpt>
      <trkpt lat="22.4205847615" lon="114.0556636311"><ele>246.000</ele></trkpt>
      <trkpt lat="22.4205751243" lon="114.0556613763"><ele>246.000</ele></trkpt>
      <trkpt lat="22.4205661821" lon="114.0556586353"><ele>244.000</ele></trkpt>
      <trkpt lat="22.4205476193" lon="114.0556516678"><ele>244.000</ele></trkpt>
      <trkpt lat="22.4205203539" lon="114.0556365198"><ele>244.000</ele></trkpt>
      <trkpt lat="22.4204926494" lon="114.0556137184"><ele>244.000</ele></trkpt>
      <trkpt lat="22.4204734273" lon="114.0555946491"><ele>242.000</ele></trkpt>
      <trkpt lat="22.4204647250" lon="114.0555867212"><ele>242.000</ele></trkpt>
      <trkpt lat="22.4204573970" lon="114.0555810163"><ele>242.000</ele></trkpt>
      <trkpt lat="22.4204471037" lon="114.0555708655"><ele>242.000</ele></trkpt>
      <trkpt lat="22.4204386349" lon="114.0555612084"><ele>242.000</ele></trkpt>
      <trkpt lat="22.4204315566" lon="114.0555513074"><ele>240.000</ele></trkpt>
      <trkpt lat="22.4204228545" lon="114.0555436320"><ele>240.000</ele></trkpt>
      <trkpt lat="22.4204015425" lon="114.0555314704"><ele>240.000</ele></trkpt>
      <trkpt lat="22.4203903150" lon="114.0555279738"><ele>240.000</ele></trkpt>
      <trkpt lat="22.4203724230" lon="114.0555244636"><ele>240.000</ele></trkpt>
      <trkpt lat="22.4203630206" lon="114.0555222086"><ele>240.000</ele></trkpt>
      <trkpt lat="22.4203533919" lon="114.0555192157"><ele>240.000</ele></trkpt>
      <trkpt lat="22.4203446826" lon="114.0555140074"><ele>238.000</ele></trkpt>
      <trkpt lat="22.4203187914" lon="114.0555008397"><ele>238.000</ele></trkpt>
      <trkpt lat="22.4203071010" lon="114.0554941382"><ele>238.000</ele></trkpt>
      <trkpt lat="22.4202970268" lon="114.0554871925"><ele>236.000</ele></trkpt>
      <trkpt lat="22.4202906112" lon="114.0554819919"><ele>236.000</ele></trkpt>
      <trkpt lat="22.4202798507" lon="114.0554750468"><ele>236.000</ele></trkpt>
      <trkpt lat="22.4202702354" lon="114.0554658764"><ele>236.000</ele></trkpt>
      <trkpt lat="22.4202615407" lon="114.0554559767"><ele>236.000</ele></trkpt>
      <trkpt lat="22.4202514656" lon="114.0554477975"><ele>235.000</ele></trkpt>
      <trkpt lat="22.4202342755" lon="114.0554410716"><ele>235.000</ele></trkpt>
      <trkpt lat="22.4202244212" lon="114.0554383314"><ele>235.000</ele></trkpt>
      <trkpt lat="22.4202008006" lon="114.0554303582"><ele>232.000</ele></trkpt>
      <trkpt lat="22.4201930205" lon="114.0554239156"><ele>232.000</ele></trkpt>
      <trkpt lat="22.4201875404" lon="114.0554137703"><ele>232.000</ele></trkpt>
      <trkpt lat="22.4201825279" lon="114.0554009148"><ele>232.000</ele></trkpt>
      <trkpt lat="22.4201770472" lon="114.0553900410"><ele>232.000</ele></trkpt>
      <trkpt lat="22.4201727085" lon="114.0553845958"><ele>232.000</ele></trkpt>
      <trkpt lat="22.4200991205" lon="114.0553622812"><ele>228.000</ele></trkpt>
      <trkpt lat="22.4200985605" lon="114.0553621069"><ele>228.000</ele></trkpt>
      <trkpt lat="22.4200959537" lon="114.0553613078"><ele>228.000</ele></trkpt>
      <trkpt lat="22.4200933424" lon="114.0553605340"><ele>228.000</ele></trkpt>
      <trkpt lat="22.4200907248" lon="114.0553597797"><ele>228.000</ele></trkpt>
      <trkpt lat="22.4200881036" lon="114.0553590467"><ele>228.000</ele></trkpt>
      <trkpt lat="22.4200854770" lon="114.0553583331"><ele>228.000</ele></trkpt>
      <trkpt lat="22.4200828459" lon="114.0553576390"><ele>228.000</ele></trkpt>
      <trkpt lat="22.4200802094" lon="114.0553569662"><ele>228.000</ele></trkpt>
      <trkpt lat="22.4200775693" lon="114.0553563139"><ele>228.000</ele></trkpt>
      <trkpt lat="22.4200749247" lon="114.0553556810"><ele>226.000</ele></trkpt>
      <trkpt lat="22.4200722756" lon="114.0553550694"><ele>226.000</ele></trkpt>
      <trkpt lat="22.4200696229" lon="114.0553544773"><ele>226.000</ele></trkpt>
      <trkpt lat="22.4200669667" lon="114.0553539065"><ele>226.000</ele></trkpt>
      <trkpt lat="22.4200643068" lon="114.0553533552"><ele>226.000</ele></trkpt>
      <trkpt lat="22.4200616424" lon="114.0553528253"><ele>226.000</ele></trkpt>
      <trkpt lat="22.4200589753" lon="114.0553523157"><ele>226.000</ele></trkpt>
      <trkpt lat="22.4200563046" lon="114.0553518266"><ele>226.000</ele></trkpt>
      <trkpt lat="22.4200536304" lon="114.0553513578"><ele>226.000</ele></trkpt>
      <trkpt lat="22.4200509534" lon="114.0553509104"><ele>226.000</ele></trkpt>
      <trkpt lat="22.4200482737" lon="114.0553504825"><ele>226.000</ele></trkpt>
      <trkpt lat="22.4200447812" lon="114.0553499571"><ele>226.000</ele></trkpt>
      <trkpt lat="22.4200420944" lon="114.0553495826"><ele>226.000</ele></trkpt>
      <trkpt lat="22.4200394040" lon="114.0553492363"><ele>226.000</ele></trkpt>
      <trkpt lat="22.4200367108" lon="114.0553489181"><ele>226.000</ele></trkpt>
      <trkpt lat="22.4200340159" lon="114.0553486290"><ele>226.000</ele></trkpt>
      <trkpt lat="22.4200313174" lon="114.0553483672"><ele>224.000</ele></trkpt>
      <trkpt lat="22.4200286171" lon="114.0553481335"><ele>224.000</ele></trkpt>
      <trkpt lat="22.4200259142" lon="114.0553479280"><ele>224.000</ele></trkpt>
      <trkpt lat="22.4200232103" lon="114.0553477516"><ele>224.000</ele></trkpt>
      <trkpt lat="22.4200205047" lon="114.0553476025"><ele>224.000</ele></trkpt>
      <trkpt lat="22.4200177982" lon="114.0553474824"><ele>224.000</ele></trkpt>
      <trkpt lat="22.4200150898" lon="114.0553473906"><ele>224.000</ele></trkpt>
      <trkpt lat="22.4200123816" lon="114.0553473269"><ele>224.000</ele></trkpt>
      <trkpt lat="22.4200096724" lon="114.0553472923"><ele>224.000</ele></trkpt>
      <trkpt lat="22.4200069642" lon="114.0553472850"><ele>224.000</ele></trkpt>
      <trkpt lat="22.4200042550" lon="114.0553473068"><ele>224.000</ele></trkpt>
      <trkpt lat="22.4200015459" lon="114.0553473567"><ele>224.000</ele></trkpt>
      <trkpt lat="22.4199988377" lon="114.0553474348"><ele>224.000</ele></trkpt>
      <trkpt lat="22.4199961305" lon="114.0553475411"><ele>224.000</ele></trkpt>
      <trkpt lat="22.4199934242" lon="114.0553476765"><ele>224.000</ele></trkpt>
      <trkpt lat="22.4199907197" lon="114.0553478391"><ele>224.000</ele></trkpt>
      <trkpt lat="22.4199863997" lon="114.0553481595"><ele>224.000</ele></trkpt>
      <trkpt lat="22.4199837016" lon="114.0553484154"><ele>222.000</ele></trkpt>
      <trkpt lat="22.4199810035" lon="114.0553486839"><ele>222.000</ele></trkpt>
      <trkpt lat="22.4199783072" lon="114.0553489650"><ele>222.000</ele></trkpt>
      <trkpt lat="22.4199756119" lon="114.0553492597"><ele>222.000</ele></trkpt>
      <trkpt lat="22.4199729183" lon="114.0553495670"><ele>222.000</ele></trkpt>
      <trkpt lat="22.4199702247" lon="114.0553498860"><ele>222.000</ele></trkpt>
      <trkpt lat="22.4199675339" lon="114.0553502186"><ele>222.000</ele></trkpt>
      <trkpt lat="22.4199648440" lon="114.0553505648"><ele>222.000</ele></trkpt>
      <trkpt lat="22.4199621550" lon="114.0553509226"><ele>222.000</ele></trkpt>
      <trkpt lat="22.4199594678" lon="114.0553512930"><ele>222.000</ele></trkpt>
      <trkpt lat="22.4199567824" lon="114.0553516771"><ele>222.000</ele></trkpt>
      <trkpt lat="22.4199540989" lon="114.0553520728"><ele>222.000</ele></trkpt>
      <trkpt lat="22.4199514162" lon="114.0553524821"><ele>222.000</ele></trkpt>
      <trkpt lat="22.4199487354" lon="114.0553529040"><ele>222.000</ele></trkpt>
      <trkpt lat="22.4199460564" lon="114.0553533386"><ele>222.000</ele></trkpt>
      <trkpt lat="22.4199433801" lon="114.0553537858"><ele>222.000</ele></trkpt>
      <trkpt lat="22.4199407047" lon="114.0553542456"><ele>220.000</ele></trkpt>
      <trkpt lat="22.4199380312" lon="114.0553547180"><ele>220.000</ele></trkpt>
      <trkpt lat="22.4199353603" lon="114.0553552031"><ele>220.000</ele></trkpt>
      <trkpt lat="22.4199326904" lon="114.0553557008"><ele>220.000</ele></trkpt>
      <trkpt lat="22.4199300232" lon="114.0553562120"><ele>220.000</ele></trkpt>
      <trkpt lat="22.4199273587" lon="114.0553567350"><ele>220.000</ele></trkpt>
      <trkpt lat="22.4199246951" lon="114.0553572705"><ele>220.000</ele></trkpt>
      <trkpt lat="22.4199220342" lon="114.0553578187"><ele>220.000</ele></trkpt>
      <trkpt lat="22.4199193761" lon="114.0553583805"><ele>220.000</ele></trkpt>
      <trkpt lat="22.4199167197" lon="114.0553589539"><ele>220.000</ele></trkpt>
      <trkpt lat="22.4199140661" lon="114.0553595400"><ele>220.000</ele></trkpt>
      <trkpt lat="22.4199114152" lon="114.0553601386"><ele>220.000</ele></trkpt>
      <trkpt lat="22.4199087661" lon="114.0553607499"><ele>220.000</ele></trkpt>
      <trkpt lat="22.4199061198" lon="114.0553613739"><ele>220.000</ele></trkpt>
      <trkpt lat="22.4199034761" lon="114.0553620104"><ele>220.000</ele></trkpt>
      <trkpt lat="22.4199008352" lon="114.0553626596"><ele>220.000</ele></trkpt>
      <trkpt lat="22.4198981970" lon="114.0553633214"><ele>220.000</ele></trkpt>
      <trkpt lat="22.4198955606" lon="114.0553639949"><ele>218.000</ele></trkpt>
      <trkpt lat="22.4198929278" lon="114.0553646819"><ele>218.000</ele></trkpt>
      <trkpt lat="22.4198902978" lon="114.0553653806"><ele>218.000</ele></trkpt>
      <trkpt lat="22.4198876705" lon="114.0553660919"><ele>218.000</ele></trkpt>
      <trkpt lat="22.4198850468" lon="114.0553668159"><ele>218.000</ele></trkpt>
      <trkpt lat="22.4198824258" lon="114.0553675525"><ele>218.000</ele></trkpt>
      <trkpt lat="22.4198798075" lon="114.0553683007"><ele>218.000</ele></trkpt>
      <trkpt lat="22.4198771919" lon="114.0553690625"><ele>218.000</ele></trkpt>
      <trkpt lat="22.4198745800" lon="114.0553698360"><ele>218.000</ele></trkpt>
      <trkpt lat="22.4198719717" lon="114.0553706221"><ele>218.000</ele></trkpt>
      <trkpt lat="22.4198693661" lon="114.0553714199"><ele>218.000</ele></trkpt>
      <trkpt lat="22.4198667641" lon="114.0553722312"><ele>218.000</ele></trkpt>
      <trkpt lat="22.4198615819" lon="114.0553738850"><ele>218.000</ele></trkpt>
      <trkpt lat="22.4198590424" lon="114.0553748983"><ele>218.000</ele></trkpt>
      <trkpt lat="22.4198564857" lon="114.0553758640"><ele>218.000</ele></trkpt>
      <trkpt lat="22.4198539145" lon="114.0553767812"><ele>218.000</ele></trkpt>
      <trkpt lat="22.4198513288" lon="114.0553776508"><ele>218.000</ele></trkpt>
      <trkpt lat="22.4198487296" lon="114.0553784709"><ele>216.000</ele></trkpt>
      <trkpt lat="22.4198461167" lon="114.0553792425"><ele>216.000</ele></trkpt>
      <trkpt lat="22.4198434921" lon="114.0553799654"><ele>216.000</ele></trkpt>
      <trkpt lat="22.4198408566" lon="114.0553806389"><ele>216.000</ele></trkpt>
      <trkpt lat="22.4198382103" lon="114.0553812628"><ele>216.000</ele></trkpt>
      <trkpt lat="22.4198355548" lon="114.0553818372"><ele>216.000</ele></trkpt>
      <trkpt lat="22.4198328894" lon="114.0553823611"><ele>216.000</ele></trkpt>
      <trkpt lat="22.4198302168" lon="114.0553828355"><ele>216.000</ele></trkpt>
      <trkpt lat="22.4198275359" lon="114.0553832594"><ele>216.000</ele></trkpt>
      <trkpt lat="22.4198248497" lon="114.0553836337"><ele>216.000</ele></trkpt>
      <trkpt lat="22.4198221570" lon="114.0553839566"><ele>216.000</ele></trkpt>
      <trkpt lat="22.4198194598" lon="114.0553842299"><ele>216.000</ele></trkpt>
      <trkpt lat="22.4198167590" lon="114.0553844518"><ele>216.000</ele></trkpt>
      <trkpt lat="22.4198140545" lon="114.0553846241"><ele>216.000</ele></trkpt>
      <trkpt lat="22.4198113481" lon="114.0553847450"><ele>216.000</ele></trkpt>
      <trkpt lat="22.4198086390" lon="114.0553848153"><ele>216.000</ele></trkpt>
      <trkpt lat="22.4198059299" lon="114.0553848342"><ele>216.000</ele></trkpt>
      <trkpt lat="22.4198032217" lon="114.0553848025"><ele>215.000</ele></trkpt>
      <trkpt lat="22.4198005134" lon="114.0553847204"><ele>215.000</ele></trkpt>
      <trkpt lat="22.4197978068" lon="114.0553845877"><ele>215.000</ele></trkpt>
      <trkpt lat="22.4197951030" lon="114.0553844046"><ele>215.000</ele></trkpt>
      <trkpt lat="22.4197924027" lon="114.0553841699"><ele>215.000</ele></trkpt>
      <trkpt lat="22.4197877968" lon="114.0553836523"><ele>215.000</ele></trkpt>
      <trkpt lat="22.4197850902" lon="114.0553835294"><ele>215.000</ele></trkpt>
      <trkpt lat="22.4197823819" lon="114.0553834424"><ele>215.000</ele></trkpt>
      <trkpt lat="22.4197796737" lon="114.0553833913"><ele>215.000</ele></trkpt>
      <trkpt lat="22.4197769645" lon="114.0553833781"><ele>215.000</ele></trkpt>
      <trkpt lat="22.4197742554" lon="114.0553834009"><ele>215.000</ele></trkpt>
      <trkpt lat="22.4197715463" lon="114.0553834615"><ele>215.000</ele></trkpt>
      <trkpt lat="22.4197688390" lon="114.0553835581"><ele>215.000</ele></trkpt>
      <trkpt lat="22.4197661327" lon="114.0553836916"><ele>215.000</ele></trkpt>
      <trkpt lat="22.4197634282" lon="114.0553838610"><ele>215.000</ele></trkpt>
      <trkpt lat="22.4197607264" lon="114.0553840683"><ele>215.000</ele></trkpt>
      <trkpt lat="22.4197580265" lon="114.0553843115"><ele>212.000</ele></trkpt>
      <trkpt lat="22.4197553293" lon="114.0553845916"><ele>212.000</ele></trkpt>
      <trkpt lat="22.4197526367" lon="114.0553849077"><ele>212.000</ele></trkpt>
      <trkpt lat="22.4197499477" lon="114.0553852607"><ele>212.000</ele></trkpt>
      <trkpt lat="22.4197472623" lon="114.0553856506"><ele>212.000</ele></trkpt>
      <trkpt lat="22.4197445824" lon="114.0553860764"><ele>212.000</ele></trkpt>
      <trkpt lat="22.4197418257" lon="114.0553865537"><ele>212.000</ele></trkpt>
      <trkpt lat="22.4197391294" lon="114.0553868397"><ele>212.000</ele></trkpt>
      <trkpt lat="22.4197364322" lon="114.0553871101"><ele>212.000</ele></trkpt>
      <trkpt lat="22.4197337332" lon="114.0553873650"><ele>212.000</ele></trkpt>
      <trkpt lat="22.4197310333" lon="114.0553876034"><ele>212.000</ele></trkpt>
      <trkpt lat="22.4197283325" lon="114.0553878262"><ele>212.000</ele></trkpt>
      <trkpt lat="22.4197256298" lon="114.0553880335"><ele>212.000</ele></trkpt>
      <trkpt lat="22.4197229271" lon="114.0553882243"><ele>212.000</ele></trkpt>
      <trkpt lat="22.4197202226" lon="114.0553883995"><ele>212.000</ele></trkpt>
      <trkpt lat="22.4197175172" lon="114.0553885592"><ele>212.000</ele></trkpt>
      <trkpt lat="22.4197148118" lon="114.0553887024"><ele>211.000</ele></trkpt>
      <trkpt lat="22.4197121055" lon="114.0553888291"><ele>211.000</ele></trkpt>
      <trkpt lat="22.4197093982" lon="114.0553889402"><ele>211.000</ele></trkpt>
      <trkpt lat="22.4197066900" lon="114.0553890358"><ele>211.000</ele></trkpt>
      <trkpt lat="22.4197039819" lon="114.0553891159"><ele>211.000</ele></trkpt>
      <trkpt lat="22.4197012737" lon="114.0553891794"><ele>211.000</ele></trkpt>
      <trkpt lat="22.4196985646" lon="114.0553892265"><ele>211.000</ele></trkpt>
      <trkpt lat="22.4196958555" lon="114.0553892580"><ele>211.000</ele></trkpt>
      <trkpt lat="22.4196931463" lon="114.0553892739"><ele>211.000</ele></trkpt>
      <trkpt lat="22.4196904372" lon="114.0553892734"><ele>211.000</ele></trkpt>
      <trkpt lat="22.4196877289" lon="114.0553892573"><ele>211.000</ele></trkpt>
      <trkpt lat="22.4196850198" lon="114.0553892256"><ele>211.000</ele></trkpt>
      <trkpt lat="22.4196823106" lon="114.0553891775"><ele>211.000</ele></trkpt>
      <trkpt lat="22.4196796023" lon="114.0553891128"><ele>211.000</ele></trkpt>
      <trkpt lat="22.4196768940" lon="114.0553890336"><ele>211.000</ele></trkpt>
      <trkpt lat="22.4196741866" lon="114.0553889369"><ele>211.000</ele></trkpt>
      <trkpt lat="22.4196714792" lon="114.0553888256"><ele>211.000</ele></trkpt>
      <trkpt lat="22.4196687727" lon="114.0553886978"><ele>210.000</ele></trkpt>
      <trkpt lat="22.4196660670" lon="114.0553885535"><ele>210.000</ele></trkpt>
      <trkpt lat="22.4196633623" lon="114.0553883936"><ele>210.000</ele></trkpt>
      <trkpt lat="22.4196606575" lon="114.0553882182"><ele>210.000</ele></trkpt>
      <trkpt lat="22.4196579546" lon="114.0553880273"><ele>210.000</ele></trkpt>
      <trkpt lat="22.4196552525" lon="114.0553878198"><ele>210.000</ele></trkpt>
      <trkpt lat="22.4196525513" lon="114.0553875959"><ele>210.000</ele></trkpt>
      <trkpt lat="22.4196498510" lon="114.0553873564"><ele>210.000</ele></trkpt>
      <trkpt lat="22.4196471525" lon="114.0553871013"><ele>210.000</ele></trkpt>
      <trkpt lat="22.4196429910" lon="114.0553866766"><ele>210.000</ele></trkpt>
      <trkpt lat="22.4196402889" lon="114.0553864653"><ele>210.000</ele></trkpt>
      <trkpt lat="22.4196375868" lon="114.0553862607"><ele>210.000</ele></trkpt>
      <trkpt lat="22.4196348838" lon="114.0553860630"><ele>210.000</ele></trkpt>
      <trkpt lat="22.4196321800" lon="114.0553858730"><ele>210.000</ele></trkpt>
      <trkpt lat="22.4196294761" lon="114.0553856889"><ele>210.000</ele></trkpt>
      <trkpt lat="22.4196267723" lon="114.0553855125"><ele>210.000</ele></trkpt>
      <trkpt lat="22.4196240675" lon="114.0553853430"><ele>208.000</ele></trkpt>
      <trkpt lat="22.4196213628" lon="114.0553851802"><ele>208.000</ele></trkpt>
      <trkpt lat="22.4196186580" lon="114.0553850242"><ele>208.000</ele></trkpt>
      <trkpt lat="22.4196159524" lon="114.0553848760"><ele>208.000</ele></trkpt>
      <trkpt lat="22.4196132458" lon="114.0553847337"><ele>208.000</ele></trkpt>
      <trkpt lat="22.4196105402" lon="114.0553845991"><ele>208.000</ele></trkpt>
      <trkpt lat="22.4196078337" lon="114.0553844713"><ele>208.000</ele></trkpt>
      <trkpt lat="22.4196051263" lon="114.0553843503"><ele>208.000</ele></trkpt>
      <trkpt lat="22.4196024197" lon="114.0553842370"><ele>208.000</ele></trkpt>
      <trkpt lat="22.4195997123" lon="114.0553841296"><ele>208.000</ele></trkpt>
      <trkpt lat="22.4195970049" lon="114.0553840300"><ele>208.000</ele></trkpt>
      <trkpt lat="22.4195942966" lon="114.0553839372"><ele>208.000</ele></trkpt>
      <trkpt lat="22.4195915892" lon="114.0553838511"><ele>208.000</ele></trkpt>
      <trkpt lat="22.4195888809" lon="114.0553837719"><ele>208.000</ele></trkpt>
      <trkpt lat="22.4195861726" lon="114.0553836995"><ele>208.000</ele></trkpt>
      <trkpt lat="22.4195834643" lon="114.0553836348"><ele>208.000</ele></trkpt>
      <trkpt lat="22.4195807552" lon="114.0553835769"><ele>208.000</ele></trkpt>
      <trkpt lat="22.4195780469" lon="114.0553835259"><ele>208.000</ele></trkpt>
      <trkpt lat="22.4195753377" lon="114.0553834816"><ele>208.000</ele></trkpt>
      <trkpt lat="22.4195726285" lon="114.0553834441"><ele>208.000</ele></trkpt>
      <trkpt lat="22.4195699203" lon="114.0553834144"><ele>208.000</ele></trkpt>
      <trkpt lat="22.4195672111" lon="114.0553833915"><ele>208.000</ele></trkpt>
      <trkpt lat="22.4195645020" lon="114.0553833754"><ele>208.000</ele></trkpt>
      <trkpt lat="22.4195617928" lon="114.0553833661"><ele>208.000</ele></trkpt>
      <trkpt lat="22.4195574889" lon="114.0553833660"><ele>208.000</ele></trkpt>
      <trkpt lat="22.4195547824" lon="114.0553832450"><ele>208.000</ele></trkpt>
      <trkpt lat="22.4195520732" lon="114.0553832270"><ele>208.000</ele></trkpt>
      <trkpt lat="22.4195493651" lon="114.0553833109"><ele>208.000</ele></trkpt>
      <trkpt lat="22.4195466615" lon="114.0553834978"><ele>208.000</ele></trkpt>
      <trkpt lat="22.4195439661" lon="114.0553837876"><ele>208.000</ele></trkpt>
      <trkpt lat="22.4195412816" lon="114.0553841785"><ele>208.000</ele></trkpt>
      <trkpt lat="22.4195386117" lon="114.0553846713"><ele>208.000</ele></trkpt>
      <trkpt lat="22.4195359599" lon="114.0553852651"><ele>208.000</ele></trkpt>
      <trkpt lat="22.4195333289" lon="114.0553859600"><ele>206.000</ele></trkpt>
      <trkpt lat="22.4195307224" lon="114.0553867528"><ele>206.000</ele></trkpt>
      <trkpt lat="22.4195281431" lon="114.0553876448"><ele>206.000</ele></trkpt>
      <trkpt lat="22.4195241582" lon="114.0553892402"><ele>206.000</ele></trkpt>
      <trkpt lat="22.4195215880" lon="114.0553901613"><ele>206.000</ele></trkpt>
      <trkpt lat="22.4195190014" lon="114.0553910289"><ele>206.000</ele></trkpt>
      <trkpt lat="22.4195164003" lon="114.0553918413"><ele>206.000</ele></trkpt>
      <trkpt lat="22.4195137848" lon="114.0553926002"><ele>206.000</ele></trkpt>
      <trkpt lat="22.4195111556" lon="114.0553933037"><ele>206.000</ele></trkpt>
      <trkpt lat="22.4195085147" lon="114.0553939529"><ele>206.000</ele></trkpt>
      <trkpt lat="22.4195058620" lon="114.0553945458"><ele>206.000</ele></trkpt>
      <trkpt lat="22.4195032002" lon="114.0553950842"><ele>206.000</ele></trkpt>
      <trkpt lat="22.4195005285" lon="114.0553955664"><ele>206.000</ele></trkpt>
      <trkpt lat="22.4194978485" lon="114.0553959922"><ele>206.000</ele></trkpt>
      <trkpt lat="22.4194951613" lon="114.0553963626"><ele>206.000</ele></trkpt>
      <trkpt lat="22.4194924678" lon="114.0553966768"><ele>206.000</ele></trkpt>
      <trkpt lat="22.4194897688" lon="114.0553969346"><ele>206.000</ele></trkpt>
      <trkpt lat="22.4194870661" lon="114.0553971350"><ele>204.000</ele></trkpt>
      <trkpt lat="22.4194831741" lon="114.0553996900"><ele>204.000</ele></trkpt>
      <trkpt lat="22.4194465519" lon="114.0553984757"><ele>204.000</ele></trkpt>
      <trkpt lat="22.4194102997" lon="114.0554052771"><ele>204.000</ele></trkpt>
      <trkpt lat="22.4193889538" lon="114.0554080832"><ele>204.000</ele></trkpt>
      <trkpt lat="22.4193739171" lon="114.0554116726"><ele>205.000</ele></trkpt>
      <trkpt lat="22.4193584453" lon="114.0554153653"><ele>205.000</ele></trkpt>
      <trkpt lat="22.4193359649" lon="114.0554226112"><ele>206.000</ele></trkpt>
      <trkpt lat="22.4193134828" lon="114.0554276329"><ele>206.000</ele></trkpt>
      <trkpt lat="22.4192969466" lon="114.0554257241"><ele>206.000</ele></trkpt>
      <trkpt lat="22.4192785779" lon="114.0554248077"><ele>206.000</ele></trkpt>
      <trkpt lat="22.4192641211" lon="114.0554261023"><ele>206.000</ele></trkpt>
      <trkpt lat="22.4192512745" lon="114.0554310865"><ele>208.000</ele></trkpt>
      <trkpt lat="22.4192352337" lon="114.0554395506"><ele>208.000</ele></trkpt>
      <trkpt lat="22.4192316638" lon="114.0554417605"><ele>208.000</ele></trkpt>
      <trkpt lat="22.4192202163" lon="114.0554399231"><ele>208.000</ele></trkpt>
      <trkpt lat="22.4191878216" lon="114.0554247117"><ele>208.000</ele></trkpt>
      <trkpt lat="22.4191569639" lon="114.0554118204"><ele>208.000</ele></trkpt>
      <trkpt lat="22.4191310425" lon="114.0553946026"><ele>208.000</ele></trkpt>
      <trkpt lat="22.4191068498" lon="114.0553824243"><ele>208.000</ele></trkpt>
      <trkpt lat="22.4190889685" lon="114.0553811869"><ele>208.000</ele></trkpt>
      <trkpt lat="22.4190607211" lon="114.0553690412"><ele>207.000</ele></trkpt>
      <trkpt lat="22.4190304699" lon="114.0553461840"><ele>205.000</ele></trkpt>
      <trkpt lat="22.4189990645" lon="114.0553255812"><ele>205.000</ele></trkpt>
      <trkpt lat="22.4189718547" lon="114.0553002641"><ele>204.000</ele></trkpt>
      <trkpt lat="22.4189434740" lon="114.0552909868"><ele>204.000</ele></trkpt>
      <trkpt lat="22.4189418627" lon="114.0552894662"><ele>204.000</ele></trkpt>
      <trkpt lat="22.4189398267" lon="114.0552875438"><ele>204.000</ele></trkpt>
      <trkpt lat="22.4189377916" lon="114.0552856215"><ele>204.000</ele></trkpt>
      <trkpt lat="22.4189357556" lon="114.0552836991"><ele>204.000</ele></trkpt>
      <trkpt lat="22.4189347091" lon="114.0552827093"><ele>204.000</ele></trkpt>
      <trkpt lat="22.4189324371" lon="114.0552815390"><ele>204.000</ele></trkpt>
      <trkpt lat="22.4189302107" lon="114.0552798829"><ele>204.000</ele></trkpt>
      <trkpt lat="22.4189272869" lon="114.0552765908"><ele>204.000</ele></trkpt>
      <trkpt lat="22.4189251129" lon="114.0552748522"><ele>204.000</ele></trkpt>
      <trkpt lat="22.4189229415" lon="114.0552731097"><ele>204.000</ele></trkpt>
      <trkpt lat="22.4189207729" lon="114.0552713642"><ele>204.000</ele></trkpt>
      <trkpt lat="22.4189186070" lon="114.0552696139"><ele>204.000</ele></trkpt>
      <trkpt lat="22.4189164438" lon="114.0552678597"><ele>204.000</ele></trkpt>
      <trkpt lat="22.4189142833" lon="114.0552661016"><ele>204.000</ele></trkpt>
      <trkpt lat="22.4189121255" lon="114.0552643396"><ele>204.000</ele></trkpt>
      <trkpt lat="22.4189099704" lon="114.0552625738"><ele>204.000</ele></trkpt>
      <trkpt lat="22.4189078180" lon="114.0552608050"><ele>204.000</ele></trkpt>
      <trkpt lat="22.4189056683" lon="114.0552590313"><ele>204.000</ele></trkpt>
      <trkpt lat="22.4189035213" lon="114.0552572548"><ele>204.000</ele></trkpt>
      <trkpt lat="22.4189013770" lon="114.0552554734"><ele>204.000</ele></trkpt>
      <trkpt lat="22.4188992355" lon="114.0552536890"><ele>204.000</ele></trkpt>
      <trkpt lat="22.4188970966" lon="114.0552518999"><ele>204.000</ele></trkpt>
      <trkpt lat="22.4188949605" lon="114.0552501078"><ele>204.000</ele></trkpt>
      <trkpt lat="22.4188928270" lon="114.0552483118"><ele>204.000</ele></trkpt>
      <trkpt lat="22.4188906972" lon="114.0552465119"><ele>204.000</ele></trkpt>
      <trkpt lat="22.4188885692" lon="114.0552447081"><ele>204.000</ele></trkpt>
      <trkpt lat="22.4188864447" lon="114.0552429005"><ele>204.000</ele></trkpt>
      <trkpt lat="22.4188843221" lon="114.0552410889"><ele>204.000</ele></trkpt>
      <trkpt lat="22.4188822031" lon="114.0552392735"><ele>204.000</ele></trkpt>
      <trkpt lat="22.4188800868" lon="114.0552374551"><ele>204.000</ele></trkpt>
      <trkpt lat="22.4188779723" lon="114.0552356319"><ele>204.000</ele></trkpt>
      <trkpt lat="22.4188758623" lon="114.0552338058"><ele>204.000</ele></trkpt>
      <trkpt lat="22.4188737541" lon="114.0552319758"><ele>204.000</ele></trkpt>
      <trkpt lat="22.4188716486" lon="114.0552301419"><ele>204.000</ele></trkpt>
      <trkpt lat="22.4188695459" lon="114.0552283041"><ele>204.000</ele></trkpt>
      <trkpt lat="22.4188674467" lon="114.0552264625"><ele>204.000</ele></trkpt>
      <trkpt lat="22.4188653502" lon="114.0552246169"><ele>204.000</ele></trkpt>
      <trkpt lat="22.4188632556" lon="114.0552227684"><ele>204.000</ele></trkpt>
      <trkpt lat="22.4188611645" lon="114.0552209161"><ele>204.000</ele></trkpt>
      <trkpt lat="22.4188590771" lon="114.0552190588"><ele>204.000</ele></trkpt>
      <trkpt lat="22.4188569915" lon="114.0552171987"><ele>205.000</ele></trkpt>
      <trkpt lat="22.4188549085" lon="114.0552153357"><ele>204.000</ele></trkpt>
      <trkpt lat="22.4188528292" lon="114.0552134677"><ele>204.000</ele></trkpt>
      <trkpt lat="22.4188507526" lon="114.0552115969"><ele>204.000</ele></trkpt>
      <trkpt lat="22.4188486787" lon="114.0552097212"><ele>204.000</ele></trkpt>
      <trkpt lat="22.4188466084" lon="114.0552078426"><ele>204.000</ele></trkpt>
      <trkpt lat="22.4188445399" lon="114.0552059611"><ele>204.000</ele></trkpt>
      <trkpt lat="22.4188424751" lon="114.0552040747"><ele>204.000</ele></trkpt>
      <trkpt lat="22.4188404129" lon="114.0552021854"><ele>204.000</ele></trkpt>
      <trkpt lat="22.4188383534" lon="114.0552002913"><ele>204.000</ele></trkpt>
      <trkpt lat="22.4188362966" lon="114.0551983942"><ele>204.000</ele></trkpt>
      <trkpt lat="22.4188342435" lon="114.0551964942"><ele>204.000</ele></trkpt>
      <trkpt lat="22.4188321930" lon="114.0551945894"><ele>204.000</ele></trkpt>
      <trkpt lat="22.4188301453" lon="114.0551926816"><ele>204.000</ele></trkpt>
      <trkpt lat="22.4188281012" lon="114.0551907700"><ele>204.000</ele></trkpt>
      <trkpt lat="22.4188260588" lon="114.0551888544"><ele>204.000</ele></trkpt>
      <trkpt lat="22.4188240201" lon="114.0551869360"><ele>204.000</ele></trkpt>
      <trkpt lat="22.4188219850" lon="114.0551850136"><ele>204.000</ele></trkpt>
      <trkpt lat="22.4188199517" lon="114.0551830874"><ele>204.000</ele></trkpt>
      <trkpt lat="22.4188179220" lon="114.0551811573"><ele>204.000</ele></trkpt>
      <trkpt lat="22.4188158950" lon="114.0551792242"><ele>204.000</ele></trkpt>
      <trkpt lat="22.4188138716" lon="114.0551772863"><ele>204.000</ele></trkpt>
      <trkpt lat="22.4188118501" lon="114.0551753465"><ele>206.000</ele></trkpt>
      <trkpt lat="22.4188098330" lon="114.0551734018"><ele>206.000</ele></trkpt>
      <trkpt lat="22.4188078177" lon="114.0551714542"><ele>206.000</ele></trkpt>
      <trkpt lat="22.4188058061" lon="114.0551695027"><ele>206.000</ele></trkpt>
      <trkpt lat="22.4188037971" lon="114.0551675473"><ele>206.000</ele></trkpt>
      <trkpt lat="22.4188017909" lon="114.0551655890"><ele>206.000</ele></trkpt>
      <trkpt lat="22.4187997883" lon="114.0551636268"><ele>206.000</ele></trkpt>
      <trkpt lat="22.4187977884" lon="114.0551616607"><ele>206.000</ele></trkpt>
      <trkpt lat="22.4187957920" lon="114.0551596917"><ele>206.000</ele></trkpt>
      <trkpt lat="22.4187937975" lon="114.0551577188"><ele>206.000</ele></trkpt>
      <trkpt lat="22.4187918075" lon="114.0551557430"><ele>206.000</ele></trkpt>
      <trkpt lat="22.4187898193" lon="114.0551537624"><ele>206.000</ele></trkpt>
      <trkpt lat="22.4187878348" lon="114.0551517798"><ele>206.000</ele></trkpt>
      <trkpt lat="22.4187858538" lon="114.0551497923"><ele>206.000</ele></trkpt>
      <trkpt lat="22.4187838746" lon="114.0551478019"><ele>206.000</ele></trkpt>
      <trkpt lat="22.4187818990" lon="114.0551458077"><ele>206.000</ele></trkpt>
      <trkpt lat="22.4187799271" lon="114.0551438105"><ele>206.000</ele></trkpt>
      <trkpt lat="22.4187779578" lon="114.0551418094"><ele>206.000</ele></trkpt>
      <trkpt lat="22.4187759913" lon="114.0551398045"><ele>206.000</ele></trkpt>
      <trkpt lat="22.4187740284" lon="114.0551377966"><ele>206.000</ele></trkpt>
      <trkpt lat="22.4187720691" lon="114.0551357848"><ele>206.000</ele></trkpt>
      <trkpt lat="22.4187701115" lon="114.0551337701"><ele>206.000</ele></trkpt>
      <trkpt lat="22.4187681576" lon="114.0551317516"><ele>206.000</ele></trkpt>
      <trkpt lat="22.4187662073" lon="114.0551297291"><ele>208.000</ele></trkpt>
      <trkpt lat="22.4187642597" lon="114.0551277037"><ele>208.000</ele></trkpt>
      <trkpt lat="22.4187623158" lon="114.0551256745"><ele>208.000</ele></trkpt>
      <trkpt lat="22.4187603745" lon="114.0551236423"><ele>208.000</ele></trkpt>
      <trkpt lat="22.4187584359" lon="114.0551216062"><ele>208.000</ele></trkpt>
      <trkpt lat="22.4187565009" lon="114.0551195663"><ele>208.000</ele></trkpt>
      <trkpt lat="22.4187545687" lon="114.0551175244"><ele>208.000</ele></trkpt>
      <trkpt lat="22.4187526401" lon="114.0551154776"><ele>208.000</ele></trkpt>
      <trkpt lat="22.4187507150" lon="114.0551134279"><ele>208.000</ele></trkpt>
      <trkpt lat="22.4187487927" lon="114.0551113744"><ele>208.000</ele></trkpt>
      <trkpt lat="22.4187468731" lon="114.0551093179"><ele>208.000</ele></trkpt>
      <trkpt lat="22.4187449571" lon="114.0551072585"><ele>208.000</ele></trkpt>
      <trkpt lat="22.4187430447" lon="114.0551051952"><ele>208.000</ele></trkpt>
      <trkpt lat="22.4187411350" lon="114.0551031281"><ele>208.000</ele></trkpt>
      <trkpt lat="22.4187392280" lon="114.0551010580"><ele>208.000</ele></trkpt>
      <trkpt lat="22.4187373246" lon="114.0550989840"><ele>208.000</ele></trkpt>
      <trkpt lat="22.4187349756" lon="114.0550964160"><ele>208.000</ele></trkpt>
      <trkpt lat="22.4187334711" lon="114.0550939930"><ele>208.000</ele></trkpt>
      <trkpt lat="22.4187319342" lon="114.0550915933"><ele>208.000</ele></trkpt>
      <trkpt lat="22.4187303665" lon="114.0550892180"><ele>208.000</ele></trkpt>
      <trkpt lat="22.4187287663" lon="114.0550868659"><ele>208.000</ele></trkpt>
      <trkpt lat="22.4187271355" lon="114.0550845392"><ele>208.000</ele></trkpt>
      <trkpt lat="22.4187254739" lon="114.0550822377"><ele>208.000</ele></trkpt>
      <trkpt lat="22.4187237817" lon="114.0550799625"><ele>208.000</ele></trkpt>
      <trkpt lat="22.4187220597" lon="114.0550777135"><ele>208.000</ele></trkpt>
      <trkpt lat="22.4187203079" lon="114.0550754908"><ele>210.000</ele></trkpt>
      <trkpt lat="22.4187185264" lon="114.0550732953"><ele>210.000</ele></trkpt>
      <trkpt lat="22.4187167168" lon="114.0550711271"><ele>210.000</ele></trkpt>
      <trkpt lat="22.4187148775" lon="114.0550689870"><ele>210.000</ele></trkpt>
      <trkpt lat="22.4187130111" lon="114.0550668751"><ele>210.000</ele></trkpt>
      <trkpt lat="22.4187111159" lon="114.0550647934"><ele>210.000</ele></trkpt>
      <trkpt lat="22.4187091936" lon="114.0550627398"><ele>210.000</ele></trkpt>
      <trkpt lat="22.4187072442" lon="114.0550607164"><ele>210.000</ele></trkpt>
      <trkpt lat="22.4187052686" lon="114.0550587231"><ele>210.000</ele></trkpt>
      <trkpt lat="22.4187032660" lon="114.0550567599"><ele>210.000</ele></trkpt>
      <trkpt lat="22.4187012381" lon="114.0550548279"><ele>210.000</ele></trkpt>
      <trkpt lat="22.4186991849" lon="114.0550529279"><ele>210.000</ele></trkpt>
      <trkpt lat="22.4186971056" lon="114.0550510590"><ele>210.000</ele></trkpt>
      <trkpt lat="22.4186950028" lon="114.0550492222"><ele>210.000</ele></trkpt>
      <trkpt lat="22.4186928757" lon="114.0550474184"><ele>210.000</ele></trkpt>
      <trkpt lat="22.4186907242" lon="114.0550456467"><ele>210.000</ele></trkpt>
      <trkpt lat="22.4186885502" lon="114.0550439091"><ele>210.000</ele></trkpt>
      <trkpt lat="22.4186863527" lon="114.0550422044"><ele>210.000</ele></trkpt>
      <trkpt lat="22.4186841326" lon="114.0550405338"><ele>210.000</ele></trkpt>
      <trkpt lat="22.4186818909" lon="114.0550388982"><ele>210.000</ele></trkpt>
      <trkpt lat="22.4186796276" lon="114.0550372966"><ele>210.000</ele></trkpt>
      <trkpt lat="22.4186773435" lon="114.0550357299"><ele>210.000</ele></trkpt>
      <trkpt lat="22.4186750387" lon="114.0550341983"><ele>212.000</ele></trkpt>
      <trkpt lat="22.4186727140" lon="114.0550327026"><ele>212.000</ele></trkpt>
      <trkpt lat="22.4186703695" lon="114.0550312419"><ele>212.000</ele></trkpt>
      <trkpt lat="22.4186680061" lon="114.0550298181"><ele>212.000</ele></trkpt>
      <trkpt lat="22.4186656237" lon="114.0550284312"><ele>212.000</ele></trkpt>
      <trkpt lat="22.4186632233" lon="114.0550270803"><ele>212.000</ele></trkpt>
      <trkpt lat="22.4186608048" lon="114.0550257664"><ele>212.000</ele></trkpt>
      <trkpt lat="22.4186583692" lon="114.0550244903"><ele>212.000</ele></trkpt>
      <trkpt lat="22.4186559174" lon="114.0550232511"><ele>212.000</ele></trkpt>
      <trkpt lat="22.4186534494" lon="114.0550220508"><ele>212.000</ele></trkpt>
      <trkpt lat="22.4186509652" lon="114.0550208874"><ele>212.000</ele></trkpt>
      <trkpt lat="22.4186484665" lon="114.0550197629"><ele>212.000</ele></trkpt>
      <trkpt lat="22.4186459525" lon="114.0550186763"><ele>212.000</ele></trkpt>
      <trkpt lat="22.4186434241" lon="114.0550176295"><ele>212.000</ele></trkpt>
      <trkpt lat="22.4186408821" lon="114.0550166207"><ele>212.000</ele></trkpt>
      <trkpt lat="22.4186383276" lon="114.0550156516"><ele>212.000</ele></trkpt>
      <trkpt lat="22.4186357604" lon="114.0550147214"><ele>212.000</ele></trkpt>
      <trkpt lat="22.4186331806" lon="114.0550138310"><ele>212.000</ele></trkpt>
      <trkpt lat="22.4186305901" lon="114.0550129805"><ele>214.000</ele></trkpt>
      <trkpt lat="22.4186279878" lon="114.0550121698"><ele>214.000</ele></trkpt>
      <trkpt lat="22.4186253747" lon="114.0550113990"><ele>214.000</ele></trkpt>
      <trkpt lat="22.4186227526" lon="114.0550106679"><ele>214.000</ele></trkpt>
      <trkpt lat="22.4186201206" lon="114.0550099777"><ele>214.000</ele></trkpt>
      <trkpt lat="22.4186174796" lon="114.0550093283"><ele>214.000</ele></trkpt>
      <trkpt lat="22.4186148305" lon="114.0550087187"><ele>214.000</ele></trkpt>
      <trkpt lat="22.4186121733" lon="114.0550081508"><ele>214.000</ele></trkpt>
      <trkpt lat="22.4186095089" lon="114.0550076229"><ele>214.000</ele></trkpt>
      <trkpt lat="22.4186068373" lon="114.0550071366"><ele>214.000</ele></trkpt>
      <trkpt lat="22.4186041604" lon="114.0550066912"><ele>214.000</ele></trkpt>
      <trkpt lat="22.4186014771" lon="114.0550062875"><ele>214.000</ele></trkpt>
      <trkpt lat="22.4185987894" lon="114.0550059247"><ele>214.000</ele></trkpt>
      <trkpt lat="22.4185960971" lon="114.0550056026"><ele>214.000</ele></trkpt>
      <trkpt lat="22.4185934004" lon="114.0550053223"><ele>214.000</ele></trkpt>
      <trkpt lat="22.4185907001" lon="114.0550050838"><ele>214.000</ele></trkpt>
      <trkpt lat="22.4185879972" lon="114.0550048871"><ele>214.000</ele></trkpt>
      <trkpt lat="22.4185852924" lon="114.0550047311"><ele>216.000</ele></trkpt>
      <trkpt lat="22.4185825850" lon="114.0550046169"><ele>216.000</ele></trkpt>
      <trkpt lat="22.4185789457" lon="114.0550045288"><ele>216.000</ele></trkpt>
      <trkpt lat="22.4185763092" lon="114.0550038580"><ele>216.000</ele></trkpt>
      <trkpt lat="22.4185736628" lon="114.0550032338"><ele>216.000</ele></trkpt>
      <trkpt lat="22.4185710074" lon="114.0550026572"><ele>216.000</ele></trkpt>
      <trkpt lat="22.4185683439" lon="114.0550021283"><ele>216.000</ele></trkpt>
      <trkpt lat="22.4185656714" lon="114.0550016469"><ele>216.000</ele></trkpt>
      <trkpt lat="22.4185629926" lon="114.0550012131"><ele>216.000</ele></trkpt>
      <trkpt lat="22.4185603076" lon="114.0550008270"><ele>216.000</ele></trkpt>
      <trkpt lat="22.4185576163" lon="114.0550004894"><ele>216.000</ele></trkpt>
      <trkpt lat="22.4185549214" lon="114.0550002003"><ele>216.000</ele></trkpt>
      <trkpt lat="22.4185522211" lon="114.0549999589"><ele>216.000</ele></trkpt>
      <trkpt lat="22.4185495181" lon="114.0549997650"><ele>216.000</ele></trkpt>
      <trkpt lat="22.4185468125" lon="114.0549996207"><ele>216.000</ele></trkpt>
      <trkpt lat="22.4185441041" lon="114.0549995240"><ele>216.000</ele></trkpt>
      <trkpt lat="22.4185413959" lon="114.0549994759"><ele>216.000</ele></trkpt>
      <trkpt lat="22.4185386867" lon="114.0549994763"><ele>219.000</ele></trkpt>
      <trkpt lat="22.4185359776" lon="114.0549995243"><ele>219.000</ele></trkpt>
      <trkpt lat="22.4185332704" lon="114.0549996219"><ele>219.000</ele></trkpt>
      <trkpt lat="22.4185305649" lon="114.0549997670"><ele>219.000</ele></trkpt>
      <trkpt lat="22.4185278614" lon="114.0549999607"><ele>219.000</ele></trkpt>
      <trkpt lat="22.4185251614" lon="114.0550002020"><ele>219.000</ele></trkpt>
      <trkpt lat="22.4185224661" lon="114.0550004919"><ele>219.000</ele></trkpt>
      <trkpt lat="22.4185197752" lon="114.0550008303"><ele>219.000</ele></trkpt>
      <trkpt lat="22.4185168876" lon="114.0550012475"><ele>219.000</ele></trkpt>
      <trkpt lat="22.4185142603" lon="114.0550019589"><ele>219.000</ele></trkpt>
      <trkpt lat="22.4185116330" lon="114.0550026692"><ele>219.000</ele></trkpt>
      <trkpt lat="22.4185090056" lon="114.0550033786"><ele>219.000</ele></trkpt>
      <trkpt lat="22.4185063783" lon="114.0550040880"><ele>219.000</ele></trkpt>
      <trkpt lat="22.4185037501" lon="114.0550047964"><ele>219.000</ele></trkpt>
      <trkpt lat="22.4185011227" lon="114.0550055048"><ele>219.000</ele></trkpt>
      <trkpt lat="22.4184984945" lon="114.0550062123"><ele>219.000</ele></trkpt>
      <trkpt lat="22.4184958662" lon="114.0550069187"><ele>222.000</ele></trkpt>
      <trkpt lat="22.4184932371" lon="114.0550076242"><ele>222.000</ele></trkpt>
      <trkpt lat="22.4184906089" lon="114.0550083297"><ele>222.000</ele></trkpt>
      <trkpt lat="22.4184879806" lon="114.0550090343"><ele>222.000</ele></trkpt>
      <trkpt lat="22.4184853515" lon="114.0550097388"><ele>222.000</ele></trkpt>
      <trkpt lat="22.4184827223" lon="114.0550104423"><ele>222.000</ele></trkpt>
      <trkpt lat="22.4184800932" lon="114.0550111449"><ele>222.000</ele></trkpt>
      <trkpt lat="22.4184774641" lon="114.0550118465"><ele>222.000</ele></trkpt>
      <trkpt lat="22.4184748340" lon="114.0550125482"><ele>222.000</ele></trkpt>
      <trkpt lat="22.4184722049" lon="114.0550132488"><ele>222.000</ele></trkpt>
      <trkpt lat="22.4184695748" lon="114.0550139495"><ele>222.000</ele></trkpt>
      <trkpt lat="22.4184669448" lon="114.0550146491"><ele>222.000</ele></trkpt>
      <trkpt lat="22.4184643147" lon="114.0550153478"><ele>222.000</ele></trkpt>
      <trkpt lat="22.4184616847" lon="114.0550160456"><ele>222.000</ele></trkpt>
      <trkpt lat="22.4184573509" lon="114.0550171955"><ele>222.000</ele></trkpt>
      <trkpt lat="22.4184546991" lon="114.0550177912"><ele>222.000</ele></trkpt>
      <trkpt lat="22.4184520473" lon="114.0550183880"><ele>222.000</ele></trkpt>
      <trkpt lat="22.4184493955" lon="114.0550189847"><ele>224.000</ele></trkpt>
      <trkpt lat="22.4184467437" lon="114.0550195824"><ele>224.000</ele></trkpt>
      <trkpt lat="22.4184440919" lon="114.0550201791"><ele>224.000</ele></trkpt>
      <trkpt lat="22.4184414410" lon="114.0550207769"><ele>224.000</ele></trkpt>
      <trkpt lat="22.4184387892" lon="114.0550213755"><ele>224.000</ele></trkpt>
      <trkpt lat="22.4184361374" lon="114.0550219732"><ele>224.000</ele></trkpt>
      <trkpt lat="22.4184334865" lon="114.0550225719"><ele>224.000</ele></trkpt>
      <trkpt lat="22.4184308347" lon="114.0550231706"><ele>224.000</ele></trkpt>
      <trkpt lat="22.4184281838" lon="114.0550237703"><ele>224.000</ele></trkpt>
      <trkpt lat="22.4184255330" lon="114.0550243689"><ele>224.000</ele></trkpt>
      <trkpt lat="22.4184228812" lon="114.0550249686"><ele>224.000</ele></trkpt>
      <trkpt lat="22.4184202303" lon="114.0550255692"><ele>224.000</ele></trkpt>
      <trkpt lat="22.4184175794" lon="114.0550261689"><ele>224.000</ele></trkpt>
      <trkpt lat="22.4184149285" lon="114.0550267695"><ele>224.000</ele></trkpt>
      <trkpt lat="22.4184122776" lon="114.0550273701"><ele>224.000</ele></trkpt>
      <trkpt lat="22.4184096267" lon="114.0550279717"><ele>224.000</ele></trkpt>
      <trkpt lat="22.4184069758" lon="114.0550285723"><ele>224.000</ele></trkpt>
      <trkpt lat="22.4184043249" lon="114.0550291739"><ele>226.000</ele></trkpt>
      <trkpt lat="22.4184016740" lon="114.0550297765"><ele>226.000</ele></trkpt>
      <trkpt lat="22.4183990240" lon="114.0550303781"><ele>226.000</ele></trkpt>
      <trkpt lat="22.4183963731" lon="114.0550309806"><ele>226.000</ele></trkpt>
      <trkpt lat="22.4183937222" lon="114.0550315832"><ele>226.000</ele></trkpt>
      <trkpt lat="22.4183910723" lon="114.0550321867"><ele>226.000</ele></trkpt>
      <trkpt lat="22.4183884214" lon="114.0550327893"><ele>226.000</ele></trkpt>
      <trkpt lat="22.4183857714" lon="114.0550333928"><ele>226.000</ele></trkpt>
      <trkpt lat="22.4183831205" lon="114.0550339973"><ele>226.000</ele></trkpt>
      <trkpt lat="22.4183804705" lon="114.0550346009"><ele>226.000</ele></trkpt>
      <trkpt lat="22.4183778205" lon="114.0550352054"><ele>226.000</ele></trkpt>
      <trkpt lat="22.4183751705" lon="114.0550358099"><ele>226.000</ele></trkpt>
      <trkpt lat="22.4183725196" lon="114.0550364153"><ele>226.000</ele></trkpt>
      <trkpt lat="22.4183698696" lon="114.0550370208"><ele>226.000</ele></trkpt>
      <trkpt lat="22.4183672197" lon="114.0550376263"><ele>226.000</ele></trkpt>
      <trkpt lat="22.4183645697" lon="114.0550382318"><ele>226.000</ele></trkpt>
      <trkpt lat="22.4183619206" lon="114.0550388382"><ele>226.000</ele></trkpt>
      <trkpt lat="22.4183592706" lon="114.0550394437"><ele>229.000</ele></trkpt>
      <trkpt lat="22.4183566206" lon="114.0550400511"><ele>229.000</ele></trkpt>
      <trkpt lat="22.4183539706" lon="114.0550406576"><ele>229.000</ele></trkpt>
      <trkpt lat="22.4183513216" lon="114.0550412650"><ele>229.000</ele></trkpt>
      <trkpt lat="22.4183472432" lon="114.0550422000"><ele>229.000</ele></trkpt>
      <trkpt lat="22.4183445533" lon="114.0550425442"><ele>229.000</ele></trkpt>
      <trkpt lat="22.4183418643" lon="114.0550429021"><ele>229.000</ele></trkpt>
      <trkpt lat="22.4183391780" lon="114.0550432754"><ele>229.000</ele></trkpt>
      <trkpt lat="22.4183364926" lon="114.0550436614"><ele>229.000</ele></trkpt>
      <trkpt lat="22.4183338091" lon="114.0550440620"><ele>229.000</ele></trkpt>
      <trkpt lat="22.4183311273" lon="114.0550444771"><ele>229.000</ele></trkpt>
      <trkpt lat="22.4183284483" lon="114.0550449059"><ele>229.000</ele></trkpt>
      <trkpt lat="22.4183257702" lon="114.0550453492"><ele>229.000</ele></trkpt>
      <trkpt lat="22.4183230948" lon="114.0550458061"><ele>229.000</ele></trkpt>
      <trkpt lat="22.4183204213" lon="114.0550462765"><ele>229.000</ele></trkpt>
      <trkpt lat="22.4183177495" lon="114.0550467616"><ele>229.000</ele></trkpt>
      <trkpt lat="22.4183150805" lon="114.0550472612"><ele>232.000</ele></trkpt>
      <trkpt lat="22.4183124142" lon="114.0550477735"><ele>232.000</ele></trkpt>
      <trkpt lat="22.4183097497" lon="114.0550483013"><ele>232.000</ele></trkpt>
      <trkpt lat="22.4183070870" lon="114.0550488417"><ele>232.000</ele></trkpt>
      <trkpt lat="22.4183044279" lon="114.0550493967"><ele>232.000</ele></trkpt>
      <trkpt lat="22.4183003513" lon="114.0550502753"><ele>232.000</ele></trkpt>
      <trkpt lat="22.4182976660" lon="114.0550506662"><ele>232.000</ele></trkpt>
      <trkpt lat="22.4182949861" lon="114.0550510910"><ele>232.000</ele></trkpt>
      <trkpt lat="22.4182923107" lon="114.0550515508"><ele>232.000</ele></trkpt>
      <trkpt lat="22.4182896407" lon="114.0550520437"><ele>232.000</ele></trkpt>
      <trkpt lat="22.4182869762" lon="114.0550525705"><ele>232.000</ele></trkpt>
      <trkpt lat="22.4182843181" lon="114.0550531313"><ele>232.000</ele></trkpt>
      <trkpt lat="22.4182816654" lon="114.0550537261"><ele>232.000</ele></trkpt>
      <trkpt lat="22.4182790199" lon="114.0550543539"><ele>232.000</ele></trkpt>
      <trkpt lat="22.4182763817" lon="114.0550550157"><ele>232.000</ele></trkpt>
      <trkpt lat="22.4182737508" lon="114.0550557115"><ele>232.000</ele></trkpt>
      <trkpt lat="22.4182711280" lon="114.0550564393"><ele>232.000</ele></trkpt>
      <trkpt lat="22.4182685133" lon="114.0550572021"><ele>233.000</ele></trkpt>
      <trkpt lat="22.4182659068" lon="114.0550579969"><ele>233.000</ele></trkpt>
      <trkpt lat="22.4182633094" lon="114.0550588258"><ele>233.000</ele></trkpt>
      <trkpt lat="22.4182607219" lon="114.0550596866"><ele>233.000</ele></trkpt>
      <trkpt lat="22.4182581435" lon="114.0550605805"><ele>233.000</ele></trkpt>
      <trkpt lat="22.4182555750" lon="114.0550615074"><ele>233.000</ele></trkpt>
      <trkpt lat="22.4182509284" lon="114.0550632782"><ele>233.000</ele></trkpt>
      <trkpt lat="22.4182485680" lon="114.0550647081"><ele>233.000</ele></trkpt>
      <trkpt lat="22.4182461822" lon="114.0550660874"><ele>233.000</ele></trkpt>
      <trkpt lat="22.4182437712" lon="114.0550674163"><ele>233.000</ele></trkpt>
      <trkpt lat="22.4182413367" lon="114.0550686947"><ele>233.000</ele></trkpt>
      <trkpt lat="22.4182388786" lon="114.0550699206"><ele>233.000</ele></trkpt>
      <trkpt lat="22.4182363988" lon="114.0550710942"><ele>234.000</ele></trkpt>
      <trkpt lat="22.4182338991" lon="114.0550722153"><ele>234.000</ele></trkpt>
      <trkpt lat="22.4182313786" lon="114.0550732839"><ele>234.000</ele></trkpt>
      <trkpt lat="22.4182288382" lon="114.0550742982"><ele>234.000</ele></trkpt>
      <trkpt lat="22.4182262806" lon="114.0550752591"><ele>234.000</ele></trkpt>
      <trkpt lat="22.4182237067" lon="114.0550761656"><ele>236.000</ele></trkpt>
      <trkpt lat="22.4182211156" lon="114.0550770177"><ele>236.000</ele></trkpt>
      <trkpt lat="22.4182185100" lon="114.0550778145"><ele>236.000</ele></trkpt>
      <trkpt lat="22.4182158899" lon="114.0550785559"><ele>236.000</ele></trkpt>
      <trkpt lat="22.4182132571" lon="114.0550792420"><ele>236.000</ele></trkpt>
      <trkpt lat="22.4182106117" lon="114.0550798718"><ele>236.000</ele></trkpt>
      <trkpt lat="22.4182079563" lon="114.0550804462"><ele>236.000</ele></trkpt>
      <trkpt lat="22.4182052899" lon="114.0550809642"><ele>236.000</ele></trkpt>
      <trkpt lat="22.4182026155" lon="114.0550814250"><ele>236.000</ele></trkpt>
      <trkpt lat="22.4181999319" lon="114.0550818304"><ele>236.000</ele></trkpt>
      <trkpt lat="22.4181971364" lon="114.0550821903"><ele>236.000</ele></trkpt>
      <trkpt lat="22.4181946059" lon="114.0550832308"><ele>236.000</ele></trkpt>
      <trkpt lat="22.4181920691" lon="114.0550842548"><ele>236.000</ele></trkpt>
      <trkpt lat="22.4181895278" lon="114.0550852623"><ele>236.000</ele></trkpt>
      <trkpt lat="22.4181869792" lon="114.0550862533"><ele>236.000</ele></trkpt>
      <trkpt lat="22.4181844262" lon="114.0550872268"><ele>236.000</ele></trkpt>
      <trkpt lat="22.4181818676" lon="114.0550881838"><ele>236.000</ele></trkpt>
      <trkpt lat="22.4181793028" lon="114.0550891243"><ele>238.000</ele></trkpt>
      <trkpt lat="22.4181767334" lon="114.0550900473"><ele>238.000</ele></trkpt>
      <trkpt lat="22.4181741586" lon="114.0550909538"><ele>238.000</ele></trkpt>
      <trkpt lat="22.4181715793" lon="114.0550918428"><ele>238.000</ele></trkpt>
      <trkpt lat="22.4181689936" lon="114.0550927153"><ele>238.000</ele></trkpt>
      <trkpt lat="22.4181664043" lon="114.0550935704"><ele>238.000</ele></trkpt>
      <trkpt lat="22.4181638096" lon="114.0550944089"><ele>238.000</ele></trkpt>
      <trkpt lat="22.4181612103" lon="114.0550952300"><ele>238.000</ele></trkpt>
      <trkpt lat="22.4181586065" lon="114.0550960335"><ele>238.000</ele></trkpt>
      <trkpt lat="22.4181243787" lon="114.0551049156"><ele>240.000</ele></trkpt>
      <trkpt lat="22.4180844451" lon="114.0551108713"><ele>242.000</ele></trkpt>
      <trkpt lat="22.4180553050" lon="114.0551184941"><ele>242.000</ele></trkpt>
      <trkpt lat="22.4180287153" lon="114.0551240157"><ele>244.000</ele></trkpt>
      <trkpt lat="22.4180027227" lon="114.0551321951"><ele>244.000</ele></trkpt>
      <trkpt lat="22.4179737774" lon="114.0551442759"><ele>247.000</ele></trkpt>
      <trkpt lat="22.4179659416" lon="114.0551465875"><ele>247.000</ele></trkpt>
      <trkpt lat="22.4179552646" lon="114.0551485452"><ele>247.000</ele></trkpt>
      <trkpt lat="22.4178455480" lon="114.0551593851"><ele>254.000</ele></trkpt>
      <trkpt lat="22.4177905017" lon="114.0551640107"><ele>256.000</ele></trkpt>
      <trkpt lat="22.4177488951" lon="114.0551728321"><ele>258.000</ele></trkpt>
      <trkpt lat="22.4177088005" lon="114.0551786209"><ele>260.000</ele></trkpt>
      <trkpt lat="22.4176736321" lon="114.0551699848"><ele>262.000</ele></trkpt>
      <trkpt lat="22.4176273113" lon="114.0551592624"><ele>261.000</ele></trkpt>
      <trkpt lat="22.4176003699" lon="114.0551582301"><ele>261.000</ele></trkpt>
      <trkpt lat="22.4175776633" lon="114.0551614017"><ele>258.000</ele></trkpt>
      <trkpt lat="22.4175403962" lon="114.0551658758"><ele>256.000</ele></trkpt>
      <trkpt lat="22.4175083582" lon="114.0551722860"><ele>257.000</ele></trkpt>
      <trkpt lat="22.4174324708" lon="114.0551737157"><ele>254.000</ele></trkpt>
      <trkpt lat="22.4174104498" lon="114.0551794751"><ele>252.000</ele></trkpt>
      <trkpt lat="22.4174001315" lon="114.0551842045"><ele>252.000</ele></trkpt>
      <trkpt lat="22.4173847654" lon="114.0551892103"><ele>252.000</ele></trkpt>
      <trkpt lat="22.4173705571" lon="114.0551966723"><ele>252.000</ele></trkpt>
      <trkpt lat="22.4173590916" lon="114.0552009171"><ele>250.000</ele></trkpt>
      <trkpt lat="22.4173418951" lon="114.0552096249"><ele>250.000</ele></trkpt>
      <trkpt lat="22.4173260684" lon="114.0552146214"><ele>250.000</ele></trkpt>
      <trkpt lat="22.4171835177" lon="114.0551963126"><ele>246.000</ele></trkpt>
      <trkpt lat="22.4170420556" lon="114.0551966359"><ele>244.000</ele></trkpt>
      <trkpt lat="22.4170251400" lon="114.0551946226"><ele>244.000</ele></trkpt>
      <trkpt lat="22.4170047339" lon="114.0551982730"><ele>243.000</ele></trkpt>
      <trkpt lat="22.4169930514" lon="114.0552020905"><ele>243.000</ele></trkpt>
      <trkpt lat="22.4169759101" lon="114.0552121290"><ele>243.000</ele></trkpt>
      <trkpt lat="22.4169626395" lon="114.0552176865"><ele>244.000</ele></trkpt>
      <trkpt lat="22.4169412918" lon="114.0552181324"><ele>242.000</ele></trkpt>
      <trkpt lat="22.4169167492" lon="114.0552210870"><ele>242.000</ele></trkpt>
      <trkpt lat="22.4168760269" lon="114.0552399846"><ele>242.000</ele></trkpt>
      <trkpt lat="22.4168627270" lon="114.0552425797"><ele>242.000</ele></trkpt>
      <trkpt lat="22.4168429862" lon="114.0552422764"><ele>242.000</ele></trkpt>
      <trkpt lat="22.4168252642" lon="114.0552367653"><ele>242.000</ele></trkpt>
      <trkpt lat="22.4168012687" lon="114.0552226639"><ele>242.000</ele></trkpt>
      <trkpt lat="22.4167747029" lon="114.0552011831"><ele>240.000</ele></trkpt>
      <trkpt lat="22.4167564804" lon="114.0551904956"><ele>240.000</ele></trkpt>
      <trkpt lat="22.4167159190" lon="114.0551711249"><ele>242.000</ele></trkpt>
      <trkpt lat="22.4166697891" lon="114.0551441444"><ele>242.000</ele></trkpt>
      <trkpt lat="22.4166399790" lon="114.0551194904"><ele>242.000</ele></trkpt>
      <trkpt lat="22.4166267239" lon="114.0550976290"><ele>242.000</ele></trkpt>
      <trkpt lat="22.4166172054" lon="114.0550851273"><ele>242.000</ele></trkpt>
      <trkpt lat="22.4165903650" lon="114.0550587127"><ele>244.000</ele></trkpt>
      <trkpt lat="22.4165543899" lon="114.0550378133"><ele>247.000</ele></trkpt>
      <trkpt lat="22.4165387562" lon="114.0550352433"><ele>247.000</ele></trkpt>
      <trkpt lat="22.4165203282" lon="114.0550275184"><ele>247.000</ele></trkpt>
      <trkpt lat="22.4165104084" lon="114.0550216800"><ele>248.000</ele></trkpt>
      <trkpt lat="22.4164861662" lon="114.0550038881"><ele>250.000</ele></trkpt>
      <trkpt lat="22.4164637378" lon="114.0549843463"><ele>250.000</ele></trkpt>
      <trkpt lat="22.4164366318" lon="114.0549529883"><ele>250.000</ele></trkpt>
      <trkpt lat="22.4164174573" lon="114.0549373676"><ele>252.000</ele></trkpt>
      <trkpt lat="22.4164080182" lon="114.0549342483"><ele>252.000</ele></trkpt>
      <trkpt lat="22.4163928456" lon="114.0549324162"><ele>252.000</ele></trkpt>
      <trkpt lat="22.4163435545" lon="114.0549407829"><ele>252.000</ele></trkpt>
      <trkpt lat="22.4163348020" lon="114.0549381487"><ele>252.000</ele></trkpt>
      <trkpt lat="22.4163107104" lon="114.0549403551"><ele>252.000</ele></trkpt>
      <trkpt lat="22.4162578698" lon="114.0549359140"><ele>252.000</ele></trkpt>
      <trkpt lat="22.4162093404" lon="114.0549245148"><ele>250.000</ele></trkpt>
      <trkpt lat="22.4161766307" lon="114.0549107514"><ele>250.000</ele></trkpt>
      <trkpt lat="22.4161255988" lon="114.0548739461"><ele>249.000</ele></trkpt>
      <trkpt lat="22.4160988979" lon="114.0548648103"><ele>249.000</ele></trkpt>
      <trkpt lat="22.4160793630" lon="114.0548622827"><ele>249.000</ele></trkpt>
      <trkpt lat="22.4160173484" lon="114.0548591608"><ele>249.000</ele></trkpt>
      <trkpt lat="22.4159787299" lon="114.0548536000"><ele>250.000</ele></trkpt>
      <trkpt lat="22.4159421396" lon="114.0548430743"><ele>250.000</ele></trkpt>
      <trkpt lat="22.4159090285" lon="114.0548359839"><ele>252.000</ele></trkpt>
      <trkpt lat="22.4158710970" lon="114.0548217414"><ele>254.000</ele></trkpt>
      <trkpt lat="22.4158520526" lon="114.0548169396"><ele>254.000</ele></trkpt>
      <trkpt lat="22.4158150845" lon="114.0548061296"><ele>256.000</ele></trkpt>
      <trkpt lat="22.4157657998" lon="114.0548013542"><ele>258.000</ele></trkpt>
      <trkpt lat="22.4157209942" lon="114.0547941662"><ele>261.000</ele></trkpt>
      <trkpt lat="22.4157008292" lon="114.0547881610"><ele>261.000</ele></trkpt>
      <trkpt lat="22.4156784191" lon="114.0547749297"><ele>262.000</ele></trkpt>
      <trkpt lat="22.4156656507" lon="114.0547603554"><ele>262.000</ele></trkpt>
      <trkpt lat="22.4156567556" lon="114.0547553951"><ele>262.000</ele></trkpt>
      <trkpt lat="22.4156445217" lon="114.0547466159"><ele>265.000</ele></trkpt>
      <trkpt lat="22.4156329538" lon="114.0547348737"><ele>265.000</ele></trkpt>
      <trkpt lat="22.4156234546" lon="114.0547241010"><ele>263.000</ele></trkpt>
      <trkpt lat="22.4156130439" lon="114.0547140673"><ele>263.000</ele></trkpt>
      <trkpt lat="22.4155866945" lon="114.0546920912"><ele>266.000</ele></trkpt>
      <trkpt lat="22.4155733041" lon="114.0546825943"><ele>264.000</ele></trkpt>
      <trkpt lat="22.4155615507" lon="114.0546762816"><ele>264.000</ele></trkpt>
      <trkpt lat="22.4155484164" lon="114.0546709706"><ele>267.000</ele></trkpt>
      <trkpt lat="22.4155101483" lon="114.0546510835"><ele>268.000</ele></trkpt>
      <trkpt lat="22.4155000231" lon="114.0546484602"><ele>268.000</ele></trkpt>
      <trkpt lat="22.4154880744" lon="114.0546466059"><ele>268.000</ele></trkpt>
      <trkpt lat="22.4154786756" lon="114.0546491588"><ele>268.000</ele></trkpt>
      <trkpt lat="22.4154676986" lon="114.0546544521"><ele>268.000</ele></trkpt>
      <trkpt lat="22.4154537020" lon="114.0546553190"><ele>268.000</ele></trkpt>
      <trkpt lat="22.4154435868" lon="114.0546539390"><ele>268.000</ele></trkpt>
      <trkpt lat="22.4154281582" lon="114.0546479112"><ele>268.000</ele></trkpt>
      <trkpt lat="22.4154226202" lon="114.0546447497"><ele>269.000</ele></trkpt>
      <trkpt lat="22.4154171011" lon="114.0546428315"><ele>269.000</ele></trkpt>
      <trkpt lat="22.4154088285" lon="114.0546419160"><ele>269.000</ele></trkpt>
      <trkpt lat="22.4154026443" lon="114.0546441942"><ele>269.000</ele></trkpt>
      <trkpt lat="22.4153957735" lon="114.0546459873"><ele>269.000</ele></trkpt>
      <trkpt lat="22.4153898243" lon="114.0546485178"><ele>269.000</ele></trkpt>
      <trkpt lat="22.4153815923" lon="114.0546535367"><ele>269.000</ele></trkpt>
      <trkpt lat="22.4153751920" lon="114.0546565532"><ele>270.000</ele></trkpt>
      <trkpt lat="22.4153520719" lon="114.0546656644"><ele>270.000</ele></trkpt>
      <trkpt lat="22.4153429173" lon="114.0546687125"><ele>270.000</ele></trkpt>
      <trkpt lat="22.4153181696" lon="114.0546751250"><ele>269.000</ele></trkpt>
      <trkpt lat="22.4152913436" lon="114.0546798202"><ele>269.000</ele></trkpt>
      <trkpt lat="22.4152587643" lon="114.0546833355"><ele>269.000</ele></trkpt>
      <trkpt lat="22.4152498154" lon="114.0546836736"><ele>269.000</ele></trkpt>
      <trkpt lat="22.4152344168" lon="114.0546815891"><ele>269.000</ele></trkpt>
      <trkpt lat="22.4152265950" lon="114.0546796923"><ele>269.000</ele></trkpt>
      <trkpt lat="22.4152201456" lon="114.0546775320"><ele>269.000</ele></trkpt>
      <trkpt lat="22.4152166855" lon="114.0546755828"><ele>269.000</ele></trkpt>
      <trkpt lat="22.4152070201" lon="114.0546719782"><ele>269.000</ele></trkpt>
      <trkpt lat="22.4152044815" lon="114.0546705138"><ele>269.000</ele></trkpt>
      <trkpt lat="22.4151899948" lon="114.0546681857"><ele>269.000</ele></trkpt>
      <trkpt lat="22.4151693626" lon="114.0546713409"><ele>269.000</ele></trkpt>
      <trkpt lat="22.4151473496" lon="114.0546757503"><ele>268.000</ele></trkpt>
      <trkpt lat="22.4151308343" lon="114.0546776295"><ele>268.000</ele></trkpt>
      <trkpt lat="22.4151191211" lon="114.0546767559"><ele>268.000</ele></trkpt>
      <trkpt lat="22.4151009189" lon="114.0546690212"><ele>268.000</ele></trkpt>
      <trkpt lat="22.4150776880" lon="114.0546630683"><ele>268.000</ele></trkpt>
      <trkpt lat="22.4150655143" lon="114.0546621951"><ele>268.000</ele></trkpt>
      <trkpt lat="22.4150547227" lon="114.0546620491"><ele>269.000</ele></trkpt>
      <trkpt lat="22.4150467054" lon="114.0546643483"><ele>269.000</ele></trkpt>
      <trkpt lat="22.4150268005" lon="114.0546739229"><ele>269.000</ele></trkpt>
      <trkpt lat="22.4150090127" lon="114.0546889055"><ele>271.000</ele></trkpt>
      <trkpt lat="22.4150016821" lon="114.0546916898"><ele>271.000</ele></trkpt>
      <trkpt lat="22.4149981800" lon="114.0546939782"><ele>271.000</ele></trkpt>
      <trkpt lat="22.4149975652" lon="114.0546929657"><ele>271.000</ele></trkpt>
      <trkpt lat="22.4149926933" lon="114.0546870841"><ele>271.000</ele></trkpt>
      <trkpt lat="22.4149838695" lon="114.0546738342"><ele>269.000</ele></trkpt>
      <trkpt lat="22.4149748315" lon="114.0546637993"><ele>269.000</ele></trkpt>
      <trkpt lat="22.4149598230" lon="114.0546520796"><ele>270.000</ele></trkpt>
      <trkpt lat="22.4149526472" lon="114.0546447432"><ele>270.000</ele></trkpt>
      <trkpt lat="22.4149397280" lon="114.0546372078"><ele>270.000</ele></trkpt>
      <trkpt lat="22.4149339647" lon="114.0546347944"><ele>268.000</ele></trkpt>
      <trkpt lat="22.4149231527" lon="114.0546314433"><ele>269.000</ele></trkpt>
      <trkpt lat="22.4149160067" lon="114.0546275548"><ele>269.000</ele></trkpt>
      <trkpt lat="22.4149090463" lon="114.0546184894"><ele>269.000</ele></trkpt>
      <trkpt lat="22.4148992815" lon="114.0546027733"><ele>269.000</ele></trkpt>
      <trkpt lat="22.4148946450" lon="114.0545976296"><ele>269.000</ele></trkpt>
      <trkpt lat="22.4148860970" lon="114.0545907995"><ele>269.000</ele></trkpt>
      <trkpt lat="22.4148729619" lon="114.0545844978"><ele>269.000</ele></trkpt>
      <trkpt lat="22.4148584345" lon="114.0545759926"><ele>269.000</ele></trkpt>
      <trkpt lat="22.4148498771" lon="114.0545686671"><ele>269.000</ele></trkpt>
      <trkpt lat="22.4148438580" lon="114.0545623009"><ele>269.000</ele></trkpt>
      <trkpt lat="22.4148311038" lon="114.0545461309"><ele>270.000</ele></trkpt>
      <trkpt lat="22.4148208978" lon="114.0545321441"><ele>270.000</ele></trkpt>
      <trkpt lat="22.4148090759" lon="114.0545189259"><ele>270.000</ele></trkpt>
      <trkpt lat="22.4148021351" lon="114.0545118321"><ele>270.000</ele></trkpt>
      <trkpt lat="22.4147885089" lon="114.0545008494"><ele>272.000</ele></trkpt>
      <trkpt lat="22.4147723650" lon="114.0544923553"><ele>272.000</ele></trkpt>
      <trkpt lat="22.4147447532" lon="114.0544849591"><ele>273.000</ele></trkpt>
      <trkpt lat="22.4147252176" lon="114.0544814408"><ele>273.000</ele></trkpt>
      <trkpt lat="22.4146960389" lon="114.0544797375"><ele>274.000</ele></trkpt>
      <trkpt lat="22.4146851010" lon="114.0544770568"><ele>274.000</ele></trkpt>
      <trkpt lat="22.4146801689" lon="114.0544751671"><ele>274.000</ele></trkpt>
      <trkpt lat="22.4146749569" lon="114.0544732389"><ele>274.000</ele></trkpt>
      <trkpt lat="22.4146696340" lon="114.0544681153"><ele>274.000</ele></trkpt>
      <trkpt lat="22.4146524373" lon="114.0544406633"><ele>277.000</ele></trkpt>
      <trkpt lat="22.4146419375" lon="114.0544202955"><ele>277.000</ele></trkpt>
      <trkpt lat="22.4146360836" lon="114.0544055570"><ele>277.000</ele></trkpt>
      <trkpt lat="22.4146334949" lon="114.0543976824"><ele>277.000</ele></trkpt>
      <trkpt lat="22.4146248279" lon="114.0543768080"><ele>277.000</ele></trkpt>
      <trkpt lat="22.4146136410" lon="114.0543554599"><ele>277.000</ele></trkpt>
      <trkpt lat="22.4146049738" lon="114.0543343330"><ele>280.000</ele></trkpt>
      <trkpt lat="22.4145911990" lon="114.0543061009"><ele>280.000</ele></trkpt>
      <trkpt lat="22.4145870127" lon="114.0542992378"><ele>280.000</ele></trkpt>
      <trkpt lat="22.4145823754" lon="114.0542931230"><ele>280.000</ele></trkpt>
      <trkpt lat="22.4145640427" lon="114.0542681487"><ele>282.000</ele></trkpt>
      <trkpt lat="22.4145603165" lon="114.0542607801"><ele>282.000</ele></trkpt>
      <trkpt lat="22.4145443569" lon="114.0542451569"><ele>283.000</ele></trkpt>
      <trkpt lat="22.4145330143" lon="114.0542329388"><ele>283.000</ele></trkpt>
      <trkpt lat="22.4145283775" lon="114.0542273193"><ele>283.000</ele></trkpt>
      <trkpt lat="22.4145193281" lon="114.0542143318"><ele>284.000</ele></trkpt>
      <trkpt lat="22.4145113972" lon="114.0541996146"><ele>286.000</ele></trkpt>
      <trkpt lat="22.4145018175" lon="114.0541780029"><ele>286.000</ele></trkpt>
      <trkpt lat="22.4144980921" lon="114.0541716250"><ele>286.000</ele></trkpt>
      <trkpt lat="22.4144928705" lon="114.0541654611"><ele>286.000</ele></trkpt>
      <trkpt lat="22.4144635668" lon="114.0541465853"><ele>286.000</ele></trkpt>
      <trkpt lat="22.4144596066" lon="114.0541437469"><ele>286.000</ele></trkpt>
      <trkpt lat="22.4144347735" lon="114.0541435220"><ele>286.000</ele></trkpt>
      <trkpt lat="22.4144348005" lon="114.0541410152"><ele>286.000</ele></trkpt>
      <trkpt lat="22.4144104932" lon="114.0541410180"><ele>286.000</ele></trkpt>
      <trkpt lat="22.4143932509" lon="114.0541453329"><ele>286.000</ele></trkpt>
      <trkpt lat="22.4143916849" lon="114.0541463201"><ele>286.000</ele></trkpt>
      <trkpt lat="22.4143850587" lon="114.0541491037"><ele>286.000</ele></trkpt>
      <trkpt lat="22.4143710911" lon="114.0541524571"><ele>287.000</ele></trkpt>
      <trkpt lat="22.4143491441" lon="114.0541605669"><ele>287.000</ele></trkpt>
      <trkpt lat="22.4143342746" lon="114.0541654071"><ele>288.000</ele></trkpt>
      <trkpt lat="22.4143271779" lon="114.0541669674"><ele>288.000</ele></trkpt>
      <trkpt lat="22.4143208292" lon="114.0541666524"><ele>288.000</ele></trkpt>
      <trkpt lat="22.4143139642" lon="114.0541642789"><ele>288.000</ele></trkpt>
      <trkpt lat="22.4143080105" lon="114.0541607973"><ele>288.000</ele></trkpt>
      <trkpt lat="22.4143029858" lon="114.0541558386"><ele>288.000</ele></trkpt>
      <trkpt lat="22.4142986557" lon="114.0541498983"><ele>286.000</ele></trkpt>
      <trkpt lat="22.4142978138" lon="114.0541471417"><ele>286.000</ele></trkpt>
      <trkpt lat="22.4142304669" lon="114.0541669600"><ele>287.000</ele></trkpt>
      <trkpt lat="22.4140562602" lon="114.0542182233"><ele>284.000</ele></trkpt>
      <trkpt lat="22.4139585659" lon="114.0542469715"><ele>284.000</ele></trkpt>
      <trkpt lat="22.4139497168" lon="114.0542551873"><ele>286.000</ele></trkpt>
      <trkpt lat="22.4139428747" lon="114.0542592045"><ele>286.000</ele></trkpt>
      <trkpt lat="22.4139357878" lon="114.0542617457"><ele>286.000</ele></trkpt>
      <trkpt lat="22.4139291519" lon="114.0542637912"><ele>286.000</ele></trkpt>
      <trkpt lat="22.4139218200" lon="114.0542648466"><ele>286.000</ele></trkpt>
      <trkpt lat="22.4139149384" lon="114.0542644252"><ele>286.000</ele></trkpt>
      <trkpt lat="22.4139084881" lon="114.0542610412"><ele>286.000</ele></trkpt>
      <trkpt lat="22.4139033910" lon="114.0542559078"><ele>286.000</ele></trkpt>
      <trkpt lat="22.4138994395" lon="114.0542490445"><ele>286.000</ele></trkpt>
      <trkpt lat="22.4138891743" lon="114.0542284339"><ele>282.000</ele></trkpt>
      <trkpt lat="22.4138842920" lon="114.0542208333"><ele>282.000</ele></trkpt>
      <trkpt lat="22.4138794200" lon="114.0542147187"><ele>282.000</ele></trkpt>
      <trkpt lat="22.4138572350" lon="114.0541947110"><ele>280.000</ele></trkpt>
      <trkpt lat="22.4138310992" lon="114.0541688307"><ele>280.000</ele></trkpt>
      <trkpt lat="22.4138190809" lon="114.0541585945"><ele>280.000</ele></trkpt>
      <trkpt lat="22.4138124044" lon="114.0541547154"><ele>280.000</ele></trkpt>
      <trkpt lat="22.4138054939" lon="114.0541518272"><ele>276.000</ele></trkpt>
      <trkpt lat="22.4137988280" lon="114.0541499196"><ele>276.000</ele></trkpt>
      <trkpt lat="22.4137848106" lon="114.0541471056"><ele>276.000</ele></trkpt>
      <trkpt lat="22.4137776839" lon="114.0541449557"><ele>276.000</ele></trkpt>
      <trkpt lat="22.4137709986" lon="114.0541413291"><ele>276.000</ele></trkpt>
      <trkpt lat="22.4137647735" lon="114.0541371970"><ele>276.000</ele></trkpt>
      <trkpt lat="22.4137589995" lon="114.0541325693"><ele>276.000</ele></trkpt>
      <trkpt lat="22.4137536858" lon="114.0541276885"><ele>276.000</ele></trkpt>
      <trkpt lat="22.4137483624" lon="114.0541218269"><ele>276.000</ele></trkpt>
      <trkpt lat="22.4137346764" lon="114.0541034629"><ele>273.000</ele></trkpt>
      <trkpt lat="22.4137300396" lon="114.0540980862"><ele>273.000</ele></trkpt>
      <trkpt lat="22.4137258629" lon="114.0540919613"><ele>273.000</ele></trkpt>
      <trkpt lat="22.4137212158" lon="114.0540848558"><ele>273.000</ele></trkpt>
      <trkpt lat="22.4137095783" lon="114.0540647418"><ele>273.000</ele></trkpt>
      <trkpt lat="22.4137032550" lon="114.0540502563"><ele>268.000</ele></trkpt>
      <trkpt lat="22.4136987831" lon="114.0540359926"><ele>268.000</ele></trkpt>
      <trkpt lat="22.4136954487" lon="114.0540212228"><ele>268.000</ele></trkpt>
      <trkpt lat="22.4136930265" lon="114.0540066950"><ele>268.000</ele></trkpt>
      <trkpt lat="22.4136911243" lon="114.0539990724"><ele>264.000</ele></trkpt>
      <trkpt lat="22.4136859663" lon="114.0539850618"><ele>264.000</ele></trkpt>
      <trkpt lat="22.4136763874" lon="114.0539644409"><ele>264.000</ele></trkpt>
      <trkpt lat="22.4136675641" lon="114.0539519487"><ele>262.000</ele></trkpt>
      <trkpt lat="22.4136638383" lon="114.0539450755"><ele>262.000</ele></trkpt>
      <trkpt lat="22.4136547899" lon="114.0539333314"><ele>262.000</ele></trkpt>
      <trkpt lat="22.4136499274" lon="114.0539279550"><ele>262.000</ele></trkpt>
      <trkpt lat="22.4136381435" lon="114.0539172136"><ele>262.000</ele></trkpt>
      <trkpt lat="22.4136325851" lon="114.0539111093"><ele>262.000</ele></trkpt>
      <trkpt lat="22.4136193598" lon="114.0538929878"><ele>260.000</ele></trkpt>
      <trkpt lat="22.4136151732" lon="114.0538858819"><ele>260.000</ele></trkpt>
      <trkpt lat="22.4136118990" lon="114.0538790084"><ele>260.000</ele></trkpt>
      <trkpt lat="22.4136095458" lon="114.0538721243"><ele>260.000</ele></trkpt>
      <trkpt lat="22.4135992708" lon="114.0538505230"><ele>258.000</ele></trkpt>
      <trkpt lat="22.4135919011" lon="114.0538399303"><ele>258.000</ele></trkpt>
      <trkpt lat="22.4135611681" lon="114.0538285976"><ele>258.000</ele></trkpt>
      <trkpt lat="22.4135469145" lon="114.0538371309"><ele>258.000</ele></trkpt>
      <trkpt lat="22.4135421777" lon="114.0538592893"><ele>258.000</ele></trkpt>
      <trkpt lat="22.4135485503" lon="114.0539052956"><ele>260.000</ele></trkpt>
      <trkpt lat="22.4135359002" lon="114.0539393897"><ele>261.000</ele></trkpt>
      <trkpt lat="22.4135137294" lon="114.0539547472"><ele>260.000</ele></trkpt>
      <trkpt lat="22.4134867985" lon="114.0539615871"><ele>261.000</ele></trkpt>
      <trkpt lat="22.4134281727" lon="114.0539616386"><ele>257.000</ele></trkpt>
      <trkpt lat="22.4133584548" lon="114.0539617000"><ele>256.000</ele></trkpt>
      <trkpt lat="22.4133410187" lon="114.0539592386"><ele>254.000</ele></trkpt>
      <trkpt lat="22.4133341274" lon="114.0539578267"><ele>252.000</ele></trkpt>
      <trkpt lat="22.4133270005" lon="114.0539554340"><ele>252.000</ele></trkpt>
      <trkpt lat="22.4133207755" lon="114.0539515447"><ele>252.000</ele></trkpt>
      <trkpt lat="22.4133150015" lon="114.0539469170"><ele>252.000</ele></trkpt>
      <trkpt lat="22.4132985909" lon="114.0539320422"><ele>252.000</ele></trkpt>
      <trkpt lat="22.4132921404" lon="114.0539284057"><ele>252.000</ele></trkpt>
      <trkpt lat="22.4132796811" lon="114.0539201513"><ele>252.000</ele></trkpt>
      <trkpt lat="22.4132591736" lon="114.0539092526"><ele>250.000</ele></trkpt>
      <trkpt lat="22.4132351857" lon="114.0538934715"><ele>250.000</ele></trkpt>
      <trkpt lat="22.4132095997" lon="114.0538781872"><ele>250.000</ele></trkpt>
      <trkpt lat="22.4132038258" lon="114.0538735594"><ele>250.000</ele></trkpt>
      <trkpt lat="22.4131931985" lon="114.0538637981"><ele>250.000</ele></trkpt>
      <trkpt lat="22.4131776899" lon="114.0538476793"><ele>250.000</ele></trkpt>
      <trkpt lat="22.4131732878" lon="114.0538420500"><ele>250.000</ele></trkpt>
      <trkpt lat="22.4131679650" lon="114.0538369265"><ele>250.000</ele></trkpt>
      <trkpt lat="22.4131621904" lon="114.0538315606"><ele>250.000</ele></trkpt>
      <trkpt lat="22.4131508778" lon="114.0538230430"><ele>250.000</ele></trkpt>
      <trkpt lat="22.4131448878" lon="114.0538193964"><ele>250.000</ele></trkpt>
      <trkpt lat="22.4131384378" lon="114.0538165078"><ele>250.000</ele></trkpt>
      <trkpt lat="22.4131276352" lon="114.0538136618"><ele>250.000</ele></trkpt>
      <trkpt lat="22.4131205189" lon="114.0538132408"><ele>252.000</ele></trkpt>
      <trkpt lat="22.4131060800" lon="114.0538143704"><ele>252.000</ele></trkpt>
      <trkpt lat="22.4130911706" lon="114.0538142767"><ele>252.000</ele></trkpt>
      <trkpt lat="22.4130769370" lon="114.0538122010"><ele>252.000</ele></trkpt>
      <trkpt lat="22.4130698207" lon="114.0538117800"><ele>252.000</ele></trkpt>
      <trkpt lat="22.4130627139" lon="114.0538120970"><ele>252.000</ele></trkpt>
      <trkpt lat="22.4130601921" lon="114.0538125431"><ele>252.000</ele></trkpt>
      <trkpt lat="22.4130567241" lon="114.0538087127"><ele>252.000</ele></trkpt>
      <trkpt lat="22.4130366678" lon="114.0537973182"><ele>252.000</ele></trkpt>
      <trkpt lat="22.4130302271" lon="114.0537946724"><ele>254.000</ele></trkpt>
      <trkpt lat="22.4130152882" lon="114.0537913736"><ele>254.000</ele></trkpt>
      <trkpt lat="22.4129937027" lon="114.0537878961"><ele>254.000</ele></trkpt>
      <trkpt lat="22.4129718626" lon="114.0537821947"><ele>254.000</ele></trkpt>
      <trkpt lat="22.4129647262" lon="114.0537790639"><ele>254.000</ele></trkpt>
      <trkpt lat="22.4129442084" lon="114.0537664461"><ele>254.000</ele></trkpt>
      <trkpt lat="22.4129262002" lon="114.0537528160"><ele>252.000</ele></trkpt>
      <trkpt lat="22.4129104757" lon="114.0537376784"><ele>252.000</ele></trkpt>
      <trkpt lat="22.4129002900" lon="114.0537266832"><ele>252.000</ele></trkpt>
      <trkpt lat="22.4128856920" lon="114.0537085824"><ele>251.000</ele></trkpt>
      <trkpt lat="22.4128644192" lon="114.0536888169"><ele>251.000</ele></trkpt>
      <trkpt lat="22.4128477630" lon="114.0536717183"><ele>251.000</ele></trkpt>
      <trkpt lat="22.4128429003" lon="114.0536660991"><ele>250.000</ele></trkpt>
      <trkpt lat="22.4128380186" lon="114.0536592367"><ele>250.000</ele></trkpt>
      <trkpt lat="22.4128285284" lon="114.0536484837"><ele>250.000</ele></trkpt>
      <trkpt lat="22.4128238817" lon="114.0536418736"><ele>250.000</ele></trkpt>
      <trkpt lat="22.4128178121" lon="114.0536286118"><ele>250.000</ele></trkpt>
      <trkpt lat="22.4128140865" lon="114.0536219912"><ele>250.000</ele></trkpt>
      <trkpt lat="22.4127973615" lon="114.0535974918"><ele>250.000</ele></trkpt>
      <trkpt lat="22.4127876359" lon="114.0535860008"><ele>250.000</ele></trkpt>
      <trkpt lat="22.4127825481" lon="114.0535811200"><ele>250.000</ele></trkpt>
      <trkpt lat="22.4127760983" lon="114.0535784645"><ele>250.000</ele></trkpt>
      <trkpt lat="22.4127735293" lon="114.0535728238"><ele>250.000</ele></trkpt>
      <trkpt lat="22.4127688724" lon="114.0535647278"><ele>246.000</ele></trkpt>
      <trkpt lat="22.4127508543" lon="114.0535498642"><ele>248.000</ele></trkpt>
      <trkpt lat="22.4127409036" lon="114.0535391116"><ele>248.000</ele></trkpt>
      <trkpt lat="22.4127212083" lon="114.0535156347"><ele>247.000</ele></trkpt>
      <trkpt lat="22.4127105121" lon="114.0534984725"><ele>248.000</ele></trkpt>
      <trkpt lat="22.4127056193" lon="114.0534889004"><ele>248.000</ele></trkpt>
      <trkpt lat="22.4126979531" lon="114.0534778836"><ele>248.000</ele></trkpt>
      <trkpt lat="22.4126924046" lon="114.0534730031"><ele>246.000</ele></trkpt>
      <trkpt lat="22.4126836401" lon="114.0534664356"><ele>246.000</ele></trkpt>
      <trkpt lat="22.4126737292" lon="114.0534606169"><ele>246.000</ele></trkpt>
      <trkpt lat="22.4126640544" lon="114.0534565171"><ele>247.000</ele></trkpt>
      <trkpt lat="22.4126360188" lon="114.0534498985"><ele>247.000</ele></trkpt>
      <trkpt lat="22.4126171680" lon="114.0534444179"><ele>248.000</ele></trkpt>
      <trkpt lat="22.4125790264" lon="114.0534366720"><ele>248.000</ele></trkpt>
      <trkpt lat="22.4125507657" lon="114.0534310443"><ele>248.000</ele></trkpt>
      <trkpt lat="22.4125215728" lon="114.0534227077"><ele>247.000</ele></trkpt>
      <trkpt lat="22.4125128288" lon="114.0534193452"><ele>247.000</ele></trkpt>
      <trkpt lat="22.4124932426" lon="114.0534086886"><ele>247.000</ele></trkpt>
      <trkpt lat="22.4124842633" lon="114.0534048310"><ele>247.000</ele></trkpt>
      <trkpt lat="22.4124706569" lon="114.0533963350"><ele>247.000</ele></trkpt>
      <trkpt lat="22.4124651179" lon="114.0533919498"><ele>247.000</ele></trkpt>
      <trkpt lat="22.4124600297" lon="114.0533865834"><ele>247.000</ele></trkpt>
      <trkpt lat="22.4124412266" lon="114.0533608718"><ele>246.000</ele></trkpt>
      <trkpt lat="22.4124361385" lon="114.0533557385"><ele>246.000</ele></trkpt>
      <trkpt lat="22.4124271396" lon="114.0533496665"><ele>246.000</ele></trkpt>
      <trkpt lat="22.4124084844" lon="114.0533402425"><ele>246.000</ele></trkpt>
      <trkpt lat="22.4123985639" lon="114.0533336760"><ele>246.000</ele></trkpt>
      <trkpt lat="22.4123791433" lon="114.0533151327"><ele>245.000</ele></trkpt>
      <trkpt lat="22.4123493905" lon="114.0532949573"><ele>246.000</ele></trkpt>
      <trkpt lat="22.4123422249" lon="114.0532891167"><ele>246.000</ele></trkpt>
      <trkpt lat="22.4123172657" lon="114.0532669168"><ele>244.000</ele></trkpt>
      <trkpt lat="22.4123110112" lon="114.0532598323"><ele>244.000</ele></trkpt>
      <trkpt lat="22.4123066087" lon="114.0532537077"><ele>246.000</ele></trkpt>
      <trkpt lat="22.4123005594" lon="114.0532434082"><ele>246.000</ele></trkpt>
      <trkpt lat="22.4122968043" lon="114.0532335826"><ele>246.000</ele></trkpt>
      <trkpt lat="22.4122859000" lon="114.0531922563"><ele>244.000</ele></trkpt>
      <trkpt lat="22.4122795854" lon="114.0531775185"><ele>242.000</ele></trkpt>
      <trkpt lat="22.4122744482" lon="114.0531672085"><ele>242.000</ele></trkpt>
      <trkpt lat="22.4122602612" lon="114.0531434257"><ele>244.000</ele></trkpt>
      <trkpt lat="22.4122504767" lon="114.0531257675"><ele>244.000</ele></trkpt>
      <trkpt lat="22.4122353095" lon="114.0530955754"><ele>244.000</ele></trkpt>
      <trkpt lat="22.4122254653" lon="114.0530707592"><ele>242.000</ele></trkpt>
      <trkpt lat="22.4122052265" lon="114.0530097931"><ele>244.000</ele></trkpt>
      <trkpt lat="22.4122019215" lon="114.0529982383"><ele>244.000</ele></trkpt>
      <trkpt lat="22.4121973910" lon="114.0529783028"><ele>243.000</ele></trkpt>
      <trkpt lat="22.4121862612" lon="114.0529374623"><ele>242.000</ele></trkpt>
      <trkpt lat="22.4121838681" lon="114.0529256445"><ele>242.000</ele></trkpt>
      <trkpt lat="22.4121823270" lon="114.0529061725"><ele>242.000</ele></trkpt>
      <trkpt lat="22.4121791684" lon="114.0528852451"><ele>241.000</ele></trkpt>
      <trkpt lat="22.4121781769" lon="114.0528758736"><ele>241.000</ele></trkpt>
      <trkpt lat="22.4121783134" lon="114.0528655200"><ele>241.000</ele></trkpt>
      <trkpt lat="22.4121798320" lon="114.0528556315"><ele>241.000</ele></trkpt>
      <trkpt lat="22.4121806639" lon="114.0528452676"><ele>241.000</ele></trkpt>
      <trkpt lat="22.4121811810" lon="114.0528247838"><ele>241.000</ele></trkpt>
      <trkpt lat="22.4121792881" lon="114.0528176468"><ele>241.000</ele></trkpt>
      <trkpt lat="22.4121808170" lon="114.0528094968"><ele>241.000</ele></trkpt>
      <trkpt lat="22.4121883812" lon="114.0527815378"><ele>241.000</ele></trkpt>
      <trkpt lat="22.4121896934" lon="114.0527733880"><ele>241.000</ele></trkpt>
      <trkpt lat="22.4121896139" lon="114.0527640156"><ele>241.000</ele></trkpt>
      <trkpt lat="22.4121822397" lon="114.0527335058"><ele>242.000</ele></trkpt>
      <trkpt lat="22.4121788754" lon="114.0527152787"><ele>242.000</ele></trkpt>
      <trkpt lat="22.4121741195" lon="114.0526958387"><ele>241.000</ele></trkpt>
      <trkpt lat="22.4121712952" lon="114.0526869932"><ele>244.000</ele></trkpt>
      <trkpt lat="22.4121668441" lon="114.0526764301"><ele>244.000</ele></trkpt>
      <trkpt lat="22.4121583322" lon="114.0526461739"><ele>244.000</ele></trkpt>
      <trkpt lat="22.4121550369" lon="114.0526356000"><ele>244.000</ele></trkpt>
      <trkpt lat="22.4121503507" lon="114.0526245515"><ele>244.000</ele></trkpt>
      <trkpt lat="22.4121450069" lon="114.0526157277"><ele>244.000</ele></trkpt>
      <trkpt lat="22.4121361837" lon="114.0526034785"><ele>244.000</ele></trkpt>
      <trkpt lat="22.4121285564" lon="114.0525961622"><ele>242.000</ele></trkpt>
      <trkpt lat="22.4121218119" lon="114.0525861159"><ele>246.000</ele></trkpt>
      <trkpt lat="22.4121078598" lon="114.0525625757"><ele>246.000</ele></trkpt>
      <trkpt lat="22.4120929775" lon="114.0525390462"><ele>245.000</ele></trkpt>
      <trkpt lat="22.4120873891" lon="114.0525292319"><ele>245.000</ele></trkpt>
      <trkpt lat="22.4120778104" lon="114.0525091067"><ele>246.000</ele></trkpt>
      <trkpt lat="22.4120740546" lon="114.0524985333"><ele>248.000</ele></trkpt>
      <trkpt lat="22.4120661370" lon="114.0524777850"><ele>248.000</ele></trkpt>
      <trkpt lat="22.4120506835" lon="114.0524277800"><ele>247.000</ele></trkpt>
      <trkpt lat="22.4120377997" lon="114.0523844548"><ele>246.000</ele></trkpt>
      <trkpt lat="22.4120332807" lon="114.0523208817"><ele>249.000</ele></trkpt>
      <trkpt lat="22.4120141695" lon="114.0522470944"><ele>250.000</ele></trkpt>
      <trkpt lat="22.4120016385" lon="114.0522279624"><ele>250.000</ele></trkpt>
      <trkpt lat="22.4119612817" lon="114.0521933253"><ele>252.000</ele></trkpt>
      <trkpt lat="22.4119047098" lon="114.0521517097"><ele>252.000</ele></trkpt>
      <trkpt lat="22.4118523626" lon="114.0521315353"><ele>250.000</ele></trkpt>
      <trkpt lat="22.4117878580" lon="114.0521198506"><ele>248.000</ele></trkpt>
      <trkpt lat="22.4117339592" lon="114.0520901789"><ele>248.000</ele></trkpt>
      <trkpt lat="22.4116681148" lon="114.0520626158"><ele>246.000</ele></trkpt>
      <trkpt lat="22.4116212243" lon="114.0520569954"><ele>244.000</ele></trkpt>
      <trkpt lat="22.4115834196" lon="114.0520412563"><ele>243.000</ele></trkpt>
      <trkpt lat="22.4115405571" lon="114.0520246282"><ele>243.000</ele></trkpt>
      <trkpt lat="22.4114948790" lon="114.0520139349"><ele>240.000</ele></trkpt>
      <trkpt lat="22.4114532833" lon="114.0520086905"><ele>240.000</ele></trkpt>
      <trkpt lat="22.4114324213" lon="114.0520066113"><ele>240.000</ele></trkpt>
      <trkpt lat="22.4114179819" lon="114.0520070224"><ele>240.000</ele></trkpt>
      <trkpt lat="22.4114104224" lon="114.0520057471"><ele>240.000</ele></trkpt>
      <trkpt lat="22.4114035487" lon="114.0520037428"><ele>240.000</ele></trkpt>
      <trkpt lat="22.4113971439" lon="114.0520009902"><ele>240.000</ele></trkpt>
      <trkpt lat="22.4113911990" lon="114.0519972563"><ele>240.000</ele></trkpt>
      <trkpt lat="22.4113854969" lon="114.0519922887"><ele>240.000</ele></trkpt>
      <trkpt lat="22.4113747695" lon="114.0519816244"><ele>240.000</ele></trkpt>
      <trkpt lat="22.4113686069" lon="114.0519766572"><ele>240.000</ele></trkpt>
      <trkpt lat="22.4113622020" lon="114.0519736618"><ele>240.000</ele></trkpt>
      <trkpt lat="22.4113548680" lon="114.0519721435"><ele>238.000</ele></trkpt>
      <trkpt lat="22.4113475347" lon="114.0519713634"><ele>238.000</ele></trkpt>
      <trkpt lat="22.4113321576" lon="114.0519737469"><ele>238.000</ele></trkpt>
      <trkpt lat="22.4113174921" lon="114.0519736726"><ele>238.000</ele></trkpt>
      <trkpt lat="22.4113101583" lon="114.0519723972"><ele>238.000</ele></trkpt>
      <trkpt lat="22.4112964280" lon="114.0519671454"><ele>238.000</ele></trkpt>
      <trkpt lat="22.4112895702" lon="114.0519624216"><ele>238.000</ele></trkpt>
      <trkpt lat="22.4112843283" lon="114.0519569582"><ele>238.000</ele></trkpt>
      <trkpt lat="22.4112759023" lon="114.0519445825"><ele>238.000</ele></trkpt>
      <trkpt lat="22.4112711116" lon="114.0519386332"><ele>238.000</ele></trkpt>
      <trkpt lat="22.4112658695" lon="114.0519329367"><ele>238.000</ele></trkpt>
      <trkpt lat="22.4112597070" lon="114.0519282123"><ele>238.000</ele></trkpt>
      <trkpt lat="22.4112471222" lon="114.0519212404"><ele>238.000</ele></trkpt>
      <trkpt lat="22.4111933706" lon="114.0518950458"><ele>240.000</ele></trkpt>
      <trkpt lat="22.4111807948" lon="114.0518880739"><ele>240.000</ele></trkpt>
      <trkpt lat="22.4111684530" lon="114.0518801111"><ele>240.000</ele></trkpt>
      <trkpt lat="22.4111625165" lon="114.0518756391"><ele>240.000</ele></trkpt>
      <trkpt lat="22.4111515639" lon="114.0518657132"><ele>240.000</ele></trkpt>
      <trkpt lat="22.4111460870" lon="114.0518600072"><ele>240.000</ele></trkpt>
      <trkpt lat="22.4111399160" lon="114.0518557782"><ele>240.000</ele></trkpt>
      <trkpt lat="22.4111207008" lon="114.0518463064"><ele>242.000</ele></trkpt>
      <trkpt lat="22.4111094976" lon="114.0518393333"><ele>242.000</ele></trkpt>
      <trkpt lat="22.4111026168" lon="114.0518397959"><ele>242.000</ele></trkpt>
      <trkpt lat="22.4110725813" lon="114.0518396286"><ele>244.000</ele></trkpt>
      <trkpt lat="22.4110650218" lon="114.0518383533"><ele>244.000</ele></trkpt>
      <trkpt lat="22.4110375620" lon="114.0518290832"><ele>247.000</ele></trkpt>
      <trkpt lat="22.4110302278" lon="114.0518273124"><ele>247.000</ele></trkpt>
      <trkpt lat="22.4110231289" lon="114.0518260367"><ele>247.000</ele></trkpt>
      <trkpt lat="22.4110091403" lon="114.0518254762"><ele>247.000</ele></trkpt>
      <trkpt lat="22.4109944824" lon="114.0518236634"><ele>248.000</ele></trkpt>
      <trkpt lat="22.4109883111" lon="114.0518191916"><ele>250.000</ele></trkpt>
      <trkpt lat="22.4109839811" lon="114.0518134943"><ele>250.000</ele></trkpt>
      <trkpt lat="22.4109803453" lon="114.0518063202"><ele>250.000</ele></trkpt>
      <trkpt lat="22.4109790123" lon="114.0517991634"><ele>250.000</ele></trkpt>
      <trkpt lat="22.4109766016" lon="114.0517764485"><ele>250.000</ele></trkpt>
      <trkpt lat="22.4109734731" lon="114.0517596587"><ele>250.000</ele></trkpt>
      <trkpt lat="22.4109682849" lon="114.0517418704"><ele>250.000</ele></trkpt>
      <trkpt lat="22.4109610214" lon="114.0517262887"><ele>250.000</ele></trkpt>
      <trkpt lat="22.4109573863" lon="114.0517201052"><ele>250.000</ele></trkpt>
      <trkpt lat="22.4109530563" lon="114.0517144080"><ele>250.000</ele></trkpt>
      <trkpt lat="22.4109427979" lon="114.0517030052"><ele>252.000</ele></trkpt>
      <trkpt lat="22.4109293477" lon="114.0516863995"><ele>252.000</ele></trkpt>
      <trkpt lat="22.4109024409" lon="114.0516566554"><ele>253.000</ele></trkpt>
      <trkpt lat="22.4108885461" lon="114.0516373404"><ele>253.000</ele></trkpt>
      <trkpt lat="22.4108799026" lon="114.0516239743"><ele>254.000</ele></trkpt>
      <trkpt lat="22.4108671626" lon="114.0516031820"><ele>254.000</ele></trkpt>
      <trkpt lat="22.4108575903" lon="114.0515915358"><ele>254.000</ele></trkpt>
      <trkpt lat="22.4108477993" lon="114.0515774229"><ele>254.000</ele></trkpt>
      <trkpt lat="22.4108423309" lon="114.0515709789"><ele>254.000</ele></trkpt>
      <trkpt lat="22.4108165627" lon="114.0515422245"><ele>254.000</ele></trkpt>
      <trkpt lat="22.4108099474" lon="114.0515357717"><ele>254.000</ele></trkpt>
      <trkpt lat="22.4107903028" lon="114.0515198806"><ele>254.000</ele></trkpt>
      <trkpt lat="22.4107686001" lon="114.0515049626"><ele>256.000</ele></trkpt>
      <trkpt lat="22.4107560237" lon="114.0514972429"><ele>256.000</ele></trkpt>
      <trkpt lat="22.4106798118" lon="114.0514692039"><ele>260.000</ele></trkpt>
      <trkpt lat="22.4106436675" lon="114.0514519873"><ele>260.000</ele></trkpt>
      <trkpt lat="22.4106363495" lon="114.0514477594"><ele>260.000</ele></trkpt>
      <trkpt lat="22.4106306390" lon="114.0514435299"><ele>260.000</ele></trkpt>
      <trkpt lat="22.4106244759" lon="114.0514380674"><ele>260.000</ele></trkpt>
      <trkpt lat="22.4106164870" lon="114.0514303825"><ele>260.000</ele></trkpt>
      <trkpt lat="22.4106032641" lon="114.0514157580"><ele>260.000</ele></trkpt>
      <trkpt lat="22.4105989341" lon="114.0514100607"><ele>260.000</ele></trkpt>
      <trkpt lat="22.4105941822" lon="114.0514030557"><ele>260.000</ele></trkpt>
      <trkpt lat="22.4105945539" lon="114.0513978661"><ele>260.000</ele></trkpt>
      <trkpt lat="22.4105938908" lon="114.0513929328"><ele>260.000</ele></trkpt>
      <trkpt lat="22.4105910473" lon="114.0513826306"><ele>260.000</ele></trkpt>
      <trkpt lat="22.4105885968" lon="114.0513668310"><ele>260.000</ele></trkpt>
      <trkpt lat="22.4105868024" lon="114.0513586840"><ele>260.000</ele></trkpt>
      <trkpt lat="22.4105846105" lon="114.0513386884"><ele>260.000</ele></trkpt>
      <trkpt lat="22.4105805853" lon="114.0513184419"><ele>260.000</ele></trkpt>
      <trkpt lat="22.4105741172" lon="114.0512806670"><ele>259.000</ele></trkpt>
      <trkpt lat="22.4105676428" lon="114.0512463399"><ele>259.000</ele></trkpt>
      <trkpt lat="22.4105658949" lon="114.0512283252"><ele>258.000</ele></trkpt>
      <trkpt lat="22.4105654813" lon="114.0512189435"><ele>258.000</ele></trkpt>
      <trkpt lat="22.4105617440" lon="114.0511858669"><ele>257.000</ele></trkpt>
      <trkpt lat="22.4105604018" lon="114.0511784576"><ele>257.000</ele></trkpt>
      <trkpt lat="22.4105586464" lon="114.0511624146"><ele>257.000</ele></trkpt>
      <trkpt lat="22.4105570870" lon="114.0511545199"><ele>257.000</ele></trkpt>
      <trkpt lat="22.4105543713" lon="114.0511461115"><ele>257.000</ele></trkpt>
      <trkpt lat="22.4105509701" lon="114.0511386944"><ele>256.000</ele></trkpt>
      <trkpt lat="22.4105439179" lon="114.0511278036"><ele>258.000</ele></trkpt>
      <trkpt lat="22.4105345792" lon="114.0511146810"><ele>258.000</ele></trkpt>
      <trkpt lat="22.4105195376" lon="114.0510956002"><ele>258.000</ele></trkpt>
      <trkpt lat="22.4105152159" lon="114.0510889220"><ele>256.000</ele></trkpt>
      <trkpt lat="22.4105131873" lon="114.0510815037"><ele>256.000</ele></trkpt>
      <trkpt lat="22.4105117359" lon="114.0510499207"><ele>256.000</ele></trkpt>
      <trkpt lat="22.4105104101" lon="114.0510405398"><ele>254.000</ele></trkpt>
      <trkpt lat="22.4105081552" lon="114.0510323933"><ele>254.000</ele></trkpt>
      <trkpt lat="22.4105056751" lon="114.0510249753"><ele>254.000</ele></trkpt>
      <trkpt lat="22.4104913748" lon="114.0509952978"><ele>254.000</ele></trkpt>
      <trkpt lat="22.4104877393" lon="114.0509886190"><ele>254.000</ele></trkpt>
      <trkpt lat="22.4104847900" lon="114.0509816969"><ele>254.000</ele></trkpt>
      <trkpt lat="22.4104768795" lon="114.0509587053"><ele>254.000</ele></trkpt>
      <trkpt lat="22.4104656132" lon="114.0509172053"><ele>252.000</ele></trkpt>
      <trkpt lat="22.4104629534" lon="114.0508994342"><ele>250.000</ele></trkpt>
      <trkpt lat="22.4104625396" lon="114.0508898097"><ele>250.000</ele></trkpt>
      <trkpt lat="22.4104628047" lon="114.0508824087"><ele>250.000</ele></trkpt>
      <trkpt lat="22.4104700289" lon="114.0508590151"><ele>250.000</ele></trkpt>
      <trkpt lat="22.4104797734" lon="114.0508366195"><ele>248.000</ele></trkpt>
      <trkpt lat="22.4104814106" lon="114.0508284889"><ele>248.000</ele></trkpt>
      <trkpt lat="22.4104821440" lon="114.0508193587"><ele>248.000</ele></trkpt>
      <trkpt lat="22.4104817148" lon="114.0508131918"><ele>248.000</ele></trkpt>
      <trkpt lat="22.4104806157" lon="114.0508050442"><ele>248.000</ele></trkpt>
      <trkpt lat="22.4104753882" lon="114.0507948996"><ele>246.000</ele></trkpt>
      <trkpt lat="22.4104671885" lon="114.0507832620"><ele>246.000</ele></trkpt>
      <trkpt lat="22.4104626329" lon="114.0507778175"><ele>246.000</ele></trkpt>
      <trkpt lat="22.4104548699" lon="114.0507703752"><ele>246.000</ele></trkpt>
      <trkpt lat="22.4104484726" lon="114.0507656511"><ele>246.000</ele></trkpt>
      <trkpt lat="22.4104420761" lon="114.0507619177"><ele>246.000</ele></trkpt>
      <trkpt lat="22.4104336116" lon="114.0507581667"><ele>246.000</ele></trkpt>
      <trkpt lat="22.4104024917" lon="114.0507454231"><ele>243.000</ele></trkpt>
      <trkpt lat="22.4103885271" lon="114.0507409001"><ele>243.000</ele></trkpt>
      <trkpt lat="22.4103747965" lon="114.0507354056"><ele>243.000</ele></trkpt>
      <trkpt lat="22.4103677048" lon="114.0507319156"><ele>243.000</ele></trkpt>
      <trkpt lat="22.4103535378" lon="114.0507227115"><ele>242.000</ele></trkpt>
      <trkpt lat="22.4103489816" lon="114.0507165192"><ele>242.000</ele></trkpt>
      <trkpt lat="22.4103444329" lon="114.0507083553"><ele>242.000</ele></trkpt>
      <trkpt lat="22.4103394241" lon="114.0507006774"><ele>239.000</ele></trkpt>
      <trkpt lat="22.4103344156" lon="114.0506934948"><ele>239.000</ele></trkpt>
      <trkpt lat="22.4103296254" lon="114.0506882934"><ele>239.000</ele></trkpt>
      <trkpt lat="22.4103129615" lon="114.0506734001"><ele>238.000</ele></trkpt>
      <trkpt lat="22.4103008620" lon="114.0506634657"><ele>238.000</ele></trkpt>
      <trkpt lat="22.4102933175" lon="114.0506582473"><ele>236.000</ele></trkpt>
      <trkpt lat="22.4102805308" lon="114.0506473229"><ele>236.000</ele></trkpt>
      <trkpt lat="22.4102739076" lon="114.0506423562"><ele>234.000</ele></trkpt>
      <trkpt lat="22.4102672761" lon="114.0506383704"><ele>234.000</ele></trkpt>
      <trkpt lat="22.4102528668" lon="114.0506311381"><ele>234.000</ele></trkpt>
      <trkpt lat="22.4102450896" lon="114.0506286297"><ele>234.000</ele></trkpt>
      <trkpt lat="22.4102203274" lon="114.0506277585"><ele>234.000</ele></trkpt>
      <trkpt lat="22.4101891452" lon="114.0506278352"><ele>234.000</ele></trkpt>
      <trkpt lat="22.4101747133" lon="114.0506262749"><ele>234.000</ele></trkpt>
      <trkpt lat="22.4101673794" lon="114.0506247567"><ele>234.000</ele></trkpt>
      <trkpt lat="22.4101435697" lon="114.0506179699"><ele>234.000</ele></trkpt>
      <trkpt lat="22.4101341766" lon="114.0506161913"><ele>232.000</ele></trkpt>
      <trkpt lat="22.4101181530" lon="114.0506116605"><ele>232.000</ele></trkpt>
      <trkpt lat="22.4101035011" lon="114.0506059144"><ele>230.000</ele></trkpt>
      <trkpt lat="22.4100968785" lon="114.0506016761"><ele>230.000</ele></trkpt>
      <trkpt lat="22.4100845435" lon="114.0505910038"><ele>230.000</ele></trkpt>
      <trkpt lat="22.4100770238" lon="114.0505828232"><ele>230.000</ele></trkpt>
      <trkpt lat="22.4100635894" lon="114.0505635079"><ele>230.000</ele></trkpt>
      <trkpt lat="22.4100466984" lon="114.0505468959"><ele>228.000</ele></trkpt>
      <trkpt lat="22.4100396229" lon="114.0505409292"><ele>228.000</ele></trkpt>
      <trkpt lat="22.4100179193" lon="114.0505250305"><ele>228.000</ele></trkpt>
      <trkpt lat="22.4099961845" lon="114.0505155419"><ele>226.000</ele></trkpt>
      <trkpt lat="22.4099870261" lon="114.0505135106"><ele>226.000</ele></trkpt>
      <trkpt lat="22.4099726010" lon="114.0505092405"><ele>225.000</ele></trkpt>
      <trkpt lat="22.4099657279" lon="114.0505079744"><ele>225.000</ele></trkpt>
      <trkpt lat="22.4099586207" lon="114.0505076895"><ele>225.000</ele></trkpt>
      <trkpt lat="22.4099517400" lon="114.0505083950"><ele>225.000</ele></trkpt>
      <trkpt lat="22.4099437118" lon="114.0505083440"><ele>225.000</ele></trkpt>
      <trkpt lat="22.4099368389" lon="114.0505073207"><ele>225.000</ele></trkpt>
      <trkpt lat="22.4099304422" lon="114.0505033445"><ele>225.000</ele></trkpt>
      <trkpt lat="22.4099235922" lon="114.0504971348"><ele>225.000</ele></trkpt>
      <trkpt lat="22.4099083250" lon="114.0504783069"><ele>224.000</ele></trkpt>
      <trkpt lat="22.4099012487" lon="114.0504713594"><ele>224.000</ele></trkpt>
      <trkpt lat="22.4098911120" lon="114.0504655703"><ele>224.000</ele></trkpt>
      <trkpt lat="22.4098840115" lon="114.0504623329"><ele>222.000</ele></trkpt>
      <trkpt lat="22.4098762172" lon="114.0504610579"><ele>222.000</ele></trkpt>
      <trkpt lat="22.4098467246" lon="114.0504621918"><ele>222.000</ele></trkpt>
      <trkpt lat="22.4098400858" lon="114.0504604204"><ele>222.000</ele></trkpt>
      <trkpt lat="22.4098256844" lon="114.0504517119"><ele>222.000</ele></trkpt>
      <trkpt lat="22.4098183741" lon="114.0504457552"><ele>220.000</ele></trkpt>
      <trkpt lat="22.4098135839" lon="114.0504405635"><ele>220.000</ele></trkpt>
      <trkpt lat="22.4098099314" lon="114.0504353028"><ele>220.000</ele></trkpt>
      <trkpt lat="22.4098072643" lon="114.0504313038"><ele>220.000</ele></trkpt>
      <trkpt lat="22.4098051399" lon="114.0504284017"><ele>220.000</ele></trkpt>
      <trkpt lat="22.4098000878" lon="114.0504232297"><ele>220.000</ele></trkpt>
      <trkpt lat="22.4097837933" lon="114.0504072096"><ele>219.000</ele></trkpt>
      <trkpt lat="22.4097782811" lon="114.0504025235"><ele>219.000</ele></trkpt>
      <trkpt lat="22.4097670292" lon="114.0503911801"><ele>218.000</ele></trkpt>
      <trkpt lat="22.4097433907" lon="114.0503722044"><ele>218.000</ele></trkpt>
      <trkpt lat="22.4097181466" lon="114.0503556971"><ele>216.000</ele></trkpt>
      <trkpt lat="22.4096984098" lon="114.0503490524"><ele>216.000</ele></trkpt>
      <trkpt lat="22.4096917611" lon="114.0503461059"><ele>216.000</ele></trkpt>
      <trkpt lat="22.4096855634" lon="114.0503426540"><ele>215.000</ele></trkpt>
      <trkpt lat="22.4096798258" lon="114.0503384635"><ele>215.000</ele></trkpt>
      <trkpt lat="22.4096681144" lon="114.0503283637"><ele>215.000</ele></trkpt>
      <trkpt lat="22.4096580177" lon="114.0503160286"><ele>213.000</ele></trkpt>
      <trkpt lat="22.4096536506" lon="114.0503091272"><ele>213.000</ele></trkpt>
      <trkpt lat="22.4096460722" lon="114.0502953136"><ele>213.000</ele></trkpt>
      <trkpt lat="22.4096375734" lon="114.0502822486"><ele>212.000</ele></trkpt>
      <trkpt lat="22.4096336666" lon="114.0502750943"><ele>212.000</ele></trkpt>
      <trkpt lat="22.4096247073" lon="114.0502622726"><ele>212.000</ele></trkpt>
      <trkpt lat="22.4096095576" lon="114.0502435320"><ele>212.000</ele></trkpt>
      <trkpt lat="22.4095930287" lon="114.0502279977"><ele>210.000</ele></trkpt>
      <trkpt lat="22.4095813184" lon="114.0502193742"><ele>209.000</ele></trkpt>
      <trkpt lat="22.4095696180" lon="114.0502117413"><ele>209.000</ele></trkpt>
      <trkpt lat="22.4095441416" lon="114.0501984392"><ele>210.000</ele></trkpt>
      <trkpt lat="22.4095122486" lon="114.0501787330"><ele>210.000</ele></trkpt>
      <trkpt lat="22.4095062761" lon="114.0501745427"><ele>209.000</ele></trkpt>
      <trkpt lat="22.4095012241" lon="114.0501693707"><ele>209.000</ele></trkpt>
      <trkpt lat="22.4094954866" lon="114.0501654230"><ele>209.000</ele></trkpt>
      <trkpt lat="22.4094874512" lon="114.0501560580"><ele>209.000</ele></trkpt>
      <trkpt lat="22.4094821737" lon="114.0501513718"><ele>209.000</ele></trkpt>
      <trkpt lat="22.4094764361" lon="114.0501471814"><ele>209.000</ele></trkpt>
      <trkpt lat="22.4094702383" lon="114.0501434866"><ele>209.000</ele></trkpt>
      <trkpt lat="22.4094640410" lon="114.0501405300"><ele>209.000</ele></trkpt>
      <trkpt lat="22.4094507343" lon="114.0501343749"><ele>210.000</ele></trkpt>
      <trkpt lat="22.4094376543" lon="114.0501294529"><ele>210.000</ele></trkpt>
      <trkpt lat="22.4094312310" lon="114.0501260109"><ele>210.000</ele></trkpt>
      <trkpt lat="22.4094128706" lon="114.0501127024"><ele>210.000</ele></trkpt>
      <trkpt lat="22.4094007076" lon="114.0501025934"><ele>210.000</ele></trkpt>
      <trkpt lat="22.4093747599" lon="114.0500754810"><ele>210.000</ele></trkpt>
      <trkpt lat="22.4093658110" lon="114.0500643881"><ele>212.000</ele></trkpt>
      <trkpt lat="22.4093632788" lon="114.0500596994"><ele>212.000</ele></trkpt>
      <trkpt lat="22.4093612138" lon="114.0500520481"><ele>212.000</ele></trkpt>
      <trkpt lat="22.4093554586" lon="114.0500369994"><ele>212.000</ele></trkpt>
      <trkpt lat="22.4093481160" lon="114.0500244288"><ele>213.000</ele></trkpt>
      <trkpt lat="22.4093426036" lon="114.0500195000"><ele>213.000</ele></trkpt>
      <trkpt lat="22.4093304445" lon="114.0500143248"><ele>213.000</ele></trkpt>
      <trkpt lat="22.4093235621" lon="114.0500128548"><ele>215.000</ele></trkpt>
      <trkpt lat="22.4093164459" lon="114.0500126184"><ele>215.000</ele></trkpt>
      <trkpt lat="22.4092955780" lon="114.0500146089"><ele>215.000</ele></trkpt>
      <trkpt lat="22.4092808947" lon="114.0500148748"><ele>216.000</ele></trkpt>
      <trkpt lat="22.4092588605" lon="114.0500139226"><ele>216.000</ele></trkpt>
      <trkpt lat="22.4092639218" lon="114.0500089657"><ele>216.000</ele></trkpt>
      <trkpt lat="22.4092680439" lon="114.0500027948"><ele>216.000</ele></trkpt>
      <trkpt lat="22.4092826975" lon="114.0499761312"><ele>216.000</ele></trkpt>
      <trkpt lat="22.4092870540" lon="114.0499694647"><ele>216.000</ele></trkpt>
      <trkpt lat="22.4092946108" lon="114.0499558802"><ele>216.000</ele></trkpt>
      <trkpt lat="22.4093035343" lon="114.0499346510"><ele>216.000</ele></trkpt>
      <trkpt lat="22.4093172741" lon="114.0499057642"><ele>217.000</ele></trkpt>
      <trkpt lat="22.4093202484" lon="114.0498983511"><ele>217.000</ele></trkpt>
      <trkpt lat="22.4093220755" lon="114.0498907059"><ele>217.000</ele></trkpt>
      <trkpt lat="22.4093232137" lon="114.0498795942"><ele>217.000</ele></trkpt>
      <trkpt lat="22.4093245897" lon="114.0498724448"><ele>217.000</ele></trkpt>
      <trkpt lat="22.4093250296" lon="114.0498576333"><ele>217.000</ele></trkpt>
      <trkpt lat="22.4093245723" lon="114.0498502330"><ele>217.000</ele></trkpt>
      <trkpt lat="22.4093275275" lon="114.0498186463"><ele>216.000</ele></trkpt>
      <trkpt lat="22.4093279662" lon="114.0498023586"><ele>216.000</ele></trkpt>
      <trkpt lat="22.4093261026" lon="114.0497636183"><ele>216.000</ele></trkpt>
      <trkpt lat="22.4093251570" lon="114.0497325208"><ele>216.000</ele></trkpt>
      <trkpt lat="22.4093232990" lon="114.0497009384"><ele>216.000</ele></trkpt>
      <trkpt lat="22.4093223717" lon="114.0496930433"><ele>216.000</ele></trkpt>
      <trkpt lat="22.4093202792" lon="114.0496619468"><ele>216.000</ele></trkpt>
      <trkpt lat="22.4093149529" lon="114.0496066796"><ele>217.000</ele></trkpt>
      <trkpt lat="22.4093110337" lon="114.0495837333"><ele>217.000</ele></trkpt>
      <trkpt lat="22.4093064338" lon="114.0495679454"><ele>217.000</ele></trkpt>
      <trkpt lat="22.4093009097" lon="114.0495368618"><ele>217.000</ele></trkpt>
      <trkpt lat="22.4092992897" lon="114.0495208187"><ele>217.000</ele></trkpt>
      <trkpt lat="22.4092974411" lon="114.0495126816"><ele>217.000</ele></trkpt>
      <trkpt lat="22.4092965229" lon="114.0495050292"><ele>217.000</ele></trkpt>
      <trkpt lat="22.4092937566" lon="114.0494897351"><ele>217.000</ele></trkpt>
      <trkpt lat="22.4092919116" lon="114.0494746829"><ele>217.000</ele></trkpt>
      <trkpt lat="22.4092914448" lon="114.0494667873"><ele>217.000</ele></trkpt>
      <trkpt lat="22.4092916645" lon="114.0494591339"><ele>217.000</ele></trkpt>
      <trkpt lat="22.4092943970" lon="114.0494314905"><ele>219.000</ele></trkpt>
      <trkpt lat="22.4092982769" lon="114.0494159475"><ele>219.000</ele></trkpt>
      <trkpt lat="22.4093026133" lon="114.0493838642"><ele>220.000</ele></trkpt>
      <trkpt lat="22.4093055819" lon="114.0493692932"><ele>220.000</ele></trkpt>
      <trkpt lat="22.4093094624" lon="114.0493544883"><ele>220.000</ele></trkpt>
      <trkpt lat="22.4093165608" lon="114.0493322700"><ele>220.000</ele></trkpt>
      <trkpt lat="22.4093218239" lon="114.0493186973"><ele>220.000</ele></trkpt>
      <trkpt lat="22.4093266257" lon="114.0493041247"><ele>218.000</ele></trkpt>
      <trkpt lat="22.4093279923" lon="114.0492964799"><ele>218.000</ele></trkpt>
      <trkpt lat="22.4093286816" lon="114.0492888261"><ele>218.000</ele></trkpt>
      <trkpt lat="22.4093286680" lon="114.0492715481"><ele>218.000</ele></trkpt>
      <trkpt lat="22.4093256705" lon="114.0492609452"><ele>218.000</ele></trkpt>
      <trkpt lat="22.4093226848" lon="114.0492537900"><ele>220.000</ele></trkpt>
      <trkpt lat="22.4093190136" lon="114.0492476261"><ele>219.000</ele></trkpt>
      <trkpt lat="22.4093105156" lon="114.0492357947"><ele>219.000</ele></trkpt>
      <trkpt lat="22.4093004111" lon="114.0492251885"><ele>219.000</ele></trkpt>
      <trkpt lat="22.4092900815" lon="114.0492153304"><ele>219.000</ele></trkpt>
      <trkpt lat="22.4092797509" lon="114.0492042388"><ele>220.000</ele></trkpt>
      <trkpt lat="22.4092707914" lon="114.0491911647"><ele>220.000</ele></trkpt>
      <trkpt lat="22.4092636739" lon="114.0491778461"><ele>220.000</ele></trkpt>
      <trkpt lat="22.4092577753" lon="114.0491642835"><ele>220.000</ele></trkpt>
      <trkpt lat="22.4092559564" lon="114.0491595165"><ele>220.000</ele></trkpt>
      <trkpt lat="22.4092505222" lon="114.0491393201"><ele>218.000</ele></trkpt>
      <trkpt lat="22.4092480716" lon="114.0491237635"><ele>218.000</ele></trkpt>
      <trkpt lat="22.4092456334" lon="114.0490895108"><ele>218.000</ele></trkpt>
      <trkpt lat="22.4092457738" lon="114.0490729126"><ele>218.000</ele></trkpt>
      <trkpt lat="22.4092453431" lon="114.0490650073"><ele>218.000</ele></trkpt>
      <trkpt lat="22.4092435713" lon="114.0490511788"><ele>216.000</ele></trkpt>
      <trkpt lat="22.4092404256" lon="114.0490358655"><ele>216.000</ele></trkpt>
      <trkpt lat="22.4092393479" lon="114.0490205601"><ele>216.000</ele></trkpt>
      <trkpt lat="22.4092382395" lon="114.0490121698"><ele>216.000</ele></trkpt>
      <trkpt lat="22.4092374027" lon="114.0489931638"><ele>216.000</ele></trkpt>
      <trkpt lat="22.4092374409" lon="114.0489842772"><ele>216.000</ele></trkpt>
      <trkpt lat="22.4092381812" lon="114.0489726801"><ele>216.000</ele></trkpt>
      <trkpt lat="22.4092419549" lon="114.0489485128"><ele>218.000</ele></trkpt>
      <trkpt lat="22.4092436392" lon="114.0489314955"><ele>218.000</ele></trkpt>
      <trkpt lat="22.4092443797" lon="114.0489201510"><ele>218.000</ele></trkpt>
      <trkpt lat="22.4092439492" lon="114.0489124982"><ele>218.000</ele></trkpt>
      <trkpt lat="22.4092444485" lon="114.0489043492"><ele>218.000</ele></trkpt>
      <trkpt lat="22.4092477323" lon="114.0488888262"><ele>218.000</ele></trkpt>
      <trkpt lat="22.4092526149" lon="114.0488737969"><ele>218.000</ele></trkpt>
      <trkpt lat="22.4092575352" lon="114.0488607198"><ele>218.000</ele></trkpt>
      <trkpt lat="22.4092597777" lon="114.0488529772"><ele>218.000</ele></trkpt>
      <trkpt lat="22.4092606261" lon="114.0488410110"><ele>218.000</ele></trkpt>
      <trkpt lat="22.4092615071" lon="114.0487904194"><ele>218.000</ele></trkpt>
      <trkpt lat="22.4092626421" lon="114.0487753645"><ele>218.000</ele></trkpt>
      <trkpt lat="22.4092644633" lon="114.0487603187"><ele>216.000</ele></trkpt>
      <trkpt lat="22.4092662909" lon="114.0487531591"><ele>216.000</ele></trkpt>
      <trkpt lat="22.4092809370" lon="114.0487173563"><ele>214.000</ele></trkpt>
      <trkpt lat="22.4092859729" lon="114.0487020550"><ele>213.000</ele></trkpt>
      <trkpt lat="22.4092921494" lon="114.0486788469"><ele>213.000</ele></trkpt>
      <trkpt lat="22.4092955630" lon="114.0486561464"><ele>213.000</ele></trkpt>
      <trkpt lat="22.4092966974" lon="114.0486403534"><ele>213.000</ele></trkpt>
      <trkpt lat="22.4092955262" lon="114.0486097514"><ele>212.000</ele></trkpt>
      <trkpt lat="22.4092936744" lon="114.0485863079"><ele>212.000</ele></trkpt>
      <trkpt lat="22.4092925215" lon="114.0485786654"><ele>212.000</ele></trkpt>
      <trkpt lat="22.4092886086" lon="114.0485638579"><ele>212.000</ele></trkpt>
      <trkpt lat="22.4092826151" lon="114.0485332701"><ele>212.000</ele></trkpt>
      <trkpt lat="22.4092789311" lon="114.0485110617"><ele>212.000</ele></trkpt>
      <trkpt lat="22.4092805170" lon="114.0484952682"><ele>212.000</ele></trkpt>
      <trkpt lat="22.4092825793" lon="114.0484881085"><ele>212.000</ele></trkpt>
      <trkpt lat="22.4092899107" lon="114.0484750194"><ele>212.000</ele></trkpt>
      <trkpt lat="22.4093343540" lon="114.0484122961"><ele>210.000</ele></trkpt>
      <trkpt lat="22.4093419112" lon="114.0483992069"><ele>210.000</ele></trkpt>
      <trkpt lat="22.4093506083" lon="114.0483774824"><ele>210.000</ele></trkpt>
      <trkpt lat="22.4093586054" lon="114.0483384904"><ele>212.000</ele></trkpt>
      <trkpt lat="22.4093659142" lon="114.0483083759"><ele>214.000</ele></trkpt>
      <trkpt lat="22.4093672892" lon="114.0482999833"><ele>214.000</ele></trkpt>
      <trkpt lat="22.4093679565" lon="114.0482760421"><ele>214.000</ele></trkpt>
      <trkpt lat="22.4093656541" lon="114.0482651860"><ele>214.000</ele></trkpt>
      <trkpt lat="22.4093539276" lon="114.0482363322"><ele>214.000</ele></trkpt>
      <trkpt lat="22.4093525320" lon="114.0482188127"><ele>214.000</ele></trkpt>
      <trkpt lat="22.4093541336" lon="114.0482114008"><ele>214.000</ele></trkpt>
      <trkpt lat="22.4093568822" lon="114.0482042404"><ele>214.000</ele></trkpt>
      <trkpt lat="22.4093667283" lon="114.0481852343"><ele>214.000</ele></trkpt>
      <trkpt lat="22.4093724513" lon="114.0481709133"><ele>213.000</ele></trkpt>
      <trkpt lat="22.4093742788" lon="114.0481637537"><ele>213.000</ele></trkpt>
      <trkpt lat="22.4093749596" lon="114.0481568477"><ele>213.000</ele></trkpt>
      <trkpt lat="22.4093740265" lon="114.0481417947"><ele>213.000</ele></trkpt>
      <trkpt lat="22.4093742550" lon="114.0481338984"><ele>214.000</ele></trkpt>
      <trkpt lat="22.4093779082" lon="114.0481173552"><ele>214.000</ele></trkpt>
      <trkpt lat="22.4093804222" lon="114.0481104475"><ele>214.000</ele></trkpt>
      <trkpt lat="22.4093834077" lon="114.0481060063"><ele>214.000</ele></trkpt>
      <trkpt lat="22.4093987544" lon="114.0480882189"><ele>214.000</ele></trkpt>
      <trkpt lat="22.4094129629" lon="114.0480699469"><ele>216.000</ele></trkpt>
      <trkpt lat="22.4094308320" lon="114.0480445039"><ele>215.000</ele></trkpt>
      <trkpt lat="22.4094388500" lon="114.0480319095"><ele>218.000</ele></trkpt>
      <trkpt lat="22.4094464067" lon="114.0480183346"><ele>218.000</ele></trkpt>
      <trkpt lat="22.4094619752" lon="114.0479842596"><ele>219.000</ele></trkpt>
      <trkpt lat="22.4094640375" lon="114.0479770998"><ele>219.000</ele></trkpt>
      <trkpt lat="22.4094685986" lon="114.0479553791"><ele>219.000</ele></trkpt>
      <trkpt lat="22.4094731743" lon="114.0479405735"><ele>219.000</ele></trkpt>
      <trkpt lat="22.4094770635" lon="114.0479255160"><ele>220.000</ele></trkpt>
      <trkpt lat="22.4094816253" lon="114.0478934324"><ele>220.000</ele></trkpt>
      <trkpt lat="22.4094816074" lon="114.0478709778"><ele>220.000</ele></trkpt>
      <trkpt lat="22.4094786006" lon="114.0478487688"><ele>220.000</ele></trkpt>
      <trkpt lat="22.4094772217" lon="114.0478408741"><ele>218.000</ele></trkpt>
      <trkpt lat="22.4094721652" lon="114.0478302633"><ele>218.000</ele></trkpt>
      <trkpt lat="22.4094634407" lon="114.0478176941"><ele>218.000</ele></trkpt>
      <trkpt lat="22.4094581532" lon="114.0478117745"><ele>220.000</ele></trkpt>
      <trkpt lat="22.4094494291" lon="114.0477996909"><ele>220.000</ele></trkpt>
      <trkpt lat="22.4094448373" lon="114.0477942660"><ele>218.000</ele></trkpt>
      <trkpt lat="22.4094266939" lon="114.0477700994"><ele>218.000</ele></trkpt>
      <trkpt lat="22.4094154432" lon="114.0477491412"><ele>218.000</ele></trkpt>
      <trkpt lat="22.4093984326" lon="114.0477074528"><ele>218.000</ele></trkpt>
      <trkpt lat="22.4093917651" lon="114.0476924050"><ele>217.000</ele></trkpt>
      <trkpt lat="22.4093846379" lon="114.0476783484"><ele>217.000</ele></trkpt>
      <trkpt lat="22.4093703867" lon="114.0476430772"><ele>215.000</ele></trkpt>
      <trkpt lat="22.4093667150" lon="114.0476364180"><ele>218.000</ele></trkpt>
      <trkpt lat="22.4093637296" lon="114.0476297582"><ele>218.000</ele></trkpt>
      <trkpt lat="22.4093602772" lon="114.0476149600"><ele>218.000</ele></trkpt>
      <trkpt lat="22.4093600374" lon="114.0476087833"><ele>218.000</ele></trkpt>
      <trkpt lat="22.4093618394" lon="114.0475697969"><ele>220.000</ele></trkpt>
      <trkpt lat="22.4093629800" lon="114.0475618998"><ele>220.000</ele></trkpt>
      <trkpt lat="22.4093759993" lon="114.0475021675"><ele>219.000</ele></trkpt>
      <trkpt lat="22.4093789606" lon="114.0474787196"><ele>219.000</ele></trkpt>
      <trkpt lat="22.4093752796" lon="114.0474604641"><ele>219.000</ele></trkpt>
      <trkpt lat="22.4093685392" lon="114.0474378380"><ele>222.000</ele></trkpt>
      <trkpt lat="22.4093665327" lon="114.0474311025"><ele>222.000</ele></trkpt>
      <trkpt lat="22.4093640009" lon="114.0474158082"><ele>222.000</ele></trkpt>
      <trkpt lat="22.4093587093" lon="114.0473936013"><ele>222.000</ele></trkpt>
      <trkpt lat="22.4093559436" lon="114.0473792978"><ele>222.000</ele></trkpt>
      <trkpt lat="22.4093538697" lon="114.0473718990"><ele>222.000</ele></trkpt>
      <trkpt lat="22.4093469780" lon="114.0473588231"><ele>222.000</ele></trkpt>
      <trkpt lat="22.4093423862" lon="114.0473533982"><ele>222.000</ele></trkpt>
      <trkpt lat="22.4093309100" lon="114.0473440366"><ele>222.000</ele></trkpt>
      <trkpt lat="22.4093272535" lon="114.0473406815"><ele>222.000</ele></trkpt>
      <trkpt lat="22.4093198937" lon="114.0473339267"><ele>224.000</ele></trkpt>
      <trkpt lat="22.4092783043" lon="114.0473052153"><ele>224.000</ele></trkpt>
      <trkpt lat="22.4092562903" lon="114.0472978904"><ele>224.000</ele></trkpt>
      <trkpt lat="22.4092140326" lon="114.0472838294"><ele>226.000</ele></trkpt>
      <trkpt lat="22.4091497552" lon="114.0472552934"><ele>226.000</ele></trkpt>
      <trkpt lat="22.4090832549" lon="114.0472172280"><ele>230.000</ele></trkpt>
      <trkpt lat="22.4090411270" lon="114.0471791401"><ele>233.000</ele></trkpt>
      <trkpt lat="22.4089945726" lon="114.0471482054"><ele>236.000</ele></trkpt>
      <trkpt lat="22.4089457935" lon="114.0471053579"><ele>238.000</ele></trkpt>
      <trkpt lat="22.4089014553" lon="114.0470744211"><ele>240.000</ele></trkpt>
      <trkpt lat="22.4088150253" lon="114.0470506726"><ele>244.000</ele></trkpt>
      <trkpt lat="22.4087839846" lon="114.0470244893"><ele>244.000</ele></trkpt>
      <trkpt lat="22.4087573618" lon="114.0469816214"><ele>246.000</ele></trkpt>
      <trkpt lat="22.4087284969" lon="114.0469053943"><ele>250.000</ele></trkpt>
      <trkpt lat="22.4087106856" lon="114.0467981800"><ele>254.000</ele></trkpt>
      <trkpt lat="22.4086483893" lon="114.0466495199"><ele>260.000</ele></trkpt>
      <trkpt lat="22.4086106626" lon="114.0465988907"><ele>262.000</ele></trkpt>
      <trkpt lat="22.4085691762" lon="114.0465604247"><ele>264.000</ele></trkpt>
      <trkpt lat="22.4085427759" lon="114.0465361311"><ele>264.000</ele></trkpt>
      <trkpt lat="22.4085035712" lon="114.0465162034"><ele>266.000</ele></trkpt>
      <trkpt lat="22.4084777625" lon="114.0465301119"><ele>266.000</ele></trkpt>
      <trkpt lat="22.4084514030" lon="114.0465564816"><ele>264.000</ele></trkpt>
      <trkpt lat="22.4084288112" lon="114.0465808218"><ele>264.000</ele></trkpt>
      <trkpt lat="22.4084080982" lon="114.0465990795"><ele>260.000</ele></trkpt>
      <trkpt lat="22.4083911521" lon="114.0466153078"><ele>260.000</ele></trkpt>
      <trkpt lat="22.4083338804" lon="114.0466125747"><ele>260.000</ele></trkpt>
      <trkpt lat="22.4083056175" lon="114.0466146270"><ele>259.000</ele></trkpt>
      <trkpt lat="22.4082679258" lon="114.0466085824"><ele>258.000</ele></trkpt>
      <trkpt lat="22.4082434330" lon="114.0466126590"><ele>258.000</ele></trkpt>
      <trkpt lat="22.4082227070" lon="114.0466147043"><ele>256.000</ele></trkpt>
      <trkpt lat="22.4082114025" lon="114.0466167417"><ele>256.000</ele></trkpt>
      <trkpt lat="22.4081756093" lon="114.0466269077"><ele>254.000</ele></trkpt>
      <trkpt lat="22.4081661993" lon="114.0466411020"><ele>254.000</ele></trkpt>
      <trkpt lat="22.4081473619" lon="114.0466492262"><ele>254.000</ele></trkpt>
      <trkpt lat="22.4081314681" lon="114.0466524324"><ele>254.000</ele></trkpt>
      <trkpt lat="22.4081254843" lon="114.0466565948"><ele>254.000</ele></trkpt>
      <trkpt lat="22.4081160514" lon="114.0466614888"><ele>254.000</ele></trkpt>
      <trkpt lat="22.4081075562" lon="114.0466646531"><ele>254.000</ele></trkpt>
      <trkpt lat="22.4080726259" lon="114.0466753398"><ele>252.000</ele></trkpt>
      <trkpt lat="22.4080581546" lon="114.0466809475"><ele>250.000</ele></trkpt>
      <trkpt lat="22.4080450474" lon="114.0466872920"><ele>250.000</ele></trkpt>
      <trkpt lat="22.4080238965" lon="114.0466965673"><ele>250.000</ele></trkpt>
      <trkpt lat="22.4079825235" lon="114.0467136408"><ele>249.000</ele></trkpt>
      <trkpt lat="22.4079402213" lon="114.0467316961"><ele>248.000</ele></trkpt>
      <trkpt lat="22.4079135548" lon="114.0467436571"><ele>246.000</ele></trkpt>
      <trkpt lat="22.4078917337" lon="114.0467504565"><ele>246.000</ele></trkpt>
      <trkpt lat="22.4078777207" lon="114.0467533540"><ele>246.000</ele></trkpt>
      <trkpt lat="22.4078556800" lon="114.0467566960"><ele>246.000</ele></trkpt>
      <trkpt lat="22.4078207971" lon="114.0467589914"><ele>244.000</ele></trkpt>
      <trkpt lat="22.4077985300" lon="114.0467615956"><ele>244.000</ele></trkpt>
      <trkpt lat="22.4077851967" lon="114.0467674546"><ele>243.000</ele></trkpt>
      <trkpt lat="22.4077718626" lon="114.0467723231"><ele>243.000</ele></trkpt>
      <trkpt lat="22.4077249734" lon="114.0467910916"><ele>239.000</ele></trkpt>
      <trkpt lat="22.4077110801" lon="114.0468226493"><ele>239.000</ele></trkpt>
      <trkpt lat="22.4076903622" lon="114.0468348272"><ele>236.000</ele></trkpt>
      <trkpt lat="22.4076828303" lon="114.0468409139"><ele>236.000</ele></trkpt>
      <trkpt lat="22.4076696460" lon="114.0468490329"><ele>236.000</ele></trkpt>
      <trkpt lat="22.4076527007" lon="114.0468652610"><ele>234.000</ele></trkpt>
      <trkpt lat="22.4076451793" lon="114.0468855332"><ele>232.000</ele></trkpt>
      <trkpt lat="22.4076395360" lon="114.0468976979"><ele>232.000</ele></trkpt>
      <trkpt lat="22.4076282372" lon="114.0469058141"><ele>232.000</ele></trkpt>
      <trkpt lat="22.4076188230" lon="114.0469159555"><ele>232.000</ele></trkpt>
      <trkpt lat="22.4075924497" lon="114.0469240866"><ele>230.000</ele></trkpt>
      <trkpt lat="22.4075717318" lon="114.0469362644"><ele>230.000</ele></trkpt>
      <trkpt lat="22.4075641973" lon="114.0469403253"><ele>230.000</ele></trkpt>
      <trkpt lat="22.4075604354" lon="114.0469484344"><ele>230.000</ele></trkpt>
      <trkpt lat="22.4075378354" lon="114.0469626419"><ele>230.000</ele></trkpt>
      <trkpt lat="22.4075133524" lon="114.0469788760"><ele>228.000</ele></trkpt>
      <trkpt lat="22.4074907515" lon="114.0469930834"><ele>228.000</ele></trkpt>
      <trkpt lat="22.4074719150" lon="114.0470012066"><ele>228.000</ele></trkpt>
      <trkpt lat="22.4074493183" lon="114.0470194668"><ele>228.000</ele></trkpt>
      <trkpt lat="22.4074118128" lon="114.0470316941"><ele>226.000</ele></trkpt>
      <trkpt lat="22.4073870106" lon="114.0470485734"><ele>226.000</ele></trkpt>
      <trkpt lat="22.4073687302" lon="114.0470542088"><ele>226.000</ele></trkpt>
      <trkpt lat="22.4073413177" lon="114.0470738992"><ele>225.000</ele></trkpt>
      <trkpt lat="22.4073217349" lon="114.0470837499"><ele>224.000</ele></trkpt>
      <trkpt lat="22.4073073730" lon="114.0470907870"><ele>224.000</ele></trkpt>
      <trkpt lat="22.4072904064" lon="114.0471062536"><ele>222.000</ele></trkpt>
      <trkpt lat="22.4072708202" lon="114.0471118902"><ele>222.000</ele></trkpt>
      <trkpt lat="22.4072551469" lon="114.0471119047"><ele>222.000</ele></trkpt>
      <trkpt lat="22.4072420861" lon="114.0471119169"><ele>219.000</ele></trkpt>
      <trkpt lat="22.4072342506" lon="114.0471133295"><ele>219.000</ele></trkpt>
      <trkpt lat="22.4072224956" lon="114.0471133404"><ele>219.000</ele></trkpt>
      <trkpt lat="22.4072146601" lon="114.0471147520"><ele>219.000</ele></trkpt>
      <trkpt lat="22.4072068255" lon="114.0471161637"><ele>219.000</ele></trkpt>
      <trkpt lat="22.4071950807" lon="114.0471288167"><ele>218.000</ele></trkpt>
      <trkpt lat="22.4071872542" lon="114.0471414661"><ele>218.000</ele></trkpt>
      <trkpt lat="22.4071781241" lon="114.0471569255"><ele>218.000</ele></trkpt>
      <trkpt lat="22.4071663815" lon="114.0471723882"><ele>217.000</ele></trkpt>
      <trkpt lat="22.4071428905" lon="114.0471948837"><ele>216.000</ele></trkpt>
      <trkpt lat="22.4071264011" lon="114.0472007582"><ele>216.000</ele></trkpt>
      <trkpt lat="22.4071213303" lon="114.0472061628"><ele>216.000</ele></trkpt>
      <trkpt lat="22.4071093545" lon="114.0472157306"><ele>214.000</ele></trkpt>
      <trkpt lat="22.4070911765" lon="114.0472274893"><ele>214.000</ele></trkpt>
      <trkpt lat="22.4070449593" lon="114.0472509478"><ele>212.000</ele></trkpt>
      <trkpt lat="22.4070265469" lon="114.0472631923"><ele>211.000</ele></trkpt>
      <trkpt lat="22.4070035251" lon="114.0472818413"><ele>210.000</ele></trkpt>
      <trkpt lat="22.4069973147" lon="114.0472850132"><ele>210.000</ele></trkpt>
      <trkpt lat="22.4069839810" lon="114.0472903769"><ele>210.000</ele></trkpt>
      <trkpt lat="22.4069683770" lon="114.0472912849"><ele>208.000</ele></trkpt>
      <trkpt lat="22.4069617137" lon="114.0472927381"><ele>208.000</ele></trkpt>
      <trkpt lat="22.4069555039" lon="114.0472966578"><ele>208.000</ele></trkpt>
      <trkpt lat="22.4069502067" lon="114.0473013148"><ele>208.000</ele></trkpt>
      <trkpt lat="22.4069425850" lon="114.0473126364"><ele>208.000</ele></trkpt>
      <trkpt lat="22.4069326696" lon="114.0473239309"><ele>208.000</ele></trkpt>
      <trkpt lat="22.4069241572" lon="114.0473280859"><ele>206.000</ele></trkpt>
      <trkpt lat="22.4069133594" lon="114.0473314854"><ele>206.000</ele></trkpt>
      <trkpt lat="22.4068984428" lon="114.0473336358"><ele>206.000</ele></trkpt>
      <trkpt lat="22.4068763213" lon="114.0473263781"><ele>204.000</ele></trkpt>
      <trkpt lat="22.4068501919" lon="114.0473165699"><ele>204.000</ele></trkpt>
      <trkpt lat="22.4068345150" lon="114.0473109660"><ele>202.000</ele></trkpt>
      <trkpt lat="22.4068083901" lon="114.0473067762"><ele>202.000</ele></trkpt>
      <trkpt lat="22.4067874904" lon="114.0473039859"><ele>199.000</ele></trkpt>
      <trkpt lat="22.4067718126" lon="114.0472983820"><ele>199.000</ele></trkpt>
      <trkpt lat="22.4067483106" lon="114.0473082363"><ele>196.000</ele></trkpt>
      <trkpt lat="22.4067365666" lon="114.0473208893"><ele>196.000</ele></trkpt>
      <trkpt lat="22.4067222037" lon="114.0473265210"><ele>196.000</ele></trkpt>
      <trkpt lat="22.4067065391" lon="114.0473363679"><ele>196.000</ele></trkpt>
      <trkpt lat="22.4066776883" lon="114.0473394636"><ele>196.000</ele></trkpt>
      <trkpt lat="22.4066561311" lon="114.0473376286"><ele>194.000</ele></trkpt>
      <trkpt lat="22.4066503836" lon="114.0473448480"><ele>194.000</ele></trkpt>
      <trkpt lat="22.4066438570" lon="114.0473490681"><ele>194.000</ele></trkpt>
      <trkpt lat="22.4066268847" lon="114.0473575119"><ele>194.000</ele></trkpt>
      <trkpt lat="22.4066099101" lon="114.0473631460"><ele>193.000</ele></trkpt>
      <trkpt lat="22.4065916263" lon="114.0473645673"><ele>193.000</ele></trkpt>
      <trkpt lat="22.4065694222" lon="114.0473645879"><ele>192.000</ele></trkpt>
      <trkpt lat="22.4065511384" lon="114.0473660092"><ele>192.000</ele></trkpt>
      <trkpt lat="22.4065367752" lon="114.0473702365"><ele>192.000</ele></trkpt>
      <trkpt lat="22.4065263339" lon="114.0473800796"><ele>192.000</ele></trkpt>
      <trkpt lat="22.4065132754" lon="114.0473829004"><ele>192.000</ele></trkpt>
      <trkpt lat="22.4064949905" lon="114.0473829173"><ele>192.000</ele></trkpt>
      <trkpt lat="22.4064740975" lon="114.0473885550"><ele>192.000</ele></trkpt>
      <trkpt lat="22.4064606608" lon="114.0473870009"><ele>192.000</ele></trkpt>
      <trkpt lat="22.4064397434" lon="114.0473947996"><ele>192.000</ele></trkpt>
      <trkpt lat="22.4064297001" lon="114.0473998339"><ele>192.000</ele></trkpt>
      <trkpt lat="22.4064257885" lon="114.0474082656"><ele>192.000</ele></trkpt>
      <trkpt lat="22.4064205711" lon="114.0474166975"><ele>190.000</ele></trkpt>
      <trkpt lat="22.4064088319" lon="114.0474363742"><ele>190.000</ele></trkpt>
      <trkpt lat="22.4063931654" lon="114.0474448167"><ele>190.000</ele></trkpt>
      <trkpt lat="22.4063814160" lon="114.0474518503"><ele>190.000</ele></trkpt>
      <trkpt lat="22.4063708980" lon="114.0474549223"><ele>190.000</ele></trkpt>
      <trkpt lat="22.4063607919" lon="114.0474650224"><ele>189.000</ele></trkpt>
      <trkpt lat="22.4063486167" lon="114.0474736384"><ele>189.000</ele></trkpt>
      <trkpt lat="22.4063357546" lon="114.0474815171"><ele>189.000</ele></trkpt>
      <trkpt lat="22.4063281805" lon="114.0474847096"><ele>189.000</ele></trkpt>
      <trkpt lat="22.4063130315" lon="114.0474898612"><ele>189.000</ele></trkpt>
      <trkpt lat="22.4062743555" lon="114.0474997081"><ele>188.000</ele></trkpt>
      <trkpt lat="22.4062312695" lon="114.0475180084"><ele>186.000</ele></trkpt>
      <trkpt lat="22.4061894780" lon="114.0475222611"><ele>186.000</ele></trkpt>
      <trkpt lat="22.4061594449" lon="114.0475307159"><ele>186.000</ele></trkpt>
      <trkpt lat="22.4061320164" lon="114.0475293370"><ele>186.000</ele></trkpt>
      <trkpt lat="22.4061267810" lon="114.0475152954"><ele>186.000</ele></trkpt>
      <trkpt lat="22.4061176253" lon="114.0474998531"><ele>184.000</ele></trkpt>
      <trkpt lat="22.4061047180" lon="114.0474806043"><ele>184.000</ele></trkpt>
      <trkpt lat="22.4060980688" lon="114.0474771336"><ele>184.000</ele></trkpt>
      <trkpt lat="22.4060852380" lon="114.0474677346"><ele>184.000</ele></trkpt>
      <trkpt lat="22.4060751599" lon="114.0474563615"><ele>182.000</ele></trkpt>
      <trkpt lat="22.4060685175" lon="114.0474501811"><ele>182.000</ele></trkpt>
      <trkpt lat="22.4060621019" lon="114.0474452339"><ele>182.000</ele></trkpt>
      <trkpt lat="22.4060485764" lon="114.0474365737"><ele>182.000</ele></trkpt>
      <trkpt lat="22.4060348190" lon="114.0474316139"><ele>182.000</ele></trkpt>
      <trkpt lat="22.4060258774" lon="114.0474298740"><ele>180.000</ele></trkpt>
      <trkpt lat="22.4060196801" lon="114.0474268982"><ele>180.000</ele></trkpt>
      <trkpt lat="22.4060059284" lon="114.0474177428"><ele>180.000</ele></trkpt>
      <trkpt lat="22.4059997401" lon="114.0474147670"><ele>180.000</ele></trkpt>
      <trkpt lat="22.4059848351" lon="114.0474088177"><ele>179.000</ele></trkpt>
      <trkpt lat="22.4059623619" lon="114.0474021178"><ele>180.000</ele></trkpt>
      <trkpt lat="22.4059470053" lon="114.0473961689"><ele>180.000</ele></trkpt>
      <trkpt lat="22.4059392090" lon="114.0473924467"><ele>180.000</ele></trkpt>
      <trkpt lat="22.4059181212" lon="114.0473790832"><ele>180.000</ele></trkpt>
      <trkpt lat="22.4059057505" lon="114.0473691885"><ele>180.000</ele></trkpt>
      <trkpt lat="22.4058821457" lon="114.0473476790"><ele>178.000</ele></trkpt>
      <trkpt lat="22.4058766516" lon="114.0473432263"><ele>178.000</ele></trkpt>
      <trkpt lat="22.4058693147" lon="114.0473380372"><ele>178.000</ele></trkpt>
      <trkpt lat="22.4058631260" lon="114.0473345660"><ele>178.000</ele></trkpt>
      <trkpt lat="22.4058422659" lon="114.0473236691"><ele>178.000</ele></trkpt>
      <trkpt lat="22.4058184251" lon="114.0473120272"><ele>176.000</ele></trkpt>
      <trkpt lat="22.4057989378" lon="114.0473013815"><ele>177.000</ele></trkpt>
      <trkpt lat="22.4057689002" lon="114.0472872591"><ele>177.000</ele></trkpt>
      <trkpt lat="22.4057613393" lon="114.0472842845"><ele>177.000</ele></trkpt>
      <trkpt lat="22.4057312973" lon="114.0472760864"><ele>178.000</ele></trkpt>
      <trkpt lat="22.4057159315" lon="114.0472698947"><ele>178.000</ele></trkpt>
      <trkpt lat="22.4057012597" lon="114.0472619639"><ele>176.000</ele></trkpt>
      <trkpt lat="22.4056810372" lon="114.0472601772"><ele>176.000</ele></trkpt>
      <trkpt lat="22.4056640569" lon="114.0472587886"><ele>178.000</ele></trkpt>
      <trkpt lat="22.4056392333" lon="114.0472489793"><ele>178.000</ele></trkpt>
      <trkpt lat="22.4056235553" lon="114.0472419701"><ele>178.000</ele></trkpt>
      <trkpt lat="22.4055907444" lon="114.0472166049"><ele>178.000</ele></trkpt>
      <trkpt lat="22.4055600137" lon="114.0472054452"><ele>177.000</ele></trkpt>
      <trkpt lat="22.4055462644" lon="114.0471992521"><ele>177.000</ele></trkpt>
      <trkpt lat="22.4055244761" lon="114.0471908229"><ele>178.000</ele></trkpt>
      <trkpt lat="22.4055176021" lon="114.0471885858"><ele>178.000</ele></trkpt>
      <trkpt lat="22.4055107197" lon="114.0471870966"><ele>178.000</ele></trkpt>
      <trkpt lat="22.4055036033" lon="114.0471865884"><ele>178.000</ele></trkpt>
      <trkpt lat="22.4054967224" lon="114.0471870707"><ele>178.000</ele></trkpt>
      <trkpt lat="22.4054898424" lon="114.0471885436"><ele>178.000</ele></trkpt>
      <trkpt lat="22.4054765179" lon="114.0471941889"><ele>178.000</ele></trkpt>
      <trkpt lat="22.4054627429" lon="114.0472010777"><ele>178.000</ele></trkpt>
      <trkpt lat="22.4054560816" lon="114.0472050172"><ele>178.000</ele></trkpt>
      <trkpt lat="22.4054441408" lon="114.0472131377"><ele>178.000</ele></trkpt>
      <trkpt lat="22.4054319656" lon="114.0472217537"><ele>176.000</ele></trkpt>
      <trkpt lat="22.4054274542" lon="114.0472254300"><ele>176.000</ele></trkpt>
      <trkpt lat="22.4054230165" lon="114.0472219854"><ele>176.000</ele></trkpt>
      <trkpt lat="22.4054092605" lon="114.0472187447"><ele>176.000</ele></trkpt>
      <trkpt lat="22.4053883939" lon="114.0472110625"><ele>176.000</ele></trkpt>
      <trkpt lat="22.4053822053" lon="114.0472075914"><ele>176.000</ele></trkpt>
      <trkpt lat="22.4053762504" lon="114.0472028963"><ele>176.000</ele></trkpt>
      <trkpt lat="22.4053707473" lon="114.0471984437"><ele>176.000</ele></trkpt>
      <trkpt lat="22.4053657043" lon="114.0471934953"><ele>176.000</ele></trkpt>
      <trkpt lat="22.4053588348" lon="114.0471855864"><ele>176.000</ele></trkpt>
      <trkpt lat="22.4053462501" lon="114.0471677962"><ele>176.000</ele></trkpt>
      <trkpt lat="22.4053309019" lon="114.0471497560"><ele>174.000</ele></trkpt>
      <trkpt lat="22.4053254068" lon="114.0471440699"><ele>174.000</ele></trkpt>
      <trkpt lat="22.4053196775" lon="114.0471391221"><ele>174.000</ele></trkpt>
      <trkpt lat="22.4053082203" lon="114.0471309554"><ele>174.000</ele></trkpt>
      <trkpt lat="22.4053013361" lon="114.0471272421"><ele>174.000</ele></trkpt>
      <trkpt lat="22.4052873523" lon="114.0471215445"><ele>174.000</ele></trkpt>
      <trkpt lat="22.4052726740" lon="114.0471168284"><ele>173.000</ele></trkpt>
      <trkpt lat="22.4052453918" lon="114.0471041991"><ele>174.000</ele></trkpt>
      <trkpt lat="22.4052389782" lon="114.0471017188"><ele>174.000</ele></trkpt>
      <trkpt lat="22.4052249932" lon="114.0470945353"><ele>174.000</ele></trkpt>
      <trkpt lat="22.4052121549" lon="114.0470871079"><ele>174.000</ele></trkpt>
      <trkpt lat="22.4051938218" lon="114.0470742372"><ele>174.000</ele></trkpt>
      <trkpt lat="22.4051814419" lon="114.0470640998"><ele>174.000</ele></trkpt>
      <trkpt lat="22.4051688440" lon="114.0470524766"><ele>174.000</ele></trkpt>
      <trkpt lat="22.4051587657" lon="114.0470408608"><ele>174.000</ele></trkpt>
      <trkpt lat="22.4051548777" lon="114.0470346877"><ele>174.000</ele></trkpt>
      <trkpt lat="22.4051500693" lon="114.0470294963"><ele>174.000</ele></trkpt>
      <trkpt lat="22.4051457205" lon="114.0470230710"><ele>174.000</ele></trkpt>
      <trkpt lat="22.4051388550" lon="114.0470089952"><ele>174.000</ele></trkpt>
      <trkpt lat="22.4051358869" lon="114.0470013352"><ele>174.000</ele></trkpt>
      <trkpt lat="22.4051336046" lon="114.0469931891"><ele>174.000</ele></trkpt>
      <trkpt lat="22.4051272111" lon="114.0469707217"><ele>173.000</ele></trkpt>
      <trkpt lat="22.4051212998" lon="114.0469415915"><ele>174.000</ele></trkpt>
      <trkpt lat="22.4051179054" lon="114.0469092541"><ele>174.000</ele></trkpt>
      <trkpt lat="22.4051172543" lon="114.0468855674"><ele>174.000</ele></trkpt>
      <trkpt lat="22.4051179458" lon="114.0468808759"><ele>174.000</ele></trkpt>
      <trkpt lat="22.4051177437" lon="114.0468653273"><ele>174.000</ele></trkpt>
      <trkpt lat="22.4051156890" lon="114.0468594050"><ele>174.000</ele></trkpt>
      <trkpt lat="22.4051104692" lon="114.0468478721"><ele>174.000</ele></trkpt>
      <trkpt lat="22.4050991945" lon="114.0468309354"><ele>174.000</ele></trkpt>
      <trkpt lat="22.4050838090" lon="114.0468114579"><ele>172.000</ele></trkpt>
      <trkpt lat="22.4050538923" lon="114.0467794462"><ele>172.000</ele></trkpt>
      <trkpt lat="22.4050412109" lon="114.0467649485"><ele>171.000</ele></trkpt>
      <trkpt lat="22.4050226113" lon="114.0467464258"><ele>172.000</ele></trkpt>
      <trkpt lat="22.4050044381" lon="114.0467303792"><ele>172.000</ele></trkpt>
      <trkpt lat="22.4049926518" lon="114.0467173763"><ele>172.000</ele></trkpt>
      <trkpt lat="22.4049817616" lon="114.0467068587"><ele>172.000</ele></trkpt>
      <trkpt lat="22.4049758936" lon="114.0466978904"><ele>172.000</ele></trkpt>
      <trkpt lat="22.4049723330" lon="114.0466833939"><ele>172.000</ele></trkpt>
      <trkpt lat="22.4049718934" lon="114.0466757899"><ele>172.000</ele></trkpt>
      <trkpt lat="22.4049721307" lon="114.0466676414"><ele>172.000</ele></trkpt>
      <trkpt lat="22.4049716762" lon="114.0466639416"><ele>172.000</ele></trkpt>
      <trkpt lat="22.4049691799" lon="114.0466478999"><ele>172.000</ele></trkpt>
      <trkpt lat="22.4049659892" lon="114.0466330825"><ele>172.000</ele></trkpt>
      <trkpt lat="22.4049543470" lon="114.0465970332"><ele>171.000</ele></trkpt>
      <trkpt lat="22.4049486289" lon="114.0465836944"><ele>170.000</ele></trkpt>
      <trkpt lat="22.4049339947" lon="114.0465552911"><ele>172.000</ele></trkpt>
      <trkpt lat="22.4049285105" lon="114.0465407186"><ele>172.000</ele></trkpt>
      <trkpt lat="22.4049277250" lon="114.0465375426"><ele>172.000</ele></trkpt>
      <trkpt lat="22.4049207552" lon="114.0465093662"><ele>172.000</ele></trkpt>
      <trkpt lat="22.4049175643" lon="114.0464943061"><ele>172.000</ele></trkpt>
      <trkpt lat="22.4049123147" lon="114.0464794906"><ele>170.000</ele></trkpt>
      <trkpt lat="22.4049070767" lon="114.0464567794"><ele>170.000</ele></trkpt>
      <trkpt lat="22.4049043460" lon="114.0464412236"><ele>170.000</ele></trkpt>
      <trkpt lat="22.4049020643" lon="114.0464338155"><ele>170.000</ele></trkpt>
      <trkpt lat="22.4048988620" lon="114.0464269037"><ele>170.000</ele></trkpt>
      <trkpt lat="22.4048947385" lon="114.0464199829"><ele>172.000</ele></trkpt>
      <trkpt lat="22.4048876474" lon="114.0464061501"><ele>172.000</ele></trkpt>
      <trkpt lat="22.4048748347" lon="114.0463856506"><ele>171.000</ele></trkpt>
      <trkpt lat="22.4048720927" lon="114.0463784858"><ele>171.000</ele></trkpt>
      <trkpt lat="22.4048682207" lon="114.0463587355"><ele>171.000</ele></trkpt>
      <trkpt lat="22.4048673117" lon="114.0463513359"><ele>171.000</ele></trkpt>
      <trkpt lat="22.4048671035" lon="114.0463394876"><ele>170.000</ele></trkpt>
      <trkpt lat="22.4048639329" lon="114.0463160364"><ele>170.000</ele></trkpt>
      <trkpt lat="22.4048589008" lon="114.0463022113"><ele>170.000</ele></trkpt>
      <trkpt lat="22.4048554729" lon="114.0462955425"><ele>170.000</ele></trkpt>
      <trkpt lat="22.4048396956" lon="114.0462607207"><ele>170.000</ele></trkpt>
      <trkpt lat="22.4048278021" lon="114.0462379964"><ele>170.000</ele></trkpt>
      <trkpt lat="22.4048216318" lon="114.0462236674"><ele>170.000</ele></trkpt>
      <trkpt lat="22.4048122395" lon="114.0462118083"><ele>170.000</ele></trkpt>
      <trkpt lat="22.4047907107" lon="114.0461893066"><ele>170.000</ele></trkpt>
      <trkpt lat="22.4047847466" lon="114.0461843591"><ele>170.000</ele></trkpt>
      <trkpt lat="22.4047783316" lon="114.0461801598"><ele>170.000</ele></trkpt>
      <trkpt lat="22.4047723767" lon="114.0461754552"><ele>170.000</ele></trkpt>
      <trkpt lat="22.4047590772" lon="114.0461672902"><ele>170.000</ele></trkpt>
      <trkpt lat="22.4047255312" lon="114.0461622860"><ele>170.000</ele></trkpt>
      <trkpt lat="22.4047085487" lon="114.0461580888"><ele>169.000</ele></trkpt>
      <trkpt lat="22.4046902616" lon="114.0461552963"><ele>169.000</ele></trkpt>
      <trkpt lat="22.4046758859" lon="114.0461440721"><ele>168.000</ele></trkpt>
      <trkpt lat="22.4046643868" lon="114.0461266472"><ele>168.000</ele></trkpt>
      <trkpt lat="22.4046575040" lon="114.0461246627"><ele>168.000</ele></trkpt>
      <trkpt lat="22.4046536115" lon="114.0461241613"><ele>168.000</ele></trkpt>
      <trkpt lat="22.4046320456" lon="114.0461228898"><ele>168.000</ele></trkpt>
      <trkpt lat="22.4046212695" lon="114.0461194133"><ele>168.000</ele></trkpt>
      <trkpt lat="22.4046092560" lon="114.0461202559"><ele>168.000</ele></trkpt>
      <trkpt lat="22.4046001135" lon="114.0461202644"><ele>168.000</ele></trkpt>
      <trkpt lat="22.4045818218" lon="114.0461118536"><ele>166.000</ele></trkpt>
      <trkpt lat="22.4045596063" lon="114.0460978281"><ele>166.000</ele></trkpt>
      <trkpt lat="22.4045373917" lon="114.0460838027"><ele>166.000</ele></trkpt>
      <trkpt lat="22.4045177942" lon="114.0460753930"><ele>166.000</ele></trkpt>
      <trkpt lat="22.4044981912" lon="114.0460613651"><ele>166.000</ele></trkpt>
      <trkpt lat="22.4044864226" lon="114.0460445212"><ele>166.000</ele></trkpt>
      <trkpt lat="22.4044785712" lon="114.0460262684"><ele>166.000</ele></trkpt>
      <trkpt lat="22.4044759516" lon="114.0460164385"><ele>166.000</ele></trkpt>
      <trkpt lat="22.4044720208" lon="114.0460009907"><ele>166.000</ele></trkpt>
      <trkpt lat="22.4044680911" lon="114.0459869481"><ele>166.000</ele></trkpt>
      <trkpt lat="22.4044686958" lon="114.0459698382"><ele>166.000</ele></trkpt>
      <trkpt lat="22.4044586173" lon="114.0459579797"><ele>166.000</ele></trkpt>
      <trkpt lat="22.4044118933" lon="114.0459420524"><ele>166.000</ele></trkpt>
      <trkpt lat="22.4044027349" lon="114.0459223964"><ele>166.000</ele></trkpt>
      <trkpt lat="22.4043765951" lon="114.0458999467"><ele>166.000</ele></trkpt>
      <trkpt lat="22.4043660463" lon="114.0458805659"><ele>166.000</ele></trkpt>
      <trkpt lat="22.4043561896" lon="114.0458751268"><ele>166.000</ele></trkpt>
      <trkpt lat="22.4043428925" lon="114.0458699143"><ele>168.000</ele></trkpt>
      <trkpt lat="22.4043293683" lon="114.0458629830"><ele>168.000</ele></trkpt>
      <trkpt lat="22.4043231792" lon="114.0458590264"><ele>168.000</ele></trkpt>
      <trkpt lat="22.4043117201" lon="114.0458486358"><ele>166.000</ele></trkpt>
      <trkpt lat="22.4043018771" lon="114.0458377580"><ele>167.000</ele></trkpt>
      <trkpt lat="22.4042943259" lon="114.0458244210"><ele>167.000</ele></trkpt>
      <trkpt lat="22.4042856275" lon="114.0458108326"><ele>167.000</ele></trkpt>
      <trkpt lat="22.4042824632" lon="114.0458062904"><ele>166.000</ele></trkpt>
      <trkpt lat="22.4042723238" lon="114.0458085919"><ele>167.000</ele></trkpt>
      <trkpt lat="22.4042468520" lon="114.0458124908"><ele>167.000</ele></trkpt>
      <trkpt lat="22.4042385905" lon="114.0458142079"><ele>167.000</ele></trkpt>
      <trkpt lat="22.4042271077" lon="114.0458191231"><ele>167.000</ele></trkpt>
      <trkpt lat="22.4042172333" lon="114.0458252702"><ele>166.000</ele></trkpt>
      <trkpt lat="22.4042034531" lon="114.0458368402"><ele>166.000</ele></trkpt>
      <trkpt lat="22.4041820910" lon="114.0458528459"><ele>166.000</ele></trkpt>
      <trkpt lat="22.4041722158" lon="114.0458580122"><ele>164.000</ele></trkpt>
      <trkpt lat="22.4041616539" lon="114.0458626837"><ele>164.000</ele></trkpt>
      <trkpt lat="22.4041476506" lon="114.0458663582"><ele>164.000</ele></trkpt>
      <trkpt lat="22.4041068075" lon="114.0458685039"><ele>164.000</ele></trkpt>
      <trkpt lat="22.4040960182" lon="114.0458712042"><ele>164.000</ele></trkpt>
      <trkpt lat="22.4040870630" lon="114.0458748837"><ele>164.000</ele></trkpt>
      <trkpt lat="22.4040769619" lon="114.0458798073"><ele>162.000</ele></trkpt>
      <trkpt lat="22.4040369148" lon="114.0458870199"><ele>160.000</ele></trkpt>
      <trkpt lat="22.4040199414" lon="114.0458940585"><ele>160.000</ele></trkpt>
      <trkpt lat="22.4040068852" lon="114.0458996899"><ele>160.000</ele></trkpt>
      <trkpt lat="22.4039938301" lon="114.0459067248"><ele>159.000</ele></trkpt>
      <trkpt lat="22.4039755554" lon="114.0459193838"><ele>159.000</ele></trkpt>
      <trkpt lat="22.4039677267" lon="114.0459292233"><ele>159.000</ele></trkpt>
      <trkpt lat="22.4039612027" lon="114.0459376574"><ele>159.000</ele></trkpt>
      <trkpt lat="22.4039520693" lon="114.0459489025"><ele>159.000</ele></trkpt>
      <trkpt lat="22.4039351039" lon="114.0459657742"><ele>158.000</ele></trkpt>
      <trkpt lat="22.4039129189" lon="114.0459882691"><ele>158.000</ele></trkpt>
      <trkpt lat="22.4038998729" lon="114.0460065414"><ele>158.000</ele></trkpt>
      <trkpt lat="22.4038959648" lon="114.0460191869"><ele>158.000</ele></trkpt>
      <trkpt lat="22.4038868291" lon="114.0460276224"><ele>158.000</ele></trkpt>
      <trkpt lat="22.4038763877" lon="114.0460360601"><ele>158.000</ele></trkpt>
      <trkpt lat="22.4038685567" lon="114.0460430910"><ele>158.000</ele></trkpt>
      <trkpt lat="22.4038594188" lon="114.0460487178"><ele>158.000</ele></trkpt>
      <trkpt lat="22.4038511671" lon="114.0460514031"><ele>158.000</ele></trkpt>
      <trkpt lat="22.4038370117" lon="114.0460679750"><ele>158.000</ele></trkpt>
      <trkpt lat="22.4038294405" lon="114.0460746832"><ele>158.000</ele></trkpt>
      <trkpt lat="22.4038148903" lon="114.0460832335"><ele>158.000</ele></trkpt>
      <trkpt lat="22.4037805926" lon="114.0461056911"><ele>157.000</ele></trkpt>
      <trkpt lat="22.4037753409" lon="114.0461106674"><ele>157.000</ele></trkpt>
      <trkpt lat="22.4037437983" lon="114.0461340927"><ele>158.000</ele></trkpt>
      <trkpt lat="22.4037271216" lon="114.0461472969"><ele>158.000</ele></trkpt>
      <trkpt lat="22.4036992442" lon="114.0461704564"><ele>158.000</ele></trkpt>
      <trkpt lat="22.4036885046" lon="114.0461786729"><ele>158.000</ele></trkpt>
      <trkpt lat="22.4036713558" lon="114.0461899061"><ele>158.000</ele></trkpt>
      <trkpt lat="22.4036564898" lon="114.0461988937"><ele>156.000</ele></trkpt>
      <trkpt lat="22.4036436930" lon="114.0462093555"><ele>156.000</ele></trkpt>
      <trkpt lat="22.4036212598" lon="114.0462186415"><ele>156.000</ele></trkpt>
      <trkpt lat="22.4035907792" lon="114.0462264977"><ele>156.000</ele></trkpt>
      <trkpt lat="22.4035731280" lon="114.0462295734"><ele>155.000</ele></trkpt>
      <trkpt lat="22.4035382620" lon="114.0462315192"><ele>154.000</ele></trkpt>
      <trkpt lat="22.4035304708" lon="114.0462330512"><ele>154.000</ele></trkpt>
      <trkpt lat="22.4035247206" lon="114.0462369413"><ele>154.000</ele></trkpt>
      <trkpt lat="22.4035142551" lon="114.0462379708"><ele>154.000</ele></trkpt>
      <trkpt lat="22.4035048658" lon="114.0462419818"><ele>154.000</ele></trkpt>
      <trkpt lat="22.4034992337" lon="114.0462455708"><ele>154.000</ele></trkpt>
      <trkpt lat="22.4034847046" lon="114.0462568189"><ele>152.000</ele></trkpt>
      <trkpt lat="22.4034511157" lon="114.0462837140"><ele>151.000</ele></trkpt>
      <trkpt lat="22.4034440512" lon="114.0462926555"><ele>151.000</ele></trkpt>
      <trkpt lat="22.4034289291" lon="114.0462964572"><ele>151.000</ele></trkpt>
      <trkpt lat="22.4034222838" lon="114.0462989700"><ele>151.000</ele></trkpt>
      <trkpt lat="22.4033962086" lon="114.0463150644"><ele>150.000</ele></trkpt>
      <trkpt lat="22.4033675562" lon="114.0463200733"><ele>150.000</ele></trkpt>
      <trkpt lat="22.4033382831" lon="114.0463223732"><ele>149.000</ele></trkpt>
      <trkpt lat="22.4033089336" lon="114.0463218587"><ele>148.000</ele></trkpt>
      <trkpt lat="22.4032921186" lon="114.0463171370"><ele>148.000</ele></trkpt>
      <trkpt lat="22.4032748390" lon="114.0463151564"><ele>148.000</ele></trkpt>
      <trkpt lat="22.4032574749" lon="114.0463159583"><ele>146.000</ele></trkpt>
      <trkpt lat="22.4032404165" lon="114.0463195248"><ele>146.000</ele></trkpt>
      <trkpt lat="22.4032240375" lon="114.0463257780"><ele>144.000</ele></trkpt>
      <trkpt lat="22.4032087055" lon="114.0463345776"><ele>144.000</ele></trkpt>
      <trkpt lat="22.4031563471" lon="114.0463440216"><ele>142.000</ele></trkpt>
      <trkpt lat="22.4031035289" lon="114.0463498057"><ele>140.000</ele></trkpt>
      <trkpt lat="22.4030504747" lon="114.0463519054"><ele>138.000</ele></trkpt>
      <trkpt lat="22.4029974048" lon="114.0463503136"><ele>135.000</ele></trkpt>
      <trkpt lat="22.4028962635" lon="114.0463504080"><ele>130.000</ele></trkpt>
      <trkpt lat="22.4028950587" lon="114.0463502499"><ele>130.000</ele></trkpt>
      <trkpt lat="22.4027322745" lon="114.0463337210"><ele>127.000</ele></trkpt>
      <trkpt lat="22.4027253939" lon="114.0463345141"><ele>126.000</ele></trkpt>
      <trkpt lat="22.4027155238" lon="114.0463348146"><ele>126.000</ele></trkpt>
      <trkpt lat="22.4026822555" lon="114.0463347777"><ele>126.000</ele></trkpt>
      <trkpt lat="22.4026524394" lon="114.0463379327"><ele>126.000</ele></trkpt>
      <trkpt lat="22.4026421182" lon="114.0463387387"><ele>126.000</ele></trkpt>
      <trkpt lat="22.4026334038" lon="114.0463387954"><ele>125.000</ele></trkpt>
      <trkpt lat="22.4025996639" lon="114.0463362921"><ele>125.000</ele></trkpt>
      <trkpt lat="22.4025475653" lon="114.0463341459"><ele>124.000</ele></trkpt>
      <trkpt lat="22.4025402139" lon="114.0463334536"><ele>124.000</ele></trkpt>
      <trkpt lat="22.4025340088" lon="114.0463320123"><ele>124.000</ele></trkpt>
      <trkpt lat="22.4025271164" lon="114.0463293383"><ele>124.000</ele></trkpt>
      <trkpt lat="22.4025186061" lon="114.0463249468"><ele>124.000</ele></trkpt>
      <trkpt lat="22.4024925853" lon="114.0463088011"><ele>126.000</ele></trkpt>
      <trkpt lat="22.4024833891" lon="114.0463049056"><ele>126.000</ele></trkpt>
      <trkpt lat="22.4024661540" lon="114.0462988325"><ele>126.000</ele></trkpt>
      <trkpt lat="22.4024590270" lon="114.0462964112"><ele>126.000</ele></trkpt>
      <trkpt lat="22.4024523614" lon="114.0462949714"><ele>126.000</ele></trkpt>
      <trkpt lat="22.4024353845" lon="114.0462955689"><ele>126.000</ele></trkpt>
      <trkpt lat="22.4024190828" lon="114.0462934476"><ele>126.000</ele></trkpt>
      <trkpt lat="22.4024112693" lon="114.0462907745"><ele>128.000</ele></trkpt>
      <trkpt lat="22.4024036807" lon="114.0462871202"><ele>128.000</ele></trkpt>
      <trkpt lat="22.4023949263" lon="114.0462812431"><ele>128.000</ele></trkpt>
      <trkpt lat="22.4023801770" lon="114.0462679907"><ele>128.000</ele></trkpt>
      <trkpt lat="22.4023748623" lon="114.0462621007"><ele>128.000</ele></trkpt>
      <trkpt lat="22.4023582292" lon="114.0462399638"><ele>129.000</ele></trkpt>
      <trkpt lat="22.4023427312" lon="114.0462165828"><ele>129.000</ele></trkpt>
      <trkpt lat="22.4023362586" lon="114.0462082281"><ele>129.000</ele></trkpt>
      <trkpt lat="22.4023304916" lon="114.0462013372"><ele>129.000</ele></trkpt>
      <trkpt lat="22.4023161855" lon="114.0461868519"><ele>130.000</ele></trkpt>
      <trkpt lat="22.4023085861" lon="114.0461809728"><ele>130.000</ele></trkpt>
      <trkpt lat="22.4022949961" lon="114.0461719148"><ele>130.000</ele></trkpt>
      <trkpt lat="22.4022883284" lon="114.0461679975"><ele>130.000</ele></trkpt>
      <trkpt lat="22.4022722206" lon="114.0461599518"><ele>130.000</ele></trkpt>
      <trkpt lat="22.4022657798" lon="114.0461575202"><ele>130.000</ele></trkpt>
      <trkpt lat="22.4022480943" lon="114.0461526906"><ele>130.000</ele></trkpt>
      <trkpt lat="22.4022389095" lon="114.0461517572"><ele>130.000</ele></trkpt>
      <trkpt lat="22.4022253727" lon="114.0461515950"><ele>130.000</ele></trkpt>
      <trkpt lat="22.4022180321" lon="114.0461531266"><ele>130.000</ele></trkpt>
      <trkpt lat="22.4022019985" lon="114.0461586588"><ele>130.000</ele></trkpt>
      <trkpt lat="22.4021942170" lon="114.0461621710"><ele>130.000</ele></trkpt>
      <trkpt lat="22.4021809494" lon="114.0461699139"><ele>130.000</ele></trkpt>
      <trkpt lat="22.4021738636" lon="114.0461749026"><ele>130.000</ele></trkpt>
      <trkpt lat="22.4021592541" lon="114.0461883379"><ele>130.000</ele></trkpt>
      <trkpt lat="22.4021460186" lon="114.0462034907"><ele>129.000</ele></trkpt>
      <trkpt lat="22.4021293747" lon="114.0462238620"><ele>128.000</ele></trkpt>
      <trkpt lat="22.4021207236" lon="114.0462362719"><ele>128.000</ele></trkpt>
      <trkpt lat="22.4021141113" lon="114.0462449603"><ele>128.000</ele></trkpt>
      <trkpt lat="22.4021086438" lon="114.0462511712"><ele>128.000</ele></trkpt>
      <trkpt lat="22.4021022452" lon="114.0462561593"><ele>128.000</ele></trkpt>
      <trkpt lat="22.4020935876" lon="114.0462594110"><ele>126.000</ele></trkpt>
      <trkpt lat="22.4020914803" lon="114.0462666181"><ele>126.000</ele></trkpt>
      <trkpt lat="22.4020871511" lon="114.0462733154"><ele>126.000</ele></trkpt>
      <trkpt lat="22.4020704656" lon="114.0462880034"><ele>126.000</ele></trkpt>
      <trkpt lat="22.4020643038" lon="114.0462954571"><ele>126.000</ele></trkpt>
      <trkpt lat="22.4020551959" lon="114.0463103468"><ele>125.000</ele></trkpt>
      <trkpt lat="22.4020485726" lon="114.0463178009"><ele>125.000</ele></trkpt>
      <trkpt lat="22.4020433116" lon="114.0463212932"><ele>125.000</ele></trkpt>
      <trkpt lat="22.4020378393" lon="114.0463237408"><ele>125.000</ele></trkpt>
      <trkpt lat="22.4020332372" lon="114.0463257982"><ele>125.000</ele></trkpt>
      <trkpt lat="22.4020025104" lon="114.0463329076"><ele>124.000</ele></trkpt>
      <trkpt lat="22.4019953417" lon="114.0463336990"><ele>124.000</ele></trkpt>
      <trkpt lat="22.4019841352" lon="114.0463340504"><ele>124.000</ele></trkpt>
      <trkpt lat="22.4019716261" lon="114.0463328481"><ele>124.000</ele></trkpt>
      <trkpt lat="22.4019557656" lon="114.0463270165"><ele>124.000</ele></trkpt>
      <trkpt lat="22.4019477069" lon="114.0463226149"><ele>124.000</ele></trkpt>
      <trkpt lat="22.4019412642" lon="114.0463177156"><ele>124.000</ele></trkpt>
      <trkpt lat="22.4019345885" lon="114.0463150433"><ele>124.000</ele></trkpt>
      <trkpt lat="22.4019251756" lon="114.0463133710"><ele>124.000</ele></trkpt>
      <trkpt lat="22.4019095617" lon="114.0463119871"><ele>124.000</ele></trkpt>
      <trkpt lat="22.4018866033" lon="114.0463084249"><ele>124.000</ele></trkpt>
      <trkpt lat="22.4018778700" lon="114.0463062577"><ele>124.000</ele></trkpt>
      <trkpt lat="22.4018700545" lon="114.0463033427"><ele>124.000</ele></trkpt>
      <trkpt lat="22.4018496064" lon="114.0462985245"><ele>124.000</ele></trkpt>
      <trkpt lat="22.4018314618" lon="114.0462944421"><ele>122.000</ele></trkpt>
      <trkpt lat="22.4018252343" lon="114.0462887967"><ele>124.000</ele></trkpt>
      <trkpt lat="22.4018234436" lon="114.0462843116"><ele>124.000</ele></trkpt>
      <trkpt lat="22.4018130496" lon="114.0462844281"><ele>124.000</ele></trkpt>
      <trkpt lat="22.4017896310" lon="114.0462823523"><ele>124.000</ele></trkpt>
      <trkpt lat="22.4017492244" lon="114.0462771651"><ele>124.000</ele></trkpt>
      <trkpt lat="22.4017317764" lon="114.0462757927"><ele>124.000</ele></trkpt>
      <trkpt lat="22.4017005552" lon="114.0462722868"><ele>124.000</ele></trkpt>
      <trkpt lat="22.4016716618" lon="114.0462764218"><ele>124.000</ele></trkpt>
      <trkpt lat="22.4016226258" lon="114.0462881022"><ele>124.000</ele></trkpt>
      <trkpt lat="22.4016056494" lon="114.0462891960"><ele>124.000</ele></trkpt>
      <trkpt lat="22.4015886621" lon="114.0462880659"><ele>124.000</ele></trkpt>
      <trkpt lat="22.4015716642" lon="114.0462849643"><ele>124.000</ele></trkpt>
      <trkpt lat="22.4015577900" lon="114.0462806847"><ele>124.000</ele></trkpt>
      <trkpt lat="22.4014989347" lon="114.0462695208"><ele>124.000</ele></trkpt>
      <trkpt lat="22.4014404736" lon="114.0462556217"><ele>123.000</ele></trkpt>
      <trkpt lat="22.4014215481" lon="114.0462551461"><ele>123.000</ele></trkpt>
      <trkpt lat="22.4014028380" lon="114.0462520451"><ele>122.000</ele></trkpt>
      <trkpt lat="22.4013846569" lon="114.0462463662"><ele>122.000</ele></trkpt>
      <trkpt lat="22.4013498069" lon="114.0462290888"><ele>122.000</ele></trkpt>
      <trkpt lat="22.4013310965" lon="114.0462233745"><ele>122.000</ele></trkpt>
      <trkpt lat="22.4013117479" lon="114.0462212366"><ele>122.000</ele></trkpt>
      <trkpt lat="22.4012923462" lon="114.0462227406"><ele>122.000</ele></trkpt>
      <trkpt lat="22.4012413071" lon="114.0462443636"><ele>122.000</ele></trkpt>
      <trkpt lat="22.4011912417" lon="114.0462684796"><ele>122.000</ele></trkpt>
      <trkpt lat="22.4010720943" lon="114.0463365722"><ele>122.000</ele></trkpt>
      <trkpt lat="22.4010197144" lon="114.0463439806"><ele>122.000</ele></trkpt>
      <trkpt lat="22.4009917559" lon="114.0463774359"><ele>122.000</ele></trkpt>
      <trkpt lat="22.4009537783" lon="114.0464055671"><ele>122.000</ele></trkpt>
      <trkpt lat="22.4009179127" lon="114.0464367378"><ele>122.000</ele></trkpt>
      <trkpt lat="22.4008843684" lon="114.0464707675"><ele>122.000</ele></trkpt>
      <trkpt lat="22.4008393658" lon="114.0464986623"><ele>123.000</ele></trkpt>
      <trkpt lat="22.4008290695" lon="114.0465090925"><ele>124.000</ele></trkpt>
      <trkpt lat="22.4008206178" lon="114.0465202492"><ele>124.000</ele></trkpt>
      <trkpt lat="22.4008037144" lon="114.0465457871"><ele>124.000</ele></trkpt>
      <trkpt lat="22.4007911603" lon="114.0465661154"><ele>124.000</ele></trkpt>
      <trkpt lat="22.4007801804" lon="114.0465787799"><ele>126.000</ele></trkpt>
      <trkpt lat="22.4007762907" lon="114.0465817552"><ele>126.000</ele></trkpt>
      <trkpt lat="22.4007709591" lon="114.0465840521"><ele>126.000</ele></trkpt>
      <trkpt lat="22.4007700481" lon="114.0465674462"><ele>126.000</ele></trkpt>
      <trkpt lat="22.4007690801" lon="114.0465540936"><ele>126.000</ele></trkpt>
      <trkpt lat="22.4007669859" lon="114.0465439664"><ele>126.000</ele></trkpt>
      <trkpt lat="22.4007644322" lon="114.0465350730"><ele>125.000</ele></trkpt>
      <trkpt lat="22.4007614192" lon="114.0465279183"><ele>125.000</ele></trkpt>
      <trkpt lat="22.4007579558" lon="114.0465219975"><ele>125.000</ele></trkpt>
      <trkpt lat="22.4007519720" lon="114.0465150981"><ele>125.000</ele></trkpt>
      <trkpt lat="22.4007441373" lon="114.0465084530"><ele>125.000</ele></trkpt>
      <trkpt lat="22.4007386527" lon="114.0465046220"><ele>125.000</ele></trkpt>
      <trkpt lat="22.4007246577" lon="114.0464962258"><ele>125.000</ele></trkpt>
      <trkpt lat="22.4007104394" lon="114.0464897993"><ele>122.000</ele></trkpt>
      <trkpt lat="22.4006966793" lon="114.0464826353"><ele>122.000</ele></trkpt>
      <trkpt lat="22.4006515030" lon="114.0464529988"><ele>120.000</ele></trkpt>
      <trkpt lat="22.4006425567" lon="114.0464443541"><ele>120.000</ele></trkpt>
      <trkpt lat="22.4006221454" lon="114.0464201525"><ele>120.000</ele></trkpt>
      <trkpt lat="22.4006102245" lon="114.0464080445"><ele>120.000</ele></trkpt>
      <trkpt lat="22.4005866014" lon="114.0463865545"><ele>118.000</ele></trkpt>
      <trkpt lat="22.4005597649" lon="114.0463667970"><ele>118.000</ele></trkpt>
      <trkpt lat="22.4005535751" lon="114.0463618596"><ele>118.000</ele></trkpt>
      <trkpt lat="22.4005531137" lon="114.0463608694"><ele>118.000</ele></trkpt>
      <trkpt lat="22.4005478452" lon="114.0463561740"><ele>118.000</ele></trkpt>
      <trkpt lat="22.4005320183" lon="114.0463482738"><ele>118.000</ele></trkpt>
      <trkpt lat="22.4005090825" lon="114.0463391372"><ele>117.000</ele></trkpt>
      <trkpt lat="22.4005019808" lon="114.0463356768"><ele>117.000</ele></trkpt>
      <trkpt lat="22.4004953304" lon="114.0463307398"><ele>117.000</ele></trkpt>
      <trkpt lat="22.4004891309" lon="114.0463250643"><ele>117.000</ele></trkpt>
      <trkpt lat="22.4004840873" lon="114.0463193781"><ele>117.000</ele></trkpt>
      <trkpt lat="22.4004746840" lon="114.0463050526"><ele>117.000</ele></trkpt>
      <trkpt lat="22.4004705520" lon="114.0462976465"><ele>116.000</ele></trkpt>
      <trkpt lat="22.4004593147" lon="114.0462833130"><ele>116.000</ele></trkpt>
      <trkpt lat="22.4004540451" lon="114.0462773842"><ele>116.000</ele></trkpt>
      <trkpt lat="22.4004471605" lon="114.0462731855"><ele>116.000</ele></trkpt>
      <trkpt lat="22.4004405117" lon="114.0462702297"><ele>116.000</ele></trkpt>
      <trkpt lat="22.4004329425" lon="114.0462682459"><ele>116.000</ele></trkpt>
      <trkpt lat="22.4004189526" lon="114.0462650444"><ele>116.000</ele></trkpt>
      <trkpt lat="22.4003937276" lon="114.0462625731"><ele>116.000</ele></trkpt>
      <trkpt lat="22.4003783651" lon="114.0462606053"><ele>114.000</ele></trkpt>
      <trkpt lat="22.4003648429" lon="114.0462561603"><ele>114.000</ele></trkpt>
      <trkpt lat="22.4003574983" lon="114.0462527001"><ele>114.000</ele></trkpt>
      <trkpt lat="22.4003506234" lon="114.0462482499"><ele>114.000</ele></trkpt>
      <trkpt lat="22.4003302103" lon="114.0462329432"><ele>114.000</ele></trkpt>
      <trkpt lat="22.4003176223" lon="114.0462223888"><ele>114.000</ele></trkpt>
      <trkpt lat="22.4003072773" lon="114.0462150079"><ele>114.000</ele></trkpt>
      <trkpt lat="22.4002803489" lon="114.0461943475"><ele>114.000</ele></trkpt>
      <trkpt lat="22.4002529491" lon="114.0461704729"><ele>114.000</ele></trkpt>
      <trkpt lat="22.4002296847" lon="114.0461458468"><ele>114.000</ele></trkpt>
      <trkpt lat="22.4002186419" lon="114.0461364952"><ele>114.000</ele></trkpt>
      <trkpt lat="22.4001794806" lon="114.0460965979"><ele>113.000</ele></trkpt>
      <trkpt lat="22.4001523020" lon="114.0460670419"><ele>114.000</ele></trkpt>
      <trkpt lat="22.4001274079" lon="114.0460372216"><ele>114.000</ele></trkpt>
      <trkpt lat="22.4001165678" lon="114.0460216836"><ele>114.000</ele></trkpt>
      <trkpt lat="22.4001080208" lon="114.0460054053"><ele>114.000</ele></trkpt>
      <trkpt lat="22.4000983267" lon="114.0459888766"><ele>114.000</ele></trkpt>
      <trkpt lat="22.4000874642" lon="114.0459678992"><ele>114.000</ele></trkpt>
      <trkpt lat="22.4000666934" lon="114.0459336582"><ele>114.000</ele></trkpt>
      <trkpt lat="22.4000499426" lon="114.0459122736"><ele>115.000</ele></trkpt>
      <trkpt lat="22.4000359363" lon="114.0458888663"><ele>116.000</ele></trkpt>
      <trkpt lat="22.4000230435" lon="114.0458710849"><ele>116.000</ele></trkpt>
      <trkpt lat="22.4000120316" lon="114.0458518994"><ele>119.000</ele></trkpt>
      <trkpt lat="22.4000030270" lon="114.0458315369"><ele>119.000</ele></trkpt>
      <trkpt lat="22.3999961376" lon="114.0458102402"><ele>120.000</ele></trkpt>
      <trkpt lat="22.3999930173" lon="114.0457709677"><ele>120.000</ele></trkpt>
      <trkpt lat="22.3999915586" lon="114.0457315810"><ele>121.000</ele></trkpt>
      <trkpt lat="22.3999508765" lon="114.0456762634"><ele>122.000</ele></trkpt>
      <trkpt lat="22.3999406263" lon="114.0456632460"><ele>122.000</ele></trkpt>
      <trkpt lat="22.3999282251" lon="114.0456526060"><ele>122.000</ele></trkpt>
      <trkpt lat="22.3999141465" lon="114.0456447490"><ele>122.000</ele></trkpt>
      <trkpt lat="22.3998989181" lon="114.0456399716"><ele>122.000</ele></trkpt>
      <trkpt lat="22.3998831172" lon="114.0456384520"><ele>122.000</ele></trkpt>
      <trkpt lat="22.3998322694" lon="114.0456130886"><ele>124.000</ele></trkpt>
      <trkpt lat="22.3997801311" lon="114.0455909622"><ele>124.000</ele></trkpt>
      <trkpt lat="22.3997662271" lon="114.0455845569"><ele>124.000</ele></trkpt>
      <trkpt lat="22.3997593516" lon="114.0455806108"><ele>124.000</ele></trkpt>
      <trkpt lat="22.3997549900" lon="114.0455796234"><ele>124.000</ele></trkpt>
      <trkpt lat="22.3997483412" lon="114.0455766579"><ele>124.000</ele></trkpt>
      <trkpt lat="22.3997416944" lon="114.0455751792"><ele>124.000</ele></trkpt>
      <trkpt lat="22.3997334402" lon="114.0455746820"><ele>124.000</ele></trkpt>
      <trkpt lat="22.3997091319" lon="114.0455769083"><ele>124.000</ele></trkpt>
      <trkpt lat="22.3996999562" lon="114.0455771597"><ele>124.000</ele></trkpt>
      <trkpt lat="22.3996762207" lon="114.0455729187"><ele>124.000</ele></trkpt>
      <trkpt lat="22.3996657945" lon="114.0455667908"><ele>124.000</ele></trkpt>
      <trkpt lat="22.3996591374" lon="114.0455648159"><ele>124.000</ele></trkpt>
      <trkpt lat="22.3996515757" lon="114.0455608607"><ele>124.000</ele></trkpt>
      <trkpt lat="22.3996442321" lon="114.0455586437"><ele>124.000</ele></trkpt>
      <trkpt lat="22.3996355175" lon="114.0455583896"><ele>124.000</ele></trkpt>
      <trkpt lat="22.3996284117" lon="114.0455598822"><ele>124.000</ele></trkpt>
      <trkpt lat="22.3996213071" lon="114.0455628411"><ele>124.000</ele></trkpt>
      <trkpt lat="22.3996120230" lon="114.0455686088"><ele>124.000</ele></trkpt>
      <trkpt lat="22.3996077772" lon="114.0455712446"><ele>122.000</ele></trkpt>
      <trkpt lat="22.3995942496" lon="114.0455823672"><ele>122.000</ele></trkpt>
      <trkpt lat="22.3995704089" lon="114.0456043571"><ele>122.000</ele></trkpt>
      <trkpt lat="22.3995648426" lon="114.0456111409"><ele>121.000</ele></trkpt>
      <trkpt lat="22.3995531935" lon="114.0456225823"><ele>120.000</ele></trkpt>
      <trkpt lat="22.3995436028" lon="114.0456332739"><ele>120.000</ele></trkpt>
      <trkpt lat="22.3995410664" lon="114.0456347428"><ele>120.000</ele></trkpt>
      <trkpt lat="22.3995228147" lon="114.0456556396"><ele>120.000</ele></trkpt>
      <trkpt lat="22.3995167597" lon="114.0456611809"><ele>120.000</ele></trkpt>
      <trkpt lat="22.3995018646" lon="114.0456787241"><ele>118.000</ele></trkpt>
      <trkpt lat="22.3994933555" lon="114.0456869674"><ele>118.000</ele></trkpt>
      <trkpt lat="22.3994885661" lon="114.0456940419"><ele>118.000</ele></trkpt>
      <trkpt lat="22.3994816911" lon="114.0457017020"><ele>118.000</ele></trkpt>
      <trkpt lat="22.3994744090" lon="114.0457085836"><ele>118.000</ele></trkpt>
      <trkpt lat="22.3994693839" lon="114.0457145512"><ele>118.000</ele></trkpt>
      <trkpt lat="22.3994658677" lon="114.0457204794"><ele>117.000</ele></trkpt>
      <trkpt lat="22.3994584328" lon="114.0457292064"><ele>117.000</ele></trkpt>
      <trkpt lat="22.3994479909" lon="114.0457471630"><ele>117.000</ele></trkpt>
      <trkpt lat="22.3994397403" lon="114.0457634666"><ele>117.000</ele></trkpt>
      <trkpt lat="22.3994327373" lon="114.0457802838"><ele>116.000</ele></trkpt>
      <trkpt lat="22.3994301126" lon="114.0457842194"><ele>116.000</ele></trkpt>
      <trkpt lat="22.3994245505" lon="114.0457961601"><ele>116.000</ele></trkpt>
      <trkpt lat="22.3994184181" lon="114.0458064503"><ele>116.000</ele></trkpt>
      <trkpt lat="22.3994131817" lon="114.0458192161"><ele>116.000</ele></trkpt>
      <trkpt lat="22.3993965606" lon="114.0458465113"><ele>116.000</ele></trkpt>
      <trkpt lat="22.3993929785" lon="114.0458501865"><ele>116.000</ele></trkpt>
      <trkpt lat="22.3993785372" lon="114.0458805669"><ele>115.000</ele></trkpt>
      <trkpt lat="22.3993590592" lon="114.0459272683"><ele>114.000</ele></trkpt>
      <trkpt lat="22.3993480516" lon="114.0459502366"><ele>114.000</ele></trkpt>
      <trkpt lat="22.3993453027" lon="114.0459569110"><ele>114.000</ele></trkpt>
      <trkpt lat="22.3993178026" lon="114.0460087960"><ele>114.000</ele></trkpt>
      <trkpt lat="22.3993074797" lon="114.0460310256"><ele>114.000</ele></trkpt>
      <trkpt lat="22.3993029013" lon="114.0460421505"><ele>114.000</ele></trkpt>
      <trkpt lat="22.3992990053" lon="114.0460485725"><ele>114.000</ele></trkpt>
      <trkpt lat="22.3992870831" lon="114.0460796992"><ele>114.000</ele></trkpt>
      <trkpt lat="22.3992847956" lon="114.0460873540"><ele>114.000</ele></trkpt>
      <trkpt lat="22.3992699003" lon="114.0461271268"><ele>115.000</ele></trkpt>
      <trkpt lat="22.3992676038" lon="114.0461347913"><ele>115.000</ele></trkpt>
      <trkpt lat="22.3992618717" lon="114.0461488686"><ele>115.000</ele></trkpt>
      <trkpt lat="22.3992538528" lon="114.0461713484"><ele>116.000</ele></trkpt>
      <trkpt lat="22.3992501927" lon="114.0461903767"><ele>116.000</ele></trkpt>
      <trkpt lat="22.3992467538" lon="114.0462148344"><ele>116.000</ele></trkpt>
      <trkpt lat="22.3992426278" lon="114.0462383002"><ele>116.000</ele></trkpt>
      <trkpt lat="22.3992392255" lon="114.0462612128"><ele>116.000</ele></trkpt>
      <trkpt lat="22.3992352459" lon="114.0462780756"><ele>116.000</ele></trkpt>
      <trkpt lat="22.3992351895" lon="114.0462798257"><ele>116.000</ele></trkpt>
      <trkpt lat="22.3992351145" lon="114.0462808377"><ele>116.000</ele></trkpt>
      <trkpt lat="22.3992350141" lon="114.0462818643"><ele>116.000</ele></trkpt>
      <trkpt lat="22.3992348940" lon="114.0462828987"><ele>116.000</ele></trkpt>
      <trkpt lat="22.3992347630" lon="114.0462839418"><ele>116.000</ele></trkpt>
      <trkpt lat="22.3992346229" lon="114.0462849888"><ele>116.000</ele></trkpt>
      <trkpt lat="22.3992344829" lon="114.0462860359"><ele>116.000</ele></trkpt>
      <trkpt lat="22.3992343465" lon="114.0462870809"><ele>116.000</ele></trkpt>
      <trkpt lat="22.3992342209" lon="114.0462881202"><ele>116.000</ele></trkpt>
      <trkpt lat="22.3992341125" lon="114.0462891497"><ele>116.000</ele></trkpt>
      <trkpt lat="22.3992340239" lon="114.0462901695"><ele>116.000</ele></trkpt>
      <trkpt lat="22.3992339642" lon="114.0462911737"><ele>116.000</ele></trkpt>
      <trkpt lat="22.3992339370" lon="114.0462921604"><ele>116.000</ele></trkpt>
      <trkpt lat="22.3992339486" lon="114.0462931257"><ele>116.000</ele></trkpt>
      <trkpt lat="22.3992340054" lon="114.0462940658"><ele>116.000</ele></trkpt>
      <trkpt lat="22.3992341127" lon="114.0462949795"><ele>116.000</ele></trkpt>
      <trkpt lat="22.3992342777" lon="114.0462958621"><ele>116.000</ele></trkpt>
      <trkpt lat="22.3992345042" lon="114.0462967126"><ele>116.000</ele></trkpt>
      <trkpt lat="22.3992347992" lon="114.0462975243"><ele>116.000</ele></trkpt>
      <trkpt lat="22.3992351665" lon="114.0462982979"><ele>116.000</ele></trkpt>
      <trkpt lat="22.3992356005" lon="114.0462990385"><ele>116.000</ele></trkpt>
      <trkpt lat="22.3992360689" lon="114.0462997664"><ele>116.000</ele></trkpt>
      <trkpt lat="22.3992365680" lon="114.0463004856"><ele>116.000</ele></trkpt>
      <trkpt lat="22.3992370977" lon="114.0463011911"><ele>116.000</ele></trkpt>
      <trkpt lat="22.3992376564" lon="114.0463018859"><ele>116.000</ele></trkpt>
      <trkpt lat="22.3992382421" lon="114.0463025710"><ele>116.000</ele></trkpt>
      <trkpt lat="22.3992388540" lon="114.0463032444"><ele>116.000</ele></trkpt>
      <trkpt lat="22.3992394894" lon="114.0463039081"><ele>116.000</ele></trkpt>
      <trkpt lat="22.3992401491" lon="114.0463045601"><ele>116.000</ele></trkpt>
      <trkpt lat="22.3992408306" lon="114.0463052023"><ele>116.000</ele></trkpt>
      <trkpt lat="22.3992415318" lon="114.0463058329"><ele>116.000</ele></trkpt>
      <trkpt lat="22.3992422512" lon="114.0463064519"><ele>116.000</ele></trkpt>
      <trkpt lat="22.3992429885" lon="114.0463070630"><ele>116.000</ele></trkpt>
      <trkpt lat="22.3992437404" lon="114.0463076625"><ele>116.000</ele></trkpt>
      <trkpt lat="22.3992445084" lon="114.0463082503"><ele>116.000</ele></trkpt>
      <trkpt lat="22.3992452891" lon="114.0463088283"><ele>116.000</ele></trkpt>
      <trkpt lat="22.3992460807" lon="114.0463093957"><ele>116.000</ele></trkpt>
      <trkpt lat="22.3992468830" lon="114.0463099534"><ele>116.000</ele></trkpt>
      <trkpt lat="22.3992476926" lon="114.0463104984"><ele>116.000</ele></trkpt>
      <trkpt lat="22.3992485112" lon="114.0463110357"><ele>116.000</ele></trkpt>
      <trkpt lat="22.3992493334" lon="114.0463115613"><ele>116.000</ele></trkpt>
      <trkpt lat="22.3992501610" lon="114.0463120771"><ele>116.000</ele></trkpt>
      <trkpt lat="22.3992509922" lon="114.0463125814"><ele>116.000</ele></trkpt>
      <trkpt lat="22.3992518234" lon="114.0463130759"><ele>116.000</ele></trkpt>
      <trkpt lat="22.3992526564" lon="114.0463135607"><ele>116.000</ele></trkpt>
      <trkpt lat="22.3992534858" lon="114.0463140358"><ele>116.000</ele></trkpt>
      <trkpt lat="22.3992543143" lon="114.0463144992"><ele>116.000</ele></trkpt>
      <trkpt lat="22.3992569496" lon="114.0463159301"><ele>116.000</ele></trkpt>
      <trkpt lat="22.3992584919" lon="114.0463169445"><ele>116.000</ele></trkpt>
      <trkpt lat="22.3992592590" lon="114.0463174605"><ele>116.000</ele></trkpt>
      <trkpt lat="22.3992600234" lon="114.0463179783"><ele>116.000</ele></trkpt>
      <trkpt lat="22.3992607878" lon="114.0463184982"><ele>116.000</ele></trkpt>
      <trkpt lat="22.3992615522" lon="114.0463190228"><ele>116.000</ele></trkpt>
      <trkpt lat="22.3992623148" lon="114.0463195475"><ele>116.000</ele></trkpt>
      <trkpt lat="22.3992630774" lon="114.0463200712"><ele>116.000</ele></trkpt>
      <trkpt lat="22.3992650817" lon="114.0463217494"><ele>116.000</ele></trkpt>
      <trkpt lat="22.3992668958" lon="114.0463226820"><ele>116.000</ele></trkpt>
      <trkpt lat="22.3992676647" lon="114.0463231940"><ele>116.000</ele></trkpt>
      <trkpt lat="22.3992684336" lon="114.0463237032"><ele>116.000</ele></trkpt>
      <trkpt lat="22.3992692070" lon="114.0463242075"><ele>116.000</ele></trkpt>
      <trkpt lat="22.3992699823" lon="114.0463247030"><ele>116.000</ele></trkpt>
      <trkpt lat="22.3992707611" lon="114.0463251917"><ele>116.000</ele></trkpt>
      <trkpt lat="22.3992715435" lon="114.0463256746"><ele>116.000</ele></trkpt>
      <trkpt lat="22.3992723296" lon="114.0463261488"><ele>116.000</ele></trkpt>
      <trkpt lat="22.3992731210" lon="114.0463266113"><ele>116.000</ele></trkpt>
      <trkpt lat="22.3992739160" lon="114.0463270660"><ele>116.000</ele></trkpt>
      <trkpt lat="22.3992747165" lon="114.0463275081"><ele>116.000</ele></trkpt>
      <trkpt lat="22.3992755224" lon="114.0463279395"><ele>116.000</ele></trkpt>
      <trkpt lat="22.3992763318" lon="114.0463283661"><ele>116.000</ele></trkpt>
      <trkpt lat="22.3992771449" lon="114.0463287848"><ele>116.000</ele></trkpt>
      <trkpt lat="22.3992779598" lon="114.0463291997"><ele>116.000</ele></trkpt>
      <trkpt lat="22.3992787801" lon="114.0463296068"><ele>116.000</ele></trkpt>
      <trkpt lat="22.3992796040" lon="114.0463300101"><ele>116.000</ele></trkpt>
      <trkpt lat="22.3992804297" lon="114.0463304055"><ele>116.000</ele></trkpt>
      <trkpt lat="22.3992812590" lon="114.0463307971"><ele>116.000</ele></trkpt>
      <trkpt lat="22.3992820911" lon="114.0463311809"><ele>116.000</ele></trkpt>
      <trkpt lat="22.3992829249" lon="114.0463315589"><ele>116.000</ele></trkpt>
      <trkpt lat="22.3992837623" lon="114.0463319310"><ele>116.000</ele></trkpt>
      <trkpt lat="22.3992846015" lon="114.0463322983"><ele>116.000</ele></trkpt>
      <trkpt lat="22.3992854435" lon="114.0463326578"><ele>116.000</ele></trkpt>
      <trkpt lat="22.3992862881" lon="114.0463330124"><ele>116.000</ele></trkpt>
      <trkpt lat="22.3992871345" lon="114.0463333593"><ele>116.000</ele></trkpt>
      <trkpt lat="22.3992879819" lon="114.0463337004"><ele>116.000</ele></trkpt>
      <trkpt lat="22.3992888337" lon="114.0463340356"><ele>116.000</ele></trkpt>
      <trkpt lat="22.3992896838" lon="114.0463343631"><ele>116.000</ele></trkpt>
      <trkpt lat="22.3992905383" lon="114.0463346857"><ele>116.000</ele></trkpt>
      <trkpt lat="22.3992913928" lon="114.0463349985"><ele>116.000</ele></trkpt>
      <trkpt lat="22.3992922492" lon="114.0463353085"><ele>116.000</ele></trkpt>
      <trkpt lat="22.3992931073" lon="114.0463356088"><ele>116.000</ele></trkpt>
      <trkpt lat="22.3992939654" lon="114.0463359051"><ele>116.000</ele></trkpt>
      <trkpt lat="22.3992948254" lon="114.0463361918"><ele>116.000</ele></trkpt>
      <trkpt lat="22.3992956907" lon="114.0463364648"><ele>116.000</ele></trkpt>
      <trkpt lat="22.3992965669" lon="114.0463367088"><ele>116.000</ele></trkpt>
      <trkpt lat="22.3992974520" lon="114.0463369274"><ele>116.000</ele></trkpt>
      <trkpt lat="22.3992983462" lon="114.0463371227"><ele>116.000</ele></trkpt>
      <trkpt lat="22.3992992476" lon="114.0463373006"><ele>116.000</ele></trkpt>
      <trkpt lat="22.3993001544" lon="114.0463374629"><ele>114.000</ele></trkpt>
      <trkpt lat="22.3993010666" lon="114.0463376136"><ele>114.000</ele></trkpt>
      <trkpt lat="22.3993019806" lon="114.0463377525"><ele>114.000</ele></trkpt>
      <trkpt lat="22.3993028964" lon="114.0463378877"><ele>114.000</ele></trkpt>
      <trkpt lat="22.3993038122" lon="114.0463380198"><ele>114.000</ele></trkpt>
      <trkpt lat="22.3993047280" lon="114.0463381501"><ele>114.000</ele></trkpt>
      <trkpt lat="22.3993056420" lon="114.0463382833"><ele>114.000</ele></trkpt>
      <trkpt lat="22.3993065524" lon="114.0463384242"><ele>114.000</ele></trkpt>
      <trkpt lat="22.3993074573" lon="114.0463385729"><ele>114.000</ele></trkpt>
      <trkpt lat="22.3993083569" lon="114.0463387381"><ele>114.000</ele></trkpt>
      <trkpt lat="22.3993092475" lon="114.0463389150"><ele>114.000</ele></trkpt>
      <trkpt lat="22.3993101308" lon="114.0463391123"><ele>114.000</ele></trkpt>
      <trkpt lat="22.3993110033" lon="114.0463393310"><ele>114.000</ele></trkpt>
      <trkpt lat="22.3993118650" lon="114.0463395749"><ele>114.000</ele></trkpt>
      <trkpt lat="22.3993127132" lon="114.0463398480"><ele>114.000</ele></trkpt>
      <trkpt lat="22.3993135470" lon="114.0463401521"><ele>114.000</ele></trkpt>
      <trkpt lat="22.3993156681" lon="114.0463411252"><ele>114.000</ele></trkpt>
      <trkpt lat="22.3993174823" lon="114.0463422131"><ele>114.000</ele></trkpt>
      <trkpt lat="22.3993182296" lon="114.0463427223"><ele>114.000</ele></trkpt>
      <trkpt lat="22.3993189624" lon="114.0463432548"><ele>114.000</ele></trkpt>
      <trkpt lat="22.3993196870" lon="114.0463438135"><ele>114.000</ele></trkpt>
      <trkpt lat="22.3993203991" lon="114.0463443955"><ele>114.000</ele></trkpt>
      <trkpt lat="22.3993211040" lon="114.0463449999"><ele>114.000</ele></trkpt>
      <trkpt lat="22.3993218007" lon="114.0463456198"><ele>114.000</ele></trkpt>
      <trkpt lat="22.3993224867" lon="114.0463462582"><ele>114.000</ele></trkpt>
      <trkpt lat="22.3993231663" lon="114.0463469121"><ele>114.000</ele></trkpt>
      <trkpt lat="22.3993238405" lon="114.0463475796"><ele>114.000</ele></trkpt>
      <trkpt lat="22.3993245075" lon="114.0463482597"><ele>114.000</ele></trkpt>
      <trkpt lat="22.3993251700" lon="114.0463489477"><ele>114.000</ele></trkpt>
      <trkpt lat="22.3993258253" lon="114.0463496443"><ele>114.000</ele></trkpt>
      <trkpt lat="22.3993264778" lon="114.0463503468"><ele>114.000</ele></trkpt>
      <trkpt lat="22.3993271268" lon="114.0463510532"><ele>114.000</ele></trkpt>
      <trkpt lat="22.3993277739" lon="114.0463517616"><ele>114.000</ele></trkpt>
      <trkpt lat="22.3993284193" lon="114.0463524728"><ele>114.000</ele></trkpt>
      <trkpt lat="22.3993290628" lon="114.0463531812"><ele>114.000</ele></trkpt>
      <trkpt lat="22.3993297046" lon="114.0463538846"><ele>114.000</ele></trkpt>
      <trkpt lat="22.3993303463" lon="114.0463545852"><ele>114.000</ele></trkpt>
      <trkpt lat="22.3993309898" lon="114.0463552800"><ele>114.000</ele></trkpt>
      <trkpt lat="22.3993316334" lon="114.0463559630"><ele>114.000</ele></trkpt>
      <trkpt lat="22.3993322787" lon="114.0463566422"><ele>114.000</ele></trkpt>
      <trkpt lat="22.3993329222" lon="114.0463573244"><ele>114.000</ele></trkpt>
      <trkpt lat="22.3993335603" lon="114.0463580084"><ele>114.000</ele></trkpt>
      <trkpt lat="22.3993341966" lon="114.0463586983"><ele>114.000</ele></trkpt>
      <trkpt lat="22.3993348311" lon="114.0463593882"><ele>114.000</ele></trkpt>
      <trkpt lat="22.3993354620" lon="114.0463600849"><ele>114.000</ele></trkpt>
      <trkpt lat="22.3993360893" lon="114.0463607836"><ele>114.000</ele></trkpt>
      <trkpt lat="22.3993367148" lon="114.0463614890"><ele>114.000</ele></trkpt>
      <trkpt lat="22.3993373348" lon="114.0463621944"><ele>114.000</ele></trkpt>
      <trkpt lat="22.3993379531" lon="114.0463629057"><ele>114.000</ele></trkpt>
      <trkpt lat="22.3993385677" lon="114.0463636170"><ele>114.000</ele></trkpt>
      <trkpt lat="22.3993391806" lon="114.0463643331"><ele>114.000</ele></trkpt>
      <trkpt lat="22.3993397880" lon="114.0463650532"><ele>114.000</ele></trkpt>
      <trkpt lat="22.3993403936" lon="114.0463657771"><ele>114.000</ele></trkpt>
      <trkpt lat="22.3993409956" lon="114.0463665029"><ele>114.000</ele></trkpt>
      <trkpt lat="22.3993415949" lon="114.0463672327"><ele>114.000</ele></trkpt>
      <trkpt lat="22.3993421897" lon="114.0463679644"><ele>114.000</ele></trkpt>
      <trkpt lat="22.3993427800" lon="114.0463686999"><ele>114.000</ele></trkpt>
      <trkpt lat="22.3993433676" lon="114.0463694394"><ele>114.000</ele></trkpt>
      <trkpt lat="22.3993439516" lon="114.0463701808"><ele>114.000</ele></trkpt>
      <trkpt lat="22.3993454947" lon="114.0463721741"><ele>112.000</ele></trkpt>
      <trkpt lat="22.3993468155" lon="114.0463739287"><ele>112.000</ele></trkpt>
      <trkpt lat="22.3993473778" lon="114.0463746857"><ele>112.000</ele></trkpt>
      <trkpt lat="22.3993479383" lon="114.0463754495"><ele>112.000</ele></trkpt>
      <trkpt lat="22.3993484934" lon="114.0463762142"><ele>112.000</ele></trkpt>
      <trkpt lat="22.3993490448" lon="114.0463769819"><ele>112.000</ele></trkpt>
      <trkpt lat="22.3993495945" lon="114.0463777544"><ele>112.000</ele></trkpt>
      <trkpt lat="22.3993501406" lon="114.0463785289"><ele>112.000</ele></trkpt>
      <trkpt lat="22.3993506830" lon="114.0463793072"><ele>112.000</ele></trkpt>
      <trkpt lat="22.3993512228" lon="114.0463800895"><ele>112.000</ele></trkpt>
      <trkpt lat="22.3993517571" lon="114.0463808737"><ele>112.000</ele></trkpt>
      <trkpt lat="22.3993522888" lon="114.0463816598"><ele>112.000</ele></trkpt>
      <trkpt lat="22.3993528168" lon="114.0463824498"><ele>112.000</ele></trkpt>
      <trkpt lat="22.3993533412" lon="114.0463832437"><ele>112.000</ele></trkpt>
      <trkpt lat="22.3993538602" lon="114.0463840376"><ele>112.000</ele></trkpt>
      <trkpt lat="22.3993543783" lon="114.0463848374"><ele>112.000</ele></trkpt>
      <trkpt lat="22.3993548909" lon="114.0463856371"><ele>112.000</ele></trkpt>
      <trkpt lat="22.3993554009" lon="114.0463864408"><ele>112.000</ele></trkpt>
      <trkpt lat="22.3993559055" lon="114.0463872464"><ele>112.000</ele></trkpt>
      <trkpt lat="22.3993564082" lon="114.0463880558"><ele>112.000</ele></trkpt>
      <trkpt lat="22.3993569055" lon="114.0463888653"><ele>112.000</ele></trkpt>
      <trkpt lat="22.3993573993" lon="114.0463896787"><ele>112.000</ele></trkpt>
      <trkpt lat="22.3993578894" lon="114.0463904940"><ele>112.000</ele></trkpt>
      <trkpt lat="22.3993583741" lon="114.0463913122"><ele>112.000</ele></trkpt>
      <trkpt lat="22.3993588569" lon="114.0463921304"><ele>112.000</ele></trkpt>
      <trkpt lat="22.3993593398" lon="114.0463929516"><ele>112.000</ele></trkpt>
      <trkpt lat="22.3993598263" lon="114.0463937746"><ele>112.000</ele></trkpt>
      <trkpt lat="22.3993603147" lon="114.0463945997"><ele>112.000</ele></trkpt>
      <trkpt lat="22.3993608030" lon="114.0463954247"><ele>112.000</ele></trkpt>
      <trkpt lat="22.3993612895" lon="114.0463962536"><ele>112.000</ele></trkpt>
      <trkpt lat="22.3993617760" lon="114.0463970844"><ele>112.000</ele></trkpt>
      <trkpt lat="22.3993622607" lon="114.0463979172"><ele>112.000</ele></trkpt>
      <trkpt lat="22.3993627418" lon="114.0463987530"><ele>112.000</ele></trkpt>
      <trkpt lat="22.3993632175" lon="114.0463995906"><ele>112.000</ele></trkpt>
      <trkpt lat="22.3993636895" lon="114.0464004312"><ele>112.000</ele></trkpt>
      <trkpt lat="22.3993641544" lon="114.0464012757"><ele>112.000</ele></trkpt>
      <trkpt lat="22.3993646120" lon="114.0464021221"><ele>112.000</ele></trkpt>
      <trkpt lat="22.3993650624" lon="114.0464029724"><ele>112.000</ele></trkpt>
      <trkpt lat="22.3993655038" lon="114.0464038266"><ele>112.000</ele></trkpt>
      <trkpt lat="22.3993659343" lon="114.0464046827"><ele>112.000</ele></trkpt>
      <trkpt lat="22.3993663540" lon="114.0464055447"><ele>112.000</ele></trkpt>
      <trkpt lat="22.3993667629" lon="114.0464064087"><ele>112.000</ele></trkpt>
      <trkpt lat="22.3993671574" lon="114.0464072784"><ele>112.000</ele></trkpt>
      <trkpt lat="22.3993675391" lon="114.0464081511"><ele>112.000</ele></trkpt>
      <trkpt lat="22.3993679065" lon="114.0464090278"><ele>112.000</ele></trkpt>
      <trkpt lat="22.3993682576" lon="114.0464099092"><ele>112.000</ele></trkpt>
      <trkpt lat="22.3993690052" lon="114.0464119693"><ele>112.000</ele></trkpt>
      <trkpt lat="22.3993695923" lon="114.0464144452"><ele>112.000</ele></trkpt>
      <trkpt lat="22.3993697141" lon="114.0464153987"><ele>112.000</ele></trkpt>
      <trkpt lat="22.3993697962" lon="114.0464163640"><ele>112.000</ele></trkpt>
      <trkpt lat="22.3993698493" lon="114.0464173409"><ele>112.000</ele></trkpt>
      <trkpt lat="22.3993698790" lon="114.0464183256"><ele>112.000</ele></trkpt>
      <trkpt lat="22.3993698961" lon="114.0464193142"><ele>112.000</ele></trkpt>
      <trkpt lat="22.3993699059" lon="114.0464203048"><ele>112.000</ele></trkpt>
      <trkpt lat="22.3993699193" lon="114.0464212973"><ele>112.000</ele></trkpt>
      <trkpt lat="22.3993699418" lon="114.0464222859"><ele>112.000</ele></trkpt>
      <trkpt lat="22.3993699860" lon="114.0464232706"><ele>112.000</ele></trkpt>
      <trkpt lat="22.3993700572" lon="114.0464242456"><ele>112.000</ele></trkpt>
      <trkpt lat="22.3993701645" lon="114.0464252128"><ele>112.000</ele></trkpt>
      <trkpt lat="22.3993703152" lon="114.0464261663"><ele>112.000</ele></trkpt>
      <trkpt lat="22.3993705110" lon="114.0464271081"><ele>112.000</ele></trkpt>
      <trkpt lat="22.3993707267" lon="114.0464280480"><ele>112.000</ele></trkpt>
      <trkpt lat="22.3993709568" lon="114.0464289859"><ele>112.000</ele></trkpt>
      <trkpt lat="22.3993711996" lon="114.0464299238"><ele>112.000</ele></trkpt>
      <trkpt lat="22.3993714586" lon="114.0464308578"><ele>112.000</ele></trkpt>
      <trkpt lat="22.3993717321" lon="114.0464317899"><ele>112.000</ele></trkpt>
      <trkpt lat="22.3993735369" lon="114.0464323592"><ele>112.000</ele></trkpt>
      <trkpt lat="22.3993726338" lon="114.0464345587"><ele>112.000</ele></trkpt>
      <trkpt lat="22.3993729614" lon="114.0464354713"><ele>112.000</ele></trkpt>
      <trkpt lat="22.3993733017" lon="114.0464363761"><ele>112.000</ele></trkpt>
      <trkpt lat="22.3993736546" lon="114.0464372751"><ele>112.000</ele></trkpt>
      <trkpt lat="22.3993744454" lon="114.0464391564"><ele>112.000</ele></trkpt>
      <trkpt lat="22.3993756069" lon="114.0464416376"><ele>112.000</ele></trkpt>
      <trkpt lat="22.3993760374" lon="114.0464424899"><ele>112.000</ele></trkpt>
      <trkpt lat="22.3993764824" lon="114.0464433382"><ele>112.000</ele></trkpt>
      <trkpt lat="22.3993769400" lon="114.0464441788"><ele>110.000</ele></trkpt>
      <trkpt lat="22.3993774121" lon="114.0464450136"><ele>110.000</ele></trkpt>
      <trkpt lat="22.3993778950" lon="114.0464458425"><ele>110.000</ele></trkpt>
      <trkpt lat="22.3993783923" lon="114.0464466617"><ele>110.000</ele></trkpt>
      <trkpt lat="22.3993789005" lon="114.0464474731"><ele>110.000</ele></trkpt>
      <trkpt lat="22.3993794204" lon="114.0464482747"><ele>110.000</ele></trkpt>
      <trkpt lat="22.3993799511" lon="114.0464490667"><ele>110.000</ele></trkpt>
      <trkpt lat="22.3993804936" lon="114.0464498490"><ele>110.000</ele></trkpt>
      <trkpt lat="22.3993810451" lon="114.0464506195"><ele>110.000</ele></trkpt>
      <trkpt lat="22.3993816074" lon="114.0464513784"><ele>110.000</ele></trkpt>
      <trkpt lat="22.3993821805" lon="114.0464521267"><ele>110.000</ele></trkpt>
      <trkpt lat="22.3993827627" lon="114.0464528574"><ele>110.000</ele></trkpt>
      <trkpt lat="22.3993833683" lon="114.0464535697"><ele>110.000</ele></trkpt>
      <trkpt lat="22.3993839974" lon="114.0464542586"><ele>110.000</ele></trkpt>
      <trkpt lat="22.3993846454" lon="114.0464549300"><ele>110.000</ele></trkpt>
      <trkpt lat="22.3993853097" lon="114.0464555859"><ele>110.000</ele></trkpt>
      <trkpt lat="22.3993859857" lon="114.0464562301"><ele>110.000</ele></trkpt>
      <trkpt lat="22.3993866725" lon="114.0464568665"><ele>110.000</ele></trkpt>
      <trkpt lat="22.3993873647" lon="114.0464574971"><ele>110.000</ele></trkpt>
      <trkpt lat="22.3993880606" lon="114.0464581239"><ele>110.000</ele></trkpt>
      <trkpt lat="22.3993887564" lon="114.0464587525"><ele>110.000</ele></trkpt>
      <trkpt lat="22.3993894487" lon="114.0464593831"><ele>110.000</ele></trkpt>
      <trkpt lat="22.3993901355" lon="114.0464600215"><ele>110.000</ele></trkpt>
      <trkpt lat="22.3993908115" lon="114.0464606696"><ele>110.000</ele></trkpt>
      <trkpt lat="22.3993925251" lon="114.0464624471"><ele>110.000</ele></trkpt>
      <trkpt lat="22.3993940057" lon="114.0464641025"><ele>110.000</ele></trkpt>
      <trkpt lat="22.3993946293" lon="114.0464648031"><ele>110.000</ele></trkpt>
      <trkpt lat="22.3993952548" lon="114.0464655057"><ele>110.000</ele></trkpt>
      <trkpt lat="22.3993958776" lon="114.0464662111"><ele>110.000</ele></trkpt>
      <trkpt lat="22.3993965004" lon="114.0464669146"><ele>110.000</ele></trkpt>
      <trkpt lat="22.3993971204" lon="114.0464676210"><ele>110.000</ele></trkpt>
      <trkpt lat="22.3993977405" lon="114.0464683294"><ele>110.000</ele></trkpt>
      <trkpt lat="22.3993983587" lon="114.0464690397"><ele>110.000</ele></trkpt>
      <trkpt lat="22.3993989752" lon="114.0464697519"><ele>110.000</ele></trkpt>
      <trkpt lat="22.3993995898" lon="114.0464704642"><ele>110.000</ele></trkpt>
      <trkpt lat="22.3994002027" lon="114.0464711803"><ele>110.000</ele></trkpt>
      <trkpt lat="22.3994008137" lon="114.0464718984"><ele>110.000</ele></trkpt>
      <trkpt lat="22.3994014221" lon="114.0464726194"><ele>110.000</ele></trkpt>
      <trkpt lat="22.3994020250" lon="114.0464733423"><ele>110.000</ele></trkpt>
      <trkpt lat="22.3994026270" lon="114.0464740663"><ele>110.000</ele></trkpt>
      <trkpt lat="22.3994032254" lon="114.0464747960"><ele>110.000</ele></trkpt>
      <trkpt lat="22.3994038220" lon="114.0464755258"><ele>110.000</ele></trkpt>
      <trkpt lat="22.3994044132" lon="114.0464762594"><ele>110.000</ele></trkpt>
      <trkpt lat="22.3994050017" lon="114.0464769969"><ele>110.000</ele></trkpt>
      <trkpt lat="22.3994055865" lon="114.0464777364"><ele>110.000</ele></trkpt>
      <trkpt lat="22.3994061669" lon="114.0464784797"><ele>110.000</ele></trkpt>
      <trkpt lat="22.3994067418" lon="114.0464792270"><ele>110.000</ele></trkpt>
      <trkpt lat="22.3994073141" lon="114.0464799781"><ele>110.000</ele></trkpt>
      <trkpt lat="22.3994078809" lon="114.0464807312"><ele>110.000</ele></trkpt>
      <trkpt lat="22.3994084441" lon="114.0464814882"><ele>110.000</ele></trkpt>
      <trkpt lat="22.3994090019" lon="114.0464822510"><ele>110.000</ele></trkpt>
      <trkpt lat="22.3994095552" lon="114.0464830157"><ele>110.000</ele></trkpt>
      <trkpt lat="22.3994101094" lon="114.0464837824"><ele>110.000</ele></trkpt>
      <trkpt lat="22.3994106563" lon="114.0464845550"><ele>110.000</ele></trkpt>
      <trkpt lat="22.3994112024" lon="114.0464853275"><ele>110.000</ele></trkpt>
      <trkpt lat="22.3994117430" lon="114.0464861058"><ele>110.000</ele></trkpt>
      <trkpt lat="22.3994122846" lon="114.0464868861"><ele>110.000</ele></trkpt>
      <trkpt lat="22.3994128189" lon="114.0464876684"><ele>110.000</ele></trkpt>
      <trkpt lat="22.3994133505" lon="114.0464884565"><ele>110.000</ele></trkpt>
      <trkpt lat="22.3994138804" lon="114.0464892445"><ele>110.000</ele></trkpt>
      <trkpt lat="22.3994144048" lon="114.0464900375"><ele>110.000</ele></trkpt>
      <trkpt lat="22.3994149274" lon="114.0464908304"><ele>110.000</ele></trkpt>
      <trkpt lat="22.3994160287" lon="114.0464925309"><ele>109.000</ele></trkpt>
      <trkpt lat="22.3994174862" lon="114.0464948428"><ele>109.000</ele></trkpt>
      <trkpt lat="22.3994179881" lon="114.0464956522"><ele>109.000</ele></trkpt>
      <trkpt lat="22.3994184845" lon="114.0464964656"><ele>109.000</ele></trkpt>
      <trkpt lat="22.3994189782" lon="114.0464972790"><ele>109.000</ele></trkpt>
      <trkpt lat="22.3994194683" lon="114.0464980962"><ele>109.000</ele></trkpt>
      <trkpt lat="22.3994199530" lon="114.0464989164"><ele>109.000</ele></trkpt>
      <trkpt lat="22.3994204359" lon="114.0464997366"><ele>109.000</ele></trkpt>
      <trkpt lat="22.3994209134" lon="114.0465005597"><ele>109.000</ele></trkpt>
      <trkpt lat="22.3994213891" lon="114.0465013847"><ele>109.000</ele></trkpt>
      <trkpt lat="22.3994218593" lon="114.0465022136"><ele>109.000</ele></trkpt>
      <trkpt lat="22.3994223278" lon="114.0465030425"><ele>109.000</ele></trkpt>
      <trkpt lat="22.3994228098" lon="114.0465038753"><ele>109.000</ele></trkpt>
      <trkpt lat="22.3994233062" lon="114.0465047101"><ele>109.000</ele></trkpt>
      <trkpt lat="22.3994238162" lon="114.0465055487"><ele>109.000</ele></trkpt>
      <trkpt lat="22.3994243352" lon="114.0465063892"><ele>109.000</ele></trkpt>
      <trkpt lat="22.3994248615" lon="114.0465072317"><ele>109.000</ele></trkpt>
      <trkpt lat="22.3994253950" lon="114.0465080780"><ele>109.000</ele></trkpt>
      <trkpt lat="22.3994259285" lon="114.0465089282"><ele>109.000</ele></trkpt>
      <trkpt lat="22.3994264638" lon="114.0465097804"><ele>109.000</ele></trkpt>
      <trkpt lat="22.3994269954" lon="114.0465106326"><ele>109.000</ele></trkpt>
      <trkpt lat="22.3994275235" lon="114.0465114906"><ele>109.000</ele></trkpt>
      <trkpt lat="22.3994280434" lon="114.0465123486"><ele>109.000</ele></trkpt>
      <trkpt lat="22.3994285526" lon="114.0465132086"><ele>109.000</ele></trkpt>
      <trkpt lat="22.3994290499" lon="114.0465140724"><ele>109.000</ele></trkpt>
      <trkpt lat="22.3994295311" lon="114.0465149363"><ele>109.000</ele></trkpt>
      <trkpt lat="22.3994299941" lon="114.0465158021"><ele>109.000</ele></trkpt>
      <trkpt lat="22.3994304391" lon="114.0465166719"><ele>109.000</ele></trkpt>
      <trkpt lat="22.3994308597" lon="114.0465175416"><ele>109.000</ele></trkpt>
      <trkpt lat="22.3994312551" lon="114.0465184133"><ele>109.000</ele></trkpt>
      <trkpt lat="22.3994316224" lon="114.0465192870"><ele>109.000</ele></trkpt>
      <trkpt lat="22.3994319609" lon="114.0465201627"><ele>109.000</ele></trkpt>
      <trkpt lat="22.3994322650" lon="114.0465210384"><ele>109.000</ele></trkpt>
      <trkpt lat="22.3994325348" lon="114.0465219161"><ele>109.000</ele></trkpt>
      <trkpt lat="22.3994327649" lon="114.0465227967"><ele>109.000</ele></trkpt>
      <trkpt lat="22.3994332132" lon="114.0465255339"><ele>109.000</ele></trkpt>
      <trkpt lat="22.3994331430" lon="114.0465280978"><ele>109.000</ele></trkpt>
      <trkpt lat="22.3994329974" lon="114.0465289895"><ele>109.000</ele></trkpt>
      <trkpt lat="22.3994328013" lon="114.0465298831"><ele>109.000</ele></trkpt>
      <trkpt lat="22.3994325564" lon="114.0465307807"><ele>109.000</ele></trkpt>
      <trkpt lat="22.3994322681" lon="114.0465316812"><ele>109.000</ele></trkpt>
      <trkpt lat="22.3994319420" lon="114.0465325798"><ele>109.000</ele></trkpt>
      <trkpt lat="22.3994315815" lon="114.0465334833"><ele>109.000</ele></trkpt>
      <trkpt lat="22.3994311939" lon="114.0465343888"><ele>109.000</ele></trkpt>
      <trkpt lat="22.3994307810" lon="114.0465352962"><ele>109.000</ele></trkpt>
      <trkpt lat="22.3994303528" lon="114.0465362056"><ele>109.000</ele></trkpt>
      <trkpt lat="22.3994299083" lon="114.0465371170"><ele>109.000</ele></trkpt>
      <trkpt lat="22.3994294576" lon="114.0465380303"><ele>109.000</ele></trkpt>
      <trkpt lat="22.3994290041" lon="114.0465389436"><ele>109.000</ele></trkpt>
      <trkpt lat="22.3994285506" lon="114.0465398588"><ele>109.000</ele></trkpt>
      <trkpt lat="22.3994281034" lon="114.0465407760"><ele>109.000</ele></trkpt>
      <trkpt lat="22.3994276689" lon="114.0465416951"><ele>108.000</ele></trkpt>
      <trkpt lat="22.3994272506" lon="114.0465426142"><ele>108.000</ele></trkpt>
      <trkpt lat="22.3994268540" lon="114.0465435353"><ele>108.000</ele></trkpt>
      <trkpt lat="22.3994264836" lon="114.0465444582"><ele>108.000</ele></trkpt>
      <trkpt lat="22.3994261448" lon="114.0465453792"><ele>108.000</ele></trkpt>
      <trkpt lat="22.3994258430" lon="114.0465463040"><ele>108.000</ele></trkpt>
      <trkpt lat="22.3994251045" lon="114.0465488491"><ele>108.000</ele></trkpt>
      <trkpt lat="22.3994245509" lon="114.0465509512"><ele>108.000</ele></trkpt>
      <trkpt lat="22.3994243087" lon="114.0465518856"><ele>108.000</ele></trkpt>
      <trkpt lat="22.3994240729" lon="114.0465528240"><ele>108.000</ele></trkpt>
      <trkpt lat="22.3994238424" lon="114.0465537623"><ele>108.000</ele></trkpt>
      <trkpt lat="22.3994236147" lon="114.0465547026"><ele>108.000</ele></trkpt>
      <trkpt lat="22.3994233906" lon="114.0465556429"><ele>108.000</ele></trkpt>
      <trkpt lat="22.3994231710" lon="114.0465565871"><ele>108.000</ele></trkpt>
      <trkpt lat="22.3994229551" lon="114.0465575293"><ele>108.000</ele></trkpt>
      <trkpt lat="22.3994227409" lon="114.0465584734"><ele>108.000</ele></trkpt>
      <trkpt lat="22.3994225285" lon="114.0465594195"><ele>108.000</ele></trkpt>
      <trkpt lat="22.3994223207" lon="114.0465603656"><ele>108.000</ele></trkpt>
      <trkpt lat="22.3994221129" lon="114.0465613117"><ele>108.000</ele></trkpt>
      <trkpt lat="22.3994219059" lon="114.0465622578"><ele>108.000</ele></trkpt>
      <trkpt lat="22.3994217008" lon="114.0465632058"><ele>108.000</ele></trkpt>
      <trkpt lat="22.3994214956" lon="114.0465641519"><ele>108.000</ele></trkpt>
      <trkpt lat="22.3994212932" lon="114.0465651000"><ele>108.000</ele></trkpt>
      <trkpt lat="22.3994210890" lon="114.0465660461"><ele>108.000</ele></trkpt>
      <trkpt lat="22.3994206050" lon="114.0465682763"><ele>108.000</ele></trkpt>
      <trkpt lat="22.3994200516" lon="114.0465707746"><ele>108.000</ele></trkpt>
      <trkpt lat="22.3994198365" lon="114.0465717187"><ele>108.000</ele></trkpt>
      <trkpt lat="22.3994196206" lon="114.0465726648"><ele>108.000</ele></trkpt>
      <trkpt lat="22.3994194028" lon="114.0465736090"><ele>108.000</ele></trkpt>
      <trkpt lat="22.3994191850" lon="114.0465745532"><ele>108.000</ele></trkpt>
      <trkpt lat="22.3994189672" lon="114.0465755002"><ele>108.000</ele></trkpt>
      <trkpt lat="22.3994187476" lon="114.0465764454"><ele>108.000</ele></trkpt>
      <trkpt lat="22.3994185317" lon="114.0465773895"><ele>108.000</ele></trkpt>
      <trkpt lat="22.3994183157" lon="114.0465783356"><ele>108.000</ele></trkpt>
      <trkpt lat="22.3994180997" lon="114.0465792817"><ele>108.000</ele></trkpt>
      <trkpt lat="22.3994178892" lon="114.0465802307"><ele>108.000</ele></trkpt>
      <trkpt lat="22.3994176786" lon="114.0465811759"><ele>108.000</ele></trkpt>
      <trkpt lat="22.3994174735" lon="114.0465821239"><ele>108.000</ele></trkpt>
      <trkpt lat="22.3994172702" lon="114.0465830729"><ele>108.000</ele></trkpt>
      <trkpt lat="22.3994170723" lon="114.0465840209"><ele>108.000</ele></trkpt>
      <trkpt lat="22.3994168789" lon="114.0465849699"><ele>108.000</ele></trkpt>
      <trkpt lat="22.3994166909" lon="114.0465859199"><ele>108.000</ele></trkpt>
      <trkpt lat="22.3994161061" lon="114.0465886746"><ele>108.000</ele></trkpt>
      <trkpt lat="22.3994158423" lon="114.0465906832"><ele>106.000</ele></trkpt>
      <trkpt lat="22.3994156967" lon="114.0465916389"><ele>106.000</ele></trkpt>
      <trkpt lat="22.3994155584" lon="114.0465925947"><ele>106.000</ele></trkpt>
      <trkpt lat="22.3994154292" lon="114.0465935523"><ele>106.000</ele></trkpt>
      <trkpt lat="22.3994153089" lon="114.0465945129"><ele>106.000</ele></trkpt>
      <trkpt lat="22.3994151941" lon="114.0465954735"><ele>106.000</ele></trkpt>
      <trkpt lat="22.3994150775" lon="114.0465964428"><ele>106.000</ele></trkpt>
      <trkpt lat="22.3994149609" lon="114.0465974199"><ele>106.000</ele></trkpt>
      <trkpt lat="22.3994148407" lon="114.0465984028"><ele>106.000</ele></trkpt>
      <trkpt lat="22.3994147223" lon="114.0465993896"><ele>106.000</ele></trkpt>
      <trkpt lat="22.3994146057" lon="114.0466003803"><ele>106.000</ele></trkpt>
      <trkpt lat="22.3994144909" lon="114.0466013758"><ele>106.000</ele></trkpt>
      <trkpt lat="22.3994143779" lon="114.0466023733"><ele>106.000</ele></trkpt>
      <trkpt lat="22.3994142703" lon="114.0466033717"><ele>106.000</ele></trkpt>
      <trkpt lat="22.3994141682" lon="114.0466043731"><ele>106.000</ele></trkpt>
      <trkpt lat="22.3994140733" lon="114.0466053725"><ele>106.000</ele></trkpt>
      <trkpt lat="22.3994139838" lon="114.0466063729"><ele>106.000</ele></trkpt>
      <trkpt lat="22.3994139024" lon="114.0466073732"><ele>106.000</ele></trkpt>
      <trkpt lat="22.3994138310" lon="114.0466083697"><ele>106.000</ele></trkpt>
      <trkpt lat="22.3994137677" lon="114.0466093642"><ele>106.000</ele></trkpt>
      <trkpt lat="22.3994137179" lon="114.0466103548"><ele>106.000</ele></trkpt>
      <trkpt lat="22.3994136789" lon="114.0466113415"><ele>106.000</ele></trkpt>
      <trkpt lat="22.3994136526" lon="114.0466123234"><ele>106.000</ele></trkpt>
      <trkpt lat="22.3994136408" lon="114.0466132984"><ele>106.000</ele></trkpt>
      <trkpt lat="22.3994136434" lon="114.0466142667"><ele>106.000</ele></trkpt>
      <trkpt lat="22.3994136640" lon="114.0466152281"><ele>106.000</ele></trkpt>
      <trkpt lat="22.3994137000" lon="114.0466161827"><ele>106.000</ele></trkpt>
      <trkpt lat="22.3994137531" lon="114.0466171256"><ele>106.000</ele></trkpt>
      <trkpt lat="22.3994138261" lon="114.0466180598"><ele>106.000</ele></trkpt>
      <trkpt lat="22.3994139181" lon="114.0466189843"><ele>106.000</ele></trkpt>
      <trkpt lat="22.3994143266" lon="114.0466216953"><ele>106.000</ele></trkpt>
      <trkpt lat="22.3994155314" lon="114.0466239958"><ele>106.000</ele></trkpt>
      <trkpt lat="22.3994161803" lon="114.0466246537"><ele>106.000</ele></trkpt>
      <trkpt lat="22.3994169113" lon="114.0466252745"><ele>106.000</ele></trkpt>
      <trkpt lat="22.3994176948" lon="114.0466258740"><ele>106.000</ele></trkpt>
      <trkpt lat="22.3994185116" lon="114.0466264617"><ele>106.000</ele></trkpt>
      <trkpt lat="22.3994193338" lon="114.0466270534"><ele>106.000</ele></trkpt>
      <trkpt lat="22.3994201362" lon="114.0466276606"><ele>106.000</ele></trkpt>
      <trkpt lat="22.3994208953" lon="114.0466282950"><ele>106.000</ele></trkpt>
      <trkpt lat="22.3994215840" lon="114.0466289703"><ele>106.000</ele></trkpt>
      <trkpt lat="22.3994221824" lon="114.0466296981"><ele>106.000</ele></trkpt>
      <trkpt lat="22.3994227465" lon="114.0466304512"><ele>106.000</ele></trkpt>
      <trkpt lat="22.3994232980" lon="114.0466312198"><ele>106.000</ele></trkpt>
      <trkpt lat="22.3994238368" lon="114.0466320040"><ele>106.000</ele></trkpt>
      <trkpt lat="22.3994243612" lon="114.0466327998"><ele>106.000</ele></trkpt>
      <trkpt lat="22.3994248721" lon="114.0466336093"><ele>106.000</ele></trkpt>
      <trkpt lat="22.3994253667" lon="114.0466344304"><ele>106.000</ele></trkpt>
      <trkpt lat="22.3994258460" lon="114.0466352613"><ele>106.000</ele></trkpt>
      <trkpt lat="22.3994263091" lon="114.0466361019"><ele>106.000</ele></trkpt>
      <trkpt lat="22.3994267540" lon="114.0466369502"><ele>106.000</ele></trkpt>
      <trkpt lat="22.3994271828" lon="114.0466378064"><ele>106.000</ele></trkpt>
      <trkpt lat="22.3994275916" lon="114.0466386664"><ele>104.000</ele></trkpt>
      <trkpt lat="22.3994279843" lon="114.0466395362"><ele>104.000</ele></trkpt>
      <trkpt lat="22.3994283588" lon="114.0466404157"><ele>104.000</ele></trkpt>
      <trkpt lat="22.3994287190" lon="114.0466413089"><ele>104.000</ele></trkpt>
      <trkpt lat="22.3994296964" lon="114.0466440175"><ele>104.000</ele></trkpt>
      <trkpt lat="22.3994302687" lon="114.0466458990"><ele>104.000</ele></trkpt>
      <trkpt lat="22.3994305268" lon="114.0466468350"><ele>104.000</ele></trkpt>
      <trkpt lat="22.3994307651" lon="114.0466477748"><ele>104.000</ele></trkpt>
      <trkpt lat="22.3994309853" lon="114.0466487147"><ele>104.000</ele></trkpt>
      <trkpt lat="22.3994311838" lon="114.0466496565"><ele>104.000</ele></trkpt>
      <trkpt lat="22.3994313670" lon="114.0466506052"><ele>104.000</ele></trkpt>
      <trkpt lat="22.3994315303" lon="114.0466515577"><ele>104.000</ele></trkpt>
      <trkpt lat="22.3994316755" lon="114.0466525190"><ele>104.000</ele></trkpt>
      <trkpt lat="22.3994318046" lon="114.0466534842"><ele>104.000</ele></trkpt>
      <trkpt lat="22.3994319137" lon="114.0466544553"><ele>104.000</ele></trkpt>
      <trkpt lat="22.3994320048" lon="114.0466554283"><ele>104.000</ele></trkpt>
      <trkpt lat="22.3994320778" lon="114.0466564032"><ele>104.000</ele></trkpt>
      <trkpt lat="22.3994321337" lon="114.0466573782"><ele>104.000</ele></trkpt>
      <trkpt lat="22.3994321679" lon="114.0466583532"><ele>104.000</ele></trkpt>
      <trkpt lat="22.3994321849" lon="114.0466593244"><ele>104.000</ele></trkpt>
      <trkpt lat="22.3994321839" lon="114.0466602936"><ele>104.000</ele></trkpt>
      <trkpt lat="22.3994321630" lon="114.0466612589"><ele>104.000</ele></trkpt>
      <trkpt lat="22.3994321096" lon="114.0466622223"><ele>104.000</ele></trkpt>
      <trkpt lat="22.3994320255" lon="114.0466631839"><ele>104.000</ele></trkpt>
      <trkpt lat="22.3994319143" lon="114.0466641454"><ele>104.000</ele></trkpt>
      <trkpt lat="22.3994317832" lon="114.0466651050"><ele>104.000</ele></trkpt>
      <trkpt lat="22.3994316341" lon="114.0466660646"><ele>104.000</ele></trkpt>
      <trkpt lat="22.3994314741" lon="114.0466670253"><ele>104.000</ele></trkpt>
      <trkpt lat="22.3994313069" lon="114.0466679839"><ele>104.000</ele></trkpt>
      <trkpt lat="22.3994311379" lon="114.0466689436"><ele>104.000</ele></trkpt>
      <trkpt lat="22.3994309725" lon="114.0466699032"><ele>104.000</ele></trkpt>
      <trkpt lat="22.3994306222" lon="114.0466721799"><ele>104.000</ele></trkpt>
      <trkpt lat="22.3994302865" lon="114.0466747101"><ele>104.000</ele></trkpt>
      <trkpt lat="22.3994301581" lon="114.0466756687"><ele>104.000</ele></trkpt>
      <trkpt lat="22.3994300297" lon="114.0466766303"><ele>104.000</ele></trkpt>
      <trkpt lat="22.3994299023" lon="114.0466775919"><ele>104.000</ele></trkpt>
      <trkpt lat="22.3994297748" lon="114.0466785534"><ele>104.000</ele></trkpt>
      <trkpt lat="22.3994296474" lon="114.0466795150"><ele>104.000</ele></trkpt>
      <trkpt lat="22.3994295199" lon="114.0466804765"><ele>104.000</ele></trkpt>
      <trkpt lat="22.3994293933" lon="114.0466814381"><ele>104.000</ele></trkpt>
      <trkpt lat="22.3994292650" lon="114.0466823996"><ele>104.000</ele></trkpt>
      <trkpt lat="22.3994291402" lon="114.0466833612"><ele>104.000</ele></trkpt>
      <trkpt lat="22.3994290119" lon="114.0466843228"><ele>104.000</ele></trkpt>
      <trkpt lat="22.3994288844" lon="114.0466852843"><ele>104.000</ele></trkpt>
      <trkpt lat="22.3994287588" lon="114.0466862468"><ele>104.000</ele></trkpt>
      <trkpt lat="22.3994286313" lon="114.0466872084"><ele>102.000</ele></trkpt>
      <trkpt lat="22.3994285057" lon="114.0466881700"><ele>102.000</ele></trkpt>
      <trkpt lat="22.3994283782" lon="114.0466891315"><ele>102.000</ele></trkpt>
      <trkpt lat="22.3994282525" lon="114.0466900931"><ele>102.000</ele></trkpt>
      <trkpt lat="22.3994281251" lon="114.0466910537"><ele>102.000</ele></trkpt>
      <trkpt lat="22.3994279994" lon="114.0466920162"><ele>102.000</ele></trkpt>
      <trkpt lat="22.3994278720" lon="114.0466929777"><ele>102.000</ele></trkpt>
      <trkpt lat="22.3994277463" lon="114.0466939383"><ele>102.000</ele></trkpt>
      <trkpt lat="22.3994276189" lon="114.0466948999"><ele>102.000</ele></trkpt>
      <trkpt lat="22.3994274932" lon="114.0466958614"><ele>102.000</ele></trkpt>
      <trkpt lat="22.3994273657" lon="114.0466968230"><ele>102.000</ele></trkpt>
      <trkpt lat="22.3994272401" lon="114.0466977845"><ele>102.000</ele></trkpt>
      <trkpt lat="22.3994271126" lon="114.0466987461"><ele>102.000</ele></trkpt>
      <trkpt lat="22.3994269870" lon="114.0466997077"><ele>102.000</ele></trkpt>
      <trkpt lat="22.3994268613" lon="114.0467006692"><ele>102.000</ele></trkpt>
      <trkpt lat="22.3994267339" lon="114.0467016308"><ele>102.000</ele></trkpt>
      <trkpt lat="22.3994266064" lon="114.0467025923"><ele>102.000</ele></trkpt>
      <trkpt lat="22.3994264817" lon="114.0467035539"><ele>102.000</ele></trkpt>
      <trkpt lat="22.3994261343" lon="114.0467061744"><ele>102.000</ele></trkpt>
      <trkpt lat="22.3994257134" lon="114.0467543341"><ele>100.000</ele></trkpt>
      <trkpt lat="22.3994238847" lon="114.0467834800"><ele>100.000</ele></trkpt>
      <trkpt lat="22.3994238865" lon="114.0468081860"><ele>100.000</ele></trkpt>
      <trkpt lat="22.3994229717" lon="114.0468160920"><ele>100.000</ele></trkpt>
      <trkpt lat="22.3994215342" lon="114.0468229672"><ele>100.000</ele></trkpt>
      <trkpt lat="22.3994203409" lon="114.0468348959"><ele>100.000</ele></trkpt>
      <trkpt lat="22.3994066352" lon="114.0468830000"><ele>99.000</ele></trkpt>
      <trkpt lat="22.3993974131" lon="114.0469254964"><ele>99.000</ele></trkpt>
      <trkpt lat="22.3993944406" lon="114.0469686473"><ele>98.000</ele></trkpt>
      <trkpt lat="22.3993906194" lon="114.0470232100"><ele>100.000</ele></trkpt>
      <trkpt lat="22.3993937592" lon="114.0470647917"><ele>100.000</ele></trkpt>
      <trkpt lat="22.3993916807" lon="114.0471191198"><ele>100.000</ele></trkpt>
      <trkpt lat="22.3993833124" lon="114.0471679472"><ele>102.000</ele></trkpt>
      <trkpt lat="22.3993550181" lon="114.0472287732"><ele>100.000</ele></trkpt>
      <trkpt lat="22.3993505988" lon="114.0472503893"><ele>100.000</ele></trkpt>
      <trkpt lat="22.3993441771" lon="114.0472728773"><ele>100.000</ele></trkpt>
      <trkpt lat="22.3993359323" lon="114.0472953573"><ele>100.000</ele></trkpt>
      <trkpt lat="22.3993246991" lon="114.0473188210"><ele>100.000</ele></trkpt>
      <trkpt lat="22.3993157619" lon="114.0473338928"><ele>100.000</ele></trkpt>
      <trkpt lat="22.3993079624" lon="114.0473487197"><ele>100.000</ele></trkpt>
      <trkpt lat="22.3992969644" lon="114.0473613150"><ele>100.000</ele></trkpt>
      <trkpt lat="22.3992912253" lon="114.0473667588"><ele>100.000</ele></trkpt>
      <trkpt lat="22.3992767865" lon="114.0473781249"><ele>100.000</ele></trkpt>
      <trkpt lat="22.3992623430" lon="114.0473857812"><ele>100.000</ele></trkpt>
      <trkpt lat="22.3992490388" lon="114.0473941842"><ele>100.000</ele></trkpt>
      <trkpt lat="22.3992355190" lon="114.0474040636"><ele>100.000</ele></trkpt>
      <trkpt lat="22.3992224520" lon="114.0474154284"><ele>98.000</ele></trkpt>
      <trkpt lat="22.3992119042" lon="114.0474265481"><ele>98.000</ele></trkpt>
      <trkpt lat="22.3992004377" lon="114.0474406307"><ele>98.000</ele></trkpt>
      <trkpt lat="22.3991914992" lon="114.0474539728"><ele>98.000</ele></trkpt>
      <trkpt lat="22.3991834780" lon="114.0474727525"><ele>98.000</ele></trkpt>
      <trkpt lat="22.3991768262" lon="114.0474897926"><ele>98.000</ele></trkpt>
      <trkpt lat="22.3991697215" lon="114.0475038808"><ele>98.000</ele></trkpt>
      <trkpt lat="22.3991658254" lon="114.0475103047"><ele>98.000</ele></trkpt>
      <trkpt lat="22.3991552862" lon="114.0475320390"><ele>98.000</ele></trkpt>
      <trkpt lat="22.3991468003" lon="114.0475456323"><ele>98.000</ele></trkpt>
      <trkpt lat="22.3991268553" lon="114.0475735518"><ele>97.000</ele></trkpt>
      <trkpt lat="22.3991186054" lon="114.0475898553"><ele>97.000</ele></trkpt>
      <trkpt lat="22.3991071441" lon="114.0476217195"><ele>96.000</ele></trkpt>
      <trkpt lat="22.3991046221" lon="114.0476298795"><ele>96.000</ele></trkpt>
      <trkpt lat="22.3990988997" lon="114.0476449472"><ele>96.000</ele></trkpt>
      <trkpt lat="22.3990839983" lon="114.0476886724"><ele>96.000</ele></trkpt>
      <trkpt lat="22.3990497163" lon="114.0477232536"><ele>94.000</ele></trkpt>
      <trkpt lat="22.3990081627" lon="114.0477562400"><ele>94.000</ele></trkpt>
      <trkpt lat="22.3989848342" lon="114.0477743045"><ele>94.000</ele></trkpt>
      <trkpt lat="22.3989614994" lon="114.0477845250"><ele>94.000</ele></trkpt>
      <trkpt lat="22.3989396168" lon="114.0477868983"><ele>94.000</ele></trkpt>
      <trkpt lat="22.3989009543" lon="114.0477853646"><ele>94.000</ele></trkpt>
      <trkpt lat="22.3988119457" lon="114.0477689732"><ele>94.000</ele></trkpt>
      <trkpt lat="22.3987667146" lon="114.0477643079"><ele>94.000</ele></trkpt>
      <trkpt lat="22.3987317023" lon="114.0477674779"><ele>93.000</ele></trkpt>
      <trkpt lat="22.3987185783" lon="114.0477753350"><ele>93.000</ele></trkpt>
      <trkpt lat="22.3986974391" lon="114.0477949667"><ele>92.000</ele></trkpt>
      <trkpt lat="22.3986755772" lon="114.0478232278"><ele>90.000</ele></trkpt>
      <trkpt lat="22.3986573504" lon="114.0478350120"><ele>90.000</ele></trkpt>
      <trkpt lat="22.3986391183" lon="114.0478413043"><ele>90.000</ele></trkpt>
      <trkpt lat="22.3986143211" lon="114.0478476037"><ele>88.000</ele></trkpt>
      <trkpt lat="22.3985785707" lon="114.0478390071"><ele>88.000</ele></trkpt>
      <trkpt lat="22.3985530307" lon="114.0478288327"><ele>86.000</ele></trkpt>
      <trkpt lat="22.3985369788" lon="114.0478241404"><ele>86.000</ele></trkpt>
      <trkpt lat="22.3985136403" lon="114.0478296537"><ele>84.000</ele></trkpt>
      <trkpt lat="22.3984873857" lon="114.0478383066"><ele>81.000</ele></trkpt>
      <trkpt lat="22.3984786337" lon="114.0478398840"><ele>81.000</ele></trkpt>
      <trkpt lat="22.3984472644" lon="114.0478375589"><ele>81.000</ele></trkpt>
      <trkpt lat="22.3983137500" lon="114.0478110106"><ele>76.000</ele></trkpt>
      <trkpt lat="22.3983064521" lon="114.0478070949"><ele>74.000</ele></trkpt>
      <trkpt lat="22.3983049836" lon="114.0477945443"><ele>76.000</ele></trkpt>
      <trkpt lat="22.3983049598" lon="114.0477647341"><ele>76.000</ele></trkpt>
      <trkpt lat="22.3982983903" lon="114.0477592484"><ele>76.000</ele></trkpt>
      <trkpt lat="22.3982808804" lon="114.0477561278"><ele>76.000</ele></trkpt>
      <trkpt lat="22.3982473186" lon="114.0477483139"><ele>74.000</ele></trkpt>
      <trkpt lat="22.3981937969" lon="114.0477292901"><ele>72.000</ele></trkpt>
      <trkpt lat="22.3981685016" lon="114.0477213316"><ele>72.000</ele></trkpt>
      <trkpt lat="22.3981298561" lon="114.0477028030"><ele>74.000</ele></trkpt>
      <trkpt lat="22.3980975965" lon="114.0476982082"><ele>74.000</ele></trkpt>
      <trkpt lat="22.3980742768" lon="114.0477250808"><ele>72.000</ele></trkpt>
    </trkseg>
  </trk>
</gpx>
