<?xml version="1.0" encoding="UTF-8"?>
<gpx xmlns:xsi="http://www.w3.org/2001/XMLSchema-instance"
     xsi:schemaLocation="http://www.topografix.com/GPX/1/1 http://www.topografix.com/GPX/1/1/gpx.xsd"
     version="1.1" creator="json3d_batch_to_gpx"
     xmlns="http://www.topografix.com/GPX/1/1">
  <metadata>
    <name>HighJunkPeakCountryTrail</name>
  </metadata>
  <trk>
    <name>HighJunkPeakCountryTrail</name>
    <type>hike</type>
    <trkseg>
      <trkpt lat="22.3162097082" lon="114.2819454951"><ele>142.000</ele></trkpt>
      <trkpt lat="22.3162119082" lon="114.2819397432"><ele>142.000</ele></trkpt>
      <trkpt lat="22.3162358387" lon="114.2818819819"><ele>155.000</ele></trkpt>
      <trkpt lat="22.3162615606" lon="114.2818261475"><ele>154.000</ele></trkpt>
      <trkpt lat="22.3162687469" lon="114.2817972628"><ele>154.000</ele></trkpt>
      <trkpt lat="22.3162514543" lon="114.2817510263"><ele>156.000</ele></trkpt>
      <trkpt lat="22.3162132733" lon="114.2816765266"><ele>161.000</ele></trkpt>
      <trkpt lat="22.3161912021" lon="114.2816296440"><ele>162.000</ele></trkpt>
      <trkpt lat="22.3161577780" lon="114.2815878893"><ele>164.000</ele></trkpt>
      <trkpt lat="22.3161273374" lon="114.2815506305"><ele>164.000</ele></trkpt>
      <trkpt lat="22.3160939154" lon="114.2815069502"><ele>166.000</ele></trkpt>
      <trkpt lat="22.3160790035" lon="114.2814729137"><ele>166.000</ele></trkpt>
      <trkpt lat="22.3160599192" lon="114.2814266759"><ele>168.000</ele></trkpt>
      <trkpt lat="22.3160336795" lon="114.2813586047"><ele>168.000</ele></trkpt>
      <trkpt lat="22.3160151888" lon="114.2813175037"><ele>169.000</ele></trkpt>
      <trkpt lat="22.3160050451" lon="114.2813001617"><ele>170.000</ele></trkpt>
      <trkpt lat="22.3159913126" lon="114.2812911640"><ele>170.000</ele></trkpt>
      <trkpt lat="22.3159704084" lon="114.2812872962"><ele>170.000</ele></trkpt>
      <trkpt lat="22.3159319286" lon="114.2812866154"><ele>171.000</ele></trkpt>
      <trkpt lat="22.3158862895" lon="114.2812899260"><ele>171.000</ele></trkpt>
      <trkpt lat="22.3158353904" lon="114.2813039148"><ele>172.000</ele></trkpt>
      <trkpt lat="22.3157140890" lon="114.2813499655"><ele>174.000</ele></trkpt>
      <trkpt lat="22.3156986422" lon="114.2813569518"><ele>174.000</ele></trkpt>
      <trkpt lat="22.3156843616" lon="114.2813619687"><ele>176.000</ele></trkpt>
      <trkpt lat="22.3156737569" lon="114.2813662896"><ele>176.000</ele></trkpt>
      <trkpt lat="22.3156654651" lon="114.2813689039"><ele>176.000</ele></trkpt>
      <trkpt lat="22.3156228878" lon="114.2813800241"><ele>176.000</ele></trkpt>
      <trkpt lat="22.3156139193" lon="114.2813816479"><ele>176.000</ele></trkpt>
      <trkpt lat="22.3156049514" lon="114.2813825342"><ele>176.000</ele></trkpt>
      <trkpt lat="22.3155725567" lon="114.2813856353"><ele>176.000</ele></trkpt>
      <trkpt lat="22.3155410836" lon="114.2813879994"><ele>178.000</ele></trkpt>
      <trkpt lat="22.3155252437" lon="114.2813883176"><ele>178.000</ele></trkpt>
      <trkpt lat="22.3155073365" lon="114.2813876249"><ele>180.000</ele></trkpt>
      <trkpt lat="22.3154898890" lon="114.2813881651"><ele>180.000</ele></trkpt>
      <trkpt lat="22.3154520250" lon="114.2813862734"><ele>182.000</ele></trkpt>
      <trkpt lat="22.3154320488" lon="114.2813870350"><ele>182.000</ele></trkpt>
      <trkpt lat="22.3154249233" lon="114.2813876994"><ele>182.000</ele></trkpt>
      <trkpt lat="22.3153858349" lon="114.2813939208"><ele>184.000</ele></trkpt>
      <trkpt lat="22.3153789343" lon="114.2813958179"><ele>186.000</ele></trkpt>
      <trkpt lat="22.3152919667" lon="114.2814145822"><ele>186.000</ele></trkpt>
      <trkpt lat="22.3152691977" lon="114.2814190104"><ele>188.000</ele></trkpt>
      <trkpt lat="22.3152521533" lon="114.2814247435"><ele>188.000</ele></trkpt>
      <trkpt lat="22.3152088706" lon="114.2814373286"><ele>190.000</ele></trkpt>
      <trkpt lat="22.3151920518" lon="114.2814433044"><ele>192.000</ele></trkpt>
      <trkpt lat="22.3151759189" lon="114.2814497855"><ele>191.000</ele></trkpt>
      <trkpt lat="22.3151413306" lon="114.2814656770"><ele>192.000</ele></trkpt>
      <trkpt lat="22.3151332448" lon="114.2814710091"><ele>192.000</ele></trkpt>
      <trkpt lat="22.3151249051" lon="114.2814778163"><ele>192.000</ele></trkpt>
      <trkpt lat="22.3151098417" lon="114.2814924412"><ele>192.000</ele></trkpt>
      <trkpt lat="22.3150975231" lon="114.2815078446"><ele>194.000</ele></trkpt>
      <trkpt lat="22.3150819027" lon="114.2815318253"><ele>194.000</ele></trkpt>
      <trkpt lat="22.3150757885" lon="114.2815465540"><ele>192.000</ele></trkpt>
      <trkpt lat="22.3150710568" lon="114.2815600607"><ele>192.000</ele></trkpt>
      <trkpt lat="22.3150670106" lon="114.2815748103"><ele>192.000</ele></trkpt>
      <trkpt lat="22.3150655516" lon="114.2815826805"><ele>192.000</ele></trkpt>
      <trkpt lat="22.3150638475" lon="114.2815925208"><ele>192.000</ele></trkpt>
      <trkpt lat="22.3150634674" lon="114.2816078069"><ele>192.000</ele></trkpt>
      <trkpt lat="22.3150604232" lon="114.2816371060"><ele>194.000</ele></trkpt>
      <trkpt lat="22.3150616410" lon="114.2816531407"><ele>194.000</ele></trkpt>
      <trkpt lat="22.3150688122" lon="114.2816936574"><ele>190.000</ele></trkpt>
      <trkpt lat="22.3150687057" lon="114.2817047509"><ele>190.000</ele></trkpt>
      <trkpt lat="22.3150702169" lon="114.2817138851"><ele>190.000</ele></trkpt>
      <trkpt lat="22.3150740694" lon="114.2817193522"><ele>190.000</ele></trkpt>
      <trkpt lat="22.3150794722" lon="114.2817295181"><ele>190.000</ele></trkpt>
      <trkpt lat="22.3150826000" lon="114.2817384302"><ele>190.000</ele></trkpt>
      <trkpt lat="22.3150876898" lon="114.2817577192"><ele>189.000</ele></trkpt>
      <trkpt lat="22.3150880635" lon="114.2817663478"><ele>189.000</ele></trkpt>
      <trkpt lat="22.3150874969" lon="114.2817766936"><ele>189.000</ele></trkpt>
      <trkpt lat="22.3150855864" lon="114.2817845635"><ele>189.000</ele></trkpt>
      <trkpt lat="22.3150820494" lon="114.2817938977"><ele>188.000</ele></trkpt>
      <trkpt lat="22.3150752975" lon="114.2818031906"><ele>188.000</ele></trkpt>
      <trkpt lat="22.3150678977" lon="114.2818090279"><ele>188.000</ele></trkpt>
      <trkpt lat="22.3150616645" lon="114.2818121582"><ele>190.000</ele></trkpt>
      <trkpt lat="22.3150549804" lon="114.2818145505"><ele>190.000</ele></trkpt>
      <trkpt lat="22.3150446391" lon="114.2818164062"><ele>190.000</ele></trkpt>
      <trkpt lat="22.3150322019" lon="114.2818197260"><ele>190.000</ele></trkpt>
      <trkpt lat="22.3150165486" lon="114.2818247321"><ele>192.000</ele></trkpt>
      <trkpt lat="22.3150061692" lon="114.2818297907"><ele>192.000</ele></trkpt>
      <trkpt lat="22.3149856071" lon="114.2818428779"><ele>192.000</ele></trkpt>
      <trkpt lat="22.3149629482" lon="114.2818586521"><ele>193.000</ele></trkpt>
      <trkpt lat="22.3149562347" lon="114.2818644898"><ele>193.000</ele></trkpt>
      <trkpt lat="22.3149414261" lon="114.2818759120"><ele>193.000</ele></trkpt>
      <trkpt lat="22.3149139057" lon="114.2818963218"><ele>192.000</ele></trkpt>
      <trkpt lat="22.3148865626" lon="114.2819219048"><ele>192.000</ele></trkpt>
      <trkpt lat="22.3148648146" lon="114.2819394170"><ele>193.000</ele></trkpt>
      <trkpt lat="22.3148530150" lon="114.2819481626"><ele>193.000</ele></trkpt>
      <trkpt lat="22.3148378038" lon="114.2819539067"><ele>193.000</ele></trkpt>
      <trkpt lat="22.3148127218" lon="114.2819600413"><ele>195.000</ele></trkpt>
      <trkpt lat="22.3147818577" lon="114.2819702964"><ele>196.000</ele></trkpt>
      <trkpt lat="22.3147480232" lon="114.2819792973"><ele>196.000</ele></trkpt>
      <trkpt lat="22.3147394960" lon="114.2819829014"><ele>196.000</ele></trkpt>
      <trkpt lat="22.3147143949" lon="114.2819907539"><ele>196.000</ele></trkpt>
      <trkpt lat="22.3146886173" lon="114.2819973733"><ele>197.000</ele></trkpt>
      <trkpt lat="22.3146630650" lon="114.2820047304"><ele>197.000</ele></trkpt>
      <trkpt lat="22.3146488041" lon="114.2820072917"><ele>198.000</ele></trkpt>
      <trkpt lat="22.3146398258" lon="114.2820101481"><ele>198.000</ele></trkpt>
      <trkpt lat="22.3146271723" lon="114.2820127203"><ele>198.000</ele></trkpt>
      <trkpt lat="22.3145694708" lon="114.2820204610"><ele>198.000</ele></trkpt>
      <trkpt lat="22.3145449072" lon="114.2820211803"><ele>200.000</ele></trkpt>
      <trkpt lat="22.3145267548" lon="114.2820224575"><ele>200.000</ele></trkpt>
      <trkpt lat="22.3145102288" lon="114.2820225228"><ele>200.000</ele></trkpt>
      <trkpt lat="22.3145022010" lon="114.2820219441"><ele>200.000</ele></trkpt>
      <trkpt lat="22.3144804216" lon="114.2820182494"><ele>200.000</ele></trkpt>
      <trkpt lat="22.3144593563" lon="114.2820135749"><ele>200.000</ele></trkpt>
      <trkpt lat="22.3144442318" lon="114.2820109430"><ele>200.000</ele></trkpt>
      <trkpt lat="22.3144208739" lon="114.2820042772"><ele>200.000</ele></trkpt>
      <trkpt lat="22.3143787923" lon="114.2819890176"><ele>200.000</ele></trkpt>
      <trkpt lat="22.3143370264" lon="114.2819741076"><ele>202.000</ele></trkpt>
      <trkpt lat="22.3143153412" lon="114.2819645216"><ele>202.000</ele></trkpt>
      <trkpt lat="22.3142991816" lon="114.2819565898"><ele>202.000</ele></trkpt>
      <trkpt lat="22.3142649868" lon="114.2819363183"><ele>202.000</ele></trkpt>
      <trkpt lat="22.3142292596" lon="114.2819118819"><ele>204.000</ele></trkpt>
      <trkpt lat="22.3142114706" lon="114.2818959611"><ele>204.000</ele></trkpt>
      <trkpt lat="22.3141909860" lon="114.2818731085"><ele>206.000</ele></trkpt>
      <trkpt lat="22.3141828026" lon="114.2818616983"><ele>206.000</ele></trkpt>
      <trkpt lat="22.3141673857" lon="114.2818364328"><ele>206.000</ele></trkpt>
      <trkpt lat="22.3141442529" lon="114.2817932800"><ele>206.000</ele></trkpt>
      <trkpt lat="22.3141389195" lon="114.2817833317"><ele>206.000</ele></trkpt>
      <trkpt lat="22.3141309124" lon="114.2817646909"><ele>206.000</ele></trkpt>
      <trkpt lat="22.3141231567" lon="114.2817482730"><ele>206.000</ele></trkpt>
      <trkpt lat="22.3141193707" lon="114.2817377202"><ele>206.000</ele></trkpt>
      <trkpt lat="22.3141148982" lon="114.2817274192"><ele>206.000</ele></trkpt>
      <trkpt lat="22.3141056504" lon="114.2817001784"><ele>206.000</ele></trkpt>
      <trkpt lat="22.3140966628" lon="114.2816756360"><ele>204.000</ele></trkpt>
      <trkpt lat="22.3140935547" lon="114.2816640840"><ele>204.000</ele></trkpt>
      <trkpt lat="22.3140878587" lon="114.2816466582"><ele>204.000</ele></trkpt>
      <trkpt lat="22.3140819449" lon="114.2816307075"><ele>204.000</ele></trkpt>
      <trkpt lat="22.3140746669" lon="114.2816157555"><ele>204.000</ele></trkpt>
      <trkpt lat="22.3140704548" lon="114.2816076773"><ele>204.000</ele></trkpt>
      <trkpt lat="22.3140587724" lon="114.2815888397"><ele>202.000</ele></trkpt>
      <trkpt lat="22.3140492344" lon="114.2815773703"><ele>202.000</ele></trkpt>
      <trkpt lat="22.3140264836" lon="114.2815537493"><ele>202.000</ele></trkpt>
      <trkpt lat="22.3140158244" lon="114.2815445114"><ele>202.000</ele></trkpt>
      <trkpt lat="22.3140070327" lon="114.2815382156"><ele>202.000</ele></trkpt>
      <trkpt lat="22.3139993964" lon="114.2815326389"><ele>202.000</ele></trkpt>
      <trkpt lat="22.3139845755" lon="114.2815212432"><ele>202.000</ele></trkpt>
      <trkpt lat="22.3139781121" lon="114.2815173755"><ele>202.000</ele></trkpt>
      <trkpt lat="22.3139561836" lon="114.2815068092"><ele>202.000</ele></trkpt>
      <trkpt lat="22.3139416403" lon="114.2814991019"><ele>202.000</ele></trkpt>
      <trkpt lat="22.3139284866" lon="114.2814931037"><ele>202.000</ele></trkpt>
      <trkpt lat="22.3139100589" lon="114.2814874219"><ele>202.000</ele></trkpt>
      <trkpt lat="22.3138941597" lon="114.2814817129"><ele>202.000</ele></trkpt>
      <trkpt lat="22.3138865404" lon="114.2814778638"><ele>203.000</ele></trkpt>
      <trkpt lat="22.3138842296" lon="114.2814761636"><ele>203.000</ele></trkpt>
      <trkpt lat="22.3138597561" lon="114.2814631593"><ele>203.000</ele></trkpt>
      <trkpt lat="22.3138094015" lon="114.2814351988"><ele>200.000</ele></trkpt>
      <trkpt lat="22.3137695718" lon="114.2814076277"><ele>199.000</ele></trkpt>
      <trkpt lat="22.3137663809" lon="114.2814054192"><ele>199.000</ele></trkpt>
      <trkpt lat="22.3137373445" lon="114.2813822110"><ele>198.000</ele></trkpt>
      <trkpt lat="22.3137336884" lon="114.2813802089"><ele>198.000</ele></trkpt>
      <trkpt lat="22.3137062940" lon="114.2813592730"><ele>197.000</ele></trkpt>
      <trkpt lat="22.3136839471" lon="114.2813393600"><ele>196.000</ele></trkpt>
      <trkpt lat="22.3136775473" lon="114.2813348713"><ele>196.000</ele></trkpt>
      <trkpt lat="22.3136647764" lon="114.2813234286"><ele>196.000</ele></trkpt>
      <trkpt lat="22.3136605350" lon="114.2813187474"><ele>196.000</ele></trkpt>
      <trkpt lat="22.3136334306" lon="114.2812964141"><ele>196.000</ele></trkpt>
      <trkpt lat="22.3136211383" lon="114.2812849815"><ele>196.000</ele></trkpt>
      <trkpt lat="22.3136137453" lon="114.2812801427"><ele>196.000</ele></trkpt>
      <trkpt lat="22.3136068210" lon="114.2812767794"><ele>196.000</ele></trkpt>
      <trkpt lat="22.3135953091" lon="114.2812734709"><ele>196.000</ele></trkpt>
      <trkpt lat="22.3135799214" lon="114.2812729257"><ele>196.000</ele></trkpt>
      <trkpt lat="22.3135688777" lon="114.2812731999"><ele>196.000</ele></trkpt>
      <trkpt lat="22.3135590333" lon="114.2812734440"><ele>196.000</ele></trkpt>
      <trkpt lat="22.3135479899" lon="114.2812718537"><ele>196.000</ele></trkpt>
      <trkpt lat="22.3135396929" lon="114.2812685089"><ele>196.000</ele></trkpt>
      <trkpt lat="22.3135281129" lon="114.2812587947"><ele>196.000</ele></trkpt>
      <trkpt lat="22.3135202078" lon="114.2812500150"><ele>194.000</ele></trkpt>
      <trkpt lat="22.3135015755" lon="114.2812253490"><ele>194.000</ele></trkpt>
      <trkpt lat="22.3134910741" lon="114.2812094630"><ele>194.000</ele></trkpt>
      <trkpt lat="22.3134854632" lon="114.2811999182"><ele>194.000</ele></trkpt>
      <trkpt lat="22.3134711674" lon="114.2811724894"><ele>194.000</ele></trkpt>
      <trkpt lat="22.3134627537" lon="114.2811527363"><ele>194.000</ele></trkpt>
      <trkpt lat="22.3134572723" lon="114.2811398685"><ele>194.000</ele></trkpt>
      <trkpt lat="22.3134513500" lon="114.2811229376"><ele>194.000</ele></trkpt>
      <trkpt lat="22.3134475128" lon="114.2811076970"><ele>194.000</ele></trkpt>
      <trkpt lat="22.3134431215" lon="114.2810833426"><ele>194.000</ele></trkpt>
      <trkpt lat="22.3134413433" lon="114.2810680841"><ele>194.000</ele></trkpt>
      <trkpt lat="22.3134414925" lon="114.2810606886"><ele>194.000</ele></trkpt>
      <trkpt lat="22.3134409214" lon="114.2810500897"><ele>194.000</ele></trkpt>
      <trkpt lat="22.3134386564" lon="114.2810334139"><ele>194.000</ele></trkpt>
      <trkpt lat="22.3134286379" lon="114.2810389095"><ele>194.000</ele></trkpt>
      <trkpt lat="22.3134167333" lon="114.2810425112"><ele>194.000</ele></trkpt>
      <trkpt lat="22.3134112023" lon="114.2810436203"><ele>194.000</ele></trkpt>
      <trkpt lat="22.3134075751" lon="114.2810443484"><ele>194.000</ele></trkpt>
      <trkpt lat="22.3133913259" lon="114.2810492376"><ele>194.000</ele></trkpt>
      <trkpt lat="22.3133739211" lon="114.2810536505"><ele>194.000</ele></trkpt>
      <trkpt lat="22.3133643024" lon="114.2810554971"><ele>194.000</ele></trkpt>
      <trkpt lat="22.3133569346" lon="114.2810536184"><ele>194.000</ele></trkpt>
      <trkpt lat="22.3133403318" lon="114.2810466861"><ele>192.000</ele></trkpt>
      <trkpt lat="22.3133378904" lon="114.2810460243"><ele>192.000</ele></trkpt>
      <trkpt lat="22.3133325037" lon="114.2810445644"><ele>192.000</ele></trkpt>
      <trkpt lat="22.3133210003" lon="114.2810419936"><ele>192.000</ele></trkpt>
      <trkpt lat="22.3133007731" lon="114.2810400375"><ele>192.000</ele></trkpt>
      <trkpt lat="22.3132711615" lon="114.2810404135"><ele>192.000</ele></trkpt>
      <trkpt lat="22.3132312443" lon="114.2810436255"><ele>192.000</ele></trkpt>
      <trkpt lat="22.3132126759" lon="114.2810458343"><ele>192.000</ele></trkpt>
      <trkpt lat="22.3132081984" lon="114.2810474576"><ele>190.000</ele></trkpt>
      <trkpt lat="22.3131696803" lon="114.2810614186"><ele>190.000</ele></trkpt>
      <trkpt lat="22.3131564116" lon="114.2810657762"><ele>190.000</ele></trkpt>
      <trkpt lat="22.3131335239" lon="114.2810722328"><ele>190.000</ele></trkpt>
      <trkpt lat="22.3131040318" lon="114.2810834596"><ele>190.000</ele></trkpt>
      <trkpt lat="22.3131002138" lon="114.2810847088"><ele>190.000</ele></trkpt>
      <trkpt lat="22.3130946470" lon="114.2810865293"><ele>190.000</ele></trkpt>
      <trkpt lat="22.3130397969" lon="114.2811105708"><ele>189.000</ele></trkpt>
      <trkpt lat="22.3129712544" lon="114.2811406138"><ele>188.000</ele></trkpt>
      <trkpt lat="22.3129657878" lon="114.2811440620"><ele>188.000</ele></trkpt>
      <trkpt lat="22.3129632771" lon="114.2811456451"><ele>188.000</ele></trkpt>
      <trkpt lat="22.3129573592" lon="114.2811501537"><ele>188.000</ele></trkpt>
      <trkpt lat="22.3129350853" lon="114.2811711496"><ele>186.000</ele></trkpt>
      <trkpt lat="22.3129282546" lon="114.2811766573"><ele>186.000</ele></trkpt>
      <trkpt lat="22.3129272744" lon="114.2811773117"><ele>186.000</ele></trkpt>
      <trkpt lat="22.3129207289" lon="114.2811816791"><ele>186.000</ele></trkpt>
      <trkpt lat="22.3128933303" lon="114.2811953435"><ele>186.000</ele></trkpt>
      <trkpt lat="22.3128672705" lon="114.2812055343"><ele>186.000</ele></trkpt>
      <trkpt lat="22.3128586065" lon="114.2812113124"><ele>186.000</ele></trkpt>
      <trkpt lat="22.3128508721" lon="114.2812178287"><ele>186.000</ele></trkpt>
      <trkpt lat="22.3128474653" lon="114.2812213202"><ele>186.000</ele></trkpt>
      <trkpt lat="22.3128303975" lon="114.2812353417"><ele>186.000</ele></trkpt>
      <trkpt lat="22.3128171544" lon="114.2812419218"><ele>186.000</ele></trkpt>
      <trkpt lat="22.3128001760" lon="114.2812433650"><ele>186.000</ele></trkpt>
      <trkpt lat="22.3127923648" lon="114.2812429710"><ele>186.000</ele></trkpt>
      <trkpt lat="22.3127873082" lon="114.2812420549"><ele>186.000</ele></trkpt>
      <trkpt lat="22.3127804007" lon="114.2812406619"><ele>186.000</ele></trkpt>
      <trkpt lat="22.3127741889" lon="114.2812387647"><ele>186.000</ele></trkpt>
      <trkpt lat="22.3127656483" lon="114.2812351770"><ele>186.000</ele></trkpt>
      <trkpt lat="22.3127603403" lon="114.2812320382"><ele>186.000</ele></trkpt>
      <trkpt lat="22.3127437716" lon="114.2812283087"><ele>186.000</ele></trkpt>
      <trkpt lat="22.3127343527" lon="114.2812281755"><ele>186.000</ele></trkpt>
      <trkpt lat="22.3127290469" lon="114.2812288015"><ele>186.000</ele></trkpt>
      <trkpt lat="22.3127249512" lon="114.2812292847"><ele>186.000</ele></trkpt>
      <trkpt lat="22.3127167138" lon="114.2812316079"><ele>186.000</ele></trkpt>
      <trkpt lat="22.3127087105" lon="114.2812349115"><ele>186.000</ele></trkpt>
      <trkpt lat="22.3126924872" lon="114.2812417709"><ele>186.000</ele></trkpt>
      <trkpt lat="22.3126812692" lon="114.2812448780"><ele>186.000</ele></trkpt>
      <trkpt lat="22.3126716164" lon="114.2812435218"><ele>186.000</ele></trkpt>
      <trkpt lat="22.3126594006" lon="114.2812394849"><ele>186.000</ele></trkpt>
      <trkpt lat="22.3126531716" lon="114.2812361125"><ele>186.000</ele></trkpt>
      <trkpt lat="22.3126483066" lon="114.2812322267"><ele>186.000</ele></trkpt>
      <trkpt lat="22.3126409219" lon="114.2812286204"><ele>186.000</ele></trkpt>
      <trkpt lat="22.3126273880" lon="114.2812282523"><ele>186.000</ele></trkpt>
      <trkpt lat="22.3125920263" lon="114.2812488491"><ele>186.000</ele></trkpt>
      <trkpt lat="22.3125742133" lon="114.2812561441"><ele>184.000</ele></trkpt>
      <trkpt lat="22.3125520857" lon="114.2812602719"><ele>184.000</ele></trkpt>
      <trkpt lat="22.3125314141" lon="114.2812611009"><ele>182.000</ele></trkpt>
      <trkpt lat="22.3125107464" lon="114.2812560581"><ele>182.000</ele></trkpt>
      <trkpt lat="22.3124987017" lon="114.2812386860"><ele>182.000</ele></trkpt>
      <trkpt lat="22.3124920024" lon="114.2812225603"><ele>182.000</ele></trkpt>
      <trkpt lat="22.3124833007" lon="114.2812166432"><ele>182.000</ele></trkpt>
      <trkpt lat="22.3124612888" lon="114.2812092797"><ele>182.000</ele></trkpt>
      <trkpt lat="22.3124278798" lon="114.2812027717"><ele>182.000</ele></trkpt>
      <trkpt lat="22.3124086801" lon="114.2811897812"><ele>182.000</ele></trkpt>
      <trkpt lat="22.3123862713" lon="114.2811677525"><ele>182.000</ele></trkpt>
      <trkpt lat="22.3123611097" lon="114.2811518809"><ele>182.000</ele></trkpt>
      <trkpt lat="22.3123602374" lon="114.2811518065"><ele>182.000</ele></trkpt>
      <trkpt lat="22.3123510619" lon="114.2811524208"><ele>182.000</ele></trkpt>
      <trkpt lat="22.3123386886" lon="114.2811545468"><ele>182.000</ele></trkpt>
      <trkpt lat="22.3123238432" lon="114.2811391914"><ele>182.000</ele></trkpt>
      <trkpt lat="22.3123219751" lon="114.2811372587"><ele>182.000</ele></trkpt>
      <trkpt lat="22.3122632927" lon="114.2811678358"><ele>184.000</ele></trkpt>
      <trkpt lat="22.3122582973" lon="114.2811701313"><ele>184.000</ele></trkpt>
      <trkpt lat="22.3122566713" lon="114.2811708784"><ele>184.000</ele></trkpt>
      <trkpt lat="22.3122500410" lon="114.2811736686"><ele>184.000</ele></trkpt>
      <trkpt lat="22.3122367726" lon="114.2811775313"><ele>184.000</ele></trkpt>
      <trkpt lat="22.3122294388" lon="114.2811791078"><ele>184.000</ele></trkpt>
      <trkpt lat="22.3122202717" lon="114.2811807024"><ele>184.000</ele></trkpt>
      <trkpt lat="22.3122108705" lon="114.2811813166"><ele>184.000</ele></trkpt>
      <trkpt lat="22.3122049690" lon="114.2811812607"><ele>184.000</ele></trkpt>
      <trkpt lat="22.3121886011" lon="114.2811811059"><ele>184.000</ele></trkpt>
      <trkpt lat="22.3121855508" lon="114.2811808561"><ele>184.000</ele></trkpt>
      <trkpt lat="22.3121104726" lon="114.2811747005"><ele>186.000</ele></trkpt>
      <trkpt lat="22.3120930726" lon="114.2811576642"><ele>186.000</ele></trkpt>
      <trkpt lat="22.3120828822" lon="114.2811496593"><ele>186.000</ele></trkpt>
      <trkpt lat="22.3120820185" lon="114.2811488609"><ele>186.000</ele></trkpt>
      <trkpt lat="22.3120418354" lon="114.2811117193"><ele>186.000</ele></trkpt>
      <trkpt lat="22.3120411503" lon="114.2811112947"><ele>186.000</ele></trkpt>
      <trkpt lat="22.3120355978" lon="114.2811078519"><ele>188.000</ele></trkpt>
      <trkpt lat="22.3120191765" lon="114.2811008450"><ele>188.000</ele></trkpt>
      <trkpt lat="22.3120148421" lon="114.2810989949"><ele>188.000</ele></trkpt>
      <trkpt lat="22.3119806812" lon="114.2810821694"><ele>190.000</ele></trkpt>
      <trkpt lat="22.3119761524" lon="114.2810793272"><ele>190.000</ele></trkpt>
      <trkpt lat="22.3119714376" lon="114.2810763684"><ele>190.000</ele></trkpt>
      <trkpt lat="22.3119368250" lon="114.2810597949"><ele>191.000</ele></trkpt>
      <trkpt lat="22.3119042544" lon="114.2810414759"><ele>190.000</ele></trkpt>
      <trkpt lat="22.3118859931" lon="114.2810296218"><ele>190.000</ele></trkpt>
      <trkpt lat="22.3118457449" lon="114.2810080633"><ele>190.000</ele></trkpt>
      <trkpt lat="22.3118437354" lon="114.2810069864"><ele>190.000</ele></trkpt>
      <trkpt lat="22.3118273161" lon="114.2809956092"><ele>190.000</ele></trkpt>
      <trkpt lat="22.3118229117" lon="114.2809917140"><ele>190.000</ele></trkpt>
      <trkpt lat="22.3117569740" lon="114.2809422810"><ele>190.000</ele></trkpt>
      <trkpt lat="22.3117448617" lon="114.2809332004"><ele>190.000</ele></trkpt>
      <trkpt lat="22.3117403686" lon="114.2809310084"><ele>190.000</ele></trkpt>
      <trkpt lat="22.3116970958" lon="114.2809099010"><ele>190.000</ele></trkpt>
      <trkpt lat="22.3116669248" lon="114.2808953885"><ele>190.000</ele></trkpt>
      <trkpt lat="22.3116376828" lon="114.2808828856"><ele>190.000</ele></trkpt>
      <trkpt lat="22.3115849133" lon="114.2808605726"><ele>190.000</ele></trkpt>
      <trkpt lat="22.3115325940" lon="114.2808402398"><ele>192.000</ele></trkpt>
      <trkpt lat="22.3115210554" lon="114.2808364170"><ele>192.000</ele></trkpt>
      <trkpt lat="22.3115087861" lon="114.2808313514"><ele>192.000</ele></trkpt>
      <trkpt lat="22.3115108119" lon="114.2808266264"><ele>192.000</ele></trkpt>
      <trkpt lat="22.3115071512" lon="114.2808177335"><ele>192.000</ele></trkpt>
      <trkpt lat="22.3115063331" lon="114.2808119970"><ele>194.000</ele></trkpt>
      <trkpt lat="22.3114927896" lon="114.2808082989"><ele>196.000</ele></trkpt>
      <trkpt lat="22.3114766306" lon="114.2807992901"><ele>196.000</ele></trkpt>
      <trkpt lat="22.3114524856" lon="114.2807949533"><ele>196.000</ele></trkpt>
      <trkpt lat="22.3114275181" lon="114.2807917514"><ele>196.000</ele></trkpt>
      <trkpt lat="22.3113866822" lon="114.2807768913"><ele>196.000</ele></trkpt>
      <trkpt lat="22.3113756849" lon="114.2807737580"><ele>196.000</ele></trkpt>
      <trkpt lat="22.3113407042" lon="114.2807678119"><ele>196.000</ele></trkpt>
      <trkpt lat="22.3113156111" lon="114.2807632609"><ele>198.000</ele></trkpt>
      <trkpt lat="22.3112789742" lon="114.2807630299"><ele>198.000</ele></trkpt>
      <trkpt lat="22.3112560497" lon="114.2807565395"><ele>198.000</ele></trkpt>
      <trkpt lat="22.3112360527" lon="114.2807475084"><ele>198.000</ele></trkpt>
      <trkpt lat="22.3111637244" lon="114.2807368954"><ele>203.000</ele></trkpt>
      <trkpt lat="22.3110965383" lon="114.2807345746"><ele>204.000</ele></trkpt>
      <trkpt lat="22.3110435689" lon="114.2807395133"><ele>206.000</ele></trkpt>
      <trkpt lat="22.3110405367" lon="114.2807391335"><ele>206.000</ele></trkpt>
      <trkpt lat="22.3110302055" lon="114.2807393588"><ele>206.000</ele></trkpt>
      <trkpt lat="22.3110070018" lon="114.2807457375"><ele>206.000</ele></trkpt>
      <trkpt lat="22.3109897778" lon="114.2807498980"><ele>207.000</ele></trkpt>
      <trkpt lat="22.3109787490" lon="114.2807538302"><ele>207.000</ele></trkpt>
      <trkpt lat="22.3109709350" lon="114.2807577648"><ele>207.000</ele></trkpt>
      <trkpt lat="22.3109456578" lon="114.2807727798"><ele>210.000</ele></trkpt>
      <trkpt lat="22.3109376178" lon="114.2807769665"><ele>210.000</ele></trkpt>
      <trkpt lat="22.3109307261" lon="114.2807791743"><ele>210.000</ele></trkpt>
      <trkpt lat="22.3109132687" lon="114.2807811218"><ele>210.000</ele></trkpt>
      <trkpt lat="22.3108946739" lon="114.2807823212"><ele>212.000</ele></trkpt>
      <trkpt lat="22.3108848045" lon="114.2807808193"><ele>212.000</ele></trkpt>
      <trkpt lat="22.3108730918" lon="114.2807808009"><ele>212.000</ele></trkpt>
      <trkpt lat="22.3108692902" lon="114.2807803342"><ele>212.000</ele></trkpt>
      <trkpt lat="22.3108384351" lon="114.2807765437"><ele>212.000</ele></trkpt>
      <trkpt lat="22.3108175494" lon="114.2807732964"><ele>213.000</ele></trkpt>
      <trkpt lat="22.3108108940" lon="114.2807730294"><ele>213.000</ele></trkpt>
      <trkpt lat="22.3107948209" lon="114.2807710279"><ele>213.000</ele></trkpt>
      <trkpt lat="22.3107640684" lon="114.2807620859"><ele>218.000</ele></trkpt>
      <trkpt lat="22.3106913201" lon="114.2807446789"><ele>218.000</ele></trkpt>
      <trkpt lat="22.3106800798" lon="114.2807402158"><ele>218.000</ele></trkpt>
      <trkpt lat="22.3106626342" lon="114.2807379610"><ele>218.000</ele></trkpt>
      <trkpt lat="22.3106309112" lon="114.2807355791"><ele>218.000</ele></trkpt>
      <trkpt lat="22.3106141917" lon="114.2807417005"><ele>218.000</ele></trkpt>
      <trkpt lat="22.3105956871" lon="114.2807430359"><ele>218.000</ele></trkpt>
      <trkpt lat="22.3105798691" lon="114.2807374436"><ele>220.000</ele></trkpt>
      <trkpt lat="22.3105615040" lon="114.2807325385"><ele>220.000</ele></trkpt>
      <trkpt lat="22.3105385842" lon="114.2807328515"><ele>221.000</ele></trkpt>
      <trkpt lat="22.3105236247" lon="114.2807402942"><ele>221.000</ele></trkpt>
      <trkpt lat="22.3105097875" lon="114.2807439622"><ele>221.000</ele></trkpt>
      <trkpt lat="22.3104942477" lon="114.2807410877"><ele>222.000</ele></trkpt>
      <trkpt lat="22.3104808223" lon="114.2807363124"><ele>222.000</ele></trkpt>
      <trkpt lat="22.3104656238" lon="114.2807362526"><ele>222.000</ele></trkpt>
      <trkpt lat="22.3104535904" lon="114.2807435033"><ele>224.000</ele></trkpt>
      <trkpt lat="22.3104396771" lon="114.2807532469"><ele>224.000</ele></trkpt>
      <trkpt lat="22.3104295307" lon="114.2807610425"><ele>224.000</ele></trkpt>
      <trkpt lat="22.3104182923" lon="114.2807678182"><ele>226.000</ele></trkpt>
      <trkpt lat="22.3104076505" lon="114.2807737112"><ele>226.000</ele></trkpt>
      <trkpt lat="22.3103912422" lon="114.2807873447"><ele>226.000</ele></trkpt>
      <trkpt lat="22.3103800024" lon="114.2807962556"><ele>226.000</ele></trkpt>
      <trkpt lat="22.3103782597" lon="114.2807974539"><ele>226.000</ele></trkpt>
      <trkpt lat="22.3103714015" lon="114.2808021695"><ele>226.000</ele></trkpt>
      <trkpt lat="22.3103681944" lon="114.2808040499"><ele>226.000</ele></trkpt>
      <trkpt lat="22.3103538333" lon="114.2808079117"><ele>229.000</ele></trkpt>
      <trkpt lat="22.3103389600" lon="114.2808078134"><ele>229.000</ele></trkpt>
      <trkpt lat="22.3103315185" lon="114.2808082640"><ele>229.000</ele></trkpt>
      <trkpt lat="22.3103190102" lon="114.2808097008"><ele>230.000</ele></trkpt>
      <trkpt lat="22.3102962624" lon="114.2808093152"><ele>230.000</ele></trkpt>
      <trkpt lat="22.3102786190" lon="114.2808056238"><ele>230.000</ele></trkpt>
      <trkpt lat="22.3102612761" lon="114.2807979632"><ele>232.000</ele></trkpt>
      <trkpt lat="22.3102436950" lon="114.2807957276"><ele>232.000</ele></trkpt>
      <trkpt lat="22.3102195476" lon="114.2807951177"><ele>232.000</ele></trkpt>
      <trkpt lat="22.3102172537" lon="114.2807952616"><ele>232.000</ele></trkpt>
      <trkpt lat="22.3102040184" lon="114.2808179137"><ele>232.000</ele></trkpt>
      <trkpt lat="22.3101872420" lon="114.2808281793"><ele>232.000</ele></trkpt>
      <trkpt lat="22.3101641365" lon="114.2808504359"><ele>232.000</ele></trkpt>
      <trkpt lat="22.3101176044" lon="114.2808746356"><ele>234.000</ele></trkpt>
      <trkpt lat="22.3100848747" lon="114.2808929932"><ele>234.000</ele></trkpt>
      <trkpt lat="22.3100599596" lon="114.2809067271"><ele>234.000</ele></trkpt>
      <trkpt lat="22.3100309622" lon="114.2809210210"><ele>236.000</ele></trkpt>
      <trkpt lat="22.3100092295" lon="114.2809429098"><ele>236.000</ele></trkpt>
      <trkpt lat="22.3099931112" lon="114.2809549906"><ele>236.000</ele></trkpt>
      <trkpt lat="22.3099610844" lon="114.2809617509"><ele>236.000</ele></trkpt>
      <trkpt lat="22.3099196442" lon="114.2809598956"><ele>236.000</ele></trkpt>
      <trkpt lat="22.3098730422" lon="114.2809521938"><ele>238.000</ele></trkpt>
      <trkpt lat="22.3098312817" lon="114.2809428264"><ele>240.000</ele></trkpt>
      <trkpt lat="22.3097999224" lon="114.2809367082"><ele>240.000</ele></trkpt>
      <trkpt lat="22.3097780365" lon="114.2809384525"><ele>240.000</ele></trkpt>
      <trkpt lat="22.3097674785" lon="114.2809460594"><ele>240.000</ele></trkpt>
      <trkpt lat="22.3097524145" lon="114.2809475914"><ele>240.000</ele></trkpt>
      <trkpt lat="22.3097380945" lon="114.2809577519"><ele>240.000</ele></trkpt>
      <trkpt lat="22.3097266374" lon="114.2809675749"><ele>240.000</ele></trkpt>
      <trkpt lat="22.3097071667" lon="114.2809827978"><ele>240.000</ele></trkpt>
      <trkpt lat="22.3096867763" lon="114.2809957198"><ele>240.000</ele></trkpt>
      <trkpt lat="22.3096716785" lon="114.2810077334"><ele>240.000</ele></trkpt>
      <trkpt lat="22.3096514672" lon="114.2810231013"><ele>240.000</ele></trkpt>
      <trkpt lat="22.3096323412" lon="114.2810359272"><ele>242.000</ele></trkpt>
      <trkpt lat="22.3096106607" lon="114.2810468005"><ele>242.000</ele></trkpt>
      <trkpt lat="22.3095908356" lon="114.2810514443"><ele>242.000</ele></trkpt>
      <trkpt lat="22.3095622259" lon="114.2810527041"><ele>242.000</ele></trkpt>
      <trkpt lat="22.3095412340" lon="114.2810460793"><ele>244.000</ele></trkpt>
      <trkpt lat="22.3095199915" lon="114.2810359797"><ele>244.000</ele></trkpt>
      <trkpt lat="22.3095021161" lon="114.2810278723"><ele>246.000</ele></trkpt>
      <trkpt lat="22.3094737917" lon="114.2810208343"><ele>246.000</ele></trkpt>
      <trkpt lat="22.3094461901" lon="114.2810131467"><ele>246.000</ele></trkpt>
      <trkpt lat="22.3094180008" lon="114.2810066038"><ele>246.000</ele></trkpt>
      <trkpt lat="22.3093836172" lon="114.2809989209"><ele>246.000</ele></trkpt>
      <trkpt lat="22.3093583163" lon="114.2809945056"><ele>246.000</ele></trkpt>
      <trkpt lat="22.3093297906" lon="114.2809913982"><ele>246.000</ele></trkpt>
      <trkpt lat="22.3092943298" lon="114.2809877324"><ele>246.000</ele></trkpt>
      <trkpt lat="22.3092649911" lon="114.2809850805"><ele>248.000</ele></trkpt>
      <trkpt lat="22.3092368962" lon="114.2809861952"><ele>248.000</ele></trkpt>
      <trkpt lat="22.3092185853" lon="114.2809814164"><ele>248.000</ele></trkpt>
      <trkpt lat="22.3091934026" lon="114.2809756716"><ele>248.000</ele></trkpt>
      <trkpt lat="22.3091617764" lon="114.2809772786"><ele>248.000</ele></trkpt>
      <trkpt lat="22.3091357828" lon="114.2809828398"><ele>248.000</ele></trkpt>
      <trkpt lat="22.3091154784" lon="114.2809884538"><ele>248.000</ele></trkpt>
      <trkpt lat="22.3090874832" lon="114.2809890639"><ele>248.000</ele></trkpt>
      <trkpt lat="22.3090558477" lon="114.2809911368"><ele>248.000</ele></trkpt>
      <trkpt lat="22.3090316919" lon="114.2809894787"><ele>248.000</ele></trkpt>
      <trkpt lat="22.3090037449" lon="114.2809852653"><ele>250.000</ele></trkpt>
      <trkpt lat="22.3089757291" lon="114.2809757043"><ele>250.000</ele></trkpt>
      <trkpt lat="22.3089555192" lon="114.2809748449"><ele>250.000</ele></trkpt>
      <trkpt lat="22.3089422039" lon="114.2809814055"><ele>250.000</ele></trkpt>
      <trkpt lat="22.3089220232" lon="114.2809912802"><ele>250.000</ele></trkpt>
      <trkpt lat="22.3088993663" lon="114.2809899531"><ele>250.000</ele></trkpt>
      <trkpt lat="22.3088797612" lon="114.2809893951"><ele>250.000</ele></trkpt>
      <trkpt lat="22.3088643072" lon="114.2809934987"><ele>250.000</ele></trkpt>
      <trkpt lat="22.3088521541" lon="114.2810043886"><ele>250.000</ele></trkpt>
      <trkpt lat="22.3088420821" lon="114.2810088553"><ele>252.000</ele></trkpt>
      <trkpt lat="22.3088225304" lon="114.2810095492"><ele>253.000</ele></trkpt>
      <trkpt lat="22.3088048803" lon="114.2810163686"><ele>253.000</ele></trkpt>
      <trkpt lat="22.3087880871" lon="114.2810246056"><ele>253.000</ele></trkpt>
      <trkpt lat="22.3087833709" lon="114.2810421006"><ele>254.000</ele></trkpt>
      <trkpt lat="22.3087804619" lon="114.2810578792"><ele>256.000</ele></trkpt>
      <trkpt lat="22.3087721761" lon="114.2810653072"><ele>256.000</ele></trkpt>
      <trkpt lat="22.3087628934" lon="114.2810782471"><ele>256.000</ele></trkpt>
      <trkpt lat="22.3087496813" lon="114.2810928339"><ele>256.000</ele></trkpt>
      <trkpt lat="22.3087374453" lon="114.2811061501"><ele>256.000</ele></trkpt>
      <trkpt lat="22.3087240618" lon="114.2811203680"><ele>256.000</ele></trkpt>
      <trkpt lat="22.3087093388" lon="114.2811393405"><ele>256.000</ele></trkpt>
      <trkpt lat="22.3086951754" lon="114.2811587016"><ele>255.000</ele></trkpt>
      <trkpt lat="22.3086840380" lon="114.2811769197"><ele>255.000</ele></trkpt>
      <trkpt lat="22.3086716345" lon="114.2811979320"><ele>255.000</ele></trkpt>
      <trkpt lat="22.3086594306" lon="114.2812174498"><ele>254.000</ele></trkpt>
      <trkpt lat="22.3086476259" lon="114.2812341728"><ele>254.000</ele></trkpt>
      <trkpt lat="22.3086344765" lon="114.2812494876"><ele>254.000</ele></trkpt>
      <trkpt lat="22.3086182460" lon="114.2812674496"><ele>254.000</ele></trkpt>
      <trkpt lat="22.3085983303" lon="114.2812865249"><ele>254.000</ele></trkpt>
      <trkpt lat="22.3085778820" lon="114.2813052408"><ele>254.000</ele></trkpt>
      <trkpt lat="22.3085577959" lon="114.2813225205"><ele>251.000</ele></trkpt>
      <trkpt lat="22.3085399059" lon="114.2813370941"><ele>251.000</ele></trkpt>
      <trkpt lat="22.3085194512" lon="114.2813516755"><ele>252.000</ele></trkpt>
      <trkpt lat="22.3085128095" lon="114.2813582895"><ele>250.000</ele></trkpt>
      <trkpt lat="22.3085026455" lon="114.2813654250"><ele>250.000</ele></trkpt>
      <trkpt lat="22.3084751247" lon="114.2813864454"><ele>250.000</ele></trkpt>
      <trkpt lat="22.3084535599" lon="114.2814001234"><ele>249.000</ele></trkpt>
      <trkpt lat="22.3084293025" lon="114.2814159151"><ele>249.000</ele></trkpt>
      <trkpt lat="22.3084084971" lon="114.2814282640"><ele>248.000</ele></trkpt>
      <trkpt lat="22.3083885661" lon="114.2814430399"><ele>248.000</ele></trkpt>
      <trkpt lat="22.3083697440" lon="114.2814606990"><ele>249.000</ele></trkpt>
      <trkpt lat="22.3083566329" lon="114.2814725781"><ele>249.000</ele></trkpt>
      <trkpt lat="22.3083393310" lon="114.2814854829"><ele>249.000</ele></trkpt>
      <trkpt lat="22.3083268433" lon="114.2814970033"><ele>248.000</ele></trkpt>
      <trkpt lat="22.3083121439" lon="114.2815072216"><ele>248.000</ele></trkpt>
      <trkpt lat="22.3082933829" lon="114.2815141080"><ele>248.000</ele></trkpt>
      <trkpt lat="22.3082649595" lon="114.2815203952"><ele>248.000</ele></trkpt>
      <trkpt lat="22.3082370413" lon="114.2815276048"><ele>250.000</ele></trkpt>
      <trkpt lat="22.3082167363" lon="114.2815342377"><ele>250.000</ele></trkpt>
      <trkpt lat="22.3082143236" lon="114.2815352016"><ele>250.000</ele></trkpt>
      <trkpt lat="22.3081963826" lon="114.2815462181"><ele>248.000</ele></trkpt>
      <trkpt lat="22.3081743142" lon="114.2815565474"><ele>248.000</ele></trkpt>
      <trkpt lat="22.3081608789" lon="114.2815614201"><ele>248.000</ele></trkpt>
      <trkpt lat="22.3081517776" lon="114.2815647218"><ele>248.000</ele></trkpt>
      <trkpt lat="22.3081188552" lon="114.2815737230"><ele>248.000</ele></trkpt>
      <trkpt lat="22.3080895972" lon="114.2815859297"><ele>248.000</ele></trkpt>
      <trkpt lat="22.3080668963" lon="114.2815968990"><ele>246.000</ele></trkpt>
      <trkpt lat="22.3080339312" lon="114.2816161198"><ele>248.000</ele></trkpt>
      <trkpt lat="22.3080095650" lon="114.2816326392"><ele>248.000</ele></trkpt>
      <trkpt lat="22.3079826241" lon="114.2816507290"><ele>246.000</ele></trkpt>
      <trkpt lat="22.3079492724" lon="114.2816673776"><ele>247.000</ele></trkpt>
      <trkpt lat="22.3079240515" lon="114.2816789273"><ele>248.000</ele></trkpt>
      <trkpt lat="22.3079024085" lon="114.2816876070"><ele>246.000</ele></trkpt>
      <trkpt lat="22.3078739067" lon="114.2816895752"><ele>246.000</ele></trkpt>
      <trkpt lat="22.3078549249" lon="114.2816888332"><ele>246.000</ele></trkpt>
      <trkpt lat="22.3078314494" lon="114.2816965313"><ele>248.000</ele></trkpt>
      <trkpt lat="22.3077980689" lon="114.2817017083"><ele>248.000</ele></trkpt>
      <trkpt lat="22.3077642585" lon="114.2817015084"><ele>248.000</ele></trkpt>
      <trkpt lat="22.3077240679" lon="114.2817084175"><ele>250.000</ele></trkpt>
      <trkpt lat="22.3077058847" lon="114.2817155663"><ele>250.000</ele></trkpt>
      <trkpt lat="22.3076910250" lon="114.2817222421"><ele>250.000</ele></trkpt>
      <trkpt lat="22.3076625218" lon="114.2817403597"><ele>248.000</ele></trkpt>
      <trkpt lat="22.3076380289" lon="114.2817573254"><ele>248.000</ele></trkpt>
      <trkpt lat="22.3076089946" lon="114.2817726573"><ele>248.000</ele></trkpt>
      <trkpt lat="22.3075780203" lon="114.2817856487"><ele>248.000</ele></trkpt>
      <trkpt lat="22.3075552368" lon="114.2817984716"><ele>248.000</ele></trkpt>
      <trkpt lat="22.3075417698" lon="114.2818160570"><ele>248.000</ele></trkpt>
      <trkpt lat="22.3075307253" lon="114.2818441742"><ele>246.000</ele></trkpt>
      <trkpt lat="22.3075202885" lon="114.2818680507"><ele>246.000</ele></trkpt>
      <trkpt lat="22.3075118211" lon="114.2818769731"><ele>246.000</ele></trkpt>
      <trkpt lat="22.3074980342" lon="114.2818865709"><ele>244.000</ele></trkpt>
      <trkpt lat="22.3074715424" lon="114.2818943928"><ele>246.000</ele></trkpt>
      <trkpt lat="22.3074461142" lon="114.2818912487"><ele>246.000</ele></trkpt>
      <trkpt lat="22.3074208862" lon="114.2818998577"><ele>246.000</ele></trkpt>
      <trkpt lat="22.3073990931" lon="114.2819033256"><ele>246.000</ele></trkpt>
      <trkpt lat="22.3073709190" lon="114.2819012955"><ele>246.000</ele></trkpt>
      <trkpt lat="22.3073448119" lon="114.2819007228"><ele>246.000</ele></trkpt>
      <trkpt lat="22.3073096357" lon="114.2818899335"><ele>246.000</ele></trkpt>
      <trkpt lat="22.3072749501" lon="114.2818884324"><ele>246.000</ele></trkpt>
      <trkpt lat="22.3072486646" lon="114.2818844433"><ele>246.000</ele></trkpt>
      <trkpt lat="22.3072148814" lon="114.2818701321"><ele>246.000</ele></trkpt>
      <trkpt lat="22.3071810769" lon="114.2818608288"><ele>247.000</ele></trkpt>
      <trkpt lat="22.3071549894" lon="114.2818578298"><ele>246.000</ele></trkpt>
      <trkpt lat="22.3071212413" lon="114.2818450811"><ele>246.000</ele></trkpt>
      <trkpt lat="22.3070944746" lon="114.2818311052"><ele>245.000</ele></trkpt>
      <trkpt lat="22.3070705254" lon="114.2818172575"><ele>246.000</ele></trkpt>
      <trkpt lat="22.3070538349" lon="114.2818062686"><ele>246.000</ele></trkpt>
      <trkpt lat="22.3070231263" lon="114.2817854476"><ele>244.000</ele></trkpt>
      <trkpt lat="22.3069978738" lon="114.2817761021"><ele>246.000</ele></trkpt>
      <trkpt lat="22.3069705941" lon="114.2817594375"><ele>244.000</ele></trkpt>
      <trkpt lat="22.3069538408" lon="114.2817478274"><ele>244.000</ele></trkpt>
      <trkpt lat="22.3069339200" lon="114.2817328181"><ele>245.000</ele></trkpt>
      <trkpt lat="22.3069071455" lon="114.2817169206"><ele>245.000</ele></trkpt>
      <trkpt lat="22.3068781402" lon="114.2817015163"><ele>244.000</ele></trkpt>
      <trkpt lat="22.3068553842" lon="114.2816857383"><ele>244.000</ele></trkpt>
      <trkpt lat="22.3068350496" lon="114.2816682637"><ele>243.000</ele></trkpt>
      <trkpt lat="22.3068074825" lon="114.2816490755"><ele>243.000</ele></trkpt>
      <trkpt lat="22.3067787668" lon="114.2816326719"><ele>242.000</ele></trkpt>
      <trkpt lat="22.3067508098" lon="114.2816160651"><ele>242.000</ele></trkpt>
      <trkpt lat="22.3067172438" lon="114.2816008710"><ele>242.000</ele></trkpt>
      <trkpt lat="22.3066919686" lon="114.2815846932"><ele>242.000</ele></trkpt>
      <trkpt lat="22.3066748546" lon="114.2815722094"><ele>242.000</ele></trkpt>
      <trkpt lat="22.3066584967" lon="114.2815636470"><ele>241.000</ele></trkpt>
      <trkpt lat="22.3066388442" lon="114.2815526753"><ele>241.000</ele></trkpt>
      <trkpt lat="22.3066133158" lon="114.2815369632"><ele>240.000</ele></trkpt>
      <trkpt lat="22.3065879368" lon="114.2815136909"><ele>240.000</ele></trkpt>
      <trkpt lat="22.3065656028" lon="114.2814876841"><ele>239.000</ele></trkpt>
      <trkpt lat="22.3065650343" lon="114.2814870218"><ele>239.000</ele></trkpt>
      <trkpt lat="22.3065635868" lon="114.2814868664"><ele>239.000</ele></trkpt>
      <trkpt lat="22.3065410869" lon="114.2814844437"><ele>239.000</ele></trkpt>
      <trkpt lat="22.3065074679" lon="114.2814814683"><ele>240.000</ele></trkpt>
      <trkpt lat="22.3064674074" lon="114.2814825837"><ele>240.000</ele></trkpt>
      <trkpt lat="22.3064298974" lon="114.2814778100"><ele>242.000</ele></trkpt>
      <trkpt lat="22.3064078205" lon="114.2814732127"><ele>242.000</ele></trkpt>
      <trkpt lat="22.3063989625" lon="114.2814717018"><ele>242.000</ele></trkpt>
      <trkpt lat="22.3063764441" lon="114.2814656388"><ele>243.000</ele></trkpt>
      <trkpt lat="22.3063263081" lon="114.2814332768"><ele>242.000</ele></trkpt>
      <trkpt lat="22.3063261826" lon="114.2814332738"><ele>242.000</ele></trkpt>
      <trkpt lat="22.3063141812" lon="114.2814328767"><ele>242.000</ele></trkpt>
      <trkpt lat="22.3062843517" lon="114.2814350964"><ele>242.000</ele></trkpt>
      <trkpt lat="22.3062398678" lon="114.2814337433"><ele>244.000</ele></trkpt>
      <trkpt lat="22.3062244880" lon="114.2814348480"><ele>244.000</ele></trkpt>
      <trkpt lat="22.3062077549" lon="114.2814339718"><ele>243.000</ele></trkpt>
      <trkpt lat="22.3061433829" lon="114.2814228212"><ele>242.000</ele></trkpt>
      <trkpt lat="22.3061227188" lon="114.2814261056"><ele>241.000</ele></trkpt>
      <trkpt lat="22.3061024962" lon="114.2814308848"><ele>241.000</ele></trkpt>
      <trkpt lat="22.3060357210" lon="114.2814355129"><ele>240.000</ele></trkpt>
      <trkpt lat="22.3060085965" lon="114.2814441787"><ele>243.000</ele></trkpt>
      <trkpt lat="22.3059862755" lon="114.2814541097"><ele>243.000</ele></trkpt>
      <trkpt lat="22.3059685619" lon="114.2814611230"><ele>243.000</ele></trkpt>
      <trkpt lat="22.3059451337" lon="114.2814656184"><ele>243.000</ele></trkpt>
      <trkpt lat="22.3059272242" lon="114.2814684389"><ele>242.000</ele></trkpt>
      <trkpt lat="22.3059001396" lon="114.2814711749"><ele>242.000</ele></trkpt>
      <trkpt lat="22.3058836323" lon="114.2814702989"><ele>242.000</ele></trkpt>
      <trkpt lat="22.3058393937" lon="114.2814667236"><ele>241.000</ele></trkpt>
      <trkpt lat="22.3058144171" lon="114.2814635509"><ele>241.000</ele></trkpt>
      <trkpt lat="22.3057924011" lon="114.2814626319"><ele>240.000</ele></trkpt>
      <trkpt lat="22.3057777354" lon="114.2814626802"><ele>240.000</ele></trkpt>
      <trkpt lat="22.3057708450" lon="114.2814627032"><ele>240.000</ele></trkpt>
      <trkpt lat="22.3057548082" lon="114.2814603426"><ele>242.000</ele></trkpt>
      <trkpt lat="22.3057351255" lon="114.2814540100"><ele>242.000</ele></trkpt>
      <trkpt lat="22.3057090316" lon="114.2814471291"><ele>242.000</ele></trkpt>
      <trkpt lat="22.3056870647" lon="114.2814400378"><ele>242.000</ele></trkpt>
      <trkpt lat="22.3056641867" lon="114.2814314512"><ele>242.000</ele></trkpt>
      <trkpt lat="22.3056442783" lon="114.2814251185"><ele>242.000</ele></trkpt>
      <trkpt lat="22.3056204684" lon="114.2814192486"><ele>242.000</ele></trkpt>
      <trkpt lat="22.3056012359" lon="114.2814151388"><ele>242.000</ele></trkpt>
      <trkpt lat="22.3055767400" lon="114.2814087638"><ele>242.000</ele></trkpt>
      <trkpt lat="22.3055526848" lon="114.2814051065"><ele>242.000</ele></trkpt>
      <trkpt lat="22.3055051717" lon="114.2814099042"><ele>242.000</ele></trkpt>
      <trkpt lat="22.3054900367" lon="114.2814095241"><ele>242.000</ele></trkpt>
      <trkpt lat="22.3054821705" lon="114.2814088748"><ele>242.000</ele></trkpt>
      <trkpt lat="22.3054686335" lon="114.2814105272"><ele>242.000</ele></trkpt>
      <trkpt lat="22.3054100642" lon="114.2813916365"><ele>244.000</ele></trkpt>
      <trkpt lat="22.3052328120" lon="114.2813543726"><ele>243.000</ele></trkpt>
      <trkpt lat="22.3050730788" lon="114.2813207917"><ele>244.000</ele></trkpt>
      <trkpt lat="22.3049829626" lon="114.2813064875"><ele>244.000</ele></trkpt>
      <trkpt lat="22.3049831794" lon="114.2813064780"><ele>244.000</ele></trkpt>
      <trkpt lat="22.3049661864" lon="114.2812744098"><ele>246.000</ele></trkpt>
      <trkpt lat="22.3048705660" lon="114.2812517485"><ele>246.000</ele></trkpt>
      <trkpt lat="22.3048604090" lon="114.2812493409"><ele>246.000</ele></trkpt>
      <trkpt lat="22.3048294769" lon="114.2812515142"><ele>247.000</ele></trkpt>
      <trkpt lat="22.3048095645" lon="114.2812529134"><ele>247.000</ele></trkpt>
      <trkpt lat="22.3047641772" lon="114.2812409057"><ele>248.000</ele></trkpt>
      <trkpt lat="22.3046816588" lon="114.2812190742"><ele>248.000</ele></trkpt>
      <trkpt lat="22.3045703536" lon="114.2811676524"><ele>250.000</ele></trkpt>
      <trkpt lat="22.3045576323" lon="114.2811646014"><ele>250.000</ele></trkpt>
      <trkpt lat="22.3044590234" lon="114.2811409491"><ele>250.000</ele></trkpt>
      <trkpt lat="22.3044515166" lon="114.2811334872"><ele>250.000</ele></trkpt>
      <trkpt lat="22.3044350026" lon="114.2811260633"><ele>250.000</ele></trkpt>
      <trkpt lat="22.3044100355" lon="114.2811221531"><ele>250.000</ele></trkpt>
      <trkpt lat="22.3043830107" lon="114.2811162519"><ele>248.000</ele></trkpt>
      <trkpt lat="22.3043075132" lon="114.2810907010"><ele>248.000</ele></trkpt>
      <trkpt lat="22.3042415248" lon="114.2810626291"><ele>248.000</ele></trkpt>
      <trkpt lat="22.3042403364" lon="114.2810624962"><ele>248.000</ele></trkpt>
      <trkpt lat="22.3042212634" lon="114.2810603674"><ele>250.000</ele></trkpt>
      <trkpt lat="22.3041816319" lon="114.2810543597"><ele>250.000</ele></trkpt>
      <trkpt lat="22.3041653497" lon="114.2810544738"><ele>250.000</ele></trkpt>
      <trkpt lat="22.3041543319" lon="114.2810551159"><ele>250.000</ele></trkpt>
      <trkpt lat="22.3041099948" lon="114.2810643803"><ele>250.000</ele></trkpt>
      <trkpt lat="22.3040898207" lon="114.2810639674"><ele>250.000</ele></trkpt>
      <trkpt lat="22.3040712554" lon="114.2810613430"><ele>250.000</ele></trkpt>
      <trkpt lat="22.3040222633" lon="114.2810490882"><ele>249.000</ele></trkpt>
      <trkpt lat="22.3039845240" lon="114.2810356966"><ele>248.000</ele></trkpt>
      <trkpt lat="22.3039641650" lon="114.2810278787"><ele>248.000</ele></trkpt>
      <trkpt lat="22.3039488339" lon="114.2810233061"><ele>250.000</ele></trkpt>
      <trkpt lat="22.3039264343" lon="114.2810179624"><ele>250.000</ele></trkpt>
      <trkpt lat="22.3039188389" lon="114.2810161507"><ele>250.000</ele></trkpt>
      <trkpt lat="22.3038966567" lon="114.2810068273"><ele>252.000</ele></trkpt>
      <trkpt lat="22.3038783754" lon="114.2809980405"><ele>252.000</ele></trkpt>
      <trkpt lat="22.3038529879" lon="114.2809877054"><ele>252.000</ele></trkpt>
      <trkpt lat="22.3038326286" lon="114.2809803825"><ele>252.000</ele></trkpt>
      <trkpt lat="22.3038136409" lon="114.2809747978"><ele>253.000</ele></trkpt>
      <trkpt lat="22.3037861555" lon="114.2809688866"><ele>253.000</ele></trkpt>
      <trkpt lat="22.3037430733" lon="114.2809645845"><ele>254.000</ele></trkpt>
      <trkpt lat="22.3036999329" lon="114.2809664450"><ele>254.000</ele></trkpt>
      <trkpt lat="22.3036728875" lon="114.2809644937"><ele>256.000</ele></trkpt>
      <trkpt lat="22.3036513023" lon="114.2809677773"><ele>256.000</ele></trkpt>
      <trkpt lat="22.3036136129" lon="114.2809750960"><ele>256.000</ele></trkpt>
      <trkpt lat="22.3035986833" lon="114.2809781710"><ele>256.000</ele></trkpt>
      <trkpt lat="22.3035697266" lon="114.2809853312"><ele>256.000</ele></trkpt>
      <trkpt lat="22.3035359758" lon="114.2809907118"><ele>256.000</ele></trkpt>
      <trkpt lat="22.3035192037" lon="114.2809942707"><ele>256.000</ele></trkpt>
      <trkpt lat="22.3034959809" lon="114.2810022115"><ele>256.000</ele></trkpt>
      <trkpt lat="22.3034727193" lon="114.2810143544"><ele>256.000</ele></trkpt>
      <trkpt lat="22.3034540847" lon="114.2810213475"><ele>256.000</ele></trkpt>
      <trkpt lat="22.3034211764" lon="114.2810366344"><ele>256.000</ele></trkpt>
      <trkpt lat="22.3034101588" lon="114.2810370174"><ele>256.000</ele></trkpt>
      <trkpt lat="22.3033842501" lon="114.2810367846"><ele>256.000</ele></trkpt>
      <trkpt lat="22.3033604104" lon="114.2810350977"><ele>254.000</ele></trkpt>
      <trkpt lat="22.3033361200" lon="114.2810321779"><ele>254.000</ele></trkpt>
      <trkpt lat="22.3033161916" lon="114.2810287956"><ele>254.000</ele></trkpt>
      <trkpt lat="22.3032978610" lon="114.2810264140"><ele>254.000</ele></trkpt>
      <trkpt lat="22.3032804420" lon="114.2810247804"><ele>254.000</ele></trkpt>
      <trkpt lat="22.3032668950" lon="114.2810266337"><ele>254.000</ele></trkpt>
      <trkpt lat="22.3032501222" lon="114.2810311825"><ele>254.000</ele></trkpt>
      <trkpt lat="22.3032271255" lon="114.2810386285"><ele>254.000</ele></trkpt>
      <trkpt lat="22.3031841502" lon="114.2810506015"><ele>254.000</ele></trkpt>
      <trkpt lat="22.3031593404" lon="114.2810548338"><ele>254.000</ele></trkpt>
      <trkpt lat="22.3031356967" lon="114.2810573395"><ele>254.000</ele></trkpt>
      <trkpt lat="22.3031189537" lon="114.2810576861"><ele>254.000</ele></trkpt>
      <trkpt lat="22.3030969173" lon="114.2810604551"><ele>254.000</ele></trkpt>
      <trkpt lat="22.3030734892" lon="114.2810646981"><ele>254.000</ele></trkpt>
      <trkpt lat="22.3030530408" lon="114.2810694577"><ele>254.000</ele></trkpt>
      <trkpt lat="22.3030316910" lon="114.2810717419"><ele>254.000</ele></trkpt>
      <trkpt lat="22.3030140265" lon="114.2810728157"><ele>254.000</ele></trkpt>
      <trkpt lat="22.3029972937" lon="114.2810714447"><ele>254.000</ele></trkpt>
      <trkpt lat="22.3029865107" lon="114.2810720869"><ele>254.000</ele></trkpt>
      <trkpt lat="22.3029598278" lon="114.2810822183"><ele>254.000</ele></trkpt>
      <trkpt lat="22.3029267836" lon="114.2810841542"><ele>254.000</ele></trkpt>
      <trkpt lat="22.3029150690" lon="114.2810870181"><ele>254.000</ele></trkpt>
      <trkpt lat="22.3029102366" lon="114.2810887032"><ele>254.000</ele></trkpt>
      <trkpt lat="22.3028782409" lon="114.2811032366"><ele>254.000</ele></trkpt>
      <trkpt lat="22.3028552728" lon="114.2811082176"><ele>255.000</ele></trkpt>
      <trkpt lat="22.3028399650" lon="114.2811125151"><ele>255.000</ele></trkpt>
      <trkpt lat="22.3028373439" lon="114.2811132508"><ele>255.000</ele></trkpt>
      <trkpt lat="22.3028187384" lon="114.2811170315"><ele>254.000</ele></trkpt>
      <trkpt lat="22.3028074953" lon="114.2811169358"><ele>254.000</ele></trkpt>
      <trkpt lat="22.3027939579" lon="114.2811178089"><ele>254.000</ele></trkpt>
      <trkpt lat="22.3027790092" lon="114.2811226114"><ele>254.000</ele></trkpt>
      <trkpt lat="22.3027612562" lon="114.2811348069"><ele>254.000</ele></trkpt>
      <trkpt lat="22.3027271820" lon="114.2811515418"><ele>254.000</ele></trkpt>
      <trkpt lat="22.3027126487" lon="114.2811563931"><ele>254.000</ele></trkpt>
      <trkpt lat="22.3026851997" lon="114.2811641268"><ele>252.000</ele></trkpt>
      <trkpt lat="22.3026375757" lon="114.2811728452"><ele>252.000</ele></trkpt>
      <trkpt lat="22.3026171917" lon="114.2811757997"><ele>252.000</ele></trkpt>
      <trkpt lat="22.3025604265" lon="114.2811880827"><ele>252.000</ele></trkpt>
      <trkpt lat="22.3025400422" lon="114.2811915321"><ele>252.000</ele></trkpt>
      <trkpt lat="22.3025171127" lon="114.2811927961"><ele>252.000</ele></trkpt>
      <trkpt lat="22.3024960083" lon="114.2811925572"><ele>253.000</ele></trkpt>
      <trkpt lat="22.3024696044" lon="114.2811901502"><ele>253.000</ele></trkpt>
      <trkpt lat="22.3024487260" lon="114.2811896592"><ele>256.000</ele></trkpt>
      <trkpt lat="22.3024250848" lon="114.2811882150"><ele>256.000</ele></trkpt>
      <trkpt lat="22.3024124265" lon="114.2811841684"><ele>256.000</ele></trkpt>
      <trkpt lat="22.3023950548" lon="114.2811734677"><ele>256.000</ele></trkpt>
      <trkpt lat="22.3023911949" lon="114.2811710900"><ele>256.000</ele></trkpt>
      <trkpt lat="22.3023779827" lon="114.2811576682"><ele>256.000</ele></trkpt>
      <trkpt lat="22.3023677337" lon="114.2811424823"><ele>256.000</ele></trkpt>
      <trkpt lat="22.3023517675" lon="114.2811286023"><ele>256.000</ele></trkpt>
      <trkpt lat="22.3023379029" lon="114.2811186446"><ele>256.000</ele></trkpt>
      <trkpt lat="22.3023180777" lon="114.2811092551"><ele>256.000</ele></trkpt>
      <trkpt lat="22.3022937249" lon="114.2811051028"><ele>256.000</ele></trkpt>
      <trkpt lat="22.3022703012" lon="114.2811024166"><ele>256.000</ele></trkpt>
      <trkpt lat="22.3022443575" lon="114.2811005049"><ele>256.000</ele></trkpt>
      <trkpt lat="22.3022223322" lon="114.2811000324"><ele>258.000</ele></trkpt>
      <trkpt lat="22.3022049030" lon="114.2811002427"><ele>258.000</ele></trkpt>
      <trkpt lat="22.3021819906" lon="114.2811029819"><ele>256.000</ele></trkpt>
      <trkpt lat="22.3021595471" lon="114.2811067015"><ele>256.000</ele></trkpt>
      <trkpt lat="22.3021440277" lon="114.2811142986"><ele>255.000</ele></trkpt>
      <trkpt lat="22.3021249009" lon="114.2811283466"><ele>255.000</ele></trkpt>
      <trkpt lat="22.3021071465" lon="114.2811426285"><ele>255.000</ele></trkpt>
      <trkpt lat="22.3020909661" lon="114.2811529423"><ele>255.000</ele></trkpt>
      <trkpt lat="22.3020480908" lon="114.2811779003"><ele>254.000</ele></trkpt>
      <trkpt lat="22.3020277750" lon="114.2811872697"><ele>254.000</ele></trkpt>
      <trkpt lat="22.3020023596" lon="114.2811922681"><ele>252.000</ele></trkpt>
      <trkpt lat="22.3019693427" lon="114.2811938934"><ele>252.000</ele></trkpt>
      <trkpt lat="22.3019532865" lon="114.2811935904"><ele>250.000</ele></trkpt>
      <trkpt lat="22.3019351448" lon="114.2811923250"><ele>250.000</ele></trkpt>
      <trkpt lat="22.3018928768" lon="114.2811856749"><ele>250.000</ele></trkpt>
      <trkpt lat="22.3018662978" lon="114.2811887025"><ele>250.000</ele></trkpt>
      <trkpt lat="22.3018457213" lon="114.2811961113"><ele>252.000</ele></trkpt>
      <trkpt lat="22.3018285859" lon="114.2812029793"><ele>252.000</ele></trkpt>
      <trkpt lat="22.3018098773" lon="114.2812125828"><ele>252.000</ele></trkpt>
      <trkpt lat="22.3017858690" lon="114.2812202802"><ele>252.000</ele></trkpt>
      <trkpt lat="22.3017385218" lon="114.2812339287"><ele>250.000</ele></trkpt>
      <trkpt lat="22.3016971350" lon="114.2812472516"><ele>251.000</ele></trkpt>
      <trkpt lat="22.3016813045" lon="114.2812469487"><ele>251.000</ele></trkpt>
      <trkpt lat="22.3016656663" lon="114.2812426961"><ele>248.000</ele></trkpt>
      <trkpt lat="22.3016439008" lon="114.2812454264"><ele>250.000</ele></trkpt>
      <trkpt lat="22.3015851782" lon="114.2812680918"><ele>251.000</ele></trkpt>
      <trkpt lat="22.3015445115" lon="114.2812851225"><ele>248.000</ele></trkpt>
      <trkpt lat="22.3015086758" lon="114.2813025838"><ele>249.000</ele></trkpt>
      <trkpt lat="22.3014901507" lon="114.2813077426"><ele>249.000</ele></trkpt>
      <trkpt lat="22.3014770487" lon="114.2813056755"><ele>249.000</ele></trkpt>
      <trkpt lat="22.3014614104" lon="114.2813014132"><ele>250.000</ele></trkpt>
      <trkpt lat="22.3014363539" lon="114.2812960375"><ele>250.000</ele></trkpt>
      <trkpt lat="22.3014236532" lon="114.2812877985"><ele>249.000</ele></trkpt>
      <trkpt lat="22.3014101555" lon="114.2812689419"><ele>249.000</ele></trkpt>
      <trkpt lat="22.3013826666" lon="114.2812265701"><ele>248.000</ele></trkpt>
      <trkpt lat="22.3013701068" lon="114.2812096843"><ele>248.000</ele></trkpt>
      <trkpt lat="22.3013587282" lon="114.2811957495"><ele>248.000</ele></trkpt>
      <trkpt lat="22.3013453237" lon="114.2811865201"><ele>246.000</ele></trkpt>
      <trkpt lat="22.3013371055" lon="114.2811813948"><ele>246.000</ele></trkpt>
      <trkpt lat="22.3013349282" lon="114.2811813670"><ele>249.000</ele></trkpt>
      <trkpt lat="22.3013136004" lon="114.2811705129"><ele>249.000</ele></trkpt>
      <trkpt lat="22.3013035273" lon="114.2811485825"><ele>249.000</ele></trkpt>
      <trkpt lat="22.3012491368" lon="114.2810911970"><ele>246.000</ele></trkpt>
      <trkpt lat="22.3012055038" lon="114.2810585471"><ele>247.000</ele></trkpt>
      <trkpt lat="22.3011424456" lon="114.2810405564"><ele>246.000</ele></trkpt>
      <trkpt lat="22.3010739940" lon="114.2810260262"><ele>246.000</ele></trkpt>
      <trkpt lat="22.3009958074" lon="114.2810394577"><ele>246.000</ele></trkpt>
      <trkpt lat="22.3009530641" lon="114.2810557493"><ele>247.000</ele></trkpt>
      <trkpt lat="22.3009080549" lon="114.2810708649"><ele>246.000</ele></trkpt>
      <trkpt lat="22.3008879665" lon="114.2810776141"><ele>246.000</ele></trkpt>
      <trkpt lat="22.3008579305" lon="114.2810920227"><ele>245.000</ele></trkpt>
      <trkpt lat="22.3008175029" lon="114.2811163223"><ele>248.000</ele></trkpt>
      <trkpt lat="22.3007852823" lon="114.2811434618"><ele>248.000</ele></trkpt>
      <trkpt lat="22.3007599710" lon="114.2811552827"><ele>250.000</ele></trkpt>
      <trkpt lat="22.3007226218" lon="114.2811671606"><ele>247.000</ele></trkpt>
      <trkpt lat="22.3007131467" lon="114.2811701737"><ele>247.000</ele></trkpt>
      <trkpt lat="22.3006821296" lon="114.2811655409"><ele>245.000</ele></trkpt>
      <trkpt lat="22.3006113799" lon="114.2811758045"><ele>244.000</ele></trkpt>
      <trkpt lat="22.3005652536" lon="114.2811824955"><ele>245.000</ele></trkpt>
      <trkpt lat="22.3005148093" lon="114.2811534606"><ele>245.000</ele></trkpt>
      <trkpt lat="22.3005080748" lon="114.2811469301"><ele>245.000</ele></trkpt>
      <trkpt lat="22.3004977430" lon="114.2811369112"><ele>240.000</ele></trkpt>
      <trkpt lat="22.3004282650" lon="114.2811034368"><ele>242.000</ele></trkpt>
      <trkpt lat="22.3003795130" lon="114.2810827879"><ele>239.000</ele></trkpt>
      <trkpt lat="22.3003433709" lon="114.2810712417"><ele>239.000</ele></trkpt>
      <trkpt lat="22.3003106447" lon="114.2810758174"><ele>239.000</ele></trkpt>
      <trkpt lat="22.3002948764" lon="114.2810714677"><ele>240.000</ele></trkpt>
      <trkpt lat="22.3002861624" lon="114.2810706073"><ele>240.000</ele></trkpt>
      <trkpt lat="22.3002454975" lon="114.2810708391"><ele>239.000</ele></trkpt>
      <trkpt lat="22.3002310307" lon="114.2810704014"><ele>239.000</ele></trkpt>
      <trkpt lat="22.3001795238" lon="114.2810716772"><ele>238.000</ele></trkpt>
      <trkpt lat="22.3001545452" lon="114.2810801560"><ele>237.000</ele></trkpt>
      <trkpt lat="22.3001339602" lon="114.2810867690"><ele>237.000</ele></trkpt>
      <trkpt lat="22.3001115234" lon="114.2810940988"><ele>237.000</ele></trkpt>
      <trkpt lat="22.3000884504" lon="114.2810938293"><ele>237.000</ele></trkpt>
      <trkpt lat="22.3000438081" lon="114.2810606607"><ele>237.000</ele></trkpt>
      <trkpt lat="22.3000409615" lon="114.2810595562"><ele>237.000</ele></trkpt>
      <trkpt lat="22.3000198876" lon="114.2810540768"><ele>237.000</ele></trkpt>
      <trkpt lat="22.3000015005" lon="114.2810553345"><ele>237.000</ele></trkpt>
      <trkpt lat="22.2999941206" lon="114.2810582113"><ele>237.000</ele></trkpt>
      <trkpt lat="22.2999710986" lon="114.2810628815"><ele>237.000</ele></trkpt>
      <trkpt lat="22.2999575338" lon="114.2810642010"><ele>237.000</ele></trkpt>
      <trkpt lat="22.2999469774" lon="114.2810635721"><ele>237.000</ele></trkpt>
      <trkpt lat="22.2999345691" lon="114.2810639025"><ele>236.000</ele></trkpt>
      <trkpt lat="22.2999074785" lon="114.2810620774"><ele>236.000</ele></trkpt>
      <trkpt lat="22.2998765344" lon="114.2810562220"><ele>235.000</ele></trkpt>
      <trkpt lat="22.2998689877" lon="114.2810545045"><ele>235.000</ele></trkpt>
      <trkpt lat="22.2998430809" lon="114.2810486081"><ele>234.000</ele></trkpt>
      <trkpt lat="22.2998093732" lon="114.2810429642"><ele>232.000</ele></trkpt>
      <trkpt lat="22.2997965428" lon="114.2810398298"><ele>232.000</ele></trkpt>
      <trkpt lat="22.2997649123" lon="114.2810339641"><ele>232.000</ele></trkpt>
      <trkpt lat="22.2997436133" lon="114.2810274948"><ele>232.000</ele></trkpt>
      <trkpt lat="22.2997197656" lon="114.2810242164"><ele>232.000</ele></trkpt>
      <trkpt lat="22.2997080723" lon="114.2810220824"><ele>234.000</ele></trkpt>
      <trkpt lat="22.2996973096" lon="114.2810192212"><ele>234.000</ele></trkpt>
      <trkpt lat="22.2996854100" lon="114.2810150977"><ele>234.000</ele></trkpt>
      <trkpt lat="22.2996630117" lon="114.2810046389"><ele>234.000</ele></trkpt>
      <trkpt lat="22.2996264112" lon="114.2809897929"><ele>234.000</ele></trkpt>
      <trkpt lat="22.2996010812" lon="114.2809743341"><ele>234.000</ele></trkpt>
      <trkpt lat="22.2995919742" lon="114.2809667772"><ele>234.000</ele></trkpt>
      <trkpt lat="22.2995826224" lon="114.2809607049"><ele>234.000</ele></trkpt>
      <trkpt lat="22.2995746144" lon="114.2809573800"><ele>234.000</ele></trkpt>
      <trkpt lat="22.2995649986" lon="114.2809545294"><ele>234.000</ele></trkpt>
      <trkpt lat="22.2995447976" lon="114.2809537769"><ele>234.000</ele></trkpt>
      <trkpt lat="22.2995335364" lon="114.2809538753"><ele>234.000</ele></trkpt>
      <trkpt lat="22.2995015654" lon="114.2809579372"><ele>234.000</ele></trkpt>
      <trkpt lat="22.2994764363" lon="114.2809672932"><ele>233.000</ele></trkpt>
      <trkpt lat="22.2994644312" lon="114.2809725927"><ele>233.000</ele></trkpt>
      <trkpt lat="22.2994443790" lon="114.2809792837"><ele>233.000</ele></trkpt>
      <trkpt lat="22.2994384004" lon="114.2809797063"><ele>232.000</ele></trkpt>
      <trkpt lat="22.2994237274" lon="114.2809770364"><ele>232.000</ele></trkpt>
      <trkpt lat="22.2993788154" lon="114.2809672888"><ele>231.000</ele></trkpt>
      <trkpt lat="22.2993554289" lon="114.2809630209"><ele>231.000</ele></trkpt>
      <trkpt lat="22.2993134877" lon="114.2809538093"><ele>230.000</ele></trkpt>
      <trkpt lat="22.2992316338" lon="114.2809403660"><ele>228.000</ele></trkpt>
      <trkpt lat="22.2992167255" lon="114.2809384432"><ele>228.000</ele></trkpt>
      <trkpt lat="22.2991894093" lon="114.2809363558"><ele>228.000</ele></trkpt>
      <trkpt lat="22.2991785986" lon="114.2809379588"><ele>228.000</ele></trkpt>
      <trkpt lat="22.2991170986" lon="114.2809545371"><ele>230.000</ele></trkpt>
      <trkpt lat="22.2991044168" lon="114.2809588463"><ele>230.000</ele></trkpt>
      <trkpt lat="22.2990912551" lon="114.2809653677"><ele>230.000</ele></trkpt>
      <trkpt lat="22.2990815531" lon="114.2809702128"><ele>230.000</ele></trkpt>
      <trkpt lat="22.2990626476" lon="114.2809771666"><ele>230.000</ele></trkpt>
      <trkpt lat="22.2990332053" lon="114.2809810072"><ele>229.000</ele></trkpt>
      <trkpt lat="22.2989847090" lon="114.2809841058"><ele>229.000</ele></trkpt>
      <trkpt lat="22.2989706742" lon="114.2809859199"><ele>229.000</ele></trkpt>
      <trkpt lat="22.2989449268" lon="114.2809878223"><ele>229.000</ele></trkpt>
      <trkpt lat="22.2989324993" lon="114.2809898995"><ele>229.000</ele></trkpt>
      <trkpt lat="22.2989198559" lon="114.2809907248"><ele>229.000</ele></trkpt>
      <trkpt lat="22.2989078886" lon="114.2809935496"><ele>229.000</ele></trkpt>
      <trkpt lat="22.2988965888" lon="114.2809973745"><ele>228.000</ele></trkpt>
      <trkpt lat="22.2988866706" lon="114.2810014722"><ele>230.000</ele></trkpt>
      <trkpt lat="22.2988649152" lon="114.2810165757"><ele>230.000</ele></trkpt>
      <trkpt lat="22.2988545169" lon="114.2810228857"><ele>230.000</ele></trkpt>
      <trkpt lat="22.2988464033" lon="114.2810292361"><ele>228.000</ele></trkpt>
      <trkpt lat="22.2988394264" lon="114.2810375769"><ele>228.000</ele></trkpt>
      <trkpt lat="22.2988286201" lon="114.2810605104"><ele>231.000</ele></trkpt>
      <trkpt lat="22.2988115713" lon="114.2810870882"><ele>231.000</ele></trkpt>
      <trkpt lat="22.2988045275" lon="114.2811008925"><ele>232.000</ele></trkpt>
      <trkpt lat="22.2987927618" lon="114.2811272801"><ele>232.000</ele></trkpt>
      <trkpt lat="22.2987850312" lon="114.2811418214"><ele>232.000</ele></trkpt>
      <trkpt lat="22.2987745084" lon="114.2811593012"><ele>234.000</ele></trkpt>
      <trkpt lat="22.2987644751" lon="114.2811738020"><ele>234.000</ele></trkpt>
      <trkpt lat="22.2987563417" lon="114.2811828794"><ele>232.000</ele></trkpt>
      <trkpt lat="22.2987472969" lon="114.2811909469"><ele>232.000</ele></trkpt>
      <trkpt lat="22.2987385157" lon="114.2811962973"><ele>232.000</ele></trkpt>
      <trkpt lat="22.2987283627" lon="114.2812003850"><ele>232.000</ele></trkpt>
      <trkpt lat="22.2987177678" lon="114.2812034729"><ele>230.000</ele></trkpt>
      <trkpt lat="22.2987092512" lon="114.2812046020"><ele>230.000</ele></trkpt>
      <trkpt lat="22.2986940791" lon="114.2812056582"><ele>230.000</ele></trkpt>
      <trkpt lat="22.2986456406" lon="114.2812030505"><ele>230.000</ele></trkpt>
      <trkpt lat="22.2986277238" lon="114.2812030761"><ele>230.000</ele></trkpt>
      <trkpt lat="22.2986118943" lon="114.2812013854"><ele>230.000</ele></trkpt>
      <trkpt lat="22.2985833926" lon="114.2812030043"><ele>230.000</ele></trkpt>
      <trkpt lat="22.2985707394" lon="114.2812050814"><ele>230.000</ele></trkpt>
      <trkpt lat="22.2985581054" lon="114.2812054117"><ele>230.000</ele></trkpt>
      <trkpt lat="22.2985466281" lon="114.2812045200"><ele>230.000</ele></trkpt>
      <trkpt lat="22.2985248775" lon="114.2811980406"><ele>232.000</ele></trkpt>
      <trkpt lat="22.2985125269" lon="114.2811929269"><ele>229.000</ele></trkpt>
      <trkpt lat="22.2984979021" lon="114.2811855503"><ele>229.000</ele></trkpt>
      <trkpt lat="22.2984874034" lon="114.2811794578"><ele>230.000</ele></trkpt>
      <trkpt lat="22.2984640452" lon="114.2811732101"><ele>230.000</ele></trkpt>
      <trkpt lat="22.2984351409" lon="114.2811691225"><ele>230.000</ele></trkpt>
      <trkpt lat="22.2984102858" lon="114.2811735196"><ele>230.000</ele></trkpt>
      <trkpt lat="22.2983833526" lon="114.2811796231"><ele>230.000</ele></trkpt>
      <trkpt lat="22.2983492463" lon="114.2811901078"><ele>229.000</ele></trkpt>
      <trkpt lat="22.2983367903" lon="114.2811944170"><ele>232.000</ele></trkpt>
      <trkpt lat="22.2983111816" lon="114.2812052476"><ele>230.000</ele></trkpt>
      <trkpt lat="22.2982982547" lon="114.2812115363"><ele>230.000</ele></trkpt>
      <trkpt lat="22.2982696376" lon="114.2812243152"><ele>230.000</ele></trkpt>
      <trkpt lat="22.2982541917" lon="114.2812298256"><ele>230.000</ele></trkpt>
      <trkpt lat="22.2982338664" lon="114.2812397382"><ele>230.000</ele></trkpt>
      <trkpt lat="22.2982126861" lon="114.2812593450"><ele>232.000</ele></trkpt>
      <trkpt lat="22.2982036772" lon="114.2812677035"><ele>232.000</ele></trkpt>
      <trkpt lat="22.2981987430" lon="114.2812731256"><ele>232.000</ele></trkpt>
      <trkpt lat="22.2981965018" lon="114.2812755879"><ele>232.000</ele></trkpt>
      <trkpt lat="22.2981895714" lon="114.2812817452"><ele>232.000</ele></trkpt>
      <trkpt lat="22.2981667419" lon="114.2812959550"><ele>235.000</ele></trkpt>
      <trkpt lat="22.2981524699" lon="114.2813015535"><ele>235.000</ele></trkpt>
      <trkpt lat="22.2981282686" lon="114.2813145202"><ele>232.000</ele></trkpt>
      <trkpt lat="22.2981130449" lon="114.2813255720"><ele>232.000</ele></trkpt>
      <trkpt lat="22.2981049775" lon="114.2813302241"><ele>232.000</ele></trkpt>
      <trkpt lat="22.2980895195" lon="114.2813405188"><ele>237.000</ele></trkpt>
      <trkpt lat="22.2980532393" lon="114.2813752241"><ele>232.000</ele></trkpt>
      <trkpt lat="22.2980465338" lon="114.2813826140"><ele>232.000</ele></trkpt>
      <trkpt lat="22.2980405140" lon="114.2813910039"><ele>232.000</ele></trkpt>
      <trkpt lat="22.2980374746" lon="114.2813989204"><ele>232.000</ele></trkpt>
      <trkpt lat="22.2980240033" lon="114.2814233754"><ele>232.000</ele></trkpt>
      <trkpt lat="22.2980144334" lon="114.2814473578"><ele>236.000</ele></trkpt>
      <trkpt lat="22.2980143167" lon="114.2814476828"><ele>236.000</ele></trkpt>
      <trkpt lat="22.2979797940" lon="114.2815002573"><ele>231.000</ele></trkpt>
      <trkpt lat="22.2979693252" lon="114.2815318182"><ele>231.000</ele></trkpt>
      <trkpt lat="22.2979742669" lon="114.2815568982"><ele>232.000</ele></trkpt>
      <trkpt lat="22.2979805368" lon="114.2815807274"><ele>232.000</ele></trkpt>
      <trkpt lat="22.2979732595" lon="114.2816065164"><ele>233.000</ele></trkpt>
      <trkpt lat="22.2979672585" lon="114.2816278230"><ele>233.000</ele></trkpt>
      <trkpt lat="22.2979279838" lon="114.2816566160"><ele>228.000</ele></trkpt>
      <trkpt lat="22.2979093781" lon="114.2816746815"><ele>228.000</ele></trkpt>
      <trkpt lat="22.2978967409" lon="114.2817190177"><ele>228.000</ele></trkpt>
      <trkpt lat="22.2978960370" lon="114.2817210522"><ele>228.000</ele></trkpt>
      <trkpt lat="22.2978948400" lon="114.2817287275"><ele>229.000</ele></trkpt>
      <trkpt lat="22.2978892213" lon="114.2817453083"><ele>229.000</ele></trkpt>
      <trkpt lat="22.2978873382" lon="114.2817527308"><ele>229.000</ele></trkpt>
      <trkpt lat="22.2978840727" lon="114.2817611421"><ele>229.000</ele></trkpt>
      <trkpt lat="22.2978763958" lon="114.2817764694"><ele>231.000</ele></trkpt>
      <trkpt lat="22.2978726191" lon="114.2817933039"><ele>231.000</ele></trkpt>
      <trkpt lat="22.2978693539" lon="114.2818012106"><ele>231.000</ele></trkpt>
      <trkpt lat="22.2978614418" lon="114.2818172753"><ele>231.000</ele></trkpt>
      <trkpt lat="22.2978528942" lon="114.2818244114"><ele>233.000</ele></trkpt>
      <trkpt lat="22.2978457478" lon="114.2818293165"><ele>233.000</ele></trkpt>
      <trkpt lat="22.2978388472" lon="114.2818312522"><ele>233.000</ele></trkpt>
      <trkpt lat="22.2978247916" lon="114.2818373458"><ele>233.000</ele></trkpt>
      <trkpt lat="22.2978102740" lon="114.2818456711"><ele>232.000</ele></trkpt>
      <trkpt lat="22.2977952467" lon="114.2818601875"><ele>232.000</ele></trkpt>
      <trkpt lat="22.2977890013" lon="114.2818683249"><ele>232.000</ele></trkpt>
      <trkpt lat="22.2977806286" lon="114.2818843892"><ele>237.000</ele></trkpt>
      <trkpt lat="22.2977755212" lon="114.2818922848"><ele>237.000</ele></trkpt>
      <trkpt lat="22.2977690408" lon="114.2819006743"><ele>232.000</ele></trkpt>
      <trkpt lat="22.2977641685" lon="114.2819080752"><ele>232.000</ele></trkpt>
      <trkpt lat="22.2977602172" lon="114.2819157388"><ele>232.000</ele></trkpt>
      <trkpt lat="22.2977453133" lon="114.2819488586"><ele>236.000</ele></trkpt>
      <trkpt lat="22.2977422740" lon="114.2819565326"><ele>236.000</ele></trkpt>
      <trkpt lat="22.2977387661" lon="114.2819627214"><ele>236.000</ele></trkpt>
      <trkpt lat="22.2977238800" lon="114.2819963265"><ele>229.000</ele></trkpt>
      <trkpt lat="22.2977096725" lon="114.2820277195"><ele>233.000</ele></trkpt>
      <trkpt lat="22.2977049947" lon="114.2820415740"><ele>233.000</ele></trkpt>
      <trkpt lat="22.2976933260" lon="114.2820712512"><ele>237.000</ele></trkpt>
      <trkpt lat="22.2976909223" lon="114.2820876014"><ele>237.000</ele></trkpt>
      <trkpt lat="22.2976864393" lon="114.2821074145"><ele>237.000</ele></trkpt>
      <trkpt lat="22.2976753959" lon="114.2821475148"><ele>232.000</ele></trkpt>
      <trkpt lat="22.2976730027" lon="114.2821616330"><ele>232.000</ele></trkpt>
      <trkpt lat="22.2976707931" lon="114.2821849317"><ele>234.000</ele></trkpt>
      <trkpt lat="22.2976758644" lon="114.2822186973"><ele>232.000</ele></trkpt>
      <trkpt lat="22.2976769201" lon="114.2822340894"><ele>232.000</ele></trkpt>
      <trkpt lat="22.2976793385" lon="114.2822507246"><ele>238.000</ele></trkpt>
      <trkpt lat="22.2976797088" lon="114.2822646120"><ele>236.000</ele></trkpt>
      <trkpt lat="22.2976794020" lon="114.2822780039"><ele>236.000</ele></trkpt>
      <trkpt lat="22.2976781650" lon="114.2822916377"><ele>232.000</ele></trkpt>
      <trkpt lat="22.2976743885" lon="114.2823082295"><ele>232.000</ele></trkpt>
      <trkpt lat="22.2976696911" lon="114.2823243160"><ele>232.000</ele></trkpt>
      <trkpt lat="22.2976666107" lon="114.2823396661"><ele>232.000</ele></trkpt>
      <trkpt lat="22.2976628445" lon="114.2823542782"><ele>232.000</ele></trkpt>
      <trkpt lat="22.2976606862" lon="114.2823681540"><ele>234.000</ele></trkpt>
      <trkpt lat="22.2976632480" lon="114.2824004135"><ele>234.000</ele></trkpt>
      <trkpt lat="22.2976663524" lon="114.2824175539"><ele>233.000</ele></trkpt>
      <trkpt lat="22.2976684645" lon="114.2824468338"><ele>233.000</ele></trkpt>
      <trkpt lat="22.2976737713" lon="114.2824796098"><ele>230.000</ele></trkpt>
      <trkpt lat="22.2976789425" lon="114.2824984985"><ele>232.000</ele></trkpt>
      <trkpt lat="22.2976867584" lon="114.2825332852"><ele>234.000</ele></trkpt>
      <trkpt lat="22.2976905384" lon="114.2825531530"><ele>236.000</ele></trkpt>
      <trkpt lat="22.2976883592" lon="114.2825712502"><ele>236.000</ele></trkpt>
      <trkpt lat="22.2976862502" lon="114.2825786725"><ele>236.000</ele></trkpt>
      <trkpt lat="22.2976813676" lon="114.2825880628"><ele>236.000</ele></trkpt>
      <trkpt lat="22.2976748778" lon="114.2825969375"><ele>234.000</ele></trkpt>
      <trkpt lat="22.2976568401" lon="114.2826164007"><ele>234.000</ele></trkpt>
      <trkpt lat="22.2976471556" lon="114.2826220317"><ele>234.000</ele></trkpt>
      <trkpt lat="22.2976197694" lon="114.2826302599"><ele>234.000</ele></trkpt>
      <trkpt lat="22.2976066741" lon="114.2826316572"><ele>234.000</ele></trkpt>
      <trkpt lat="22.2975797593" lon="114.2826371587"><ele>233.000</ele></trkpt>
      <trkpt lat="22.2975245353" lon="114.2826538573"><ele>236.000</ele></trkpt>
      <trkpt lat="22.2975143901" lon="114.2826597403"><ele>236.000</ele></trkpt>
      <trkpt lat="22.2975053814" lon="114.2826676038"><ele>236.000</ele></trkpt>
      <trkpt lat="22.2974861872" lon="114.2826878037"><ele>234.000</ele></trkpt>
      <trkpt lat="22.2974757855" lon="114.2826993830"><ele>239.000</ele></trkpt>
      <trkpt lat="22.2974692960" lon="114.2827077627"><ele>239.000</ele></trkpt>
      <trkpt lat="22.2974626102" lon="114.2827126778"><ele>239.000</ele></trkpt>
      <trkpt lat="22.2974536123" lon="114.2827178144"><ele>239.000</ele></trkpt>
      <trkpt lat="22.2974329104" lon="114.2827236118"><ele>234.000</ele></trkpt>
      <trkpt lat="22.2974241477" lon="114.2827282633"><ele>234.000</ele></trkpt>
      <trkpt lat="22.2974137565" lon="114.2827373582"><ele>234.000</ele></trkpt>
      <trkpt lat="22.2974028948" lon="114.2827479473"><ele>232.000</ele></trkpt>
      <trkpt lat="22.2973964147" lon="114.2827558321"><ele>232.000</ele></trkpt>
      <trkpt lat="22.2973917672" lon="114.2827647276"><ele>232.000</ele></trkpt>
      <trkpt lat="22.2973854720" lon="114.2827798132"><ele>232.000</ele></trkpt>
      <trkpt lat="22.2973831087" lon="114.2827894674"><ele>232.000</ele></trkpt>
      <trkpt lat="22.2973765580" lon="114.2828087645"><ele>236.000</ele></trkpt>
      <trkpt lat="22.2973732628" lon="114.2828211449"><ele>236.000</ele></trkpt>
      <trkpt lat="22.2973681338" lon="114.2828342517"><ele>236.000</ele></trkpt>
      <trkpt lat="22.2973625453" lon="114.2828458637"><ele>236.000</ele></trkpt>
      <trkpt lat="22.2973537315" lon="114.2828596956"><ele>233.000</ele></trkpt>
      <trkpt lat="22.2973336160" lon="114.2828801277"><ele>233.000</ele></trkpt>
      <trkpt lat="22.2973250774" lon="114.2828872540"><ele>233.000</ele></trkpt>
      <trkpt lat="22.2973059233" lon="114.2829012527"><ele>233.000</ele></trkpt>
      <trkpt lat="22.2972925124" lon="114.2829157895"><ele>233.000</ele></trkpt>
      <trkpt lat="22.2972827671" lon="114.2829315907"><ele>233.000</ele></trkpt>
      <trkpt lat="22.2972638924" lon="114.2829741109"><ele>233.000</ele></trkpt>
      <trkpt lat="22.2972576174" lon="114.2829859650"><ele>233.000</ele></trkpt>
      <trkpt lat="22.2972538819" lon="114.2829948709"><ele>235.000</ele></trkpt>
      <trkpt lat="22.2972448323" lon="114.2830101776"><ele>235.000</ele></trkpt>
      <trkpt lat="22.2972399703" lon="114.2830155987"><ele>235.000</ele></trkpt>
      <trkpt lat="22.2972187477" lon="114.2830303237"><ele>233.000</ele></trkpt>
      <trkpt lat="22.2972102091" lon="114.2830374500"><ele>236.000</ele></trkpt>
      <trkpt lat="22.2971905544" lon="114.2830576397"><ele>236.000</ele></trkpt>
      <trkpt lat="22.2971679190" lon="114.2830785551"><ele>235.000</ele></trkpt>
      <trkpt lat="22.2971579787" lon="114.2830886498"><ele>238.000</ele></trkpt>
      <trkpt lat="22.2971521754" lon="114.2830972921"><ele>238.000</ele></trkpt>
      <trkpt lat="22.2971477530" lon="114.2831071776"><ele>238.000</ele></trkpt>
      <trkpt lat="22.2971412028" lon="114.2831254848"><ele>238.000</ele></trkpt>
      <trkpt lat="22.2971362193" lon="114.2831509940"><ele>238.000</ele></trkpt>
      <trkpt lat="22.2971328409" lon="114.2831757979"><ele>238.000</ele></trkpt>
      <trkpt lat="22.2971306840" lon="114.2831916319"><ele>245.000</ele></trkpt>
      <trkpt lat="22.2971233865" lon="114.2832203417"><ele>245.000</ele></trkpt>
      <trkpt lat="22.2971207767" lon="114.2832339648"><ele>246.000</ele></trkpt>
      <trkpt lat="22.2971153531" lon="114.2832557568"><ele>246.000</ele></trkpt>
      <trkpt lat="22.2971113814" lon="114.2832668847"><ele>246.000</ele></trkpt>
      <trkpt lat="22.2971055877" lon="114.2832745274"><ele>246.000</ele></trkpt>
      <trkpt lat="22.2971007049" lon="114.2832841699"><ele>248.000</ele></trkpt>
      <trkpt lat="22.2970985659" lon="114.2832960562"><ele>248.000</ele></trkpt>
      <trkpt lat="22.2970975742" lon="114.2833072155"><ele>248.000</ele></trkpt>
      <trkpt lat="22.2970959159" lon="114.2833158803"><ele>248.000</ele></trkpt>
      <trkpt lat="22.2970931120" lon="114.2833225548"><ele>248.000</ele></trkpt>
      <trkpt lat="22.2970871230" lon="114.2833252384"><ele>245.000</ele></trkpt>
      <trkpt lat="22.2970802419" lon="114.2833249421"><ele>245.000</ele></trkpt>
      <trkpt lat="22.2970577083" lon="114.2833282439"><ele>246.000</ele></trkpt>
      <trkpt lat="22.2970367717" lon="114.2833337887"><ele>244.000</ele></trkpt>
      <trkpt lat="22.2970268618" lon="114.2833389245"><ele>244.000</ele></trkpt>
      <trkpt lat="22.2970157945" lon="114.2833462818"><ele>244.000</ele></trkpt>
      <trkpt lat="22.2969966402" lon="114.2833605327"><ele>242.000</ele></trkpt>
      <trkpt lat="22.2969887689" lon="114.2833691540"><ele>242.000</ele></trkpt>
      <trkpt lat="22.2969855584" lon="114.2833720464"><ele>242.000</ele></trkpt>
      <trkpt lat="22.2969391792" lon="114.2834144262"><ele>245.000</ele></trkpt>
      <trkpt lat="22.2969055431" lon="114.2834374778"><ele>245.000</ele></trkpt>
      <trkpt lat="22.2968885314" lon="114.2834481786"><ele>245.000</ele></trkpt>
      <trkpt lat="22.2968880335" lon="114.2834487488"><ele>245.000</ele></trkpt>
      <trkpt lat="22.2968794607" lon="114.2834542660"><ele>245.000</ele></trkpt>
      <trkpt lat="22.2968334154" lon="114.2834653426"><ele>244.000</ele></trkpt>
      <trkpt lat="22.2968120593" lon="114.2834591506"><ele>244.000</ele></trkpt>
      <trkpt lat="22.2968084144" lon="114.2834580939"><ele>244.000</ele></trkpt>
      <trkpt lat="22.2967814555" lon="114.2834480973"><ele>244.000</ele></trkpt>
      <trkpt lat="22.2967733616" lon="114.2834450974"><ele>246.000</ele></trkpt>
      <trkpt lat="22.2967087173" lon="114.2834154936"><ele>244.000</ele></trkpt>
      <trkpt lat="22.2966944881" lon="114.2834081560"><ele>244.000</ele></trkpt>
      <trkpt lat="22.2966915376" lon="114.2834071154"><ele>244.000</ele></trkpt>
      <trkpt lat="22.2966697596" lon="114.2834012471"><ele>245.000</ele></trkpt>
      <trkpt lat="22.2966619582" lon="114.2833996982"><ele>245.000</ele></trkpt>
      <trkpt lat="22.2966288787" lon="114.2834001972"><ele>245.000</ele></trkpt>
      <trkpt lat="22.2966086685" lon="114.2833997937"><ele>245.000</ele></trkpt>
      <trkpt lat="22.2965607122" lon="114.2833917512"><ele>244.000</ele></trkpt>
      <trkpt lat="22.2965492354" lon="114.2833901801"><ele>243.000</ele></trkpt>
      <trkpt lat="22.2965345339" lon="114.2833895672"><ele>243.000</ele></trkpt>
      <trkpt lat="22.2965152243" lon="114.2833929006"><ele>243.000</ele></trkpt>
      <trkpt lat="22.2965048640" lon="114.2833962990"><ele>243.000</ele></trkpt>
      <trkpt lat="22.2964786238" lon="114.2834057700"><ele>244.000</ele></trkpt>
      <trkpt lat="22.2964355539" lon="114.2834240495"><ele>248.000</ele></trkpt>
      <trkpt lat="22.2964215081" lon="114.2834289104"><ele>248.000</ele></trkpt>
      <trkpt lat="22.2963957190" lon="114.2834391289"><ele>246.000</ele></trkpt>
      <trkpt lat="22.2963837607" lon="114.2834417692"><ele>246.000</ele></trkpt>
      <trkpt lat="22.2963708710" lon="114.2834463884"><ele>246.000</ele></trkpt>
      <trkpt lat="22.2963641874" lon="114.2834477807"><ele>246.000</ele></trkpt>
      <trkpt lat="22.2963444167" lon="114.2834519774"><ele>246.000</ele></trkpt>
      <trkpt lat="22.2963315535" lon="114.2834573633"><ele>246.000</ele></trkpt>
      <trkpt lat="22.2963106698" lon="114.2834649362"><ele>246.000</ele></trkpt>
      <trkpt lat="22.2962902277" lon="114.2834737517"><ele>248.000</ele></trkpt>
      <trkpt lat="22.2962883723" lon="114.2834746159"><ele>248.000</ele></trkpt>
      <trkpt lat="22.2962775991" lon="114.2834796327"><ele>245.000</ele></trkpt>
      <trkpt lat="22.2962686737" lon="114.2834843995"><ele>245.000</ele></trkpt>
      <trkpt lat="22.2962409561" lon="114.2835021481"><ele>245.000</ele></trkpt>
      <trkpt lat="22.2962102696" lon="114.2835166037"><ele>242.000</ele></trkpt>
      <trkpt lat="22.2961768203" lon="114.2835303488"><ele>242.000</ele></trkpt>
      <trkpt lat="22.2961524482" lon="114.2835417329"><ele>242.000</ele></trkpt>
      <trkpt lat="22.2961283113" lon="114.2835662471"><ele>244.000</ele></trkpt>
      <trkpt lat="22.2961127302" lon="114.2835795730"><ele>245.000</ele></trkpt>
      <trkpt lat="22.2961105923" lon="114.2835814016"><ele>245.000</ele></trkpt>
      <trkpt lat="22.2960811747" lon="114.2835888419"><ele>247.000</ele></trkpt>
      <trkpt lat="22.2960549056" lon="114.2836012046"><ele>247.000</ele></trkpt>
      <trkpt lat="22.2960330016" lon="114.2836084469"><ele>248.000</ele></trkpt>
      <trkpt lat="22.2960250578" lon="114.2836104661"><ele>248.000</ele></trkpt>
      <trkpt lat="22.2960140883" lon="114.2836132555"><ele>248.000</ele></trkpt>
      <trkpt lat="22.2959986556" lon="114.2836123413"><ele>247.000</ele></trkpt>
      <trkpt lat="22.2959806728" lon="114.2836030309"><ele>247.000</ele></trkpt>
      <trkpt lat="22.2959578107" lon="114.2835977829"><ele>245.000</ele></trkpt>
      <trkpt lat="22.2959242131" lon="114.2835897222"><ele>245.000</ele></trkpt>
      <trkpt lat="22.2959002671" lon="114.2835848809"><ele>244.000</ele></trkpt>
      <trkpt lat="22.2958812626" lon="114.2835912131"><ele>244.000</ele></trkpt>
      <trkpt lat="22.2958647712" lon="114.2835934714"><ele>243.000</ele></trkpt>
      <trkpt lat="22.2958377953" lon="114.2835956810"><ele>243.000</ele></trkpt>
      <trkpt lat="22.2958252796" lon="114.2835946350"><ele>244.000</ele></trkpt>
      <trkpt lat="22.2958181733" lon="114.2835933778"><ele>244.000</ele></trkpt>
      <trkpt lat="22.2957833157" lon="114.2835925361"><ele>244.000</ele></trkpt>
      <trkpt lat="22.2957546516" lon="114.2835939312"><ele>242.000</ele></trkpt>
      <trkpt lat="22.2957408892" lon="114.2835936393"><ele>242.000</ele></trkpt>
      <trkpt lat="22.2957269000" lon="114.2835948320"><ele>238.000</ele></trkpt>
      <trkpt lat="22.2957252919" lon="114.2835958109"><ele>238.000</ele></trkpt>
      <trkpt lat="22.2956970559" lon="114.2836053385"><ele>238.000</ele></trkpt>
      <trkpt lat="22.2956846522" lon="114.2836124521"><ele>237.000</ele></trkpt>
      <trkpt lat="22.2956667272" lon="114.2836249764"><ele>232.000</ele></trkpt>
      <trkpt lat="22.2956545580" lon="114.2836325851"><ele>232.000</ele></trkpt>
      <trkpt lat="22.2956478912" lon="114.2836360153"><ele>232.000</ele></trkpt>
      <trkpt lat="22.2956410085" lon="114.2836379607"><ele>235.000</ele></trkpt>
      <trkpt lat="22.2956322937" lon="114.2836384295"><ele>235.000</ele></trkpt>
      <trkpt lat="22.2956107487" lon="114.2836354048"><ele>235.000</ele></trkpt>
      <trkpt lat="22.2955749801" lon="114.2836328254"><ele>236.000</ele></trkpt>
      <trkpt lat="22.2955249741" lon="114.2836381054"><ele>236.000</ele></trkpt>
      <trkpt lat="22.2955105139" lon="114.2836415103"><ele>236.000</ele></trkpt>
      <trkpt lat="22.2954965241" lon="114.2836436831"><ele>236.000</ele></trkpt>
      <trkpt lat="22.2954880158" lon="114.2836458795"><ele>236.000</ele></trkpt>
      <trkpt lat="22.2954606313" lon="114.2836513805"><ele>235.000</ele></trkpt>
      <trkpt lat="22.2954468658" lon="114.2836558437"><ele>235.000</ele></trkpt>
      <trkpt lat="22.2954078703" lon="114.2836714380"><ele>233.000</ele></trkpt>
      <trkpt lat="22.2953909050" lon="114.2836803336"><ele>233.000</ele></trkpt>
      <trkpt lat="22.2953753118" lon="114.2836899775"><ele>233.000</ele></trkpt>
      <trkpt lat="22.2953512277" lon="114.2837028368"><ele>232.000</ele></trkpt>
      <trkpt lat="22.2953351735" lon="114.2837132276"><ele>232.000</ele></trkpt>
      <trkpt lat="22.2953260030" lon="114.2837198972"><ele>228.000</ele></trkpt>
      <trkpt lat="22.2953079506" lon="114.2837312181"><ele>228.000</ele></trkpt>
      <trkpt lat="22.2953062811" lon="114.2837322649"><ele>228.000</ele></trkpt>
      <trkpt lat="22.2953046725" lon="114.2837339910"><ele>228.000</ele></trkpt>
      <trkpt lat="22.2952904605" lon="114.2837443735"><ele>228.000</ele></trkpt>
      <trkpt lat="22.2952831158" lon="114.2837485796"><ele>227.000</ele></trkpt>
      <trkpt lat="22.2952734848" lon="114.2837552488"><ele>227.000</ele></trkpt>
      <trkpt lat="22.2952526163" lon="114.2837671207"><ele>228.000</ele></trkpt>
      <trkpt lat="22.2952443615" lon="114.2837683662"><ele>228.000</ele></trkpt>
      <trkpt lat="22.2952400000" lon="114.2837678777"><ele>228.000</ele></trkpt>
      <trkpt lat="22.2952202548" lon="114.2837607397"><ele>226.000</ele></trkpt>
      <trkpt lat="22.2951996057" lon="114.2837548432"><ele>226.000</ele></trkpt>
      <trkpt lat="22.2951901888" lon="114.2837516434"><ele>224.000</ele></trkpt>
      <trkpt lat="22.2951759587" lon="114.2837484495"><ele>224.000</ele></trkpt>
      <trkpt lat="22.2951670092" lon="114.2837487047"><ele>224.000</ele></trkpt>
      <trkpt lat="22.2951578328" lon="114.2837506871"><ele>224.000</ele></trkpt>
      <trkpt lat="22.2951514102" lon="114.2837534091"><ele>224.000</ele></trkpt>
      <trkpt lat="22.2951160977" lon="114.2837714711"><ele>225.000</ele></trkpt>
      <trkpt lat="22.2951086536" lon="114.2837757741"><ele>225.000</ele></trkpt>
      <trkpt lat="22.2950740457" lon="114.2837934872"><ele>224.000</ele></trkpt>
      <trkpt lat="22.2950547528" lon="114.2837988487"><ele>224.000</ele></trkpt>
      <trkpt lat="22.2949197011" lon="114.2838245204"><ele>224.000</ele></trkpt>
      <trkpt lat="22.2948990175" lon="114.2838298711"><ele>224.000</ele></trkpt>
      <trkpt lat="22.2948787931" lon="114.2838372018"><ele>224.000</ele></trkpt>
      <trkpt lat="22.2948539959" lon="114.2838496044"><ele>224.000</ele></trkpt>
      <trkpt lat="22.2948332473" lon="114.2838576722"><ele>224.000</ele></trkpt>
      <trkpt lat="22.2948082463" lon="114.2838641162"><ele>228.000</ele></trkpt>
      <trkpt lat="22.2947910328" lon="114.2838658596"><ele>228.000</ele></trkpt>
      <trkpt lat="22.2947600626" lon="114.2838723185"><ele>229.000</ele></trkpt>
      <trkpt lat="22.2947475509" lon="114.2838733056"><ele>229.000</ele></trkpt>
      <trkpt lat="22.2946977213" lon="114.2838630907"><ele>229.000</ele></trkpt>
      <trkpt lat="22.2946578239" lon="114.2838633030"><ele>229.000</ele></trkpt>
      <trkpt lat="22.2946255999" lon="114.2838675968"><ele>229.000</ele></trkpt>
      <trkpt lat="22.2945967440" lon="114.2838722232"><ele>229.000</ele></trkpt>
      <trkpt lat="22.2945638153" lon="114.2838632120"><ele>229.000</ele></trkpt>
      <trkpt lat="22.2945288016" lon="114.2838663198"><ele>229.000</ele></trkpt>
      <trkpt lat="22.2944882599" lon="114.2838713060"><ele>229.000</ele></trkpt>
      <trkpt lat="22.2944620654" lon="114.2838937319"><ele>228.000</ele></trkpt>
      <trkpt lat="22.2944406997" lon="114.2839199268"><ele>230.000</ele></trkpt>
      <trkpt lat="22.2944087794" lon="114.2839703062"><ele>230.000</ele></trkpt>
      <trkpt lat="22.2943794858" lon="114.2840087320"><ele>228.000</ele></trkpt>
      <trkpt lat="22.2943404542" lon="114.2840107402"><ele>228.000</ele></trkpt>
      <trkpt lat="22.2943082211" lon="114.2840150340"><ele>228.000</ele></trkpt>
      <trkpt lat="22.2942717904" lon="114.2840304553"><ele>230.000</ele></trkpt>
      <trkpt lat="22.2942377196" lon="114.2840279450"><ele>230.000</ele></trkpt>
      <trkpt lat="22.2941930079" lon="114.2840296286"><ele>230.000</ele></trkpt>
      <trkpt lat="22.2941542271" lon="114.2840347131"><ele>230.000</ele></trkpt>
      <trkpt lat="22.2941194001" lon="114.2840559194"><ele>234.000</ele></trkpt>
      <trkpt lat="22.2940845182" lon="114.2840645780"><ele>235.000</ele></trkpt>
      <trkpt lat="22.2940436394" lon="114.2840876234"><ele>235.000</ele></trkpt>
      <trkpt lat="22.2940047504" lon="114.2841198214"><ele>236.000</ele></trkpt>
      <trkpt lat="22.2939733133" lon="114.2841493758"><ele>234.000</ele></trkpt>
      <trkpt lat="22.2939389420" lon="114.2841778896"><ele>237.000</ele></trkpt>
      <trkpt lat="22.2939015559" lon="114.2842043438"><ele>238.000</ele></trkpt>
      <trkpt lat="22.2938658228" lon="114.2842164564"><ele>238.000</ele></trkpt>
      <trkpt lat="22.2938330331" lon="114.2842157618"><ele>238.000</ele></trkpt>
      <trkpt lat="22.2938098152" lon="114.2842160449"><ele>238.000</ele></trkpt>
      <trkpt lat="22.2937844664" lon="114.2842294755"><ele>236.000</ele></trkpt>
      <trkpt lat="22.2937511458" lon="114.2842532447"><ele>238.000</ele></trkpt>
      <trkpt lat="22.2937264467" lon="114.2842809895"><ele>235.000</ele></trkpt>
      <trkpt lat="22.2937067011" lon="114.2843017413"><ele>239.000</ele></trkpt>
      <trkpt lat="22.2936742041" lon="114.2843226387"><ele>236.000</ele></trkpt>
      <trkpt lat="22.2936458790" lon="114.2843440633"><ele>241.000</ele></trkpt>
      <trkpt lat="22.2936151941" lon="114.2843695812"><ele>241.000</ele></trkpt>
      <trkpt lat="22.2935914927" lon="114.2844045272"><ele>240.000</ele></trkpt>
      <trkpt lat="22.2935723694" lon="114.2844264731"><ele>240.000</ele></trkpt>
      <trkpt lat="22.2935427224" lon="114.2844529234"><ele>241.000</ele></trkpt>
      <trkpt lat="22.2935279300" lon="114.2844805107"><ele>241.000</ele></trkpt>
      <trkpt lat="22.2935102599" lon="114.2845171207"><ele>240.000</ele></trkpt>
      <trkpt lat="22.2934919967" lon="114.2845628813"><ele>242.000</ele></trkpt>
      <trkpt lat="22.2934673451" lon="114.2846008348"><ele>241.000</ele></trkpt>
      <trkpt lat="22.2934414415" lon="114.2846336247"><ele>241.000</ele></trkpt>
      <trkpt lat="22.2934129478" lon="114.2846640836"><ele>242.000</ele></trkpt>
      <trkpt lat="22.2933844870" lon="114.2846856438"><ele>242.000</ele></trkpt>
      <trkpt lat="22.2933542508" lon="114.2847018557"><ele>242.000</ele></trkpt>
      <trkpt lat="22.2933087664" lon="114.2847247808"><ele>242.000</ele></trkpt>
      <trkpt lat="22.2933071046" lon="114.2847251473"><ele>242.000</ele></trkpt>
      <trkpt lat="22.2932646003" lon="114.2847345190"><ele>244.000</ele></trkpt>
      <trkpt lat="22.2932205017" lon="114.2847512636"><ele>243.000</ele></trkpt>
      <trkpt lat="22.2931773000" lon="114.2847772375"><ele>243.000</ele></trkpt>
      <trkpt lat="22.2931276019" lon="114.2847948221"><ele>244.000</ele></trkpt>
      <trkpt lat="22.2930818650" lon="114.2848035886"><ele>242.000</ele></trkpt>
      <trkpt lat="22.2930395384" lon="114.2848173650"><ele>240.000</ele></trkpt>
      <trkpt lat="22.2930031333" lon="114.2848349792"><ele>242.000</ele></trkpt>
      <trkpt lat="22.2929624138" lon="114.2848628376"><ele>241.000</ele></trkpt>
      <trkpt lat="22.2929213814" lon="114.2848587594"><ele>240.000</ele></trkpt>
      <trkpt lat="22.2928703693" lon="114.2848560030"><ele>239.000</ele></trkpt>
      <trkpt lat="22.2928293682" lon="114.2848456560"><ele>240.000</ele></trkpt>
      <trkpt lat="22.2927889804" lon="114.2848228106"><ele>240.000</ele></trkpt>
      <trkpt lat="22.2927584463" lon="114.2847981872"><ele>240.000</ele></trkpt>
      <trkpt lat="22.2927158803" lon="114.2847644327"><ele>240.000</ele></trkpt>
      <trkpt lat="22.2926711836" lon="114.2847436704"><ele>240.000</ele></trkpt>
      <trkpt lat="22.2926301311" lon="114.2847426491"><ele>240.000</ele></trkpt>
      <trkpt lat="22.2925782239" lon="114.2847278881"><ele>238.000</ele></trkpt>
      <trkpt lat="22.2925348137" lon="114.2847279033"><ele>238.000</ele></trkpt>
      <trkpt lat="22.2924907723" lon="114.2847130125"><ele>238.000</ele></trkpt>
      <trkpt lat="22.2924381512" lon="114.2846990856"><ele>236.000</ele></trkpt>
      <trkpt lat="22.2923830717" lon="114.2846880874"><ele>236.000</ele></trkpt>
      <trkpt lat="22.2923497607" lon="114.2846701578"><ele>234.000</ele></trkpt>
      <trkpt lat="22.2923281450" lon="114.2846647457"><ele>235.000</ele></trkpt>
      <trkpt lat="22.2923280962" lon="114.2846647340"><ele>235.000</ele></trkpt>
      <trkpt lat="22.2923008500" lon="114.2846579028"><ele>235.000</ele></trkpt>
      <trkpt lat="22.2922770154" lon="114.2846349732"><ele>235.000</ele></trkpt>
      <trkpt lat="22.2922409273" lon="114.2846103262"><ele>234.000</ele></trkpt>
      <trkpt lat="22.2921931810" lon="114.2845990135"><ele>234.000</ele></trkpt>
      <trkpt lat="22.2921420370" lon="114.2845908617"><ele>236.000</ele></trkpt>
      <trkpt lat="22.2921072595" lon="114.2845781033"><ele>234.000</ele></trkpt>
      <trkpt lat="22.2920660204" lon="114.2845725500"><ele>233.000</ele></trkpt>
      <trkpt lat="22.2920225921" lon="114.2845590087"><ele>234.000</ele></trkpt>
      <trkpt lat="22.2919840438" lon="114.2845539039"><ele>234.000</ele></trkpt>
      <trkpt lat="22.2919536300" lon="114.2845520436"><ele>234.000</ele></trkpt>
      <trkpt lat="22.2919465379" lon="114.2845566602"><ele>234.000</ele></trkpt>
      <trkpt lat="22.2919400337" lon="114.2845599449"><ele>234.000</ele></trkpt>
      <trkpt lat="22.2919324290" lon="114.2845612394"><ele>234.000</ele></trkpt>
      <trkpt lat="22.2919261688" lon="114.2845642817"><ele>234.000</ele></trkpt>
      <trkpt lat="22.2919122760" lon="114.2845698606"><ele>234.000</ele></trkpt>
      <trkpt lat="22.2919046528" lon="114.2845718829"><ele>234.000</ele></trkpt>
      <trkpt lat="22.2918970482" lon="114.2845731774"><ele>234.000</ele></trkpt>
      <trkpt lat="22.2918802591" lon="114.2845749695"><ele>234.000</ele></trkpt>
      <trkpt lat="22.2918735665" lon="114.2845762841"><ele>234.000</ele></trkpt>
      <trkpt lat="22.2918653035" lon="114.2845763166"><ele>234.000</ele></trkpt>
      <trkpt lat="22.2918504127" lon="114.2845751989"><ele>235.000</ele></trkpt>
      <trkpt lat="22.2918359827" lon="114.2845738487"><ele>235.000</ele></trkpt>
      <trkpt lat="22.2918213365" lon="114.2845717414"><ele>235.000</ele></trkpt>
      <trkpt lat="22.2918071880" lon="114.2845679266"><ele>235.000</ele></trkpt>
      <trkpt lat="22.2917827549" lon="114.2845623765"><ele>235.000</ele></trkpt>
      <trkpt lat="22.2917738707" lon="114.2845594294"><ele>235.000</ele></trkpt>
      <trkpt lat="22.2917678210" lon="114.2845581632"><ele>235.000</ele></trkpt>
      <trkpt lat="22.2917504586" lon="114.2845529098"><ele>234.000</ele></trkpt>
      <trkpt lat="22.2917360500" lon="114.2845466202"><ele>234.000</ele></trkpt>
      <trkpt lat="22.2917212525" lon="114.2845410581"><ele>234.000</ele></trkpt>
      <trkpt lat="22.2917010208" lon="114.2845321537"><ele>230.000</ele></trkpt>
      <trkpt lat="22.2916871909" lon="114.2845246419"><ele>230.000</ele></trkpt>
      <trkpt lat="22.2916808822" lon="114.2845190476"><ele>230.000</ele></trkpt>
      <trkpt lat="22.2916697543" lon="114.2845087430"><ele>226.000</ele></trkpt>
      <trkpt lat="22.2916519585" lon="114.2845033048"><ele>226.000</ele></trkpt>
      <trkpt lat="22.2916364023" lon="114.2844979557"><ele>226.000</ele></trkpt>
      <trkpt lat="22.2916138839" lon="114.2844920481"><ele>226.000</ele></trkpt>
      <trkpt lat="22.2915960128" lon="114.2844776724"><ele>225.000</ele></trkpt>
      <trkpt lat="22.2915768877" lon="114.2844613938"><ele>224.000</ele></trkpt>
      <trkpt lat="22.2915577641" lon="114.2844429900"><ele>224.000</ele></trkpt>
      <trkpt lat="22.2915365477" lon="114.2844209651"><ele>224.000</ele></trkpt>
      <trkpt lat="22.2915200457" lon="114.2843982838"><ele>224.000</ele></trkpt>
      <trkpt lat="22.2915036162" lon="114.2843752630"><ele>224.000</ele></trkpt>
      <trkpt lat="22.2914931727" lon="114.2843542652"><ele>224.000</ele></trkpt>
      <trkpt lat="22.2914796214" lon="114.2843351573"><ele>225.000</ele></trkpt>
      <trkpt lat="22.2914601436" lon="114.2843195577"><ele>225.000</ele></trkpt>
      <trkpt lat="22.2914302973" lon="114.2843062210"><ele>232.000</ele></trkpt>
      <trkpt lat="22.2914032722" lon="114.2843008437"><ele>232.000</ele></trkpt>
      <trkpt lat="22.2913787972" lon="114.2843039691"><ele>235.000</ele></trkpt>
      <trkpt lat="22.2913527292" lon="114.2842987381"><ele>236.000</ele></trkpt>
      <trkpt lat="22.2913261500" lon="114.2842883151"><ele>231.000</ele></trkpt>
      <trkpt lat="22.2912965530" lon="114.2842802187"><ele>233.000</ele></trkpt>
      <trkpt lat="22.2912694777" lon="114.2842688637"><ele>233.000</ele></trkpt>
      <trkpt lat="22.2912427401" lon="114.2842521718"><ele>235.000</ele></trkpt>
      <trkpt lat="22.2912256043" lon="114.2842320035"><ele>230.000</ele></trkpt>
      <trkpt lat="22.2912048600" lon="114.2842061361"><ele>234.000</ele></trkpt>
      <trkpt lat="22.2911863548" lon="114.2841810953"><ele>233.000</ele></trkpt>
      <trkpt lat="22.2911603650" lon="114.2841533997"><ele>234.000</ele></trkpt>
      <trkpt lat="22.2911353216" lon="114.2841282569"><ele>232.000</ele></trkpt>
      <trkpt lat="22.2911152248" lon="114.2841065240"><ele>234.000</ele></trkpt>
      <trkpt lat="22.2911078195" lon="114.2840794345"><ele>234.000</ele></trkpt>
      <trkpt lat="22.2911021168" lon="114.2840670624"><ele>234.000</ele></trkpt>
      <trkpt lat="22.2910992045" lon="114.2840655609"><ele>234.000</ele></trkpt>
      <trkpt lat="22.2910874520" lon="114.2840573617"><ele>234.000</ele></trkpt>
      <trkpt lat="22.2910666922" lon="114.2840412761"><ele>236.000</ele></trkpt>
      <trkpt lat="22.2910454442" lon="114.2840261701"><ele>236.000</ele></trkpt>
      <trkpt lat="22.2910357597" lon="114.2840180308"><ele>238.000</ele></trkpt>
      <trkpt lat="22.2910296579" lon="114.2840136788"><ele>238.000</ele></trkpt>
      <trkpt lat="22.2910083817" lon="114.2840000478"><ele>235.000</ele></trkpt>
      <trkpt lat="22.2909859493" lon="114.2839868915"><ele>237.000</ele></trkpt>
      <trkpt lat="22.2909558727" lon="114.2839666164"><ele>237.000</ele></trkpt>
      <trkpt lat="22.2909524508" lon="114.2839655463"><ele>237.000</ele></trkpt>
      <trkpt lat="22.2909361294" lon="114.2839564898"><ele>238.000</ele></trkpt>
      <trkpt lat="22.2909307231" lon="114.2839519054"><ele>236.000</ele></trkpt>
      <trkpt lat="22.2909223367" lon="114.2839472507"><ele>236.000</ele></trkpt>
      <trkpt lat="22.2909142508" lon="114.2839388992"><ele>236.000</ele></trkpt>
      <trkpt lat="22.2908948356" lon="114.2839243381"><ele>238.000</ele></trkpt>
      <trkpt lat="22.2908744991" lon="114.2839099898"><ele>238.000</ele></trkpt>
      <trkpt lat="22.2908590898" lon="114.2839009631"><ele>240.000</ele></trkpt>
      <trkpt lat="22.2908366109" lon="114.2838897767"><ele>240.000</ele></trkpt>
      <trkpt lat="22.2908236558" lon="114.2838840123"><ele>240.000</ele></trkpt>
      <trkpt lat="22.2907972382" lon="114.2838749481"><ele>238.000</ele></trkpt>
      <trkpt lat="22.2907823942" lon="114.2838713657"><ele>238.000</ele></trkpt>
      <trkpt lat="22.2907570212" lon="114.2838667661"><ele>236.000</ele></trkpt>
      <trkpt lat="22.2907371944" lon="114.2838600941"><ele>236.000</ele></trkpt>
      <trkpt lat="22.2907073921" lon="114.2838482229"><ele>234.000</ele></trkpt>
      <trkpt lat="22.2906996735" lon="114.2838443257"><ele>234.000</ele></trkpt>
      <trkpt lat="22.2906870093" lon="114.2838356116"><ele>234.000</ele></trkpt>
      <trkpt lat="22.2906753591" lon="114.2838229681"><ele>232.000</ele></trkpt>
      <trkpt lat="22.2906657492" lon="114.2838113646"><ele>232.000</ele></trkpt>
      <trkpt lat="22.2906443475" lon="114.2837826828"><ele>233.000</ele></trkpt>
      <trkpt lat="22.2906343515" lon="114.2837676146"><ele>233.000</ele></trkpt>
      <trkpt lat="22.2906136082" lon="114.2837401754"><ele>228.000</ele></trkpt>
      <trkpt lat="22.2905877957" lon="114.2837034748"><ele>225.000</ele></trkpt>
      <trkpt lat="22.2905782882" lon="114.2836871843"><ele>225.000</ele></trkpt>
      <trkpt lat="22.2905731726" lon="114.2836798927"><ele>225.000</ele></trkpt>
      <trkpt lat="22.2905538761" lon="114.2836495338"><ele>227.000</ele></trkpt>
      <trkpt lat="22.2905376177" lon="114.2836271441"><ele>224.000</ele></trkpt>
      <trkpt lat="22.2905309204" lon="114.2836219668"><ele>224.000</ele></trkpt>
      <trkpt lat="22.2905157248" lon="114.2836037894"><ele>227.000</ele></trkpt>
      <trkpt lat="22.2904659929" lon="114.2835630532"><ele>226.000</ele></trkpt>
      <trkpt lat="22.2903992958" lon="114.2835172290"><ele>222.000</ele></trkpt>
      <trkpt lat="22.2903726059" lon="114.2834965588"><ele>223.000</ele></trkpt>
      <trkpt lat="22.2903170290" lon="114.2834453477"><ele>219.000</ele></trkpt>
      <trkpt lat="22.2903146102" lon="114.2834431916"><ele>219.000</ele></trkpt>
      <trkpt lat="22.2902523354" lon="114.2833876281"><ele>219.000</ele></trkpt>
      <trkpt lat="22.2902339987" lon="114.2833533787"><ele>220.000</ele></trkpt>
      <trkpt lat="22.2902084335" lon="114.2833387937"><ele>218.000</ele></trkpt>
      <trkpt lat="22.2901588070" lon="114.2833162332"><ele>216.000</ele></trkpt>
      <trkpt lat="22.2901323428" lon="114.2832956699"><ele>212.000</ele></trkpt>
      <trkpt lat="22.2900977482" lon="114.2832654645"><ele>213.000</ele></trkpt>
      <trkpt lat="22.2900699173" lon="114.2832356718"><ele>210.000</ele></trkpt>
      <trkpt lat="22.2900429167" lon="114.2832067724"><ele>209.000</ele></trkpt>
      <trkpt lat="22.2900104149" lon="114.2831800329"><ele>209.000</ele></trkpt>
      <trkpt lat="22.2899788153" lon="114.2831686166"><ele>206.000</ele></trkpt>
      <trkpt lat="22.2899520589" lon="114.2831527305"><ele>203.000</ele></trkpt>
      <trkpt lat="22.2899358779" lon="114.2831360857"><ele>203.000</ele></trkpt>
      <trkpt lat="22.2899264898" lon="114.2831165543"><ele>205.000</ele></trkpt>
      <trkpt lat="22.2899032949" lon="114.2831093753"><ele>201.000</ele></trkpt>
      <trkpt lat="22.2898738526" lon="114.2830993677"><ele>201.000</ele></trkpt>
      <trkpt lat="22.2898507740" lon="114.2830938287"><ele>200.000</ele></trkpt>
      <trkpt lat="22.2898180644" lon="114.2830949005"><ele>198.000</ele></trkpt>
      <trkpt lat="22.2897983062" lon="114.2830937114"><ele>198.000</ele></trkpt>
      <trkpt lat="22.2897798891" lon="114.2830855462"><ele>198.000</ele></trkpt>
      <trkpt lat="22.2897689559" lon="114.2830672752"><ele>197.000</ele></trkpt>
      <trkpt lat="22.2897460552" lon="114.2830382917"><ele>197.000</ele></trkpt>
      <trkpt lat="22.2897177129" lon="114.2830170964"><ele>194.000</ele></trkpt>
      <trkpt lat="22.2897126702" lon="114.2830088734"><ele>194.000</ele></trkpt>
      <trkpt lat="22.2897040993" lon="114.2829963003"><ele>194.000</ele></trkpt>
      <trkpt lat="22.2896835849" lon="114.2829637962"><ele>192.000</ele></trkpt>
      <trkpt lat="22.2896748246" lon="114.2829509998"><ele>192.000</ele></trkpt>
      <trkpt lat="22.2896695278" lon="114.2829446009"><ele>192.000</ele></trkpt>
      <trkpt lat="22.2896612280" lon="114.2829317952"><ele>193.000</ele></trkpt>
      <trkpt lat="22.2896568519" lon="114.2829261345"><ele>193.000</ele></trkpt>
      <trkpt lat="22.2896500114" lon="114.2829189194"><ele>193.000</ele></trkpt>
      <trkpt lat="22.2896467264" lon="114.2829155594"><ele>193.000</ele></trkpt>
      <trkpt lat="22.2896255384" lon="114.2828911963"><ele>192.000</ele></trkpt>
      <trkpt lat="22.2895919462" lon="114.2828609627"><ele>192.000</ele></trkpt>
      <trkpt lat="22.2895850425" lon="114.2828538348"><ele>192.000</ele></trkpt>
      <trkpt lat="22.2895744558" lon="114.2828442394"><ele>192.000</ele></trkpt>
      <trkpt lat="22.2895597201" lon="114.2828270233"><ele>195.000</ele></trkpt>
      <trkpt lat="22.2895504991" lon="114.2828142169"><ele>192.000</ele></trkpt>
      <trkpt lat="22.2895311533" lon="114.2827900978"><ele>192.000</ele></trkpt>
      <trkpt lat="22.2895138888" lon="114.2827731321"><ele>196.000</ele></trkpt>
      <trkpt lat="22.2894980053" lon="114.2827571475"><ele>193.000</ele></trkpt>
      <trkpt lat="22.2894881063" lon="114.2827455827"><ele>193.000</ele></trkpt>
      <trkpt lat="22.2894671699" lon="114.2827231219"><ele>196.000</ele></trkpt>
      <trkpt lat="22.2894473542" lon="114.2826993324"><ele>194.000</ele></trkpt>
      <trkpt lat="22.2894466376" lon="114.2826985973"><ele>194.000</ele></trkpt>
      <trkpt lat="22.2894021832" lon="114.2826436175"><ele>194.000</ele></trkpt>
      <trkpt lat="22.2893850069" lon="114.2826161232"><ele>196.000</ele></trkpt>
      <trkpt lat="22.2893658408" lon="114.2825931106"><ele>196.000</ele></trkpt>
      <trkpt lat="22.2893333869" lon="114.2825759879"><ele>196.000</ele></trkpt>
      <trkpt lat="22.2892874279" lon="114.2825654634"><ele>196.000</ele></trkpt>
      <trkpt lat="22.2892428758" lon="114.2825578415"><ele>196.000</ele></trkpt>
      <trkpt lat="22.2892028845" lon="114.2825359486"><ele>196.000</ele></trkpt>
      <trkpt lat="22.2891765600" lon="114.2825223531"><ele>196.000</ele></trkpt>
      <trkpt lat="22.2890907019" lon="114.2824868888"><ele>194.000</ele></trkpt>
      <trkpt lat="22.2890898269" lon="114.2824854811"><ele>194.000</ele></trkpt>
      <trkpt lat="22.2890686228" lon="114.2824719574"><ele>194.000</ele></trkpt>
      <trkpt lat="22.2890419144" lon="114.2824655037"><ele>194.000</ele></trkpt>
      <trkpt lat="22.2890036894" lon="114.2824631169"><ele>194.000</ele></trkpt>
      <trkpt lat="22.2889791452" lon="114.2824615361"><ele>194.000</ele></trkpt>
      <trkpt lat="22.2889511388" lon="114.2824513358"><ele>194.000</ele></trkpt>
      <trkpt lat="22.2889235853" lon="114.2824391949"><ele>196.000</ele></trkpt>
      <trkpt lat="22.2888864640" lon="114.2824336941"><ele>195.000</ele></trkpt>
      <trkpt lat="22.2888252179" lon="114.2824344244"><ele>194.000</ele></trkpt>
      <trkpt lat="22.2887964976" lon="114.2824388666"><ele>194.000</ele></trkpt>
      <trkpt lat="22.2887650066" lon="114.2824407255"><ele>193.000</ele></trkpt>
      <trkpt lat="22.2887160657" lon="114.2824330809"><ele>194.000</ele></trkpt>
      <trkpt lat="22.2886768930" lon="114.2824158272"><ele>195.000</ele></trkpt>
      <trkpt lat="22.2886499313" lon="114.2823963022"><ele>196.000</ele></trkpt>
      <trkpt lat="22.2886089067" lon="114.2823662186"><ele>196.000</ele></trkpt>
      <trkpt lat="22.2885884909" lon="114.2823486103"><ele>197.000</ele></trkpt>
      <trkpt lat="22.2885294530" lon="114.2823420450"><ele>194.000</ele></trkpt>
      <trkpt lat="22.2884815770" lon="114.2823213787"><ele>192.000</ele></trkpt>
      <trkpt lat="22.2884643485" lon="114.2822907405"><ele>190.000</ele></trkpt>
      <trkpt lat="22.2884531922" lon="114.2822543234"><ele>190.000</ele></trkpt>
      <trkpt lat="22.2884360392" lon="114.2822463340"><ele>192.000</ele></trkpt>
      <trkpt lat="22.2883973891" lon="114.2822448689"><ele>190.000</ele></trkpt>
      <trkpt lat="22.2883606716" lon="114.2822712357"><ele>186.000</ele></trkpt>
      <trkpt lat="22.2883558202" lon="114.2822880682"><ele>186.000</ele></trkpt>
      <trkpt lat="22.2883406567" lon="114.2823176049"><ele>184.000</ele></trkpt>
      <trkpt lat="22.2883404765" lon="114.2823182879"><ele>184.000</ele></trkpt>
      <trkpt lat="22.2883302176" lon="114.2823309398"><ele>182.000</ele></trkpt>
      <trkpt lat="22.2883254433" lon="114.2823404945"><ele>182.000</ele></trkpt>
      <trkpt lat="22.2883075172" lon="114.2823548912"><ele>182.000</ele></trkpt>
      <trkpt lat="22.2882866315" lon="114.2823654915"><ele>180.000</ele></trkpt>
      <trkpt lat="22.2882720274" lon="114.2823693640"><ele>180.000</ele></trkpt>
      <trkpt lat="22.2882565915" lon="114.2823718832"><ele>180.000</ele></trkpt>
      <trkpt lat="22.2882327231" lon="114.2823726415"><ele>180.000</ele></trkpt>
      <trkpt lat="22.2881929153" lon="114.2823599967"><ele>180.000</ele></trkpt>
      <trkpt lat="22.2881402840" lon="114.2823473714"><ele>180.000</ele></trkpt>
      <trkpt lat="22.2880889018" lon="114.2823303512"><ele>178.000</ele></trkpt>
      <trkpt lat="22.2880588934" lon="114.2823159573"><ele>177.000</ele></trkpt>
      <trkpt lat="22.2880391875" lon="114.2823175922"><ele>177.000</ele></trkpt>
      <trkpt lat="22.2880124437" lon="114.2823379986"><ele>175.000</ele></trkpt>
      <trkpt lat="22.2879913932" lon="114.2823658618"><ele>174.000</ele></trkpt>
      <trkpt lat="22.2879803811" lon="114.2823995645"><ele>174.000</ele></trkpt>
      <trkpt lat="22.2879719096" lon="114.2824283978"><ele>174.000</ele></trkpt>
      <trkpt lat="22.2879599583" lon="114.2824480972"><ele>174.000</ele></trkpt>
      <trkpt lat="22.2879593719" lon="114.2824500462"><ele>174.000</ele></trkpt>
      <trkpt lat="22.2879526269" lon="114.2824598527"><ele>174.000</ele></trkpt>
      <trkpt lat="22.2879391604" lon="114.2824765136"><ele>174.000</ele></trkpt>
      <trkpt lat="22.2879245035" lon="114.2824906216"><ele>176.000</ele></trkpt>
      <trkpt lat="22.2879189747" lon="114.2825077349"><ele>174.000</ele></trkpt>
      <trkpt lat="22.2879041840" lon="114.2825332836"><ele>174.000</ele></trkpt>
      <trkpt lat="22.2878846464" lon="114.2825538409"><ele>172.000</ele></trkpt>
      <trkpt lat="22.2878621821" lon="114.2825756575"><ele>173.000</ele></trkpt>
      <trkpt lat="22.2878431306" lon="114.2825985538"><ele>172.000</ele></trkpt>
      <trkpt lat="22.2878129275" lon="114.2826057604"><ele>172.000</ele></trkpt>
      <trkpt lat="22.2877875217" lon="114.2826098169"><ele>172.000</ele></trkpt>
      <trkpt lat="22.2877689981" lon="114.2826265128"><ele>172.000</ele></trkpt>
      <trkpt lat="22.2877644772" lon="114.2826336611"><ele>172.000</ele></trkpt>
      <trkpt lat="22.2877484051" lon="114.2826590729"><ele>170.000</ele></trkpt>
      <trkpt lat="22.2877317341" lon="114.2826874730"><ele>170.000</ele></trkpt>
      <trkpt lat="22.2877173927" lon="114.2827163503"><ele>166.000</ele></trkpt>
      <trkpt lat="22.2876770336" lon="114.2827183771"><ele>167.000</ele></trkpt>
      <trkpt lat="22.2876427964" lon="114.2827215730"><ele>167.000</ele></trkpt>
      <trkpt lat="22.2876079207" lon="114.2827346468"><ele>169.000</ele></trkpt>
      <trkpt lat="22.2875681455" lon="114.2827551403"><ele>166.000</ele></trkpt>
      <trkpt lat="22.2875236136" lon="114.2827580081"><ele>166.000</ele></trkpt>
      <trkpt lat="22.2874792947" lon="114.2827529288"><ele>168.000</ele></trkpt>
      <trkpt lat="22.2874386756" lon="114.2827380514"><ele>168.000</ele></trkpt>
      <trkpt lat="22.2874007054" lon="114.2827187997"><ele>170.000</ele></trkpt>
      <trkpt lat="22.2873656476" lon="114.2826924470"><ele>169.000</ele></trkpt>
      <trkpt lat="22.2873610886" lon="114.2826902418"><ele>169.000</ele></trkpt>
      <trkpt lat="22.2873205225" lon="114.2826772364"><ele>172.000</ele></trkpt>
      <trkpt lat="22.2873080745" lon="114.2826830590"><ele>172.000</ele></trkpt>
      <trkpt lat="22.2872834195" lon="114.2826991777"><ele>168.000</ele></trkpt>
      <trkpt lat="22.2872664893" lon="114.2827235020"><ele>168.000</ele></trkpt>
      <trkpt lat="22.2872490867" lon="114.2827520761"><ele>168.000</ele></trkpt>
      <trkpt lat="22.2872281556" lon="114.2827906423"><ele>170.000</ele></trkpt>
      <trkpt lat="22.2872097669" lon="114.2828219133"><ele>170.000</ele></trkpt>
      <trkpt lat="22.2871949346" lon="114.2828558167"><ele>172.000</ele></trkpt>
      <trkpt lat="22.2871859560" lon="114.2828867939"><ele>170.000</ele></trkpt>
      <trkpt lat="22.2871701516" lon="114.2829294105"><ele>170.000</ele></trkpt>
      <trkpt lat="22.2871426996" lon="114.2829553375"><ele>171.000</ele></trkpt>
      <trkpt lat="22.2870990065" lon="114.2829737708"><ele>172.000</ele></trkpt>
      <trkpt lat="22.2870601250" lon="114.2829946820"><ele>173.000</ele></trkpt>
      <trkpt lat="22.2870310941" lon="114.2830322135"><ele>173.000</ele></trkpt>
      <trkpt lat="22.2870234868" lon="114.2830789700"><ele>173.000</ele></trkpt>
      <trkpt lat="22.2870333473" lon="114.2831218000"><ele>173.000</ele></trkpt>
      <trkpt lat="22.2870323255" lon="114.2831790512"><ele>174.000</ele></trkpt>
      <trkpt lat="22.2870298169" lon="114.2832312165"><ele>174.000</ele></trkpt>
      <trkpt lat="22.2870375291" lon="114.2832862133"><ele>174.000</ele></trkpt>
      <trkpt lat="22.2870458524" lon="114.2833457034"><ele>173.000</ele></trkpt>
      <trkpt lat="22.2870413800" lon="114.2833904245"><ele>173.000</ele></trkpt>
      <trkpt lat="22.2870252655" lon="114.2834376791"><ele>172.000</ele></trkpt>
      <trkpt lat="22.2870216964" lon="114.2834406942"><ele>174.000</ele></trkpt>
      <trkpt lat="22.2869940112" lon="114.2834640786"><ele>174.000</ele></trkpt>
      <trkpt lat="22.2869590059" lon="114.2834818099"><ele>172.000</ele></trkpt>
      <trkpt lat="22.2869128808" lon="114.2834768648"><ele>172.000</ele></trkpt>
      <trkpt lat="22.2868647272" lon="114.2834666103"><ele>172.000</ele></trkpt>
      <trkpt lat="22.2868248169" lon="114.2834589432"><ele>174.000</ele></trkpt>
      <trkpt lat="22.2867738893" lon="114.2834511222"><ele>174.000</ele></trkpt>
      <trkpt lat="22.2867336782" lon="114.2834477245"><ele>174.000</ele></trkpt>
      <trkpt lat="22.2866861266" lon="114.2834421476"><ele>173.000</ele></trkpt>
      <trkpt lat="22.2866824433" lon="114.2834404370"><ele>173.000</ele></trkpt>
      <trkpt lat="22.2866425852" lon="114.2834219406"><ele>172.000</ele></trkpt>
      <trkpt lat="22.2866190965" lon="114.2834083862"><ele>175.000</ele></trkpt>
      <trkpt lat="22.2865974228" lon="114.2833948816"><ele>175.000</ele></trkpt>
      <trkpt lat="22.2865579475" lon="114.2833711165"><ele>173.000</ele></trkpt>
      <trkpt lat="22.2865166615" lon="114.2833542784"><ele>174.000</ele></trkpt>
      <trkpt lat="22.2864729583" lon="114.2833466861"><ele>174.000</ele></trkpt>
      <trkpt lat="22.2864274540" lon="114.2833452543"><ele>174.000</ele></trkpt>
      <trkpt lat="22.2863834039" lon="114.2833570691"><ele>174.000</ele></trkpt>
      <trkpt lat="22.2863381453" lon="114.2833663309"><ele>174.000</ele></trkpt>
      <trkpt lat="22.2862923539" lon="114.2833757573"><ele>172.000</ele></trkpt>
      <trkpt lat="22.2862486745" lon="114.2833870096"><ele>173.000</ele></trkpt>
      <trkpt lat="22.2862120572" lon="114.2833978887"><ele>173.000</ele></trkpt>
      <trkpt lat="22.2861680165" lon="114.2834091310"><ele>173.000</ele></trkpt>
      <trkpt lat="22.2861282413" lon="114.2834294300"><ele>172.000</ele></trkpt>
      <trkpt lat="22.2861125753" lon="114.2834400048"><ele>172.000</ele></trkpt>
      <trkpt lat="22.2860903140" lon="114.2834550286"><ele>172.000</ele></trkpt>
      <trkpt lat="22.2860550307" lon="114.2834834336"><ele>172.000</ele></trkpt>
      <trkpt lat="22.2860210492" lon="114.2835099376"><ele>173.000</ele></trkpt>
      <trkpt lat="22.2859815466" lon="114.2835139346"><ele>172.000</ele></trkpt>
      <trkpt lat="22.2859412195" lon="114.2835083924"><ele>173.000</ele></trkpt>
      <trkpt lat="22.2858992762" lon="114.2835024122"><ele>173.000</ele></trkpt>
      <trkpt lat="22.2858489877" lon="114.2834977260"><ele>172.000</ele></trkpt>
      <trkpt lat="22.2858104069" lon="114.2835007825"><ele>172.000</ele></trkpt>
      <trkpt lat="22.2857790741" lon="114.2835230965"><ele>170.000</ele></trkpt>
      <trkpt lat="22.2857513579" lon="114.2835523222"><ele>172.000</ele></trkpt>
      <trkpt lat="22.2857247303" lon="114.2835742031"><ele>171.000</ele></trkpt>
      <trkpt lat="22.2856924757" lon="114.2835974576"><ele>172.000</ele></trkpt>
      <trkpt lat="22.2856505376" lon="114.2836110884"><ele>172.000</ele></trkpt>
      <trkpt lat="22.2856156015" lon="114.2836196981"><ele>173.000</ele></trkpt>
      <trkpt lat="22.2855783683" lon="114.2836332840"><ele>173.000</ele></trkpt>
      <trkpt lat="22.2855456967" lon="114.2836452626"><ele>174.000</ele></trkpt>
      <trkpt lat="22.2855116870" lon="114.2836595302"><ele>174.000</ele></trkpt>
      <trkpt lat="22.2854956174" lon="114.2836658156"><ele>174.000</ele></trkpt>
      <trkpt lat="22.2854564808" lon="114.2836762367"><ele>175.000</ele></trkpt>
      <trkpt lat="22.2854179791" lon="114.2836963812"><ele>177.000</ele></trkpt>
      <trkpt lat="22.2853992315" lon="114.2837169192"><ele>175.000</ele></trkpt>
      <trkpt lat="22.2853904068" lon="114.2837265870"><ele>182.000</ele></trkpt>
      <trkpt lat="22.2853866549" lon="114.2837411046"><ele>182.000</ele></trkpt>
      <trkpt lat="22.2853799045" lon="114.2837672274"><ele>180.000</ele></trkpt>
      <trkpt lat="22.2853874586" lon="114.2838014481"><ele>180.000</ele></trkpt>
      <trkpt lat="22.2853913588" lon="114.2838440887"><ele>180.000</ele></trkpt>
      <trkpt lat="22.2853954859" lon="114.2838850023"><ele>179.000</ele></trkpt>
      <trkpt lat="22.2854036192" lon="114.2839310812"><ele>179.000</ele></trkpt>
      <trkpt lat="22.2854049027" lon="114.2839703527"><ele>179.000</ele></trkpt>
      <trkpt lat="22.2854040050" lon="114.2840033346"><ele>178.000</ele></trkpt>
      <trkpt lat="22.2853881539" lon="114.2840342867"><ele>178.000</ele></trkpt>
      <trkpt lat="22.2853606646" lon="114.2840617754"><ele>178.000</ele></trkpt>
      <trkpt lat="22.2853450680" lon="114.2840902145"><ele>179.000</ele></trkpt>
      <trkpt lat="22.2853391314" lon="114.2841090544"><ele>178.000</ele></trkpt>
      <trkpt lat="22.2853287495" lon="114.2841450371"><ele>178.000</ele></trkpt>
      <trkpt lat="22.2853202107" lon="114.2841797210"><ele>178.000</ele></trkpt>
      <trkpt lat="22.2853031275" lon="114.2842166593"><ele>180.000</ele></trkpt>
      <trkpt lat="22.2852823213" lon="114.2842569812"><ele>180.000</ele></trkpt>
      <trkpt lat="22.2852515025" lon="114.2842938702"><ele>180.000</ele></trkpt>
      <trkpt lat="22.2852316871" lon="114.2843245087"><ele>180.000</ele></trkpt>
      <trkpt lat="22.2852225319" lon="114.2843488868"><ele>180.000</ele></trkpt>
      <trkpt lat="22.2852025821" lon="114.2843779630"><ele>182.000</ele></trkpt>
      <trkpt lat="22.2851734167" lon="114.2844135528"><ele>182.000</ele></trkpt>
      <trkpt lat="22.2851518875" lon="114.2844410266"><ele>182.000</ele></trkpt>
      <trkpt lat="22.2851243844" lon="114.2844621012"><ele>184.000</ele></trkpt>
      <trkpt lat="22.2850897630" lon="114.2844726613"><ele>184.000</ele></trkpt>
      <trkpt lat="22.2850563876" lon="114.2844836493"><ele>184.000</ele></trkpt>
      <trkpt lat="22.2850191036" lon="114.2845055800"><ele>184.000</ele></trkpt>
      <trkpt lat="22.2849835099" lon="114.2845252413"><ele>185.000</ele></trkpt>
      <trkpt lat="22.2849469252" lon="114.2845413697"><ele>183.000</ele></trkpt>
      <trkpt lat="22.2849149253" lon="114.2845617227"><ele>184.000</ele></trkpt>
      <trkpt lat="22.2848783544" lon="114.2845842555"><ele>183.000</ele></trkpt>
      <trkpt lat="22.2848431822" lon="114.2846081964"><ele>184.000</ele></trkpt>
      <trkpt lat="22.2848149518" lon="114.2846228465"><ele>184.000</ele></trkpt>
      <trkpt lat="22.2847808956" lon="114.2846390545"><ele>183.000</ele></trkpt>
      <trkpt lat="22.2847374803" lon="114.2846604078"><ele>183.000</ele></trkpt>
      <trkpt lat="22.2846972970" lon="114.2846694304"><ele>184.000</ele></trkpt>
      <trkpt lat="22.2846555576" lon="114.2846692820"><ele>184.000</ele></trkpt>
      <trkpt lat="22.2846505994" lon="114.2846698895"><ele>184.000</ele></trkpt>
      <trkpt lat="22.2846098680" lon="114.2846748362"><ele>184.000</ele></trkpt>
      <trkpt lat="22.2845771412" lon="114.2847017675"><ele>182.000</ele></trkpt>
      <trkpt lat="22.2845668842" lon="114.2847398946"><ele>182.000</ele></trkpt>
      <trkpt lat="22.2845724328" lon="114.2847884166"><ele>182.000</ele></trkpt>
      <trkpt lat="22.2845691086" lon="114.2848306439"><ele>182.000</ele></trkpt>
      <trkpt lat="22.2845517381" lon="114.2848646609"><ele>182.000</ele></trkpt>
      <trkpt lat="22.2845347567" lon="114.2848975235"><ele>183.000</ele></trkpt>
      <trkpt lat="22.2845048038" lon="114.2849222154"><ele>182.000</ele></trkpt>
      <trkpt lat="22.2844708959" lon="114.2849461959"><ele>183.000</ele></trkpt>
      <trkpt lat="22.2844359134" lon="114.2849701368"><ele>182.000</ele></trkpt>
      <trkpt lat="22.2844051500" lon="114.2849913057"><ele>182.000</ele></trkpt>
      <trkpt lat="22.2843636978" lon="114.2850072846"><ele>182.000</ele></trkpt>
      <trkpt lat="22.2843332120" lon="114.2850185561"><ele>182.000</ele></trkpt>
      <trkpt lat="22.2843145493" lon="114.2850267121"><ele>182.000</ele></trkpt>
      <trkpt lat="22.2842993826" lon="114.2850330271"><ele>182.000</ele></trkpt>
      <trkpt lat="22.2842693090" lon="114.2850355754"><ele>182.000</ele></trkpt>
      <trkpt lat="22.2842401243" lon="114.2850457222"><ele>182.000</ele></trkpt>
      <trkpt lat="22.2842195953" lon="114.2850627458"><ele>181.000</ele></trkpt>
      <trkpt lat="22.2841950142" lon="114.2850895475"><ele>180.000</ele></trkpt>
      <trkpt lat="22.2841867114" lon="114.2851221061"><ele>178.000</ele></trkpt>
      <trkpt lat="22.2841660526" lon="114.2851441754"><ele>178.000</ele></trkpt>
      <trkpt lat="22.2841392254" lon="114.2851672103"><ele>178.000</ele></trkpt>
      <trkpt lat="22.2841139590" lon="114.2851922453"><ele>178.000</ele></trkpt>
      <trkpt lat="22.2840943702" lon="114.2852213408"><ele>176.000</ele></trkpt>
      <trkpt lat="22.2840701316" lon="114.2852355280"><ele>176.000</ele></trkpt>
      <trkpt lat="22.2840382890" lon="114.2852500588"><ele>176.000</ele></trkpt>
      <trkpt lat="22.2840148886" lon="114.2852666046"><ele>174.000</ele></trkpt>
      <trkpt lat="22.2839858062" lon="114.2852858825"><ele>174.000</ele></trkpt>
      <trkpt lat="22.2839502817" lon="114.2852964222"><ele>176.000</ele></trkpt>
      <trkpt lat="22.2839176378" lon="114.2853072358"><ele>173.000</ele></trkpt>
      <trkpt lat="22.2838876289" lon="114.2853208558"><ele>173.000</ele></trkpt>
      <trkpt lat="22.2838540541" lon="114.2853328137"><ele>170.000</ele></trkpt>
      <trkpt lat="22.2838156769" lon="114.2853418957"><ele>170.000</ele></trkpt>
      <trkpt lat="22.2837874603" lon="114.2853493553"><ele>170.000</ele></trkpt>
      <trkpt lat="22.2837561084" lon="114.2853592481"><ele>166.000</ele></trkpt>
      <trkpt lat="22.2837309620" lon="114.2853670012"><ele>166.000</ele></trkpt>
      <trkpt lat="22.2837015088" lon="114.2853734507"><ele>163.000</ele></trkpt>
      <trkpt lat="22.2836698049" lon="114.2853829453"><ele>160.000</ele></trkpt>
      <trkpt lat="22.2836328264" lon="114.2853936197"><ele>158.000</ele></trkpt>
      <trkpt lat="22.2835994415" lon="114.2854051993"><ele>156.000</ele></trkpt>
      <trkpt lat="22.2835682240" lon="114.2854166447"><ele>155.000</ele></trkpt>
      <trkpt lat="22.2835358255" lon="114.2854251393"><ele>154.000</ele></trkpt>
      <trkpt lat="22.2835033621" lon="114.2854361568"><ele>154.000</ele></trkpt>
      <trkpt lat="22.2834756964" lon="114.2854434422"><ele>151.000</ele></trkpt>
      <trkpt lat="22.2834461135" lon="114.2854547433"><ele>147.000</ele></trkpt>
      <trkpt lat="22.2834057451" lon="114.2854705676"><ele>144.000</ele></trkpt>
      <trkpt lat="22.2833845815" lon="114.2854778579"><ele>144.000</ele></trkpt>
      <trkpt lat="22.2833530120" lon="114.2854889052"><ele>143.000</ele></trkpt>
      <trkpt lat="22.2833240728" lon="114.2854965486"><ele>143.000</ele></trkpt>
      <trkpt lat="22.2832979400" lon="114.2855073768"><ele>138.000</ele></trkpt>
      <trkpt lat="22.2832725391" lon="114.2855174488"><ele>136.000</ele></trkpt>
      <trkpt lat="22.2832446095" lon="114.2855278390"><ele>136.000</ele></trkpt>
      <trkpt lat="22.2832190741" lon="114.2855365427"><ele>135.000</ele></trkpt>
      <trkpt lat="22.2831918856" lon="114.2855459826"><ele>135.000</ele></trkpt>
      <trkpt lat="22.2831618581" lon="114.2855603787"><ele>131.000</ele></trkpt>
      <trkpt lat="22.2831423802" lon="114.2855721921"><ele>131.000</ele></trkpt>
      <trkpt lat="22.2831202672" lon="114.2855812089"><ele>130.000</ele></trkpt>
      <trkpt lat="22.2830966723" lon="114.2855915346"><ele>130.000</ele></trkpt>
      <trkpt lat="22.2830716787" lon="114.2856002677"><ele>126.000</ele></trkpt>
      <trkpt lat="22.2830454856" lon="114.2856066226"><ele>124.000</ele></trkpt>
      <trkpt lat="22.2830194687" lon="114.2856061950"><ele>124.000</ele></trkpt>
      <trkpt lat="22.2829961977" lon="114.2856048767"><ele>122.000</ele></trkpt>
      <trkpt lat="22.2829747144" lon="114.2856040159"><ele>122.000</ele></trkpt>
      <trkpt lat="22.2829647992" lon="114.2856033096"><ele>122.000</ele></trkpt>
      <trkpt lat="22.2829381617" lon="114.2855991747"><ele>120.000</ele></trkpt>
      <trkpt lat="22.2829090555" lon="114.2855864116"><ele>121.000</ele></trkpt>
      <trkpt lat="22.2828742301" lon="114.2855779330"><ele>121.000</ele></trkpt>
      <trkpt lat="22.2828414518" lon="114.2855735993"><ele>120.000</ele></trkpt>
      <trkpt lat="22.2828129152" lon="114.2855732861"><ele>118.000</ele></trkpt>
      <trkpt lat="22.2827796923" lon="114.2855722416"><ele>118.000</ele></trkpt>
      <trkpt lat="22.2827462887" lon="114.2855711872"><ele>116.000</ele></trkpt>
      <trkpt lat="22.2827161361" lon="114.2855702420"><ele>115.000</ele></trkpt>
      <trkpt lat="22.2826901283" lon="114.2855696203"><ele>115.000</ele></trkpt>
      <trkpt lat="22.2826615735" lon="114.2855694915"><ele>114.000</ele></trkpt>
      <trkpt lat="22.2826337780" lon="114.2855684220"><ele>112.000</ele></trkpt>
      <trkpt lat="22.2826332461" lon="114.2855683896"><ele>112.000</ele></trkpt>
      <trkpt lat="22.2826016664" lon="114.2855664468"><ele>112.000</ele></trkpt>
      <trkpt lat="22.2825613303" lon="114.2855609041"><ele>112.000</ele></trkpt>
      <trkpt lat="22.2825278573" lon="114.2855557742"><ele>114.000</ele></trkpt>
      <trkpt lat="22.2824979776" lon="114.2855517242"><ele>116.000</ele></trkpt>
      <trkpt lat="22.2824608694" lon="114.2855538593"><ele>116.000</ele></trkpt>
      <trkpt lat="22.2824301379" lon="114.2855542528"><ele>114.000</ele></trkpt>
      <trkpt lat="22.2823936733" lon="114.2855527109"><ele>112.000</ele></trkpt>
      <trkpt lat="22.2823666419" lon="114.2855433165"><ele>113.000</ele></trkpt>
      <trkpt lat="22.2823354054" lon="114.2855291351"><ele>113.000</ele></trkpt>
      <trkpt lat="22.2822894981" lon="114.2855360376"><ele>111.000</ele></trkpt>
      <trkpt lat="22.2822496299" lon="114.2855466222"><ele>109.000</ele></trkpt>
      <trkpt lat="22.2822066402" lon="114.2855658502"><ele>108.000</ele></trkpt>
      <trkpt lat="22.2821746403" lon="114.2855860085"><ele>111.000</ele></trkpt>
      <trkpt lat="22.2821411905" lon="114.2855999070"><ele>112.000</ele></trkpt>
      <trkpt lat="22.2821101026" lon="114.2856066947"><ele>112.000</ele></trkpt>
      <trkpt lat="22.2820797880" lon="114.2856183542"><ele>112.000</ele></trkpt>
      <trkpt lat="22.2820460373" lon="114.2856367159"><ele>110.000</ele></trkpt>
      <trkpt lat="22.2820156302" lon="114.2856516744"><ele>108.000</ele></trkpt>
      <trkpt lat="22.2819817450" lon="114.2856550735"><ele>108.000</ele></trkpt>
      <trkpt lat="22.2819411218" lon="114.2856602043"><ele>108.000</ele></trkpt>
      <trkpt lat="22.2818994055" lon="114.2856658775"><ele>108.000</ele></trkpt>
      <trkpt lat="22.2818667058" lon="114.2856522287"><ele>108.000</ele></trkpt>
      <trkpt lat="22.2818365066" lon="114.2856264138"><ele>108.000</ele></trkpt>
      <trkpt lat="22.2818147593" lon="114.2856152478"><ele>109.000</ele></trkpt>
      <trkpt lat="22.2818025238" lon="114.2856002952"><ele>109.000</ele></trkpt>
      <trkpt lat="22.2817787619" lon="114.2855768335"><ele>112.000</ele></trkpt>
      <trkpt lat="22.2817592005" lon="114.2855621449"><ele>112.000</ele></trkpt>
      <trkpt lat="22.2817514941" lon="114.2855563577"><ele>112.000</ele></trkpt>
      <trkpt lat="22.2817263474" lon="114.2855375041"><ele>116.000</ele></trkpt>
      <trkpt lat="22.2817039120" lon="114.2855222263"><ele>116.000</ele></trkpt>
      <trkpt lat="22.2816992507" lon="114.2855163056"><ele>116.000</ele></trkpt>
      <trkpt lat="22.2816944872" lon="114.2855106788"><ele>116.000</ele></trkpt>
      <trkpt lat="22.2816646804" lon="114.2855058526"><ele>116.000</ele></trkpt>
      <trkpt lat="22.2816325411" lon="114.2855048380"><ele>116.000</ele></trkpt>
      <trkpt lat="22.2815987022" lon="114.2855064905"><ele>116.000</ele></trkpt>
      <trkpt lat="22.2815732689" lon="114.2855245288"><ele>116.000</ele></trkpt>
      <trkpt lat="22.2815514154" lon="114.2855506333"><ele>116.000</ele></trkpt>
      <trkpt lat="22.2815299557" lon="114.2855819973"><ele>116.000</ele></trkpt>
      <trkpt lat="22.2815022158" lon="114.2855921838"><ele>116.000</ele></trkpt>
      <trkpt lat="22.2814708317" lon="114.2856096449"><ele>113.000</ele></trkpt>
      <trkpt lat="22.2814342608" lon="114.2856319925"><ele>115.000</ele></trkpt>
      <trkpt lat="22.2813989030" lon="114.2856497126"><ele>114.000</ele></trkpt>
      <trkpt lat="22.2813673796" lon="114.2856459912"><ele>115.000</ele></trkpt>
      <trkpt lat="22.2813431224" lon="114.2856339694"><ele>116.000</ele></trkpt>
      <trkpt lat="22.2813172761" lon="114.2856079057"><ele>116.000</ele></trkpt>
      <trkpt lat="22.2812966864" lon="114.2855808466"><ele>118.000</ele></trkpt>
      <trkpt lat="22.2812722250" lon="114.2855499808"><ele>116.000</ele></trkpt>
      <trkpt lat="22.2812407059" lon="114.2855262706"><ele>118.000</ele></trkpt>
      <trkpt lat="22.2812094973" lon="114.2855109153"><ele>118.000</ele></trkpt>
      <trkpt lat="22.2811763063" lon="114.2854890960"><ele>118.000</ele></trkpt>
      <trkpt lat="22.2811481774" lon="114.2854734519"><ele>120.000</ele></trkpt>
      <trkpt lat="22.2811348260" lon="114.2854660380"><ele>120.000</ele></trkpt>
      <trkpt lat="22.2811113235" lon="114.2854598582"><ele>120.000</ele></trkpt>
      <trkpt lat="22.2810795270" lon="114.2854592417"><ele>120.000</ele></trkpt>
      <trkpt lat="22.2810482999" lon="114.2854446627"><ele>124.000</ele></trkpt>
      <trkpt lat="22.2810330448" lon="114.2854210718"><ele>124.000</ele></trkpt>
      <trkpt lat="22.2810122699" lon="114.2854008050"><ele>126.000</ele></trkpt>
      <trkpt lat="22.2809871234" lon="114.2853951577"><ele>126.000</ele></trkpt>
      <trkpt lat="22.2809621253" lon="114.2854106831"><ele>126.000</ele></trkpt>
      <trkpt lat="22.2809286895" lon="114.2854307916"><ele>126.000</ele></trkpt>
      <trkpt lat="22.2808981572" lon="114.2854304090"><ele>127.000</ele></trkpt>
      <trkpt lat="22.2808730338" lon="114.2854171931"><ele>128.000</ele></trkpt>
      <trkpt lat="22.2808454653" lon="114.2854141832"><ele>128.000</ele></trkpt>
      <trkpt lat="22.2808049394" lon="114.2854224191"><ele>130.000</ele></trkpt>
      <trkpt lat="22.2807656637" lon="114.2854246788"><ele>131.000</ele></trkpt>
      <trkpt lat="22.2807315050" lon="114.2854183647"><ele>131.000</ele></trkpt>
      <trkpt lat="22.2806934704" lon="114.2854148324"><ele>131.000</ele></trkpt>
      <trkpt lat="22.2806625540" lon="114.2854352145"><ele>131.000</ele></trkpt>
      <trkpt lat="22.2806325683" lon="114.2854546659"><ele>126.000</ele></trkpt>
      <trkpt lat="22.2805983407" lon="114.2854704752"><ele>126.000</ele></trkpt>
      <trkpt lat="22.2805646549" lon="114.2854863140"><ele>126.000</ele></trkpt>
      <trkpt lat="22.2805309645" lon="114.2855089354"><ele>123.000</ele></trkpt>
      <trkpt lat="22.2805152787" lon="114.2855232046"><ele>123.000</ele></trkpt>
      <trkpt lat="22.2805000158" lon="114.2855370898"><ele>123.000</ele></trkpt>
      <trkpt lat="22.2804750964" lon="114.2855563024"><ele>122.000</ele></trkpt>
      <trkpt lat="22.2804453145" lon="114.2855681853"><ele>122.000</ele></trkpt>
      <trkpt lat="22.2804129855" lon="114.2855807648"><ele>122.000</ele></trkpt>
      <trkpt lat="22.2803836898" lon="114.2855947925"><ele>119.000</ele></trkpt>
      <trkpt lat="22.2803592982" lon="114.2856079992"><ele>121.000</ele></trkpt>
      <trkpt lat="22.2803356895" lon="114.2856255147"><ele>123.000</ele></trkpt>
      <trkpt lat="22.2803147296" lon="114.2856386367"><ele>123.000</ele></trkpt>
      <trkpt lat="22.2803056067" lon="114.2856416571"><ele>123.000</ele></trkpt>
      <trkpt lat="22.2802827389" lon="114.2856584066"><ele>120.000</ele></trkpt>
      <trkpt lat="22.2802560872" lon="114.2856484498"><ele>120.000</ele></trkpt>
      <trkpt lat="22.2802408275" lon="114.2856184550"><ele>121.000</ele></trkpt>
      <trkpt lat="22.2802279252" lon="114.2855877536"><ele>124.000</ele></trkpt>
      <trkpt lat="22.2802061359" lon="114.2855719205"><ele>124.000</ele></trkpt>
      <trkpt lat="22.2801774790" lon="114.2855624765"><ele>121.000</ele></trkpt>
      <trkpt lat="22.2801481414" lon="114.2855580582"><ele>120.000</ele></trkpt>
      <trkpt lat="22.2801190538" lon="114.2855445191"><ele>122.000</ele></trkpt>
      <trkpt lat="22.2800963382" lon="114.2855094340"><ele>120.000</ele></trkpt>
      <trkpt lat="22.2800792679" lon="114.2854725873"><ele>122.000</ele></trkpt>
      <trkpt lat="22.2800658652" lon="114.2854339096"><ele>120.000</ele></trkpt>
      <trkpt lat="22.2800511704" lon="114.2853963661"><ele>122.000</ele></trkpt>
      <trkpt lat="22.2800311361" lon="114.2853623311"><ele>122.000</ele></trkpt>
      <trkpt lat="22.2800138062" lon="114.2853219813"><ele>120.000</ele></trkpt>
      <trkpt lat="22.2800051873" lon="114.2852869557"><ele>120.000</ele></trkpt>
      <trkpt lat="22.2800075302" lon="114.2852540150"><ele>120.000</ele></trkpt>
      <trkpt lat="22.2800091782" lon="114.2852202879"><ele>120.000</ele></trkpt>
      <trkpt lat="22.2800101410" lon="114.2851849785"><ele>119.000</ele></trkpt>
      <trkpt lat="22.2800094368" lon="114.2851575760"><ele>119.000</ele></trkpt>
      <trkpt lat="22.2800090106" lon="114.2851466887"><ele>119.000</ele></trkpt>
      <trkpt lat="22.2800066854" lon="114.2851260384"><ele>119.000</ele></trkpt>
      <trkpt lat="22.2799954871" lon="114.2850994720"><ele>118.000</ele></trkpt>
      <trkpt lat="22.2799932003" lon="114.2850985436"><ele>118.000</ele></trkpt>
      <trkpt lat="22.2799897633" lon="114.2850971485"><ele>118.000</ele></trkpt>
      <trkpt lat="22.2799694143" lon="114.2850879633"><ele>118.000</ele></trkpt>
      <trkpt lat="22.2799484124" lon="114.2850694431"><ele>118.000</ele></trkpt>
      <trkpt lat="22.2799460551" lon="114.2850699556"><ele>118.000</ele></trkpt>
      <trkpt lat="22.2799341805" lon="114.2850593864"><ele>117.000</ele></trkpt>
      <trkpt lat="22.2799284107" lon="114.2850542518"><ele>113.000</ele></trkpt>
      <trkpt lat="22.2798995915" lon="114.2850308158"><ele>113.000</ele></trkpt>
      <trkpt lat="22.2798742270" lon="114.2849999206"><ele>108.000</ele></trkpt>
      <trkpt lat="22.2798567072" lon="114.2849733494"><ele>108.000</ele></trkpt>
      <trkpt lat="22.2798335891" lon="114.2849594172"><ele>112.000</ele></trkpt>
      <trkpt lat="22.2798174402" lon="114.2849354087"><ele>112.000</ele></trkpt>
      <trkpt lat="22.2797916451" lon="114.2849138186"><ele>114.000</ele></trkpt>
      <trkpt lat="22.2797626963" lon="114.2848950400"><ele>114.000</ele></trkpt>
      <trkpt lat="22.2797307047" lon="114.2848755896"><ele>114.000</ele></trkpt>
      <trkpt lat="22.2797004268" lon="114.2848458939"><ele>114.000</ele></trkpt>
      <trkpt lat="22.2796691297" lon="114.2848140337"><ele>116.000</ele></trkpt>
      <trkpt lat="22.2796365776" lon="114.2847819395"><ele>112.000</ele></trkpt>
      <trkpt lat="22.2796072768" lon="114.2847629570"><ele>113.000</ele></trkpt>
      <trkpt lat="22.2795763736" lon="114.2847363562"><ele>113.000</ele></trkpt>
      <trkpt lat="22.2795507220" lon="114.2847161247"><ele>116.000</ele></trkpt>
      <trkpt lat="22.2795271870" lon="114.2847043173"><ele>116.000</ele></trkpt>
      <trkpt lat="22.2795063473" lon="114.2846997699"><ele>116.000</ele></trkpt>
      <trkpt lat="22.2795026192" lon="114.2846975159"><ele>116.000</ele></trkpt>
      <trkpt lat="22.2794881982" lon="114.2846960882"><ele>116.000</ele></trkpt>
      <trkpt lat="22.2794682382" lon="114.2846859427"><ele>116.000</ele></trkpt>
      <trkpt lat="22.2794452776" lon="114.2846795889"><ele>116.000</ele></trkpt>
      <trkpt lat="22.2794227847" lon="114.2846759718"><ele>118.000</ele></trkpt>
      <trkpt lat="22.2793956329" lon="114.2846710315"><ele>119.000</ele></trkpt>
      <trkpt lat="22.2793769882" lon="114.2846655931"><ele>122.000</ele></trkpt>
      <trkpt lat="22.2793579500" lon="114.2846545071"><ele>122.000</ele></trkpt>
      <trkpt lat="22.2793329885" lon="114.2846422620"><ele>124.000</ele></trkpt>
      <trkpt lat="22.2793156172" lon="114.2846230752"><ele>124.000</ele></trkpt>
      <trkpt lat="22.2792978665" lon="114.2846178509"><ele>126.000</ele></trkpt>
      <trkpt lat="22.2792793981" lon="114.2846326050"><ele>127.000</ele></trkpt>
      <trkpt lat="22.2792596099" lon="114.2846356755"><ele>127.000</ele></trkpt>
      <trkpt lat="22.2792432299" lon="114.2846334021"><ele>128.000</ele></trkpt>
      <trkpt lat="22.2792322618" lon="114.2846136574"><ele>128.000</ele></trkpt>
      <trkpt lat="22.2792296189" lon="114.2846089008"><ele>128.000</ele></trkpt>
      <trkpt lat="22.2792191152" lon="114.2845833249"><ele>128.000</ele></trkpt>
      <trkpt lat="22.2792177765" lon="114.2845593958"><ele>128.000</ele></trkpt>
      <trkpt lat="22.2792070874" lon="114.2845274059"><ele>131.000</ele></trkpt>
      <trkpt lat="22.2791983344" lon="114.2845036362"><ele>132.000</ele></trkpt>
      <trkpt lat="22.2791784533" lon="114.2844971780"><ele>132.000</ele></trkpt>
      <trkpt lat="22.2791614299" lon="114.2845117877"><ele>134.000</ele></trkpt>
      <trkpt lat="22.2791365566" lon="114.2845026574"><ele>134.000</ele></trkpt>
      <trkpt lat="22.2791202783" lon="114.2844967066"><ele>134.000</ele></trkpt>
      <trkpt lat="22.2791023147" lon="114.2844992447"><ele>136.000</ele></trkpt>
      <trkpt lat="22.2790820724" lon="114.2844925826"><ele>136.000</ele></trkpt>
      <trkpt lat="22.2790723745" lon="114.2844639314"><ele>138.000</ele></trkpt>
      <trkpt lat="22.2790596072" lon="114.2844458601"><ele>138.000</ele></trkpt>
      <trkpt lat="22.2790513831" lon="114.2844430632"><ele>138.000</ele></trkpt>
      <trkpt lat="22.2790440336" lon="114.2844408453"><ele>138.000</ele></trkpt>
      <trkpt lat="22.2790231400" lon="114.2844359195"><ele>140.000</ele></trkpt>
      <trkpt lat="22.2790130444" lon="114.2844349414"><ele>140.000</ele></trkpt>
      <trkpt lat="22.2790043205" lon="114.2844354393"><ele>140.000</ele></trkpt>
      <trkpt lat="22.2789967530" lon="114.2844352006"><ele>140.000</ele></trkpt>
      <trkpt lat="22.2789809123" lon="114.2844366925"><ele>142.000</ele></trkpt>
      <trkpt lat="22.2789731100" lon="114.2844364537"><ele>142.000</ele></trkpt>
      <trkpt lat="22.2789604845" lon="114.2844374531"><ele>142.000</ele></trkpt>
      <trkpt lat="22.2789457925" lon="114.2844362290"><ele>142.000</ele></trkpt>
      <trkpt lat="22.2789308761" lon="114.2844327827"><ele>145.000</ele></trkpt>
      <trkpt lat="22.2789220903" lon="114.2844313496"><ele>145.000</ele></trkpt>
      <trkpt lat="22.2789069379" lon="114.2844297855"><ele>145.000</ele></trkpt>
      <trkpt lat="22.2788610051" lon="114.2844344467"><ele>148.000</ele></trkpt>
      <trkpt lat="22.2788439982" lon="114.2844378007"><ele>150.000</ele></trkpt>
      <trkpt lat="22.2788150628" lon="114.2844396027"><ele>150.000</ele></trkpt>
      <trkpt lat="22.2788022130" lon="114.2844385449"><ele>152.000</ele></trkpt>
      <trkpt lat="22.2787907461" lon="114.2844355185"><ele>152.000</ele></trkpt>
      <trkpt lat="22.2787797591" lon="114.2844305130"><ele>152.000</ele></trkpt>
      <trkpt lat="22.2787752199" lon="114.2844393976"><ele>152.000</ele></trkpt>
      <trkpt lat="22.2787655879" lon="114.2844746320"><ele>152.000</ele></trkpt>
      <trkpt lat="22.2787589566" lon="114.2844924808"><ele>152.000</ele></trkpt>
      <trkpt lat="22.2787497087" lon="114.2845069411"><ele>155.000</ele></trkpt>
      <trkpt lat="22.2787367427" lon="114.2845447831"><ele>155.000</ele></trkpt>
      <trkpt lat="22.2787199141" lon="114.2845788186"><ele>154.000</ele></trkpt>
      <trkpt lat="22.2786989313" lon="114.2845995090"><ele>158.000</ele></trkpt>
      <trkpt lat="22.2786803891" lon="114.2846166015"><ele>158.000</ele></trkpt>
      <trkpt lat="22.2786654684" lon="114.2846334056"><ele>161.000</ele></trkpt>
      <trkpt lat="22.2786446477" lon="114.2846546880"><ele>161.000</ele></trkpt>
      <trkpt lat="22.2786244288" lon="114.2846672575"><ele>161.000</ele></trkpt>
      <trkpt lat="22.2786042097" lon="114.2846664269"><ele>164.000</ele></trkpt>
      <trkpt lat="22.2785908536" lon="114.2846525994"><ele>164.000</ele></trkpt>
      <trkpt lat="22.2785942487" lon="114.2846804791"><ele>164.000</ele></trkpt>
      <trkpt lat="22.2785760397" lon="114.2846989302"><ele>167.000</ele></trkpt>
      <trkpt lat="22.2785553254" lon="114.2847095393"><ele>167.000</ele></trkpt>
      <trkpt lat="22.2785331152" lon="114.2847154412"><ele>167.000</ele></trkpt>
      <trkpt lat="22.2785097287" lon="114.2847247965"><ele>170.000</ele></trkpt>
      <trkpt lat="22.2784851428" lon="114.2847315892"><ele>172.000</ele></trkpt>
      <trkpt lat="22.2784629786" lon="114.2847361327"><ele>172.000</ele></trkpt>
      <trkpt lat="22.2784353687" lon="114.2847410892"><ele>174.000</ele></trkpt>
      <trkpt lat="22.2784088145" lon="114.2847472400"><ele>174.000</ele></trkpt>
      <trkpt lat="22.2783876463" lon="114.2847615262"><ele>176.000</ele></trkpt>
      <trkpt lat="22.2783815430" lon="114.2847865749"><ele>176.000</ele></trkpt>
      <trkpt lat="22.2783593605" lon="114.2847915065"><ele>176.000</ele></trkpt>
      <trkpt lat="22.2783415034" lon="114.2847967616"><ele>178.000</ele></trkpt>
      <trkpt lat="22.2783333950" lon="114.2848223328"><ele>178.000</ele></trkpt>
      <trkpt lat="22.2783331872" lon="114.2848631051"><ele>178.000</ele></trkpt>
      <trkpt lat="22.2783326043" lon="114.2848976478"><ele>178.000</ele></trkpt>
      <trkpt lat="22.2783257754" lon="114.2849410155"><ele>178.000</ele></trkpt>
      <trkpt lat="22.2783239530" lon="114.2849518719"><ele>178.000</ele></trkpt>
      <trkpt lat="22.2783237302" lon="114.2849610024"><ele>178.000</ele></trkpt>
      <trkpt lat="22.2783225866" lon="114.2849696373"><ele>178.000</ele></trkpt>
      <trkpt lat="22.2783182411" lon="114.2849859255"><ele>178.000</ele></trkpt>
      <trkpt lat="22.2783067931" lon="114.2850222063"><ele>178.000</ele></trkpt>
      <trkpt lat="22.2783026688" lon="114.2850318286"><ele>180.000</ele></trkpt>
      <trkpt lat="22.2782985363" lon="114.2850399761"><ele>180.000</ele></trkpt>
      <trkpt lat="22.2782852445" lon="114.2850651551"><ele>180.000</ele></trkpt>
      <trkpt lat="22.2782808872" lon="114.2850720701"><ele>180.000</ele></trkpt>
      <trkpt lat="22.2782760761" lon="114.2850821868"><ele>180.000</ele></trkpt>
      <trkpt lat="22.2782728737" lon="114.2850905775"><ele>180.000</ele></trkpt>
      <trkpt lat="22.2782712692" lon="114.2850997069"><ele>180.000</ele></trkpt>
      <trkpt lat="22.2782705864" lon="114.2851078473"><ele>181.000</ele></trkpt>
      <trkpt lat="22.2782699026" lon="114.2851177245"><ele>181.000</ele></trkpt>
      <trkpt lat="22.2782699145" lon="114.2851268455"><ele>181.000</ele></trkpt>
      <trkpt lat="22.2782671749" lon="114.2851453569"><ele>181.000</ele></trkpt>
      <trkpt lat="22.2782646587" lon="114.2851540004"><ele>181.000</ele></trkpt>
      <trkpt lat="22.2782612132" lon="114.2851611490"><ele>181.000</ele></trkpt>
      <trkpt lat="22.2782559426" lon="114.2851697904"><ele>184.000</ele></trkpt>
      <trkpt lat="22.2782504378" lon="114.2851774419"><ele>184.000</ele></trkpt>
      <trkpt lat="22.2782261341" lon="114.2852080559"><ele>183.000</ele></trkpt>
      <trkpt lat="22.2781947241" lon="114.2852507642"><ele>185.000</ele></trkpt>
      <trkpt lat="22.2781892187" lon="114.2852594054"><ele>185.000</ele></trkpt>
      <trkpt lat="22.2781756994" lon="114.2852870489"><ele>185.000</ele></trkpt>
      <trkpt lat="22.2781731838" lon="114.2852947027"><ele>185.000</ele></trkpt>
      <trkpt lat="22.2781688253" lon="114.2853033448"><ele>188.000</ele></trkpt>
      <trkpt lat="22.2781587365" lon="114.2853191434"><ele>188.000</ele></trkpt>
      <trkpt lat="22.2781534676" lon="114.2853253105"><ele>188.000</ele></trkpt>
      <trkpt lat="22.2781461214" lon="114.2853317380"><ele>188.000</ele></trkpt>
      <trkpt lat="22.2781325869" lon="114.2853416150"><ele>188.000</ele></trkpt>
      <trkpt lat="22.2781206590" lon="114.2853527256"><ele>191.000</ele></trkpt>
      <trkpt lat="22.2781144683" lon="114.2853598817"><ele>191.000</ele></trkpt>
      <trkpt lat="22.2781027814" lon="114.2853751939"><ele>191.000</ele></trkpt>
      <trkpt lat="22.2780984244" lon="114.2853816140"><ele>191.000</ele></trkpt>
      <trkpt lat="22.2780924595" lon="114.2853885277"><ele>191.000</ele></trkpt>
      <trkpt lat="22.2780855747" lon="114.2853937135"><ele>191.000</ele></trkpt>
      <trkpt lat="22.2780720416" lon="114.2854016111"><ele>194.000</ele></trkpt>
      <trkpt lat="22.2780633248" lon="114.2854048258"><ele>194.000</ele></trkpt>
      <trkpt lat="22.2780451905" lon="114.2854060732"><ele>194.000</ele></trkpt>
      <trkpt lat="22.2780378476" lon="114.2854075618"><ele>194.000</ele></trkpt>
      <trkpt lat="22.2780307384" lon="114.2854107778"><ele>196.000</ele></trkpt>
      <trkpt lat="22.2780002212" lon="114.2854283168"><ele>196.000</ele></trkpt>
      <trkpt lat="22.2779915046" lon="114.2854312792"><ele>196.000</ele></trkpt>
      <trkpt lat="22.2779768110" lon="114.2854325293"><ele>198.000</ele></trkpt>
      <trkpt lat="22.2779696956" lon="114.2854313012"><ele>198.000</ele></trkpt>
      <trkpt lat="22.2779439825" lon="114.2854221895"><ele>200.000</ele></trkpt>
      <trkpt lat="22.2779357190" lon="114.2854229303"><ele>200.000</ele></trkpt>
      <trkpt lat="22.2779292956" lon="114.2854268842"><ele>200.000</ele></trkpt>
      <trkpt lat="22.2779237926" lon="114.2854318188"><ele>200.000</ele></trkpt>
      <trkpt lat="22.2779171414" lon="114.2854387417"><ele>200.000</ele></trkpt>
      <trkpt lat="22.2779095705" lon="114.2854436747"><ele>200.000</ele></trkpt>
      <trkpt lat="22.2779010789" lon="114.2854478793"><ele>200.000</ele></trkpt>
      <trkpt lat="22.2778919019" lon="114.2854505988"><ele>202.000</ele></trkpt>
      <trkpt lat="22.2778767557" lon="114.2854533234"><ele>202.000</ele></trkpt>
      <trkpt lat="22.2778609222" lon="114.2854575320"><ele>202.000</ele></trkpt>
      <trkpt lat="22.2778515192" lon="114.2854607462"><ele>203.000</ele></trkpt>
      <trkpt lat="22.2778457821" lon="114.2854646909"><ele>203.000</ele></trkpt>
      <trkpt lat="22.2778340803" lon="114.2854753164"><ele>203.000</ele></trkpt>
      <trkpt lat="22.2778260495" lon="114.2854792691"><ele>203.000</ele></trkpt>
      <trkpt lat="22.2778017964" lon="114.2854878861"><ele>204.000</ele></trkpt>
      <trkpt lat="22.2777876403" lon="114.2854955115"><ele>204.000</ele></trkpt>
      <trkpt lat="22.2777798055" lon="114.2855033649"><ele>204.000</ele></trkpt>
      <trkpt lat="22.2777747167" lon="114.2855102502"><ele>204.000</ele></trkpt>
      <trkpt lat="22.2777409608" lon="114.2855633582"><ele>206.000</ele></trkpt>
      <trkpt lat="22.2777137097" lon="114.2855987339"><ele>207.000</ele></trkpt>
      <trkpt lat="22.2777021791" lon="114.2856100194"><ele>207.000</ele></trkpt>
      <trkpt lat="22.2776975698" lon="114.2856154301"><ele>207.000</ele></trkpt>
      <trkpt lat="22.2776892340" lon="114.2856296872"><ele>207.000</ele></trkpt>
      <trkpt lat="22.2776721800" lon="114.2856629556"><ele>208.000</ele></trkpt>
      <trkpt lat="22.2776630127" lon="114.2856782599"><ele>208.000</ele></trkpt>
      <trkpt lat="22.2776595766" lon="114.2856849233"><ele>208.000</ele></trkpt>
      <trkpt lat="22.2776536104" lon="114.2856938067"><ele>207.000</ele></trkpt>
      <trkpt lat="22.2776483412" lon="114.2857002260"><ele>207.000</ele></trkpt>
      <trkpt lat="22.2776297617" lon="114.2857189968"><ele>207.000</ele></trkpt>
      <trkpt lat="22.2776114092" lon="114.2857357883"><ele>208.000</ele></trkpt>
      <trkpt lat="22.2776006284" lon="114.2857466474"><ele>208.000</ele></trkpt>
      <trkpt lat="22.2775937522" lon="114.2857523281"><ele>208.000</ele></trkpt>
      <trkpt lat="22.2775866427" lon="114.2857560388"><ele>208.000</ele></trkpt>
      <trkpt lat="22.2775728740" lon="114.2857649259"><ele>210.000</ele></trkpt>
      <trkpt lat="22.2775662242" lon="114.2857698693"><ele>210.000</ele></trkpt>
      <trkpt lat="22.2775609458" lon="114.2857765312"><ele>210.000</ele></trkpt>
      <trkpt lat="22.2775577435" lon="114.2857846793"><ele>210.000</ele></trkpt>
      <trkpt lat="22.2775501852" lon="114.2858110852"><ele>210.000</ele></trkpt>
      <trkpt lat="22.2775419298" lon="114.2858266328"><ele>210.000</ele></trkpt>
      <trkpt lat="22.2775277179" lon="114.2858500838"><ele>212.000</ele></trkpt>
      <trkpt lat="22.2775215279" lon="114.2858560076"><ele>212.000</ele></trkpt>
      <trkpt lat="22.2775096074" lon="114.2858695924"><ele>212.000</ele></trkpt>
      <trkpt lat="22.2775038700" lon="114.2858740319"><ele>212.000</ele></trkpt>
      <trkpt lat="22.2774818453" lon="114.2858858914"><ele>214.000</ele></trkpt>
      <trkpt lat="22.2774673890" lon="114.2858967573"><ele>214.000</ele></trkpt>
      <trkpt lat="22.2774616581" lon="114.2859049131"><ele>214.000</ele></trkpt>
      <trkpt lat="22.2774538718" lon="114.2859211985"><ele>214.000</ele></trkpt>
      <trkpt lat="22.2774490534" lon="114.2859288505"><ele>214.000</ele></trkpt>
      <trkpt lat="22.2774414829" lon="114.2859330558"><ele>216.000</ele></trkpt>
      <trkpt lat="22.2774336787" lon="114.2859355240"><ele>216.000</ele></trkpt>
      <trkpt lat="22.2774173858" lon="114.2859380050"><ele>216.000</ele></trkpt>
      <trkpt lat="22.2774082090" lon="114.2859404722"><ele>216.000</ele></trkpt>
      <trkpt lat="22.2773999437" lon="114.2859439395"><ele>217.000</ele></trkpt>
      <trkpt lat="22.2773919212" lon="114.2859488818"><ele>217.000</ele></trkpt>
      <trkpt lat="22.2773838903" lon="114.2859528344"><ele>217.000</ele></trkpt>
      <trkpt lat="22.2773760858" lon="114.2859557975"><ele>217.000</ele></trkpt>
      <trkpt lat="22.2773692033" lon="114.2859575290"><ele>217.000</ele></trkpt>
      <trkpt lat="22.2773299601" lon="114.2859652028"><ele>218.000</ele></trkpt>
      <trkpt lat="22.2772799304" lon="114.2859785639"><ele>220.000</ele></trkpt>
      <trkpt lat="22.2772402414" lon="114.2859911762"><ele>222.000</ele></trkpt>
      <trkpt lat="22.2771753029" lon="114.2860168873"><ele>224.000</ele></trkpt>
      <trkpt lat="22.2771436399" lon="114.2860326981"><ele>224.000</ele></trkpt>
      <trkpt lat="22.2771296458" lon="114.2860410998"><ele>224.000</ele></trkpt>
      <trkpt lat="22.2771009641" lon="114.2860551857"><ele>224.000</ele></trkpt>
      <trkpt lat="22.2770936205" lon="114.2860576543"><ele>224.000</ele></trkpt>
      <trkpt lat="22.2770777875" lon="114.2860611157"><ele>226.000</ele></trkpt>
      <trkpt lat="22.2770541451" lon="114.2860613787"><ele>226.000</ele></trkpt>
      <trkpt lat="22.2770465765" lon="114.2860628671"><ele>226.000</ele></trkpt>
      <trkpt lat="22.2770396936" lon="114.2860650934"><ele>227.000</ele></trkpt>
      <trkpt lat="22.2770325753" lon="114.2860683093"><ele>227.000</ele></trkpt>
      <trkpt lat="22.2770266116" lon="114.2860734958"><ele>227.000</ele></trkpt>
      <trkpt lat="22.2770160654" lon="114.2860846073"><ele>227.000</ele></trkpt>
      <trkpt lat="22.2769956541" lon="114.2861011448"><ele>228.000</ele></trkpt>
      <trkpt lat="22.2769793654" lon="114.2861107867"><ele>228.000</ele></trkpt>
      <trkpt lat="22.2769600878" lon="114.2861199313"><ele>228.000</ele></trkpt>
      <trkpt lat="22.2769520576" lon="114.2861228942"><ele>228.000</ele></trkpt>
      <trkpt lat="22.2769440281" lon="114.2861248771"><ele>229.000</ele></trkpt>
      <trkpt lat="22.2769355299" lon="114.2861253751"><ele>229.000</ele></trkpt>
      <trkpt lat="22.2769169434" lon="114.2861276020"><ele>229.000</ele></trkpt>
      <trkpt lat="22.2769089141" lon="114.2861290900"><ele>229.000</ele></trkpt>
      <trkpt lat="22.2768974342" lon="114.2861320600"><ele>230.000</ele></trkpt>
      <trkpt lat="22.2768602590" lon="114.2861397353"><ele>230.000</ele></trkpt>
      <trkpt lat="22.2768522301" lon="114.2861407284"><ele>230.000</ele></trkpt>
      <trkpt lat="22.2768451138" lon="114.2861409849"><ele>230.000</ele></trkpt>
      <trkpt lat="22.2768301956" lon="114.2861402553"><ele>230.000</ele></trkpt>
      <trkpt lat="22.2767989786" lon="114.2861375627"><ele>230.000</ele></trkpt>
      <trkpt lat="22.2767794652" lon="114.2861348598"><ele>230.000</ele></trkpt>
      <trkpt lat="22.2767549114" lon="114.2861341324"><ele>230.000</ele></trkpt>
      <trkpt lat="22.2767445810" lon="114.2861331541"><ele>230.000</ele></trkpt>
      <trkpt lat="22.2767269077" lon="114.2861336643"><ele>230.000</ele></trkpt>
      <trkpt lat="22.2767099281" lon="114.2861366299"><ele>230.000</ele></trkpt>
      <trkpt lat="22.2766856023" lon="114.2861460229"><ele>230.000</ele></trkpt>
      <trkpt lat="22.2766566900" lon="114.2861539472"><ele>230.000</ele></trkpt>
      <trkpt lat="22.2766401693" lon="114.2861593875"><ele>230.000</ele></trkpt>
      <trkpt lat="22.2766273163" lon="114.2861628511"><ele>230.000</ele></trkpt>
      <trkpt lat="22.2765997788" lon="114.2861675551"><ele>230.000</ele></trkpt>
      <trkpt lat="22.2765906020" lon="114.2861700319"><ele>230.000</ele></trkpt>
      <trkpt lat="22.2765738478" lon="114.2861734926"><ele>230.000</ele></trkpt>
      <trkpt lat="22.2765458512" lon="114.2861759839"><ele>230.000</ele></trkpt>
      <trkpt lat="22.2765378131" lon="114.2861772196"><ele>228.000</ele></trkpt>
      <trkpt lat="22.2765208325" lon="114.2861816698"><ele>228.000</ele></trkpt>
      <trkpt lat="22.2764907724" lon="114.2861908255"><ele>228.000</ele></trkpt>
      <trkpt lat="22.2764825082" lon="114.2861925559"><ele>228.000</ele></trkpt>
      <trkpt lat="22.2764731062" lon="114.2861942951"><ele>228.000</ele></trkpt>
      <trkpt lat="22.2764643821" lon="114.2861950355"><ele>228.000</ele></trkpt>
      <trkpt lat="22.2764565798" lon="114.2861947965"><ele>228.000</ele></trkpt>
      <trkpt lat="22.2764106751" lon="114.2861977882"><ele>228.000</ele></trkpt>
      <trkpt lat="22.2763888740" lon="114.2861995275"><ele>228.000</ele></trkpt>
      <trkpt lat="22.2763814317" lon="114.2862010159"><ele>228.000</ele></trkpt>
      <trkpt lat="22.2763519242" lon="114.2862075813"><ele>228.000</ele></trkpt>
      <trkpt lat="22.2763229775" lon="114.2862128469"><ele>228.000</ele></trkpt>
      <trkpt lat="22.2762999900" lon="114.2862196308"><ele>228.000</ele></trkpt>
      <trkpt lat="22.2762871087" lon="114.2862249866"><ele>227.000</ele></trkpt>
      <trkpt lat="22.2762733157" lon="114.2862298467"><ele>226.000</ele></trkpt>
      <trkpt lat="22.2762613668" lon="114.2862317586"><ele>226.000</ele></trkpt>
      <trkpt lat="22.2762508007" lon="114.2862321968"><ele>226.000</ele></trkpt>
      <trkpt lat="22.2762320023" lon="114.2862271560"><ele>226.000</ele></trkpt>
      <trkpt lat="22.2762090790" lon="114.2862191332"><ele>226.000</ele></trkpt>
      <trkpt lat="22.2761907315" lon="114.2862150825"><ele>226.000</ele></trkpt>
      <trkpt lat="22.2761673358" lon="114.2862110085"><ele>226.000</ele></trkpt>
      <trkpt lat="22.2761471444" lon="114.2862094112"><ele>226.000</ele></trkpt>
      <trkpt lat="22.2761278748" lon="114.2862068443"><ele>226.000</ele></trkpt>
      <trkpt lat="22.2761046664" lon="114.2862063023"><ele>226.000</ele></trkpt>
      <trkpt lat="22.2760716865" lon="114.2862064125"><ele>226.000</ele></trkpt>
      <trkpt lat="22.2760448285" lon="114.2862076724"><ele>225.000</ele></trkpt>
      <trkpt lat="22.2760354186" lon="114.2862076748"><ele>225.000</ele></trkpt>
      <trkpt lat="22.2760193518" lon="114.2862096611"><ele>225.000</ele></trkpt>
      <trkpt lat="22.2760099415" lon="114.2862101584"><ele>225.000</ele></trkpt>
      <trkpt lat="22.2759794191" lon="114.2862084560"><ele>224.000</ele></trkpt>
      <trkpt lat="22.2759612793" lon="114.2862045219"><ele>224.000</ele></trkpt>
      <trkpt lat="22.2759507234" lon="114.2862030486"><ele>224.000</ele></trkpt>
      <trkpt lat="22.2759390124" lon="114.2862005846"><ele>224.000</ele></trkpt>
      <trkpt lat="22.2758834701" lon="114.2861929828"><ele>224.000</ele></trkpt>
      <trkpt lat="22.2758462901" lon="114.2861942347"><ele>223.000</ele></trkpt>
      <trkpt lat="22.2758375655" lon="114.2861957222"><ele>223.000</ele></trkpt>
      <trkpt lat="22.2758233380" lon="114.2862021539"><ele>223.000</ele></trkpt>
      <trkpt lat="22.2757969538" lon="114.2862105555"><ele>223.000</ele></trkpt>
      <trkpt lat="22.2757744637" lon="114.2862162531"><ele>223.000</ele></trkpt>
      <trkpt lat="22.2757540413" lon="114.2862224276"><ele>222.000</ele></trkpt>
      <trkpt lat="22.2757157413" lon="114.2862373792"><ele>222.000</ele></trkpt>
      <trkpt lat="22.2756647984" lon="114.2862659729"><ele>222.000</ele></trkpt>
      <trkpt lat="22.2756495912" lon="114.2862787205"><ele>222.000</ele></trkpt>
      <trkpt lat="22.2756339332" lon="114.2862904780"><ele>222.000</ele></trkpt>
      <trkpt lat="22.2756191779" lon="114.2863027310"><ele>222.000</ele></trkpt>
      <trkpt lat="22.2755878626" lon="114.2863252562"><ele>221.000</ele></trkpt>
      <trkpt lat="22.2755537524" lon="114.2863541832"><ele>221.000</ele></trkpt>
      <trkpt lat="22.2755475705" lon="114.2863614944"><ele>220.000</ele></trkpt>
      <trkpt lat="22.2755269335" lon="114.2863913439"><ele>220.000</ele></trkpt>
      <trkpt lat="22.2755078058" lon="114.2864193026"><ele>220.000</ele></trkpt>
      <trkpt lat="22.2754858961" lon="114.2864480838"><ele>220.000</ele></trkpt>
      <trkpt lat="22.2754657778" lon="114.2864719761"><ele>220.000</ele></trkpt>
      <trkpt lat="22.2754429769" lon="114.2864965649"><ele>220.000</ele></trkpt>
      <trkpt lat="22.2754310664" lon="114.2865086746"><ele>220.000</ele></trkpt>
      <trkpt lat="22.2754177380" lon="114.2865207346"><ele>220.000</ele></trkpt>
      <trkpt lat="22.2754037601" lon="114.2865319209"><ele>220.000</ele></trkpt>
      <trkpt lat="22.2753900721" lon="114.2865416229"><ele>220.000</ele></trkpt>
      <trkpt lat="22.2753770456" lon="114.2865480166"><ele>220.000</ele></trkpt>
      <trkpt lat="22.2753648574" lon="114.2865567397"><ele>220.000</ele></trkpt>
      <trkpt lat="22.2753591106" lon="114.2865617323"><ele>220.000</ele></trkpt>
      <trkpt lat="22.2753546550" lon="114.2865669198"><ele>220.000</ele></trkpt>
      <trkpt lat="22.2753509033" lon="114.2865727096"><ele>220.000</ele></trkpt>
      <trkpt lat="22.2753479280" lon="114.2865789947"><ele>220.000</ele></trkpt>
      <trkpt lat="22.2753329796" lon="114.2866097316"><ele>220.000</ele></trkpt>
      <trkpt lat="22.2753173425" lon="114.2866439707"><ele>220.000</ele></trkpt>
      <trkpt lat="22.2753090009" lon="114.2866666205"><ele>220.000</ele></trkpt>
      <trkpt lat="22.2753032246" lon="114.2866884281"><ele>220.000</ele></trkpt>
      <trkpt lat="22.2752963628" lon="114.2867129226"><ele>220.000</ele></trkpt>
      <trkpt lat="22.2752873490" lon="114.2867414130"><ele>220.000</ele></trkpt>
      <trkpt lat="22.2752783825" lon="114.2867667306"><ele>220.000</ele></trkpt>
      <trkpt lat="22.2752697433" lon="114.2867889435"><ele>220.000</ele></trkpt>
      <trkpt lat="22.2752601849" lon="114.2868080507"><ele>220.000</ele></trkpt>
      <trkpt lat="22.2752484758" lon="114.2868294074"><ele>220.000</ele></trkpt>
      <trkpt lat="22.2752359633" lon="114.2868502200"><ele>220.000</ele></trkpt>
      <trkpt lat="22.2752237865" lon="114.2868688013"><ele>220.000</ele></trkpt>
      <trkpt lat="22.2752160678" lon="114.2868783914"><ele>220.000</ele></trkpt>
      <trkpt lat="22.2751942792" lon="114.2869016031"><ele>220.000</ele></trkpt>
      <trkpt lat="22.2751832704" lon="114.2869156734"><ele>220.000</ele></trkpt>
      <trkpt lat="22.2751766196" lon="114.2869218490"><ele>220.000</ele></trkpt>
      <trkpt lat="22.2751619377" lon="114.2869324621"><ele>220.000</ele></trkpt>
      <trkpt lat="22.2751284511" lon="114.2869606132"><ele>220.000</ele></trkpt>
      <trkpt lat="22.2751156030" lon="114.2869702478"><ele>220.000</ele></trkpt>
      <trkpt lat="22.2751087263" lon="114.2869766657"><ele>220.000</ele></trkpt>
      <trkpt lat="22.2751025261" lon="114.2869843261"><ele>220.000</ele></trkpt>
      <trkpt lat="22.2750988645" lon="114.2869904943"><ele>220.000</ele></trkpt>
      <trkpt lat="22.2750967997" lon="114.2869991283"><ele>220.000</ele></trkpt>
      <trkpt lat="22.2750935971" lon="114.2870075188"><ele>220.000</ele></trkpt>
      <trkpt lat="22.2750901610" lon="114.2870141820"><ele>220.000</ele></trkpt>
      <trkpt lat="22.2750793857" lon="114.2870299893"><ele>220.000</ele></trkpt>
      <trkpt lat="22.2750683700" lon="114.2870408479"><ele>220.000</ele></trkpt>
      <trkpt lat="22.2750596596" lon="114.2870480115"><ele>218.000</ele></trkpt>
      <trkpt lat="22.2750325826" lon="114.2870660377"><ele>218.000</ele></trkpt>
      <trkpt lat="22.2750142395" lon="114.2870820913"><ele>218.000</ele></trkpt>
      <trkpt lat="22.2749685968" lon="114.2871248064"><ele>218.000</ele></trkpt>
      <trkpt lat="22.2749511644" lon="114.2871428304"><ele>218.000</ele></trkpt>
      <trkpt lat="22.2749364809" lon="114.2871556752"><ele>217.000</ele></trkpt>
      <trkpt lat="22.2749302918" lon="114.2871603666"><ele>217.000</ele></trkpt>
      <trkpt lat="22.2749172155" lon="114.2871734552"><ele>216.000</ele></trkpt>
      <trkpt lat="22.2749112527" lon="114.2871773996"><ele>216.000</ele></trkpt>
      <trkpt lat="22.2749000102" lon="114.2871897523"><ele>216.000</ele></trkpt>
      <trkpt lat="22.2748885492" lon="114.2872045596"><ele>216.000</ele></trkpt>
      <trkpt lat="22.2748752494" lon="114.2872277681"><ele>216.000</ele></trkpt>
      <trkpt lat="22.2748516396" lon="114.2872598564"><ele>214.000</ele></trkpt>
      <trkpt lat="22.2748342059" lon="114.2872798501"><ele>214.000</ele></trkpt>
      <trkpt lat="22.2748105892" lon="114.2873087364"><ele>214.000</ele></trkpt>
      <trkpt lat="22.2747846707" lon="114.2873361461"><ele>214.000</ele></trkpt>
      <trkpt lat="22.2747782456" lon="114.2873425643"><ele>213.000</ele></trkpt>
      <trkpt lat="22.2747711419" lon="114.2873507092"><ele>213.000</ele></trkpt>
      <trkpt lat="22.2747596716" lon="114.2873660210"><ele>213.000</ele></trkpt>
      <trkpt lat="22.2747539402" lon="114.2873749043"><ele>213.000</ele></trkpt>
      <trkpt lat="22.2747452329" lon="114.2873907035"><ele>212.000</ele></trkpt>
      <trkpt lat="22.2747323955" lon="114.2874111858"><ele>212.000</ele></trkpt>
      <trkpt lat="22.2747257479" lon="114.2874259969"><ele>212.000</ele></trkpt>
      <trkpt lat="22.2747218623" lon="114.2874427798"><ele>212.000</ele></trkpt>
      <trkpt lat="22.2747175038" lon="114.2874511694"><ele>212.000</ele></trkpt>
      <trkpt lat="22.2747126950" lon="114.2874578315"><ele>212.000</ele></trkpt>
      <trkpt lat="22.2747012270" lon="114.2874696890"><ele>212.000</ele></trkpt>
      <trkpt lat="22.2746966353" lon="114.2874758565"><ele>212.000</ele></trkpt>
      <trkpt lat="22.2746831106" lon="114.2874975802"><ele>213.000</ele></trkpt>
      <trkpt lat="22.2746787527" lon="114.2875052324"><ele>213.000</ele></trkpt>
      <trkpt lat="22.2746739415" lon="114.2875153487"><ele>213.000</ele></trkpt>
      <trkpt lat="22.2746709650" lon="114.2875232542"><ele>213.000</ele></trkpt>
      <trkpt lat="22.2746634038" lon="114.2875402768"><ele>212.000</ele></trkpt>
      <trkpt lat="22.2746542338" lon="114.2875592872"><ele>212.000</ele></trkpt>
      <trkpt lat="22.2746423159" lon="114.2875819922"><ele>212.000</ele></trkpt>
      <trkpt lat="22.2746329146" lon="114.2875958211"><ele>212.000</ele></trkpt>
      <trkpt lat="22.2746269582" lon="114.2876034719"><ele>212.000</ele></trkpt>
      <trkpt lat="22.2746205329" lon="114.2876101327"><ele>212.000</ele></trkpt>
      <trkpt lat="22.2745959910" lon="114.2876316150"><ele>212.000</ele></trkpt>
      <trkpt lat="22.2745909476" lon="114.2876380343"><ele>212.000</ele></trkpt>
      <trkpt lat="22.2745863631" lon="114.2876466759"><ele>212.000</ele></trkpt>
      <trkpt lat="22.2745836116" lon="114.2876558041"><ele>212.000</ele></trkpt>
      <trkpt lat="22.2745760643" lon="114.2876920869"><ele>210.000</ele></trkpt>
      <trkpt lat="22.2745730882" lon="114.2876994878"><ele>210.000</ele></trkpt>
      <trkpt lat="22.2745650666" lon="114.2877162675"><ele>210.000</ele></trkpt>
      <trkpt lat="22.2745613956" lon="114.2877229401"><ele>210.000</ele></trkpt>
      <trkpt lat="22.2745462708" lon="114.2877471271"><ele>210.000</ele></trkpt>
      <trkpt lat="22.2745345789" lon="114.2877695897"><ele>210.000</ele></trkpt>
      <trkpt lat="22.2745313679" lon="114.2877769905"><ele>208.000</ele></trkpt>
      <trkpt lat="22.2745293129" lon="114.2877843922"><ele>208.000</ele></trkpt>
      <trkpt lat="22.2745237136" lon="114.2878113132"><ele>208.000</ele></trkpt>
      <trkpt lat="22.2745190635" lon="114.2878234575"><ele>208.000</ele></trkpt>
      <trkpt lat="22.2745125805" lon="114.2878352607"><ele>208.000</ele></trkpt>
      <trkpt lat="22.2745028816" lon="114.2878485266"><ele>208.000</ele></trkpt>
      <trkpt lat="22.2744866684" lon="114.2878795338"><ele>206.000</ele></trkpt>
      <trkpt lat="22.2744764765" lon="114.2879006877"><ele>206.000</ele></trkpt>
      <trkpt lat="22.2744703900" lon="114.2879268127"><ele>206.000</ele></trkpt>
      <trkpt lat="22.2744697698" lon="114.2879489541"><ele>206.000</ele></trkpt>
      <trkpt lat="22.2744711406" lon="114.2879647999"><ele>206.000</ele></trkpt>
      <trkpt lat="22.2744709166" lon="114.2879754147"><ele>204.000</ele></trkpt>
      <trkpt lat="22.2744674924" lon="114.2879909560"><ele>204.000</ele></trkpt>
      <trkpt lat="22.2744606166" lon="114.2880092210"><ele>204.000</ele></trkpt>
      <trkpt lat="22.2744521334" lon="114.2880274848"><ele>204.000</ele></trkpt>
      <trkpt lat="22.2744406815" lon="114.2880553714"><ele>204.000</ele></trkpt>
      <trkpt lat="22.2744280870" lon="114.2880901753"><ele>204.000</ele></trkpt>
      <trkpt lat="22.2744257965" lon="114.2880985664"><ele>204.000</ele></trkpt>
      <trkpt lat="22.2744228202" lon="114.2881062099"><ele>204.000</ele></trkpt>
      <trkpt lat="22.2744129745" lon="114.2881491566"><ele>204.000</ele></trkpt>
      <trkpt lat="22.2744095376" lon="114.2881567998"><ele>204.000</ele></trkpt>
      <trkpt lat="22.2744054151" lon="114.2881634721"><ele>204.000</ele></trkpt>
      <trkpt lat="22.2743776660" lon="114.2882000007"><ele>204.000</ele></trkpt>
      <trkpt lat="22.2743377716" lon="114.2882614658"><ele>204.000</ele></trkpt>
      <trkpt lat="22.2743336488" lon="114.2882686329"><ele>204.000</ele></trkpt>
      <trkpt lat="22.2743219521" lon="114.2882846721"><ele>204.000</ele></trkpt>
      <trkpt lat="22.2743173685" lon="114.2882920815"><ele>204.000</ele></trkpt>
      <trkpt lat="22.2742994806" lon="114.2883157811"><ele>204.000</ele></trkpt>
      <trkpt lat="22.2742779326" lon="114.2883434268"><ele>204.000</ele></trkpt>
      <trkpt lat="22.2742664637" lon="114.2883565165"><ele>204.000</ele></trkpt>
      <trkpt lat="22.2742442161" lon="114.2883772532"><ele>204.000</ele></trkpt>
      <trkpt lat="22.2742334351" lon="114.2883881216"><ele>206.000</ele></trkpt>
      <trkpt lat="22.2742043103" lon="114.2884157710"><ele>206.000</ele></trkpt>
      <trkpt lat="22.2741974236" lon="114.2884236733"><ele>206.000</ele></trkpt>
      <trkpt lat="22.2741880231" lon="114.2884362601"><ele>208.000</ele></trkpt>
      <trkpt lat="22.2741767938" lon="114.2884555114"><ele>208.000</ele></trkpt>
      <trkpt lat="22.2741688388" lon="114.2884671873"><ele>208.000</ele></trkpt>
      <trkpt lat="22.2741540790" lon="114.2884858050"><ele>208.000</ele></trkpt>
      <trkpt lat="22.2741386794" lon="114.2885023458"><ele>208.000</ele></trkpt>
      <trkpt lat="22.2741205616" lon="114.2885188553"><ele>208.000</ele></trkpt>
      <trkpt lat="22.2741028613" lon="114.2885324737"><ele>208.000</ele></trkpt>
      <trkpt lat="22.2740938722" lon="114.2885376479"><ele>208.000</ele></trkpt>
      <trkpt lat="22.2740833466" lon="114.2885448099"><ele>208.000</ele></trkpt>
      <trkpt lat="22.2740738231" lon="114.2885524676"><ele>208.000</ele></trkpt>
      <trkpt lat="22.2740652836" lon="114.2885604657"><ele>208.000</ele></trkpt>
      <trkpt lat="22.2740588400" lon="114.2885660707"><ele>208.000</ele></trkpt>
      <trkpt lat="22.2740554885" lon="114.2885689770"><ele>208.000</ele></trkpt>
      <trkpt lat="22.2740451143" lon="114.2885792052"><ele>208.000</ele></trkpt>
      <trkpt lat="22.2740353898" lon="114.2885901520"><ele>208.000</ele></trkpt>
      <trkpt lat="22.2740254563" lon="114.2886030197"><ele>208.000</ele></trkpt>
      <trkpt lat="22.2740139966" lon="114.2886159736"><ele>209.000</ele></trkpt>
      <trkpt lat="22.2740009651" lon="114.2886295278"><ele>209.000</ele></trkpt>
      <trkpt lat="22.2739995445" lon="114.2886308870"><ele>209.000</ele></trkpt>
      <trkpt lat="22.2739885398" lon="114.2886414136"><ele>209.000</ele></trkpt>
      <trkpt lat="22.2739750850" lon="114.2886532500"><ele>210.000</ele></trkpt>
      <trkpt lat="22.2739693014" lon="114.2886590477"><ele>210.000</ele></trkpt>
      <trkpt lat="22.2739609698" lon="114.2886668712"><ele>208.000</ele></trkpt>
      <trkpt lat="22.2739416841" lon="114.2886876296"><ele>208.000</ele></trkpt>
      <trkpt lat="22.2739153346" lon="114.2887241495"><ele>206.000</ele></trkpt>
      <trkpt lat="22.2739037615" lon="114.2887443124"><ele>206.000</ele></trkpt>
      <trkpt lat="22.2738949850" lon="114.2887556189"><ele>206.000</ele></trkpt>
      <trkpt lat="22.2738714721" lon="114.2887776935"><ele>204.000</ele></trkpt>
      <trkpt lat="22.2738585478" lon="114.2887929167"><ele>203.000</ele></trkpt>
      <trkpt lat="22.2738534786" lon="114.2887973274"><ele>203.000</ele></trkpt>
      <trkpt lat="22.2738465671" lon="114.2888017367"><ele>203.000</ele></trkpt>
      <trkpt lat="22.2738295591" lon="114.2888065745"><ele>201.000</ele></trkpt>
      <trkpt lat="22.2738185317" lon="114.2888079921"><ele>201.000</ele></trkpt>
      <trkpt lat="22.2738110440" lon="114.2888099267"><ele>201.000</ele></trkpt>
      <trkpt lat="22.2738038612" lon="114.2888148500"><ele>201.000</ele></trkpt>
      <trkpt lat="22.2737785957" lon="114.2888378352"><ele>200.000</ele></trkpt>
      <trkpt lat="22.2737714496" lon="114.2888419726"><ele>198.000</ele></trkpt>
      <trkpt lat="22.2737590087" lon="114.2888502586"><ele>198.000</ele></trkpt>
      <trkpt lat="22.2737359321" lon="114.2888681710"><ele>196.000</ele></trkpt>
      <trkpt lat="22.2737144172" lon="114.2888870453"><ele>196.000</ele></trkpt>
      <trkpt lat="22.2736937468" lon="114.2889121202"><ele>194.000</ele></trkpt>
      <trkpt lat="22.2736734369" lon="114.2889383695"><ele>192.000</ele></trkpt>
      <trkpt lat="22.2736506102" lon="114.2889605610"><ele>190.000</ele></trkpt>
      <trkpt lat="22.2736280074" lon="114.2889853240"><ele>190.000</ele></trkpt>
      <trkpt lat="22.2736055788" lon="114.2890064582"><ele>187.000</ele></trkpt>
      <trkpt lat="22.2735931138" lon="114.2890234863"><ele>187.000</ele></trkpt>
      <trkpt lat="22.2735858645" lon="114.2890593712"><ele>184.000</ele></trkpt>
      <trkpt lat="22.2735838187" lon="114.2890925822"><ele>183.000</ele></trkpt>
      <trkpt lat="22.2735740269" lon="114.2891224396"><ele>183.000</ele></trkpt>
      <trkpt lat="22.2735707666" lon="114.2891488868"><ele>181.000</ele></trkpt>
      <trkpt lat="22.2735756437" lon="114.2891742247"><ele>181.000</ele></trkpt>
      <trkpt lat="22.2735693659" lon="114.2892025615"><ele>179.000</ele></trkpt>
      <trkpt lat="22.2735624839" lon="114.2892296268"><ele>177.000</ele></trkpt>
      <trkpt lat="22.2735430340" lon="114.2892657444"><ele>176.000</ele></trkpt>
      <trkpt lat="22.2735220265" lon="114.2892689587"><ele>176.000</ele></trkpt>
      <trkpt lat="22.2734841094" lon="114.2892521717"><ele>176.000</ele></trkpt>
      <trkpt lat="22.2734542054" lon="114.2892443952"><ele>174.000</ele></trkpt>
      <trkpt lat="22.2734429192" lon="114.2892674497"><ele>174.000</ele></trkpt>
      <trkpt lat="22.2734218517" lon="114.2892790471"><ele>171.000</ele></trkpt>
      <trkpt lat="22.2733892513" lon="114.2892527654"><ele>172.000</ele></trkpt>
      <trkpt lat="22.2733683108" lon="114.2892504976"><ele>168.000</ele></trkpt>
      <trkpt lat="22.2733753811" lon="114.2892906533"><ele>168.000</ele></trkpt>
      <trkpt lat="22.2733627968" lon="114.2892972994"><ele>168.000</ele></trkpt>
      <trkpt lat="22.2733483087" lon="114.2893146655"><ele>168.000</ele></trkpt>
      <trkpt lat="22.2733296480" lon="114.2893586914"><ele>164.000</ele></trkpt>
      <trkpt lat="22.2733191555" lon="114.2893830564"><ele>163.000</ele></trkpt>
      <trkpt lat="22.2733066199" lon="114.2894236913"><ele>161.000</ele></trkpt>
      <trkpt lat="22.2732900402" lon="114.2894360685"><ele>158.000</ele></trkpt>
      <trkpt lat="22.2733051187" lon="114.2894802281"><ele>160.000</ele></trkpt>
      <trkpt lat="22.2733045763" lon="114.2894810495"><ele>160.000</ele></trkpt>
      <trkpt lat="22.2733045040" lon="114.2894811591"><ele>160.000</ele></trkpt>
      <trkpt lat="22.2732968189" lon="114.2894928060"><ele>160.000</ele></trkpt>
      <trkpt lat="22.2732847151" lon="114.2895098344"><ele>158.000</ele></trkpt>
      <trkpt lat="22.2732806015" lon="114.2895295762"><ele>156.000</ele></trkpt>
      <trkpt lat="22.2732623206" lon="114.2895076527"><ele>158.000</ele></trkpt>
      <trkpt lat="22.2732517944" lon="114.2895156200"><ele>158.000</ele></trkpt>
      <trkpt lat="22.2732428897" lon="114.2895293228"><ele>153.000</ele></trkpt>
      <trkpt lat="22.2732302153" lon="114.2895227633"><ele>153.000</ele></trkpt>
      <trkpt lat="22.2732204094" lon="114.2895207761"><ele>153.000</ele></trkpt>
      <trkpt lat="22.2732080030" lon="114.2895052999"><ele>155.000</ele></trkpt>
      <trkpt lat="22.2731991845" lon="114.2895119102"><ele>152.000</ele></trkpt>
      <trkpt lat="22.2731907148" lon="114.2895234788"><ele>150.000</ele></trkpt>
      <trkpt lat="22.2731810117" lon="114.2895425175"><ele>150.000</ele></trkpt>
      <trkpt lat="22.2731762027" lon="114.2895622879"><ele>150.000</ele></trkpt>
      <trkpt lat="22.2731641304" lon="114.2895729222"><ele>150.000</ele></trkpt>
      <trkpt lat="22.2731560139" lon="114.2895829774"><ele>150.000</ele></trkpt>
      <trkpt lat="22.2731505348" lon="114.2896054058"><ele>148.000</ele></trkpt>
      <trkpt lat="22.2731475673" lon="114.2896263517"><ele>145.000</ele></trkpt>
      <trkpt lat="22.2731507659" lon="114.2896497962"><ele>145.000</ele></trkpt>
      <trkpt lat="22.2731467018" lon="114.2896631730"><ele>145.000</ele></trkpt>
      <trkpt lat="22.2731372123" lon="114.2896737220"><ele>144.000</ele></trkpt>
      <trkpt lat="22.2731356737" lon="114.2896917097"><ele>144.000</ele></trkpt>
      <trkpt lat="22.2731321240" lon="114.2897056594"><ele>144.000</ele></trkpt>
      <trkpt lat="22.2731152598" lon="114.2896983591"><ele>144.000</ele></trkpt>
      <trkpt lat="22.2730973831" lon="114.2896926298"><ele>142.000</ele></trkpt>
      <trkpt lat="22.2730899792" lon="114.2897039373"><ele>142.000</ele></trkpt>
      <trkpt lat="22.2730790958" lon="114.2897191134"><ele>140.000</ele></trkpt>
      <trkpt lat="22.2730857678" lon="114.2897343521"><ele>140.000</ele></trkpt>
      <trkpt lat="22.2730916174" lon="114.2897506671"><ele>140.000</ele></trkpt>
      <trkpt lat="22.2730803039" lon="114.2897609138"><ele>140.000</ele></trkpt>
      <trkpt lat="22.2730618737" lon="114.2897719796"><ele>137.000</ele></trkpt>
      <trkpt lat="22.2730466792" lon="114.2897791377"><ele>137.000</ele></trkpt>
      <trkpt lat="22.2730277171" lon="114.2897759400"><ele>137.000</ele></trkpt>
      <trkpt lat="22.2730107064" lon="114.2897585487"><ele>136.000</ele></trkpt>
      <trkpt lat="22.2729932425" lon="114.2897567300"><ele>136.000</ele></trkpt>
      <trkpt lat="22.2729869680" lon="114.2897670972"><ele>135.000</ele></trkpt>
      <trkpt lat="22.2729793728" lon="114.2897937445"><ele>135.000</ele></trkpt>
      <trkpt lat="22.2729698032" lon="114.2898155292"><ele>132.000</ele></trkpt>
      <trkpt lat="22.2729534174" lon="114.2898215415"><ele>132.000</ele></trkpt>
      <trkpt lat="22.2729399855" lon="114.2898264403"><ele>132.000</ele></trkpt>
      <trkpt lat="22.2729301684" lon="114.2898145174"><ele>132.000</ele></trkpt>
      <trkpt lat="22.2729222201" lon="114.2898165680"><ele>130.000</ele></trkpt>
      <trkpt lat="22.2729102669" lon="114.2898246311"><ele>130.000</ele></trkpt>
      <trkpt lat="22.2729004122" lon="114.2898409238"><ele>130.000</ele></trkpt>
      <trkpt lat="22.2728822923" lon="114.2898473131"><ele>127.000</ele></trkpt>
      <trkpt lat="22.2728685886" lon="114.2898533663"><ele>127.000</ele></trkpt>
      <trkpt lat="22.2728621029" lon="114.2898687593"><ele>127.000</ele></trkpt>
      <trkpt lat="22.2728494115" lon="114.2898866798"><ele>127.000</ele></trkpt>
      <trkpt lat="22.2728346368" lon="114.2899004555"><ele>124.000</ele></trkpt>
      <trkpt lat="22.2728167767" lon="114.2899097558"><ele>124.000</ele></trkpt>
      <trkpt lat="22.2728022359" lon="114.2898989740"><ele>124.000</ele></trkpt>
      <trkpt lat="22.2727869166" lon="114.2898908308"><ele>121.000</ele></trkpt>
      <trkpt lat="22.2727760348" lon="114.2898777234"><ele>121.000</ele></trkpt>
      <trkpt lat="22.2727608972" lon="114.2898679115"><ele>121.000</ele></trkpt>
      <trkpt lat="22.2727505013" lon="114.2898832820"><ele>121.000</ele></trkpt>
      <trkpt lat="22.2727361212" lon="114.2899009876"><ele>118.000</ele></trkpt>
      <trkpt lat="22.2727184680" lon="114.2899116173"><ele>118.000</ele></trkpt>
      <trkpt lat="22.2726979033" lon="114.2899273483"><ele>115.000</ele></trkpt>
      <trkpt lat="22.2726793133" lon="114.2899474665"><ele>115.000</ele></trkpt>
      <trkpt lat="22.2726655111" lon="114.2899652114"><ele>116.000</ele></trkpt>
      <trkpt lat="22.2726542324" lon="114.2899773890"><ele>112.000</ele></trkpt>
      <trkpt lat="22.2726468406" lon="114.2899712509"><ele>112.000</ele></trkpt>
      <trkpt lat="22.2726407175" lon="114.2899457278"><ele>112.000</ele></trkpt>
      <trkpt lat="22.2726321604" lon="114.2899401807"><ele>112.000</ele></trkpt>
      <trkpt lat="22.2726190042" lon="114.2899380937"><ele>112.000</ele></trkpt>
      <trkpt lat="22.2726112412" lon="114.2899203218"><ele>110.000</ele></trkpt>
      <trkpt lat="22.2726007214" lon="114.2898930681"><ele>110.000</ele></trkpt>
      <trkpt lat="22.2725863656" lon="114.2898759603"><ele>110.000</ele></trkpt>
      <trkpt lat="22.2725699527" lon="114.2898820308"><ele>110.000</ele></trkpt>
      <trkpt lat="22.2725592632" lon="114.2899040085"><ele>106.000</ele></trkpt>
      <trkpt lat="22.2725480525" lon="114.2898963150"><ele>106.000</ele></trkpt>
      <trkpt lat="22.2725376801" lon="114.2898779103"><ele>106.000</ele></trkpt>
      <trkpt lat="22.2725270479" lon="114.2898694022"><ele>106.000</ele></trkpt>
      <trkpt lat="22.2725126389" lon="114.2898767646"><ele>104.000</ele></trkpt>
      <trkpt lat="22.2724965561" lon="114.2898757620"><ele>104.000</ele></trkpt>
      <trkpt lat="22.2724875339" lon="114.2898635391"><ele>104.000</ele></trkpt>
      <trkpt lat="22.2724826140" lon="114.2898351159"><ele>103.000</ele></trkpt>
      <trkpt lat="22.2724819656" lon="114.2897935101"><ele>104.000</ele></trkpt>
      <trkpt lat="22.2724715462" lon="114.2897777736"><ele>100.000</ele></trkpt>
      <trkpt lat="22.2724570339" lon="114.2897908704"><ele>100.000</ele></trkpt>
      <trkpt lat="22.2724477689" lon="114.2898160900"><ele>100.000</ele></trkpt>
      <trkpt lat="22.2724350711" lon="114.2898430921"><ele>100.000</ele></trkpt>
      <trkpt lat="22.2724271131" lon="114.2898590176"><ele>98.000</ele></trkpt>
      <trkpt lat="22.2724106339" lon="114.2898824849"><ele>98.000</ele></trkpt>
      <trkpt lat="22.2723950507" lon="114.2898902831"><ele>98.000</ele></trkpt>
      <trkpt lat="22.2723806870" lon="114.2898714580"><ele>96.000</ele></trkpt>
      <trkpt lat="22.2723683405" lon="114.2898607945"><ele>96.000</ele></trkpt>
      <trkpt lat="22.2723485152" lon="114.2898522790"><ele>94.000</ele></trkpt>
      <trkpt lat="22.2723359394" lon="114.2898595847"><ele>93.000</ele></trkpt>
      <trkpt lat="22.2723251435" lon="114.2898787583"><ele>93.000</ele></trkpt>
      <trkpt lat="22.2723279022" lon="114.2898984376"><ele>93.000</ele></trkpt>
      <trkpt lat="22.2723113810" lon="114.2899044400"><ele>93.000</ele></trkpt>
      <trkpt lat="22.2723012448" lon="114.2898970190"><ele>93.000</ele></trkpt>
      <trkpt lat="22.2722968699" lon="114.2898768824"><ele>90.000</ele></trkpt>
      <trkpt lat="22.2722702091" lon="114.2898932876"><ele>90.000</ele></trkpt>
      <trkpt lat="22.2722586801" lon="114.2898757164"><ele>90.000</ele></trkpt>
      <trkpt lat="22.2722420487" lon="114.2898584129"><ele>87.000</ele></trkpt>
      <trkpt lat="22.2722317587" lon="114.2898773249"><ele>87.000</ele></trkpt>
      <trkpt lat="22.2722261869" lon="114.2899031296"><ele>87.000</ele></trkpt>
      <trkpt lat="22.2722261237" lon="114.2899419888"><ele>87.000</ele></trkpt>
      <trkpt lat="22.2722144464" lon="114.2899689044"><ele>87.000</ele></trkpt>
      <trkpt lat="22.2722056299" lon="114.2899986458"><ele>84.000</ele></trkpt>
      <trkpt lat="22.2721998042" lon="114.2900258378"><ele>84.000</ele></trkpt>
      <trkpt lat="22.2721908566" lon="114.2900233467"><ele>84.000</ele></trkpt>
      <trkpt lat="22.2721760503" lon="114.2900176975"><ele>84.000</ele></trkpt>
      <trkpt lat="22.2721570044" lon="114.2900180994"><ele>80.000</ele></trkpt>
      <trkpt lat="22.2721408081" lon="114.2900243543"><ele>80.000</ele></trkpt>
      <trkpt lat="22.2721296461" lon="114.2900375604"><ele>80.000</ele></trkpt>
      <trkpt lat="22.2721148019" lon="114.2900474452"><ele>78.000</ele></trkpt>
      <trkpt lat="22.2721092259" lon="114.2900662057"><ele>78.000</ele></trkpt>
      <trkpt lat="22.2721012064" lon="114.2900795890"><ele>78.000</ele></trkpt>
      <trkpt lat="22.2720847203" lon="114.2900741519"><ele>78.000</ele></trkpt>
      <trkpt lat="22.2720772118" lon="114.2900798607"><ele>78.000</ele></trkpt>
      <trkpt lat="22.2720719049" lon="114.2901013091"><ele>78.000</ele></trkpt>
      <trkpt lat="22.2720594172" lon="114.2900989219"><ele>75.000</ele></trkpt>
      <trkpt lat="22.2720475109" lon="114.2900786919"><ele>75.000</ele></trkpt>
      <trkpt lat="22.2720337195" lon="114.2900809415"><ele>75.000</ele></trkpt>
      <trkpt lat="22.2720099029" lon="114.2900979312"><ele>72.000</ele></trkpt>
      <trkpt lat="22.2719905773" lon="114.2901109948"><ele>72.000</ele></trkpt>
      <trkpt lat="22.2719696936" lon="114.2901308394"><ele>70.000</ele></trkpt>
      <trkpt lat="22.2719531802" lon="114.2901516092"><ele>71.000</ele></trkpt>
      <trkpt lat="22.2719028277" lon="114.2901223345"><ele>68.000</ele></trkpt>
      <trkpt lat="22.2718898719" lon="114.2900920032"><ele>66.000</ele></trkpt>
      <trkpt lat="22.2718687368" lon="114.2900839039"><ele>66.000</ele></trkpt>
      <trkpt lat="22.2718513853" lon="114.2901408834"><ele>65.000</ele></trkpt>
      <trkpt lat="22.2718325290" lon="114.2901284294"><ele>64.000</ele></trkpt>
      <trkpt lat="22.2718132764" lon="114.2901015763"><ele>64.000</ele></trkpt>
      <trkpt lat="22.2717871412" lon="114.2901411325"><ele>64.000</ele></trkpt>
      <trkpt lat="22.2717798907" lon="114.2901912991"><ele>64.000</ele></trkpt>
      <trkpt lat="22.2717610599" lon="114.2901940977"><ele>64.000</ele></trkpt>
      <trkpt lat="22.2717429952" lon="114.2901989345"><ele>62.000</ele></trkpt>
      <trkpt lat="22.2717346309" lon="114.2902017803"><ele>62.000</ele></trkpt>
      <trkpt lat="22.2716956850" lon="114.2902230463"><ele>62.000</ele></trkpt>
      <trkpt lat="22.2716841922" lon="114.2902314201"><ele>62.000</ele></trkpt>
      <trkpt lat="22.2716635222" lon="114.2902427362"><ele>62.000</ele></trkpt>
      <trkpt lat="22.2716520394" lon="114.2902496255"><ele>60.000</ele></trkpt>
      <trkpt lat="22.2716252658" lon="114.2902593454"><ele>60.000</ele></trkpt>
      <trkpt lat="22.2716300748" lon="114.2902914748"><ele>60.000</ele></trkpt>
      <trkpt lat="22.2716315632" lon="114.2903067868"><ele>60.000</ele></trkpt>
      <trkpt lat="22.2716328909" lon="114.2903452977"><ele>60.000</ele></trkpt>
      <trkpt lat="22.2716342133" lon="114.2903524593"><ele>60.000</ele></trkpt>
      <trkpt lat="22.2716375648" lon="114.2903638432"><ele>60.000</ele></trkpt>
      <trkpt lat="22.2716404947" lon="114.2903710255"><ele>60.000</ele></trkpt>
      <trkpt lat="22.2716407101" lon="114.2903730051"><ele>60.000</ele></trkpt>
      <trkpt lat="22.2716438455" lon="114.2903833894"><ele>60.000</ele></trkpt>
      <trkpt lat="22.2716512737" lon="114.2904019663"><ele>58.000</ele></trkpt>
      <trkpt lat="22.2716623675" lon="114.2904217978"><ele>58.000</ele></trkpt>
      <trkpt lat="22.2716761457" lon="114.2904512856"><ele>60.000</ele></trkpt>
      <trkpt lat="22.2716845055" lon="114.2904678839"><ele>60.000</ele></trkpt>
      <trkpt lat="22.2716892287" lon="114.2904805109"><ele>60.000</ele></trkpt>
      <trkpt lat="22.2717008990" lon="114.2905154111"><ele>60.000</ele></trkpt>
      <trkpt lat="22.2717086774" lon="114.2905497745"><ele>60.000</ele></trkpt>
      <trkpt lat="22.2717139675" lon="114.2905781979"><ele>62.000</ele></trkpt>
      <trkpt lat="22.2717162017" lon="114.2905858745"><ele>60.000</ele></trkpt>
      <trkpt lat="22.2717204842" lon="114.2905960269"><ele>60.000</ele></trkpt>
      <trkpt lat="22.2717306657" lon="114.2906161003"><ele>60.000</ele></trkpt>
      <trkpt lat="22.2717344976" lon="114.2906247679"><ele>60.000</ele></trkpt>
      <trkpt lat="22.2717385744" lon="114.2906319608"><ele>60.000</ele></trkpt>
      <trkpt lat="22.2717431128" lon="114.2906376794"><ele>60.000</ele></trkpt>
      <trkpt lat="22.2717483563" lon="114.2906424088"><ele>60.000</ele></trkpt>
      <trkpt lat="22.2717690661" lon="114.2906645476"><ele>62.000</ele></trkpt>
      <trkpt lat="22.2717991180" lon="114.2907061576"><ele>60.000</ele></trkpt>
      <trkpt lat="22.2718008676" lon="114.2907095258"><ele>62.000</ele></trkpt>
      <trkpt lat="22.2718022643" lon="114.2907137961"><ele>62.000</ele></trkpt>
      <trkpt lat="22.2718065303" lon="114.2907215908"><ele>62.000</ele></trkpt>
      <trkpt lat="22.2718216967" lon="114.2907417362"><ele>61.000</ele></trkpt>
      <trkpt lat="22.2718275888" lon="114.2907487074"><ele>61.000</ele></trkpt>
      <trkpt lat="22.2718307745" lon="114.2907517082"><ele>61.000</ele></trkpt>
      <trkpt lat="22.2718355198" lon="114.2907586688"><ele>61.000</ele></trkpt>
      <trkpt lat="22.2718604501" lon="114.2907890293"><ele>62.000</ele></trkpt>
      <trkpt lat="22.2718793621" lon="114.2908249930"><ele>62.000</ele></trkpt>
      <trkpt lat="22.2718826769" lon="114.2908371143"><ele>62.000</ele></trkpt>
      <trkpt lat="22.2718876205" lon="114.2908702044"><ele>62.000</ele></trkpt>
      <trkpt lat="22.2718883769" lon="114.2908862339"><ele>62.000</ele></trkpt>
      <trkpt lat="22.2718868207" lon="114.2909032220"><ele>62.000</ele></trkpt>
      <trkpt lat="22.2718881246" lon="114.2909111307"><ele>62.000</ele></trkpt>
      <trkpt lat="22.2718941645" lon="114.2909262330"><ele>61.000</ele></trkpt>
      <trkpt lat="22.2718984527" lon="114.2909409845"><ele>61.000</ele></trkpt>
      <trkpt lat="22.2719102043" lon="114.2909628464"><ele>61.000</ele></trkpt>
      <trkpt lat="22.2719339676" lon="114.2910140066"><ele>60.000</ele></trkpt>
      <trkpt lat="22.2719543318" lon="114.2910639463"><ele>60.000</ele></trkpt>
      <trkpt lat="22.2719671418" lon="114.2911126612"><ele>60.000</ele></trkpt>
      <trkpt lat="22.2719682446" lon="114.2911560913"><ele>60.000</ele></trkpt>
      <trkpt lat="22.2719614128" lon="114.2912011382"><ele>58.000</ele></trkpt>
      <trkpt lat="22.2719515591" lon="114.2912465882"><ele>55.000</ele></trkpt>
      <trkpt lat="22.2719515273" lon="114.2912916407"><ele>52.000</ele></trkpt>
      <trkpt lat="22.2719564140" lon="114.2913183280"><ele>50.000</ele></trkpt>
    </trkseg>
  </trk>
</gpx>
