<?xml version="1.0" encoding="UTF-8"?>
<gpx xmlns:xsi="http://www.w3.org/2001/XMLSchema-instance"
     xsi:schemaLocation="http://www.topografix.com/GPX/1/1 http://www.topografix.com/GPX/1/1/gpx.xsd"
     version="1.1" creator="json3d_batch_to_gpx"
     xmlns="http://www.topografix.com/GPX/1/1">
  <metadata>
    <name>FanLauCountryTrail</name>
  </metadata>
  <trk>
    <name>FanLauCountryTrail</name>
    <type>hike</type>
    <trkseg>
      <trkpt lat="22.2038271564" lon="113.8563860469"><ele>64.000</ele></trkpt>
      <trkpt lat="22.2038238637" lon="113.8563809678"><ele>64.000</ele></trkpt>
      <trkpt lat="22.2037998525" lon="113.8563494557"><ele>66.000</ele></trkpt>
      <trkpt lat="22.2037602327" lon="113.8563206459"><ele>64.000</ele></trkpt>
      <trkpt lat="22.2037414093" lon="113.8563059905"><ele>62.000</ele></trkpt>
      <trkpt lat="22.2037204641" lon="113.8562896836"><ele>62.000</ele></trkpt>
      <trkpt lat="22.2036805539" lon="113.8562555989"><ele>60.000</ele></trkpt>
      <trkpt lat="22.2036368357" lon="113.8562276228"><ele>60.000</ele></trkpt>
      <trkpt lat="22.2035973472" lon="113.8561967083"><ele>58.000</ele></trkpt>
      <trkpt lat="22.2035768738" lon="113.8561595344"><ele>58.000</ele></trkpt>
      <trkpt lat="22.2035823450" lon="113.8561084238"><ele>57.000</ele></trkpt>
      <trkpt lat="22.2035986128" lon="113.8560506651"><ele>56.000</ele></trkpt>
      <trkpt lat="22.2035893867" lon="113.8560339863"><ele>56.000</ele></trkpt>
      <trkpt lat="22.2035523635" lon="113.8560168373"><ele>56.000</ele></trkpt>
      <trkpt lat="22.2034956877" lon="113.8559987050"><ele>54.000</ele></trkpt>
      <trkpt lat="22.2034433521" lon="113.8559833365"><ele>54.000</ele></trkpt>
      <trkpt lat="22.2033903224" lon="113.8559640322"><ele>51.000</ele></trkpt>
      <trkpt lat="22.2033944239" lon="113.8559190151"><ele>51.000</ele></trkpt>
      <trkpt lat="22.2033988364" lon="113.8558760144"><ele>49.000</ele></trkpt>
      <trkpt lat="22.2033703297" lon="113.8558454534"><ele>45.000</ele></trkpt>
      <trkpt lat="22.2033255498" lon="113.8558332195"><ele>43.000</ele></trkpt>
      <trkpt lat="22.2032971452" lon="113.8558086418"><ele>42.000</ele></trkpt>
      <trkpt lat="22.2033239275" lon="113.8557890398"><ele>42.000</ele></trkpt>
      <trkpt lat="22.2033579467" lon="113.8557894764"><ele>44.000</ele></trkpt>
      <trkpt lat="22.2033999728" lon="113.8557882559"><ele>47.000</ele></trkpt>
      <trkpt lat="22.2034212815" lon="113.8557819038"><ele>47.000</ele></trkpt>
      <trkpt lat="22.2034213524" lon="113.8557445572"><ele>48.000</ele></trkpt>
      <trkpt lat="22.2034212370" lon="113.8556998115"><ele>47.000</ele></trkpt>
      <trkpt lat="22.2034419822" lon="113.8556503537"><ele>50.000</ele></trkpt>
      <trkpt lat="22.2034388239" lon="113.8556012412"><ele>46.000</ele></trkpt>
      <trkpt lat="22.2034237536" lon="113.8555564131"><ele>40.000</ele></trkpt>
      <trkpt lat="22.2034256524" lon="113.8555118471"><ele>39.000</ele></trkpt>
      <trkpt lat="22.2034436221" lon="113.8554608924"><ele>42.000</ele></trkpt>
      <trkpt lat="22.2034315863" lon="113.8554298964"><ele>41.000</ele></trkpt>
      <trkpt lat="22.2033784845" lon="113.8554015249"><ele>38.000</ele></trkpt>
      <trkpt lat="22.2033374751" lon="113.8553688201"><ele>35.000</ele></trkpt>
      <trkpt lat="22.2033152341" lon="113.8553329693"><ele>35.000</ele></trkpt>
      <trkpt lat="22.2033260059" lon="113.8552817789"><ele>35.000</ele></trkpt>
      <trkpt lat="22.2033265177" lon="113.8552345782"><ele>35.000</ele></trkpt>
      <trkpt lat="22.2033257833" lon="113.8552340174"><ele>35.000</ele></trkpt>
      <trkpt lat="22.2033297613" lon="113.8552106753"><ele>35.000</ele></trkpt>
      <trkpt lat="22.2033377850" lon="113.8551494286"><ele>38.000</ele></trkpt>
      <trkpt lat="22.2033393363" lon="113.8551100634"><ele>40.000</ele></trkpt>
      <trkpt lat="22.2033351521" lon="113.8550532173"><ele>42.000</ele></trkpt>
      <trkpt lat="22.2033252927" lon="113.8550103792"><ele>44.000</ele></trkpt>
      <trkpt lat="22.2033081204" lon="113.8549763051"><ele>47.000</ele></trkpt>
      <trkpt lat="22.2032926015" lon="113.8549544728"><ele>44.000</ele></trkpt>
      <trkpt lat="22.2032697567" lon="113.8549352814"><ele>46.000</ele></trkpt>
      <trkpt lat="22.2032469319" lon="113.8549257122"><ele>42.000</ele></trkpt>
      <trkpt lat="22.2032135230" lon="113.8549187905"><ele>42.000</ele></trkpt>
      <trkpt lat="22.2031581236" lon="113.8549127945"><ele>37.000</ele></trkpt>
      <trkpt lat="22.2031108854" lon="113.8549146517"><ele>34.000</ele></trkpt>
      <trkpt lat="22.2030612139" lon="113.8549217620"><ele>31.000</ele></trkpt>
      <trkpt lat="22.2030156238" lon="113.8549332376"><ele>28.000</ele></trkpt>
      <trkpt lat="22.2029948075" lon="113.8549374260"><ele>28.000</ele></trkpt>
      <trkpt lat="22.2029930329" lon="113.8549364991"><ele>28.000</ele></trkpt>
      <trkpt lat="22.2029552075" lon="113.8548973091"><ele>28.000</ele></trkpt>
      <trkpt lat="22.2029390496" lon="113.8548597378"><ele>28.000</ele></trkpt>
      <trkpt lat="22.2029265787" lon="113.8548142252"><ele>26.000</ele></trkpt>
      <trkpt lat="22.2029155719" lon="113.8547784750"><ele>27.000</ele></trkpt>
      <trkpt lat="22.2028896159" lon="113.8547501002"><ele>28.000</ele></trkpt>
      <trkpt lat="22.2028481772" lon="113.8547241270"><ele>25.000</ele></trkpt>
      <trkpt lat="22.2028101409" lon="113.8546924825"><ele>23.000</ele></trkpt>
      <trkpt lat="22.2027736715" lon="113.8546586524"><ele>21.000</ele></trkpt>
      <trkpt lat="22.2027452067" lon="113.8546265691"><ele>20.000</ele></trkpt>
      <trkpt lat="22.2027176815" lon="113.8545810134"><ele>22.000</ele></trkpt>
      <trkpt lat="22.2026995043" lon="113.8545315184"><ele>20.000</ele></trkpt>
      <trkpt lat="22.2026708976" lon="113.8545098800"><ele>21.000</ele></trkpt>
      <trkpt lat="22.2026325795" lon="113.8544955954"><ele>18.000</ele></trkpt>
      <trkpt lat="22.2026175487" lon="113.8544663229"><ele>18.000</ele></trkpt>
      <trkpt lat="22.2025917436" lon="113.8544502738"><ele>17.000</ele></trkpt>
      <trkpt lat="22.2025597901" lon="113.8544167729"><ele>16.000</ele></trkpt>
      <trkpt lat="22.2025336347" lon="113.8543880011"><ele>16.000</ele></trkpt>
      <trkpt lat="22.2025053392" lon="113.8543548120"><ele>15.000</ele></trkpt>
      <trkpt lat="22.2024768753" lon="113.8543186654"><ele>12.000</ele></trkpt>
      <trkpt lat="22.2024448105" lon="113.8542882100"><ele>14.000</ele></trkpt>
      <trkpt lat="22.2024144689" lon="113.8542569263"><ele>12.000</ele></trkpt>
      <trkpt lat="22.2024048018" lon="113.8542456408"><ele>12.000</ele></trkpt>
      <trkpt lat="22.2023921025" lon="113.8542308128"><ele>12.000</ele></trkpt>
      <trkpt lat="22.2023727810" lon="113.8541941294"><ele>11.000</ele></trkpt>
      <trkpt lat="22.2023700117" lon="113.8541888718"><ele>11.000</ele></trkpt>
      <trkpt lat="22.2023482608" lon="113.8541725807"><ele>12.000</ele></trkpt>
      <trkpt lat="22.2023214761" lon="113.8541681034"><ele>9.000</ele></trkpt>
      <trkpt lat="22.2022877501" lon="113.8541470005"><ele>6.000</ele></trkpt>
      <trkpt lat="22.2022677875" lon="113.8541340385"><ele>6.000</ele></trkpt>
      <trkpt lat="22.2022657103" lon="113.8541302941"><ele>6.000</ele></trkpt>
      <trkpt lat="22.2022643318" lon="113.8541277874"><ele>6.000</ele></trkpt>
      <trkpt lat="22.2022629595" lon="113.8541252740"><ele>6.000</ele></trkpt>
      <trkpt lat="22.2022615945" lon="113.8541227567"><ele>8.000</ele></trkpt>
      <trkpt lat="22.2022602359" lon="113.8541202325"><ele>8.000</ele></trkpt>
      <trkpt lat="22.2022588826" lon="113.8541177045"><ele>8.000</ele></trkpt>
      <trkpt lat="22.2022575347" lon="113.8541151716"><ele>8.000</ele></trkpt>
      <trkpt lat="22.2022561931" lon="113.8541126338"><ele>8.000</ele></trkpt>
      <trkpt lat="22.2022548561" lon="113.8541100922"><ele>6.000</ele></trkpt>
      <trkpt lat="22.2022535244" lon="113.8541075467"><ele>6.000</ele></trkpt>
      <trkpt lat="22.2022521973" lon="113.8541049972"><ele>6.000</ele></trkpt>
      <trkpt lat="22.2022508738" lon="113.8541024439"><ele>6.000</ele></trkpt>
      <trkpt lat="22.2022495547" lon="113.8540998877"><ele>6.000</ele></trkpt>
      <trkpt lat="22.2022482402" lon="113.8540973286"><ele>6.000</ele></trkpt>
      <trkpt lat="22.2022469284" lon="113.8540947665"><ele>6.000</ele></trkpt>
      <trkpt lat="22.2022456193" lon="113.8540922015"><ele>6.000</ele></trkpt>
      <trkpt lat="22.2022443138" lon="113.8540896336"><ele>6.000</ele></trkpt>
      <trkpt lat="22.2022430110" lon="113.8540870638"><ele>6.000</ele></trkpt>
      <trkpt lat="22.2022417109" lon="113.8540844920"><ele>6.000</ele></trkpt>
      <trkpt lat="22.2022404127" lon="113.8540819182"><ele>6.000</ele></trkpt>
      <trkpt lat="22.2022391162" lon="113.8540793435"><ele>6.000</ele></trkpt>
      <trkpt lat="22.2022378215" lon="113.8540767669"><ele>6.000</ele></trkpt>
      <trkpt lat="22.2022365277" lon="113.8540741902"><ele>8.000</ele></trkpt>
      <trkpt lat="22.2022352357" lon="113.8540716116"><ele>8.000</ele></trkpt>
      <trkpt lat="22.2022339438" lon="113.8540690330"><ele>8.000</ele></trkpt>
      <trkpt lat="22.2022326527" lon="113.8540664535"><ele>8.000</ele></trkpt>
      <trkpt lat="22.2022313616" lon="113.8540638739"><ele>8.000</ele></trkpt>
      <trkpt lat="22.2022300705" lon="113.8540612943"><ele>8.000</ele></trkpt>
      <trkpt lat="22.2022287795" lon="113.8540587148"><ele>8.000</ele></trkpt>
      <trkpt lat="22.2022274875" lon="113.8540561362"><ele>8.000</ele></trkpt>
      <trkpt lat="22.2022261946" lon="113.8540535586"><ele>8.000</ele></trkpt>
      <trkpt lat="22.2022249008" lon="113.8540509809"><ele>8.000</ele></trkpt>
      <trkpt lat="22.2022236053" lon="113.8540484053"><ele>8.000</ele></trkpt>
      <trkpt lat="22.2022223079" lon="113.8540458306"><ele>8.000</ele></trkpt>
      <trkpt lat="22.2022210096" lon="113.8540432578"><ele>8.000</ele></trkpt>
      <trkpt lat="22.2022197077" lon="113.8540406870"><ele>8.000</ele></trkpt>
      <trkpt lat="22.2022184040" lon="113.8540381181"><ele>8.000</ele></trkpt>
      <trkpt lat="22.2022170976" lon="113.8540355512"><ele>8.000</ele></trkpt>
      <trkpt lat="22.2022157885" lon="113.8540329872"><ele>8.000</ele></trkpt>
      <trkpt lat="22.2022144758" lon="113.8540304251"><ele>8.000</ele></trkpt>
      <trkpt lat="22.2022131586" lon="113.8540278669"><ele>8.000</ele></trkpt>
      <trkpt lat="22.2022118386" lon="113.8540253117"><ele>8.000</ele></trkpt>
      <trkpt lat="22.2022105142" lon="113.8540227603"><ele>8.000</ele></trkpt>
      <trkpt lat="22.2022091853" lon="113.8540202119"><ele>6.000</ele></trkpt>
      <trkpt lat="22.2022078518" lon="113.8540176673"><ele>6.000</ele></trkpt>
      <trkpt lat="22.2022065129" lon="113.8540151276"><ele>6.000</ele></trkpt>
      <trkpt lat="22.2022051696" lon="113.8540125908"><ele>6.000</ele></trkpt>
      <trkpt lat="22.2022038199" lon="113.8540100599"><ele>6.000</ele></trkpt>
      <trkpt lat="22.2022024648" lon="113.8540075328"><ele>6.000</ele></trkpt>
      <trkpt lat="22.2021344471" lon="113.8539246327"><ele>6.000</ele></trkpt>
      <trkpt lat="22.2020953221" lon="113.8538774000"><ele>6.000</ele></trkpt>
      <trkpt lat="22.2020936519" lon="113.8538758046"><ele>6.000</ele></trkpt>
      <trkpt lat="22.2020918632" lon="113.8538736287"><ele>6.000</ele></trkpt>
      <trkpt lat="22.2020900699" lon="113.8538714556"><ele>6.000</ele></trkpt>
      <trkpt lat="22.2020882739" lon="113.8538692845"><ele>6.000</ele></trkpt>
      <trkpt lat="22.2020864743" lon="113.8538671173"><ele>6.000</ele></trkpt>
      <trkpt lat="22.2020846711" lon="113.8538649520"><ele>6.000</ele></trkpt>
      <trkpt lat="22.2020828643" lon="113.8538627897"><ele>6.000</ele></trkpt>
      <trkpt lat="22.2020810539" lon="113.8538606293"><ele>6.000</ele></trkpt>
      <trkpt lat="22.2020792408" lon="113.8538584728"><ele>6.000</ele></trkpt>
      <trkpt lat="22.2020774241" lon="113.8538563182"><ele>6.000</ele></trkpt>
      <trkpt lat="22.2020756038" lon="113.8538541656"><ele>6.000</ele></trkpt>
      <trkpt lat="22.2020737807" lon="113.8538520159"><ele>5.000</ele></trkpt>
      <trkpt lat="22.2020719541" lon="113.8538498691"><ele>5.000</ele></trkpt>
      <trkpt lat="22.2020701247" lon="113.8538477252"><ele>5.000</ele></trkpt>
      <trkpt lat="22.2020682918" lon="113.8538455833"><ele>5.000</ele></trkpt>
      <trkpt lat="22.2020664561" lon="113.8538434433"><ele>5.000</ele></trkpt>
      <trkpt lat="22.2020646178" lon="113.8538413063"><ele>5.000</ele></trkpt>
      <trkpt lat="22.2020627758" lon="113.8538391721"><ele>5.000</ele></trkpt>
      <trkpt lat="22.2020609302" lon="113.8538370399"><ele>5.000</ele></trkpt>
      <trkpt lat="22.2020590829" lon="113.8538349106"><ele>5.000</ele></trkpt>
      <trkpt lat="22.2020572319" lon="113.8538327833"><ele>6.000</ele></trkpt>
      <trkpt lat="22.2020553773" lon="113.8538306589"><ele>6.000</ele></trkpt>
      <trkpt lat="22.2020535209" lon="113.8538285364"><ele>6.000</ele></trkpt>
      <trkpt lat="22.2020516618" lon="113.8538264159"><ele>6.000</ele></trkpt>
      <trkpt lat="22.2020497991" lon="113.8538242983"><ele>6.000</ele></trkpt>
      <trkpt lat="22.2020479337" lon="113.8538221826"><ele>6.000</ele></trkpt>
      <trkpt lat="22.2020460656" lon="113.8538200699"><ele>6.000</ele></trkpt>
      <trkpt lat="22.2020441948" lon="113.8538179591"><ele>6.000</ele></trkpt>
      <trkpt lat="22.2020423222" lon="113.8538158502"><ele>6.000</ele></trkpt>
      <trkpt lat="22.2020404459" lon="113.8538137443"><ele>6.000</ele></trkpt>
      <trkpt lat="22.2020385670" lon="113.8538116403"><ele>6.000</ele></trkpt>
      <trkpt lat="22.2020366863" lon="113.8538095382"><ele>6.000</ele></trkpt>
      <trkpt lat="22.2020348019" lon="113.8538074381"><ele>6.000</ele></trkpt>
      <trkpt lat="22.2020329158" lon="113.8538053409"><ele>6.000</ele></trkpt>
      <trkpt lat="22.2020310269" lon="113.8538032457"><ele>6.000</ele></trkpt>
      <trkpt lat="22.2020291363" lon="113.8538011524"><ele>6.000</ele></trkpt>
      <trkpt lat="22.2020272420" lon="113.8537990620"><ele>4.000</ele></trkpt>
      <trkpt lat="22.2020253460" lon="113.8537969735"><ele>4.000</ele></trkpt>
      <trkpt lat="22.2020234481" lon="113.8537948861"><ele>4.000</ele></trkpt>
      <trkpt lat="22.2020215475" lon="113.8537928015"><ele>4.000</ele></trkpt>
      <trkpt lat="22.2020196443" lon="113.8537907189"><ele>4.000</ele></trkpt>
      <trkpt lat="22.2020177392" lon="113.8537886392"><ele>4.000</ele></trkpt>
      <trkpt lat="22.2020158314" lon="113.8537865605"><ele>4.000</ele></trkpt>
      <trkpt lat="22.2020139218" lon="113.8537844837"><ele>4.000</ele></trkpt>
      <trkpt lat="22.2020120096" lon="113.8537824099"><ele>4.000</ele></trkpt>
      <trkpt lat="22.2020100955" lon="113.8537803370"><ele>4.000</ele></trkpt>
      <trkpt lat="22.2020081796" lon="113.8537782670"><ele>4.000</ele></trkpt>
      <trkpt lat="22.2020062619" lon="113.8537761980"><ele>4.000</ele></trkpt>
      <trkpt lat="22.2020043415" lon="113.8537741320"><ele>4.000</ele></trkpt>
      <trkpt lat="22.2020024193" lon="113.8537720669"><ele>4.000</ele></trkpt>
      <trkpt lat="22.2020004953" lon="113.8537700047"><ele>4.000</ele></trkpt>
      <trkpt lat="22.2019985686" lon="113.8537679435"><ele>4.000</ele></trkpt>
      <trkpt lat="22.2019966410" lon="113.8537658842"><ele>4.000</ele></trkpt>
      <trkpt lat="22.2019947116" lon="113.8537638278"><ele>4.000</ele></trkpt>
      <trkpt lat="22.2019927794" lon="113.8537617724"><ele>4.000</ele></trkpt>
      <trkpt lat="22.2019908464" lon="113.8537597190"><ele>4.000</ele></trkpt>
      <trkpt lat="22.2019889107" lon="113.8537576675"><ele>4.000</ele></trkpt>
      <trkpt lat="22.2019869741" lon="113.8537556179"><ele>4.000</ele></trkpt>
      <trkpt lat="22.2019850357" lon="113.8537535694"><ele>4.000</ele></trkpt>
      <trkpt lat="22.2019830945" lon="113.8537515227"><ele>4.000</ele></trkpt>
      <trkpt lat="22.2019811525" lon="113.8537494790"><ele>4.000</ele></trkpt>
      <trkpt lat="22.2019792096" lon="113.8537474362"><ele>4.000</ele></trkpt>
      <trkpt lat="22.2019772639" lon="113.8537453945"><ele>4.000</ele></trkpt>
      <trkpt lat="22.2019753174" lon="113.8537433556"><ele>4.000</ele></trkpt>
      <trkpt lat="22.2019733691" lon="113.8537413177"><ele>4.000</ele></trkpt>
      <trkpt lat="22.2019714198" lon="113.8537392818"><ele>4.000</ele></trkpt>
      <trkpt lat="22.2019694688" lon="113.8537372468"><ele>4.000</ele></trkpt>
      <trkpt lat="22.2019675160" lon="113.8537352138"><ele>4.000</ele></trkpt>
      <trkpt lat="22.2019655622" lon="113.8537331827"><ele>4.000</ele></trkpt>
      <trkpt lat="22.2019636067" lon="113.8537311535"><ele>4.000</ele></trkpt>
      <trkpt lat="22.2019616502" lon="113.8537291253"><ele>4.000</ele></trkpt>
      <trkpt lat="22.2019596929" lon="113.8537270991"><ele>4.000</ele></trkpt>
      <trkpt lat="22.2019577337" lon="113.8537250739"><ele>4.000</ele></trkpt>
      <trkpt lat="22.2019557737" lon="113.8537230505"><ele>4.000</ele></trkpt>
      <trkpt lat="22.2019538118" lon="113.8537210282"><ele>4.000</ele></trkpt>
      <trkpt lat="22.2019518500" lon="113.8537190078"><ele>4.000</ele></trkpt>
      <trkpt lat="22.2019498863" lon="113.8537169893"><ele>4.000</ele></trkpt>
      <trkpt lat="22.2019479209" lon="113.8537149718"><ele>4.000</ele></trkpt>
      <trkpt lat="22.2019459554" lon="113.8537129553"><ele>4.000</ele></trkpt>
      <trkpt lat="22.2019439891" lon="113.8537109408"><ele>4.000</ele></trkpt>
      <trkpt lat="22.2019420209" lon="113.8537089272"><ele>4.000</ele></trkpt>
      <trkpt lat="22.2019400519" lon="113.8537069155"><ele>4.000</ele></trkpt>
      <trkpt lat="22.2019380828" lon="113.8537049058"><ele>4.000</ele></trkpt>
      <trkpt lat="22.2019361120" lon="113.8537028961"><ele>4.000</ele></trkpt>
      <trkpt lat="22.2019341411" lon="113.8537008883"><ele>4.000</ele></trkpt>
      <trkpt lat="22.2019321685" lon="113.8536988825"><ele>4.000</ele></trkpt>
      <trkpt lat="22.2019301958" lon="113.8536968766"><ele>4.000</ele></trkpt>
      <trkpt lat="22.2019282222" lon="113.8536948727"><ele>4.000</ele></trkpt>
      <trkpt lat="22.2019262478" lon="113.8536928708"><ele>4.000</ele></trkpt>
      <trkpt lat="22.2019242724" lon="113.8536908688"><ele>4.000</ele></trkpt>
      <trkpt lat="22.2019222971" lon="113.8536888688"><ele>4.000</ele></trkpt>
      <trkpt lat="22.2019203208" lon="113.8536868698"><ele>4.000</ele></trkpt>
      <trkpt lat="22.2019183437" lon="113.8536848727"><ele>4.000</ele></trkpt>
      <trkpt lat="22.2019163656" lon="113.8536828756"><ele>4.000</ele></trkpt>
      <trkpt lat="22.2019143876" lon="113.8536808805"><ele>4.000</ele></trkpt>
      <trkpt lat="22.2019124095" lon="113.8536788863"><ele>4.000</ele></trkpt>
      <trkpt lat="22.2019104306" lon="113.8536768931"><ele>4.000</ele></trkpt>
      <trkpt lat="22.2019084516" lon="113.8536749018"><ele>4.000</ele></trkpt>
      <trkpt lat="22.2019064718" lon="113.8536729105"><ele>4.000</ele></trkpt>
      <trkpt lat="22.2019044910" lon="113.8536709212"><ele>4.000</ele></trkpt>
      <trkpt lat="22.2019025112" lon="113.8536689329"><ele>4.000</ele></trkpt>
      <trkpt lat="22.2019005304" lon="113.8536669455"><ele>4.000</ele></trkpt>
      <trkpt lat="22.2018985497" lon="113.8536649581"><ele>4.000</ele></trkpt>
      <trkpt lat="22.2018965680" lon="113.8536629726"><ele>4.000</ele></trkpt>
      <trkpt lat="22.2018945873" lon="113.8536609882"><ele>4.000</ele></trkpt>
      <trkpt lat="22.2018926056" lon="113.8536590047"><ele>4.000</ele></trkpt>
      <trkpt lat="22.2018906240" lon="113.8536570221"><ele>4.000</ele></trkpt>
      <trkpt lat="22.2018886424" lon="113.8536550406"><ele>4.000</ele></trkpt>
      <trkpt lat="22.2018866598" lon="113.8536530600"><ele>4.000</ele></trkpt>
      <trkpt lat="22.2018846782" lon="113.8536510803"><ele>4.000</ele></trkpt>
      <trkpt lat="22.2018826965" lon="113.8536491017"><ele>4.000</ele></trkpt>
      <trkpt lat="22.2018807140" lon="113.8536471240"><ele>4.000</ele></trkpt>
      <trkpt lat="22.2018787297" lon="113.8536451473"><ele>4.000</ele></trkpt>
      <trkpt lat="22.2018767444" lon="113.8536431716"><ele>4.000</ele></trkpt>
      <trkpt lat="22.2018747583" lon="113.8536411978"><ele>4.000</ele></trkpt>
      <trkpt lat="22.2018727713" lon="113.8536392240"><ele>5.000</ele></trkpt>
      <trkpt lat="22.2018707824" lon="113.8536372521"><ele>5.000</ele></trkpt>
      <trkpt lat="22.2018687918" lon="113.8536352812"><ele>5.000</ele></trkpt>
      <trkpt lat="22.2018668011" lon="113.8536333113"><ele>5.000</ele></trkpt>
      <trkpt lat="22.2018648078" lon="113.8536313434"><ele>5.000</ele></trkpt>
      <trkpt lat="22.2018628144" lon="113.8536293754"><ele>5.000</ele></trkpt>
      <trkpt lat="22.2018608193" lon="113.8536274094"><ele>5.000</ele></trkpt>
      <trkpt lat="22.2018588232" lon="113.8536254444"><ele>5.000</ele></trkpt>
      <trkpt lat="22.2018568262" lon="113.8536234803"><ele>5.000</ele></trkpt>
      <trkpt lat="22.2018548275" lon="113.8536215182"><ele>5.000</ele></trkpt>
      <trkpt lat="22.2018528278" lon="113.8536195560"><ele>5.000</ele></trkpt>
      <trkpt lat="22.2018508264" lon="113.8536175958"><ele>5.000</ele></trkpt>
      <trkpt lat="22.2018488240" lon="113.8536156366"><ele>5.000</ele></trkpt>
      <trkpt lat="22.2018468207" lon="113.8536136794"><ele>4.000</ele></trkpt>
      <trkpt lat="22.2018448157" lon="113.8536117221"><ele>4.000</ele></trkpt>
      <trkpt lat="22.2018428097" lon="113.8536097668"><ele>4.000</ele></trkpt>
      <trkpt lat="22.2018408028" lon="113.8536078134"><ele>4.000</ele></trkpt>
      <trkpt lat="22.2018387941" lon="113.8536058600"><ele>4.000</ele></trkpt>
      <trkpt lat="22.2018367846" lon="113.8536039086"><ele>4.000</ele></trkpt>
      <trkpt lat="22.2018347732" lon="113.8536019581"><ele>4.000</ele></trkpt>
      <trkpt lat="22.2018327609" lon="113.8536000086"><ele>4.000</ele></trkpt>
      <trkpt lat="22.2018307477" lon="113.8535980611"><ele>4.000</ele></trkpt>
      <trkpt lat="22.2018287337" lon="113.8535961145"><ele>4.000</ele></trkpt>
      <trkpt lat="22.2018267178" lon="113.8535941699"><ele>4.000</ele></trkpt>
      <trkpt lat="22.2018247001" lon="113.8535922252"><ele>6.000</ele></trkpt>
      <trkpt lat="22.2018226824" lon="113.8535902825"><ele>6.000</ele></trkpt>
      <trkpt lat="22.2018206629" lon="113.8535883418"><ele>6.000</ele></trkpt>
      <trkpt lat="22.2018186416" lon="113.8535864011"><ele>6.000</ele></trkpt>
      <trkpt lat="22.2018166203" lon="113.8535844622"><ele>6.000</ele></trkpt>
      <trkpt lat="22.2018145963" lon="113.8535825254"><ele>6.000</ele></trkpt>
      <trkpt lat="22.2018125723" lon="113.8535805895"><ele>6.000</ele></trkpt>
      <trkpt lat="22.2018105465" lon="113.8535786546"><ele>6.000</ele></trkpt>
      <trkpt lat="22.2018085198" lon="113.8535767207"><ele>6.000</ele></trkpt>
      <trkpt lat="22.2018064913" lon="113.8535747887"><ele>6.000</ele></trkpt>
      <trkpt lat="22.2018044628" lon="113.8535728586"><ele>6.000</ele></trkpt>
      <trkpt lat="22.2018024316" lon="113.8535709285"><ele>4.000</ele></trkpt>
      <trkpt lat="22.2018004004" lon="113.8535690004"><ele>4.000</ele></trkpt>
      <trkpt lat="22.2017983674" lon="113.8535670743"><ele>4.000</ele></trkpt>
      <trkpt lat="22.2017963326" lon="113.8535651491"><ele>4.000</ele></trkpt>
      <trkpt lat="22.2017942978" lon="113.8535632249"><ele>4.000</ele></trkpt>
      <trkpt lat="22.2017922612" lon="113.8535613026"><ele>4.000</ele></trkpt>
      <trkpt lat="22.2017902228" lon="113.8535593813"><ele>4.000</ele></trkpt>
      <trkpt lat="22.2017881835" lon="113.8535574619"><ele>4.000</ele></trkpt>
      <trkpt lat="22.2017861433" lon="113.8535555435"><ele>4.000</ele></trkpt>
      <trkpt lat="22.2017841022" lon="113.8535536271"><ele>4.000</ele></trkpt>
      <trkpt lat="22.2017820592" lon="113.8535517116"><ele>4.000</ele></trkpt>
      <trkpt lat="22.2017800154" lon="113.8535497971"><ele>4.000</ele></trkpt>
      <trkpt lat="22.2017779698" lon="113.8535478845"><ele>4.000</ele></trkpt>
      <trkpt lat="22.2017759233" lon="113.8535459739"><ele>4.000</ele></trkpt>
      <trkpt lat="22.2017738759" lon="113.8535440642"><ele>4.000</ele></trkpt>
      <trkpt lat="22.2017718266" lon="113.8535421556"><ele>6.000</ele></trkpt>
      <trkpt lat="22.2017697765" lon="113.8535402488"><ele>6.000</ele></trkpt>
      <trkpt lat="22.2017677255" lon="113.8535383440"><ele>6.000</ele></trkpt>
      <trkpt lat="22.2017656727" lon="113.8535364402"><ele>6.000</ele></trkpt>
      <trkpt lat="22.2017636189" lon="113.8535345384"><ele>6.000</ele></trkpt>
      <trkpt lat="22.2017615634" lon="113.8535326375"><ele>6.000</ele></trkpt>
      <trkpt lat="22.2017595070" lon="113.8535307375"><ele>6.000</ele></trkpt>
      <trkpt lat="22.2017574496" lon="113.8535288395"><ele>6.000</ele></trkpt>
      <trkpt lat="22.2017553914" lon="113.8535269435"><ele>4.000</ele></trkpt>
      <trkpt lat="22.2017533314" lon="113.8535250484"><ele>4.000</ele></trkpt>
      <trkpt lat="22.2017512695" lon="113.8535231553"><ele>4.000</ele></trkpt>
      <trkpt lat="22.2017492077" lon="113.8535212641"><ele>4.000</ele></trkpt>
      <trkpt lat="22.2017471441" lon="113.8535193739"><ele>4.000</ele></trkpt>
      <trkpt lat="22.2017450786" lon="113.8535174846"><ele>4.000</ele></trkpt>
      <trkpt lat="22.2017430132" lon="113.8535155973"><ele>4.000</ele></trkpt>
      <trkpt lat="22.2017409459" lon="113.8535137120"><ele>4.000</ele></trkpt>
      <trkpt lat="22.2017388769" lon="113.8535118276"><ele>4.000</ele></trkpt>
      <trkpt lat="22.2017368070" lon="113.8535099452"><ele>4.000</ele></trkpt>
      <trkpt lat="22.2017347361" lon="113.8535080647"><ele>4.000</ele></trkpt>
      <trkpt lat="22.2017326644" lon="113.8535061851"><ele>4.000</ele></trkpt>
      <trkpt lat="22.2017305908" lon="113.8535043076"><ele>4.000</ele></trkpt>
      <trkpt lat="22.2017285164" lon="113.8535024309"><ele>4.000</ele></trkpt>
      <trkpt lat="22.2017264401" lon="113.8535005563"><ele>4.000</ele></trkpt>
      <trkpt lat="22.2017243630" lon="113.8534986835"><ele>4.000</ele></trkpt>
      <trkpt lat="22.2017222849" lon="113.8534968118"><ele>4.000</ele></trkpt>
      <trkpt lat="22.2017202051" lon="113.8534949420"><ele>6.000</ele></trkpt>
      <trkpt lat="22.2017181243" lon="113.8534930741"><ele>6.000</ele></trkpt>
      <trkpt lat="22.2017160427" lon="113.8534912072"><ele>6.000</ele></trkpt>
      <trkpt lat="22.2017139592" lon="113.8534893423"><ele>6.000</ele></trkpt>
      <trkpt lat="22.2017118749" lon="113.8534874792"><ele>4.000</ele></trkpt>
      <trkpt lat="22.2017097887" lon="113.8534856172"><ele>4.000</ele></trkpt>
      <trkpt lat="22.2017077016" lon="113.8534837571"><ele>4.000</ele></trkpt>
      <trkpt lat="22.2017056137" lon="113.8534818990"><ele>4.000</ele></trkpt>
      <trkpt lat="22.2017035248" lon="113.8534800427"><ele>4.000</ele></trkpt>
      <trkpt lat="22.2017014342" lon="113.8534781875"><ele>4.000</ele></trkpt>
      <trkpt lat="22.2016993417" lon="113.8534763342"><ele>4.000</ele></trkpt>
      <trkpt lat="22.2016972492" lon="113.8534744828"><ele>4.000</ele></trkpt>
      <trkpt lat="22.2016951550" lon="113.8534726325"><ele>4.000</ele></trkpt>
      <trkpt lat="22.2016930589" lon="113.8534707840"><ele>4.000</ele></trkpt>
      <trkpt lat="22.2016909629" lon="113.8534689375"><ele>4.000</ele></trkpt>
      <trkpt lat="22.2016888650" lon="113.8534670930"><ele>4.000</ele></trkpt>
      <trkpt lat="22.2016867653" lon="113.8534652494"><ele>4.000</ele></trkpt>
      <trkpt lat="22.2016846648" lon="113.8534634078"><ele>4.000</ele></trkpt>
      <trkpt lat="22.2016825633" lon="113.8534615681"><ele>4.000</ele></trkpt>
      <trkpt lat="22.2016804609" lon="113.8534597303"><ele>4.000</ele></trkpt>
      <trkpt lat="22.2016783568" lon="113.8534578945"><ele>4.000</ele></trkpt>
      <trkpt lat="22.2016762517" lon="113.8534560596"><ele>4.000</ele></trkpt>
      <trkpt lat="22.2016741448" lon="113.8534542267"><ele>4.000</ele></trkpt>
      <trkpt lat="22.2016720370" lon="113.8534523958"><ele>4.000</ele></trkpt>
      <trkpt lat="22.2016699284" lon="113.8534505668"><ele>4.000</ele></trkpt>
      <trkpt lat="22.2016678179" lon="113.8534487387"><ele>4.000</ele></trkpt>
      <trkpt lat="22.2016657065" lon="113.8534469136"><ele>5.000</ele></trkpt>
      <trkpt lat="22.2016635943" lon="113.8534450895"><ele>5.000</ele></trkpt>
      <trkpt lat="22.2016614802" lon="113.8534432672"><ele>5.000</ele></trkpt>
      <trkpt lat="22.2016593652" lon="113.8534414470"><ele>5.000</ele></trkpt>
      <trkpt lat="22.2016572484" lon="113.8534396286"><ele>5.000</ele></trkpt>
      <trkpt lat="22.2016551307" lon="113.8534378113"><ele>5.000</ele></trkpt>
      <trkpt lat="22.2016530122" lon="113.8534359968"><ele>5.000</ele></trkpt>
      <trkpt lat="22.2016508927" lon="113.8534341834"><ele>5.000</ele></trkpt>
      <trkpt lat="22.2016487714" lon="113.8534323728"><ele>5.000</ele></trkpt>
      <trkpt lat="22.2016466483" lon="113.8534305632"><ele>5.000</ele></trkpt>
      <trkpt lat="22.2016445253" lon="113.8534287556"><ele>5.000</ele></trkpt>
      <trkpt lat="22.2016424004" lon="113.8534269499"><ele>5.000</ele></trkpt>
      <trkpt lat="22.2016402737" lon="113.8534251461"><ele>5.000</ele></trkpt>
      <trkpt lat="22.2016381470" lon="113.8534233433"><ele>5.000</ele></trkpt>
      <trkpt lat="22.2016360185" lon="113.8534215435"><ele>5.000</ele></trkpt>
      <trkpt lat="22.2016338883" lon="113.8534197446"><ele>5.000</ele></trkpt>
      <trkpt lat="22.2016317571" lon="113.8534179486"><ele>5.000</ele></trkpt>
      <trkpt lat="22.2016296250" lon="113.8534161536"><ele>5.000</ele></trkpt>
      <trkpt lat="22.2016274920" lon="113.8534143615"><ele>5.000</ele></trkpt>
      <trkpt lat="22.2016253572" lon="113.8534125703"><ele>5.000</ele></trkpt>
      <trkpt lat="22.2016232215" lon="113.8534107811"><ele>5.000</ele></trkpt>
      <trkpt lat="22.2016210841" lon="113.8534089949"><ele>4.000</ele></trkpt>
      <trkpt lat="22.2016189457" lon="113.8534072096"><ele>4.000</ele></trkpt>
      <trkpt lat="22.2016168064" lon="113.8534054262"><ele>4.000</ele></trkpt>
      <trkpt lat="22.2016146653" lon="113.8534036448"><ele>4.000</ele></trkpt>
      <trkpt lat="22.2016125233" lon="113.8534018653"><ele>4.000</ele></trkpt>
      <trkpt lat="22.2016103804" lon="113.8534000887"><ele>4.000</ele></trkpt>
      <trkpt lat="22.2016082358" lon="113.8533983131"><ele>6.000</ele></trkpt>
      <trkpt lat="22.2016060902" lon="113.8533965395"><ele>6.000</ele></trkpt>
      <trkpt lat="22.2016039437" lon="113.8533947678"><ele>6.000</ele></trkpt>
      <trkpt lat="22.2016017954" lon="113.8533929980"><ele>6.000</ele></trkpt>
      <trkpt lat="22.2015996462" lon="113.8533912312"><ele>6.000</ele></trkpt>
      <trkpt lat="22.2015974952" lon="113.8533894653"><ele>6.000</ele></trkpt>
      <trkpt lat="22.2015953433" lon="113.8533877013"><ele>6.000</ele></trkpt>
      <trkpt lat="22.2015931905" lon="113.8533859403"><ele>6.000</ele></trkpt>
      <trkpt lat="22.2015910360" lon="113.8533841803"><ele>6.000</ele></trkpt>
      <trkpt lat="22.2015888805" lon="113.8533824221"><ele>6.000</ele></trkpt>
      <trkpt lat="22.2015867241" lon="113.8533806669"><ele>6.000</ele></trkpt>
      <trkpt lat="22.2015845659" lon="113.8533789127"><ele>6.000</ele></trkpt>
      <trkpt lat="22.2015824068" lon="113.8533771604"><ele>6.000</ele></trkpt>
      <trkpt lat="22.2015802459" lon="113.8533754111"><ele>6.000</ele></trkpt>
      <trkpt lat="22.2015780841" lon="113.8533736627"><ele>6.000</ele></trkpt>
      <trkpt lat="22.2015759205" lon="113.8533719152"><ele>4.000</ele></trkpt>
      <trkpt lat="22.2015737560" lon="113.8533701707"><ele>4.000</ele></trkpt>
      <trkpt lat="22.2015715897" lon="113.8533684282"><ele>4.000</ele></trkpt>
      <trkpt lat="22.2015694234" lon="113.8533666866"><ele>4.000</ele></trkpt>
      <trkpt lat="22.2015672544" lon="113.8533649469"><ele>4.000</ele></trkpt>
      <trkpt lat="22.2015650854" lon="113.8533632092"><ele>4.000</ele></trkpt>
      <trkpt lat="22.2015629146" lon="113.8533614725"><ele>4.000</ele></trkpt>
      <trkpt lat="22.2015607420" lon="113.8533597386"><ele>4.000</ele></trkpt>
      <trkpt lat="22.2015585695" lon="113.8533580058"><ele>4.000</ele></trkpt>
      <trkpt lat="22.2015563951" lon="113.8533562749"><ele>4.000</ele></trkpt>
      <trkpt lat="22.2015542188" lon="113.8533545449"><ele>4.000</ele></trkpt>
      <trkpt lat="22.2015520426" lon="113.8533528169"><ele>4.000</ele></trkpt>
      <trkpt lat="22.2015498646" lon="113.8533510909"><ele>4.000</ele></trkpt>
      <trkpt lat="22.2015476857" lon="113.8533493668"><ele>6.000</ele></trkpt>
      <trkpt lat="22.2015455050" lon="113.8533476436"><ele>6.000</ele></trkpt>
      <trkpt lat="22.2015433234" lon="113.8533459224"><ele>6.000</ele></trkpt>
      <trkpt lat="22.2015411409" lon="113.8533442022"><ele>6.000</ele></trkpt>
      <trkpt lat="22.2015389575" lon="113.8533424839"><ele>6.000</ele></trkpt>
      <trkpt lat="22.2015367732" lon="113.8533407676"><ele>6.000</ele></trkpt>
      <trkpt lat="22.2015345871" lon="113.8533390522"><ele>6.000</ele></trkpt>
      <trkpt lat="22.2015324001" lon="113.8533373378"><ele>6.000</ele></trkpt>
      <trkpt lat="22.2015302122" lon="113.8533356263"><ele>4.000</ele></trkpt>
      <trkpt lat="22.2015280234" lon="113.8533339148"><ele>4.000</ele></trkpt>
      <trkpt lat="22.2015258337" lon="113.8533322063"><ele>4.000</ele></trkpt>
      <trkpt lat="22.2015236422" lon="113.8533304977"><ele>4.000</ele></trkpt>
      <trkpt lat="22.2015214506" lon="113.8533287920"><ele>4.000</ele></trkpt>
      <trkpt lat="22.2015192573" lon="113.8533270864"><ele>4.000</ele></trkpt>
      <trkpt lat="22.2015170631" lon="113.8533253827"><ele>4.000</ele></trkpt>
      <trkpt lat="22.2015148680" lon="113.8533236809"><ele>4.000</ele></trkpt>
      <trkpt lat="22.2015126720" lon="113.8533219801"><ele>4.000</ele></trkpt>
      <trkpt lat="22.2015104751" lon="113.8533202803"><ele>4.000</ele></trkpt>
      <trkpt lat="22.2015082773" lon="113.8533185824"><ele>4.000</ele></trkpt>
      <trkpt lat="22.2015060786" lon="113.8533168855"><ele>4.000</ele></trkpt>
      <trkpt lat="22.2015038780" lon="113.8533151895"><ele>4.000</ele></trkpt>
      <trkpt lat="22.2015016775" lon="113.8533134955"><ele>4.000</ele></trkpt>
      <trkpt lat="22.2014994752" lon="113.8533118025"><ele>4.000</ele></trkpt>
      <trkpt lat="22.2014972729" lon="113.8533101104"><ele>4.000</ele></trkpt>
      <trkpt lat="22.2014950697" lon="113.8533084203"><ele>4.000</ele></trkpt>
      <trkpt lat="22.2014928646" lon="113.8533067312"><ele>4.000</ele></trkpt>
      <trkpt lat="22.2014906596" lon="113.8533050430"><ele>4.000</ele></trkpt>
      <trkpt lat="22.2014884537" lon="113.8533033568"><ele>4.000</ele></trkpt>
      <trkpt lat="22.2014862460" lon="113.8533016715"><ele>6.000</ele></trkpt>
      <trkpt lat="22.2014840383" lon="113.8532999872"><ele>4.000</ele></trkpt>
      <trkpt lat="22.2014818296" lon="113.8532983039"><ele>4.000</ele></trkpt>
      <trkpt lat="22.2014796201" lon="113.8532966216"><ele>4.000</ele></trkpt>
      <trkpt lat="22.2014774097" lon="113.8532949402"><ele>4.000</ele></trkpt>
      <trkpt lat="22.2014751984" lon="113.8532932608"><ele>4.000</ele></trkpt>
      <trkpt lat="22.2014729861" lon="113.8532915823"><ele>4.000</ele></trkpt>
      <trkpt lat="22.2014707739" lon="113.8532899048"><ele>4.000</ele></trkpt>
      <trkpt lat="22.2014685599" lon="113.8532882283"><ele>4.000</ele></trkpt>
      <trkpt lat="22.2014663459" lon="113.8532865528"><ele>4.000</ele></trkpt>
      <trkpt lat="22.2014641309" lon="113.8532848782"><ele>4.000</ele></trkpt>
      <trkpt lat="22.2014619151" lon="113.8532832046"><ele>4.000</ele></trkpt>
      <trkpt lat="22.2014596984" lon="113.8532815330"><ele>4.000</ele></trkpt>
      <trkpt lat="22.2014574817" lon="113.8532798613"><ele>4.000</ele></trkpt>
      <trkpt lat="22.2014552631" lon="113.8532781916"><ele>4.000</ele></trkpt>
      <trkpt lat="22.2014530446" lon="113.8532765219"><ele>4.000</ele></trkpt>
      <trkpt lat="22.2014508252" lon="113.8532748531"><ele>4.000</ele></trkpt>
      <trkpt lat="22.2014486048" lon="113.8532731863"><ele>4.000</ele></trkpt>
      <trkpt lat="22.2014463845" lon="113.8532715195"><ele>4.000</ele></trkpt>
      <trkpt lat="22.2014441633" lon="113.8532698537"><ele>4.000</ele></trkpt>
      <trkpt lat="22.2014419411" lon="113.8532681898"><ele>4.000</ele></trkpt>
      <trkpt lat="22.2014397181" lon="113.8532665259"><ele>4.000</ele></trkpt>
      <trkpt lat="22.2014374951" lon="113.8532648630"><ele>4.000</ele></trkpt>
      <trkpt lat="22.2014352712" lon="113.8532632011"><ele>4.000</ele></trkpt>
      <trkpt lat="22.2014330463" lon="113.8532615391"><ele>4.000</ele></trkpt>
      <trkpt lat="22.2014308215" lon="113.8532598791"><ele>4.000</ele></trkpt>
      <trkpt lat="22.2014285958" lon="113.8532582191"><ele>4.000</ele></trkpt>
      <trkpt lat="22.2014263691" lon="113.8532565611"><ele>4.000</ele></trkpt>
      <trkpt lat="22.2014241425" lon="113.8532549030"><ele>4.000</ele></trkpt>
      <trkpt lat="22.2014219149" lon="113.8532532459"><ele>5.000</ele></trkpt>
      <trkpt lat="22.2014196874" lon="113.8532515898"><ele>5.000</ele></trkpt>
      <trkpt lat="22.2014174590" lon="113.8532499337"><ele>5.000</ele></trkpt>
      <trkpt lat="22.2014152296" lon="113.8532482786"><ele>5.000</ele></trkpt>
      <trkpt lat="22.2014130003" lon="113.8532466244"><ele>5.000</ele></trkpt>
      <trkpt lat="22.2014107701" lon="113.8532449712"><ele>5.000</ele></trkpt>
      <trkpt lat="22.2014085398" lon="113.8532433180"><ele>5.000</ele></trkpt>
      <trkpt lat="22.2014063087" lon="113.8532416658"><ele>5.000</ele></trkpt>
      <trkpt lat="22.2014040776" lon="113.8532400145"><ele>5.000</ele></trkpt>
      <trkpt lat="22.2014018455" lon="113.8532383632"><ele>5.000</ele></trkpt>
      <trkpt lat="22.2013996135" lon="113.8532367130"><ele>5.000</ele></trkpt>
      <trkpt lat="22.2013973805" lon="113.8532350636"><ele>5.000</ele></trkpt>
      <trkpt lat="22.2013951467" lon="113.8532334143"><ele>4.000</ele></trkpt>
      <trkpt lat="22.2013929138" lon="113.8532317660"><ele>4.000</ele></trkpt>
      <trkpt lat="22.2013906790" lon="113.8532301186"><ele>4.000</ele></trkpt>
      <trkpt lat="22.2013884452" lon="113.8532284712"><ele>4.000</ele></trkpt>
      <trkpt lat="22.2013862105" lon="113.8532268248"><ele>4.000</ele></trkpt>
      <trkpt lat="22.2013839748" lon="113.8532251784"><ele>4.000</ele></trkpt>
      <trkpt lat="22.2013817392" lon="113.8532235320"><ele>4.000</ele></trkpt>
      <trkpt lat="22.2013795035" lon="113.8532218876"><ele>4.000</ele></trkpt>
      <trkpt lat="22.2013772670" lon="113.8532202422"><ele>4.000</ele></trkpt>
      <trkpt lat="22.2013750305" lon="113.8532185977"><ele>4.000</ele></trkpt>
      <trkpt lat="22.2013727939" lon="113.8532169542"><ele>4.000</ele></trkpt>
      <trkpt lat="22.2013705565" lon="113.8532153107"><ele>4.000</ele></trkpt>
      <trkpt lat="22.2013683190" lon="113.8532136682"><ele>4.000</ele></trkpt>
      <trkpt lat="22.2013660807" lon="113.8532120257"><ele>4.000</ele></trkpt>
      <trkpt lat="22.2013638423" lon="113.8532103832"><ele>4.000</ele></trkpt>
      <trkpt lat="22.2013616040" lon="113.8532087417"><ele>4.000</ele></trkpt>
      <trkpt lat="22.2013593657" lon="113.8532071001"><ele>4.000</ele></trkpt>
      <trkpt lat="22.2013571264" lon="113.8532054586"><ele>6.000</ele></trkpt>
      <trkpt lat="22.2013548872" lon="113.8532038180"><ele>6.000</ele></trkpt>
      <trkpt lat="22.2013526479" lon="113.8532021774"><ele>6.000</ele></trkpt>
      <trkpt lat="22.2013504087" lon="113.8532005378"><ele>6.000</ele></trkpt>
      <trkpt lat="22.2013481685" lon="113.8531988982"><ele>5.000</ele></trkpt>
      <trkpt lat="22.2013459284" lon="113.8531972586"><ele>5.000</ele></trkpt>
      <trkpt lat="22.2013436883" lon="113.8531956190"><ele>5.000</ele></trkpt>
      <trkpt lat="22.2013414481" lon="113.8531939794"><ele>5.000</ele></trkpt>
      <trkpt lat="22.2013392080" lon="113.8531923408"><ele>5.000</ele></trkpt>
      <trkpt lat="22.2013369669" lon="113.8531907022"><ele>5.000</ele></trkpt>
      <trkpt lat="22.2013347259" lon="113.8531890645"><ele>5.000</ele></trkpt>
      <trkpt lat="22.2013324848" lon="113.8531874259"><ele>5.000</ele></trkpt>
      <trkpt lat="22.2013302438" lon="113.8531857882"><ele>5.000</ele></trkpt>
      <trkpt lat="22.2013280028" lon="113.8531841496"><ele>5.000</ele></trkpt>
      <trkpt lat="22.2013257617" lon="113.8531825120"><ele>5.000</ele></trkpt>
      <trkpt lat="22.2013235198" lon="113.8531808743"><ele>5.000</ele></trkpt>
      <trkpt lat="22.2013212787" lon="113.8531792376"><ele>5.000</ele></trkpt>
      <trkpt lat="22.2013190368" lon="113.8531776000"><ele>5.000</ele></trkpt>
      <trkpt lat="22.2013167948" lon="113.8531759623"><ele>5.000</ele></trkpt>
      <trkpt lat="22.2013145538" lon="113.8531743256"><ele>5.000</ele></trkpt>
      <trkpt lat="22.2013123118" lon="113.8531726880"><ele>5.000</ele></trkpt>
      <trkpt lat="22.2013100699" lon="113.8531710513"><ele>5.000</ele></trkpt>
      <trkpt lat="22.2013078280" lon="113.8531694146"><ele>5.000</ele></trkpt>
      <trkpt lat="22.2013055860" lon="113.8531677769"><ele>5.000</ele></trkpt>
      <trkpt lat="22.2013033441" lon="113.8531661403"><ele>4.000</ele></trkpt>
      <trkpt lat="22.2013011030" lon="113.8531645026"><ele>4.000</ele></trkpt>
      <trkpt lat="22.2012988611" lon="113.8531628659"><ele>4.000</ele></trkpt>
      <trkpt lat="22.2012966191" lon="113.8531612283"><ele>4.000</ele></trkpt>
      <trkpt lat="22.2012943772" lon="113.8531595916"><ele>4.000</ele></trkpt>
      <trkpt lat="22.2012921361" lon="113.8531579539"><ele>4.000</ele></trkpt>
      <trkpt lat="22.2012898942" lon="113.8531563172"><ele>6.000</ele></trkpt>
      <trkpt lat="22.2012876532" lon="113.8531546796"><ele>6.000</ele></trkpt>
      <trkpt lat="22.2012854112" lon="113.8531530419"><ele>6.000</ele></trkpt>
      <trkpt lat="22.2012831702" lon="113.8531514043"><ele>6.000</ele></trkpt>
      <trkpt lat="22.2012809291" lon="113.8531497666"><ele>6.000</ele></trkpt>
      <trkpt lat="22.2012786881" lon="113.8531481280"><ele>6.000</ele></trkpt>
      <trkpt lat="22.2012764470" lon="113.8531464903"><ele>6.000</ele></trkpt>
      <trkpt lat="22.2012742060" lon="113.8531448517"><ele>6.000</ele></trkpt>
      <trkpt lat="22.2012719650" lon="113.8531432131"><ele>6.000</ele></trkpt>
      <trkpt lat="22.2012697248" lon="113.8531415745"><ele>6.000</ele></trkpt>
      <trkpt lat="22.2012674838" lon="113.8531399349"><ele>6.000</ele></trkpt>
      <trkpt lat="22.2012652436" lon="113.8531382962"><ele>6.000</ele></trkpt>
      <trkpt lat="22.2012630044" lon="113.8531366566"><ele>6.000</ele></trkpt>
      <trkpt lat="22.2012607642" lon="113.8531350161"><ele>6.000</ele></trkpt>
      <trkpt lat="22.2012585250" lon="113.8531333765"><ele>4.000</ele></trkpt>
      <trkpt lat="22.2012562848" lon="113.8531317359"><ele>4.000</ele></trkpt>
      <trkpt lat="22.2012540465" lon="113.8531300953"><ele>4.000</ele></trkpt>
      <trkpt lat="22.2012518073" lon="113.8531284538"><ele>4.000</ele></trkpt>
      <trkpt lat="22.2012495689" lon="113.8531268123"><ele>4.000</ele></trkpt>
      <trkpt lat="22.2012473297" lon="113.8531251707"><ele>4.000</ele></trkpt>
      <trkpt lat="22.2012450922" lon="113.8531235282"><ele>4.000</ele></trkpt>
      <trkpt lat="22.2012428539" lon="113.8531218857"><ele>4.000</ele></trkpt>
      <trkpt lat="22.2012406164" lon="113.8531202432"><ele>4.000</ele></trkpt>
      <trkpt lat="22.2012383790" lon="113.8531185997"><ele>4.000</ele></trkpt>
      <trkpt lat="22.2012361425" lon="113.8531169552"><ele>4.000</ele></trkpt>
      <trkpt lat="22.2012339059" lon="113.8531153108"><ele>4.000</ele></trkpt>
      <trkpt lat="22.2012316694" lon="113.8531136663"><ele>4.000</ele></trkpt>
      <trkpt lat="22.2012294337" lon="113.8531120209"><ele>4.000</ele></trkpt>
      <trkpt lat="22.2012271981" lon="113.8531103755"><ele>4.000</ele></trkpt>
      <trkpt lat="22.2012249625" lon="113.8531087291"><ele>5.000</ele></trkpt>
      <trkpt lat="22.2012227277" lon="113.8531070827"><ele>5.000</ele></trkpt>
      <trkpt lat="22.2012204939" lon="113.8531054353"><ele>5.000</ele></trkpt>
      <trkpt lat="22.2012182591" lon="113.8531037870"><ele>5.000</ele></trkpt>
      <trkpt lat="22.2012160262" lon="113.8531021387"><ele>5.000</ele></trkpt>
      <trkpt lat="22.2012137924" lon="113.8531004893"><ele>4.000</ele></trkpt>
      <trkpt lat="22.2012115603" lon="113.8530988400"><ele>4.000</ele></trkpt>
      <trkpt lat="22.2012093274" lon="113.8530971898"><ele>4.000</ele></trkpt>
      <trkpt lat="22.2012070953" lon="113.8530955385"><ele>4.000</ele></trkpt>
      <trkpt lat="22.2012048642" lon="113.8530938873"><ele>4.000</ele></trkpt>
      <trkpt lat="22.2012026331" lon="113.8530922350"><ele>4.000</ele></trkpt>
      <trkpt lat="22.2012004028" lon="113.8530905818"><ele>4.000</ele></trkpt>
      <trkpt lat="22.2011981726" lon="113.8530889286"><ele>4.000</ele></trkpt>
      <trkpt lat="22.2011959432" lon="113.8530872745"><ele>4.000</ele></trkpt>
      <trkpt lat="22.2011937148" lon="113.8530856193"><ele>4.000</ele></trkpt>
      <trkpt lat="22.2011914864" lon="113.8530839632"><ele>4.000</ele></trkpt>
      <trkpt lat="22.2011892579" lon="113.8530823071"><ele>4.000</ele></trkpt>
      <trkpt lat="22.2011818265" lon="113.8530767674"><ele>4.000</ele></trkpt>
      <trkpt lat="22.2011759026" lon="113.8530723520"><ele>4.000</ele></trkpt>
      <trkpt lat="22.2011736787" lon="113.8530706901"><ele>4.000</ele></trkpt>
      <trkpt lat="22.2011714557" lon="113.8530690272"><ele>4.000</ele></trkpt>
      <trkpt lat="22.2011692326" lon="113.8530673633"><ele>4.000</ele></trkpt>
      <trkpt lat="22.2011670105" lon="113.8530656984"><ele>4.000</ele></trkpt>
      <trkpt lat="22.2011647893" lon="113.8530640326"><ele>4.000</ele></trkpt>
      <trkpt lat="22.2011625689" lon="113.8530623668"><ele>4.000</ele></trkpt>
      <trkpt lat="22.2011602523" lon="113.8530608573"><ele>4.000</ele></trkpt>
      <trkpt lat="22.2011579374" lon="113.8530593449"><ele>5.000</ele></trkpt>
      <trkpt lat="22.2011556253" lon="113.8530578296"><ele>5.000</ele></trkpt>
      <trkpt lat="22.2011533140" lon="113.8530563105"><ele>5.000</ele></trkpt>
      <trkpt lat="22.2011510037" lon="113.8530547884"><ele>5.000</ele></trkpt>
      <trkpt lat="22.2011486960" lon="113.8530532634"><ele>5.000</ele></trkpt>
      <trkpt lat="22.2011463893" lon="113.8530517364"><ele>5.000</ele></trkpt>
      <trkpt lat="22.2011440835" lon="113.8530502066"><ele>5.000</ele></trkpt>
      <trkpt lat="22.2011417794" lon="113.8530486748"><ele>5.000</ele></trkpt>
      <trkpt lat="22.2011394763" lon="113.8530471400"><ele>5.000</ele></trkpt>
      <trkpt lat="22.2011371740" lon="113.8530456043"><ele>5.000</ele></trkpt>
      <trkpt lat="22.2011348727" lon="113.8530440667"><ele>5.000</ele></trkpt>
      <trkpt lat="22.2011325722" lon="113.8530425272"><ele>5.000</ele></trkpt>
      <trkpt lat="22.2011302717" lon="113.8530409866"><ele>5.000</ele></trkpt>
      <trkpt lat="22.2011279722" lon="113.8530394451"><ele>5.000</ele></trkpt>
      <trkpt lat="22.2011256735" lon="113.8530379017"><ele>5.000</ele></trkpt>
      <trkpt lat="22.2011233749" lon="113.8530363582"><ele>4.000</ele></trkpt>
      <trkpt lat="22.2011210771" lon="113.8530348147"><ele>4.000</ele></trkpt>
      <trkpt lat="22.2011187794" lon="113.8530332703"><ele>4.000</ele></trkpt>
      <trkpt lat="22.2011164816" lon="113.8530317249"><ele>4.000</ele></trkpt>
      <trkpt lat="22.2011141839" lon="113.8530301805"><ele>4.000</ele></trkpt>
      <trkpt lat="22.2011118861" lon="113.8530286361"><ele>4.000</ele></trkpt>
      <trkpt lat="22.2011095875" lon="113.8530270917"><ele>4.000</ele></trkpt>
      <trkpt lat="22.2011072897" lon="113.8530255482"><ele>4.000</ele></trkpt>
      <trkpt lat="22.2011049911" lon="113.8530240048"><ele>4.000</ele></trkpt>
      <trkpt lat="22.2011026915" lon="113.8530224623"><ele>4.000</ele></trkpt>
      <trkpt lat="22.2011003920" lon="113.8530209217"><ele>4.000</ele></trkpt>
      <trkpt lat="22.2010980915" lon="113.8530193822"><ele>4.000</ele></trkpt>
      <trkpt lat="22.2010957911" lon="113.8530178436"><ele>4.000</ele></trkpt>
      <trkpt lat="22.2010934888" lon="113.8530163069"><ele>4.000</ele></trkpt>
      <trkpt lat="22.2010911857" lon="113.8530147722"><ele>4.000</ele></trkpt>
      <trkpt lat="22.2010888816" lon="113.8530132385"><ele>4.000</ele></trkpt>
      <trkpt lat="22.2010865767" lon="113.8530117086"><ele>4.000</ele></trkpt>
      <trkpt lat="22.2010842708" lon="113.8530101797"><ele>4.000</ele></trkpt>
      <trkpt lat="22.2010819632" lon="113.8530086537"><ele>4.000</ele></trkpt>
      <trkpt lat="22.2010796537" lon="113.8530071307"><ele>4.000</ele></trkpt>
      <trkpt lat="22.2010773434" lon="113.8530056105"><ele>4.000</ele></trkpt>
      <trkpt lat="22.2010750312" lon="113.8530040933"><ele>4.000</ele></trkpt>
      <trkpt lat="22.2010727173" lon="113.8530025799"><ele>4.000</ele></trkpt>
      <trkpt lat="22.2010704015" lon="113.8530010695"><ele>4.000</ele></trkpt>
      <trkpt lat="22.2010680840" lon="113.8529995629"><ele>4.000</ele></trkpt>
      <trkpt lat="22.2010657646" lon="113.8529980603"><ele>4.000</ele></trkpt>
      <trkpt lat="22.2010634426" lon="113.8529965615"><ele>4.000</ele></trkpt>
      <trkpt lat="22.2010611188" lon="113.8529950675"><ele>4.000</ele></trkpt>
      <trkpt lat="22.2010587931" lon="113.8529935775"><ele>4.000</ele></trkpt>
      <trkpt lat="22.2010564639" lon="113.8529920913"><ele>4.000</ele></trkpt>
      <trkpt lat="22.2010541328" lon="113.8529906110"><ele>4.000</ele></trkpt>
      <trkpt lat="22.2010517991" lon="113.8529891355"><ele>4.000</ele></trkpt>
      <trkpt lat="22.2010494627" lon="113.8529876649"><ele>4.000</ele></trkpt>
      <trkpt lat="22.2010471244" lon="113.8529861991"><ele>4.000</ele></trkpt>
      <trkpt lat="22.2010447817" lon="113.8529847401"><ele>4.000</ele></trkpt>
      <trkpt lat="22.2010424372" lon="113.8529832860"><ele>4.000</ele></trkpt>
      <trkpt lat="22.2010400890" lon="113.8529818377"><ele>4.000</ele></trkpt>
      <trkpt lat="22.2010377382" lon="113.8529803952"><ele>4.000</ele></trkpt>
      <trkpt lat="22.2010353838" lon="113.8529789595"><ele>4.000</ele></trkpt>
      <trkpt lat="22.2010330257" lon="113.8529775306"><ele>4.000</ele></trkpt>
      <trkpt lat="22.2010306650" lon="113.8529761076"><ele>4.000</ele></trkpt>
      <trkpt lat="22.2010282998" lon="113.8529746913"><ele>4.000</ele></trkpt>
      <trkpt lat="22.2010259319" lon="113.8529732828"><ele>4.000</ele></trkpt>
      <trkpt lat="22.2010235594" lon="113.8529718811"><ele>4.000</ele></trkpt>
      <trkpt lat="22.2010211834" lon="113.8529704853"><ele>4.000</ele></trkpt>
      <trkpt lat="22.2010188074" lon="113.8529690904"><ele>4.000</ele></trkpt>
      <trkpt lat="22.2010164323" lon="113.8529676945"><ele>4.000</ele></trkpt>
      <trkpt lat="22.2010140563" lon="113.8529662977"><ele>4.000</ele></trkpt>
      <trkpt lat="22.2010116811" lon="113.8529648989"><ele>4.000</ele></trkpt>
      <trkpt lat="22.2010093051" lon="113.8529634991"><ele>4.000</ele></trkpt>
      <trkpt lat="22.2010069300" lon="113.8529620994"><ele>4.000</ele></trkpt>
      <trkpt lat="22.2010045548" lon="113.8529606987"><ele>4.000</ele></trkpt>
      <trkpt lat="22.2010021797" lon="113.8529592970"><ele>4.000</ele></trkpt>
      <trkpt lat="22.2009998046" lon="113.8529578943"><ele>4.000</ele></trkpt>
      <trkpt lat="22.2009974294" lon="113.8529564907"><ele>4.000</ele></trkpt>
      <trkpt lat="22.2009950543" lon="113.8529550871"><ele>4.000</ele></trkpt>
      <trkpt lat="22.2009926783" lon="113.8529536835"><ele>4.000</ele></trkpt>
      <trkpt lat="22.2009903031" lon="113.8529522789"><ele>4.000</ele></trkpt>
      <trkpt lat="22.2009879280" lon="113.8529508743"><ele>4.000</ele></trkpt>
      <trkpt lat="22.2009855519" lon="113.8529494697"><ele>4.000</ele></trkpt>
      <trkpt lat="22.2009831759" lon="113.8529480641"><ele>4.000</ele></trkpt>
      <trkpt lat="22.2009807999" lon="113.8529466585"><ele>4.000</ele></trkpt>
      <trkpt lat="22.2009784238" lon="113.8529452539"><ele>4.000</ele></trkpt>
      <trkpt lat="22.2009760478" lon="113.8529438484"><ele>4.000</ele></trkpt>
      <trkpt lat="22.2009736708" lon="113.8529424438"><ele>4.000</ele></trkpt>
      <trkpt lat="22.2009712939" lon="113.8529410382"><ele>4.000</ele></trkpt>
      <trkpt lat="22.2009689169" lon="113.8529396336"><ele>4.000</ele></trkpt>
      <trkpt lat="22.2009665391" lon="113.8529382300"><ele>4.000</ele></trkpt>
      <trkpt lat="22.2009641613" lon="113.8529368264"><ele>4.000</ele></trkpt>
      <trkpt lat="22.2009617825" lon="113.8529354228"><ele>4.000</ele></trkpt>
      <trkpt lat="22.2009594038" lon="113.8529340201"><ele>4.000</ele></trkpt>
      <trkpt lat="22.2009570241" lon="113.8529326184"><ele>4.000</ele></trkpt>
      <trkpt lat="22.2009546445" lon="113.8529312168"><ele>4.000</ele></trkpt>
      <trkpt lat="22.2009522639" lon="113.8529298170"><ele>4.000</ele></trkpt>
      <trkpt lat="22.2009498834" lon="113.8529284173"><ele>4.000</ele></trkpt>
      <trkpt lat="22.2009475019" lon="113.8529270185"><ele>4.000</ele></trkpt>
      <trkpt lat="22.2009451205" lon="113.8529256207"><ele>4.000</ele></trkpt>
      <trkpt lat="22.2009427372" lon="113.8529242239"><ele>4.000</ele></trkpt>
      <trkpt lat="22.2009403540" lon="113.8529228290"><ele>4.000</ele></trkpt>
      <trkpt lat="22.2009379707" lon="113.8529214351"><ele>4.000</ele></trkpt>
      <trkpt lat="22.2009355857" lon="113.8529200422"><ele>4.000</ele></trkpt>
      <trkpt lat="22.2009332006" lon="113.8529186512"><ele>4.000</ele></trkpt>
      <trkpt lat="22.2009308147" lon="113.8529172612"><ele>4.000</ele></trkpt>
      <trkpt lat="22.2009284278" lon="113.8529158731"><ele>4.000</ele></trkpt>
      <trkpt lat="22.2009260410" lon="113.8529144860"><ele>4.000</ele></trkpt>
      <trkpt lat="22.2009236524" lon="113.8529131008"><ele>4.000</ele></trkpt>
      <trkpt lat="22.2009212637" lon="113.8529117176"><ele>4.000</ele></trkpt>
      <trkpt lat="22.2009188733" lon="113.8529103363"><ele>4.000</ele></trkpt>
      <trkpt lat="22.2009164828" lon="113.8529089570"><ele>4.000</ele></trkpt>
      <trkpt lat="22.2009140906" lon="113.8529075796"><ele>4.000</ele></trkpt>
      <trkpt lat="22.2009116984" lon="113.8529062041"><ele>4.000</ele></trkpt>
      <trkpt lat="22.2009093043" lon="113.8529048306"><ele>4.000</ele></trkpt>
      <trkpt lat="22.2009069103" lon="113.8529034600"><ele>4.000</ele></trkpt>
      <trkpt lat="22.2009045144" lon="113.8529020913"><ele>4.000</ele></trkpt>
      <trkpt lat="22.2009021177" lon="113.8529007246"><ele>4.000</ele></trkpt>
      <trkpt lat="22.2008997201" lon="113.8528993608"><ele>4.000</ele></trkpt>
      <trkpt lat="22.2008973206" lon="113.8528979989"><ele>4.000</ele></trkpt>
      <trkpt lat="22.2008949212" lon="113.8528966399"><ele>4.000</ele></trkpt>
      <trkpt lat="22.2008925200" lon="113.8528952839"><ele>4.000</ele></trkpt>
      <trkpt lat="22.2008901178" lon="113.8528939307"><ele>4.000</ele></trkpt>
      <trkpt lat="22.2008877139" lon="113.8528925796"><ele>4.000</ele></trkpt>
      <trkpt lat="22.2008853091" lon="113.8528912322"><ele>4.000</ele></trkpt>
      <trkpt lat="22.2008829034" lon="113.8528898869"><ele>4.000</ele></trkpt>
      <trkpt lat="22.2008804958" lon="113.8528885454"><ele>4.000</ele></trkpt>
      <trkpt lat="22.2008780874" lon="113.8528872068"><ele>4.000</ele></trkpt>
      <trkpt lat="22.2008756781" lon="113.8528858712"><ele>4.000</ele></trkpt>
      <trkpt lat="22.2008732670" lon="113.8528845394"><ele>4.000</ele></trkpt>
      <trkpt lat="22.2008708541" lon="113.8528832105"><ele>4.000</ele></trkpt>
      <trkpt lat="22.2008684403" lon="113.8528818846"><ele>4.000</ele></trkpt>
      <trkpt lat="22.2008660246" lon="113.8528805625"><ele>4.000</ele></trkpt>
      <trkpt lat="22.2008636081" lon="113.8528792443"><ele>4.000</ele></trkpt>
      <trkpt lat="22.2008611898" lon="113.8528779290"><ele>4.000</ele></trkpt>
      <trkpt lat="22.2008587697" lon="113.8528766176"><ele>4.000</ele></trkpt>
      <trkpt lat="22.2008563487" lon="113.8528753101"><ele>4.000</ele></trkpt>
      <trkpt lat="22.2008539259" lon="113.8528740065"><ele>4.000</ele></trkpt>
      <trkpt lat="22.2008515013" lon="113.8528727067"><ele>4.000</ele></trkpt>
      <trkpt lat="22.2008490749" lon="113.8528714118"><ele>4.000</ele></trkpt>
      <trkpt lat="22.2008466476" lon="113.8528701199"><ele>4.000</ele></trkpt>
      <trkpt lat="22.2008442185" lon="113.8528688327"><ele>4.000</ele></trkpt>
      <trkpt lat="22.2008417868" lon="113.8528675495"><ele>4.000</ele></trkpt>
      <trkpt lat="22.2008393541" lon="113.8528662701"><ele>4.000</ele></trkpt>
      <trkpt lat="22.2008369196" lon="113.8528649956"><ele>4.000</ele></trkpt>
      <trkpt lat="22.2008344833" lon="113.8528637250"><ele>4.000</ele></trkpt>
      <trkpt lat="22.2008320452" lon="113.8528624592"><ele>4.000</ele></trkpt>
      <trkpt lat="22.2008296054" lon="113.8528611983"><ele>4.000</ele></trkpt>
      <trkpt lat="22.2008271637" lon="113.8528599422"><ele>4.000</ele></trkpt>
      <trkpt lat="22.2008247202" lon="113.8528586900"><ele>4.000</ele></trkpt>
      <trkpt lat="22.2008222750" lon="113.8528574437"><ele>4.000</ele></trkpt>
      <trkpt lat="22.2008198279" lon="113.8528562012"><ele>4.000</ele></trkpt>
      <trkpt lat="22.2008173781" lon="113.8528549646"><ele>4.000</ele></trkpt>
      <trkpt lat="22.2008149275" lon="113.8528537328"><ele>4.000</ele></trkpt>
      <trkpt lat="22.2008124741" lon="113.8528525058"><ele>4.000</ele></trkpt>
      <trkpt lat="22.2008100190" lon="113.8528512837"><ele>4.000</ele></trkpt>
      <trkpt lat="22.2008075611" lon="113.8528500674"><ele>4.000</ele></trkpt>
      <trkpt lat="22.2008051024" lon="113.8528488560"><ele>4.000</ele></trkpt>
      <trkpt lat="22.2008026410" lon="113.8528476504"><ele>4.000</ele></trkpt>
      <trkpt lat="22.2008001768" lon="113.8528464507"><ele>4.000</ele></trkpt>
      <trkpt lat="22.2007977118" lon="113.8528452558"><ele>4.000</ele></trkpt>
      <trkpt lat="22.2007952432" lon="113.8528440667"><ele>4.000</ele></trkpt>
      <trkpt lat="22.2007927737" lon="113.8528428834"><ele>4.000</ele></trkpt>
      <trkpt lat="22.2007903014" lon="113.8528417059"><ele>4.000</ele></trkpt>
      <trkpt lat="22.2007878265" lon="113.8528405343"><ele>4.000</ele></trkpt>
      <trkpt lat="22.2007853498" lon="113.8528393676"><ele>4.000</ele></trkpt>
      <trkpt lat="22.2007828704" lon="113.8528382086"><ele>4.000</ele></trkpt>
      <trkpt lat="22.2007803892" lon="113.8528370544"><ele>4.000</ele></trkpt>
      <trkpt lat="22.2007779053" lon="113.8528359071"><ele>4.000</ele></trkpt>
      <trkpt lat="22.2007754187" lon="113.8528347655"><ele>4.000</ele></trkpt>
      <trkpt lat="22.2007729303" lon="113.8528336298"><ele>4.000</ele></trkpt>
      <trkpt lat="22.2007704392" lon="113.8528325009"><ele>4.000</ele></trkpt>
      <trkpt lat="22.2007679473" lon="113.8528313768"><ele>4.000</ele></trkpt>
      <trkpt lat="22.2007654526" lon="113.8528302557"><ele>4.000</ele></trkpt>
      <trkpt lat="22.2007629570" lon="113.8528291384"><ele>4.000</ele></trkpt>
      <trkpt lat="22.2007604596" lon="113.8528280251"><ele>4.000</ele></trkpt>
      <trkpt lat="22.2007579604" lon="113.8528269156"><ele>4.000</ele></trkpt>
      <trkpt lat="22.2007554604" lon="113.8528258090"><ele>4.000</ele></trkpt>
      <trkpt lat="22.2007529585" lon="113.8528247072"><ele>4.000</ele></trkpt>
      <trkpt lat="22.2007504557" lon="113.8528236084"><ele>4.000</ele></trkpt>
      <trkpt lat="22.2007479512" lon="113.8528225135"><ele>4.000</ele></trkpt>
      <trkpt lat="22.2007454448" lon="113.8528214214"><ele>4.000</ele></trkpt>
      <trkpt lat="22.2007429376" lon="113.8528203333"><ele>4.000</ele></trkpt>
      <trkpt lat="22.2007404285" lon="113.8528192481"><ele>4.000</ele></trkpt>
      <trkpt lat="22.2007379185" lon="113.8528181667"><ele>6.000</ele></trkpt>
      <trkpt lat="22.2007354068" lon="113.8528170893"><ele>6.000</ele></trkpt>
      <trkpt lat="22.2007328941" lon="113.8528160137"><ele>6.000</ele></trkpt>
      <trkpt lat="22.2007303797" lon="113.8528149421"><ele>6.000</ele></trkpt>
      <trkpt lat="22.2007278643" lon="113.8528138743"><ele>6.000</ele></trkpt>
      <trkpt lat="22.2007253472" lon="113.8528128095"><ele>6.000</ele></trkpt>
      <trkpt lat="22.2007228291" lon="113.8528117475"><ele>6.000</ele></trkpt>
      <trkpt lat="22.2007203093" lon="113.8528106885"><ele>6.000</ele></trkpt>
      <trkpt lat="22.2007177886" lon="113.8528096334"><ele>6.000</ele></trkpt>
      <trkpt lat="22.2007152669" lon="113.8528085802"><ele>4.000</ele></trkpt>
      <trkpt lat="22.2007127435" lon="113.8528075309"><ele>4.000</ele></trkpt>
      <trkpt lat="22.2007102192" lon="113.8528064845"><ele>4.000</ele></trkpt>
      <trkpt lat="22.2007076939" lon="113.8528054400"><ele>4.000</ele></trkpt>
      <trkpt lat="22.2007051669" lon="113.8528043994"><ele>4.000</ele></trkpt>
      <trkpt lat="22.2007026390" lon="113.8528033617"><ele>4.000</ele></trkpt>
      <trkpt lat="22.2007001101" lon="113.8528023260"><ele>4.000</ele></trkpt>
      <trkpt lat="22.2006975804" lon="113.8528012932"><ele>4.000</ele></trkpt>
      <trkpt lat="22.2006950489" lon="113.8528002643"><ele>4.000</ele></trkpt>
      <trkpt lat="22.2006925165" lon="113.8527992373"><ele>4.000</ele></trkpt>
      <trkpt lat="22.2006899831" lon="113.8527982122"><ele>4.000</ele></trkpt>
      <trkpt lat="22.2006874489" lon="113.8527971911"><ele>4.000</ele></trkpt>
      <trkpt lat="22.2006849129" lon="113.8527961718"><ele>4.000</ele></trkpt>
      <trkpt lat="22.2006823769" lon="113.8527951545"><ele>4.000</ele></trkpt>
      <trkpt lat="22.2006798391" lon="113.8527941411"><ele>4.000</ele></trkpt>
      <trkpt lat="22.2006773003" lon="113.8527931287"><ele>4.000</ele></trkpt>
      <trkpt lat="22.2006747607" lon="113.8527921192"><ele>4.000</ele></trkpt>
      <trkpt lat="22.2006722202" lon="113.8527911126"><ele>4.000</ele></trkpt>
      <trkpt lat="22.2006696788" lon="113.8527901079"><ele>4.000</ele></trkpt>
      <trkpt lat="22.2006671365" lon="113.8527891062"><ele>4.000</ele></trkpt>
      <trkpt lat="22.2006645933" lon="113.8527881054"><ele>4.000</ele></trkpt>
      <trkpt lat="22.2006620492" lon="113.8527871075"><ele>4.000</ele></trkpt>
      <trkpt lat="22.2006595042" lon="113.8527861126"><ele>4.000</ele></trkpt>
      <trkpt lat="22.2006569583" lon="113.8527851186"><ele>4.000</ele></trkpt>
      <trkpt lat="22.2006544115" lon="113.8527841275"><ele>4.000</ele></trkpt>
      <trkpt lat="22.2006518638" lon="113.8527831384"><ele>4.000</ele></trkpt>
      <trkpt lat="22.2006493152" lon="113.8527821512"><ele>4.000</ele></trkpt>
      <trkpt lat="22.2006467666" lon="113.8527811659"><ele>4.000</ele></trkpt>
      <trkpt lat="22.2006442162" lon="113.8527801826"><ele>4.000</ele></trkpt>
      <trkpt lat="22.2006416658" lon="113.8527792003"><ele>4.000</ele></trkpt>
      <trkpt lat="22.2006391136" lon="113.8527782208"><ele>4.000</ele></trkpt>
      <trkpt lat="22.2006365614" lon="113.8527772434"><ele>4.000</ele></trkpt>
      <trkpt lat="22.2006340092" lon="113.8527762678"><ele>4.000</ele></trkpt>
      <trkpt lat="22.2006314552" lon="113.8527752932"><ele>4.000</ele></trkpt>
      <trkpt lat="22.2006289003" lon="113.8527743206"><ele>4.000</ele></trkpt>
      <trkpt lat="22.2006263454" lon="113.8527733499"><ele>4.000</ele></trkpt>
      <trkpt lat="22.2006237896" lon="113.8527723802"><ele>4.000</ele></trkpt>
      <trkpt lat="22.2006212339" lon="113.8527714134"><ele>4.000</ele></trkpt>
      <trkpt lat="22.2006186763" lon="113.8527704466"><ele>6.000</ele></trkpt>
      <trkpt lat="22.2006161187" lon="113.8527694827"><ele>6.000</ele></trkpt>
      <trkpt lat="22.2006135611" lon="113.8527685188"><ele>6.000</ele></trkpt>
      <trkpt lat="22.2006110017" lon="113.8527675578"><ele>6.000</ele></trkpt>
      <trkpt lat="22.2006084423" lon="113.8527665978"><ele>6.000</ele></trkpt>
      <trkpt lat="22.2006058830" lon="113.8527656387"><ele>6.000</ele></trkpt>
      <trkpt lat="22.2006033227" lon="113.8527646807"><ele>6.000</ele></trkpt>
      <trkpt lat="22.2006007615" lon="113.8527637245"><ele>6.000</ele></trkpt>
      <trkpt lat="22.2005982003" lon="113.8527627694"><ele>6.000</ele></trkpt>
      <trkpt lat="22.2005956382" lon="113.8527618162"><ele>6.000</ele></trkpt>
      <trkpt lat="22.2005930762" lon="113.8527608629"><ele>6.000</ele></trkpt>
      <trkpt lat="22.2005905132" lon="113.8527599117"><ele>6.000</ele></trkpt>
      <trkpt lat="22.2005879493" lon="113.8527589614"><ele>6.000</ele></trkpt>
      <trkpt lat="22.2005853863" lon="113.8527580120"><ele>6.000</ele></trkpt>
      <trkpt lat="22.2005828216" lon="113.8527570637"><ele>6.000</ele></trkpt>
      <trkpt lat="22.2005802577" lon="113.8527561163"><ele>5.000</ele></trkpt>
      <trkpt lat="22.2005776929" lon="113.8527551698"><ele>5.000</ele></trkpt>
      <trkpt lat="22.2005751272" lon="113.8527542234"><ele>5.000</ele></trkpt>
      <trkpt lat="22.2005725616" lon="113.8527532789"><ele>5.000</ele></trkpt>
      <trkpt lat="22.2005699959" lon="113.8527523354"><ele>5.000</ele></trkpt>
      <trkpt lat="22.2005674302" lon="113.8527513919"><ele>5.000</ele></trkpt>
      <trkpt lat="22.2005648636" lon="113.8527504494"><ele>5.000</ele></trkpt>
      <trkpt lat="22.2005622971" lon="113.8527495078"><ele>5.000</ele></trkpt>
      <trkpt lat="22.2005597296" lon="113.8527485662"><ele>5.000</ele></trkpt>
      <trkpt lat="22.2005571630" lon="113.8527476266"><ele>5.000</ele></trkpt>
      <trkpt lat="22.2005545956" lon="113.8527466860"><ele>5.000</ele></trkpt>
      <trkpt lat="22.2005520272" lon="113.8527457473"><ele>5.000</ele></trkpt>
      <trkpt lat="22.2005494597" lon="113.8527448077"><ele>5.000</ele></trkpt>
      <trkpt lat="22.2005468914" lon="113.8527438700"><ele>5.000</ele></trkpt>
      <trkpt lat="22.2005443239" lon="113.8527429314"><ele>5.000</ele></trkpt>
      <trkpt lat="22.2005417555" lon="113.8527419937"><ele>5.000</ele></trkpt>
      <trkpt lat="22.2005391862" lon="113.8527410569"><ele>5.000</ele></trkpt>
      <trkpt lat="22.2005366179" lon="113.8527401202"><ele>4.000</ele></trkpt>
      <trkpt lat="22.2005340495" lon="113.8527391835"><ele>4.000</ele></trkpt>
      <trkpt lat="22.2005314802" lon="113.8527382468"><ele>4.000</ele></trkpt>
      <trkpt lat="22.2005289119" lon="113.8527373101"><ele>4.000</ele></trkpt>
      <trkpt lat="22.2005263426" lon="113.8527363743"><ele>4.000</ele></trkpt>
      <trkpt lat="22.2005237742" lon="113.8527354386"><ele>4.000</ele></trkpt>
      <trkpt lat="22.2005212050" lon="113.8527345028"><ele>4.000</ele></trkpt>
      <trkpt lat="22.2005186366" lon="113.8527335661"><ele>4.000</ele></trkpt>
      <trkpt lat="22.2005160673" lon="113.8527326304"><ele>4.000</ele></trkpt>
      <trkpt lat="22.2005134981" lon="113.8527316946"><ele>4.000</ele></trkpt>
      <trkpt lat="22.2005109297" lon="113.8527307589"><ele>4.000</ele></trkpt>
      <trkpt lat="22.2005083604" lon="113.8527298222"><ele>4.000</ele></trkpt>
      <trkpt lat="22.2005057921" lon="113.8527288854"><ele>4.000</ele></trkpt>
      <trkpt lat="22.2005032237" lon="113.8527279497"><ele>4.000</ele></trkpt>
      <trkpt lat="22.2005006553" lon="113.8527270130"><ele>4.000</ele></trkpt>
      <trkpt lat="22.2004980870" lon="113.8527260753"><ele>4.000</ele></trkpt>
      <trkpt lat="22.2004955186" lon="113.8527251376"><ele>4.000</ele></trkpt>
      <trkpt lat="22.2004929502" lon="113.8527241999"><ele>4.000</ele></trkpt>
      <trkpt lat="22.2004903828" lon="113.8527232622"><ele>4.000</ele></trkpt>
      <trkpt lat="22.2004878144" lon="113.8527223236"><ele>4.000</ele></trkpt>
      <trkpt lat="22.2004852469" lon="113.8527213839"><ele>4.000</ele></trkpt>
      <trkpt lat="22.2004826795" lon="113.8527204443"><ele>4.000</ele></trkpt>
      <trkpt lat="22.2004801129" lon="113.8527195047"><ele>4.000</ele></trkpt>
      <trkpt lat="22.2004775463" lon="113.8527185641"><ele>4.000</ele></trkpt>
      <trkpt lat="22.2004749798" lon="113.8527176225"><ele>4.000</ele></trkpt>
      <trkpt lat="22.2004724132" lon="113.8527166800"><ele>4.000</ele></trkpt>
      <trkpt lat="22.2004698475" lon="113.8527157374"><ele>4.000</ele></trkpt>
      <trkpt lat="22.2004672818" lon="113.8527147939"><ele>4.000</ele></trkpt>
      <trkpt lat="22.2004647162" lon="113.8527138494"><ele>4.000</ele></trkpt>
      <trkpt lat="22.2004621514" lon="113.8527129050"><ele>4.000</ele></trkpt>
      <trkpt lat="22.2004595866" lon="113.8527119585"><ele>4.000</ele></trkpt>
      <trkpt lat="22.2004570227" lon="113.8527110111"><ele>4.000</ele></trkpt>
      <trkpt lat="22.2004544589" lon="113.8527100637"><ele>4.000</ele></trkpt>
      <trkpt lat="22.2004518959" lon="113.8527091144"><ele>4.000</ele></trkpt>
      <trkpt lat="22.2004493329" lon="113.8527081651"><ele>4.000</ele></trkpt>
      <trkpt lat="22.2004467699" lon="113.8527072138"><ele>4.000</ele></trkpt>
      <trkpt lat="22.2004442079" lon="113.8527062616"><ele>4.000</ele></trkpt>
      <trkpt lat="22.2004416467" lon="113.8527053083"><ele>4.000</ele></trkpt>
      <trkpt lat="22.2004390855" lon="113.8527043541"><ele>4.000</ele></trkpt>
      <trkpt lat="22.2004365252" lon="113.8527033990"><ele>4.000</ele></trkpt>
      <trkpt lat="22.2004339650" lon="113.8527024419"><ele>4.000</ele></trkpt>
      <trkpt lat="22.2004314056" lon="113.8527014838"><ele>4.000</ele></trkpt>
      <trkpt lat="22.2004288462" lon="113.8527005238"><ele>4.000</ele></trkpt>
      <trkpt lat="22.2004262886" lon="113.8526995628"><ele>4.000</ele></trkpt>
      <trkpt lat="22.2004237301" lon="113.8526986009"><ele>4.000</ele></trkpt>
      <trkpt lat="22.2004211735" lon="113.8526976370"><ele>4.000</ele></trkpt>
      <trkpt lat="22.2004186168" lon="113.8526966721"><ele>4.000</ele></trkpt>
      <trkpt lat="22.2004160610" lon="113.8526957053"><ele>4.000</ele></trkpt>
      <trkpt lat="22.2004135052" lon="113.8526947365"><ele>4.000</ele></trkpt>
      <trkpt lat="22.2004109512" lon="113.8526937668"><ele>4.000</ele></trkpt>
      <trkpt lat="22.2004083972" lon="113.8526927952"><ele>4.000</ele></trkpt>
      <trkpt lat="22.2004058441" lon="113.8526918216"><ele>4.000</ele></trkpt>
      <trkpt lat="22.2004032920" lon="113.8526908460"><ele>4.000</ele></trkpt>
      <trkpt lat="22.2004007407" lon="113.8526898637"><ele>4.000</ele></trkpt>
      <trkpt lat="22.2003981920" lon="113.8526888736"><ele>4.000</ele></trkpt>
      <trkpt lat="22.2003956443" lon="113.8526878757"><ele>4.000</ele></trkpt>
      <trkpt lat="22.2003930993" lon="113.8526868720"><ele>4.000</ele></trkpt>
      <trkpt lat="22.2003905552" lon="113.8526858616"><ele>4.000</ele></trkpt>
      <trkpt lat="22.2003880119" lon="113.8526848443"><ele>4.000</ele></trkpt>
      <trkpt lat="22.2003854705" lon="113.8526838222"><ele>4.000</ele></trkpt>
      <trkpt lat="22.2003829308" lon="113.8526827942"><ele>4.000</ele></trkpt>
      <trkpt lat="22.2003803912" lon="113.8526817615"><ele>4.000</ele></trkpt>
      <trkpt lat="22.2003778533" lon="113.8526807238"><ele>4.000</ele></trkpt>
      <trkpt lat="22.2003753172" lon="113.8526796823"><ele>4.000</ele></trkpt>
      <trkpt lat="22.2003727812" lon="113.8526786359"><ele>4.000</ele></trkpt>
      <trkpt lat="22.2003702460" lon="113.8526775866"><ele>4.000</ele></trkpt>
      <trkpt lat="22.2003677108" lon="113.8526765335"><ele>4.000</ele></trkpt>
      <trkpt lat="22.2003651774" lon="113.8526754784"><ele>4.000</ele></trkpt>
      <trkpt lat="22.2003626440" lon="113.8526744194"><ele>5.000</ele></trkpt>
      <trkpt lat="22.2003601115" lon="113.8526733594"><ele>5.000</ele></trkpt>
      <trkpt lat="22.2003575791" lon="113.8526722975"><ele>5.000</ele></trkpt>
      <trkpt lat="22.2003550466" lon="113.8526712337"><ele>4.000</ele></trkpt>
      <trkpt lat="22.2003525150" lon="113.8526701689"><ele>4.000</ele></trkpt>
      <trkpt lat="22.2003499834" lon="113.8526691031"><ele>4.000</ele></trkpt>
      <trkpt lat="22.2003474518" lon="113.8526680373"><ele>4.000</ele></trkpt>
      <trkpt lat="22.2003449202" lon="113.8526669715"><ele>4.000</ele></trkpt>
      <trkpt lat="22.2003423886" lon="113.8526659058"><ele>4.000</ele></trkpt>
      <trkpt lat="22.2003398561" lon="113.8526648409"><ele>4.000</ele></trkpt>
      <trkpt lat="22.2003373236" lon="113.8526637771"><ele>4.000</ele></trkpt>
      <trkpt lat="22.2003347911" lon="113.8526627142"><ele>4.000</ele></trkpt>
      <trkpt lat="22.2003322586" lon="113.8526616533"><ele>4.000</ele></trkpt>
      <trkpt lat="22.2003297243" lon="113.8526605943"><ele>4.000</ele></trkpt>
      <trkpt lat="22.2003271900" lon="113.8526595383"><ele>4.000</ele></trkpt>
      <trkpt lat="22.2003246548" lon="113.8526584851"><ele>4.000</ele></trkpt>
      <trkpt lat="22.2003221187" lon="113.8526574348"><ele>4.000</ele></trkpt>
      <trkpt lat="22.2003195826" lon="113.8526563885"><ele>4.000</ele></trkpt>
      <trkpt lat="22.2003170448" lon="113.8526553450"><ele>4.000</ele></trkpt>
      <trkpt lat="22.2003145060" lon="113.8526543064"><ele>4.000</ele></trkpt>
      <trkpt lat="22.2003119654" lon="113.8526532726"><ele>4.000</ele></trkpt>
      <trkpt lat="22.2003094249" lon="113.8526522437"><ele>4.000</ele></trkpt>
      <trkpt lat="22.2003068825" lon="113.8526512207"><ele>4.000</ele></trkpt>
      <trkpt lat="22.2003043384" lon="113.8526502024"><ele>4.000</ele></trkpt>
      <trkpt lat="22.2003017924" lon="113.8526491910"><ele>4.000</ele></trkpt>
      <trkpt lat="22.2002992456" lon="113.8526481854"><ele>4.000</ele></trkpt>
      <trkpt lat="22.2002966970" lon="113.8526471865"><ele>4.000</ele></trkpt>
      <trkpt lat="22.2002941466" lon="113.8526461955"><ele>4.000</ele></trkpt>
      <trkpt lat="22.2002915944" lon="113.8526452112"><ele>4.000</ele></trkpt>
      <trkpt lat="22.2002890404" lon="113.8526442347"><ele>4.000</ele></trkpt>
      <trkpt lat="22.2002864837" lon="113.8526432669"><ele>4.000</ele></trkpt>
      <trkpt lat="22.2002839261" lon="113.8526423069"><ele>4.000</ele></trkpt>
      <trkpt lat="22.2002813649" lon="113.8526413566"><ele>4.000</ele></trkpt>
      <trkpt lat="22.2002788029" lon="113.8526404150"><ele>4.000</ele></trkpt>
      <trkpt lat="22.2002762372" lon="113.8526394832"><ele>4.000</ele></trkpt>
      <trkpt lat="22.2002736698" lon="113.8526385620"><ele>4.000</ele></trkpt>
      <trkpt lat="22.2002710997" lon="113.8526376505"><ele>4.000</ele></trkpt>
      <trkpt lat="22.2002685269" lon="113.8526367496"><ele>4.000</ele></trkpt>
      <trkpt lat="22.2002659514" lon="113.8526358605"><ele>4.000</ele></trkpt>
      <trkpt lat="22.2002633741" lon="113.8526349820"><ele>4.000</ele></trkpt>
      <trkpt lat="22.2002607923" lon="113.8526341151"><ele>4.000</ele></trkpt>
      <trkpt lat="22.2002582088" lon="113.8526332608"><ele>4.000</ele></trkpt>
      <trkpt lat="22.2002556216" lon="113.8526324192"><ele>4.000</ele></trkpt>
      <trkpt lat="22.2002530318" lon="113.8526315902"><ele>4.000</ele></trkpt>
      <trkpt lat="22.2002504384" lon="113.8526307748"><ele>4.000</ele></trkpt>
      <trkpt lat="22.2002478414" lon="113.8526299729"><ele>4.000</ele></trkpt>
      <trkpt lat="22.2002452417" lon="113.8526291846"><ele>4.000</ele></trkpt>
      <trkpt lat="22.2002426384" lon="113.8526284099"><ele>4.000</ele></trkpt>
      <trkpt lat="22.2002400307" lon="113.8526276508"><ele>4.000</ele></trkpt>
      <trkpt lat="22.2002374203" lon="113.8526269062"><ele>4.000</ele></trkpt>
      <trkpt lat="22.2002348062" lon="113.8526261771"><ele>5.000</ele></trkpt>
      <trkpt lat="22.2002321877" lon="113.8526254645"><ele>5.000</ele></trkpt>
      <trkpt lat="22.2002295657" lon="113.8526247665"><ele>5.000</ele></trkpt>
      <trkpt lat="22.2002269391" lon="113.8526240859"><ele>5.000</ele></trkpt>
      <trkpt lat="22.2002243090" lon="113.8526234219"><ele>5.000</ele></trkpt>
      <trkpt lat="22.2002216753" lon="113.8526227753"><ele>5.000</ele></trkpt>
      <trkpt lat="22.2002190371" lon="113.8526221422"><ele>4.000</ele></trkpt>
      <trkpt lat="22.2002163989" lon="113.8526215092"><ele>4.000</ele></trkpt>
      <trkpt lat="22.2002158270" lon="113.8526213719"><ele>4.000</ele></trkpt>
      <trkpt lat="22.2002137589" lon="113.8526208752"><ele>4.000</ele></trkpt>
      <trkpt lat="22.2002111197" lon="113.8526202403"><ele>4.000</ele></trkpt>
      <trkpt lat="22.2002084788" lon="113.8526196044"><ele>4.000</ele></trkpt>
      <trkpt lat="22.2002058379" lon="113.8526189675"><ele>4.000</ele></trkpt>
      <trkpt lat="22.2002031961" lon="113.8526183287"><ele>4.000</ele></trkpt>
      <trkpt lat="22.2002005543" lon="113.8526176898"><ele>4.000</ele></trkpt>
      <trkpt lat="22.2001979115" lon="113.8526170500"><ele>4.000</ele></trkpt>
      <trkpt lat="22.2001952688" lon="113.8526164102"><ele>4.000</ele></trkpt>
      <trkpt lat="22.2001926243" lon="113.8526157685"><ele>4.000</ele></trkpt>
      <trkpt lat="22.2001899806" lon="113.8526151258"><ele>4.000</ele></trkpt>
      <trkpt lat="22.2001873352" lon="113.8526144831"><ele>4.000</ele></trkpt>
      <trkpt lat="22.2001846897" lon="113.8526138394"><ele>4.000</ele></trkpt>
      <trkpt lat="22.2001820443" lon="113.8526131948"><ele>4.000</ele></trkpt>
      <trkpt lat="22.2001793979" lon="113.8526125502"><ele>4.000</ele></trkpt>
      <trkpt lat="22.2001767507" lon="113.8526119046"><ele>4.000</ele></trkpt>
      <trkpt lat="22.2001741034" lon="113.8526112580"><ele>4.000</ele></trkpt>
      <trkpt lat="22.2001714552" lon="113.8526106114"><ele>4.000</ele></trkpt>
      <trkpt lat="22.2001688071" lon="113.8526099639"><ele>4.000</ele></trkpt>
      <trkpt lat="22.2001661580" lon="113.8526093163"><ele>4.000</ele></trkpt>
      <trkpt lat="22.2001635080" lon="113.8526086678"><ele>4.000</ele></trkpt>
      <trkpt lat="22.2001608581" lon="113.8526080193"><ele>4.000</ele></trkpt>
      <trkpt lat="22.2001582081" lon="113.8526073699"><ele>4.000</ele></trkpt>
      <trkpt lat="22.2001555572" lon="113.8526067204"><ele>4.000</ele></trkpt>
      <trkpt lat="22.2001529054" lon="113.8526060709"><ele>4.000</ele></trkpt>
      <trkpt lat="22.2001502537" lon="113.8526054205"><ele>4.000</ele></trkpt>
      <trkpt lat="22.2001476010" lon="113.8526047710"><ele>4.000</ele></trkpt>
      <trkpt lat="22.2001449483" lon="113.8526041206"><ele>4.000</ele></trkpt>
      <trkpt lat="22.2001422956" lon="113.8526034691"><ele>4.000</ele></trkpt>
      <trkpt lat="22.2001396411" lon="113.8526028187"><ele>4.000</ele></trkpt>
      <trkpt lat="22.2001369875" lon="113.8526021673"><ele>4.000</ele></trkpt>
      <trkpt lat="22.2001343330" lon="113.8526015169"><ele>4.000</ele></trkpt>
      <trkpt lat="22.2001316776" lon="113.8526008655"><ele>4.000</ele></trkpt>
      <trkpt lat="22.2001290222" lon="113.8526002141"><ele>4.000</ele></trkpt>
      <trkpt lat="22.2001263659" lon="113.8525995636"><ele>4.000</ele></trkpt>
      <trkpt lat="22.2001237096" lon="113.8525989122"><ele>4.000</ele></trkpt>
      <trkpt lat="22.2001210533" lon="113.8525982608"><ele>4.000</ele></trkpt>
      <trkpt lat="22.2001183961" lon="113.8525976104"><ele>4.000</ele></trkpt>
      <trkpt lat="22.2001157380" lon="113.8525969600"><ele>4.000</ele></trkpt>
      <trkpt lat="22.2001130799" lon="113.8525963086"><ele>4.000</ele></trkpt>
      <trkpt lat="22.2001104218" lon="113.8525956582"><ele>4.000</ele></trkpt>
      <trkpt lat="22.2001077628" lon="113.8525950087"><ele>4.000</ele></trkpt>
      <trkpt lat="22.2001051038" lon="113.8525943583"><ele>4.000</ele></trkpt>
      <trkpt lat="22.2001024439" lon="113.8525937088"><ele>4.000</ele></trkpt>
      <trkpt lat="22.2000997840" lon="113.8525930603"><ele>4.000</ele></trkpt>
      <trkpt lat="22.2000971241" lon="113.8525924109"><ele>4.000</ele></trkpt>
      <trkpt lat="22.2000944633" lon="113.8525917624"><ele>4.000</ele></trkpt>
      <trkpt lat="22.2000918025" lon="113.8525911149"><ele>4.000</ele></trkpt>
      <trkpt lat="22.2000891408" lon="113.8525904674"><ele>4.000</ele></trkpt>
      <trkpt lat="22.2000864790" lon="113.8525898209"><ele>4.000</ele></trkpt>
      <trkpt lat="22.2000838164" lon="113.8525891743"><ele>4.000</ele></trkpt>
      <trkpt lat="22.2000811538" lon="113.8525885278"><ele>4.000</ele></trkpt>
      <trkpt lat="22.2000784912" lon="113.8525878832"><ele>4.000</ele></trkpt>
      <trkpt lat="22.2000758277" lon="113.8525872386"><ele>4.000</ele></trkpt>
      <trkpt lat="22.2000731642" lon="113.8525865940"><ele>4.000</ele></trkpt>
      <trkpt lat="22.2000705007" lon="113.8525859513"><ele>4.000</ele></trkpt>
      <trkpt lat="22.2000678363" lon="113.8525853087"><ele>4.000</ele></trkpt>
      <trkpt lat="22.2000651719" lon="113.8525846670"><ele>4.000</ele></trkpt>
      <trkpt lat="22.2000625066" lon="113.8525840263"><ele>4.000</ele></trkpt>
      <trkpt lat="22.2000598422" lon="113.8525833865"><ele>4.000</ele></trkpt>
      <trkpt lat="22.2000571759" lon="113.8525827468"><ele>4.000</ele></trkpt>
      <trkpt lat="22.2000545106" lon="113.8525821090"><ele>4.000</ele></trkpt>
      <trkpt lat="22.2000518444" lon="113.8525814712"><ele>4.000</ele></trkpt>
      <trkpt lat="22.2000491782" lon="113.8525808353"><ele>4.000</ele></trkpt>
      <trkpt lat="22.2000465111" lon="113.8525801995"><ele>4.000</ele></trkpt>
      <trkpt lat="22.2000438440" lon="113.8525795656"><ele>4.000</ele></trkpt>
      <trkpt lat="22.2000411769" lon="113.8525789326"><ele>4.000</ele></trkpt>
      <trkpt lat="22.2000385098" lon="113.8525783006"><ele>4.000</ele></trkpt>
      <trkpt lat="22.2000358418" lon="113.8525776696"><ele>4.000</ele></trkpt>
      <trkpt lat="22.2000331738" lon="113.8525770396"><ele>4.000</ele></trkpt>
      <trkpt lat="22.2000305058" lon="113.8525764105"><ele>4.000</ele></trkpt>
      <trkpt lat="22.2000278369" lon="113.8525757834"><ele>4.000</ele></trkpt>
      <trkpt lat="22.2000251681" lon="113.8525751572"><ele>4.000</ele></trkpt>
      <trkpt lat="22.2000224992" lon="113.8525745330"><ele>4.000</ele></trkpt>
      <trkpt lat="22.2000198294" lon="113.8525739098"><ele>4.000</ele></trkpt>
      <trkpt lat="22.2000171605" lon="113.8525732875"><ele>4.000</ele></trkpt>
      <trkpt lat="22.2000144907" lon="113.8525726672"><ele>4.000</ele></trkpt>
      <trkpt lat="22.2000118200" lon="113.8525720478"><ele>4.000</ele></trkpt>
      <trkpt lat="22.2000091502" lon="113.8525714294"><ele>4.000</ele></trkpt>
      <trkpt lat="22.2000064796" lon="113.8525708139"><ele>4.000</ele></trkpt>
      <trkpt lat="22.2000038089" lon="113.8525701984"><ele>4.000</ele></trkpt>
      <trkpt lat="22.2000011382" lon="113.8525695859"><ele>4.000</ele></trkpt>
      <trkpt lat="22.1999984666" lon="113.8525689743"><ele>4.000</ele></trkpt>
      <trkpt lat="22.1999957960" lon="113.8525683646"><ele>4.000</ele></trkpt>
      <trkpt lat="22.1999931244" lon="113.8525677559"><ele>4.000</ele></trkpt>
      <trkpt lat="22.1999904519" lon="113.8525671501"><ele>4.000</ele></trkpt>
      <trkpt lat="22.1999877804" lon="113.8525665453"><ele>4.000</ele></trkpt>
      <trkpt lat="22.1999851088" lon="113.8525659424"><ele>4.000</ele></trkpt>
      <trkpt lat="22.1999824364" lon="113.8525653405"><ele>4.000</ele></trkpt>
      <trkpt lat="22.1999797639" lon="113.8525647415"><ele>4.000</ele></trkpt>
      <trkpt lat="22.1999770915" lon="113.8525641445"><ele>4.000</ele></trkpt>
      <trkpt lat="22.1999744181" lon="113.8525635484"><ele>4.000</ele></trkpt>
      <trkpt lat="22.1999717457" lon="113.8525629552"><ele>4.000</ele></trkpt>
      <trkpt lat="22.1999690723" lon="113.8525623630"><ele>4.000</ele></trkpt>
      <trkpt lat="22.1999663990" lon="113.8525617737"><ele>4.000</ele></trkpt>
      <trkpt lat="22.1999637257" lon="113.8525611863"><ele>4.000</ele></trkpt>
      <trkpt lat="22.1999610524" lon="113.8525606009"><ele>4.000</ele></trkpt>
      <trkpt lat="22.1999583790" lon="113.8525600175"><ele>4.000</ele></trkpt>
      <trkpt lat="22.1999557048" lon="113.8525594359"><ele>4.000</ele></trkpt>
      <trkpt lat="22.1999530306" lon="113.8525588573"><ele>4.000</ele></trkpt>
      <trkpt lat="22.1999503573" lon="113.8525582796"><ele>4.000</ele></trkpt>
      <trkpt lat="22.1999476831" lon="113.8525577059"><ele>4.000</ele></trkpt>
      <trkpt lat="22.1999450089" lon="113.8525571331"><ele>4.000</ele></trkpt>
      <trkpt lat="22.1999423338" lon="113.8525565632"><ele>4.000</ele></trkpt>
      <trkpt lat="22.1999396596" lon="113.8525559952"><ele>4.000</ele></trkpt>
      <trkpt lat="22.1999369854" lon="113.8525554302"><ele>4.000</ele></trkpt>
      <trkpt lat="22.1999343103" lon="113.8525548670"><ele>4.000</ele></trkpt>
      <trkpt lat="22.1999316361" lon="113.8525543059"><ele>4.000</ele></trkpt>
      <trkpt lat="22.1999289610" lon="113.8525537486"><ele>4.000</ele></trkpt>
      <trkpt lat="22.1999262860" lon="113.8525531923"><ele>4.000</ele></trkpt>
      <trkpt lat="22.1999236109" lon="113.8525526398"><ele>4.000</ele></trkpt>
      <trkpt lat="22.1999209358" lon="113.8525520893"><ele>4.000</ele></trkpt>
      <trkpt lat="22.1999182608" lon="113.8525515417"><ele>4.000</ele></trkpt>
      <trkpt lat="22.1999155857" lon="113.8525509961"><ele>4.000</ele></trkpt>
      <trkpt lat="22.1999129107" lon="113.8525504533"><ele>4.000</ele></trkpt>
      <trkpt lat="22.1999102347" lon="113.8525499135"><ele>4.000</ele></trkpt>
      <trkpt lat="22.1999075597" lon="113.8525493766"><ele>4.000</ele></trkpt>
      <trkpt lat="22.1999048847" lon="113.8525488426"><ele>4.000</ele></trkpt>
      <trkpt lat="22.1999022087" lon="113.8525483105"><ele>4.000</ele></trkpt>
      <trkpt lat="22.1998995337" lon="113.8525477823"><ele>4.000</ele></trkpt>
      <trkpt lat="22.1998968578" lon="113.8525472561"><ele>4.000</ele></trkpt>
      <trkpt lat="22.1998941828" lon="113.8525467337"><ele>4.000</ele></trkpt>
      <trkpt lat="22.1998915069" lon="113.8525462132"><ele>4.000</ele></trkpt>
      <trkpt lat="22.1998888310" lon="113.8525456967"><ele>4.000</ele></trkpt>
      <trkpt lat="22.1998861560" lon="113.8525451821"><ele>4.000</ele></trkpt>
      <trkpt lat="22.1998834801" lon="113.8525446713"><ele>4.000</ele></trkpt>
      <trkpt lat="22.1998808042" lon="113.8525441635"><ele>4.000</ele></trkpt>
      <trkpt lat="22.1998781293" lon="113.8525436586"><ele>4.000</ele></trkpt>
      <trkpt lat="22.1998754534" lon="113.8525431566"><ele>4.000</ele></trkpt>
      <trkpt lat="22.1998727775" lon="113.8525426584"><ele>4.000</ele></trkpt>
      <trkpt lat="22.1998701026" lon="113.8525421632"><ele>4.000</ele></trkpt>
      <trkpt lat="22.1998674267" lon="113.8525416709"><ele>4.000</ele></trkpt>
      <trkpt lat="22.1998647509" lon="113.8525411825"><ele>4.000</ele></trkpt>
      <trkpt lat="22.1998620759" lon="113.8525406969"><ele>4.000</ele></trkpt>
      <trkpt lat="22.1998594001" lon="113.8525402143"><ele>4.000</ele></trkpt>
      <trkpt lat="22.1998567252" lon="113.8525397356"><ele>4.000</ele></trkpt>
      <trkpt lat="22.1998540494" lon="113.8525392598"><ele>4.000</ele></trkpt>
      <trkpt lat="22.1998513745" lon="113.8525387878"><ele>4.000</ele></trkpt>
      <trkpt lat="22.1998486996" lon="113.8525383197"><ele>4.000</ele></trkpt>
      <trkpt lat="22.1998460238" lon="113.8525378546"><ele>4.000</ele></trkpt>
      <trkpt lat="22.1998433489" lon="113.8525373933"><ele>4.000</ele></trkpt>
      <trkpt lat="22.1998406740" lon="113.8525369349"><ele>4.000</ele></trkpt>
      <trkpt lat="22.1998379991" lon="113.8525364804"><ele>4.000</ele></trkpt>
      <trkpt lat="22.1998353243" lon="113.8525360298"><ele>4.000</ele></trkpt>
      <trkpt lat="22.1998326494" lon="113.8525355831"><ele>4.000</ele></trkpt>
      <trkpt lat="22.1998299746" lon="113.8525351402"><ele>4.000</ele></trkpt>
      <trkpt lat="22.1998272997" lon="113.8525347003"><ele>4.000</ele></trkpt>
      <trkpt lat="22.1998246249" lon="113.8525342642"><ele>4.000</ele></trkpt>
      <trkpt lat="22.1998219510" lon="113.8525338320"><ele>4.000</ele></trkpt>
      <trkpt lat="22.1998192761" lon="113.8525334037"><ele>4.000</ele></trkpt>
      <trkpt lat="22.1998166022" lon="113.8525329802"><ele>4.000</ele></trkpt>
      <trkpt lat="22.1998139283" lon="113.8525325597"><ele>4.000</ele></trkpt>
      <trkpt lat="22.1998112544" lon="113.8525321430"><ele>4.000</ele></trkpt>
      <trkpt lat="22.1998085805" lon="113.8525317302"><ele>4.000</ele></trkpt>
      <trkpt lat="22.1998059067" lon="113.8525313223"><ele>4.000</ele></trkpt>
      <trkpt lat="22.1998032328" lon="113.8525309172"><ele>4.000</ele></trkpt>
      <trkpt lat="22.1998005598" lon="113.8525305170"><ele>4.000</ele></trkpt>
      <trkpt lat="22.1997978860" lon="113.8525301207"><ele>4.000</ele></trkpt>
      <trkpt lat="22.1997952130" lon="113.8525297283"><ele>4.000</ele></trkpt>
      <trkpt lat="22.1997925401" lon="113.8525293407"><ele>4.000</ele></trkpt>
      <trkpt lat="22.1997898672" lon="113.8525289560"><ele>4.000</ele></trkpt>
      <trkpt lat="22.1997871943" lon="113.8525285772"><ele>4.000</ele></trkpt>
      <trkpt lat="22.1997845223" lon="113.8525282012"><ele>4.000</ele></trkpt>
      <trkpt lat="22.1997818494" lon="113.8525278301"><ele>4.000</ele></trkpt>
      <trkpt lat="22.1997791774" lon="113.8525274639"><ele>4.000</ele></trkpt>
      <trkpt lat="22.1997765054" lon="113.8525271015"><ele>4.000</ele></trkpt>
      <trkpt lat="22.1997738334" lon="113.8525267430"><ele>4.000</ele></trkpt>
      <trkpt lat="22.1997711624" lon="113.8525263903"><ele>4.000</ele></trkpt>
      <trkpt lat="22.1997684904" lon="113.8525260406"><ele>4.000</ele></trkpt>
      <trkpt lat="22.1997658194" lon="113.8525256966"><ele>4.000</ele></trkpt>
      <trkpt lat="22.1997631483" lon="113.8525253566"><ele>4.000</ele></trkpt>
      <trkpt lat="22.1997604773" lon="113.8525250204"><ele>4.000</ele></trkpt>
      <trkpt lat="22.1997578072" lon="113.8525246900"><ele>4.000</ele></trkpt>
      <trkpt lat="22.1997551371" lon="113.8525243635"><ele>4.000</ele></trkpt>
      <trkpt lat="22.1997524661" lon="113.8525240419"><ele>4.000</ele></trkpt>
      <trkpt lat="22.1997497969" lon="113.8525237251"><ele>4.000</ele></trkpt>
      <trkpt lat="22.1997471269" lon="113.8525234131"><ele>4.000</ele></trkpt>
      <trkpt lat="22.1997444577" lon="113.8525231050"><ele>4.000</ele></trkpt>
      <trkpt lat="22.1997417885" lon="113.8525228028"><ele>4.000</ele></trkpt>
      <trkpt lat="22.1997391194" lon="113.8525225054"><ele>4.000</ele></trkpt>
      <trkpt lat="22.1997364503" lon="113.8525222118"><ele>4.000</ele></trkpt>
      <trkpt lat="22.1997337821" lon="113.8525219241"><ele>4.000</ele></trkpt>
      <trkpt lat="22.1997311138" lon="113.8525216413"><ele>4.000</ele></trkpt>
      <trkpt lat="22.1997284456" lon="113.8525213633"><ele>4.000</ele></trkpt>
      <trkpt lat="22.1997257784" lon="113.8525210901"><ele>4.000</ele></trkpt>
      <trkpt lat="22.1997231111" lon="113.8525208218"><ele>4.000</ele></trkpt>
      <trkpt lat="22.1997204438" lon="113.8525205583"><ele>4.000</ele></trkpt>
      <trkpt lat="22.1997177766" lon="113.8525203007"><ele>4.000</ele></trkpt>
      <trkpt lat="22.1997151102" lon="113.8525200479"><ele>4.000</ele></trkpt>
      <trkpt lat="22.1997124439" lon="113.8525197999"><ele>4.000</ele></trkpt>
      <trkpt lat="22.1997097785" lon="113.8525195578"><ele>4.000</ele></trkpt>
      <trkpt lat="22.1997071121" lon="113.8525193205"><ele>4.000</ele></trkpt>
      <trkpt lat="22.1997044467" lon="113.8525190880"><ele>4.000</ele></trkpt>
      <trkpt lat="22.1997017823" lon="113.8525188614"><ele>4.000</ele></trkpt>
      <trkpt lat="22.1996991169" lon="113.8525186406"><ele>4.000</ele></trkpt>
      <trkpt lat="22.1996964524" lon="113.8525184247"><ele>4.000</ele></trkpt>
      <trkpt lat="22.1996937889" lon="113.8525182136"><ele>4.000</ele></trkpt>
      <trkpt lat="22.1996911253" lon="113.8525180083"><ele>4.000</ele></trkpt>
      <trkpt lat="22.1996884618" lon="113.8525178088"><ele>4.000</ele></trkpt>
      <trkpt lat="22.1996857983" lon="113.8525176151"><ele>4.000</ele></trkpt>
      <trkpt lat="22.1996831357" lon="113.8525174263"><ele>4.000</ele></trkpt>
      <trkpt lat="22.1996804731" lon="113.8525172424"><ele>4.000</ele></trkpt>
      <trkpt lat="22.1996778114" lon="113.8525170652"><ele>4.000</ele></trkpt>
      <trkpt lat="22.1996751498" lon="113.8525168968"><ele>4.000</ele></trkpt>
      <trkpt lat="22.1996724891" lon="113.8525167603"><ele>4.000</ele></trkpt>
      <trkpt lat="22.1996698284" lon="113.8525166578"><ele>4.000</ele></trkpt>
      <trkpt lat="22.1996671688" lon="113.8525165893"><ele>4.000</ele></trkpt>
      <trkpt lat="22.1996645101" lon="113.8525165546"><ele>4.000</ele></trkpt>
      <trkpt lat="22.1996618524" lon="113.8525165530"><ele>4.000</ele></trkpt>
      <trkpt lat="22.1996591947" lon="113.8525165824"><ele>4.000</ele></trkpt>
      <trkpt lat="22.1996565380" lon="113.8525166447"><ele>4.000</ele></trkpt>
      <trkpt lat="22.1996538823" lon="113.8525167371"><ele>4.000</ele></trkpt>
      <trkpt lat="22.1996512267" lon="113.8525168606"><ele>4.000</ele></trkpt>
      <trkpt lat="22.1996485720" lon="113.8525170131"><ele>4.000</ele></trkpt>
      <trkpt lat="22.1996459173" lon="113.8525171947"><ele>4.000</ele></trkpt>
      <trkpt lat="22.1996432636" lon="113.8525174054"><ele>4.000</ele></trkpt>
      <trkpt lat="22.1996406109" lon="113.8525176443"><ele>4.000</ele></trkpt>
      <trkpt lat="22.1996379583" lon="113.8525179093"><ele>4.000</ele></trkpt>
      <trkpt lat="22.1996353065" lon="113.8525182014"><ele>4.000</ele></trkpt>
      <trkpt lat="22.1996326549" lon="113.8525185198"><ele>4.000</ele></trkpt>
      <trkpt lat="22.1996300033" lon="113.8525188634"><ele>4.000</ele></trkpt>
      <trkpt lat="22.1996273526" lon="113.8525192321"><ele>4.000</ele></trkpt>
      <trkpt lat="22.1996247029" lon="113.8525196242"><ele>4.000</ele></trkpt>
      <trkpt lat="22.1996220524" lon="113.8525200405"><ele>4.000</ele></trkpt>
      <trkpt lat="22.1996194036" lon="113.8525204801"><ele>4.000</ele></trkpt>
      <trkpt lat="22.1996167541" lon="113.8525209419"><ele>4.000</ele></trkpt>
      <trkpt lat="22.1996141055" lon="113.8525214251"><ele>4.000</ele></trkpt>
      <trkpt lat="22.1996114569" lon="113.8525219287"><ele>4.000</ele></trkpt>
      <trkpt lat="22.1996088092" lon="113.8525224536"><ele>4.000</ele></trkpt>
      <trkpt lat="22.1996061616" lon="113.8525229979"><ele>4.000</ele></trkpt>
      <trkpt lat="22.1996035141" lon="113.8525235626"><ele>4.000</ele></trkpt>
      <trkpt lat="22.1996008666" lon="113.8525241447"><ele>4.000</ele></trkpt>
      <trkpt lat="22.1995982200" lon="113.8525247452"><ele>4.000</ele></trkpt>
      <trkpt lat="22.1995955734" lon="113.8525253632"><ele>4.000</ele></trkpt>
      <trkpt lat="22.1995929269" lon="113.8525259977"><ele>4.000</ele></trkpt>
      <trkpt lat="22.1995902804" lon="113.8525266487"><ele>4.000</ele></trkpt>
      <trkpt lat="22.1995876340" lon="113.8525273142"><ele>4.000</ele></trkpt>
      <trkpt lat="22.1995849885" lon="113.8525279962"><ele>4.000</ele></trkpt>
      <trkpt lat="22.1995823430" lon="113.8525286918"><ele>4.000</ele></trkpt>
      <trkpt lat="22.1995796966" lon="113.8525294009"><ele>4.000</ele></trkpt>
      <trkpt lat="22.1995770512" lon="113.8525301227"><ele>4.000</ele></trkpt>
      <trkpt lat="22.1995744058" lon="113.8525308580"><ele>2.000</ele></trkpt>
      <trkpt lat="22.1995717604" lon="113.8525316040"><ele>2.000</ele></trkpt>
      <trkpt lat="22.1995691150" lon="113.8525323616"><ele>2.000</ele></trkpt>
      <trkpt lat="22.1995664697" lon="113.8525331300"><ele>2.000</ele></trkpt>
      <trkpt lat="22.1995638243" lon="113.8525339089"><ele>2.000</ele></trkpt>
      <trkpt lat="22.1995611790" lon="113.8525346966"><ele>2.000</ele></trkpt>
      <trkpt lat="22.1995585337" lon="113.8525354931"><ele>2.000</ele></trkpt>
      <trkpt lat="22.1995558885" lon="113.8525362972"><ele>2.000</ele></trkpt>
      <trkpt lat="22.1995532423" lon="113.8525371092"><ele>2.000</ele></trkpt>
      <trkpt lat="22.1995505971" lon="113.8525379289"><ele>2.000</ele></trkpt>
      <trkpt lat="22.1995479518" lon="113.8525387534"><ele>2.000</ele></trkpt>
      <trkpt lat="22.1995453057" lon="113.8525395848"><ele>2.000</ele></trkpt>
      <trkpt lat="22.1995426596" lon="113.8525404210"><ele>4.000</ele></trkpt>
      <trkpt lat="22.1995400135" lon="113.8525412610"><ele>4.000</ele></trkpt>
      <trkpt lat="22.1995373674" lon="113.8525421050"><ele>4.000</ele></trkpt>
      <trkpt lat="22.1995347213" lon="113.8525429528"><ele>4.000</ele></trkpt>
      <trkpt lat="22.1995320743" lon="113.8525438026"><ele>4.000</ele></trkpt>
      <trkpt lat="22.1995294273" lon="113.8525446553"><ele>4.000</ele></trkpt>
      <trkpt lat="22.1995267803" lon="113.8525455080"><ele>4.000</ele></trkpt>
      <trkpt lat="22.1995241334" lon="113.8525463626"><ele>4.000</ele></trkpt>
      <trkpt lat="22.1995214855" lon="113.8525472162"><ele>4.000</ele></trkpt>
      <trkpt lat="22.1995188376" lon="113.8525480699"><ele>4.000</ele></trkpt>
      <trkpt lat="22.1995161888" lon="113.8525489226"><ele>4.000</ele></trkpt>
      <trkpt lat="22.1995135400" lon="113.8525497733"><ele>4.000</ele></trkpt>
      <trkpt lat="22.1995108912" lon="113.8525506211"><ele>4.000</ele></trkpt>
      <trkpt lat="22.1995082415" lon="113.8525514670"><ele>4.000</ele></trkpt>
      <trkpt lat="22.1995055918" lon="113.8525523090"><ele>4.000</ele></trkpt>
      <trkpt lat="22.1995029421" lon="113.8525531462"><ele>4.000</ele></trkpt>
      <trkpt lat="22.1995002914" lon="113.8525539785"><ele>4.000</ele></trkpt>
      <trkpt lat="22.1994976399" lon="113.8525548060"><ele>4.000</ele></trkpt>
      <trkpt lat="22.1994949883" lon="113.8525556277"><ele>4.000</ele></trkpt>
      <trkpt lat="22.1994923367" lon="113.8525564416"><ele>4.000</ele></trkpt>
      <trkpt lat="22.1994896843" lon="113.8525572497"><ele>4.000</ele></trkpt>
      <trkpt lat="22.1994870308" lon="113.8525580490"><ele>4.000</ele></trkpt>
      <trkpt lat="22.1994843774" lon="113.8525588396"><ele>4.000</ele></trkpt>
      <trkpt lat="22.1994817231" lon="113.8525596206"><ele>4.000</ele></trkpt>
      <trkpt lat="22.1994790687" lon="113.8525603928"><ele>4.000</ele></trkpt>
      <trkpt lat="22.1994764134" lon="113.8525611543"><ele>4.000</ele></trkpt>
      <trkpt lat="22.1994737572" lon="113.8525619052"><ele>4.000</ele></trkpt>
      <trkpt lat="22.1994711000" lon="113.8525626435"><ele>4.000</ele></trkpt>
      <trkpt lat="22.1994684429" lon="113.8525633701"><ele>4.000</ele></trkpt>
      <trkpt lat="22.1994657848" lon="113.8525640841"><ele>4.000</ele></trkpt>
      <trkpt lat="22.1994631267" lon="113.8525647846"><ele>4.000</ele></trkpt>
      <trkpt lat="22.1994604667" lon="113.8525654705"><ele>4.000</ele></trkpt>
      <trkpt lat="22.1994578067" lon="113.8525661418"><ele>4.000</ele></trkpt>
      <trkpt lat="22.1994551458" lon="113.8525667987"><ele>4.000</ele></trkpt>
      <trkpt lat="22.1994524848" lon="113.8525674390"><ele>4.000</ele></trkpt>
      <trkpt lat="22.1994498220" lon="113.8525680619"><ele>4.000</ele></trkpt>
      <trkpt lat="22.1994471592" lon="113.8525686683"><ele>4.000</ele></trkpt>
      <trkpt lat="22.1994444955" lon="113.8525692572"><ele>4.000</ele></trkpt>
      <trkpt lat="22.1994418299" lon="113.8525698277"><ele>4.000</ele></trkpt>
      <trkpt lat="22.1994391642" lon="113.8525703789"><ele>4.000</ele></trkpt>
      <trkpt lat="22.1994364976" lon="113.8525709106"><ele>4.000</ele></trkpt>
      <trkpt lat="22.1994338301" lon="113.8525714220"><ele>4.000</ele></trkpt>
      <trkpt lat="22.1994311616" lon="113.8525719139"><ele>4.000</ele></trkpt>
      <trkpt lat="22.1994284922" lon="113.8525723962"><ele>4.000</ele></trkpt>
      <trkpt lat="22.1994258201" lon="113.8525728688"><ele>4.000</ele></trkpt>
      <trkpt lat="22.1994231471" lon="113.8525733327"><ele>4.000</ele></trkpt>
      <trkpt lat="22.1994204722" lon="113.8525737878"><ele>4.000</ele></trkpt>
      <trkpt lat="22.1994177955" lon="113.8525742352"><ele>4.000</ele></trkpt>
      <trkpt lat="22.1994151179" lon="113.8525746748"><ele>4.000</ele></trkpt>
      <trkpt lat="22.1994124385" lon="113.8525751057"><ele>4.000</ele></trkpt>
      <trkpt lat="22.1994097581" lon="113.8525755299"><ele>4.000</ele></trkpt>
      <trkpt lat="22.1994070759" lon="113.8525759462"><ele>4.000</ele></trkpt>
      <trkpt lat="22.1994043929" lon="113.8525763558"><ele>4.000</ele></trkpt>
      <trkpt lat="22.1994017089" lon="113.8525767576"><ele>4.000</ele></trkpt>
      <trkpt lat="22.1993990230" lon="113.8525771536"><ele>4.000</ele></trkpt>
      <trkpt lat="22.1993963372" lon="113.8525775429"><ele>4.000</ele></trkpt>
      <trkpt lat="22.1993936495" lon="113.8525779263"><ele>4.000</ele></trkpt>
      <trkpt lat="22.1993909601" lon="113.8525783039"><ele>4.000</ele></trkpt>
      <trkpt lat="22.1993882706" lon="113.8525786756"><ele>4.000</ele></trkpt>
      <trkpt lat="22.1993855802" lon="113.8525790416"><ele>4.000</ele></trkpt>
      <trkpt lat="22.1993828880" lon="113.8525794027"><ele>4.000</ele></trkpt>
      <trkpt lat="22.1993801958" lon="113.8525797590"><ele>4.000</ele></trkpt>
      <trkpt lat="22.1993775026" lon="113.8525801104"><ele>4.000</ele></trkpt>
      <trkpt lat="22.1993748086" lon="113.8525804570"><ele>4.000</ele></trkpt>
      <trkpt lat="22.1993721136" lon="113.8525807997"><ele>4.000</ele></trkpt>
      <trkpt lat="22.1993694187" lon="113.8525811385"><ele>4.000</ele></trkpt>
      <trkpt lat="22.1993667219" lon="113.8525814734"><ele>4.000</ele></trkpt>
      <trkpt lat="22.1993640260" lon="113.8525818045"><ele>4.000</ele></trkpt>
      <trkpt lat="22.1993613283" lon="113.8525821326"><ele>4.000</ele></trkpt>
      <trkpt lat="22.1993586306" lon="113.8525824569"><ele>4.000</ele></trkpt>
      <trkpt lat="22.1993559320" lon="113.8525827792"><ele>4.000</ele></trkpt>
      <trkpt lat="22.1993532334" lon="113.8525830987"><ele>4.000</ele></trkpt>
      <trkpt lat="22.1993505347" lon="113.8525834152"><ele>4.000</ele></trkpt>
      <trkpt lat="22.1993478352" lon="113.8525837307"><ele>4.000</ele></trkpt>
      <trkpt lat="22.1993451357" lon="113.8525840434"><ele>4.000</ele></trkpt>
      <trkpt lat="22.1993424361" lon="113.8525843551"><ele>4.000</ele></trkpt>
      <trkpt lat="22.1993397357" lon="113.8525846648"><ele>4.000</ele></trkpt>
      <trkpt lat="22.1993370362" lon="113.8525849736"><ele>4.000</ele></trkpt>
      <trkpt lat="22.1993343357" lon="113.8525852814"><ele>4.000</ele></trkpt>
      <trkpt lat="22.1993316353" lon="113.8525855882"><ele>4.000</ele></trkpt>
      <trkpt lat="22.1993289348" lon="113.8525858950"><ele>4.000</ele></trkpt>
      <trkpt lat="22.1993262344" lon="113.8525862018"><ele>4.000</ele></trkpt>
      <trkpt lat="22.1993235348" lon="113.8525865087"><ele>4.000</ele></trkpt>
      <trkpt lat="22.1993208344" lon="113.8525868145"><ele>4.000</ele></trkpt>
      <trkpt lat="22.1993181348" lon="113.8525871223"><ele>4.000</ele></trkpt>
      <trkpt lat="22.1993154353" lon="113.8525874301"><ele>4.000</ele></trkpt>
      <trkpt lat="22.1993127357" lon="113.8525877389"><ele>4.000</ele></trkpt>
      <trkpt lat="22.1993100362" lon="113.8525880486"><ele>4.000</ele></trkpt>
      <trkpt lat="22.1993073376" lon="113.8525883603"><ele>4.000</ele></trkpt>
      <trkpt lat="22.1993046389" lon="113.8525886739"><ele>4.000</ele></trkpt>
      <trkpt lat="22.1993019412" lon="113.8525889885"><ele>4.000</ele></trkpt>
      <trkpt lat="22.1992992435" lon="113.8525893059"><ele>4.000</ele></trkpt>
      <trkpt lat="22.1992965467" lon="113.8525896254"><ele>4.000</ele></trkpt>
      <trkpt lat="22.1992938508" lon="113.8525899477"><ele>4.000</ele></trkpt>
      <trkpt lat="22.1992911549" lon="113.8525902729"><ele>4.000</ele></trkpt>
      <trkpt lat="22.1992884599" lon="113.8525906011"><ele>4.000</ele></trkpt>
      <trkpt lat="22.1992857649" lon="113.8525909321"><ele>4.000</ele></trkpt>
      <trkpt lat="22.1992830718" lon="113.8525912671"><ele>4.000</ele></trkpt>
      <trkpt lat="22.1992803786" lon="113.8525916059"><ele>4.000</ele></trkpt>
      <trkpt lat="22.1992776864" lon="113.8525919486"><ele>4.000</ele></trkpt>
      <trkpt lat="22.1992749959" lon="113.8525922961"><ele>4.000</ele></trkpt>
      <trkpt lat="22.1992723055" lon="113.8525926475"><ele>4.000</ele></trkpt>
      <trkpt lat="22.1992696160" lon="113.8525930038"><ele>4.000</ele></trkpt>
      <trkpt lat="22.1992669283" lon="113.8525933649"><ele>4.000</ele></trkpt>
      <trkpt lat="22.1992642406" lon="113.8525937318"><ele>4.000</ele></trkpt>
      <trkpt lat="22.1992615547" lon="113.8525941036"><ele>4.000</ele></trkpt>
      <trkpt lat="22.1992588698" lon="113.8525944811"><ele>4.000</ele></trkpt>
      <trkpt lat="22.1992561866" lon="113.8525948655"><ele>4.000</ele></trkpt>
      <trkpt lat="22.1992535044" lon="113.8525952547"><ele>4.000</ele></trkpt>
      <trkpt lat="22.1992508231" lon="113.8525956517"><ele>4.000</ele></trkpt>
      <trkpt lat="22.1992481436" lon="113.8525960545"><ele>4.000</ele></trkpt>
      <trkpt lat="22.1992454651" lon="113.8525964640"><ele>4.000</ele></trkpt>
      <trkpt lat="22.1992427874" lon="113.8525968804"><ele>4.000</ele></trkpt>
      <trkpt lat="22.1992401125" lon="113.8525973055"><ele>4.000</ele></trkpt>
      <trkpt lat="22.1992374385" lon="113.8525977364"><ele>4.000</ele></trkpt>
      <trkpt lat="22.1992347663" lon="113.8525981770"><ele>4.000</ele></trkpt>
      <trkpt lat="22.1992320950" lon="113.8525986243"><ele>4.000</ele></trkpt>
      <trkpt lat="22.1992294256" lon="113.8525990804"><ele>4.000</ele></trkpt>
      <trkpt lat="22.1992267588" lon="113.8525995443"><ele>4.000</ele></trkpt>
      <trkpt lat="22.1992240930" lon="113.8526000178"><ele>4.000</ele></trkpt>
      <trkpt lat="22.1992214291" lon="113.8526005001"><ele>4.000</ele></trkpt>
      <trkpt lat="22.1992187669" lon="113.8526009920"><ele>4.000</ele></trkpt>
      <trkpt lat="22.1992161066" lon="113.8526014927"><ele>4.000</ele></trkpt>
      <trkpt lat="22.1992134481" lon="113.8526020041"><ele>4.000</ele></trkpt>
      <trkpt lat="22.1992107914" lon="113.8526025242"><ele>4.000</ele></trkpt>
      <trkpt lat="22.1992081375" lon="113.8526030559"><ele>4.000</ele></trkpt>
      <trkpt lat="22.1992054853" lon="113.8526035972"><ele>4.000</ele></trkpt>
      <trkpt lat="22.1992028350" lon="113.8526041493"><ele>4.000</ele></trkpt>
      <trkpt lat="22.1992001866" lon="113.8526047140"><ele>4.000</ele></trkpt>
      <trkpt lat="22.1991975454" lon="113.8526053145"><ele>4.000</ele></trkpt>
      <trkpt lat="22.1991949098" lon="113.8526059557"><ele>4.000</ele></trkpt>
      <trkpt lat="22.1991922805" lon="113.8526066358"><ele>4.000</ele></trkpt>
      <trkpt lat="22.1991896576" lon="113.8526073526"><ele>4.000</ele></trkpt>
      <trkpt lat="22.1991870402" lon="113.8526081034"><ele>4.000</ele></trkpt>
      <trkpt lat="22.1991844283" lon="113.8526088881"><ele>4.000</ele></trkpt>
      <trkpt lat="22.1991818219" lon="113.8526097038"><ele>4.000</ele></trkpt>
      <trkpt lat="22.1991792210" lon="113.8526105496"><ele>4.000</ele></trkpt>
      <trkpt lat="22.1991766237" lon="113.8526114225"><ele>4.000</ele></trkpt>
      <trkpt lat="22.1991740319" lon="113.8526123207"><ele>4.000</ele></trkpt>
      <trkpt lat="22.1991714437" lon="113.8526132440"><ele>4.000</ele></trkpt>
      <trkpt lat="22.1991688593" lon="113.8526141887"><ele>4.000</ele></trkpt>
      <trkpt lat="22.1991662793" lon="113.8526151537"><ele>4.000</ele></trkpt>
      <trkpt lat="22.1991637021" lon="113.8526161381"><ele>4.000</ele></trkpt>
      <trkpt lat="22.1991611286" lon="113.8526171390"><ele>4.000</ele></trkpt>
      <trkpt lat="22.1991585587" lon="113.8526181544"><ele>4.000</ele></trkpt>
      <trkpt lat="22.1991559906" lon="113.8526191834"><ele>4.000</ele></trkpt>
      <trkpt lat="22.1991534244" lon="113.8526202240"><ele>4.000</ele></trkpt>
      <trkpt lat="22.1991508618" lon="113.8526212743"><ele>4.000</ele></trkpt>
      <trkpt lat="22.1991483001" lon="113.8526223314"><ele>4.000</ele></trkpt>
      <trkpt lat="22.1991457402" lon="113.8526233953"><ele>4.000</ele></trkpt>
      <trkpt lat="22.1991431822" lon="113.8526244630"><ele>4.000</ele></trkpt>
      <trkpt lat="22.1991406250" lon="113.8526255327"><ele>4.000</ele></trkpt>
      <trkpt lat="22.1991380688" lon="113.8526266034"><ele>4.000</ele></trkpt>
      <trkpt lat="22.1991355125" lon="113.8526276721"><ele>4.000</ele></trkpt>
      <trkpt lat="22.1991329572" lon="113.8526287379"><ele>4.000</ele></trkpt>
      <trkpt lat="22.1991304027" lon="113.8526297989"><ele>4.000</ele></trkpt>
      <trkpt lat="22.1991278474" lon="113.8526308531"><ele>4.000</ele></trkpt>
      <trkpt lat="22.1991252920" lon="113.8526318995"><ele>4.000</ele></trkpt>
      <trkpt lat="22.1991227357" lon="113.8526329343"><ele>4.000</ele></trkpt>
      <trkpt lat="22.1991201784" lon="113.8526339574"><ele>4.000</ele></trkpt>
      <trkpt lat="22.1991176202" lon="113.8526349670"><ele>4.000</ele></trkpt>
      <trkpt lat="22.1991150602" lon="113.8526359601"><ele>4.000</ele></trkpt>
      <trkpt lat="22.1991124984" lon="113.8526369357"><ele>4.000</ele></trkpt>
      <trkpt lat="22.1991099356" lon="113.8526378919"><ele>4.000</ele></trkpt>
      <trkpt lat="22.1991073700" lon="113.8526388269"><ele>4.000</ele></trkpt>
      <trkpt lat="22.1991048017" lon="113.8526397385"><ele>4.000</ele></trkpt>
      <trkpt lat="22.1991022307" lon="113.8526406259"><ele>4.000</ele></trkpt>
      <trkpt lat="22.1990996578" lon="113.8526414862"><ele>4.000</ele></trkpt>
      <trkpt lat="22.1990970803" lon="113.8526423183"><ele>4.000</ele></trkpt>
      <trkpt lat="22.1990945000" lon="113.8526431195"><ele>4.000</ele></trkpt>
      <trkpt lat="22.1990919161" lon="113.8526438896"><ele>4.000</ele></trkpt>
      <trkpt lat="22.1990893285" lon="113.8526446248"><ele>4.000</ele></trkpt>
      <trkpt lat="22.1990867363" lon="113.8526453251"><ele>4.000</ele></trkpt>
      <trkpt lat="22.1990841395" lon="113.8526459866"><ele>4.000</ele></trkpt>
      <trkpt lat="22.1990815381" lon="113.8526466093"><ele>4.000</ele></trkpt>
      <trkpt lat="22.1990789312" lon="113.8526471913"><ele>4.000</ele></trkpt>
      <trkpt lat="22.1990763197" lon="113.8526477297"><ele>4.000</ele></trkpt>
      <trkpt lat="22.1990737027" lon="113.8526482245"><ele>4.000</ele></trkpt>
      <trkpt lat="22.1990710793" lon="113.8526486688"><ele>4.000</ele></trkpt>
      <trkpt lat="22.1990684467" lon="113.8526490356"><ele>4.000</ele></trkpt>
      <trkpt lat="22.1990658031" lon="113.8526493171"><ele>4.000</ele></trkpt>
      <trkpt lat="22.1990631512" lon="113.8526495181"><ele>4.000</ele></trkpt>
      <trkpt lat="22.1990604901" lon="113.8526496425"><ele>4.000</ele></trkpt>
      <trkpt lat="22.1990578208" lon="113.8526496942"><ele>4.000</ele></trkpt>
      <trkpt lat="22.1990551432" lon="113.8526496771"><ele>4.000</ele></trkpt>
      <trkpt lat="22.1990524600" lon="113.8526495950"><ele>4.000</ele></trkpt>
      <trkpt lat="22.1990497695" lon="113.8526494528"><ele>4.000</ele></trkpt>
      <trkpt lat="22.1990470735" lon="113.8526492544"><ele>4.000</ele></trkpt>
      <trkpt lat="22.1990443728" lon="113.8526490036"><ele>4.000</ele></trkpt>
      <trkpt lat="22.1990416666" lon="113.8526487053"><ele>4.000</ele></trkpt>
      <trkpt lat="22.1990389577" lon="113.8526483615"><ele>4.000</ele></trkpt>
      <trkpt lat="22.1990362450" lon="113.8526479788"><ele>4.000</ele></trkpt>
      <trkpt lat="22.1990335296" lon="113.8526475593"><ele>4.000</ele></trkpt>
      <trkpt lat="22.1990308123" lon="113.8526471078"><ele>4.000</ele></trkpt>
      <trkpt lat="22.1990280940" lon="113.8526466282"><ele>4.000</ele></trkpt>
      <trkpt lat="22.1990253739" lon="113.8526461254"><ele>4.000</ele></trkpt>
      <trkpt lat="22.1990226546" lon="113.8526456031"><ele>4.000</ele></trkpt>
      <trkpt lat="22.1990199362" lon="113.8526450643"><ele>4.000</ele></trkpt>
      <trkpt lat="22.1990172178" lon="113.8526445139"><ele>4.000</ele></trkpt>
      <trkpt lat="22.1990145021" lon="113.8526439567"><ele>4.000</ele></trkpt>
      <trkpt lat="22.1990117882" lon="113.8526433947"><ele>4.000</ele></trkpt>
      <trkpt lat="22.1990090770" lon="113.8526428346"><ele>4.000</ele></trkpt>
      <trkpt lat="22.1990063703" lon="113.8526422783"><ele>4.000</ele></trkpt>
      <trkpt lat="22.1990036672" lon="113.8526417308"><ele>4.000</ele></trkpt>
      <trkpt lat="22.1990009696" lon="113.8526411968"><ele>6.000</ele></trkpt>
      <trkpt lat="22.1989982766" lon="113.8526406794"><ele>6.000</ele></trkpt>
      <trkpt lat="22.1989955899" lon="113.8526401822"><ele>6.000</ele></trkpt>
      <trkpt lat="22.1989929105" lon="113.8526397103"><ele>6.000</ele></trkpt>
      <trkpt lat="22.1989902383" lon="113.8526392480"><ele>6.000</ele></trkpt>
      <trkpt lat="22.1989875732" lon="113.8526387082"><ele>6.000</ele></trkpt>
      <trkpt lat="22.1989849151" lon="113.8526380868"><ele>6.000</ele></trkpt>
      <trkpt lat="22.1989822624" lon="113.8526373957"><ele>6.000</ele></trkpt>
      <trkpt lat="22.1989796158" lon="113.8526366463"><ele>6.000</ele></trkpt>
      <trkpt lat="22.1989769737" lon="113.8526358485"><ele>6.000</ele></trkpt>
      <trkpt lat="22.1989743351" lon="113.8526350157"><ele>6.000</ele></trkpt>
      <trkpt lat="22.1989717000" lon="113.8526341577"><ele>6.000</ele></trkpt>
      <trkpt lat="22.1989690677" lon="113.8526332851"><ele>6.000</ele></trkpt>
      <trkpt lat="22.1989664362" lon="113.8526324096"><ele>6.000</ele></trkpt>
      <trkpt lat="22.1989638066" lon="113.8526315419"><ele>6.000</ele></trkpt>
      <trkpt lat="22.1989611779" lon="113.8526306946"><ele>6.000</ele></trkpt>
      <trkpt lat="22.1989585483" lon="113.8526298773"><ele>6.000</ele></trkpt>
      <trkpt lat="22.1989559171" lon="113.8526291007"><ele>10.000</ele></trkpt>
      <trkpt lat="22.1989532850" lon="113.8526283775"><ele>10.000</ele></trkpt>
      <trkpt lat="22.1989506504" lon="113.8526277183"><ele>10.000</ele></trkpt>
      <trkpt lat="22.1989480123" lon="113.8526271328"><ele>10.000</ele></trkpt>
      <trkpt lat="22.1989453707" lon="113.8526266346"><ele>10.000</ele></trkpt>
      <trkpt lat="22.1989427239" lon="113.8526262324"><ele>10.000</ele></trkpt>
      <trkpt lat="22.1989400729" lon="113.8526259389"><ele>10.000</ele></trkpt>
      <trkpt lat="22.1989374148" lon="113.8526257656"><ele>10.000</ele></trkpt>
      <trkpt lat="22.1989347507" lon="113.8526257213"><ele>10.000</ele></trkpt>
      <trkpt lat="22.1989320659" lon="113.8526257342"><ele>10.000</ele></trkpt>
      <trkpt lat="22.1989293486" lon="113.8526257172"><ele>10.000</ele></trkpt>
      <trkpt lat="22.1989266005" lon="113.8526256760"><ele>10.000</ele></trkpt>
      <trkpt lat="22.1989238252" lon="113.8526256135"><ele>10.000</ele></trkpt>
      <trkpt lat="22.1989210247" lon="113.8526255355"><ele>10.000</ele></trkpt>
      <trkpt lat="22.1989182024" lon="113.8526254460"><ele>10.000</ele></trkpt>
      <trkpt lat="22.1989153612" lon="113.8526253478"><ele>10.000</ele></trkpt>
      <trkpt lat="22.1989125037" lon="113.8526252467"><ele>10.000</ele></trkpt>
      <trkpt lat="22.1989096327" lon="113.8526251466"><ele>12.000</ele></trkpt>
      <trkpt lat="22.1989067508" lon="113.8526250514"><ele>12.000</ele></trkpt>
      <trkpt lat="22.1989038617" lon="113.8526249650"><ele>12.000</ele></trkpt>
      <trkpt lat="22.1989009664" lon="113.8526248931"><ele>12.000</ele></trkpt>
      <trkpt lat="22.1988980702" lon="113.8526248386"><ele>12.000</ele></trkpt>
      <trkpt lat="22.1988951731" lon="113.8526248075"><ele>12.000</ele></trkpt>
      <trkpt lat="22.1988922796" lon="113.8526248015"><ele>12.000</ele></trkpt>
      <trkpt lat="22.1988893926" lon="113.8526248265"><ele>12.000</ele></trkpt>
      <trkpt lat="22.1988865147" lon="113.8526248875"><ele>12.000</ele></trkpt>
      <trkpt lat="22.1988836476" lon="113.8526249871"><ele>12.000</ele></trkpt>
      <trkpt lat="22.1988807952" lon="113.8526251304"><ele>12.000</ele></trkpt>
      <trkpt lat="22.1988779608" lon="113.8526253222"><ele>12.000</ele></trkpt>
      <trkpt lat="22.1988751456" lon="113.8526255652"><ele>12.000</ele></trkpt>
      <trkpt lat="22.1988723539" lon="113.8526258645"><ele>12.000</ele></trkpt>
      <trkpt lat="22.1988695876" lon="113.8526262248"><ele>12.000</ele></trkpt>
      <trkpt lat="22.1988668495" lon="113.8526266510"><ele>12.000</ele></trkpt>
      <trkpt lat="22.1988641431" lon="113.8526271450"><ele>14.000</ele></trkpt>
      <trkpt lat="22.1988614703" lon="113.8526277136"><ele>14.000</ele></trkpt>
      <trkpt lat="22.1988588346" lon="113.8526283597"><ele>14.000</ele></trkpt>
      <trkpt lat="22.1988562388" lon="113.8526290872"><ele>14.000</ele></trkpt>
      <trkpt lat="22.1988536848" lon="113.8526299018"><ele>13.000</ele></trkpt>
      <trkpt lat="22.1988511761" lon="113.8526308065"><ele>13.000</ele></trkpt>
      <trkpt lat="22.1988487154" lon="113.8526318062"><ele>13.000</ele></trkpt>
      <trkpt lat="22.1988463064" lon="113.8526329056"><ele>13.000</ele></trkpt>
      <trkpt lat="22.1988439500" lon="113.8526341077"><ele>13.000</ele></trkpt>
      <trkpt lat="22.1988416507" lon="113.8526354173"><ele>13.000</ele></trkpt>
      <trkpt lat="22.1988394104" lon="113.8526368402"><ele>13.000</ele></trkpt>
      <trkpt lat="22.1988372316" lon="113.8526383784"><ele>13.000</ele></trkpt>
      <trkpt lat="22.1988351181" lon="113.8526400367"><ele>13.000</ele></trkpt>
      <trkpt lat="22.1988330681" lon="113.8526418121"><ele>13.000</ele></trkpt>
      <trkpt lat="22.1988310308" lon="113.8526436147"><ele>13.000</ele></trkpt>
      <trkpt lat="22.1988289935" lon="113.8526454202"><ele>13.000</ele></trkpt>
      <trkpt lat="22.1988269552" lon="113.8526472296"><ele>13.000</ele></trkpt>
      <trkpt lat="22.1988249179" lon="113.8526490419"><ele>13.000</ele></trkpt>
      <trkpt lat="22.1988228797" lon="113.8526508572"><ele>13.000</ele></trkpt>
      <trkpt lat="22.1988208406" lon="113.8526526753"><ele>13.000</ele></trkpt>
      <trkpt lat="22.1988188024" lon="113.8526544963"><ele>16.000</ele></trkpt>
      <trkpt lat="22.1988167633" lon="113.8526563202"><ele>16.000</ele></trkpt>
      <trkpt lat="22.1988147242" lon="113.8526581471"><ele>16.000</ele></trkpt>
      <trkpt lat="22.1988126851" lon="113.8526599769"><ele>16.000</ele></trkpt>
      <trkpt lat="22.1988106461" lon="113.8526618105"><ele>16.000</ele></trkpt>
      <trkpt lat="22.1988086070" lon="113.8526636461"><ele>16.000</ele></trkpt>
      <trkpt lat="22.1988065679" lon="113.8526654855"><ele>16.000</ele></trkpt>
      <trkpt lat="22.1988045280" lon="113.8526673279"><ele>16.000</ele></trkpt>
      <trkpt lat="22.1988024889" lon="113.8526691722"><ele>16.000</ele></trkpt>
      <trkpt lat="22.1988004490" lon="113.8526710204"><ele>16.000</ele></trkpt>
      <trkpt lat="22.1987984099" lon="113.8526728705"><ele>16.000</ele></trkpt>
      <trkpt lat="22.1987963709" lon="113.8526747245"><ele>16.000</ele></trkpt>
      <trkpt lat="22.1987943309" lon="113.8526765814"><ele>16.000</ele></trkpt>
      <trkpt lat="22.1987922919" lon="113.8526784412"><ele>15.000</ele></trkpt>
      <trkpt lat="22.1987902529" lon="113.8526803030"><ele>15.000</ele></trkpt>
      <trkpt lat="22.1987882139" lon="113.8526821686"><ele>15.000</ele></trkpt>
      <trkpt lat="22.1987861749" lon="113.8526840362"><ele>15.000</ele></trkpt>
      <trkpt lat="22.1987841368" lon="113.8526859077"><ele>15.000</ele></trkpt>
      <trkpt lat="22.1987820978" lon="113.8526877811"><ele>15.000</ele></trkpt>
      <trkpt lat="22.1987800597" lon="113.8526896583"><ele>15.000</ele></trkpt>
      <trkpt lat="22.1987780216" lon="113.8526915376"><ele>15.000</ele></trkpt>
      <trkpt lat="22.1987759835" lon="113.8526934197"><ele>15.000</ele></trkpt>
      <trkpt lat="22.1987739464" lon="113.8526953047"><ele>18.000</ele></trkpt>
      <trkpt lat="22.1987719092" lon="113.8526971927"><ele>18.000</ele></trkpt>
      <trkpt lat="22.1987698720" lon="113.8526990835"><ele>18.000</ele></trkpt>
      <trkpt lat="22.1987678358" lon="113.8527009773"><ele>18.000</ele></trkpt>
      <trkpt lat="22.1987657995" lon="113.8527028739"><ele>18.000</ele></trkpt>
      <trkpt lat="22.1987637633" lon="113.8527047725"><ele>18.000</ele></trkpt>
      <trkpt lat="22.1987617280" lon="113.8527066750"><ele>18.000</ele></trkpt>
      <trkpt lat="22.1987596927" lon="113.8527085794"><ele>18.000</ele></trkpt>
      <trkpt lat="22.1987576582" lon="113.8527104868"><ele>18.000</ele></trkpt>
      <trkpt lat="22.1987556238" lon="113.8527123970"><ele>18.000</ele></trkpt>
      <trkpt lat="22.1987535903" lon="113.8527143101"><ele>18.000</ele></trkpt>
      <trkpt lat="22.1987515577" lon="113.8527162252"><ele>18.000</ele></trkpt>
      <trkpt lat="22.1987495251" lon="113.8527181432"><ele>18.000</ele></trkpt>
      <trkpt lat="22.1987474926" lon="113.8527200641"><ele>18.000</ele></trkpt>
      <trkpt lat="22.1987454618" lon="113.8527219879"><ele>18.000</ele></trkpt>
      <trkpt lat="22.1987434301" lon="113.8527239146"><ele>18.000</ele></trkpt>
      <trkpt lat="22.1987414003" lon="113.8527258433"><ele>18.000</ele></trkpt>
      <trkpt lat="22.1987393704" lon="113.8527277748"><ele>16.000</ele></trkpt>
      <trkpt lat="22.1987373415" lon="113.8527297093"><ele>16.000</ele></trkpt>
      <trkpt lat="22.1987353134" lon="113.8527316467"><ele>16.000</ele></trkpt>
      <trkpt lat="22.1987332854" lon="113.8527335860"><ele>16.000</ele></trkpt>
      <trkpt lat="22.1987312592" lon="113.8527355282"><ele>16.000</ele></trkpt>
      <trkpt lat="22.1987292330" lon="113.8527374724"><ele>18.000</ele></trkpt>
      <trkpt lat="22.1987272077" lon="113.8527394204"><ele>18.000</ele></trkpt>
      <trkpt lat="22.1987251824" lon="113.8527413704"><ele>18.000</ele></trkpt>
      <trkpt lat="22.1987231589" lon="113.8527433223"><ele>18.000</ele></trkpt>
      <trkpt lat="22.1987211363" lon="113.8527452781"><ele>18.000</ele></trkpt>
      <trkpt lat="22.1987191137" lon="113.8527472358"><ele>18.000</ele></trkpt>
      <trkpt lat="22.1987170930" lon="113.8527491964"><ele>18.000</ele></trkpt>
      <trkpt lat="22.1987150722" lon="113.8527511590"><ele>18.000</ele></trkpt>
      <trkpt lat="22.1987130524" lon="113.8527531245"><ele>18.000</ele></trkpt>
      <trkpt lat="22.1987110343" lon="113.8527550919"><ele>18.000</ele></trkpt>
      <trkpt lat="22.1987090163" lon="113.8527570622"><ele>18.000</ele></trkpt>
      <trkpt lat="22.1987070001" lon="113.8527590354"><ele>18.000</ele></trkpt>
      <trkpt lat="22.1987049847" lon="113.8527610106"><ele>18.000</ele></trkpt>
      <trkpt lat="22.1987029703" lon="113.8527629887"><ele>18.000</ele></trkpt>
      <trkpt lat="22.1987009568" lon="113.8527649697"><ele>18.000</ele></trkpt>
      <trkpt lat="22.1986989442" lon="113.8527669526"><ele>18.000</ele></trkpt>
      <trkpt lat="22.1986969326" lon="113.8527689374"><ele>18.000</ele></trkpt>
      <trkpt lat="22.1986949218" lon="113.8527709252"><ele>18.000</ele></trkpt>
      <trkpt lat="22.1986929128" lon="113.8527729159"><ele>18.000</ele></trkpt>
      <trkpt lat="22.1986909048" lon="113.8527749085"><ele>18.000</ele></trkpt>
      <trkpt lat="22.1986888985" lon="113.8527769040"><ele>18.000</ele></trkpt>
      <trkpt lat="22.1986868923" lon="113.8527789014"><ele>18.000</ele></trkpt>
      <trkpt lat="22.1986848878" lon="113.8527809018"><ele>20.000</ele></trkpt>
      <trkpt lat="22.1986828843" lon="113.8527829041"><ele>20.000</ele></trkpt>
      <trkpt lat="22.1986808826" lon="113.8527849083"><ele>20.000</ele></trkpt>
      <trkpt lat="22.1986788818" lon="113.8527869154"><ele>20.000</ele></trkpt>
      <trkpt lat="22.1986768828" lon="113.8527889255"><ele>20.000</ele></trkpt>
      <trkpt lat="22.1986748847" lon="113.8527909374"><ele>20.000</ele></trkpt>
      <trkpt lat="22.1986728875" lon="113.8527929513"><ele>20.000</ele></trkpt>
      <trkpt lat="22.1986708922" lon="113.8527949682"><ele>20.000</ele></trkpt>
      <trkpt lat="22.1986688977" lon="113.8527969869"><ele>20.000</ele></trkpt>
      <trkpt lat="22.1986669051" lon="113.8527990086"><ele>20.000</ele></trkpt>
      <trkpt lat="22.1986649142" lon="113.8528010322"><ele>20.000</ele></trkpt>
      <trkpt lat="22.1986629243" lon="113.8528030587"><ele>20.000</ele></trkpt>
      <trkpt lat="22.1986609362" lon="113.8528050861"><ele>20.000</ele></trkpt>
      <trkpt lat="22.1986589490" lon="113.8528071175"><ele>20.000</ele></trkpt>
      <trkpt lat="22.1986569636" lon="113.8528091498"><ele>20.000</ele></trkpt>
      <trkpt lat="22.1986549800" lon="113.8528111850"><ele>20.000</ele></trkpt>
      <trkpt lat="22.1986529982" lon="113.8528132222"><ele>20.000</ele></trkpt>
      <trkpt lat="22.1986510173" lon="113.8528152622"><ele>20.000</ele></trkpt>
      <trkpt lat="22.1986490383" lon="113.8528173042"><ele>20.000</ele></trkpt>
      <trkpt lat="22.1986470601" lon="113.8528193481"><ele>20.000</ele></trkpt>
      <trkpt lat="22.1986450847" lon="113.8528213940"><ele>20.000</ele></trkpt>
      <trkpt lat="22.1986431101" lon="113.8528234428"><ele>20.000</ele></trkpt>
      <trkpt lat="22.1986411383" lon="113.8528254935"><ele>17.000</ele></trkpt>
      <trkpt lat="22.1986391674" lon="113.8528275471"><ele>19.000</ele></trkpt>
      <trkpt lat="22.1986371983" lon="113.8528296017"><ele>19.000</ele></trkpt>
      <trkpt lat="22.1986352310" lon="113.8528316592"><ele>19.000</ele></trkpt>
      <trkpt lat="22.1986332646" lon="113.8528337186"><ele>19.000</ele></trkpt>
      <trkpt lat="22.1986313010" lon="113.8528357809"><ele>19.000</ele></trkpt>
      <trkpt lat="22.1986293391" lon="113.8528378442"><ele>19.000</ele></trkpt>
      <trkpt lat="22.1986273790" lon="113.8528399104"><ele>19.000</ele></trkpt>
      <trkpt lat="22.1986254208" lon="113.8528419785"><ele>19.000</ele></trkpt>
      <trkpt lat="22.1986234644" lon="113.8528440486"><ele>19.000</ele></trkpt>
      <trkpt lat="22.1986215098" lon="113.8528461215"><ele>19.000</ele></trkpt>
      <trkpt lat="22.1986195569" lon="113.8528481955"><ele>19.000</ele></trkpt>
      <trkpt lat="22.1986176059" lon="113.8528502723"><ele>19.000</ele></trkpt>
      <trkpt lat="22.1986156568" lon="113.8528523511"><ele>19.000</ele></trkpt>
      <trkpt lat="22.1986137103" lon="113.8528544318"><ele>19.000</ele></trkpt>
      <trkpt lat="22.1986117656" lon="113.8528565144"><ele>19.000</ele></trkpt>
      <trkpt lat="22.1986098228" lon="113.8528586000"><ele>19.000</ele></trkpt>
      <trkpt lat="22.1986078817" lon="113.8528606865"><ele>19.000</ele></trkpt>
      <trkpt lat="22.1986059425" lon="113.8528627759"><ele>19.000</ele></trkpt>
      <trkpt lat="22.1986040060" lon="113.8528648673"><ele>19.000</ele></trkpt>
      <trkpt lat="22.1986020713" lon="113.8528669596"><ele>19.000</ele></trkpt>
      <trkpt lat="22.1986001393" lon="113.8528690548"><ele>19.000</ele></trkpt>
      <trkpt lat="22.1985982091" lon="113.8528711520"><ele>19.000</ele></trkpt>
      <trkpt lat="22.1985962807" lon="113.8528732510"><ele>16.000</ele></trkpt>
      <trkpt lat="22.1985943550" lon="113.8528753530"><ele>16.000</ele></trkpt>
      <trkpt lat="22.1985924312" lon="113.8528774560"><ele>16.000</ele></trkpt>
      <trkpt lat="22.1985905091" lon="113.8528795609"><ele>16.000</ele></trkpt>
      <trkpt lat="22.1985885898" lon="113.8528816677"><ele>16.000</ele></trkpt>
      <trkpt lat="22.1985866732" lon="113.8528837765"><ele>16.000</ele></trkpt>
      <trkpt lat="22.1985847584" lon="113.8528858881"><ele>16.000</ele></trkpt>
      <trkpt lat="22.1985828454" lon="113.8528880008"><ele>16.000</ele></trkpt>
      <trkpt lat="22.1985809360" lon="113.8528901153"><ele>16.000</ele></trkpt>
      <trkpt lat="22.1985790284" lon="113.8528922328"><ele>16.000</ele></trkpt>
      <trkpt lat="22.1985771227" lon="113.8528943512"><ele>16.000</ele></trkpt>
      <trkpt lat="22.1985752196" lon="113.8528964716"><ele>16.000</ele></trkpt>
      <trkpt lat="22.1985733193" lon="113.8528985939"><ele>16.000</ele></trkpt>
      <trkpt lat="22.1985714207" lon="113.8529007181"><ele>16.000</ele></trkpt>
      <trkpt lat="22.1985695249" lon="113.8529028443"><ele>16.000</ele></trkpt>
      <trkpt lat="22.1985676318" lon="113.8529049724"><ele>16.000</ele></trkpt>
      <trkpt lat="22.1985657414" lon="113.8529071024"><ele>16.000</ele></trkpt>
      <trkpt lat="22.1985638538" lon="113.8529092344"><ele>16.000</ele></trkpt>
      <trkpt lat="22.1985619679" lon="113.8529113683"><ele>16.000</ele></trkpt>
      <trkpt lat="22.1985600848" lon="113.8529135032"><ele>16.000</ele></trkpt>
      <trkpt lat="22.1985582043" lon="113.8529156410"><ele>16.000</ele></trkpt>
      <trkpt lat="22.1985563266" lon="113.8529177797"><ele>16.000</ele></trkpt>
      <trkpt lat="22.1985544516" lon="113.8529199204"><ele>16.000</ele></trkpt>
      <trkpt lat="22.1985525784" lon="113.8529220630"><ele>14.000</ele></trkpt>
      <trkpt lat="22.1985507088" lon="113.8529242075"><ele>14.000</ele></trkpt>
      <trkpt lat="22.1985488419" lon="113.8529263540"><ele>15.000</ele></trkpt>
      <trkpt lat="22.1985469768" lon="113.8529285024"><ele>15.000</ele></trkpt>
      <trkpt lat="22.1985451154" lon="113.8529306517"><ele>15.000</ele></trkpt>
      <trkpt lat="22.1985432566" lon="113.8529328030"><ele>15.000</ele></trkpt>
      <trkpt lat="22.1985414006" lon="113.8529349562"><ele>15.000</ele></trkpt>
      <trkpt lat="22.1985395473" lon="113.8529371114"><ele>15.000</ele></trkpt>
      <trkpt lat="22.1985376967" lon="113.8529392675"><ele>15.000</ele></trkpt>
      <trkpt lat="22.1985358488" lon="113.8529414266"><ele>15.000</ele></trkpt>
      <trkpt lat="22.1985340036" lon="113.8529435865"><ele>15.000</ele></trkpt>
      <trkpt lat="22.1985321621" lon="113.8529457485"><ele>15.000</ele></trkpt>
      <trkpt lat="22.1985303223" lon="113.8529479114"><ele>15.000</ele></trkpt>
      <trkpt lat="22.1985284862" lon="113.8529500772"><ele>15.000</ele></trkpt>
      <trkpt lat="22.1985266537" lon="113.8529522439"><ele>15.000</ele></trkpt>
      <trkpt lat="22.1985248230" lon="113.8529544116"><ele>15.000</ele></trkpt>
      <trkpt lat="22.1985229959" lon="113.8529565822"><ele>15.000</ele></trkpt>
      <trkpt lat="22.1985211715" lon="113.8529587538"><ele>15.000</ele></trkpt>
      <trkpt lat="22.1985193507" lon="113.8529609273"><ele>15.000</ele></trkpt>
      <trkpt lat="22.1985175327" lon="113.8529631018"><ele>15.000</ele></trkpt>
      <trkpt lat="22.1985157173" lon="113.8529652782"><ele>15.000</ele></trkpt>
      <trkpt lat="22.1985139056" lon="113.8529674566"><ele>15.000</ele></trkpt>
      <trkpt lat="22.1985120966" lon="113.8529696368"><ele>12.000</ele></trkpt>
      <trkpt lat="22.1985102912" lon="113.8529718181"><ele>12.000</ele></trkpt>
      <trkpt lat="22.1985084885" lon="113.8529740012"><ele>12.000</ele></trkpt>
      <trkpt lat="22.1985066885" lon="113.8529761854"><ele>12.000</ele></trkpt>
      <trkpt lat="22.1985048931" lon="113.8529783714"><ele>14.000</ele></trkpt>
      <trkpt lat="22.1985030994" lon="113.8529805585"><ele>14.000</ele></trkpt>
      <trkpt lat="22.1985013103" lon="113.8529827484"><ele>14.000</ele></trkpt>
      <trkpt lat="22.1984995239" lon="113.8529849383"><ele>14.000</ele></trkpt>
      <trkpt lat="22.1984977402" lon="113.8529871311"><ele>14.000</ele></trkpt>
      <trkpt lat="22.1984959610" lon="113.8529893249"><ele>14.000</ele></trkpt>
      <trkpt lat="22.1984941845" lon="113.8529915196"><ele>14.000</ele></trkpt>
      <trkpt lat="22.1984924108" lon="113.8529937163"><ele>14.000</ele></trkpt>
      <trkpt lat="22.1984906415" lon="113.8529959140"><ele>14.000</ele></trkpt>
      <trkpt lat="22.1984888750" lon="113.8529981135"><ele>14.000</ele></trkpt>
      <trkpt lat="22.1984871121" lon="113.8530003150"><ele>14.000</ele></trkpt>
      <trkpt lat="22.1984853528" lon="113.8530025175"><ele>14.000</ele></trkpt>
      <trkpt lat="22.1984835962" lon="113.8530047219"><ele>14.000</ele></trkpt>
      <trkpt lat="22.1984818441" lon="113.8530069272"><ele>14.000</ele></trkpt>
      <trkpt lat="22.1984800948" lon="113.8530091336"><ele>14.000</ele></trkpt>
      <trkpt lat="22.1984783490" lon="113.8530113418"><ele>14.000</ele></trkpt>
      <trkpt lat="22.1984766069" lon="113.8530135520"><ele>14.000</ele></trkpt>
      <trkpt lat="22.1984748684" lon="113.8530157622"><ele>14.000</ele></trkpt>
      <trkpt lat="22.1984731335" lon="113.8530179752"><ele>14.000</ele></trkpt>
      <trkpt lat="22.1984714031" lon="113.8530201893"><ele>12.000</ele></trkpt>
      <trkpt lat="22.1984696754" lon="113.8530224043"><ele>12.000</ele></trkpt>
      <trkpt lat="22.1984679514" lon="113.8530246202"><ele>12.000</ele></trkpt>
      <trkpt lat="22.1984667480" lon="113.8530261707"><ele>12.000</ele></trkpt>
      <trkpt lat="22.1984236864" lon="113.8530480152"><ele>13.000</ele></trkpt>
      <trkpt lat="22.1983954896" lon="113.8530691040"><ele>12.000</ele></trkpt>
      <trkpt lat="22.1983728602" lon="113.8531061035"><ele>12.000</ele></trkpt>
      <trkpt lat="22.1983650813" lon="113.8531543276"><ele>14.000</ele></trkpt>
      <trkpt lat="22.1983490400" lon="113.8531982748"><ele>12.000</ele></trkpt>
      <trkpt lat="22.1983382257" lon="113.8532504625"><ele>11.000</ele></trkpt>
      <trkpt lat="22.1983273567" lon="113.8533069754"><ele>8.000</ele></trkpt>
      <trkpt lat="22.1983349636" lon="113.8533540006"><ele>8.000</ele></trkpt>
      <trkpt lat="22.1983314177" lon="113.8534056092"><ele>8.000</ele></trkpt>
      <trkpt lat="22.1983164987" lon="113.8534417763"><ele>11.000</ele></trkpt>
      <trkpt lat="22.1982986887" lon="113.8534773391"><ele>12.000</ele></trkpt>
      <trkpt lat="22.1982879791" lon="113.8535140784"><ele>13.000</ele></trkpt>
      <trkpt lat="22.1982814179" lon="113.8535479571"><ele>13.000</ele></trkpt>
      <trkpt lat="22.1982753109" lon="113.8536013849"><ele>17.000</ele></trkpt>
      <trkpt lat="22.1982811808" lon="113.8536650842"><ele>12.000</ele></trkpt>
      <trkpt lat="22.1982888949" lon="113.8537206720"><ele>13.000</ele></trkpt>
      <trkpt lat="22.1982994375" lon="113.8537545213"><ele>14.000</ele></trkpt>
      <trkpt lat="22.1983095619" lon="113.8537778110"><ele>14.000</ele></trkpt>
      <trkpt lat="22.1983212870" lon="113.8537808330"><ele>14.000</ele></trkpt>
      <trkpt lat="22.1983215209" lon="113.8537808820"><ele>14.000</ele></trkpt>
      <trkpt lat="22.1983198934" lon="113.8537816993"><ele>14.000</ele></trkpt>
      <trkpt lat="22.1983195759" lon="113.8537818591"><ele>14.000</ele></trkpt>
      <trkpt lat="22.1983190319" lon="113.8537821328"><ele>14.000</ele></trkpt>
      <trkpt lat="22.1983170848" lon="113.8537825611"><ele>14.000</ele></trkpt>
      <trkpt lat="22.1983156844" lon="113.8537826612"><ele>14.000</ele></trkpt>
      <trkpt lat="22.1983142095" lon="113.8537825928"><ele>14.000</ele></trkpt>
      <trkpt lat="22.1983126639" lon="113.8537823607"><ele>14.000</ele></trkpt>
      <trkpt lat="22.1983110494" lon="113.8537819688"><ele>14.000</ele></trkpt>
      <trkpt lat="22.1983093677" lon="113.8537814247"><ele>14.000</ele></trkpt>
      <trkpt lat="22.1983076207" lon="113.8537807324"><ele>14.000</ele></trkpt>
      <trkpt lat="22.1983058120" lon="113.8537798977"><ele>14.000</ele></trkpt>
      <trkpt lat="22.1983039426" lon="113.8537789264"><ele>14.000</ele></trkpt>
      <trkpt lat="22.1983020151" lon="113.8537778234"><ele>14.000</ele></trkpt>
      <trkpt lat="22.1983000322" lon="113.8537765934"><ele>14.000</ele></trkpt>
      <trkpt lat="22.1982979949" lon="113.8537752433"><ele>14.000</ele></trkpt>
      <trkpt lat="22.1982959068" lon="113.8537737780"><ele>14.000</ele></trkpt>
      <trkpt lat="22.1982937689" lon="113.8537722031"><ele>14.000</ele></trkpt>
      <trkpt lat="22.1982915837" lon="113.8537705227"><ele>14.000</ele></trkpt>
      <trkpt lat="22.1982893542" lon="113.8537687444"><ele>14.000</ele></trkpt>
      <trkpt lat="22.1982870820" lon="113.8537668712"><ele>14.000</ele></trkpt>
      <trkpt lat="22.1982847689" lon="113.8537649108"><ele>14.000</ele></trkpt>
      <trkpt lat="22.1982824178" lon="113.8537628662"><ele>14.000</ele></trkpt>
      <trkpt lat="22.1982800304" lon="113.8537607450"><ele>16.000</ele></trkpt>
      <trkpt lat="22.1982776095" lon="113.8537585521"><ele>16.000</ele></trkpt>
      <trkpt lat="22.1982751568" lon="113.8537562914"><ele>16.000</ele></trkpt>
      <trkpt lat="22.1982726742" lon="113.8537539706"><ele>16.000</ele></trkpt>
      <trkpt lat="22.1982701653" lon="113.8537515927"><ele>16.000</ele></trkpt>
      <trkpt lat="22.1982676301" lon="113.8537491654"><ele>16.000</ele></trkpt>
      <trkpt lat="22.1982650731" lon="113.8537466926"><ele>16.000</ele></trkpt>
      <trkpt lat="22.1982624944" lon="113.8537441800"><ele>16.000</ele></trkpt>
      <trkpt lat="22.1982598985" lon="113.8537416336"><ele>16.000</ele></trkpt>
      <trkpt lat="22.1982572853" lon="113.8537390591"><ele>16.000</ele></trkpt>
      <trkpt lat="22.1982546586" lon="113.8537364603"><ele>16.000</ele></trkpt>
      <trkpt lat="22.1982520201" lon="113.8537338432"><ele>16.000</ele></trkpt>
      <trkpt lat="22.1982493716" lon="113.8537312144"><ele>16.000</ele></trkpt>
      <trkpt lat="22.1982467159" lon="113.8537285779"><ele>16.000</ele></trkpt>
      <trkpt lat="22.1982440547" lon="113.8537259395"><ele>16.000</ele></trkpt>
      <trkpt lat="22.1982413909" lon="113.8537233050"><ele>16.000</ele></trkpt>
      <trkpt lat="22.1982387252" lon="113.8537206792"><ele>16.000</ele></trkpt>
      <trkpt lat="22.1982360623" lon="113.8537180679"><ele>16.000</ele></trkpt>
      <trkpt lat="22.1982334022" lon="113.8537154770"><ele>18.000</ele></trkpt>
      <trkpt lat="22.1982307475" lon="113.8537129113"><ele>18.000</ele></trkpt>
      <trkpt lat="22.1982281019" lon="113.8537103766"><ele>18.000</ele></trkpt>
      <trkpt lat="22.1982254655" lon="113.8537078768"><ele>18.000</ele></trkpt>
      <trkpt lat="22.1982228417" lon="113.8537054196"><ele>18.000</ele></trkpt>
      <trkpt lat="22.1982202325" lon="113.8537030090"><ele>18.000</ele></trkpt>
      <trkpt lat="22.1982176405" lon="113.8537006507"><ele>18.000</ele></trkpt>
      <trkpt lat="22.1982150668" lon="113.8536983505"><ele>18.000</ele></trkpt>
      <trkpt lat="22.1982125148" lon="113.8536961133"><ele>18.000</ele></trkpt>
      <trkpt lat="22.1982099855" lon="113.8536939439"><ele>18.000</ele></trkpt>
      <trkpt lat="22.1982074826" lon="113.8536918492"><ele>18.000</ele></trkpt>
      <trkpt lat="22.1982050069" lon="113.8536898339"><ele>18.000</ele></trkpt>
      <trkpt lat="22.1982025621" lon="113.8536879029"><ele>18.000</ele></trkpt>
      <trkpt lat="22.1982001482" lon="113.8536860620"><ele>18.000</ele></trkpt>
      <trkpt lat="22.1981977696" lon="113.8536843171"><ele>18.000</ele></trkpt>
      <trkpt lat="22.1981954275" lon="113.8536826738"><ele>18.000</ele></trkpt>
      <trkpt lat="22.1981931099" lon="113.8536811363"><ele>18.000</ele></trkpt>
      <trkpt lat="22.1981906588" lon="113.8536797096"><ele>18.000</ele></trkpt>
      <trkpt lat="22.1981880463" lon="113.8536783860"><ele>18.000</ele></trkpt>
      <trkpt lat="22.1981852932" lon="113.8536771530"><ele>18.000</ele></trkpt>
      <trkpt lat="22.1981824210" lon="113.8536760017"><ele>18.000</ele></trkpt>
      <trkpt lat="22.1981794486" lon="113.8536749194"><ele>18.000</ele></trkpt>
      <trkpt lat="22.1981763988" lon="113.8536738965"><ele>18.000</ele></trkpt>
      <trkpt lat="22.1981732921" lon="113.8536729213"><ele>18.000</ele></trkpt>
      <trkpt lat="22.1981701485" lon="113.8536719839"><ele>18.000</ele></trkpt>
      <trkpt lat="22.1981669887" lon="113.8536710738"><ele>18.000</ele></trkpt>
      <trkpt lat="22.1981638343" lon="113.8536701791"><ele>18.000</ele></trkpt>
      <trkpt lat="22.1981607061" lon="113.8536692893"><ele>18.000</ele></trkpt>
      <trkpt lat="22.1981576240" lon="113.8536683935"><ele>18.000</ele></trkpt>
      <trkpt lat="22.1981546096" lon="113.8536674820"><ele>18.000</ele></trkpt>
      <trkpt lat="22.1981516836" lon="113.8536665423"><ele>18.000</ele></trkpt>
      <trkpt lat="22.1981488668" lon="113.8536655654"><ele>18.000</ele></trkpt>
      <trkpt lat="22.1981461800" lon="113.8536645387"><ele>18.000</ele></trkpt>
      <trkpt lat="22.1981436438" lon="113.8536634526"><ele>18.000</ele></trkpt>
      <trkpt lat="22.1981412791" lon="113.8536622963"><ele>18.000</ele></trkpt>
      <trkpt lat="22.1981391066" lon="113.8536610580"><ele>18.000</ele></trkpt>
      <trkpt lat="22.1981371479" lon="113.8536597281"><ele>18.000</ele></trkpt>
      <trkpt lat="22.1981354221" lon="113.8536582949"><ele>18.000</ele></trkpt>
      <trkpt lat="22.1981339515" lon="113.8536567476"><ele>18.000</ele></trkpt>
      <trkpt lat="22.1981327570" lon="113.8536550766"><ele>18.000</ele></trkpt>
      <trkpt lat="22.1981318585" lon="113.8536532700"><ele>18.000</ele></trkpt>
      <trkpt lat="22.1981312776" lon="113.8536513173"><ele>18.000</ele></trkpt>
      <trkpt lat="22.1981310026" lon="113.8536492475"><ele>18.000</ele></trkpt>
      <trkpt lat="22.1981309965" lon="113.8536471044"><ele>18.000</ele></trkpt>
      <trkpt lat="22.1981312405" lon="113.8536448909"><ele>18.000</ele></trkpt>
      <trkpt lat="22.1981317182" lon="113.8536426118"><ele>18.000</ele></trkpt>
      <trkpt lat="22.1981324116" lon="113.8536402703"><ele>18.000</ele></trkpt>
      <trkpt lat="22.1981333054" lon="113.8536378690"><ele>18.000</ele></trkpt>
      <trkpt lat="22.1981343815" lon="113.8536354121"><ele>18.000</ele></trkpt>
      <trkpt lat="22.1981356227" lon="113.8536329035"><ele>18.000</ele></trkpt>
      <trkpt lat="22.1981370129" lon="113.8536303469"><ele>18.000</ele></trkpt>
      <trkpt lat="22.1981385339" lon="113.8536277455"><ele>18.000</ele></trkpt>
      <trkpt lat="22.1981401686" lon="113.8536251021"><ele>18.000</ele></trkpt>
      <trkpt lat="22.1981419008" lon="113.8536224216"><ele>18.000</ele></trkpt>
      <trkpt lat="22.1981437123" lon="113.8536197070"><ele>18.000</ele></trkpt>
      <trkpt lat="22.1981455871" lon="113.8536169622"><ele>20.000</ele></trkpt>
      <trkpt lat="22.1981475078" lon="113.8536141902"><ele>20.000</ele></trkpt>
      <trkpt lat="22.1981494574" lon="113.8536113957"><ele>20.000</ele></trkpt>
      <trkpt lat="22.1981514187" lon="113.8536085799"><ele>20.000</ele></trkpt>
      <trkpt lat="22.1981533745" lon="113.8536057496"><ele>20.000</ele></trkpt>
      <trkpt lat="22.1981553077" lon="113.8536029057"><ele>20.000</ele></trkpt>
      <trkpt lat="22.1981572012" lon="113.8536000523"><ele>22.000</ele></trkpt>
      <trkpt lat="22.1981590387" lon="113.8535971951"><ele>22.000</ele></trkpt>
      <trkpt lat="22.1981608021" lon="113.8535943342"><ele>22.000</ele></trkpt>
      <trkpt lat="22.1981624752" lon="113.8535914764"><ele>22.000</ele></trkpt>
      <trkpt lat="22.1981640409" lon="113.8535886236"><ele>22.000</ele></trkpt>
      <trkpt lat="22.1981654810" lon="113.8535857790"><ele>22.000</ele></trkpt>
      <trkpt lat="22.1981667785" lon="113.8535829472"><ele>22.000</ele></trkpt>
      <trkpt lat="22.1981679180" lon="113.8535801314"><ele>22.000</ele></trkpt>
      <trkpt lat="22.1981688815" lon="113.8535773353"><ele>22.000</ele></trkpt>
      <trkpt lat="22.1981696517" lon="113.8535745630"><ele>22.000</ele></trkpt>
      <trkpt lat="22.1981702116" lon="113.8535718164"><ele>22.000</ele></trkpt>
      <trkpt lat="22.1981705439" lon="113.8535691013"><ele>22.000</ele></trkpt>
      <trkpt lat="22.1981706316" lon="113.8535664187"><ele>22.000</ele></trkpt>
      <trkpt lat="22.1981704584" lon="113.8535637746"><ele>22.000</ele></trkpt>
      <trkpt lat="22.1981700071" lon="113.8535611709"><ele>22.000</ele></trkpt>
      <trkpt lat="22.1981693003" lon="113.8535586056"><ele>22.000</ele></trkpt>
      <trkpt lat="22.1981685412" lon="113.8535560462"><ele>22.000</ele></trkpt>
      <trkpt lat="22.1981677613" lon="113.8535534879"><ele>22.000</ele></trkpt>
      <trkpt lat="22.1981669579" lon="113.8535509305"><ele>22.000</ele></trkpt>
      <trkpt lat="22.1981661347" lon="113.8535483742"><ele>22.000</ele></trkpt>
      <trkpt lat="22.1981652888" lon="113.8535458189"><ele>22.000</ele></trkpt>
      <trkpt lat="22.1981644232" lon="113.8535432656"><ele>22.000</ele></trkpt>
      <trkpt lat="22.1981635367" lon="113.8535407123"><ele>22.000</ele></trkpt>
      <trkpt lat="22.1981626304" lon="113.8535381601"><ele>22.000</ele></trkpt>
      <trkpt lat="22.1981617042" lon="113.8535356089"><ele>22.000</ele></trkpt>
      <trkpt lat="22.1981607581" lon="113.8535330587"><ele>22.000</ele></trkpt>
      <trkpt lat="22.1981597922" lon="113.8535305085"><ele>22.000</ele></trkpt>
      <trkpt lat="22.1981588082" lon="113.8535279603"><ele>22.000</ele></trkpt>
      <trkpt lat="22.1981578062" lon="113.8535254131"><ele>22.000</ele></trkpt>
      <trkpt lat="22.1981567852" lon="113.8535228660"><ele>22.000</ele></trkpt>
      <trkpt lat="22.1981557461" lon="113.8535203208"><ele>22.000</ele></trkpt>
      <trkpt lat="22.1981546899" lon="113.8535177757"><ele>22.000</ele></trkpt>
      <trkpt lat="22.1981536156" lon="113.8535152316"><ele>22.000</ele></trkpt>
      <trkpt lat="22.1981525251" lon="113.8535126885"><ele>22.000</ele></trkpt>
      <trkpt lat="22.1981514174" lon="113.8535101454"><ele>22.000</ele></trkpt>
      <trkpt lat="22.1981502935" lon="113.8535076044"><ele>22.000</ele></trkpt>
      <trkpt lat="22.1981491533" lon="113.8535050633"><ele>22.000</ele></trkpt>
      <trkpt lat="22.1981479977" lon="113.8535025233"><ele>21.000</ele></trkpt>
      <trkpt lat="22.1981468268" lon="113.8534999842"><ele>21.000</ele></trkpt>
      <trkpt lat="22.1981456406" lon="113.8534974452"><ele>21.000</ele></trkpt>
      <trkpt lat="22.1981444399" lon="113.8534949073"><ele>22.000</ele></trkpt>
      <trkpt lat="22.1981432248" lon="113.8534923703"><ele>22.000</ele></trkpt>
      <trkpt lat="22.1981419952" lon="113.8534898343"><ele>22.000</ele></trkpt>
      <trkpt lat="22.1981407520" lon="113.8534872983"><ele>22.000</ele></trkpt>
      <trkpt lat="22.1981394954" lon="113.8534847634"><ele>22.000</ele></trkpt>
      <trkpt lat="22.1981382260" lon="113.8534822284"><ele>22.000</ele></trkpt>
      <trkpt lat="22.1981369432" lon="113.8534796945"><ele>22.000</ele></trkpt>
      <trkpt lat="22.1981356477" lon="113.8534771616"><ele>22.000</ele></trkpt>
      <trkpt lat="22.1981343404" lon="113.8534746287"><ele>22.000</ele></trkpt>
      <trkpt lat="22.1981330214" lon="113.8534720968"><ele>22.000</ele></trkpt>
      <trkpt lat="22.1981316907" lon="113.8534695649"><ele>22.000</ele></trkpt>
      <trkpt lat="22.1981303483" lon="113.8534670340"><ele>22.000</ele></trkpt>
      <trkpt lat="22.1981289950" lon="113.8534645041"><ele>22.000</ele></trkpt>
      <trkpt lat="22.1981276317" lon="113.8534619733"><ele>22.000</ele></trkpt>
      <trkpt lat="22.1981262577" lon="113.8534594444"><ele>22.000</ele></trkpt>
      <trkpt lat="22.1981248737" lon="113.8534569155"><ele>22.000</ele></trkpt>
      <trkpt lat="22.1981234797" lon="113.8534543867"><ele>21.000</ele></trkpt>
      <trkpt lat="22.1981220768" lon="113.8534518589"><ele>21.000</ele></trkpt>
      <trkpt lat="22.1981206648" lon="113.8534493311"><ele>21.000</ele></trkpt>
      <trkpt lat="22.1981192447" lon="113.8534468043"><ele>21.000</ele></trkpt>
      <trkpt lat="22.1981178155" lon="113.8534442774"><ele>21.000</ele></trkpt>
      <trkpt lat="22.1981163782" lon="113.8534417507"><ele>21.000</ele></trkpt>
      <trkpt lat="22.1981149337" lon="113.8534392249"><ele>21.000</ele></trkpt>
      <trkpt lat="22.1981134811" lon="113.8534366991"><ele>21.000</ele></trkpt>
      <trkpt lat="22.1981120213" lon="113.8534341743"><ele>21.000</ele></trkpt>
      <trkpt lat="22.1981105551" lon="113.8534316495"><ele>21.000</ele></trkpt>
      <trkpt lat="22.1981090826" lon="113.8534291247"><ele>21.000</ele></trkpt>
      <trkpt lat="22.1981076038" lon="113.8534266000"><ele>21.000</ele></trkpt>
      <trkpt lat="22.1981061196" lon="113.8534240762"><ele>21.000</ele></trkpt>
      <trkpt lat="22.1981046290" lon="113.8534215525"><ele>21.000</ele></trkpt>
      <trkpt lat="22.1981031340" lon="113.8534190287"><ele>21.000</ele></trkpt>
      <trkpt lat="22.1981016335" lon="113.8534165060"><ele>21.000</ele></trkpt>
      <trkpt lat="22.1981001285" lon="113.8534139832"><ele>21.000</ele></trkpt>
      <trkpt lat="22.1980986199" lon="113.8534114605"><ele>20.000</ele></trkpt>
      <trkpt lat="22.1980971067" lon="113.8534089377"><ele>20.000</ele></trkpt>
      <trkpt lat="22.1980955900" lon="113.8534064150"><ele>18.000</ele></trkpt>
      <trkpt lat="22.1980940697" lon="113.8534038923"><ele>18.000</ele></trkpt>
      <trkpt lat="22.1980925466" lon="113.8534013705"><ele>18.000</ele></trkpt>
      <trkpt lat="22.1980910217" lon="113.8533988488"><ele>18.000</ele></trkpt>
      <trkpt lat="22.1980894933" lon="113.8533963261"><ele>18.000</ele></trkpt>
      <trkpt lat="22.1980879639" lon="113.8533938044"><ele>18.000</ele></trkpt>
      <trkpt lat="22.1980864318" lon="113.8533912827"><ele>18.000</ele></trkpt>
      <trkpt lat="22.1980848988" lon="113.8533887610"><ele>18.000</ele></trkpt>
      <trkpt lat="22.1980833649" lon="113.8533862392"><ele>18.000</ele></trkpt>
      <trkpt lat="22.1980818301" lon="113.8533837185"><ele>18.000</ele></trkpt>
      <trkpt lat="22.1980802953" lon="113.8533811968"><ele>18.000</ele></trkpt>
      <trkpt lat="22.1980787596" lon="113.8533786751"><ele>18.000</ele></trkpt>
      <trkpt lat="22.1980772248" lon="113.8533761534"><ele>18.000</ele></trkpt>
      <trkpt lat="22.1980756909" lon="113.8533736316"><ele>18.000</ele></trkpt>
      <trkpt lat="22.1980741570" lon="113.8533711099"><ele>18.000</ele></trkpt>
      <trkpt lat="22.1980726241" lon="113.8533685882"><ele>18.000</ele></trkpt>
      <trkpt lat="22.1980710938" lon="113.8533660665"><ele>18.000</ele></trkpt>
      <trkpt lat="22.1980695644" lon="113.8533635448"><ele>18.000</ele></trkpt>
      <trkpt lat="22.1980680368" lon="113.8533610230"><ele>18.000</ele></trkpt>
      <trkpt lat="22.1980665129" lon="113.8533585003"><ele>17.000</ele></trkpt>
      <trkpt lat="22.1980649907" lon="113.8533559786"><ele>17.000</ele></trkpt>
      <trkpt lat="22.1980634722" lon="113.8533534559"><ele>17.000</ele></trkpt>
      <trkpt lat="22.1980619563" lon="113.8533509341"><ele>17.000</ele></trkpt>
      <trkpt lat="22.1980604450" lon="113.8533484114"><ele>17.000</ele></trkpt>
      <trkpt lat="22.1980589373" lon="113.8533458877"><ele>17.000</ele></trkpt>
      <trkpt lat="22.1980574341" lon="113.8533433649"><ele>17.000</ele></trkpt>
      <trkpt lat="22.1980559354" lon="113.8533408412"><ele>17.000</ele></trkpt>
      <trkpt lat="22.1980544422" lon="113.8533383184"><ele>17.000</ele></trkpt>
      <trkpt lat="22.1980529534" lon="113.8533357937"><ele>16.000</ele></trkpt>
      <trkpt lat="22.1980514710" lon="113.8533332699"><ele>16.000</ele></trkpt>
      <trkpt lat="22.1980499940" lon="113.8533307452"><ele>16.000</ele></trkpt>
      <trkpt lat="22.1980485242" lon="113.8533282214"><ele>16.000</ele></trkpt>
      <trkpt lat="22.1980470598" lon="113.8533256956"><ele>16.000</ele></trkpt>
      <trkpt lat="22.1980456036" lon="113.8533231708"><ele>16.000</ele></trkpt>
      <trkpt lat="22.1980441537" lon="113.8533206450"><ele>16.000</ele></trkpt>
      <trkpt lat="22.1980427110" lon="113.8533181182"><ele>16.000</ele></trkpt>
      <trkpt lat="22.1980412773" lon="113.8533155924"><ele>16.000</ele></trkpt>
      <trkpt lat="22.1980398509" lon="113.8533130656"><ele>16.000</ele></trkpt>
      <trkpt lat="22.1980384335" lon="113.8533105378"><ele>16.000</ele></trkpt>
      <trkpt lat="22.1980370251" lon="113.8533080100"><ele>16.000</ele></trkpt>
      <trkpt lat="22.1980356248" lon="113.8533054822"><ele>16.000</ele></trkpt>
      <trkpt lat="22.1980342345" lon="113.8533029533"><ele>16.000</ele></trkpt>
      <trkpt lat="22.1980328541" lon="113.8533004245"><ele>16.000</ele></trkpt>
      <trkpt lat="22.1980314837" lon="113.8532978946"><ele>16.000</ele></trkpt>
      <trkpt lat="22.1980301241" lon="113.8532953648"><ele>16.000</ele></trkpt>
      <trkpt lat="22.1980277718" lon="113.8532909384"><ele>16.000</ele></trkpt>
      <trkpt lat="22.1980274645" lon="113.8532880473"><ele>16.000</ele></trkpt>
      <trkpt lat="22.1980271481" lon="113.8532851562"><ele>16.000</ele></trkpt>
      <trkpt lat="22.1980268217" lon="113.8532822652"><ele>16.000</ele></trkpt>
      <trkpt lat="22.1980264864" lon="113.8532793742"><ele>16.000</ele></trkpt>
      <trkpt lat="22.1980261438" lon="113.8532764832"><ele>16.000</ele></trkpt>
      <trkpt lat="22.1980257940" lon="113.8532735931"><ele>16.000</ele></trkpt>
      <trkpt lat="22.1980254378" lon="113.8532707022"><ele>16.000</ele></trkpt>
      <trkpt lat="22.1980250754" lon="113.8532678122"><ele>16.000</ele></trkpt>
      <trkpt lat="22.1980247084" lon="113.8532649212"><ele>16.000</ele></trkpt>
      <trkpt lat="22.1980243369" lon="113.8532620313"><ele>16.000</ele></trkpt>
      <trkpt lat="22.1980239618" lon="113.8532591403"><ele>16.000</ele></trkpt>
      <trkpt lat="22.1980235840" lon="113.8532562504"><ele>16.000</ele></trkpt>
      <trkpt lat="22.1980232044" lon="113.8532533604"><ele>16.000</ele></trkpt>
      <trkpt lat="22.1980228230" lon="113.8532504695"><ele>16.000</ele></trkpt>
      <trkpt lat="22.1980224407" lon="113.8532475795"><ele>16.000</ele></trkpt>
      <trkpt lat="22.1980220593" lon="113.8532446896"><ele>16.000</ele></trkpt>
      <trkpt lat="22.1980216778" lon="113.8532417987"><ele>16.000</ele></trkpt>
      <trkpt lat="22.1980212982" lon="113.8532389087"><ele>16.000</ele></trkpt>
      <trkpt lat="22.1980209204" lon="113.8532360188"><ele>16.000</ele></trkpt>
      <trkpt lat="22.1980205453" lon="113.8532331278"><ele>16.000</ele></trkpt>
      <trkpt lat="22.1980201739" lon="113.8532302379"><ele>16.000</ele></trkpt>
      <trkpt lat="22.1980198078" lon="113.8532273469"><ele>16.000</ele></trkpt>
      <trkpt lat="22.1980194453" lon="113.8532244569"><ele>16.000</ele></trkpt>
      <trkpt lat="22.1980190892" lon="113.8532215659"><ele>16.000</ele></trkpt>
      <trkpt lat="22.1980187403" lon="113.8532186759"><ele>16.000</ele></trkpt>
      <trkpt lat="22.1980183977" lon="113.8532157849"><ele>16.000</ele></trkpt>
      <trkpt lat="22.1980180632" lon="113.8532128939"><ele>18.000</ele></trkpt>
      <trkpt lat="22.1980177378" lon="113.8532100038"><ele>18.000</ele></trkpt>
      <trkpt lat="22.1980174214" lon="113.8532071127"><ele>18.000</ele></trkpt>
      <trkpt lat="22.1980171150" lon="113.8532042217"><ele>18.000</ele></trkpt>
      <trkpt lat="22.1980168193" lon="113.8532013305"><ele>18.000</ele></trkpt>
      <trkpt lat="22.1980165345" lon="113.8531984384"><ele>18.000</ele></trkpt>
      <trkpt lat="22.1980162633" lon="113.8531955473"><ele>18.000</ele></trkpt>
      <trkpt lat="22.1980160038" lon="113.8531926561"><ele>18.000</ele></trkpt>
      <trkpt lat="22.1980157587" lon="113.8531897639"><ele>18.000</ele></trkpt>
      <trkpt lat="22.1980155281" lon="113.8531868716"><ele>18.000</ele></trkpt>
      <trkpt lat="22.1980153119" lon="113.8531839794"><ele>18.000</ele></trkpt>
      <trkpt lat="22.1980151120" lon="113.8531810871"><ele>18.000</ele></trkpt>
      <trkpt lat="22.1980149293" lon="113.8531781947"><ele>18.000</ele></trkpt>
      <trkpt lat="22.1980147628" lon="113.8531753023"><ele>18.000</ele></trkpt>
      <trkpt lat="22.1980146144" lon="113.8531724099"><ele>18.000</ele></trkpt>
      <trkpt lat="22.1980144849" lon="113.8531695165"><ele>18.000</ele></trkpt>
      <trkpt lat="22.1980143753" lon="113.8531666230"><ele>18.000</ele></trkpt>
      <trkpt lat="22.1980142847" lon="113.8531637295"><ele>20.000</ele></trkpt>
      <trkpt lat="22.1980142157" lon="113.8531608359"><ele>20.000</ele></trkpt>
      <trkpt lat="22.1980141485" lon="113.8531579297"><ele>20.000</ele></trkpt>
      <trkpt lat="22.1980140704" lon="113.8531550022"><ele>20.000</ele></trkpt>
      <trkpt lat="22.1980139842" lon="113.8531520563"><ele>20.000</ele></trkpt>
      <trkpt lat="22.1980138916" lon="113.8531490940"><ele>20.000</ele></trkpt>
      <trkpt lat="22.1980137972" lon="113.8531461170"><ele>20.000</ele></trkpt>
      <trkpt lat="22.1980137028" lon="113.8531431266"><ele>20.000</ele></trkpt>
      <trkpt lat="22.1980136101" lon="113.8531401254"><ele>20.000</ele></trkpt>
      <trkpt lat="22.1980135219" lon="113.8531371145"><ele>20.000</ele></trkpt>
      <trkpt lat="22.1980134419" lon="113.8531340968"><ele>20.000</ele></trkpt>
      <trkpt lat="22.1980133718" lon="113.8531310743"><ele>20.000</ele></trkpt>
      <trkpt lat="22.1980133152" lon="113.8531280469"><ele>20.000</ele></trkpt>
      <trkpt lat="22.1980132730" lon="113.8531250194"><ele>20.000</ele></trkpt>
      <trkpt lat="22.1980132490" lon="113.8531219909"><ele>20.000</ele></trkpt>
      <trkpt lat="22.1980132457" lon="113.8531189653"><ele>20.000</ele></trkpt>
      <trkpt lat="22.1980132658" lon="113.8531159435"><ele>20.000</ele></trkpt>
      <trkpt lat="22.1980133122" lon="113.8531129285"><ele>20.000</ele></trkpt>
      <trkpt lat="22.1980133857" lon="113.8531099211"><ele>20.000</ele></trkpt>
      <trkpt lat="22.1980134917" lon="113.8531069224"><ele>20.000</ele></trkpt>
      <trkpt lat="22.1980136303" lon="113.8531039362"><ele>20.000</ele></trkpt>
      <trkpt lat="22.1980138059" lon="113.8531009645"><ele>20.000</ele></trkpt>
      <trkpt lat="22.1980140195" lon="113.8530980073"><ele>20.000</ele></trkpt>
      <trkpt lat="22.1980142755" lon="113.8530950674"><ele>20.000</ele></trkpt>
      <trkpt lat="22.1980145749" lon="113.8530921477"><ele>20.000</ele></trkpt>
      <trkpt lat="22.1980149214" lon="113.8530892484"><ele>20.000</ele></trkpt>
      <trkpt lat="22.1980153175" lon="113.8530863722"><ele>20.000</ele></trkpt>
      <trkpt lat="22.1980157652" lon="113.8530835210"><ele>20.000</ele></trkpt>
      <trkpt lat="22.1980162680" lon="113.8530806969"><ele>20.000</ele></trkpt>
      <trkpt lat="22.1980168268" lon="113.8530779018"><ele>20.000</ele></trkpt>
      <trkpt lat="22.1980174463" lon="113.8530751376"><ele>20.000</ele></trkpt>
      <trkpt lat="22.1980181281" lon="113.8530724052"><ele>20.000</ele></trkpt>
      <trkpt lat="22.1980188750" lon="113.8530697076"><ele>20.000</ele></trkpt>
      <trkpt lat="22.1980196887" lon="113.8530670467"><ele>22.000</ele></trkpt>
      <trkpt lat="22.1980205739" lon="113.8530644234"><ele>22.000</ele></trkpt>
      <trkpt lat="22.1980215315" lon="113.8530618407"><ele>22.000</ele></trkpt>
      <trkpt lat="22.1980225640" lon="113.8530593005"><ele>22.000</ele></trkpt>
      <trkpt lat="22.1980236825" lon="113.8530568038"><ele>22.000</ele></trkpt>
      <trkpt lat="22.1980249112" lon="113.8530543533"><ele>22.000</ele></trkpt>
      <trkpt lat="22.1980262475" lon="113.8530519472"><ele>22.000</ele></trkpt>
      <trkpt lat="22.1980276849" lon="113.8530495816"><ele>22.000</ele></trkpt>
      <trkpt lat="22.1980292173" lon="113.8530472565"><ele>22.000</ele></trkpt>
      <trkpt lat="22.1980308392" lon="113.8530449680"><ele>22.000</ele></trkpt>
      <trkpt lat="22.1980325451" lon="113.8530427143"><ele>22.000</ele></trkpt>
      <trkpt lat="22.1980343279" lon="113.8530404924"><ele>22.000</ele></trkpt>
      <trkpt lat="22.1980361838" lon="113.8530383023"><ele>22.000</ele></trkpt>
      <trkpt lat="22.1980381048" lon="113.8530361393"><ele>22.000</ele></trkpt>
      <trkpt lat="22.1980400873" lon="113.8530340013"><ele>22.000</ele></trkpt>
      <trkpt lat="22.1980421231" lon="113.8530318874"><ele>22.000</ele></trkpt>
      <trkpt lat="22.1980442087" lon="113.8530297948"><ele>22.000</ele></trkpt>
      <trkpt lat="22.1980463358" lon="113.8530277214"><ele>22.000</ele></trkpt>
      <trkpt lat="22.1980485008" lon="113.8530256644"><ele>22.000</ele></trkpt>
      <trkpt lat="22.1980506966" lon="113.8530236220"><ele>22.000</ele></trkpt>
      <trkpt lat="22.1980529178" lon="113.8530215911"><ele>22.000</ele></trkpt>
      <trkpt lat="22.1980551587" lon="113.8530195708"><ele>22.000</ele></trkpt>
      <trkpt lat="22.1980574133" lon="113.8530175582"><ele>22.000</ele></trkpt>
      <trkpt lat="22.1980596751" lon="113.8530155505"><ele>22.000</ele></trkpt>
      <trkpt lat="22.1980619387" lon="113.8530135457"><ele>22.000</ele></trkpt>
      <trkpt lat="22.1980641996" lon="113.8530115419"><ele>22.000</ele></trkpt>
      <trkpt lat="22.1980664497" lon="113.8530095371"><ele>22.000</ele></trkpt>
      <trkpt lat="22.1980686843" lon="113.8530075275"><ele>22.000</ele></trkpt>
      <trkpt lat="22.1980708983" lon="113.8530055131"><ele>22.000</ele></trkpt>
      <trkpt lat="22.1980730851" lon="113.8530034900"><ele>22.000</ele></trkpt>
      <trkpt lat="22.1980752384" lon="113.8530014564"><ele>22.000</ele></trkpt>
      <trkpt lat="22.1980773530" lon="113.8529994102"><ele>22.000</ele></trkpt>
      <trkpt lat="22.1980794223" lon="113.8529973486"><ele>22.000</ele></trkpt>
      <trkpt lat="22.1980814419" lon="113.8529952697"><ele>22.000</ele></trkpt>
      <trkpt lat="22.1980834046" lon="113.8529931715"><ele>22.000</ele></trkpt>
      <trkpt lat="22.1980853050" lon="113.8529910521"><ele>22.000</ele></trkpt>
      <trkpt lat="22.1980871375" lon="113.8529889077"><ele>22.000</ele></trkpt>
      <trkpt lat="22.1980888960" lon="113.8529867372"><ele>22.000</ele></trkpt>
      <trkpt lat="22.1980905749" lon="113.8529845379"><ele>22.000</ele></trkpt>
      <trkpt lat="22.1980921689" lon="113.8529823077"><ele>22.000</ele></trkpt>
      <trkpt lat="22.1980936707" lon="113.8529800447"><ele>22.000</ele></trkpt>
      <trkpt lat="22.1980950758" lon="113.8529777461"><ele>22.000</ele></trkpt>
      <trkpt lat="22.1980963770" lon="113.8529754099"><ele>22.000</ele></trkpt>
      <trkpt lat="22.1980975697" lon="113.8529730342"><ele>22.000</ele></trkpt>
      <trkpt lat="22.1980986486" lon="113.8529706151"><ele>22.000</ele></trkpt>
      <trkpt lat="22.1980996055" lon="113.8529681526"><ele>24.000</ele></trkpt>
      <trkpt lat="22.1981004367" lon="113.8529656429"><ele>24.000</ele></trkpt>
      <trkpt lat="22.1981011360" lon="113.8529630841"><ele>24.000</ele></trkpt>
      <trkpt lat="22.1981017296" lon="113.8529604877"><ele>24.000</ele></trkpt>
      <trkpt lat="22.1981022635" lon="113.8529578691"><ele>24.000</ele></trkpt>
      <trkpt lat="22.1981027396" lon="113.8529552303"><ele>24.000</ele></trkpt>
      <trkpt lat="22.1981031605" lon="113.8529525722"><ele>24.000</ele></trkpt>
      <trkpt lat="22.1981035264" lon="113.8529498959"><ele>24.000</ele></trkpt>
      <trkpt lat="22.1981038389" lon="113.8529472002"><ele>24.000</ele></trkpt>
      <trkpt lat="22.1981040999" lon="113.8529444862"><ele>24.000</ele></trkpt>
      <trkpt lat="22.1981043121" lon="113.8529417549"><ele>24.000</ele></trkpt>
      <trkpt lat="22.1981044746" lon="113.8529390073"><ele>24.000</ele></trkpt>
      <trkpt lat="22.1981045910" lon="113.8529362422"><ele>24.000</ele></trkpt>
      <trkpt lat="22.1981046623" lon="113.8529334618"><ele>24.000</ele></trkpt>
      <trkpt lat="22.1981046901" lon="113.8529306669"><ele>24.000</ele></trkpt>
      <trkpt lat="22.1981046755" lon="113.8529278566"><ele>24.000</ele></trkpt>
      <trkpt lat="22.1981046202" lon="113.8529250328"><ele>24.000</ele></trkpt>
      <trkpt lat="22.1981045261" lon="113.8529221946"><ele>24.000</ele></trkpt>
      <trkpt lat="22.1981043949" lon="113.8529193438"><ele>24.000</ele></trkpt>
      <trkpt lat="22.1981042266" lon="113.8529164806"><ele>24.000</ele></trkpt>
      <trkpt lat="22.1981040249" lon="113.8529136057"><ele>24.000</ele></trkpt>
      <trkpt lat="22.1981037907" lon="113.8529107193"><ele>24.000</ele></trkpt>
      <trkpt lat="22.1981035240" lon="113.8529078213"><ele>24.000</ele></trkpt>
      <trkpt lat="22.1981032283" lon="113.8529049137"><ele>24.000</ele></trkpt>
      <trkpt lat="22.1981029046" lon="113.8529019965"><ele>24.000</ele></trkpt>
      <trkpt lat="22.1981025538" lon="113.8528990706"><ele>24.000</ele></trkpt>
      <trkpt lat="22.1981021786" lon="113.8528961360"><ele>24.000</ele></trkpt>
      <trkpt lat="22.1981017790" lon="113.8528931928"><ele>24.000</ele></trkpt>
      <trkpt lat="22.1981013587" lon="113.8528902428"><ele>24.000</ele></trkpt>
      <trkpt lat="22.1981009166" lon="113.8528872851"><ele>24.000</ele></trkpt>
      <trkpt lat="22.1981004565" lon="113.8528843216"><ele>24.000</ele></trkpt>
      <trkpt lat="22.1980999792" lon="113.8528813524"><ele>24.000</ele></trkpt>
      <trkpt lat="22.1980994856" lon="113.8528783774"><ele>24.000</ele></trkpt>
      <trkpt lat="22.1980989776" lon="113.8528753985"><ele>24.000</ele></trkpt>
      <trkpt lat="22.1980984578" lon="113.8528724148"><ele>24.000</ele></trkpt>
      <trkpt lat="22.1980979263" lon="113.8528694282"><ele>24.000</ele></trkpt>
      <trkpt lat="22.1980973848" lon="113.8528664378"><ele>24.000</ele></trkpt>
      <trkpt lat="22.1980968361" lon="113.8528634454"><ele>24.000</ele></trkpt>
      <trkpt lat="22.1980962802" lon="113.8528604511"><ele>24.000</ele></trkpt>
      <trkpt lat="22.1980957197" lon="113.8528574559"><ele>24.000</ele></trkpt>
      <trkpt lat="22.1980951566" lon="113.8528544587"><ele>24.000</ele></trkpt>
      <trkpt lat="22.1980945907" lon="113.8528514625"><ele>24.000</ele></trkpt>
      <trkpt lat="22.1980940249" lon="113.8528484663"><ele>24.000</ele></trkpt>
      <trkpt lat="22.1980934608" lon="113.8528454701"><ele>24.000</ele></trkpt>
      <trkpt lat="22.1980928986" lon="113.8528424768"><ele>24.000</ele></trkpt>
      <trkpt lat="22.1980923418" lon="113.8528394845"><ele>24.000</ele></trkpt>
      <trkpt lat="22.1980917904" lon="113.8528364950"><ele>24.000</ele></trkpt>
      <trkpt lat="22.1980912462" lon="113.8528335085"><ele>24.000</ele></trkpt>
      <trkpt lat="22.1980907111" lon="113.8528305258"><ele>24.000</ele></trkpt>
      <trkpt lat="22.1980901868" lon="113.8528275470"><ele>24.000</ele></trkpt>
      <trkpt lat="22.1980896751" lon="113.8528245729"><ele>24.000</ele></trkpt>
      <trkpt lat="22.1980891762" lon="113.8528216047"><ele>24.000</ele></trkpt>
      <trkpt lat="22.1980886935" lon="113.8528186423"><ele>24.000</ele></trkpt>
      <trkpt lat="22.1980882270" lon="113.8528156856"><ele>24.000</ele></trkpt>
      <trkpt lat="22.1980877786" lon="113.8528127366"><ele>24.000</ele></trkpt>
      <trkpt lat="22.1980873511" lon="113.8528097954"><ele>24.000</ele></trkpt>
      <trkpt lat="22.1980869443" lon="113.8528068609"><ele>24.000</ele></trkpt>
      <trkpt lat="22.1980865601" lon="113.8528039361"><ele>24.000</ele></trkpt>
      <trkpt lat="22.1980862012" lon="113.8528010208"><ele>24.000</ele></trkpt>
      <trkpt lat="22.1980858676" lon="113.8527981153"><ele>24.000</ele></trkpt>
      <trkpt lat="22.1980855620" lon="113.8527952193"><ele>24.000</ele></trkpt>
      <trkpt lat="22.1980852483" lon="113.8527923253"><ele>24.000</ele></trkpt>
      <trkpt lat="22.1980849066" lon="113.8527894285"><ele>24.000</ele></trkpt>
      <trkpt lat="22.1980845396" lon="113.8527865298"><ele>24.000</ele></trkpt>
      <trkpt lat="22.1980841482" lon="113.8527836273"><ele>24.000</ele></trkpt>
      <trkpt lat="22.1980837333" lon="113.8527807238"><ele>24.000</ele></trkpt>
      <trkpt lat="22.1980832977" lon="113.8527778175"><ele>24.000</ele></trkpt>
      <trkpt lat="22.1980828431" lon="113.8527749093"><ele>25.000</ele></trkpt>
      <trkpt lat="22.1980823704" lon="113.8527719992"><ele>25.000</ele></trkpt>
      <trkpt lat="22.1980818824" lon="113.8527690872"><ele>25.000</ele></trkpt>
      <trkpt lat="22.1980813790" lon="113.8527661743"><ele>25.000</ele></trkpt>
      <trkpt lat="22.1980808630" lon="113.8527632604"><ele>25.000</ele></trkpt>
      <trkpt lat="22.1980803361" lon="113.8527603455"><ele>25.000</ele></trkpt>
      <trkpt lat="22.1980797993" lon="113.8527574298"><ele>25.000</ele></trkpt>
      <trkpt lat="22.1980792553" lon="113.8527545130"><ele>25.000</ele></trkpt>
      <trkpt lat="22.1980787049" lon="113.8527515963"><ele>25.000</ele></trkpt>
      <trkpt lat="22.1980781501" lon="113.8527486787"><ele>25.000</ele></trkpt>
      <trkpt lat="22.1980775925" lon="113.8527457610"><ele>25.000</ele></trkpt>
      <trkpt lat="22.1980770331" lon="113.8527428443"><ele>25.000</ele></trkpt>
      <trkpt lat="22.1980764746" lon="113.8527399276"><ele>25.000</ele></trkpt>
      <trkpt lat="22.1980759179" lon="113.8527370109"><ele>25.000</ele></trkpt>
      <trkpt lat="22.1980753649" lon="113.8527340952"><ele>25.000</ele></trkpt>
      <trkpt lat="22.1980748182" lon="113.8527311804"><ele>25.000</ele></trkpt>
      <trkpt lat="22.1980742777" lon="113.8527282666"><ele>25.000</ele></trkpt>
      <trkpt lat="22.1980737464" lon="113.8527253537"><ele>26.000</ele></trkpt>
      <trkpt lat="22.1980732249" lon="113.8527224427"><ele>26.000</ele></trkpt>
      <trkpt lat="22.1980727152" lon="113.8527195327"><ele>26.000</ele></trkpt>
      <trkpt lat="22.1980722200" lon="113.8527166256"><ele>26.000</ele></trkpt>
      <trkpt lat="22.1980717401" lon="113.8527137193"><ele>26.000</ele></trkpt>
      <trkpt lat="22.1980712764" lon="113.8527108160"><ele>26.000</ele></trkpt>
      <trkpt lat="22.1980708318" lon="113.8527079146"><ele>26.000</ele></trkpt>
      <trkpt lat="22.1980704079" lon="113.8527050160"><ele>26.000</ele></trkpt>
      <trkpt lat="22.1980700057" lon="113.8527021203"><ele>26.000</ele></trkpt>
      <trkpt lat="22.1980696270" lon="113.8526992274"><ele>26.000</ele></trkpt>
      <trkpt lat="22.1980692726" lon="113.8526963374"><ele>26.000</ele></trkpt>
      <trkpt lat="22.1980689463" lon="113.8526934502"><ele>26.000</ele></trkpt>
      <trkpt lat="22.1980686480" lon="113.8526905679"><ele>26.000</ele></trkpt>
      <trkpt lat="22.1980683803" lon="113.8526876883"><ele>26.000</ele></trkpt>
      <trkpt lat="22.1980681443" lon="113.8526848126"><ele>26.000</ele></trkpt>
      <trkpt lat="22.1980679418" lon="113.8526819406"><ele>26.000</ele></trkpt>
      <trkpt lat="22.1980677744" lon="113.8526790735"><ele>28.000</ele></trkpt>
      <trkpt lat="22.1980676432" lon="113.8526762111"><ele>28.000</ele></trkpt>
      <trkpt lat="22.1980675517" lon="113.8526733525"><ele>28.000</ele></trkpt>
      <trkpt lat="22.1980674991" lon="113.8526704996"><ele>28.000</ele></trkpt>
      <trkpt lat="22.1980674889" lon="113.8526676505"><ele>28.000</ele></trkpt>
      <trkpt lat="22.1980675220" lon="113.8526648081"><ele>28.000</ele></trkpt>
      <trkpt lat="22.1980676004" lon="113.8526619694"><ele>28.000</ele></trkpt>
      <trkpt lat="22.1980677257" lon="113.8526591375"><ele>28.000</ele></trkpt>
      <trkpt lat="22.1980678989" lon="113.8526563112"><ele>28.000</ele></trkpt>
      <trkpt lat="22.1980681226" lon="113.8526534907"><ele>28.000</ele></trkpt>
      <trkpt lat="22.1980683979" lon="113.8526506758"><ele>28.000</ele></trkpt>
      <trkpt lat="22.1980687255" lon="113.8526478677"><ele>28.000</ele></trkpt>
      <trkpt lat="22.1980691074" lon="113.8526450652"><ele>28.000</ele></trkpt>
      <trkpt lat="22.1980695298" lon="113.8526422694"><ele>28.000</ele></trkpt>
      <trkpt lat="22.1980699912" lon="113.8526394793"><ele>28.000</ele></trkpt>
      <trkpt lat="22.1980704895" lon="113.8526366950"><ele>28.000</ele></trkpt>
      <trkpt lat="22.1980710249" lon="113.8526339164"><ele>28.000</ele></trkpt>
      <trkpt lat="22.1980715956" lon="113.8526311426"><ele>28.000</ele></trkpt>
      <trkpt lat="22.1980721996" lon="113.8526283745"><ele>28.000</ele></trkpt>
      <trkpt lat="22.1980728371" lon="113.8526256102"><ele>28.000</ele></trkpt>
      <trkpt lat="22.1980735071" lon="113.8526228517"><ele>28.000</ele></trkpt>
      <trkpt lat="22.1980742078" lon="113.8526200970"><ele>28.000</ele></trkpt>
      <trkpt lat="22.1980749383" lon="113.8526173461"><ele>28.000</ele></trkpt>
      <trkpt lat="22.1980756978" lon="113.8526146009"><ele>28.000</ele></trkpt>
      <trkpt lat="22.1980764852" lon="113.8526118586"><ele>28.000</ele></trkpt>
      <trkpt lat="22.1980772988" lon="113.8526091201"><ele>28.000</ele></trkpt>
      <trkpt lat="22.1980781386" lon="113.8526063854"><ele>28.000</ele></trkpt>
      <trkpt lat="22.1980790028" lon="113.8526036545"><ele>28.000</ele></trkpt>
      <trkpt lat="22.1980798905" lon="113.8526009265"><ele>28.000</ele></trkpt>
      <trkpt lat="22.1980807999" lon="113.8525982014"><ele>28.000</ele></trkpt>
      <trkpt lat="22.1980817319" lon="113.8525954791"><ele>28.000</ele></trkpt>
      <trkpt lat="22.1980826828" lon="113.8525927597"><ele>28.000</ele></trkpt>
      <trkpt lat="22.1980836536" lon="113.8525900431"><ele>28.000</ele></trkpt>
      <trkpt lat="22.1980846425" lon="113.8525873285"><ele>28.000</ele></trkpt>
      <trkpt lat="22.1980856485" lon="113.8525846157"><ele>28.000</ele></trkpt>
      <trkpt lat="22.1980866708" lon="113.8525819058"><ele>30.000</ele></trkpt>
      <trkpt lat="22.1980877075" lon="113.8525791969"><ele>30.000</ele></trkpt>
      <trkpt lat="22.1980887578" lon="113.8525764898"><ele>30.000</ele></trkpt>
      <trkpt lat="22.1980898217" lon="113.8525737837"><ele>30.000</ele></trkpt>
      <trkpt lat="22.1980908963" lon="113.8525710795"><ele>30.000</ele></trkpt>
      <trkpt lat="22.1980919828" lon="113.8525683763"><ele>30.000</ele></trkpt>
      <trkpt lat="22.1980930773" lon="113.8525656740"><ele>30.000</ele></trkpt>
      <trkpt lat="22.1980941818" lon="113.8525629717"><ele>30.000</ele></trkpt>
      <trkpt lat="22.1980952926" lon="113.8525602703"><ele>30.000</ele></trkpt>
      <trkpt lat="22.1980964097" lon="113.8525575689"><ele>30.000</ele></trkpt>
      <trkpt lat="22.1980975323" lon="113.8525548685"><ele>30.000</ele></trkpt>
      <trkpt lat="22.1980986593" lon="113.8525521671"><ele>30.000</ele></trkpt>
      <trkpt lat="22.1980997891" lon="113.8525494666"><ele>30.000</ele></trkpt>
      <trkpt lat="22.1981009216" lon="113.8525467652"><ele>30.000</ele></trkpt>
      <trkpt lat="22.1981020541" lon="113.8525440629"><ele>30.000</ele></trkpt>
      <trkpt lat="22.1981031874" lon="113.8525413595"><ele>30.000</ele></trkpt>
      <trkpt lat="22.1981043190" lon="113.8525386561"><ele>30.000</ele></trkpt>
      <trkpt lat="22.1981054479" lon="113.8525359509"><ele>30.000</ele></trkpt>
      <trkpt lat="22.1981065740" lon="113.8525332446"><ele>32.000</ele></trkpt>
      <trkpt lat="22.1981076956" lon="113.8525305364"><ele>32.000</ele></trkpt>
      <trkpt lat="22.1981088118" lon="113.8525278263"><ele>32.000</ele></trkpt>
      <trkpt lat="22.1981099217" lon="113.8525251153"><ele>32.000</ele></trkpt>
      <trkpt lat="22.1981110235" lon="113.8525224013"><ele>32.000</ele></trkpt>
      <trkpt lat="22.1981121171" lon="113.8525196864"><ele>32.000</ele></trkpt>
      <trkpt lat="22.1981131999" lon="113.8525169677"><ele>32.000</ele></trkpt>
      <trkpt lat="22.1981142727" lon="113.8525142470"><ele>32.000</ele></trkpt>
      <trkpt lat="22.1981153338" lon="113.8525115234"><ele>32.000</ele></trkpt>
      <trkpt lat="22.1981163813" lon="113.8525087970"><ele>32.000</ele></trkpt>
      <trkpt lat="22.1981174144" lon="113.8525060677"><ele>32.000</ele></trkpt>
      <trkpt lat="22.1981184331" lon="113.8525033345"><ele>32.000</ele></trkpt>
      <trkpt lat="22.1981194354" lon="113.8525005975"><ele>32.000</ele></trkpt>
      <trkpt lat="22.1981204206" lon="113.8524978577"><ele>32.000</ele></trkpt>
      <trkpt lat="22.1981213878" lon="113.8524951130"><ele>32.000</ele></trkpt>
      <trkpt lat="22.1981223350" lon="113.8524923655"><ele>32.000</ele></trkpt>
      <trkpt lat="22.1981232615" lon="113.8524896122"><ele>32.000</ele></trkpt>
      <trkpt lat="22.1981241663" lon="113.8524868560"><ele>32.000</ele></trkpt>
      <trkpt lat="22.1981250494" lon="113.8524840940"><ele>33.000</ele></trkpt>
      <trkpt lat="22.1981259081" lon="113.8524813283"><ele>33.000</ele></trkpt>
      <trkpt lat="22.1981267416" lon="113.8524785568"><ele>33.000</ele></trkpt>
      <trkpt lat="22.1981275506" lon="113.8524757805"><ele>33.000</ele></trkpt>
      <trkpt lat="22.1981283316" lon="113.8524729984"><ele>33.000</ele></trkpt>
      <trkpt lat="22.1981290846" lon="113.8524702115"><ele>33.000</ele></trkpt>
      <trkpt lat="22.1981298087" lon="113.8524674180"><ele>33.000</ele></trkpt>
      <trkpt lat="22.1981305030" lon="113.8524646196"><ele>33.000</ele></trkpt>
      <trkpt lat="22.1981311657" lon="113.8524618145"><ele>33.000</ele></trkpt>
      <trkpt lat="22.1981318211" lon="113.8524589920"><ele>33.000</ele></trkpt>
      <trkpt lat="22.1981325126" lon="113.8524561326"><ele>33.000</ele></trkpt>
      <trkpt lat="22.1981332401" lon="113.8524532372"><ele>33.000</ele></trkpt>
      <trkpt lat="22.1981340010" lon="113.8524503068"><ele>33.000</ele></trkpt>
      <trkpt lat="22.1981347925" lon="113.8524473443"><ele>33.000</ele></trkpt>
      <trkpt lat="22.1981356137" lon="113.8524443508"><ele>33.000</ele></trkpt>
      <trkpt lat="22.1981364611" lon="113.8524413290"><ele>33.000</ele></trkpt>
      <trkpt lat="22.1981373337" lon="113.8524382781"><ele>33.000</ele></trkpt>
      <trkpt lat="22.1981382279" lon="113.8524352020"><ele>34.000</ele></trkpt>
      <trkpt lat="22.1981391429" lon="113.8524321015"><ele>34.000</ele></trkpt>
      <trkpt lat="22.1981400759" lon="113.8524289787"><ele>34.000</ele></trkpt>
      <trkpt lat="22.1981410241" lon="113.8524258345"><ele>34.000</ele></trkpt>
      <trkpt lat="22.1981419868" lon="113.8524226709"><ele>34.000</ele></trkpt>
      <trkpt lat="22.1981429603" lon="113.8524194899"><ele>34.000</ele></trkpt>
      <trkpt lat="22.1981439437" lon="113.8524162933"><ele>34.000</ele></trkpt>
      <trkpt lat="22.1981449334" lon="113.8524130811"><ele>34.000</ele></trkpt>
      <trkpt lat="22.1981459284" lon="113.8524098573"><ele>34.000</ele></trkpt>
      <trkpt lat="22.1981469262" lon="113.8524066228"><ele>34.000</ele></trkpt>
      <trkpt lat="22.1981479248" lon="113.8524033787"><ele>34.000</ele></trkpt>
      <trkpt lat="22.1981489217" lon="113.8524001268"><ele>34.000</ele></trkpt>
      <trkpt lat="22.1981499149" lon="113.8523968690"><ele>34.000</ele></trkpt>
      <trkpt lat="22.1981509017" lon="113.8523936065"><ele>34.000</ele></trkpt>
      <trkpt lat="22.1981518805" lon="113.8523903420"><ele>34.000</ele></trkpt>
      <trkpt lat="22.1981528493" lon="113.8523870765"><ele>34.000</ele></trkpt>
      <trkpt lat="22.1981538045" lon="113.8523838111"><ele>34.000</ele></trkpt>
      <trkpt lat="22.1981547462" lon="113.8523805487"><ele>34.000</ele></trkpt>
      <trkpt lat="22.1981556699" lon="113.8523772901"><ele>34.000</ele></trkpt>
      <trkpt lat="22.1981565755" lon="113.8523740365"><ele>34.000</ele></trkpt>
      <trkpt lat="22.1981574595" lon="113.8523707916"><ele>34.000</ele></trkpt>
      <trkpt lat="22.1981583200" lon="113.8523675545"><ele>34.000</ele></trkpt>
      <trkpt lat="22.1981591543" lon="113.8523643292"><ele>34.000</ele></trkpt>
      <trkpt lat="22.1981599615" lon="113.8523611155"><ele>34.000</ele></trkpt>
      <trkpt lat="22.1981607381" lon="113.8523579155"><ele>34.000</ele></trkpt>
      <trkpt lat="22.1981614831" lon="113.8523547320"><ele>34.000</ele></trkpt>
      <trkpt lat="22.1981621929" lon="113.8523515651"><ele>34.000</ele></trkpt>
      <trkpt lat="22.1981628667" lon="113.8523484177"><ele>34.000</ele></trkpt>
      <trkpt lat="22.1981635016" lon="113.8523452907"><ele>34.000</ele></trkpt>
      <trkpt lat="22.1981640960" lon="113.8523421862"><ele>34.000</ele></trkpt>
      <trkpt lat="22.1981646470" lon="113.8523391059"><ele>36.000</ele></trkpt>
      <trkpt lat="22.1981651521" lon="113.8523360510"><ele>36.000</ele></trkpt>
      <trkpt lat="22.1981656102" lon="113.8523330244"><ele>36.000</ele></trkpt>
      <trkpt lat="22.1981660187" lon="113.8523300259"><ele>36.000</ele></trkpt>
      <trkpt lat="22.1981663759" lon="113.8523270577"><ele>36.000</ele></trkpt>
      <trkpt lat="22.1981666780" lon="113.8523241225"><ele>36.000</ele></trkpt>
      <trkpt lat="22.1981669241" lon="113.8523212214"><ele>36.000</ele></trkpt>
      <trkpt lat="22.1981671126" lon="113.8523183554"><ele>36.000</ele></trkpt>
      <trkpt lat="22.1981672397" lon="113.8523155273"><ele>36.000</ele></trkpt>
      <trkpt lat="22.1981673046" lon="113.8523127372"><ele>36.000</ele></trkpt>
      <trkpt lat="22.1981673036" lon="113.8523099889"><ele>36.000</ele></trkpt>
      <trkpt lat="22.1981672359" lon="113.8523072825"><ele>36.000</ele></trkpt>
      <trkpt lat="22.1981670996" lon="113.8523046199"><ele>36.000</ele></trkpt>
      <trkpt lat="22.1981668912" lon="113.8523020030"><ele>36.000</ele></trkpt>
      <trkpt lat="22.1981666089" lon="113.8522994338"><ele>36.000</ele></trkpt>
      <trkpt lat="22.1981662508" lon="113.8522969133"><ele>36.000</ele></trkpt>
      <trkpt lat="22.1981658151" lon="113.8522944443"><ele>36.000</ele></trkpt>
      <trkpt lat="22.1981652982" lon="113.8522920270"><ele>36.000</ele></trkpt>
      <trkpt lat="22.1981646993" lon="113.8522896631"><ele>36.000</ele></trkpt>
      <trkpt lat="22.1981640165" lon="113.8522873557"><ele>36.000</ele></trkpt>
      <trkpt lat="22.1981632462" lon="113.8522851048"><ele>36.000</ele></trkpt>
      <trkpt lat="22.1981623867" lon="113.8522829141"><ele>36.000</ele></trkpt>
      <trkpt lat="22.1981614369" lon="113.8522807829"><ele>36.000</ele></trkpt>
      <trkpt lat="22.1981603934" lon="113.8522787148"><ele>36.000</ele></trkpt>
      <trkpt lat="22.1981592533" lon="113.8522767101"><ele>36.000</ele></trkpt>
      <trkpt lat="22.1981580168" lon="113.8522747715"><ele>36.000</ele></trkpt>
      <trkpt lat="22.1981566801" lon="113.8522729000"><ele>36.000</ele></trkpt>
      <trkpt lat="22.1981552407" lon="113.8522710977"><ele>36.000</ele></trkpt>
      <trkpt lat="22.1981537146" lon="113.8522693546"><ele>36.000</ele></trkpt>
      <trkpt lat="22.1981521525" lon="113.8522676350"><ele>36.000</ele></trkpt>
      <trkpt lat="22.1981505606" lon="113.8522659358"><ele>36.000</ele></trkpt>
      <trkpt lat="22.1981489381" lon="113.8522642570"><ele>36.000</ele></trkpt>
      <trkpt lat="22.1981472858" lon="113.8522625986"><ele>36.000</ele></trkpt>
      <trkpt lat="22.1981456037" lon="113.8522609597"><ele>36.000</ele></trkpt>
      <trkpt lat="22.1981438928" lon="113.8522593403"><ele>36.000</ele></trkpt>
      <trkpt lat="22.1981421530" lon="113.8522577394"><ele>36.000</ele></trkpt>
      <trkpt lat="22.1981403844" lon="113.8522561579"><ele>36.000</ele></trkpt>
      <trkpt lat="22.1981385887" lon="113.8522545949"><ele>36.000</ele></trkpt>
      <trkpt lat="22.1981367641" lon="113.8522530504"><ele>36.000</ele></trkpt>
      <trkpt lat="22.1981349134" lon="113.8522515244"><ele>36.000</ele></trkpt>
      <trkpt lat="22.1981330357" lon="113.8522500159"><ele>36.000</ele></trkpt>
      <trkpt lat="22.1981311318" lon="113.8522485240"><ele>36.000</ele></trkpt>
      <trkpt lat="22.1981292008" lon="113.8522470505"><ele>36.000</ele></trkpt>
      <trkpt lat="22.1981272446" lon="113.8522455936"><ele>36.000</ele></trkpt>
      <trkpt lat="22.1981252631" lon="113.8522441532"><ele>36.000</ele></trkpt>
      <trkpt lat="22.1981232572" lon="113.8522427294"><ele>36.000</ele></trkpt>
      <trkpt lat="22.1981212262" lon="113.8522413211"><ele>36.000</ele></trkpt>
      <trkpt lat="22.1981191716" lon="113.8522399294"><ele>36.000</ele></trkpt>
      <trkpt lat="22.1981170927" lon="113.8522385523"><ele>36.000</ele></trkpt>
      <trkpt lat="22.1981149904" lon="113.8522371917"><ele>36.000</ele></trkpt>
      <trkpt lat="22.1981128646" lon="113.8522358448"><ele>36.000</ele></trkpt>
      <trkpt lat="22.1981107172" lon="113.8522345134"><ele>36.000</ele></trkpt>
      <trkpt lat="22.1981085472" lon="113.8522331966"><ele>36.000</ele></trkpt>
      <trkpt lat="22.1981063547" lon="113.8522318934"><ele>36.000</ele></trkpt>
      <trkpt lat="22.1981041414" lon="113.8522306039"><ele>36.000</ele></trkpt>
      <trkpt lat="22.1981019065" lon="113.8522293290"><ele>36.000</ele></trkpt>
      <trkpt lat="22.1980996518" lon="113.8522280667"><ele>36.000</ele></trkpt>
      <trkpt lat="22.1980973763" lon="113.8522268171"><ele>36.000</ele></trkpt>
      <trkpt lat="22.1980950800" lon="113.8522255811"><ele>37.000</ele></trkpt>
      <trkpt lat="22.1980927648" lon="113.8522243568"><ele>37.000</ele></trkpt>
      <trkpt lat="22.1980904307" lon="113.8522231451"><ele>37.000</ele></trkpt>
      <trkpt lat="22.1980880777" lon="113.8522219451"><ele>37.000</ele></trkpt>
      <trkpt lat="22.1980857057" lon="113.8522207568"><ele>37.000</ele></trkpt>
      <trkpt lat="22.1980833165" lon="113.8522195802"><ele>37.000</ele></trkpt>
      <trkpt lat="22.1980809084" lon="113.8522184142"><ele>37.000</ele></trkpt>
      <trkpt lat="22.1980784841" lon="113.8522172590"><ele>37.000</ele></trkpt>
      <trkpt lat="22.1980760427" lon="113.8522161145"><ele>37.000</ele></trkpt>
      <trkpt lat="22.1980735841" lon="113.8522149807"><ele>37.000</ele></trkpt>
      <trkpt lat="22.1980711102" lon="113.8522138566"><ele>37.000</ele></trkpt>
      <trkpt lat="22.1980686200" lon="113.8522127413"><ele>37.000</ele></trkpt>
      <trkpt lat="22.1980661154" lon="113.8522116367"><ele>37.000</ele></trkpt>
      <trkpt lat="22.1980635946" lon="113.8522105399"><ele>37.000</ele></trkpt>
      <trkpt lat="22.1980610602" lon="113.8522094528"><ele>37.000</ele></trkpt>
      <trkpt lat="22.1980585105" lon="113.8522083745"><ele>37.000</ele></trkpt>
      <trkpt lat="22.1980559473" lon="113.8522073040"><ele>37.000</ele></trkpt>
      <trkpt lat="22.1980533715" lon="113.8522062412"><ele>37.000</ele></trkpt>
      <trkpt lat="22.1980507812" lon="113.8522051863"><ele>38.000</ele></trkpt>
      <trkpt lat="22.1980481792" lon="113.8522041391"><ele>38.000</ele></trkpt>
      <trkpt lat="22.1980455646" lon="113.8522030997"><ele>38.000</ele></trkpt>
      <trkpt lat="22.1980429382" lon="113.8522020662"><ele>38.000</ele></trkpt>
      <trkpt lat="22.1980403001" lon="113.8522010395"><ele>38.000</ele></trkpt>
      <trkpt lat="22.1980376512" lon="113.8522000196"><ele>38.000</ele></trkpt>
      <trkpt lat="22.1980349915" lon="113.8521990055"><ele>38.000</ele></trkpt>
      <trkpt lat="22.1980323209" lon="113.8521979963"><ele>38.000</ele></trkpt>
      <trkpt lat="22.1980296404" lon="113.8521969939"><ele>38.000</ele></trkpt>
      <trkpt lat="22.1980269500" lon="113.8521959964"><ele>38.000</ele></trkpt>
      <trkpt lat="22.1980242506" lon="113.8521950028"><ele>38.000</ele></trkpt>
      <trkpt lat="22.1980215431" lon="113.8521940151"><ele>38.000</ele></trkpt>
      <trkpt lat="22.1980188265" lon="113.8521930312"><ele>38.000</ele></trkpt>
      <trkpt lat="22.1980161009" lon="113.8521920512"><ele>38.000</ele></trkpt>
      <trkpt lat="22.1980133690" lon="113.8521910761"><ele>38.000</ele></trkpt>
      <trkpt lat="22.1980106290" lon="113.8521901039"><ele>38.000</ele></trkpt>
      <trkpt lat="22.1980078817" lon="113.8521891347"><ele>38.000</ele></trkpt>
      <trkpt lat="22.1980051291" lon="113.8521881684"><ele>38.000</ele></trkpt>
      <trkpt lat="22.1980023692" lon="113.8521872050"><ele>38.000</ele></trkpt>
      <trkpt lat="22.1979996039" lon="113.8521862435"><ele>38.000</ele></trkpt>
      <trkpt lat="22.1979968332" lon="113.8521852850"><ele>38.000</ele></trkpt>
      <trkpt lat="22.1979940571" lon="113.8521843284"><ele>38.000</ele></trkpt>
      <trkpt lat="22.1979912765" lon="113.8521833728"><ele>38.000</ele></trkpt>
      <trkpt lat="22.1979884913" lon="113.8521824182"><ele>38.000</ele></trkpt>
      <trkpt lat="22.1979857026" lon="113.8521814655"><ele>38.000</ele></trkpt>
      <trkpt lat="22.1979829102" lon="113.8521805128"><ele>38.000</ele></trkpt>
      <trkpt lat="22.1979801151" lon="113.8521795612"><ele>38.000</ele></trkpt>
      <trkpt lat="22.1979773165" lon="113.8521786095"><ele>38.000</ele></trkpt>
      <trkpt lat="22.1979745160" lon="113.8521776578"><ele>38.000</ele></trkpt>
      <trkpt lat="22.1979717137" lon="113.8521767061"><ele>38.000</ele></trkpt>
      <trkpt lat="22.1979689096" lon="113.8521757525"><ele>38.000</ele></trkpt>
      <trkpt lat="22.1979661037" lon="113.8521747989"><ele>38.000</ele></trkpt>
      <trkpt lat="22.1979632978" lon="113.8521738444"><ele>38.000</ele></trkpt>
      <trkpt lat="22.1979604909" lon="113.8521728879"><ele>40.000</ele></trkpt>
      <trkpt lat="22.1979576841" lon="113.8521719294"><ele>40.000</ele></trkpt>
      <trkpt lat="22.1979548782" lon="113.8521709690"><ele>40.000</ele></trkpt>
      <trkpt lat="22.1979520723" lon="113.8521700067"><ele>40.000</ele></trkpt>
      <trkpt lat="22.1979492672" lon="113.8521690415"><ele>40.000</ele></trkpt>
      <trkpt lat="22.1979464640" lon="113.8521680733"><ele>40.000</ele></trkpt>
      <trkpt lat="22.1979436626" lon="113.8521671022"><ele>40.000</ele></trkpt>
      <trkpt lat="22.1979408630" lon="113.8521661273"><ele>40.000</ele></trkpt>
      <trkpt lat="22.1979380669" lon="113.8521651494"><ele>40.000</ele></trkpt>
      <trkpt lat="22.1979352727" lon="113.8521641667"><ele>40.000</ele></trkpt>
      <trkpt lat="22.1979324821" lon="113.8521631801"><ele>40.000</ele></trkpt>
      <trkpt lat="22.1979296960" lon="113.8521621886"><ele>40.000</ele></trkpt>
      <trkpt lat="22.1979269134" lon="113.8521611923"><ele>40.000</ele></trkpt>
      <trkpt lat="22.1979241354" lon="113.8521601911"><ele>40.000</ele></trkpt>
      <trkpt lat="22.1979213619" lon="113.8521591851"><ele>40.000</ele></trkpt>
      <trkpt lat="22.1979185947" lon="113.8521581722"><ele>40.000</ele></trkpt>
      <trkpt lat="22.1979158320" lon="113.8521571545"><ele>42.000</ele></trkpt>
      <trkpt lat="22.1979130757" lon="113.8521561300"><ele>42.000</ele></trkpt>
      <trkpt lat="22.1979103265" lon="113.8521550987"><ele>42.000</ele></trkpt>
      <trkpt lat="22.1979075836" lon="113.8521540606"><ele>42.000</ele></trkpt>
      <trkpt lat="22.1979048480" lon="113.8521530157"><ele>42.000</ele></trkpt>
      <trkpt lat="22.1979021195" lon="113.8521519640"><ele>42.000</ele></trkpt>
      <trkpt lat="22.1978993992" lon="113.8521509045"><ele>42.000</ele></trkpt>
      <trkpt lat="22.1978966870" lon="113.8521498362"><ele>42.000</ele></trkpt>
      <trkpt lat="22.1978939838" lon="113.8521487602"><ele>42.000</ele></trkpt>
      <trkpt lat="22.1978912896" lon="113.8521476754"><ele>42.000</ele></trkpt>
      <trkpt lat="22.1978886053" lon="113.8521465829"><ele>41.000</ele></trkpt>
      <trkpt lat="22.1978859309" lon="113.8521454806"><ele>41.000</ele></trkpt>
      <trkpt lat="22.1978832656" lon="113.8521443686"><ele>41.000</ele></trkpt>
      <trkpt lat="22.1978806120" lon="113.8521432479"><ele>41.000</ele></trkpt>
      <trkpt lat="22.1978779692" lon="113.8521421164"><ele>41.000</ele></trkpt>
      <trkpt lat="22.1978753372" lon="113.8521409753"><ele>41.000</ele></trkpt>
      <trkpt lat="22.1978727178" lon="113.8521398244"><ele>41.000</ele></trkpt>
      <trkpt lat="22.1978701102" lon="113.8521386618"><ele>44.000</ele></trkpt>
      <trkpt lat="22.1978675151" lon="113.8521374886"><ele>44.000</ele></trkpt>
      <trkpt lat="22.1978649327" lon="113.8521363037"><ele>44.000</ele></trkpt>
      <trkpt lat="22.1978623638" lon="113.8521351081"><ele>44.000</ele></trkpt>
      <trkpt lat="22.1978598085" lon="113.8521338998"><ele>44.000</ele></trkpt>
      <trkpt lat="22.1978572675" lon="113.8521326799"><ele>44.000</ele></trkpt>
      <trkpt lat="22.1978547410" lon="113.8521314483"><ele>44.000</ele></trkpt>
      <trkpt lat="22.1978522289" lon="113.8521302031"><ele>44.000</ele></trkpt>
      <trkpt lat="22.1978497321" lon="113.8521289453"><ele>44.000</ele></trkpt>
      <trkpt lat="22.1978472516" lon="113.8521276738"><ele>44.000</ele></trkpt>
      <trkpt lat="22.1978447864" lon="113.8521263887"><ele>44.000</ele></trkpt>
      <trkpt lat="22.1978423374" lon="113.8521250910"><ele>44.000</ele></trkpt>
      <trkpt lat="22.1978399055" lon="113.8521237778"><ele>44.000</ele></trkpt>
      <trkpt lat="22.1978374908" lon="113.8521224509"><ele>44.000</ele></trkpt>
      <trkpt lat="22.1978350932" lon="113.8521211094"><ele>44.000</ele></trkpt>
      <trkpt lat="22.1978327137" lon="113.8521197534"><ele>44.000</ele></trkpt>
      <trkpt lat="22.1978303431" lon="113.8521183818"><ele>44.000</ele></trkpt>
      <trkpt lat="22.1978279680" lon="113.8521169956"><ele>44.000</ele></trkpt>
      <trkpt lat="22.1978255883" lon="113.8521155940"><ele>46.000</ele></trkpt>
      <trkpt lat="22.1978232050" lon="113.8521141759"><ele>46.000</ele></trkpt>
      <trkpt lat="22.1978208181" lon="113.8521127432"><ele>46.000</ele></trkpt>
      <trkpt lat="22.1978184293" lon="113.8521112951"><ele>46.000</ele></trkpt>
      <trkpt lat="22.1978160396" lon="113.8521098314"><ele>46.000</ele></trkpt>
      <trkpt lat="22.1978136490" lon="113.8521083513"><ele>46.000</ele></trkpt>
      <trkpt lat="22.1978112592" lon="113.8521068556"><ele>46.000</ele></trkpt>
      <trkpt lat="22.1978088712" lon="113.8521053434"><ele>46.000</ele></trkpt>
      <trkpt lat="22.1978064849" lon="113.8521038157"><ele>46.000</ele></trkpt>
      <trkpt lat="22.1978041023" lon="113.8521022716"><ele>46.000</ele></trkpt>
      <trkpt lat="22.1978017232" lon="113.8521007109"><ele>46.000</ele></trkpt>
      <trkpt lat="22.1977993495" lon="113.8520991337"><ele>46.000</ele></trkpt>
      <trkpt lat="22.1977969812" lon="113.8520975400"><ele>45.000</ele></trkpt>
      <trkpt lat="22.1977946201" lon="113.8520959289"><ele>45.000</ele></trkpt>
      <trkpt lat="22.1977922653" lon="113.8520943013"><ele>45.000</ele></trkpt>
      <trkpt lat="22.1977899204" lon="113.8520926571"><ele>45.000</ele></trkpt>
      <trkpt lat="22.1977875836" lon="113.8520909955"><ele>45.000</ele></trkpt>
      <trkpt lat="22.1977852566" lon="113.8520893164"><ele>45.000</ele></trkpt>
      <trkpt lat="22.1977829414" lon="113.8520876208"><ele>45.000</ele></trkpt>
      <trkpt lat="22.1977806379" lon="113.8520859067"><ele>46.000</ele></trkpt>
      <trkpt lat="22.1977783470" lon="113.8520841761"><ele>46.000</ele></trkpt>
      <trkpt lat="22.1977760696" lon="113.8520824271"><ele>46.000</ele></trkpt>
      <trkpt lat="22.1977738066" lon="113.8520806606"><ele>46.000</ele></trkpt>
      <trkpt lat="22.1977715589" lon="113.8520788756"><ele>46.000</ele></trkpt>
      <trkpt lat="22.1977693275" lon="113.8520770731"><ele>46.000</ele></trkpt>
      <trkpt lat="22.1977671123" lon="113.8520752531"><ele>46.000</ele></trkpt>
      <trkpt lat="22.1977649160" lon="113.8520734137"><ele>46.000</ele></trkpt>
      <trkpt lat="22.1977627377" lon="113.8520715568"><ele>46.000</ele></trkpt>
      <trkpt lat="22.1977605801" lon="113.8520696805"><ele>46.000</ele></trkpt>
      <trkpt lat="22.1977584424" lon="113.8520677866"><ele>46.000</ele></trkpt>
      <trkpt lat="22.1977563254" lon="113.8520658733"><ele>46.000</ele></trkpt>
      <trkpt lat="22.1977542319" lon="113.8520639416"><ele>46.000</ele></trkpt>
      <trkpt lat="22.1977521609" lon="113.8520619904"><ele>46.000</ele></trkpt>
      <trkpt lat="22.1977501133" lon="113.8520600207"><ele>46.000</ele></trkpt>
      <trkpt lat="22.1977480910" lon="113.8520580315"><ele>46.000</ele></trkpt>
      <trkpt lat="22.1977460949" lon="113.8520560239"><ele>46.000</ele></trkpt>
      <trkpt lat="22.1977441249" lon="113.8520539958"><ele>46.000</ele></trkpt>
      <trkpt lat="22.1977421828" lon="113.8520519483"><ele>46.000</ele></trkpt>
      <trkpt lat="22.1977402678" lon="113.8520498813"><ele>44.000</ele></trkpt>
      <trkpt lat="22.1977383835" lon="113.8520477949"><ele>44.000</ele></trkpt>
      <trkpt lat="22.1977365280" lon="113.8520456880"><ele>44.000</ele></trkpt>
      <trkpt lat="22.1977347041" lon="113.8520435617"><ele>46.000</ele></trkpt>
      <trkpt lat="22.1977329117" lon="113.8520414149"><ele>46.000</ele></trkpt>
      <trkpt lat="22.1977311519" lon="113.8520392486"><ele>46.000</ele></trkpt>
      <trkpt lat="22.1977294263" lon="113.8520370610"><ele>46.000</ele></trkpt>
      <trkpt lat="22.1977277340" lon="113.8520348538"><ele>46.000</ele></trkpt>
      <trkpt lat="22.1977260779" lon="113.8520326253"><ele>46.000</ele></trkpt>
      <trkpt lat="22.1977244578" lon="113.8520303763"><ele>46.000</ele></trkpt>
      <trkpt lat="22.1977228738" lon="113.8520281069"><ele>46.000</ele></trkpt>
      <trkpt lat="22.1977213286" lon="113.8520258170"><ele>46.000</ele></trkpt>
      <trkpt lat="22.1977198222" lon="113.8520235047"><ele>46.000</ele></trkpt>
      <trkpt lat="22.1977183546" lon="113.8520211729"><ele>46.000</ele></trkpt>
      <trkpt lat="22.1977169285" lon="113.8520188187"><ele>46.000</ele></trkpt>
      <trkpt lat="22.1977155403" lon="113.8520164431"><ele>46.000</ele></trkpt>
      <trkpt lat="22.1977141656" lon="113.8520140491"><ele>46.000</ele></trkpt>
      <trkpt lat="22.1977127989" lon="113.8520116366"><ele>46.000</ele></trkpt>
      <trkpt lat="22.1977114413" lon="113.8520092056"><ele>46.000</ele></trkpt>
      <trkpt lat="22.1977100909" lon="113.8520067572"><ele>46.000</ele></trkpt>
      <trkpt lat="22.1977087494" lon="113.8520042913"><ele>46.000</ele></trkpt>
      <trkpt lat="22.1977074160" lon="113.8520018089"><ele>46.000</ele></trkpt>
      <trkpt lat="22.1977060917" lon="113.8519993091"><ele>45.000</ele></trkpt>
      <trkpt lat="22.1977047763" lon="113.8519967937"><ele>45.000</ele></trkpt>
      <trkpt lat="22.1977034709" lon="113.8519942617"><ele>45.000</ele></trkpt>
      <trkpt lat="22.1977021744" lon="113.8519917143"><ele>45.000</ele></trkpt>
      <trkpt lat="22.1977008869" lon="113.8519891523"><ele>45.000</ele></trkpt>
      <trkpt lat="22.1976996094" lon="113.8519865747"><ele>45.000</ele></trkpt>
      <trkpt lat="22.1976983426" lon="113.8519839836"><ele>45.000</ele></trkpt>
      <trkpt lat="22.1976970849" lon="113.8519813778"><ele>45.000</ele></trkpt>
      <trkpt lat="22.1976958380" lon="113.8519787585"><ele>45.000</ele></trkpt>
      <trkpt lat="22.1976946018" lon="113.8519761256"><ele>45.000</ele></trkpt>
      <trkpt lat="22.1976933756" lon="113.8519734790"><ele>45.000</ele></trkpt>
      <trkpt lat="22.1976921611" lon="113.8519708209"><ele>45.000</ele></trkpt>
      <trkpt lat="22.1976909574" lon="113.8519681500"><ele>45.000</ele></trkpt>
      <trkpt lat="22.1976897645" lon="113.8519654666"><ele>46.000</ele></trkpt>
      <trkpt lat="22.1976885834" lon="113.8519627724"><ele>46.000</ele></trkpt>
      <trkpt lat="22.1976874139" lon="113.8519600666"><ele>46.000</ele></trkpt>
      <trkpt lat="22.1976862562" lon="113.8519573501"><ele>46.000</ele></trkpt>
      <trkpt lat="22.1976851102" lon="113.8519546229"><ele>46.000</ele></trkpt>
      <trkpt lat="22.1976839768" lon="113.8519518860"><ele>44.000</ele></trkpt>
      <trkpt lat="22.1976828551" lon="113.8519491384"><ele>44.000</ele></trkpt>
      <trkpt lat="22.1976817461" lon="113.8519463820"><ele>44.000</ele></trkpt>
      <trkpt lat="22.1976806506" lon="113.8519436168"><ele>44.000</ele></trkpt>
      <trkpt lat="22.1976795677" lon="113.8519408429"><ele>44.000</ele></trkpt>
      <trkpt lat="22.1976784974" lon="113.8519380603"><ele>44.000</ele></trkpt>
      <trkpt lat="22.1976774407" lon="113.8519352699"><ele>44.000</ele></trkpt>
      <trkpt lat="22.1976763975" lon="113.8519324716"><ele>44.000</ele></trkpt>
      <trkpt lat="22.1976753678" lon="113.8519296656"><ele>44.000</ele></trkpt>
      <trkpt lat="22.1976743517" lon="113.8519268537"><ele>44.000</ele></trkpt>
      <trkpt lat="22.1976733500" lon="113.8519240351"><ele>44.000</ele></trkpt>
      <trkpt lat="22.1976723627" lon="113.8519212095"><ele>44.000</ele></trkpt>
      <trkpt lat="22.1976713899" lon="113.8519183792"><ele>44.000</ele></trkpt>
      <trkpt lat="22.1976704315" lon="113.8519155419"><ele>44.000</ele></trkpt>
      <trkpt lat="22.1976694876" lon="113.8519127008"><ele>44.000</ele></trkpt>
      <trkpt lat="22.1976685590" lon="113.8519098548"><ele>44.000</ele></trkpt>
      <trkpt lat="22.1976677366" lon="113.8519072917"><ele>44.000</ele></trkpt>
      <trkpt lat="22.1976667469" lon="113.8519041491"><ele>46.000</ele></trkpt>
      <trkpt lat="22.1976658643" lon="113.8519012914"><ele>46.000</ele></trkpt>
      <trkpt lat="22.1976649980" lon="113.8518984297"><ele>46.000</ele></trkpt>
      <trkpt lat="22.1976641461" lon="113.8518955651"><ele>46.000</ele></trkpt>
      <trkpt lat="22.1976633113" lon="113.8518926975"><ele>46.000</ele></trkpt>
      <trkpt lat="22.1976624929" lon="113.8518898289"><ele>46.000</ele></trkpt>
      <trkpt lat="22.1976616906" lon="113.8518869574"><ele>46.000</ele></trkpt>
      <trkpt lat="22.1976609047" lon="113.8518840849"><ele>46.000</ele></trkpt>
      <trkpt lat="22.1976601358" lon="113.8518812104"><ele>46.000</ele></trkpt>
      <trkpt lat="22.1976593842" lon="113.8518783359"><ele>46.000</ele></trkpt>
      <trkpt lat="22.1976586497" lon="113.8518754613"><ele>46.000</ele></trkpt>
      <trkpt lat="22.1976579323" lon="113.8518725857"><ele>46.000</ele></trkpt>
      <trkpt lat="22.1976572330" lon="113.8518697110"><ele>46.000</ele></trkpt>
      <trkpt lat="22.1976565509" lon="113.8518668373"><ele>46.000</ele></trkpt>
      <trkpt lat="22.1976558868" lon="113.8518639635"><ele>46.000</ele></trkpt>
      <trkpt lat="22.1976552408" lon="113.8518610917"><ele>46.000</ele></trkpt>
      <trkpt lat="22.1976546138" lon="113.8518582217"><ele>46.000</ele></trkpt>
      <trkpt lat="22.1976540048" lon="113.8518553536"><ele>46.000</ele></trkpt>
      <trkpt lat="22.1976534148" lon="113.8518524884"><ele>46.000</ele></trkpt>
      <trkpt lat="22.1976528429" lon="113.8518496261"><ele>46.000</ele></trkpt>
      <trkpt lat="22.1976522908" lon="113.8518467666"><ele>46.000</ele></trkpt>
      <trkpt lat="22.1976517577" lon="113.8518439100"><ele>46.000</ele></trkpt>
      <trkpt lat="22.1976512436" lon="113.8518410582"><ele>46.000</ele></trkpt>
      <trkpt lat="22.1976507503" lon="113.8518382102"><ele>46.000</ele></trkpt>
      <trkpt lat="22.1976502759" lon="113.8518353670"><ele>46.000</ele></trkpt>
      <trkpt lat="22.1976498214" lon="113.8518325286"><ele>46.000</ele></trkpt>
      <trkpt lat="22.1976493877" lon="113.8518296960"><ele>46.000</ele></trkpt>
      <trkpt lat="22.1976489739" lon="113.8518268692"><ele>46.000</ele></trkpt>
      <trkpt lat="22.1976485809" lon="113.8518240472"><ele>46.000</ele></trkpt>
      <trkpt lat="22.1976482086" lon="113.8518212328"><ele>46.000</ele></trkpt>
      <trkpt lat="22.1976478571" lon="113.8518184253"><ele>46.000</ele></trkpt>
      <trkpt lat="22.1976475264" lon="113.8518156244"><ele>46.000</ele></trkpt>
      <trkpt lat="22.1976472174" lon="113.8518128313"><ele>46.000</ele></trkpt>
      <trkpt lat="22.1976469301" lon="113.8518100459"><ele>46.000</ele></trkpt>
      <trkpt lat="22.1976466645" lon="113.8518072682"><ele>46.000</ele></trkpt>
      <trkpt lat="22.1976464206" lon="113.8518044991"><ele>46.000</ele></trkpt>
      <trkpt lat="22.1976461983" lon="113.8518017398"><ele>46.000</ele></trkpt>
      <trkpt lat="22.1976459987" lon="113.8517989890"><ele>46.000</ele></trkpt>
      <trkpt lat="22.1976458324" lon="113.8517962266"><ele>46.000</ele></trkpt>
      <trkpt lat="22.1976457139" lon="113.8517934243"><ele>46.000</ele></trkpt>
      <trkpt lat="22.1976456423" lon="113.8517905851"><ele>46.000</ele></trkpt>
      <trkpt lat="22.1976456194" lon="113.8517877098"><ele>46.000</ele></trkpt>
      <trkpt lat="22.1976456434" lon="113.8517848034"><ele>46.000</ele></trkpt>
      <trkpt lat="22.1976457143" lon="113.8517818669"><ele>46.000</ele></trkpt>
      <trkpt lat="22.1976458321" lon="113.8517789031"><ele>46.000</ele></trkpt>
      <trkpt lat="22.1976459969" lon="113.8517759149"><ele>46.000</ele></trkpt>
      <trkpt lat="22.1976462085" lon="113.8517729043"><ele>46.000</ele></trkpt>
      <trkpt lat="22.1976464652" lon="113.8517698752"><ele>46.000</ele></trkpt>
      <trkpt lat="22.1976467689" lon="113.8517668285"><ele>46.000</ele></trkpt>
      <trkpt lat="22.1976471177" lon="113.8517637672"><ele>46.000</ele></trkpt>
      <trkpt lat="22.1976475116" lon="113.8517606951"><ele>46.000</ele></trkpt>
      <trkpt lat="22.1976479516" lon="113.8517576132"><ele>46.000</ele></trkpt>
      <trkpt lat="22.1976484367" lon="113.8517545254"><ele>46.000</ele></trkpt>
      <trkpt lat="22.1976489660" lon="113.8517514336"><ele>46.000</ele></trkpt>
      <trkpt lat="22.1976495405" lon="113.8517483398"><ele>46.000</ele></trkpt>
      <trkpt lat="22.1976501593" lon="113.8517452477"><ele>46.000</ele></trkpt>
      <trkpt lat="22.1976508223" lon="113.8517421585"><ele>46.000</ele></trkpt>
      <trkpt lat="22.1976515295" lon="113.8517390760"><ele>46.000</ele></trkpt>
      <trkpt lat="22.1976522802" lon="113.8517360031"><ele>46.000</ele></trkpt>
      <trkpt lat="22.1976530742" lon="113.8517329408"><ele>46.000</ele></trkpt>
      <trkpt lat="22.1976539124" lon="113.8517298929"><ele>46.000</ele></trkpt>
      <trkpt lat="22.1976547932" lon="113.8517268614"><ele>46.000</ele></trkpt>
      <trkpt lat="22.1976557164" lon="113.8517238491"><ele>46.000</ele></trkpt>
      <trkpt lat="22.1976566831" lon="113.8517208591"><ele>46.000</ele></trkpt>
      <trkpt lat="22.1976576913" lon="113.8517178923"><ele>46.000</ele></trkpt>
      <trkpt lat="22.1976587420" lon="113.8517149535"><ele>46.000</ele></trkpt>
      <trkpt lat="22.1976598352" lon="113.8517120437"><ele>46.000</ele></trkpt>
      <trkpt lat="22.1976609700" lon="113.8517091657"><ele>46.000</ele></trkpt>
      <trkpt lat="22.1976621456" lon="113.8517063226"><ele>46.000</ele></trkpt>
      <trkpt lat="22.1976633636" lon="113.8517035163"><ele>46.000</ele></trkpt>
      <trkpt lat="22.1976646224" lon="113.8517007496"><ele>46.000</ele></trkpt>
      <trkpt lat="22.1976659219" lon="113.8516980255"><ele>46.000</ele></trkpt>
      <trkpt lat="22.1976672612" lon="113.8516953469"><ele>46.000</ele></trkpt>
      <trkpt lat="22.1976673133" lon="113.8516952479"><ele>46.000</ele></trkpt>
      <trkpt lat="22.1976686421" lon="113.8516927148"><ele>46.000</ele></trkpt>
      <trkpt lat="22.1976700629" lon="113.8516901339"><ele>46.000</ele></trkpt>
      <trkpt lat="22.1976715235" lon="113.8516876043"><ele>46.000</ele></trkpt>
      <trkpt lat="22.1976730240" lon="113.8516851309"><ele>46.000</ele></trkpt>
      <trkpt lat="22.1976745643" lon="113.8516827147"><ele>46.000</ele></trkpt>
      <trkpt lat="22.1976761436" lon="113.8516803584"><ele>46.000</ele></trkpt>
      <trkpt lat="22.1976777627" lon="113.8516780661"><ele>46.000</ele></trkpt>
      <trkpt lat="22.1976794199" lon="113.8516758386"><ele>46.000</ele></trkpt>
      <trkpt lat="22.1976811160" lon="113.8516736790"><ele>46.000</ele></trkpt>
      <trkpt lat="22.1976828503" lon="113.8516715900"><ele>46.000</ele></trkpt>
      <trkpt lat="22.1976846235" lon="113.8516695747"><ele>46.000</ele></trkpt>
      <trkpt lat="22.1976864338" lon="113.8516676349"><ele>46.000</ele></trkpt>
      <trkpt lat="22.1976882823" lon="113.8516657736"><ele>46.000</ele></trkpt>
      <trkpt lat="22.1976901689" lon="113.8516639927"><ele>46.000</ele></trkpt>
      <trkpt lat="22.1976920917" lon="113.8516622951"><ele>48.000</ele></trkpt>
      <trkpt lat="22.1976940462" lon="113.8516606410"><ele>48.000</ele></trkpt>
      <trkpt lat="22.1976960252" lon="113.8516590015"><ele>48.000</ele></trkpt>
      <trkpt lat="22.1976980294" lon="113.8516573745"><ele>48.000</ele></trkpt>
      <trkpt lat="22.1977000572" lon="113.8516557600"><ele>48.000</ele></trkpt>
      <trkpt lat="22.1977021103" lon="113.8516541601"><ele>48.000</ele></trkpt>
      <trkpt lat="22.1977041860" lon="113.8516525736"><ele>48.000</ele></trkpt>
      <trkpt lat="22.1977062852" lon="113.8516510007"><ele>48.000</ele></trkpt>
      <trkpt lat="22.1977084079" lon="113.8516494413"><ele>48.000</ele></trkpt>
      <trkpt lat="22.1977105522" lon="113.8516478955"><ele>48.000</ele></trkpt>
      <trkpt lat="22.1977127183" lon="113.8516463631"><ele>48.000</ele></trkpt>
      <trkpt lat="22.1977149061" lon="113.8516448453"><ele>48.000</ele></trkpt>
      <trkpt lat="22.1977171156" lon="113.8516433400"><ele>48.000</ele></trkpt>
      <trkpt lat="22.1977193450" lon="113.8516418492"><ele>48.000</ele></trkpt>
      <trkpt lat="22.1977202911" lon="113.8516412283"><ele>48.000</ele></trkpt>
      <trkpt lat="22.1977215952" lon="113.8516403729"><ele>48.000</ele></trkpt>
      <trkpt lat="22.1977238653" lon="113.8516389102"><ele>48.000</ele></trkpt>
      <trkpt lat="22.1977261544" lon="113.8516374609"><ele>48.000</ele></trkpt>
      <trkpt lat="22.1977284625" lon="113.8516360262"><ele>48.000</ele></trkpt>
      <trkpt lat="22.1977307895" lon="113.8516346050"><ele>48.000</ele></trkpt>
      <trkpt lat="22.1977331347" lon="113.8516331984"><ele>48.000</ele></trkpt>
      <trkpt lat="22.1977354979" lon="113.8516318062"><ele>48.000</ele></trkpt>
      <trkpt lat="22.1977378783" lon="113.8516304285"><ele>48.000</ele></trkpt>
      <trkpt lat="22.1977402751" lon="113.8516290644"><ele>48.000</ele></trkpt>
      <trkpt lat="22.1977426890" lon="113.8516277147"><ele>48.000</ele></trkpt>
      <trkpt lat="22.1977451191" lon="113.8516263796"><ele>48.000</ele></trkpt>
      <trkpt lat="22.1977475647" lon="113.8516250580"><ele>48.000</ele></trkpt>
      <trkpt lat="22.1977500257" lon="113.8516237519"><ele>48.000</ele></trkpt>
      <trkpt lat="22.1977525011" lon="113.8516224604"><ele>48.000</ele></trkpt>
      <trkpt lat="22.1977549919" lon="113.8516211833"><ele>48.000</ele></trkpt>
      <trkpt lat="22.1977574954" lon="113.8516199207"><ele>48.000</ele></trkpt>
      <trkpt lat="22.1977600133" lon="113.8516186727"><ele>48.000</ele></trkpt>
      <trkpt lat="22.1977625448" lon="113.8516174391"><ele>48.000</ele></trkpt>
      <trkpt lat="22.1977650890" lon="113.8516162201"><ele>48.000</ele></trkpt>
      <trkpt lat="22.1977676450" lon="113.8516150166"><ele>48.000</ele></trkpt>
      <trkpt lat="22.1977702128" lon="113.8516138276"><ele>48.000</ele></trkpt>
      <trkpt lat="22.1977727932" lon="113.8516126541"><ele>49.000</ele></trkpt>
      <trkpt lat="22.1977753835" lon="113.8516114951"><ele>49.000</ele></trkpt>
      <trkpt lat="22.1977779857" lon="113.8516103516"><ele>49.000</ele></trkpt>
      <trkpt lat="22.1977805969" lon="113.8516092226"><ele>50.000</ele></trkpt>
      <trkpt lat="22.1977832190" lon="113.8516081081"><ele>50.000</ele></trkpt>
      <trkpt lat="22.1977858501" lon="113.8516070101"><ele>50.000</ele></trkpt>
      <trkpt lat="22.1977884903" lon="113.8516059257"><ele>50.000</ele></trkpt>
      <trkpt lat="22.1977911396" lon="113.8516048577"><ele>50.000</ele></trkpt>
      <trkpt lat="22.1977937961" lon="113.8516038053"><ele>50.000</ele></trkpt>
      <trkpt lat="22.1977964617" lon="113.8516027673"><ele>50.000</ele></trkpt>
      <trkpt lat="22.1977991336" lon="113.8516017449"><ele>50.000</ele></trkpt>
      <trkpt lat="22.1978018128" lon="113.8516007379"><ele>50.000</ele></trkpt>
      <trkpt lat="22.1978044992" lon="113.8515997474"><ele>50.000</ele></trkpt>
      <trkpt lat="22.1978071911" lon="113.8515987715"><ele>50.000</ele></trkpt>
      <trkpt lat="22.1978098884" lon="113.8515978110"><ele>50.000</ele></trkpt>
      <trkpt lat="22.1978125912" lon="113.8515968661"><ele>50.000</ele></trkpt>
      <trkpt lat="22.1978152994" lon="113.8515959376"><ele>50.000</ele></trkpt>
      <trkpt lat="22.1978180113" lon="113.8515950247"><ele>50.000</ele></trkpt>
      <trkpt lat="22.1978207277" lon="113.8515941272"><ele>50.000</ele></trkpt>
      <trkpt lat="22.1978234478" lon="113.8515932453"><ele>50.000</ele></trkpt>
      <trkpt lat="22.1978261706" lon="113.8515923798"><ele>50.000</ele></trkpt>
      <trkpt lat="22.1978288971" lon="113.8515915298"><ele>50.000</ele></trkpt>
      <trkpt lat="22.1978316254" lon="113.8515906964"><ele>50.000</ele></trkpt>
      <trkpt lat="22.1978343555" lon="113.8515898784"><ele>50.000</ele></trkpt>
      <trkpt lat="22.1978370875" lon="113.8515890759"><ele>50.000</ele></trkpt>
      <trkpt lat="22.1978398204" lon="113.8515882909"><ele>50.000</ele></trkpt>
      <trkpt lat="22.1978425542" lon="113.8515875215"><ele>50.000</ele></trkpt>
      <trkpt lat="22.1978452890" lon="113.8515867675"><ele>50.000</ele></trkpt>
      <trkpt lat="22.1978480229" lon="113.8515860310"><ele>50.000</ele></trkpt>
      <trkpt lat="22.1978507559" lon="113.8515853100"><ele>50.000</ele></trkpt>
      <trkpt lat="22.1978534890" lon="113.8515846055"><ele>50.000</ele></trkpt>
      <trkpt lat="22.1978562203" lon="113.8515839174"><ele>50.000</ele></trkpt>
      <trkpt lat="22.1978589489" lon="113.8515832459"><ele>50.000</ele></trkpt>
      <trkpt lat="22.1978616766" lon="113.8515825909"><ele>50.000</ele></trkpt>
      <trkpt lat="22.1978644008" lon="113.8515819523"><ele>50.000</ele></trkpt>
      <trkpt lat="22.1978671223" lon="113.8515813302"><ele>50.000</ele></trkpt>
      <trkpt lat="22.1978698411" lon="113.8515807256"><ele>50.000</ele></trkpt>
      <trkpt lat="22.1978725554" lon="113.8515801366"><ele>52.000</ele></trkpt>
      <trkpt lat="22.1978752653" lon="113.8515795650"><ele>52.000</ele></trkpt>
      <trkpt lat="22.1978779707" lon="113.8515790099"><ele>52.000</ele></trkpt>
      <trkpt lat="22.1978806706" lon="113.8515784713"><ele>52.000</ele></trkpt>
      <trkpt lat="22.1978833652" lon="113.8515779501"><ele>52.000</ele></trkpt>
      <trkpt lat="22.1978860545" lon="113.8515774455"><ele>52.000</ele></trkpt>
      <trkpt lat="22.1978887365" lon="113.8515769583"><ele>52.000</ele></trkpt>
      <trkpt lat="22.1978914122" lon="113.8515764876"><ele>52.000</ele></trkpt>
      <trkpt lat="22.1978940808" lon="113.8515760344"><ele>52.000</ele></trkpt>
      <trkpt lat="22.1978967412" lon="113.8515755977"><ele>52.000</ele></trkpt>
      <trkpt lat="22.1978993945" lon="113.8515751795"><ele>52.000</ele></trkpt>
      <trkpt lat="22.1979020388" lon="113.8515747768"><ele>52.000</ele></trkpt>
      <trkpt lat="22.1979046749" lon="113.8515743925"><ele>52.000</ele></trkpt>
      <trkpt lat="22.1979073012" lon="113.8515740257"><ele>52.000</ele></trkpt>
      <trkpt lat="22.1979099194" lon="113.8515736764"><ele>52.000</ele></trkpt>
      <trkpt lat="22.1979125403" lon="113.8515733542"><ele>52.000</ele></trkpt>
      <trkpt lat="22.1979151640" lon="113.8515730582"><ele>52.000</ele></trkpt>
      <trkpt lat="22.1979177914" lon="113.8515727884"><ele>52.000</ele></trkpt>
      <trkpt lat="22.1979204224" lon="113.8515725438"><ele>52.000</ele></trkpt>
      <trkpt lat="22.1979230562" lon="113.8515723243"><ele>52.000</ele></trkpt>
      <trkpt lat="22.1979256937" lon="113.8515721301"><ele>52.000</ele></trkpt>
      <trkpt lat="22.1979283330" lon="113.8515719602"><ele>52.000</ele></trkpt>
      <trkpt lat="22.1979309769" lon="113.8515718135"><ele>52.000</ele></trkpt>
      <trkpt lat="22.1979336226" lon="113.8515716910"><ele>52.000</ele></trkpt>
      <trkpt lat="22.1979362720" lon="113.8515715908"><ele>52.000</ele></trkpt>
      <trkpt lat="22.1979389241" lon="113.8515715139"><ele>52.000</ele></trkpt>
      <trkpt lat="22.1979415781" lon="113.8515714584"><ele>52.000</ele></trkpt>
      <trkpt lat="22.1979442358" lon="113.8515714251"><ele>52.000</ele></trkpt>
      <trkpt lat="22.1979468962" lon="113.8515714131"><ele>52.000</ele></trkpt>
      <trkpt lat="22.1979495593" lon="113.8515714216"><ele>52.000</ele></trkpt>
      <trkpt lat="22.1979522243" lon="113.8515714503"><ele>52.000</ele></trkpt>
      <trkpt lat="22.1979548921" lon="113.8515714995"><ele>52.000</ele></trkpt>
      <trkpt lat="22.1979575625" lon="113.8515715680"><ele>52.000</ele></trkpt>
      <trkpt lat="22.1979602358" lon="113.8515716559"><ele>52.000</ele></trkpt>
      <trkpt lat="22.1979629109" lon="113.8515717622"><ele>52.000</ele></trkpt>
      <trkpt lat="22.1979655878" lon="113.8515718860"><ele>52.000</ele></trkpt>
      <trkpt lat="22.1979682675" lon="113.8515720282"><ele>52.000</ele></trkpt>
      <trkpt lat="22.1979709499" lon="113.8515721879"><ele>52.000</ele></trkpt>
      <trkpt lat="22.1979736332" lon="113.8515723650"><ele>52.000</ele></trkpt>
      <trkpt lat="22.1979763193" lon="113.8515725576"><ele>52.000</ele></trkpt>
      <trkpt lat="22.1979790073" lon="113.8515727667"><ele>52.000</ele></trkpt>
      <trkpt lat="22.1979816979" lon="113.8515729913"><ele>52.000</ele></trkpt>
      <trkpt lat="22.1979843895" lon="113.8515732304"><ele>52.000</ele></trkpt>
      <trkpt lat="22.1979870830" lon="113.8515734851"><ele>52.000</ele></trkpt>
      <trkpt lat="22.1979897791" lon="113.8515737543"><ele>52.000</ele></trkpt>
      <trkpt lat="22.1979924763" lon="113.8515740361"><ele>52.000</ele></trkpt>
      <trkpt lat="22.1979951752" lon="113.8515743324"><ele>52.000</ele></trkpt>
      <trkpt lat="22.1979978760" lon="113.8515746414"><ele>52.000</ele></trkpt>
      <trkpt lat="22.1980005777" lon="113.8515749629"><ele>52.000</ele></trkpt>
      <trkpt lat="22.1980032812" lon="113.8515752961"><ele>52.000</ele></trkpt>
      <trkpt lat="22.1980059866" lon="113.8515756419"><ele>51.000</ele></trkpt>
      <trkpt lat="22.1980086929" lon="113.8515759983"><ele>51.000</ele></trkpt>
      <trkpt lat="22.1980114010" lon="113.8515763655"><ele>51.000</ele></trkpt>
      <trkpt lat="22.1980141100" lon="113.8515767432"><ele>51.000</ele></trkpt>
      <trkpt lat="22.1980168200" lon="113.8515771307"><ele>51.000</ele></trkpt>
      <trkpt lat="22.1980195308" lon="113.8515775279"><ele>51.000</ele></trkpt>
      <trkpt lat="22.1980222436" lon="113.8515779338"><ele>51.000</ele></trkpt>
      <trkpt lat="22.1980249572" lon="113.8515783494"><ele>51.000</ele></trkpt>
      <trkpt lat="22.1980276717" lon="113.8515787718"><ele>51.000</ele></trkpt>
      <trkpt lat="22.1980303872" lon="113.8515792029"><ele>51.000</ele></trkpt>
      <trkpt lat="22.1980331036" lon="113.8515796407"><ele>51.000</ele></trkpt>
      <trkpt lat="22.1980358209" lon="113.8515800854"><ele>51.000</ele></trkpt>
      <trkpt lat="22.1980385391" lon="113.8515805369"><ele>51.000</ele></trkpt>
      <trkpt lat="22.1980412573" lon="113.8515809942"><ele>51.000</ele></trkpt>
      <trkpt lat="22.1980439765" lon="113.8515814573"><ele>51.000</ele></trkpt>
      <trkpt lat="22.1980466965" lon="113.8515819252"><ele>51.000</ele></trkpt>
      <trkpt lat="22.1980494166" lon="113.8515823980"><ele>51.000</ele></trkpt>
      <trkpt lat="22.1980521376" lon="113.8515828747"><ele>51.000</ele></trkpt>
      <trkpt lat="22.1980548585" lon="113.8515833552"><ele>51.000</ele></trkpt>
      <trkpt lat="22.1980575804" lon="113.8515838396"><ele>51.000</ele></trkpt>
      <trkpt lat="22.1980603023" lon="113.8515843270"><ele>51.000</ele></trkpt>
      <trkpt lat="22.1980630251" lon="113.8515848162"><ele>51.000</ele></trkpt>
      <trkpt lat="22.1980657471" lon="113.8515853084"><ele>51.000</ele></trkpt>
      <trkpt lat="22.1980684699" lon="113.8515858016"><ele>51.000</ele></trkpt>
      <trkpt lat="22.1980711927" lon="113.8515862957"><ele>51.000</ele></trkpt>
      <trkpt lat="22.1980739146" lon="113.8515867917"><ele>51.000</ele></trkpt>
      <trkpt lat="22.1980766374" lon="113.8515872868"><ele>51.000</ele></trkpt>
      <trkpt lat="22.1980793602" lon="113.8515877829"><ele>51.000</ele></trkpt>
      <trkpt lat="22.1980820822" lon="113.8515882780"><ele>51.000</ele></trkpt>
      <trkpt lat="22.1980848041" lon="113.8515887721"><ele>51.000</ele></trkpt>
      <trkpt lat="22.1980875260" lon="113.8515892643"><ele>51.000</ele></trkpt>
      <trkpt lat="22.1980902479" lon="113.8515897555"><ele>51.000</ele></trkpt>
      <trkpt lat="22.1980929689" lon="113.8515902438"><ele>51.000</ele></trkpt>
      <trkpt lat="22.1980956899" lon="113.8515907302"><ele>51.000</ele></trkpt>
      <trkpt lat="22.1980984100" lon="113.8515912127"><ele>51.000</ele></trkpt>
      <trkpt lat="22.1981011300" lon="113.8515916913"><ele>51.000</ele></trkpt>
      <trkpt lat="22.1981038492" lon="113.8515921670"><ele>51.000</ele></trkpt>
      <trkpt lat="22.1981065675" lon="113.8515926369"><ele>51.000</ele></trkpt>
      <trkpt lat="22.1981092848" lon="113.8515931029"><ele>51.000</ele></trkpt>
      <trkpt lat="22.1981120021" lon="113.8515935631"><ele>51.000</ele></trkpt>
      <trkpt lat="22.1981147177" lon="113.8515940184"><ele>51.000</ele></trkpt>
      <trkpt lat="22.1981174332" lon="113.8515944660"><ele>51.000</ele></trkpt>
      <trkpt lat="22.1981201477" lon="113.8515949078"><ele>51.000</ele></trkpt>
      <trkpt lat="22.1981228605" lon="113.8515953428"><ele>51.000</ele></trkpt>
      <trkpt lat="22.1981255732" lon="113.8515957700"><ele>51.000</ele></trkpt>
      <trkpt lat="22.1981282842" lon="113.8515961895"><ele>51.000</ele></trkpt>
      <trkpt lat="22.1981309942" lon="113.8515966002"><ele>51.000</ele></trkpt>
      <trkpt lat="22.1981337024" lon="113.8515970022"><ele>51.000</ele></trkpt>
      <trkpt lat="22.1981364096" lon="113.8515973946"><ele>51.000</ele></trkpt>
      <trkpt lat="22.1981391160" lon="113.8515977782"><ele>51.000</ele></trkpt>
      <trkpt lat="22.1981418205" lon="113.8515981511"><ele>51.000</ele></trkpt>
      <trkpt lat="22.1981445241" lon="113.8515985134"><ele>51.000</ele></trkpt>
      <trkpt lat="22.1981472258" lon="113.8515988650"><ele>51.000</ele></trkpt>
      <trkpt lat="22.1981499258" lon="113.8515992050"><ele>51.000</ele></trkpt>
      <trkpt lat="22.1981526239" lon="113.8515995334"><ele>51.000</ele></trkpt>
      <trkpt lat="22.1981553210" lon="113.8515998491"><ele>51.000</ele></trkpt>
      <trkpt lat="22.1981580164" lon="113.8516001532"><ele>51.000</ele></trkpt>
      <trkpt lat="22.1981607136" lon="113.8516004699"><ele>51.000</ele></trkpt>
      <trkpt lat="22.1981634135" lon="113.8516008051"><ele>51.000</ele></trkpt>
      <trkpt lat="22.1981661171" lon="113.8516011606"><ele>51.000</ele></trkpt>
      <trkpt lat="22.1981688234" lon="113.8516015335"><ele>51.000</ele></trkpt>
      <trkpt lat="22.1981715324" lon="113.8516019239"><ele>51.000</ele></trkpt>
      <trkpt lat="22.1981742433" lon="113.8516023308"><ele>51.000</ele></trkpt>
      <trkpt lat="22.1981769579" lon="113.8516027541"><ele>51.000</ele></trkpt>
      <trkpt lat="22.1981796743" lon="113.8516031930"><ele>51.000</ele></trkpt>
      <trkpt lat="22.1981823934" lon="113.8516036454"><ele>51.000</ele></trkpt>
      <trkpt lat="22.1981851144" lon="113.8516041124"><ele>51.000</ele></trkpt>
      <trkpt lat="22.1981878371" lon="113.8516045929"><ele>52.000</ele></trkpt>
      <trkpt lat="22.1981905618" lon="113.8516050851"><ele>52.000</ele></trkpt>
      <trkpt lat="22.1981932891" lon="113.8516055889"><ele>52.000</ele></trkpt>
      <trkpt lat="22.1981960174" lon="113.8516061043"><ele>52.000</ele></trkpt>
      <trkpt lat="22.1981987475" lon="113.8516066295"><ele>52.000</ele></trkpt>
      <trkpt lat="22.1982014785" lon="113.8516071643"><ele>52.000</ele></trkpt>
      <trkpt lat="22.1982042114" lon="113.8516077069"><ele>52.000</ele></trkpt>
      <trkpt lat="22.1982069451" lon="113.8516082592"><ele>52.000</ele></trkpt>
      <trkpt lat="22.1982096807" lon="113.8516088173"><ele>52.000</ele></trkpt>
      <trkpt lat="22.1982124163" lon="113.8516093831"><ele>52.000</ele></trkpt>
      <trkpt lat="22.1982151537" lon="113.8516099538"><ele>52.000</ele></trkpt>
      <trkpt lat="22.1982178912" lon="113.8516105303"><ele>52.000</ele></trkpt>
      <trkpt lat="22.1982206295" lon="113.8516111107"><ele>52.000</ele></trkpt>
      <trkpt lat="22.1982233679" lon="113.8516116950"><ele>52.000</ele></trkpt>
      <trkpt lat="22.1982261071" lon="113.8516122822"><ele>52.000</ele></trkpt>
      <trkpt lat="22.1982288464" lon="113.8516128713"><ele>48.000</ele></trkpt>
      <trkpt lat="22.1982315857" lon="113.8516134623"><ele>50.000</ele></trkpt>
      <trkpt lat="22.1982343249" lon="113.8516140544"><ele>50.000</ele></trkpt>
      <trkpt lat="22.1982370642" lon="113.8516146454"><ele>50.000</ele></trkpt>
      <trkpt lat="22.1982398034" lon="113.8516152365"><ele>50.000</ele></trkpt>
      <trkpt lat="22.1982425427" lon="113.8516158256"><ele>50.000</ele></trkpt>
      <trkpt lat="22.1982452811" lon="113.8516164128"><ele>50.000</ele></trkpt>
      <trkpt lat="22.1982480185" lon="113.8516169980"><ele>50.000</ele></trkpt>
      <trkpt lat="22.1982507550" lon="113.8516175784"><ele>50.000</ele></trkpt>
      <trkpt lat="22.1982534916" lon="113.8516181549"><ele>50.000</ele></trkpt>
      <trkpt lat="22.1982562263" lon="113.8516187266"><ele>50.000</ele></trkpt>
      <trkpt lat="22.1982589610" lon="113.8516192915"><ele>50.000</ele></trkpt>
      <trkpt lat="22.1982616939" lon="113.8516198506"><ele>50.000</ele></trkpt>
      <trkpt lat="22.1982644258" lon="113.8516204029"><ele>50.000</ele></trkpt>
      <trkpt lat="22.1982671560" lon="113.8516209464"><ele>50.000</ele></trkpt>
      <trkpt lat="22.1982698843" lon="113.8516214822"><ele>50.000</ele></trkpt>
      <trkpt lat="22.1982726117" lon="113.8516220074"><ele>50.000</ele></trkpt>
      <trkpt lat="22.1982753363" lon="113.8516225228"><ele>50.000</ele></trkpt>
      <trkpt lat="22.1982780601" lon="113.8516230276"><ele>50.000</ele></trkpt>
      <trkpt lat="22.1982807811" lon="113.8516235208"><ele>50.000</ele></trkpt>
      <trkpt lat="22.1982835003" lon="113.8516240013"><ele>50.000</ele></trkpt>
      <trkpt lat="22.1982862176" lon="113.8516244693"><ele>50.000</ele></trkpt>
      <trkpt lat="22.1982889313" lon="113.8516249227"><ele>50.000</ele></trkpt>
      <trkpt lat="22.1982916441" lon="113.8516253625"><ele>50.000</ele></trkpt>
      <trkpt lat="22.1982943532" lon="113.8516257869"><ele>50.000</ele></trkpt>
      <trkpt lat="22.1982970596" lon="113.8516261947"><ele>50.000</ele></trkpt>
      <trkpt lat="22.1982997633" lon="113.8516265861"><ele>50.000</ele></trkpt>
      <trkpt lat="22.1983024642" lon="113.8516269600"><ele>50.000</ele></trkpt>
      <trkpt lat="22.1983051623" lon="113.8516273155"><ele>50.000</ele></trkpt>
      <trkpt lat="22.1983078568" lon="113.8516276526"><ele>50.000</ele></trkpt>
      <trkpt lat="22.1983105477" lon="113.8516279703"><ele>50.000</ele></trkpt>
      <trkpt lat="22.1983132349" lon="113.8516282667"><ele>50.000</ele></trkpt>
      <trkpt lat="22.1983159193" lon="113.8516285427"><ele>50.000</ele></trkpt>
      <trkpt lat="22.1983185992" lon="113.8516287974"><ele>50.000</ele></trkpt>
      <trkpt lat="22.1983212764" lon="113.8516290288"><ele>50.000</ele></trkpt>
      <trkpt lat="22.1983239489" lon="113.8516292370"><ele>50.000</ele></trkpt>
      <trkpt lat="22.1983266170" lon="113.8516294218"><ele>50.000</ele></trkpt>
      <trkpt lat="22.1983292813" lon="113.8516295815"><ele>50.000</ele></trkpt>
      <trkpt lat="22.1983319420" lon="113.8516297151"><ele>50.000</ele></trkpt>
      <trkpt lat="22.1983345972" lon="113.8516298234"><ele>50.000</ele></trkpt>
      <trkpt lat="22.1983372488" lon="113.8516299045"><ele>50.000</ele></trkpt>
      <trkpt lat="22.1983398949" lon="113.8516299586"><ele>50.000</ele></trkpt>
      <trkpt lat="22.1983425364" lon="113.8516299835"><ele>50.000</ele></trkpt>
      <trkpt lat="22.1983451733" lon="113.8516299794"><ele>50.000</ele></trkpt>
      <trkpt lat="22.1983478048" lon="113.8516299462"><ele>50.000</ele></trkpt>
      <trkpt lat="22.1983504316" lon="113.8516298819"><ele>50.000</ele></trkpt>
      <trkpt lat="22.1983530530" lon="113.8516297867"><ele>50.000</ele></trkpt>
      <trkpt lat="22.1983556690" lon="113.8516296594"><ele>50.000</ele></trkpt>
      <trkpt lat="22.1983582794" lon="113.8516294992"><ele>50.000</ele></trkpt>
      <trkpt lat="22.1983608843" lon="113.8516293061"><ele>50.000</ele></trkpt>
      <trkpt lat="22.1983634838" lon="113.8516290780"><ele>50.000</ele></trkpt>
      <trkpt lat="22.1983660769" lon="113.8516288160"><ele>50.000</ele></trkpt>
      <trkpt lat="22.1983686644" lon="113.8516285182"><ele>50.000</ele></trkpt>
      <trkpt lat="22.1983712456" lon="113.8516281835"><ele>50.000</ele></trkpt>
      <trkpt lat="22.1983738204" lon="113.8516278120"><ele>50.000</ele></trkpt>
      <trkpt lat="22.1983763888" lon="113.8516274026"><ele>50.000</ele></trkpt>
      <trkpt lat="22.1983789517" lon="113.8516269545"><ele>50.000</ele></trkpt>
      <trkpt lat="22.1983815073" lon="113.8516264676"><ele>50.000</ele></trkpt>
      <trkpt lat="22.1983840629" lon="113.8516259497"><ele>50.000</ele></trkpt>
      <trkpt lat="22.1983866201" lon="113.8516254047"><ele>50.000</ele></trkpt>
      <trkpt lat="22.1983891810" lon="113.8516248344"><ele>50.000</ele></trkpt>
      <trkpt lat="22.1983917445" lon="113.8516242369"><ele>50.000</ele></trkpt>
      <trkpt lat="22.1983943097" lon="113.8516236142"><ele>50.000</ele></trkpt>
      <trkpt lat="22.1983968777" lon="113.8516229664"><ele>50.000</ele></trkpt>
      <trkpt lat="22.1983994464" lon="113.8516222933"><ele>50.000</ele></trkpt>
      <trkpt lat="22.1984020170" lon="113.8516215949"><ele>50.000</ele></trkpt>
      <trkpt lat="22.1984045892" lon="113.8516208724"><ele>50.000</ele></trkpt>
      <trkpt lat="22.1984071615" lon="113.8516201246"><ele>50.000</ele></trkpt>
      <trkpt lat="22.1984097355" lon="113.8516193535"><ele>50.000</ele></trkpt>
      <trkpt lat="22.1984123094" lon="113.8516185582"><ele>50.000</ele></trkpt>
      <trkpt lat="22.1984148842" lon="113.8516177387"><ele>50.000</ele></trkpt>
      <trkpt lat="22.1984174590" lon="113.8516168958"><ele>50.000</ele></trkpt>
      <trkpt lat="22.1984200328" lon="113.8516160307"><ele>50.000</ele></trkpt>
      <trkpt lat="22.1984226074" lon="113.8516151423"><ele>50.000</ele></trkpt>
      <trkpt lat="22.1984251803" lon="113.8516142306"><ele>50.000</ele></trkpt>
      <trkpt lat="22.1984277530" lon="113.8516132967"><ele>50.000</ele></trkpt>
      <trkpt lat="22.1984303248" lon="113.8516123413"><ele>50.000</ele></trkpt>
      <trkpt lat="22.1984328948" lon="113.8516113637"><ele>52.000</ele></trkpt>
      <trkpt lat="22.1984354629" lon="113.8516103638"><ele>52.000</ele></trkpt>
      <trkpt lat="22.1984380292" lon="113.8516093436"><ele>52.000</ele></trkpt>
      <trkpt lat="22.1984405945" lon="113.8516083010"><ele>52.000</ele></trkpt>
      <trkpt lat="22.1984431562" lon="113.8516072390"><ele>52.000</ele></trkpt>
      <trkpt lat="22.1984457160" lon="113.8516061548"><ele>52.000</ele></trkpt>
      <trkpt lat="22.1984482731" lon="113.8516050511"><ele>52.000</ele></trkpt>
      <trkpt lat="22.1984508274" lon="113.8516039271"><ele>52.000</ele></trkpt>
      <trkpt lat="22.1984533781" lon="113.8516027837"><ele>52.000</ele></trkpt>
      <trkpt lat="22.1984559251" lon="113.8516016200"><ele>52.000</ele></trkpt>
      <trkpt lat="22.1984584694" lon="113.8516004368"><ele>52.000</ele></trkpt>
      <trkpt lat="22.1984610082" lon="113.8515992343"><ele>52.000</ele></trkpt>
      <trkpt lat="22.1984635443" lon="113.8515980134"><ele>52.000</ele></trkpt>
      <trkpt lat="22.1984660749" lon="113.8515967740"><ele>52.000</ele></trkpt>
      <trkpt lat="22.1984686018" lon="113.8515955162"><ele>52.000</ele></trkpt>
      <trkpt lat="22.1984711234" lon="113.8515942401"><ele>52.000</ele></trkpt>
      <trkpt lat="22.1984736394" lon="113.8515929464"><ele>52.000</ele></trkpt>
      <trkpt lat="22.1984761509" lon="113.8515916344"><ele>52.000</ele></trkpt>
      <trkpt lat="22.1984786561" lon="113.8515903059"><ele>52.000</ele></trkpt>
      <trkpt lat="22.1984811558" lon="113.8515889599"><ele>52.000</ele></trkpt>
      <trkpt lat="22.1984836491" lon="113.8515875965"><ele>52.000</ele></trkpt>
      <trkpt lat="22.1984861361" lon="113.8515862176"><ele>52.000</ele></trkpt>
      <trkpt lat="22.1984886167" lon="113.8515848213"><ele>52.000</ele></trkpt>
      <trkpt lat="22.1984910910" lon="113.8515834095"><ele>52.000</ele></trkpt>
      <trkpt lat="22.1984935580" lon="113.8515819811"><ele>52.000</ele></trkpt>
      <trkpt lat="22.1984960178" lon="113.8515805383"><ele>52.000</ele></trkpt>
      <trkpt lat="22.1984984694" lon="113.8515790790"><ele>52.000</ele></trkpt>
      <trkpt lat="22.1985009138" lon="113.8515776052"><ele>52.000</ele></trkpt>
      <trkpt lat="22.1985033509" lon="113.8515761168"><ele>52.000</ele></trkpt>
      <trkpt lat="22.1985057789" lon="113.8515746129"><ele>52.000</ele></trkpt>
      <trkpt lat="22.1985081988" lon="113.8515730955"><ele>52.000</ele></trkpt>
      <trkpt lat="22.1985106096" lon="113.8515715636"><ele>52.000</ele></trkpt>
      <trkpt lat="22.1985130123" lon="113.8515700181"><ele>52.000</ele></trkpt>
      <trkpt lat="22.1985154050" lon="113.8515684590"><ele>52.000</ele></trkpt>
      <trkpt lat="22.1985177886" lon="113.8515668864"><ele>52.000</ele></trkpt>
      <trkpt lat="22.1985201632" lon="113.8515653012"><ele>52.000</ele></trkpt>
      <trkpt lat="22.1985225279" lon="113.8515637025"><ele>52.000</ele></trkpt>
      <trkpt lat="22.1985248817" lon="113.8515620921"><ele>54.000</ele></trkpt>
      <trkpt lat="22.1985272255" lon="113.8515604692"><ele>54.000</ele></trkpt>
      <trkpt lat="22.1985295593" lon="113.8515588336"><ele>54.000</ele></trkpt>
      <trkpt lat="22.1985318814" lon="113.8515571865"><ele>54.000</ele></trkpt>
      <trkpt lat="22.1985341936" lon="113.8515555277"><ele>54.000</ele></trkpt>
      <trkpt lat="22.1985364930" lon="113.8515538574"><ele>54.000</ele></trkpt>
      <trkpt lat="22.1985387826" lon="113.8515521764"><ele>54.000</ele></trkpt>
      <trkpt lat="22.1985410594" lon="113.8515504847"><ele>54.000</ele></trkpt>
      <trkpt lat="22.1985433245" lon="113.8515487824"><ele>54.000</ele></trkpt>
      <trkpt lat="22.1985455769" lon="113.8515470695"><ele>54.000</ele></trkpt>
      <trkpt lat="22.1985478176" lon="113.8515453469"><ele>54.000</ele></trkpt>
      <trkpt lat="22.1985500456" lon="113.8515436137"><ele>54.000</ele></trkpt>
      <trkpt lat="22.1985522600" lon="113.8515418718"><ele>54.000</ele></trkpt>
      <trkpt lat="22.1985544618" lon="113.8515401202"><ele>54.000</ele></trkpt>
      <trkpt lat="22.1985566500" lon="113.8515383599"><ele>54.000</ele></trkpt>
      <trkpt lat="22.1985588247" lon="113.8515365909"><ele>54.000</ele></trkpt>
      <trkpt lat="22.1985609858" lon="113.8515348132"><ele>54.000</ele></trkpt>
      <trkpt lat="22.1985631324" lon="113.8515330268"><ele>54.000</ele></trkpt>
      <trkpt lat="22.1985652646" lon="113.8515312327"><ele>54.000</ele></trkpt>
      <trkpt lat="22.1985673822" lon="113.8515294309"><ele>54.000</ele></trkpt>
      <trkpt lat="22.1985694855" lon="113.8515276213"><ele>54.000</ele></trkpt>
      <trkpt lat="22.1985715733" lon="113.8515258050"><ele>54.000</ele></trkpt>
      <trkpt lat="22.1985736458" lon="113.8515239810"><ele>54.000</ele></trkpt>
      <trkpt lat="22.1985757030" lon="113.8515221512"><ele>54.000</ele></trkpt>
      <trkpt lat="22.1985777447" lon="113.8515203136"><ele>54.000</ele></trkpt>
      <trkpt lat="22.1985797702" lon="113.8515184703"><ele>54.000</ele></trkpt>
      <trkpt lat="22.1985817795" lon="113.8515166212"><ele>54.000</ele></trkpt>
      <trkpt lat="22.1985837778" lon="113.8515147615"><ele>57.000</ele></trkpt>
      <trkpt lat="22.1985857717" lon="113.8515128862"><ele>57.000</ele></trkpt>
      <trkpt lat="22.1985877600" lon="113.8515109965"><ele>57.000</ele></trkpt>
      <trkpt lat="22.1985897430" lon="113.8515090921"><ele>57.000</ele></trkpt>
      <trkpt lat="22.1985917205" lon="113.8515071743"><ele>57.000</ele></trkpt>
      <trkpt lat="22.1985936925" lon="113.8515052418"><ele>58.000</ele></trkpt>
      <trkpt lat="22.1985956582" lon="113.8515032959"><ele>58.000</ele></trkpt>
      <trkpt lat="22.1985976193" lon="113.8515013354"><ele>58.000</ele></trkpt>
      <trkpt lat="22.1985995732" lon="113.8514993613"><ele>58.000</ele></trkpt>
      <trkpt lat="22.1986015226" lon="113.8514973746"><ele>58.000</ele></trkpt>
      <trkpt lat="22.1986034647" lon="113.8514953744"><ele>58.000</ele></trkpt>
      <trkpt lat="22.1986054014" lon="113.8514933606"><ele>58.000</ele></trkpt>
      <trkpt lat="22.1986073326" lon="113.8514913342"><ele>58.000</ele></trkpt>
      <trkpt lat="22.1986092565" lon="113.8514892943"><ele>58.000</ele></trkpt>
      <trkpt lat="22.1986111751" lon="113.8514872427"><ele>58.000</ele></trkpt>
      <trkpt lat="22.1986130872" lon="113.8514851786"><ele>58.000</ele></trkpt>
      <trkpt lat="22.1986149931" lon="113.8514831018"><ele>58.000</ele></trkpt>
      <trkpt lat="22.1986168916" lon="113.8514810134"><ele>58.000</ele></trkpt>
      <trkpt lat="22.1986187848" lon="113.8514789134"><ele>58.000</ele></trkpt>
      <trkpt lat="22.1986206707" lon="113.8514768008"><ele>58.000</ele></trkpt>
      <trkpt lat="22.1986225502" lon="113.8514746776"><ele>58.000</ele></trkpt>
      <trkpt lat="22.1986244234" lon="113.8514725418"><ele>58.000</ele></trkpt>
      <trkpt lat="22.1986262894" lon="113.8514703953"><ele>58.000</ele></trkpt>
      <trkpt lat="22.1986281490" lon="113.8514682381"><ele>58.000</ele></trkpt>
      <trkpt lat="22.1986300013" lon="113.8514660694"><ele>60.000</ele></trkpt>
      <trkpt lat="22.1986318464" lon="113.8514638909"><ele>60.000</ele></trkpt>
      <trkpt lat="22.1986336852" lon="113.8514617009"><ele>60.000</ele></trkpt>
      <trkpt lat="22.1986355168" lon="113.8514595011"><ele>60.000</ele></trkpt>
      <trkpt lat="22.1986373410" lon="113.8514572908"><ele>60.000</ele></trkpt>
      <trkpt lat="22.1986391581" lon="113.8514550697"><ele>60.000</ele></trkpt>
      <trkpt lat="22.1986409670" lon="113.8514528400"><ele>60.000</ele></trkpt>
      <trkpt lat="22.1986427695" lon="113.8514505996"><ele>60.000</ele></trkpt>
      <trkpt lat="22.1986445648" lon="113.8514483504"><ele>60.000</ele></trkpt>
      <trkpt lat="22.1986463520" lon="113.8514460907"><ele>60.000</ele></trkpt>
      <trkpt lat="22.1986481319" lon="113.8514438232"><ele>60.000</ele></trkpt>
      <trkpt lat="22.1986499037" lon="113.8514415460"><ele>60.000</ele></trkpt>
      <trkpt lat="22.1986516682" lon="113.8514392601"><ele>60.000</ele></trkpt>
      <trkpt lat="22.1986534246" lon="113.8514369645"><ele>60.000</ele></trkpt>
      <trkpt lat="22.1986551737" lon="113.8514346612"><ele>60.000</ele></trkpt>
      <trkpt lat="22.1986569147" lon="113.8514323501"><ele>60.000</ele></trkpt>
      <trkpt lat="22.1986586476" lon="113.8514300294"><ele>60.000</ele></trkpt>
      <trkpt lat="22.1986603723" lon="113.8514277019"><ele>60.000</ele></trkpt>
      <trkpt lat="22.1986620889" lon="113.8514253657"><ele>60.000</ele></trkpt>
      <trkpt lat="22.1986637982" lon="113.8514230227"><ele>60.000</ele></trkpt>
      <trkpt lat="22.1986654985" lon="113.8514206710"><ele>60.000</ele></trkpt>
      <trkpt lat="22.1986671906" lon="113.8514183126"><ele>60.000</ele></trkpt>
      <trkpt lat="22.1986688737" lon="113.8514159473"><ele>62.000</ele></trkpt>
      <trkpt lat="22.1986705496" lon="113.8514135744"><ele>62.000</ele></trkpt>
      <trkpt lat="22.1986722164" lon="113.8514111946"><ele>62.000</ele></trkpt>
      <trkpt lat="22.1986738742" lon="113.8514088081"><ele>62.000</ele></trkpt>
      <trkpt lat="22.1986755238" lon="113.8514064158"><ele>62.000</ele></trkpt>
      <trkpt lat="22.1986771644" lon="113.8514040167"><ele>62.000</ele></trkpt>
      <trkpt lat="22.1986787959" lon="113.8514016119"><ele>62.000</ele></trkpt>
      <trkpt lat="22.1986804193" lon="113.8513992002"><ele>62.000</ele></trkpt>
      <trkpt lat="22.1986820337" lon="113.8513967828"><ele>62.000</ele></trkpt>
      <trkpt lat="22.1986836390" lon="113.8513943605"><ele>62.000</ele></trkpt>
      <trkpt lat="22.1986852353" lon="113.8513919315"><ele>62.000</ele></trkpt>
      <trkpt lat="22.1986868216" lon="113.8513894976"><ele>62.000</ele></trkpt>
      <trkpt lat="22.1986883998" lon="113.8513870589"><ele>62.000</ele></trkpt>
      <trkpt lat="22.1986899681" lon="113.8513846154"><ele>62.000</ele></trkpt>
      <trkpt lat="22.1986915273" lon="113.8513821661"><ele>62.000</ele></trkpt>
      <trkpt lat="22.1986930774" lon="113.8513797130"><ele>62.000</ele></trkpt>
      <trkpt lat="22.1986946177" lon="113.8513772550"><ele>62.000</ele></trkpt>
      <trkpt lat="22.1986961488" lon="113.8513747931"><ele>62.000</ele></trkpt>
      <trkpt lat="22.1986976701" lon="113.8513723264"><ele>62.000</ele></trkpt>
      <trkpt lat="22.1986991814" lon="113.8513698559"><ele>62.000</ele></trkpt>
      <trkpt lat="22.1987006828" lon="113.8513673825"><ele>63.000</ele></trkpt>
      <trkpt lat="22.1987021751" lon="113.8513649042"><ele>63.000</ele></trkpt>
      <trkpt lat="22.1987036575" lon="113.8513624231"><ele>63.000</ele></trkpt>
      <trkpt lat="22.1987051299" lon="113.8513599381"><ele>63.000</ele></trkpt>
      <trkpt lat="22.1987065915" lon="113.8513574502"><ele>63.000</ele></trkpt>
      <trkpt lat="22.1987080441" lon="113.8513549594"><ele>63.000</ele></trkpt>
      <trkpt lat="22.1987094858" lon="113.8513524658"><ele>63.000</ele></trkpt>
      <trkpt lat="22.1987109176" lon="113.8513499692"><ele>63.000</ele></trkpt>
      <trkpt lat="22.1987123394" lon="113.8513474708"><ele>63.000</ele></trkpt>
      <trkpt lat="22.1987137504" lon="113.8513449695"><ele>63.000</ele></trkpt>
      <trkpt lat="22.1987151506" lon="113.8513424662"><ele>63.000</ele></trkpt>
      <trkpt lat="22.1987165408" lon="113.8513399610"><ele>63.000</ele></trkpt>
      <trkpt lat="22.1987179211" lon="113.8513374539"><ele>63.000</ele></trkpt>
      <trkpt lat="22.1987192896" lon="113.8513349459"><ele>63.000</ele></trkpt>
      <trkpt lat="22.1987206483" lon="113.8513324360"><ele>63.000</ele></trkpt>
      <trkpt lat="22.1987219960" lon="113.8513299241"><ele>63.000</ele></trkpt>
      <trkpt lat="22.1987233329" lon="113.8513274113"><ele>63.000</ele></trkpt>
      <trkpt lat="22.1987246590" lon="113.8513248985"><ele>63.000</ele></trkpt>
      <trkpt lat="22.1987259743" lon="113.8513223838"><ele>63.000</ele></trkpt>
      <trkpt lat="22.1987272778" lon="113.8513198692"><ele>64.000</ele></trkpt>
      <trkpt lat="22.1987285705" lon="113.8513173536"><ele>62.000</ele></trkpt>
      <trkpt lat="22.1987298523" lon="113.8513148380"><ele>62.000</ele></trkpt>
      <trkpt lat="22.1987311224" lon="113.8513123224"><ele>62.000</ele></trkpt>
      <trkpt lat="22.1987323817" lon="113.8513098069"><ele>62.000</ele></trkpt>
      <trkpt lat="22.1987336301" lon="113.8513072914"><ele>62.000</ele></trkpt>
      <trkpt lat="22.1987348659" lon="113.8513047759"><ele>62.000</ele></trkpt>
      <trkpt lat="22.1987360908" lon="113.8513022614"><ele>62.000</ele></trkpt>
      <trkpt lat="22.1987373049" lon="113.8512997479"><ele>62.000</ele></trkpt>
      <trkpt lat="22.1987385064" lon="113.8512972344"><ele>62.000</ele></trkpt>
      <trkpt lat="22.1987396961" lon="113.8512947220"><ele>62.000</ele></trkpt>
      <trkpt lat="22.1987408605" lon="113.8512921659"><ele>62.000</ele></trkpt>
      <trkpt lat="22.1987419931" lon="113.8512895421"><ele>62.000</ele></trkpt>
      <trkpt lat="22.1987430912" lon="113.8512868533"><ele>62.000</ele></trkpt>
      <trkpt lat="22.1987441577" lon="113.8512841045"><ele>62.000</ele></trkpt>
      <trkpt lat="22.1987451897" lon="113.8512812976"><ele>62.000</ele></trkpt>
      <trkpt lat="22.1987461900" lon="113.8512784365"><ele>62.000</ele></trkpt>
      <trkpt lat="22.1987471559" lon="113.8512755240"><ele>62.000</ele></trkpt>
      <trkpt lat="22.1987480891" lon="113.8512725631"><ele>62.000</ele></trkpt>
      <trkpt lat="22.1987489889" lon="113.8512695587"><ele>64.000</ele></trkpt>
      <trkpt lat="22.1987498542" lon="113.8512665136"><ele>64.000</ele></trkpt>
      <trkpt lat="22.1987506870" lon="113.8512634308"><ele>64.000</ele></trkpt>
      <trkpt lat="22.1987514863" lon="113.8512603131"><ele>64.000</ele></trkpt>
      <trkpt lat="22.1987522522" lon="113.8512571645"><ele>64.000</ele></trkpt>
      <trkpt lat="22.1987529836" lon="113.8512539888"><ele>64.000</ele></trkpt>
      <trkpt lat="22.1987536816" lon="113.8512507880"><ele>64.000</ele></trkpt>
      <trkpt lat="22.1987543461" lon="113.8512475659"><ele>64.000</ele></trkpt>
      <trkpt lat="22.1987549763" lon="113.8512443274"><ele>64.000</ele></trkpt>
      <trkpt lat="22.1987555721" lon="113.8512410735"><ele>64.000</ele></trkpt>
      <trkpt lat="22.1987561345" lon="113.8512378090"><ele>64.000</ele></trkpt>
      <trkpt lat="22.1987566635" lon="113.8512345368"><ele>64.000</ele></trkpt>
      <trkpt lat="22.1987571573" lon="113.8512312598"><ele>64.000</ele></trkpt>
      <trkpt lat="22.1987576176" lon="113.8512279829"><ele>64.000</ele></trkpt>
      <trkpt lat="22.1987580427" lon="113.8512247071"><ele>64.000</ele></trkpt>
      <trkpt lat="22.1987584344" lon="113.8512214371"><ele>64.000</ele></trkpt>
      <trkpt lat="22.1987587909" lon="113.8512181770"><ele>64.000</ele></trkpt>
      <trkpt lat="22.1987591132" lon="113.8512149285"><ele>64.000</ele></trkpt>
      <trkpt lat="22.1987594011" lon="113.8512116957"><ele>64.000</ele></trkpt>
      <trkpt lat="22.1987596547" lon="113.8512084823"><ele>64.000</ele></trkpt>
      <trkpt lat="22.1987598732" lon="113.8512052913"><ele>64.000</ele></trkpt>
      <trkpt lat="22.1987600574" lon="113.8512021256"><ele>64.000</ele></trkpt>
      <trkpt lat="22.1987602065" lon="113.8511989891"><ele>64.000</ele></trkpt>
      <trkpt lat="22.1987603213" lon="113.8511958846"><ele>64.000</ele></trkpt>
      <trkpt lat="22.1987604001" lon="113.8511928161"><ele>64.000</ele></trkpt>
      <trkpt lat="22.1987604446" lon="113.8511897865"><ele>64.000</ele></trkpt>
      <trkpt lat="22.1987604539" lon="113.8511867996"><ele>64.000</ele></trkpt>
      <trkpt lat="22.1987604282" lon="113.8511838584"><ele>64.000</ele></trkpt>
      <trkpt lat="22.1987603673" lon="113.8511809658"><ele>64.000</ele></trkpt>
      <trkpt lat="22.1987602713" lon="113.8511781256"><ele>64.000</ele></trkpt>
      <trkpt lat="22.1987601402" lon="113.8511753408"><ele>64.000</ele></trkpt>
      <trkpt lat="22.1987599731" lon="113.8511726162"><ele>62.000</ele></trkpt>
      <trkpt lat="22.1987597709" lon="113.8511699527"><ele>62.000</ele></trkpt>
      <trkpt lat="22.1987595337" lon="113.8511673553"><ele>62.000</ele></trkpt>
      <trkpt lat="22.1987592604" lon="113.8511648268"><ele>62.000</ele></trkpt>
      <trkpt lat="22.1987589512" lon="113.8511623711"><ele>62.000</ele></trkpt>
      <trkpt lat="22.1987586068" lon="113.8511599902"><ele>62.000</ele></trkpt>
      <trkpt lat="22.1987582266" lon="113.8511576898"><ele>62.000</ele></trkpt>
      <trkpt lat="22.1987578103" lon="113.8511554710"><ele>62.000</ele></trkpt>
      <trkpt lat="22.1987573582" lon="113.8511533377"><ele>62.000</ele></trkpt>
      <trkpt lat="22.1987568700" lon="113.8511512936"><ele>62.000</ele></trkpt>
      <trkpt lat="22.1987563460" lon="113.8511493417"><ele>62.000</ele></trkpt>
      <trkpt lat="22.1987558196" lon="113.8511476080"><ele>62.000</ele></trkpt>
      <trkpt lat="22.1987920613" lon="113.8509576024"><ele>58.000</ele></trkpt>
      <trkpt lat="22.1987970615" lon="113.8509313876"><ele>60.000</ele></trkpt>
      <trkpt lat="22.1988330350" lon="113.8508659528"><ele>58.000</ele></trkpt>
      <trkpt lat="22.1988583275" lon="113.8508106960"><ele>58.000</ele></trkpt>
      <trkpt lat="22.1988682178" lon="113.8507619721"><ele>58.000</ele></trkpt>
      <trkpt lat="22.1988727782" lon="113.8507077910"><ele>58.000</ele></trkpt>
      <trkpt lat="22.1988831545" lon="113.8506537711"><ele>58.000</ele></trkpt>
      <trkpt lat="22.1989038586" lon="113.8506116262"><ele>58.000</ele></trkpt>
      <trkpt lat="22.1989549765" lon="113.8505868861"><ele>58.000</ele></trkpt>
      <trkpt lat="22.1990053910" lon="113.8505490849"><ele>58.000</ele></trkpt>
      <trkpt lat="22.1990519145" lon="113.8504983755"><ele>56.000</ele></trkpt>
      <trkpt lat="22.1990957312" lon="113.8504533745"><ele>56.000</ele></trkpt>
      <trkpt lat="22.1991352177" lon="113.8504151330"><ele>55.000</ele></trkpt>
      <trkpt lat="22.1991626968" lon="113.8503695588"><ele>54.000</ele></trkpt>
      <trkpt lat="22.1991538242" lon="113.8503195506"><ele>54.000</ele></trkpt>
      <trkpt lat="22.1991336447" lon="113.8502616436"><ele>54.000</ele></trkpt>
      <trkpt lat="22.1990878216" lon="113.8501040943"><ele>54.000</ele></trkpt>
      <trkpt lat="22.1990802334" lon="113.8500713710"><ele>54.000</ele></trkpt>
      <trkpt lat="22.1990749184" lon="113.8500374001"><ele>54.000</ele></trkpt>
      <trkpt lat="22.1990705081" lon="113.8499996849"><ele>54.000</ele></trkpt>
      <trkpt lat="22.1990679288" lon="113.8499654555"><ele>54.000</ele></trkpt>
      <trkpt lat="22.1990674307" lon="113.8499422204"><ele>54.000</ele></trkpt>
      <trkpt lat="22.1990685066" lon="113.8499154216"><ele>54.000</ele></trkpt>
      <trkpt lat="22.1990718464" lon="113.8498741769"><ele>54.000</ele></trkpt>
      <trkpt lat="22.1990770218" lon="113.8498381850"><ele>54.000</ele></trkpt>
      <trkpt lat="22.1991090446" lon="113.8496791377"><ele>54.000</ele></trkpt>
      <trkpt lat="22.1991103796" lon="113.8496603883"><ele>56.000</ele></trkpt>
      <trkpt lat="22.1991096481" lon="113.8496378994"><ele>56.000</ele></trkpt>
      <trkpt lat="22.1991073135" lon="113.8496081701"><ele>56.000</ele></trkpt>
      <trkpt lat="22.1991019901" lon="113.8495704560"><ele>56.000</ele></trkpt>
      <trkpt lat="22.1990946266" lon="113.8495372376"><ele>56.000</ele></trkpt>
      <trkpt lat="22.1990786146" lon="113.8494874932"><ele>56.000</ele></trkpt>
      <trkpt lat="22.1990671408" lon="113.8494540322"><ele>54.000</ele></trkpt>
      <trkpt lat="22.1990579792" lon="113.8494338224"><ele>54.000</ele></trkpt>
      <trkpt lat="22.1990396707" lon="113.8494011240"><ele>54.000</ele></trkpt>
      <trkpt lat="22.1990199967" lon="113.8493724328"><ele>52.000</ele></trkpt>
      <trkpt lat="22.1989966722" lon="113.8493422577"><ele>52.000</ele></trkpt>
      <trkpt lat="22.1989422073" lon="113.8492800917"><ele>48.000</ele></trkpt>
      <trkpt lat="22.1989325922" lon="113.8492638687"><ele>48.000</ele></trkpt>
      <trkpt lat="22.1989261724" lon="113.8492463882"><ele>48.000</ele></trkpt>
      <trkpt lat="22.1989224743" lon="113.8492216661"><ele>48.000</ele></trkpt>
      <trkpt lat="22.1989219464" lon="113.8491881798"><ele>48.000</ele></trkpt>
      <trkpt lat="22.1989230107" lon="113.8491466980"><ele>48.000</ele></trkpt>
      <trkpt lat="22.1989211217" lon="113.8491144658"><ele>48.000</ele></trkpt>
      <trkpt lat="22.1989174326" lon="113.8490942433"><ele>48.000</ele></trkpt>
      <trkpt lat="22.1989107778" lon="113.8490677146"><ele>48.000</ele></trkpt>
      <trkpt lat="22.1989036712" lon="113.8490459882"><ele>46.000</ele></trkpt>
      <trkpt lat="22.1988985974" lon="113.8490197662"><ele>46.000</ele></trkpt>
      <trkpt lat="22.1988969110" lon="113.8489760409"><ele>46.000</ele></trkpt>
      <trkpt lat="22.1989002414" lon="113.8489298108"><ele>46.000</ele></trkpt>
      <trkpt lat="22.1989022147" lon="113.8488913244"><ele>47.000</ele></trkpt>
      <trkpt lat="22.1988964588" lon="113.8488492572"><ele>47.000</ele></trkpt>
      <trkpt lat="22.1988856797" lon="113.8488200422"><ele>47.000</ele></trkpt>
      <trkpt lat="22.1988568413" lon="113.8487693871"><ele>46.000</ele></trkpt>
      <trkpt lat="22.1988533982" lon="113.8487596481"><ele>46.000</ele></trkpt>
      <trkpt lat="22.1988526807" lon="113.8487441618"><ele>46.000</ele></trkpt>
      <trkpt lat="22.1988526211" lon="113.8487141752"><ele>46.000</ele></trkpt>
      <trkpt lat="22.1988465021" lon="113.8486936190"><ele>48.000</ele></trkpt>
      <trkpt lat="22.1988355058" lon="113.8486686520"><ele>48.000</ele></trkpt>
      <trkpt lat="22.1988276991" lon="113.8486396823"><ele>48.000</ele></trkpt>
      <trkpt lat="22.1988139469" lon="113.8486094851"><ele>48.000</ele></trkpt>
      <trkpt lat="22.1987949590" lon="113.8485802882"><ele>48.000</ele></trkpt>
      <trkpt lat="22.1987750696" lon="113.8485563505"><ele>47.000</ele></trkpt>
      <trkpt lat="22.1987583785" lon="113.8485331530"><ele>46.000</ele></trkpt>
      <trkpt lat="22.1987478498" lon="113.8485161855"><ele>46.000</ele></trkpt>
      <trkpt lat="22.1987221203" lon="113.8484712070"><ele>46.000</ele></trkpt>
      <trkpt lat="22.1987056418" lon="113.8484415098"><ele>44.000</ele></trkpt>
      <trkpt lat="22.1986882296" lon="113.8484055705"><ele>44.000</ele></trkpt>
      <trkpt lat="22.1986486114" lon="113.8483209576"><ele>42.000</ele></trkpt>
      <trkpt lat="22.1986332773" lon="113.8482945074"><ele>42.000</ele></trkpt>
      <trkpt lat="22.1986109548" lon="113.8482507817"><ele>40.000</ele></trkpt>
      <trkpt lat="22.1985969717" lon="113.8482180822"><ele>40.000</ele></trkpt>
      <trkpt lat="22.1985676146" lon="113.8481341932"><ele>36.000</ele></trkpt>
      <trkpt lat="22.1985577419" lon="113.8481022308"><ele>36.000</ele></trkpt>
      <trkpt lat="22.1985531421" lon="113.8480827583"><ele>36.000</ele></trkpt>
      <trkpt lat="22.1985462586" lon="113.8480637749"><ele>34.000</ele></trkpt>
      <trkpt lat="22.1985305792" lon="113.8480362685"><ele>34.000</ele></trkpt>
      <trkpt lat="22.1985180015" lon="113.8480198013"><ele>34.000</ele></trkpt>
      <trkpt lat="22.1985024583" lon="113.8480060952"><ele>34.000</ele></trkpt>
      <trkpt lat="22.1984800845" lon="113.8479906584"><ele>33.000</ele></trkpt>
      <trkpt lat="22.1984515398" lon="113.8479742284"><ele>32.000</ele></trkpt>
      <trkpt lat="22.1984142477" lon="113.8479553741"><ele>32.000</ele></trkpt>
      <trkpt lat="22.1983909583" lon="113.8479426848"><ele>32.000</ele></trkpt>
      <trkpt lat="22.1983830886" lon="113.8479371183"><ele>32.000</ele></trkpt>
      <trkpt lat="22.1983786311" lon="113.8479339654"><ele>32.000</ele></trkpt>
      <trkpt lat="22.1983635500" lon="113.8479210049"><ele>32.000</ele></trkpt>
      <trkpt lat="22.1983457220" lon="113.8479028034"><ele>32.000</ele></trkpt>
      <trkpt lat="22.1983265208" lon="113.8478798631"><ele>32.000</ele></trkpt>
      <trkpt lat="22.1983063975" lon="113.8478524253"><ele>30.000</ele></trkpt>
      <trkpt lat="22.1982908467" lon="113.8478349653"><ele>30.000</ele></trkpt>
      <trkpt lat="22.1982754396" lon="113.8478211134"><ele>29.000</ele></trkpt>
      <trkpt lat="22.1982539669" lon="113.8478051713"><ele>28.000</ele></trkpt>
      <trkpt lat="22.1982391226" lon="113.8477932188"><ele>28.000</ele></trkpt>
      <trkpt lat="22.1982284272" lon="113.8477831864"><ele>28.000</ele></trkpt>
      <trkpt lat="22.1982646453" lon="113.8477755477"><ele>27.000</ele></trkpt>
      <trkpt lat="22.1983003354" lon="113.8477702763"><ele>28.000</ele></trkpt>
      <trkpt lat="22.1983469516" lon="113.8477689662"><ele>28.000</ele></trkpt>
      <trkpt lat="22.1984001314" lon="113.8477664470"><ele>28.000</ele></trkpt>
      <trkpt lat="22.1984423890" lon="113.8477667568"><ele>28.000</ele></trkpt>
      <trkpt lat="22.1984846424" lon="113.8477694522"><ele>30.000</ele></trkpt>
      <trkpt lat="22.1985182124" lon="113.8477741752"><ele>30.000</ele></trkpt>
      <trkpt lat="22.1985440826" lon="113.8477769078"><ele>30.000</ele></trkpt>
      <trkpt lat="22.1985666642" lon="113.8477740633"><ele>30.000</ele></trkpt>
      <trkpt lat="22.1985764817" lon="113.8477652632"><ele>30.000</ele></trkpt>
      <trkpt lat="22.1985873942" lon="113.8477576543"><ele>30.000</ele></trkpt>
      <trkpt lat="22.1985975874" lon="113.8477560401"><ele>30.000</ele></trkpt>
      <trkpt lat="22.1986096080" lon="113.8477564097"><ele>30.000</ele></trkpt>
      <trkpt lat="22.1986292937" lon="113.8477639483"><ele>30.000</ele></trkpt>
      <trkpt lat="22.1986486034" lon="113.8477690924"><ele>28.000</ele></trkpt>
      <trkpt lat="22.1986649972" lon="113.8477702470"><ele>28.000</ele></trkpt>
      <trkpt lat="22.1986853886" lon="113.8477650113"><ele>28.000</ele></trkpt>
      <trkpt lat="22.1987137926" lon="113.8477609594"><ele>28.000</ele></trkpt>
      <trkpt lat="22.1987545912" lon="113.8477632509"><ele>28.000</ele></trkpt>
      <trkpt lat="22.1988063661" lon="113.8477492046"><ele>30.000</ele></trkpt>
      <trkpt lat="22.1988551347" lon="113.8477311398"><ele>28.000</ele></trkpt>
      <trkpt lat="22.1988886255" lon="113.8477194829"><ele>28.000</ele></trkpt>
      <trkpt lat="22.1989093612" lon="113.8477058667"><ele>29.000</ele></trkpt>
      <trkpt lat="22.1989391812" lon="113.8476830555"><ele>26.000</ele></trkpt>
      <trkpt lat="22.1989573750" lon="113.8476718318"><ele>28.000</ele></trkpt>
      <trkpt lat="22.1989697448" lon="113.8476658196"><ele>28.000</ele></trkpt>
      <trkpt lat="22.1989875927" lon="113.8476625875"><ele>28.000</ele></trkpt>
      <trkpt lat="22.1990090660" lon="113.8476569517"><ele>28.000</ele></trkpt>
      <trkpt lat="22.1990330838" lon="113.8476453158"><ele>28.000</ele></trkpt>
      <trkpt lat="22.1990443982" lon="113.8476354464"><ele>30.000</ele></trkpt>
      <trkpt lat="22.1991003950" lon="113.8475830431"><ele>28.000</ele></trkpt>
      <trkpt lat="22.1991323898" lon="113.8475550279"><ele>29.000</ele></trkpt>
      <trkpt lat="22.1991694959" lon="113.8475309971"><ele>26.000</ele></trkpt>
      <trkpt lat="22.1991986136" lon="113.8475177599"><ele>27.000</ele></trkpt>
      <trkpt lat="22.1992248209" lon="113.8475081273"><ele>29.000</ele></trkpt>
      <trkpt lat="22.1992608624" lon="113.8474984620"><ele>29.000</ele></trkpt>
      <trkpt lat="22.1992918243" lon="113.8474861505"><ele>28.000</ele></trkpt>
      <trkpt lat="22.1993097487" lon="113.8474761105"><ele>28.000</ele></trkpt>
      <trkpt lat="22.1993212084" lon="113.8474711186"><ele>28.000</ele></trkpt>
      <trkpt lat="22.1993524924" lon="113.8474622587"><ele>28.000</ele></trkpt>
      <trkpt lat="22.1993860446" lon="113.8474581860"><ele>28.000</ele></trkpt>
      <trkpt lat="22.1994141091" lon="113.8474559773"><ele>29.000</ele></trkpt>
      <trkpt lat="22.1994328287" lon="113.8474550900"><ele>29.000</ele></trkpt>
      <trkpt lat="22.1994575779" lon="113.8474523363"><ele>28.000</ele></trkpt>
      <trkpt lat="22.1994735432" lon="113.8474514952"><ele>28.000</ele></trkpt>
      <trkpt lat="22.1994949963" lon="113.8474487977"><ele>28.000</ele></trkpt>
      <trkpt lat="22.1995164599" lon="113.8474472736"><ele>28.000</ele></trkpt>
      <trkpt lat="22.1995957595" lon="113.8474454410"><ele>26.000</ele></trkpt>
      <trkpt lat="22.1996342171" lon="113.8474377484"><ele>23.000</ele></trkpt>
      <trkpt lat="22.1996765306" lon="113.8474299982"><ele>23.000</ele></trkpt>
      <trkpt lat="22.1997018499" lon="113.8474278261"><ele>23.000</ele></trkpt>
      <trkpt lat="22.1997288662" lon="113.8474297705"><ele>23.000</ele></trkpt>
      <trkpt lat="22.1997421206" lon="113.8474325140"><ele>23.000</ele></trkpt>
      <trkpt lat="22.1997708941" lon="113.8474415248"><ele>26.000</ele></trkpt>
      <trkpt lat="22.1997819860" lon="113.8474466678"><ele>26.000</ele></trkpt>
      <trkpt lat="22.1998045946" lon="113.8474486816"><ele>24.000</ele></trkpt>
      <trkpt lat="22.1998326795" lon="113.8474476463"><ele>24.000</ele></trkpt>
      <trkpt lat="22.1998481063" lon="113.8474479982"><ele>24.000</ele></trkpt>
      <trkpt lat="22.1998706921" lon="113.8474476459"><ele>24.000</ele></trkpt>
      <trkpt lat="22.1998883325" lon="113.8474485454"><ele>24.000</ele></trkpt>
      <trkpt lat="22.1999076667" lon="113.8474523803"><ele>24.000</ele></trkpt>
      <trkpt lat="22.1999379881" lon="113.8474542782"><ele>24.000</ele></trkpt>
      <trkpt lat="22.1999550654" lon="113.8474540066"><ele>24.000</ele></trkpt>
      <trkpt lat="22.1999754294" lon="113.8474530960"><ele>24.000</ele></trkpt>
      <trkpt lat="22.2000122765" lon="113.8474483843"><ele>26.000</ele></trkpt>
      <trkpt lat="22.2000342375" lon="113.8474427182"><ele>26.000</ele></trkpt>
      <trkpt lat="22.2000605436" lon="113.8474328525"><ele>22.000</ele></trkpt>
      <trkpt lat="22.2000843482" lon="113.8474274439"><ele>22.000</ele></trkpt>
      <trkpt lat="22.2001140981" lon="113.8474414661"><ele>26.000</ele></trkpt>
      <trkpt lat="22.2001395779" lon="113.8474517065"><ele>24.000</ele></trkpt>
      <trkpt lat="22.2001556593" lon="113.8474591372"><ele>24.000</ele></trkpt>
      <trkpt lat="22.2001745454" lon="113.8474691408"><ele>24.000</ele></trkpt>
      <trkpt lat="22.2001896836" lon="113.8474790175"><ele>24.000</ele></trkpt>
      <trkpt lat="22.2002120034" lon="113.8474896144"><ele>24.000</ele></trkpt>
      <trkpt lat="22.2002428410" lon="113.8475056134"><ele>24.000</ele></trkpt>
      <trkpt lat="22.2003001441" lon="113.8475369612"><ele>26.000</ele></trkpt>
      <trkpt lat="22.2003177664" lon="113.8475472006"><ele>26.000</ele></trkpt>
      <trkpt lat="22.2003486040" lon="113.8475632083"><ele>28.000</ele></trkpt>
      <trkpt lat="22.2003826720" lon="113.8475824098"><ele>28.000</ele></trkpt>
      <trkpt lat="22.2004141024" lon="113.8476012973"><ele>28.000</ele></trkpt>
      <trkpt lat="22.2004396630" lon="113.8476202083"><ele>27.000</ele></trkpt>
      <trkpt lat="22.2005252937" lon="113.8476950937"><ele>28.000</ele></trkpt>
      <trkpt lat="22.2006099145" lon="113.8477569383"><ele>27.000</ele></trkpt>
      <trkpt lat="22.2006517057" lon="113.8477856265"><ele>26.000</ele></trkpt>
      <trkpt lat="22.2006854886" lon="113.8478067682"><ele>26.000</ele></trkpt>
      <trkpt lat="22.2007178034" lon="113.8478298335"><ele>26.000</ele></trkpt>
      <trkpt lat="22.2007392492" lon="113.8478458535"><ele>26.000</ele></trkpt>
      <trkpt lat="22.2007551338" lon="113.8478631773"><ele>26.000</ele></trkpt>
      <trkpt lat="22.2007757151" lon="113.8478898096"><ele>26.000</ele></trkpt>
      <trkpt lat="22.2007877932" lon="113.8479142118"><ele>26.000</ele></trkpt>
      <trkpt lat="22.2007995864" lon="113.8479402149"><ele>24.000</ele></trkpt>
      <trkpt lat="22.2008113538" lon="113.8479578673"><ele>24.000</ele></trkpt>
      <trkpt lat="22.2008235165" lon="113.8479749961"><ele>26.000</ele></trkpt>
      <trkpt lat="22.2008411578" lon="113.8479942447"><ele>26.000</ele></trkpt>
      <trkpt lat="22.2008784828" lon="113.8480253387"><ele>26.000</ele></trkpt>
      <trkpt lat="22.2009049095" lon="113.8480394174"><ele>26.000</ele></trkpt>
      <trkpt lat="22.2009251771" lon="113.8480493317"><ele>26.000</ele></trkpt>
      <trkpt lat="22.2009363399" lon="113.8480583051"><ele>26.000</ele></trkpt>
      <trkpt lat="22.2009507577" lon="113.8480782022"><ele>26.000</ele></trkpt>
      <trkpt lat="22.2009669693" lon="113.8481148053"><ele>26.000</ele></trkpt>
      <trkpt lat="22.2009828689" lon="113.8481440184"><ele>26.000</ele></trkpt>
      <trkpt lat="22.2009913973" lon="113.8481542888"><ele>26.000</ele></trkpt>
      <trkpt lat="22.2010704510" lon="113.8481787205"><ele>24.000</ele></trkpt>
      <trkpt lat="22.2010957070" lon="113.8481899120"><ele>24.000</ele></trkpt>
      <trkpt lat="22.2011118650" lon="113.8481995149"><ele>24.000</ele></trkpt>
      <trkpt lat="22.2011791666" lon="113.8482581796"><ele>22.000</ele></trkpt>
      <trkpt lat="22.2011909103" lon="113.8482645829"><ele>24.000</ele></trkpt>
      <trkpt lat="22.2011934134" lon="113.8482649349"><ele>24.000</ele></trkpt>
      <trkpt lat="22.2012044068" lon="113.8482664813"><ele>24.000</ele></trkpt>
      <trkpt lat="22.2012150164" lon="113.8482698518"><ele>22.000</ele></trkpt>
      <trkpt lat="22.2012317569" lon="113.8482772122"><ele>22.000</ele></trkpt>
      <trkpt lat="22.2012496856" lon="113.8482916317"><ele>22.000</ele></trkpt>
      <trkpt lat="22.2012676091" lon="113.8483079801"><ele>21.000</ele></trkpt>
      <trkpt lat="22.2012869984" lon="113.8483207951"><ele>22.000</ele></trkpt>
      <trkpt lat="22.2013040278" lon="113.8483281461"><ele>20.000</ele></trkpt>
      <trkpt lat="22.2013213520" lon="113.8483338963"><ele>20.000</ele></trkpt>
      <trkpt lat="22.2013504085" lon="113.8483399295"><ele>20.000</ele></trkpt>
      <trkpt lat="22.2013799332" lon="113.8483453013"><ele>20.000</ele></trkpt>
      <trkpt lat="22.2013916817" lon="113.8483536344"><ele>19.000</ele></trkpt>
      <trkpt lat="22.2014087415" lon="113.8483715956"><ele>20.000</ele></trkpt>
      <trkpt lat="22.2014252131" lon="113.8483934169"><ele>20.000</ele></trkpt>
      <trkpt lat="22.2014645255" lon="113.8484562200"><ele>18.000</ele></trkpt>
      <trkpt lat="22.2014954414" lon="113.8485111197"><ele>15.000</ele></trkpt>
      <trkpt lat="22.2015069203" lon="113.8485290930"><ele>15.000</ele></trkpt>
      <trkpt lat="22.2015210330" lon="113.8485454513"><ele>15.000</ele></trkpt>
      <trkpt lat="22.2015345454" lon="113.8485557101"><ele>14.000</ele></trkpt>
      <trkpt lat="22.2015524685" lon="113.8485669188"><ele>14.000</ele></trkpt>
      <trkpt lat="22.2015738945" lon="113.8485736186"><ele>12.000</ele></trkpt>
      <trkpt lat="22.2015959090" lon="113.8485761383"><ele>12.000</ele></trkpt>
      <trkpt lat="22.2016023511" lon="113.8485768758"><ele>12.000</ele></trkpt>
      <trkpt lat="22.2016730916" lon="113.8486490197"><ele>10.000</ele></trkpt>
      <trkpt lat="22.2018225785" lon="113.8487578700"><ele>4.000</ele></trkpt>
      <trkpt lat="22.2018469513" lon="113.8487756173"><ele>4.000</ele></trkpt>
      <trkpt lat="22.2019457543" lon="113.8488558306"><ele>4.000</ele></trkpt>
      <trkpt lat="22.2020792044" lon="113.8489865250"><ele>6.000</ele></trkpt>
      <trkpt lat="22.2020880685" lon="113.8489952061"><ele>6.000</ele></trkpt>
      <trkpt lat="22.2020355965" lon="113.8491807953"><ele>10.000</ele></trkpt>
      <trkpt lat="22.2019940427" lon="113.8493277667"><ele>11.000</ele></trkpt>
      <trkpt lat="22.2020142460" lon="113.8493255185"><ele>11.000</ele></trkpt>
      <trkpt lat="22.2020327079" lon="113.8493235565"><ele>13.000</ele></trkpt>
      <trkpt lat="22.2020624736" lon="113.8493145315"><ele>13.000</ele></trkpt>
      <trkpt lat="22.2020892623" lon="113.8493061536"><ele>14.000</ele></trkpt>
      <trkpt lat="22.2021333536" lon="113.8493111688"><ele>12.000</ele></trkpt>
      <trkpt lat="22.2021804273" lon="113.8493187363"><ele>12.000</ele></trkpt>
      <trkpt lat="22.2022173790" lon="113.8493282456"><ele>12.000</ele></trkpt>
      <trkpt lat="22.2022698258" lon="113.8493415573"><ele>11.000</ele></trkpt>
      <trkpt lat="22.2023049491" lon="113.8493306017"><ele>9.000</ele></trkpt>
      <trkpt lat="22.2023329186" lon="113.8493171025"><ele>9.000</ele></trkpt>
      <trkpt lat="22.2023662265" lon="113.8492920777"><ele>6.000</ele></trkpt>
      <trkpt lat="22.2023894084" lon="113.8492670763"><ele>9.000</ele></trkpt>
      <trkpt lat="22.2024382268" lon="113.8492535287"><ele>10.000</ele></trkpt>
      <trkpt lat="22.2024769116" lon="113.8492361672"><ele>9.000</ele></trkpt>
      <trkpt lat="22.2025233490" lon="113.8492232661"><ele>10.000</ele></trkpt>
      <trkpt lat="22.2025614532" lon="113.8492135817"><ele>13.000</ele></trkpt>
      <trkpt lat="22.2025894433" lon="113.8492103194"><ele>13.000</ele></trkpt>
      <trkpt lat="22.2026097194" lon="113.8492217866"><ele>14.000</ele></trkpt>
      <trkpt lat="22.2026180861" lon="113.8492352006"><ele>13.000</ele></trkpt>
      <trkpt lat="22.2026360224" lon="113.8492677833"><ele>13.000</ele></trkpt>
      <trkpt lat="22.2026521483" lon="113.8492888561"><ele>8.000</ele></trkpt>
      <trkpt lat="22.2026628832" lon="113.8492952279"><ele>8.000</ele></trkpt>
      <trkpt lat="22.2026837308" lon="113.8492945394"><ele>8.000</ele></trkpt>
      <trkpt lat="22.2027325737" lon="113.8492931470"><ele>8.000</ele></trkpt>
      <trkpt lat="22.2027951203" lon="113.8492930019"><ele>8.000</ele></trkpt>
      <trkpt lat="22.2028475234" lon="113.8492845644"><ele>8.000</ele></trkpt>
      <trkpt lat="22.2029094521" lon="113.8492735456"><ele>6.000</ele></trkpt>
      <trkpt lat="22.2029190769" lon="113.8492739558"><ele>6.000</ele></trkpt>
      <trkpt lat="22.2029834634" lon="113.8492883328"><ele>6.000</ele></trkpt>
      <trkpt lat="22.2030433409" lon="113.8493027213"><ele>6.000</ele></trkpt>
      <trkpt lat="22.2031318745" lon="113.8492991827"><ele>6.000</ele></trkpt>
      <trkpt lat="22.2031803081" lon="113.8492922848"><ele>6.000</ele></trkpt>
      <trkpt lat="22.2032070846" lon="113.8493402280"><ele>6.000</ele></trkpt>
      <trkpt lat="22.2032331653" lon="113.8493906855"><ele>6.000</ele></trkpt>
      <trkpt lat="22.2032549360" lon="113.8494367871"><ele>6.000</ele></trkpt>
    </trkseg>
  </trk>
</gpx>
