<?xml version="1.0" encoding="UTF-8"?>
<gpx xmlns:xsi="http://www.w3.org/2001/XMLSchema-instance"
     xsi:schemaLocation="http://www.topografix.com/GPX/1/1 http://www.topografix.com/GPX/1/1/gpx.xsd"
     version="1.1" creator="json3d_batch_to_gpx"
     xmlns="http://www.topografix.com/GPX/1/1">
  <metadata>
    <name>LukWuCountryTrail</name>
  </metadata>
  <trk>
    <name>LukWuCountryTrail</name>
    <type>hike</type>
    <trkseg>
      <trkpt lat="22.3955619497" lon="114.3596579853"><ele>140.000</ele></trkpt>
      <trkpt lat="22.3955969162" lon="114.3596686600"><ele>142.000</ele></trkpt>
      <trkpt lat="22.3956088327" lon="114.3596728329"><ele>142.000</ele></trkpt>
      <trkpt lat="22.3956152704" lon="114.3596776921"><ele>142.000</ele></trkpt>
      <trkpt lat="22.3956284536" lon="114.3597019621"><ele>144.000</ele></trkpt>
      <trkpt lat="22.3956429305" lon="114.3597210374"><ele>144.000</ele></trkpt>
      <trkpt lat="22.3956596615" lon="114.3597408080"><ele>142.000</ele></trkpt>
      <trkpt lat="22.3956751062" lon="114.3597584987"><ele>142.000</ele></trkpt>
      <trkpt lat="22.3956947420" lon="114.3597744625"><ele>144.000</ele></trkpt>
      <trkpt lat="22.3957156645" lon="114.3597914670"><ele>145.000</ele></trkpt>
      <trkpt lat="22.3957456046" lon="114.3598126417"><ele>146.000</ele></trkpt>
      <trkpt lat="22.3957826306" lon="114.3598348638"><ele>151.000</ele></trkpt>
      <trkpt lat="22.3958283509" lon="114.3598612556"><ele>154.000</ele></trkpt>
      <trkpt lat="22.3958740729" lon="114.3598869551"><ele>159.000</ele></trkpt>
      <trkpt lat="22.3959168497" lon="114.3599105734"><ele>165.000</ele></trkpt>
      <trkpt lat="22.3959552883" lon="114.3599325867"><ele>164.000</ele></trkpt>
      <trkpt lat="22.3959899838" lon="114.3599545951"><ele>164.000</ele></trkpt>
      <trkpt lat="22.3960120936" lon="114.3599685344"><ele>166.000</ele></trkpt>
      <trkpt lat="22.3960406688" lon="114.3599835796"><ele>166.000</ele></trkpt>
      <trkpt lat="22.3960611617" lon="114.3599938858"><ele>166.000</ele></trkpt>
      <trkpt lat="22.3960655000" lon="114.3599946693"><ele>166.000</ele></trkpt>
      <trkpt lat="22.3960744151" lon="114.3599968845"><ele>166.000</ele></trkpt>
      <trkpt lat="22.3960867088" lon="114.3599980427"><ele>166.000</ele></trkpt>
      <trkpt lat="22.3961056977" lon="114.3599967643"><ele>166.000</ele></trkpt>
      <trkpt lat="22.3961287274" lon="114.3599941870"><ele>166.000</ele></trkpt>
      <trkpt lat="22.3961562034" lon="114.3599903132"><ele>166.000</ele></trkpt>
      <trkpt lat="22.3961857713" lon="114.3599845038"><ele>164.000</ele></trkpt>
      <trkpt lat="22.3962216192" lon="114.3599768430"><ele>164.000</ele></trkpt>
      <trkpt lat="22.3962467126" lon="114.3599717366"><ele>162.000</ele></trkpt>
      <trkpt lat="22.3962670250" lon="114.3599691936"><ele>162.000</ele></trkpt>
      <trkpt lat="22.3963016762" lon="114.3599641008"><ele>164.000</ele></trkpt>
      <trkpt lat="22.3963405085" lon="114.3599590124"><ele>164.000</ele></trkpt>
      <trkpt lat="22.3963667936" lon="114.3599564773"><ele>164.000</ele></trkpt>
      <trkpt lat="22.3964050223" lon="114.3599565273"><ele>164.000</ele></trkpt>
      <trkpt lat="22.3964426562" lon="114.3599546499"><ele>164.000</ele></trkpt>
      <trkpt lat="22.3964659543" lon="114.3599527527"><ele>162.000</ele></trkpt>
      <trkpt lat="22.3964826876" lon="114.3599457087"><ele>162.000</ele></trkpt>
      <trkpt lat="22.3965030131" lon="114.3599316035"><ele>162.000</ele></trkpt>
      <trkpt lat="22.3965227408" lon="114.3599174974"><ele>166.000</ele></trkpt>
      <trkpt lat="22.3965430633" lon="114.3599053189"><ele>166.000</ele></trkpt>
      <trkpt lat="22.3965597944" lon="114.3599002026"><ele>166.000</ele></trkpt>
      <trkpt lat="22.3965771175" lon="114.3599002253"><ele>166.000</ele></trkpt>
      <trkpt lat="22.3965950352" lon="114.3599015326"><ele>166.000</ele></trkpt>
      <trkpt lat="22.3966099645" lon="114.3599054065"><ele>166.000</ele></trkpt>
      <trkpt lat="22.3966266884" lon="114.3599067132"><ele>166.000</ele></trkpt>
      <trkpt lat="22.3966380414" lon="114.3599028737"><ele>165.000</ele></trkpt>
      <trkpt lat="22.3966488034" lon="114.3598945370"><ele>165.000</ele></trkpt>
      <trkpt lat="22.3966601658" lon="114.3598823477"><ele>165.000</ele></trkpt>
      <trkpt lat="22.3966745258" lon="114.3598618106"><ele>168.000</ele></trkpt>
      <trkpt lat="22.3966864968" lon="114.3598393437"><ele>167.000</ele></trkpt>
      <trkpt lat="22.3967002553" lon="114.3598220173"><ele>170.000</ele></trkpt>
      <trkpt lat="22.3967098263" lon="114.3598104676"><ele>170.000</ele></trkpt>
      <trkpt lat="22.3967235752" lon="114.3598008500"><ele>169.000</ele></trkpt>
      <trkpt lat="22.3967361238" lon="114.3597970130"><ele>169.000</ele></trkpt>
      <trkpt lat="22.3967498640" lon="114.3597951033"><ele>169.000</ele></trkpt>
      <trkpt lat="22.3967677819" lon="114.3597970544"><ele>168.000</ele></trkpt>
      <trkpt lat="22.3968018229" lon="114.3598028801"><ele>168.000</ele></trkpt>
      <trkpt lat="22.3968328804" lon="114.3598061323"><ele>167.000</ele></trkpt>
      <trkpt lat="22.3968543839" lon="114.3598068023"><ele>167.000</ele></trkpt>
      <trkpt lat="22.3968645409" lon="114.3598048889"><ele>167.000</ele></trkpt>
      <trkpt lat="22.3968782920" lon="114.3597933446"><ele>167.000</ele></trkpt>
      <trkpt lat="22.3968908537" lon="114.3597779444"><ele>168.000</ele></trkpt>
      <trkpt lat="22.3969093982" lon="114.3597535583"><ele>168.000</ele></trkpt>
      <trkpt lat="22.3969201695" lon="114.3597362290"><ele>168.000</ele></trkpt>
      <trkpt lat="22.3969297579" lon="114.3597092625"><ele>169.000</ele></trkpt>
      <trkpt lat="22.3969381397" lon="114.3596919291"><ele>169.000</ele></trkpt>
      <trkpt lat="22.3969459173" lon="114.3596810189"><ele>172.000</ele></trkpt>
      <trkpt lat="22.3969572748" lon="114.3596739678"><ele>172.000</ele></trkpt>
      <trkpt lat="22.3969722112" lon="114.3596707758"><ele>172.000</ele></trkpt>
      <trkpt lat="22.3969955086" lon="114.3596695215"><ele>172.000</ele></trkpt>
      <trkpt lat="22.3970235826" lon="114.3596702011"><ele>172.000</ele></trkpt>
      <trkpt lat="22.3970528513" lon="114.3596702393"><ele>172.000</ele></trkpt>
      <trkpt lat="22.3970767479" lon="114.3596677010"><ele>172.000</ele></trkpt>
      <trkpt lat="22.3970994496" lon="114.3596645181"><ele>174.000</ele></trkpt>
      <trkpt lat="22.3971102029" lon="114.3596638903"><ele>174.000</ele></trkpt>
      <trkpt lat="22.3971215493" lon="114.3596658318"><ele>174.000</ele></trkpt>
      <trkpt lat="22.3971388623" lon="114.3596748481"><ele>174.000</ele></trkpt>
      <trkpt lat="22.3971585631" lon="114.3596845095"><ele>174.000</ele></trkpt>
      <trkpt lat="22.3971752758" lon="114.3596948088"><ele>173.000</ele></trkpt>
      <trkpt lat="22.3971896112" lon="114.3596961124"><ele>173.000</ele></trkpt>
      <trkpt lat="22.3972111167" lon="114.3596942138"><ele>173.000</ele></trkpt>
      <trkpt lat="22.3972344169" lon="114.3596903898"><ele>172.000</ele></trkpt>
      <trkpt lat="22.3972708626" lon="114.3596827286"><ele>174.000</ele></trkpt>
      <trkpt lat="22.3973025318" lon="114.3596737774"><ele>174.000</ele></trkpt>
      <trkpt lat="22.3973443563" lon="114.3596635536"><ele>172.000</ele></trkpt>
      <trkpt lat="22.3973820004" lon="114.3596526834"><ele>172.000</ele></trkpt>
      <trkpt lat="22.3974094882" lon="114.3596430837"><ele>171.000</ele></trkpt>
      <trkpt lat="22.3974292094" lon="114.3596347587"><ele>173.000</ele></trkpt>
      <trkpt lat="22.3974447523" lon="114.3596238586"><ele>172.000</ele></trkpt>
      <trkpt lat="22.3974567074" lon="114.3596161654"><ele>172.000</ele></trkpt>
      <trkpt lat="22.3974716469" lon="114.3596110467"><ele>172.000</ele></trkpt>
      <trkpt lat="22.3974835933" lon="114.3596110623"><ele>172.000</ele></trkpt>
      <trkpt lat="22.3974985217" lon="114.3596149362"><ele>172.000</ele></trkpt>
      <trkpt lat="22.3975182227" lon="114.3596252395"><ele>172.000</ele></trkpt>
      <trkpt lat="22.3975433001" lon="114.3596342650"><ele>172.000</ele></trkpt>
      <trkpt lat="22.3975647969" lon="114.3596400743"><ele>170.000</ele></trkpt>
      <trkpt lat="22.3975898809" lon="114.3596439615"><ele>170.000</ele></trkpt>
      <trkpt lat="22.3976095904" lon="114.3596459150"><ele>170.000</ele></trkpt>
      <trkpt lat="22.3976275120" lon="114.3596446536"><ele>170.000</ele></trkpt>
      <trkpt lat="22.3976484206" lon="114.3596427532"><ele>170.000</ele></trkpt>
      <trkpt lat="22.3976693328" lon="114.3596376423"><ele>172.000</ele></trkpt>
      <trkpt lat="22.3976866637" lon="114.3596299561"><ele>172.000</ele></trkpt>
      <trkpt lat="22.3977010083" lon="114.3596222669"><ele>172.000</ele></trkpt>
      <trkpt lat="22.3977153529" lon="114.3596145768"><ele>170.000</ele></trkpt>
      <trkpt lat="22.3977267074" lon="114.3596100953"><ele>170.000</ele></trkpt>
      <trkpt lat="22.3977440311" lon="114.3596088331"><ele>170.000</ele></trkpt>
      <trkpt lat="22.3977667272" lon="114.3596114324"><ele>170.000</ele></trkpt>
      <trkpt lat="22.3978067433" lon="114.3596159811"><ele>170.000</ele></trkpt>
      <trkpt lat="22.3978443714" lon="114.3596192418"><ele>170.000</ele></trkpt>
      <trkpt lat="22.3978451757" lon="114.3596139434"><ele>170.000</ele></trkpt>
      <trkpt lat="22.3978479112" lon="114.3595978494"><ele>170.000</ele></trkpt>
      <trkpt lat="22.3978502606" lon="114.3595884907"><ele>170.000</ele></trkpt>
      <trkpt lat="22.3978544326" lon="114.3595806202"><ele>170.000</ele></trkpt>
      <trkpt lat="22.3978655178" lon="114.3595683595"><ele>170.000</ele></trkpt>
      <trkpt lat="22.3978655640" lon="114.3595594737"><ele>170.000</ele></trkpt>
      <trkpt lat="22.3978647195" lon="114.3595476247"><ele>170.000</ele></trkpt>
      <trkpt lat="22.3978506773" lon="114.3595154520"><ele>170.000</ele></trkpt>
      <trkpt lat="22.3978502623" lon="114.3595070608"><ele>170.000</ele></trkpt>
      <trkpt lat="22.3978549179" lon="114.3594947529"><ele>170.000</ele></trkpt>
      <trkpt lat="22.3978623379" lon="114.3594814774"><ele>168.000</ele></trkpt>
      <trkpt lat="22.3978757613" lon="114.3594618294"><ele>168.000</ele></trkpt>
      <trkpt lat="22.3978933921" lon="114.3594269012"><ele>168.000</ele></trkpt>
      <trkpt lat="22.3979124040" lon="114.3593924895"><ele>166.000</ele></trkpt>
      <trkpt lat="22.3979212529" lon="114.3593693492"><ele>166.000</ele></trkpt>
      <trkpt lat="22.3979296734" lon="114.3593417701"><ele>166.000</ele></trkpt>
      <trkpt lat="22.3979334528" lon="114.3593215657"><ele>166.000</ele></trkpt>
      <trkpt lat="22.3979362747" lon="114.3593097409"><ele>166.000</ele></trkpt>
      <trkpt lat="22.3979437059" lon="114.3592944843"><ele>164.000</ele></trkpt>
      <trkpt lat="22.3979626738" lon="114.3592669773"><ele>164.000</ele></trkpt>
      <trkpt lat="22.3979825961" lon="114.3592340429"><ele>164.000</ele></trkpt>
      <trkpt lat="22.3979993148" lon="114.3591991231"><ele>162.000</ele></trkpt>
      <trkpt lat="22.3980257364" lon="114.3591524167"><ele>160.000</ele></trkpt>
      <trkpt lat="22.3980295019" lon="114.3591366406"><ele>160.000</ele></trkpt>
      <trkpt lat="22.3980301554" lon="114.3591016125"><ele>160.000</ele></trkpt>
      <trkpt lat="22.3980469078" lon="114.3590607591"><ele>160.000</ele></trkpt>
      <trkpt lat="22.3980585098" lon="114.3590386323"><ele>160.000</ele></trkpt>
      <trkpt lat="22.3980839434" lon="114.3590032674"><ele>160.000</ele></trkpt>
      <trkpt lat="22.3980990092" lon="114.3590166985"><ele>160.000</ele></trkpt>
      <trkpt lat="22.3981058774" lon="114.3590201938"><ele>160.000</ele></trkpt>
      <trkpt lat="22.3981187159" lon="114.3590227452"><ele>160.000</ele></trkpt>
      <trkpt lat="22.3981361423" lon="114.3590248365"><ele>160.000</ele></trkpt>
      <trkpt lat="22.3981572576" lon="114.3590230091"><ele>160.000</ele></trkpt>
      <trkpt lat="22.3981880298" lon="114.3590182809"><ele>160.000</ele></trkpt>
      <trkpt lat="22.3981999680" lon="114.3590183644"><ele>160.000</ele></trkpt>
      <trkpt lat="22.3982132580" lon="114.3590209164"><ele>158.000</ele></trkpt>
      <trkpt lat="22.3982274809" lon="114.3590210127"><ele>158.000</ele></trkpt>
      <trkpt lat="22.3982458509" lon="114.3590191623"><ele>158.000</ele></trkpt>
      <trkpt lat="22.3982564300" lon="114.3590152818"><ele>158.000</ele></trkpt>
      <trkpt lat="22.3982826597" lon="114.3590026329"><ele>158.000</ele></trkpt>
      <trkpt lat="22.3982969051" lon="114.3589987766"><ele>158.000</ele></trkpt>
      <trkpt lat="22.3983230797" lon="114.3589950038"><ele>157.000</ele></trkpt>
      <trkpt lat="22.3983373245" lon="114.3589916428"><ele>157.000</ele></trkpt>
      <trkpt lat="22.3983492970" lon="114.3589853072"><ele>156.000</ele></trkpt>
      <trkpt lat="22.3983690159" lon="114.3589725721"><ele>156.000</ele></trkpt>
      <trkpt lat="22.3983820112" lon="114.3589641692"><ele>156.000</ele></trkpt>
      <trkpt lat="22.3983957763" lon="114.3589537862"><ele>156.000</ele></trkpt>
      <trkpt lat="22.3984081518" lon="114.3589424109"><ele>156.000</ele></trkpt>
      <trkpt lat="22.3984237387" lon="114.3589260966"><ele>156.000</ele></trkpt>
      <trkpt lat="22.3984430079" lon="114.3589117488"><ele>156.000</ele></trkpt>
      <trkpt lat="22.3984608925" lon="114.3588998756"><ele>156.000</ele></trkpt>
      <trkpt lat="22.3984755754" lon="114.3588924558"><ele>156.000</ele></trkpt>
      <trkpt lat="22.3984916304" lon="114.3588855136"><ele>156.000</ele></trkpt>
      <trkpt lat="22.3985109064" lon="114.3588810423"><ele>156.000</ele></trkpt>
      <trkpt lat="22.3985338465" lon="114.3588706421"><ele>156.000</ele></trkpt>
      <trkpt lat="22.3985622866" lon="114.3588518487"><ele>157.000</ele></trkpt>
      <trkpt lat="22.3985838483" lon="114.3588384847"><ele>156.000</ele></trkpt>
      <trkpt lat="22.3985971473" lon="114.3588330345"><ele>156.000</ele></trkpt>
      <trkpt lat="22.3986113799" lon="114.3588325189"><ele>156.000</ele></trkpt>
      <trkpt lat="22.3986265257" lon="114.3588310139"><ele>156.000</ele></trkpt>
      <trkpt lat="22.3986430440" lon="114.3588216153"><ele>156.000</ele></trkpt>
      <trkpt lat="22.3986659670" lon="114.3588023291"><ele>158.000</ele></trkpt>
      <trkpt lat="22.3986966933" lon="114.3587741380"><ele>158.000</ele></trkpt>
      <trkpt lat="22.3987131986" lon="114.3587602915"><ele>158.000</ele></trkpt>
      <trkpt lat="22.3987306374" lon="114.3587513797"><ele>158.000</ele></trkpt>
      <trkpt lat="22.3987494444" lon="114.3587464222"><ele>158.000</ele></trkpt>
      <trkpt lat="22.3987861617" lon="114.3587389630"><ele>157.000</ele></trkpt>
      <trkpt lat="22.3988045166" lon="114.3587344905"><ele>157.000</ele></trkpt>
      <trkpt lat="22.3988237876" lon="114.3587265619"><ele>157.000</ele></trkpt>
      <trkpt lat="22.3988485625" lon="114.3587146782"><ele>156.000</ele></trkpt>
      <trkpt lat="22.3988618648" lon="114.3587062660"><ele>156.000</ele></trkpt>
      <trkpt lat="22.3988980918" lon="114.3586770914"><ele>158.000</ele></trkpt>
      <trkpt lat="22.3989150598" lon="114.3586612644"><ele>157.000</ele></trkpt>
      <trkpt lat="22.3989278992" lon="114.3586469373"><ele>157.000</ele></trkpt>
      <trkpt lat="22.3989746638" lon="114.3586024322"><ele>158.000</ele></trkpt>
      <trkpt lat="22.3989847541" lon="114.3585915588"><ele>158.000</ele></trkpt>
      <trkpt lat="22.3989975855" lon="114.3585762411"><ele>158.000</ele></trkpt>
      <trkpt lat="22.3990104244" lon="114.3585623996"><ele>158.000</ele></trkpt>
      <trkpt lat="22.3990214318" lon="114.3585549749"><ele>158.000</ele></trkpt>
      <trkpt lat="22.3990370325" lon="114.3585505085"><ele>158.000</ele></trkpt>
      <trkpt lat="22.3990540205" lon="114.3585490059"><ele>158.000</ele></trkpt>
      <trkpt lat="22.3990664090" lon="114.3585420783"><ele>158.000</ele></trkpt>
      <trkpt lat="22.3990732874" lon="114.3585366294"><ele>158.000</ele></trkpt>
      <trkpt lat="22.3990829102" lon="114.3585237839"><ele>158.000</ele></trkpt>
      <trkpt lat="22.3990870302" lon="114.3585139030"><ele>158.000</ele></trkpt>
      <trkpt lat="22.3990897604" lon="114.3584951440"><ele>158.000</ele></trkpt>
      <trkpt lat="22.3990911226" lon="114.3584803358"><ele>158.000</ele></trkpt>
      <trkpt lat="22.3990970763" lon="114.3584699523"><ele>159.000</ele></trkpt>
      <trkpt lat="22.3991062397" lon="114.3584561157"><ele>159.000</ele></trkpt>
      <trkpt lat="22.3991199774" lon="114.3584299320"><ele>160.000</ele></trkpt>
      <trkpt lat="22.3991346448" lon="114.3584121402"><ele>160.000</ele></trkpt>
      <trkpt lat="22.3991520739" lon="114.3583958282"><ele>160.000</ele></trkpt>
      <trkpt lat="22.3991713339" lon="114.3583814802"><ele>160.000</ele></trkpt>
      <trkpt lat="22.3991860059" lon="114.3583676410"><ele>160.000</ele></trkpt>
      <trkpt lat="22.3992084768" lon="114.3583488494"><ele>160.000</ele></trkpt>
      <trkpt lat="22.3992213185" lon="114.3583404365"><ele>160.000</ele></trkpt>
      <trkpt lat="22.3992437967" lon="114.3583231210"><ele>160.000</ele></trkpt>
      <trkpt lat="22.3992754380" lon="114.3583003692"><ele>160.000</ele></trkpt>
      <trkpt lat="22.3992914905" lon="114.3582875127"><ele>160.000</ele></trkpt>
      <trkpt lat="22.3993066174" lon="114.3582707023"><ele>160.000</ele></trkpt>
      <trkpt lat="22.3993199143" lon="114.3582509373"><ele>160.000</ele></trkpt>
      <trkpt lat="22.3993313549" lon="114.3582277223"><ele>159.000</ele></trkpt>
      <trkpt lat="22.3993395959" lon="114.3582069699"><ele>159.000</ele></trkpt>
      <trkpt lat="22.3993560728" lon="114.3581620271"><ele>158.000</ele></trkpt>
      <trkpt lat="22.3993615578" lon="114.3581427666"><ele>158.000</ele></trkpt>
      <trkpt lat="22.3993688812" lon="114.3581269561"><ele>158.000</ele></trkpt>
      <trkpt lat="22.3993794281" lon="114.3581195405"><ele>158.000</ele></trkpt>
      <trkpt lat="22.3993922796" lon="114.3581185278"><ele>158.000</ele></trkpt>
      <trkpt lat="22.3994092711" lon="114.3581219585"><ele>158.000</ele></trkpt>
      <trkpt lat="22.3994391284" lon="114.3581357390"><ele>158.000</ele></trkpt>
      <trkpt lat="22.3994515177" lon="114.3581362115"><ele>158.000</ele></trkpt>
      <trkpt lat="22.3994639097" lon="114.3581342270"><ele>156.000</ele></trkpt>
      <trkpt lat="22.3994813526" lon="114.3581297532"><ele>156.000</ele></trkpt>
      <trkpt lat="22.3995065893" lon="114.3581247845"><ele>156.000</ele></trkpt>
      <trkpt lat="22.3995203654" lon="114.3581287064"><ele>156.000</ele></trkpt>
      <trkpt lat="22.3995327667" lon="114.3581346174"><ele>158.000</ele></trkpt>
      <trkpt lat="22.3995741231" lon="114.3581696032"><ele>158.000</ele></trkpt>
      <trkpt lat="22.3995869867" lon="114.3581819244"><ele>158.000</ele></trkpt>
      <trkpt lat="22.3996026137" lon="114.3581942394"><ele>156.000</ele></trkpt>
      <trkpt lat="22.3996228168" lon="114.3582006266"><ele>156.000</ele></trkpt>
      <trkpt lat="22.3996324631" lon="114.3582070293"><ele>156.000</ele></trkpt>
      <trkpt lat="22.3996439558" lon="114.3582178725"><ele>156.000</ele></trkpt>
      <trkpt lat="22.3996779476" lon="114.3582410300"><ele>154.000</ele></trkpt>
      <trkpt lat="22.3997013696" lon="114.3582518499"><ele>154.000</ele></trkpt>
      <trkpt lat="22.3997183605" lon="114.3582557760"><ele>154.000</ele></trkpt>
      <trkpt lat="22.3997527938" lon="114.3582557235"><ele>152.000</ele></trkpt>
      <trkpt lat="22.3997683973" lon="114.3582566955"><ele>152.000</ele></trkpt>
      <trkpt lat="22.3997830956" lon="114.3582596280"><ele>152.000</ele></trkpt>
      <trkpt lat="22.3997987044" lon="114.3582640476"><ele>152.000</ele></trkpt>
      <trkpt lat="22.3998133942" lon="114.3582664945"><ele>152.000</ele></trkpt>
      <trkpt lat="22.3998262451" lon="114.3582659868"><ele>152.000</ele></trkpt>
      <trkpt lat="22.3998418526" lon="114.3582634918"><ele>150.000</ele></trkpt>
      <trkpt lat="22.3998528641" lon="114.3582605149"><ele>150.000</ele></trkpt>
      <trkpt lat="22.3998716739" lon="114.3582530809"><ele>150.000</ele></trkpt>
      <trkpt lat="22.3998836076" lon="114.3582491146"><ele>150.000</ele></trkpt>
      <trkpt lat="22.3999102317" lon="114.3582471001"><ele>150.000</ele></trkpt>
      <trkpt lat="22.3999262866" lon="114.3582401674"><ele>150.000</ele></trkpt>
      <trkpt lat="22.3999363798" lon="114.3582347227"><ele>148.000</ele></trkpt>
      <trkpt lat="22.3999680346" lon="114.3582159137"><ele>149.000</ele></trkpt>
      <trkpt lat="22.3999836255" lon="114.3582040470"><ele>148.000</ele></trkpt>
      <trkpt lat="22.4000005923" lon="114.3581892104"><ele>148.000</ele></trkpt>
      <trkpt lat="22.4000109462" lon="114.3581775574"><ele>148.000</ele></trkpt>
      <trkpt lat="22.4000152695" lon="114.3581788187"><ele>148.000</ele></trkpt>
      <trkpt lat="22.4000272090" lon="114.3581857196"><ele>148.000</ele></trkpt>
      <trkpt lat="22.4000396166" lon="114.3581940876"><ele>148.000</ele></trkpt>
      <trkpt lat="22.4000497246" lon="114.3581995004"><ele>148.000</ele></trkpt>
      <trkpt lat="22.4000616613" lon="114.3582009726"><ele>148.000</ele></trkpt>
      <trkpt lat="22.4000896580" lon="114.3581989501"><ele>146.000</ele></trkpt>
      <trkpt lat="22.4001093992" lon="114.3581984318"><ele>147.000</ele></trkpt>
      <trkpt lat="22.4001488737" lon="114.3581963951"><ele>147.000</ele></trkpt>
      <trkpt lat="22.4001644778" lon="114.3581968620"><ele>148.000</ele></trkpt>
      <trkpt lat="22.4001764036" lon="114.3581919149"><ele>148.000</ele></trkpt>
      <trkpt lat="22.4001801317" lon="114.3581908350"><ele>148.000</ele></trkpt>
      <trkpt lat="22.4002021036" lon="114.3581844704"><ele>148.000</ele></trkpt>
      <trkpt lat="22.4002176997" lon="114.3581760513"><ele>149.000</ele></trkpt>
      <trkpt lat="22.4002525734" lon="114.3581616846"><ele>150.000</ele></trkpt>
      <trkpt lat="22.4002663392" lon="114.3581587016"><ele>150.000</ele></trkpt>
      <trkpt lat="22.4002814839" lon="114.3581581871"><ele>150.000</ele></trkpt>
      <trkpt lat="22.4002957113" lon="114.3581542141"><ele>152.000</ele></trkpt>
      <trkpt lat="22.4003158873" lon="114.3581364196"><ele>152.000</ele></trkpt>
      <trkpt lat="22.4003310250" lon="114.3581260284"><ele>152.000</ele></trkpt>
      <trkpt lat="22.4003484502" lon="114.3581131638"><ele>152.000</ele></trkpt>
      <trkpt lat="22.4003776065" lon="114.3580909233"><ele>152.000</ele></trkpt>
      <trkpt lat="22.4003860581" lon="114.3580844761"><ele>152.000</ele></trkpt>
      <trkpt lat="22.4004012032" lon="114.3580755708"><ele>152.000</ele></trkpt>
      <trkpt lat="22.4004195564" lon="114.3580725840"><ele>152.000</ele></trkpt>
      <trkpt lat="22.4004360771" lon="114.3580690996"><ele>152.000</ele></trkpt>
      <trkpt lat="22.4004539726" lon="114.3580636455"><ele>152.000</ele></trkpt>
      <trkpt lat="22.4004677474" lon="114.3580606625"><ele>152.000</ele></trkpt>
      <trkpt lat="22.4004966635" lon="114.3580601270"><ele>152.000</ele></trkpt>
      <trkpt lat="22.4005136425" lon="114.3580586145"><ele>152.000</ele></trkpt>
      <trkpt lat="22.4005301683" lon="114.3580585971"><ele>150.000</ele></trkpt>
      <trkpt lat="22.4005411844" lon="114.3580595631"><ele>150.000</ele></trkpt>
      <trkpt lat="22.4005590959" lon="114.3580639857"><ele>150.000</ele></trkpt>
      <trkpt lat="22.4005710434" lon="114.3580718578"><ele>150.000</ele></trkpt>
      <trkpt lat="22.4005811471" lon="114.3580812232"><ele>150.000</ele></trkpt>
      <trkpt lat="22.4005935654" lon="114.3580960203"><ele>150.000</ele></trkpt>
      <trkpt lat="22.4006326535" lon="114.3581566808"><ele>146.000</ele></trkpt>
      <trkpt lat="22.4006413856" lon="114.3581650635"><ele>146.000</ele></trkpt>
      <trkpt lat="22.4006487429" lon="114.3581754159"><ele>146.000</ele></trkpt>
      <trkpt lat="22.4006538036" lon="114.3581882417"><ele>144.000</ele></trkpt>
      <trkpt lat="22.4006556580" lon="114.3582015684"><ele>144.000</ele></trkpt>
      <trkpt lat="22.4006598044" lon="114.3582163742"><ele>144.000</ele></trkpt>
      <trkpt lat="22.4006657863" lon="114.3582292012"><ele>144.000</ele></trkpt>
      <trkpt lat="22.4006726819" lon="114.3582405436"><ele>143.000</ele></trkpt>
      <trkpt lat="22.4006970840" lon="114.3582952999"><ele>142.000</ele></trkpt>
      <trkpt lat="22.4007246713" lon="114.3583362312"><ele>140.000</ele></trkpt>
      <trkpt lat="22.4007269101" lon="114.3583401177"><ele>140.000</ele></trkpt>
      <trkpt lat="22.4007343331" lon="114.3583530059"><ele>140.000</ele></trkpt>
      <trkpt lat="22.4007444625" lon="114.3583796482"><ele>138.000</ele></trkpt>
      <trkpt lat="22.4007536523" lon="114.3583904982"><ele>138.000</ele></trkpt>
      <trkpt lat="22.4007596261" lon="114.3583944392"><ele>138.000</ele></trkpt>
      <trkpt lat="22.4007724903" lon="114.3584062651"><ele>138.000</ele></trkpt>
      <trkpt lat="22.4007862824" lon="114.3584200638"><ele>138.000</ele></trkpt>
      <trkpt lat="22.4008106502" lon="114.3584570577"><ele>136.000</ele></trkpt>
      <trkpt lat="22.4008226074" lon="114.3584723398"><ele>136.000</ele></trkpt>
      <trkpt lat="22.4008373178" lon="114.3584886064"><ele>134.000</ele></trkpt>
      <trkpt lat="22.4008483409" lon="114.3584994491"><ele>134.000</ele></trkpt>
      <trkpt lat="22.4008547860" lon="114.3585098101"><ele>134.000</ele></trkpt>
      <trkpt lat="22.4008607684" lon="114.3585221418"><ele>134.000</ele></trkpt>
      <trkpt lat="22.4008685823" lon="114.3585359521"><ele>133.000</ele></trkpt>
      <trkpt lat="22.4008791538" lon="114.3585467943"><ele>132.000</ele></trkpt>
      <trkpt lat="22.4008910986" lon="114.3585571430"><ele>132.000</ele></trkpt>
      <trkpt lat="22.4009007534" lon="114.3585640410"><ele>132.000</ele></trkpt>
      <trkpt lat="22.4009122319" lon="114.3585714270"><ele>132.000</ele></trkpt>
      <trkpt lat="22.4009241856" lon="114.3585817854"><ele>130.000</ele></trkpt>
      <trkpt lat="22.4009320000" lon="114.3585951004"><ele>130.000</ele></trkpt>
      <trkpt lat="22.4009389030" lon="114.3586079190"><ele>130.000</ele></trkpt>
      <trkpt lat="22.4009453637" lon="114.3586365474"><ele>128.000</ele></trkpt>
      <trkpt lat="22.4009495118" lon="114.3586498674"><ele>128.000</ele></trkpt>
      <trkpt lat="22.4009614554" lon="114.3586612067"><ele>128.000</ele></trkpt>
      <trkpt lat="22.4009715617" lon="114.3586681053"><ele>127.000</ele></trkpt>
      <trkpt lat="22.4009991356" lon="114.3586887977"><ele>126.000</ele></trkpt>
      <trkpt lat="22.4010161232" lon="114.3586956762"><ele>124.000</ele></trkpt>
      <trkpt lat="22.4010289798" lon="114.3586981306"><ele>124.000</ele></trkpt>
      <trkpt lat="22.4010418302" lon="114.3586981084"><ele>124.000</ele></trkpt>
      <trkpt lat="22.4010684538" lon="114.3586965892"><ele>124.000</ele></trkpt>
      <trkpt lat="22.4010785567" lon="114.3586985447"><ele>124.000</ele></trkpt>
      <trkpt lat="22.4010895784" lon="114.3587024825"><ele>124.000</ele></trkpt>
      <trkpt lat="22.4010987705" lon="114.3587113514"><ele>124.000</ele></trkpt>
      <trkpt lat="22.4011235805" lon="114.3587325453"><ele>122.000</ele></trkpt>
      <trkpt lat="22.4011548104" lon="114.3587463181"><ele>122.000</ele></trkpt>
      <trkpt lat="22.4011690522" lon="114.3587537078"><ele>122.000</ele></trkpt>
      <trkpt lat="22.4011805363" lon="114.3587640559"><ele>122.000</ele></trkpt>
      <trkpt lat="22.4011920319" lon="114.3587803280"><ele>120.000</ele></trkpt>
      <trkpt lat="22.4012003039" lon="114.3587882149"><ele>120.000</ele></trkpt>
      <trkpt lat="22.4012085777" lon="114.3587946159"><ele>120.000</ele></trkpt>
      <trkpt lat="22.4012191457" lon="114.3588005246"><ele>120.000</ele></trkpt>
      <trkpt lat="22.4012448556" lon="114.3588083856"><ele>120.000</ele></trkpt>
      <trkpt lat="22.4012549688" lon="114.3588172558"><ele>119.000</ele></trkpt>
      <trkpt lat="22.4012591123" lon="114.3588266329"><ele>119.000</ele></trkpt>
      <trkpt lat="22.4012669289" lon="114.3588379765"><ele>119.000</ele></trkpt>
      <trkpt lat="22.4012788696" lon="114.3588438870"><ele>119.000</ele></trkpt>
      <trkpt lat="22.4012930983" lon="114.3588468190"><ele>118.000</ele></trkpt>
      <trkpt lat="22.4013073344" lon="114.3588512466"><ele>118.000</ele></trkpt>
      <trkpt lat="22.4013247910" lon="114.3588586210"><ele>118.000</ele></trkpt>
      <trkpt lat="22.4013399476" lon="114.3588635354"><ele>118.000</ele></trkpt>
      <trkpt lat="22.4013518769" lon="114.3588635218"><ele>118.000</ele></trkpt>
      <trkpt lat="22.4013642684" lon="114.3588620230"><ele>118.000</ele></trkpt>
      <trkpt lat="22.4013867599" lon="114.3588570508"><ele>116.000</ele></trkpt>
      <trkpt lat="22.4013991508" lon="114.3588560472"><ele>116.000</ele></trkpt>
      <trkpt lat="22.4014156760" lon="114.3588565154"><ele>116.000</ele></trkpt>
      <trkpt lat="22.4014359730" lon="114.3588588270"><ele>115.000</ele></trkpt>
      <trkpt lat="22.4014413825" lon="114.3588594430"><ele>115.000</ele></trkpt>
      <trkpt lat="22.4014537854" lon="114.3588638682"><ele>115.000</ele></trkpt>
      <trkpt lat="22.4014845610" lon="114.3588801072"><ele>114.000</ele></trkpt>
      <trkpt lat="22.4015006405" lon="114.3588914422"><ele>114.000</ele></trkpt>
      <trkpt lat="22.4015102937" lon="114.3588998165"><ele>112.000</ele></trkpt>
      <trkpt lat="22.4015167241" lon="114.3589072154"><ele>112.000</ele></trkpt>
      <trkpt lat="22.4015231687" lon="114.3589180620"><ele>112.000</ele></trkpt>
      <trkpt lat="22.4015259294" lon="114.3589284279"><ele>112.000</ele></trkpt>
      <trkpt lat="22.4015287048" lon="114.3589417559"><ele>112.000</ele></trkpt>
      <trkpt lat="22.4015360654" lon="114.3589570418"><ele>112.000</ele></trkpt>
      <trkpt lat="22.4015434410" lon="114.3589831952"><ele>110.000</ele></trkpt>
      <trkpt lat="22.4015462468" lon="114.3590256483"><ele>110.000</ele></trkpt>
      <trkpt lat="22.4015467223" lon="114.3590444021"><ele>110.000</ele></trkpt>
      <trkpt lat="22.4015458853" lon="114.3591140140"><ele>107.000</ele></trkpt>
      <trkpt lat="22.4015445395" lon="114.3591382039"><ele>107.000</ele></trkpt>
      <trkpt lat="22.4015423316" lon="114.3592142333"><ele>102.000</ele></trkpt>
      <trkpt lat="22.4015432848" lon="114.3592418739"><ele>102.000</ele></trkpt>
      <trkpt lat="22.4015469792" lon="114.3592650701"><ele>100.000</ele></trkpt>
      <trkpt lat="22.4015538826" lon="114.3592774031"><ele>98.000</ele></trkpt>
      <trkpt lat="22.4015653689" lon="114.3592857798"><ele>98.000</ele></trkpt>
      <trkpt lat="22.4015750158" lon="114.3592916874"><ele>98.000</ele></trkpt>
      <trkpt lat="22.4015796198" lon="114.3593010651"><ele>98.000</ele></trkpt>
      <trkpt lat="22.4015819210" lon="114.3593104398"><ele>98.000</ele></trkpt>
      <trkpt lat="22.4015888301" lon="114.3593257350"><ele>98.000</ele></trkpt>
      <trkpt lat="22.4015897519" lon="114.3593331364"><ele>98.000</ele></trkpt>
      <trkpt lat="22.4015893632" lon="114.3593351346"><ele>98.000</ele></trkpt>
      <trkpt lat="22.4015924834" lon="114.3593333459"><ele>98.000</ele></trkpt>
      <trkpt lat="22.4016107559" lon="114.3593219090"><ele>96.000</ele></trkpt>
      <trkpt lat="22.4016235491" lon="114.3593149373"><ele>96.000</ele></trkpt>
      <trkpt lat="22.4016360329" lon="114.3593077155"><ele>96.000</ele></trkpt>
      <trkpt lat="22.4016475170" lon="114.3592996805"><ele>96.000</ele></trkpt>
      <trkpt lat="22.4016573094" lon="114.3592902720"><ele>96.000</ele></trkpt>
      <trkpt lat="22.4016647181" lon="114.3592789297"><ele>96.000</ele></trkpt>
      <trkpt lat="22.4016650902" lon="114.3592781310"><ele>96.000</ele></trkpt>
      <trkpt lat="22.4017979174" lon="114.3591465208"><ele>96.000</ele></trkpt>
      <trkpt lat="22.4019009298" lon="114.3590444520"><ele>90.000</ele></trkpt>
      <trkpt lat="22.4019769951" lon="114.3589500412"><ele>88.000</ele></trkpt>
      <trkpt lat="22.4019883368" lon="114.3589505027"><ele>88.000</ele></trkpt>
      <trkpt lat="22.4020021140" lon="114.3589534342"><ele>88.000</ele></trkpt>
      <trkpt lat="22.4020135969" lon="114.3589568579"><ele>92.000</ele></trkpt>
      <trkpt lat="22.4020384141" lon="114.3589716034"><ele>91.000</ele></trkpt>
      <trkpt lat="22.4020498959" lon="114.3589760178"><ele>94.000</ele></trkpt>
      <trkpt lat="22.4020622942" lon="114.3589764807"><ele>94.000</ele></trkpt>
      <trkpt lat="22.4020788206" lon="114.3589759486"><ele>94.000</ele></trkpt>
      <trkpt lat="22.4020957939" lon="114.3589714645"><ele>96.000</ele></trkpt>
      <trkpt lat="22.4020974571" lon="114.3589708393"><ele>96.000</ele></trkpt>
      <trkpt lat="22.4021077192" lon="114.3589669836"><ele>96.000</ele></trkpt>
      <trkpt lat="22.4021210097" lon="114.3589610282"><ele>97.000</ele></trkpt>
      <trkpt lat="22.4021301761" lon="114.3589526104"><ele>97.000</ele></trkpt>
      <trkpt lat="22.4021393272" lon="114.3589417258"><ele>98.000</ele></trkpt>
      <trkpt lat="22.4021452804" lon="114.3589318374"><ele>98.000</ele></trkpt>
      <trkpt lat="22.4021530447" lon="114.3589175034"><ele>98.000</ele></trkpt>
      <trkpt lat="22.4021603631" lon="114.3589061308"><ele>100.000</ele></trkpt>
      <trkpt lat="22.4021883200" lon="114.3588833448"><ele>101.000</ele></trkpt>
      <trkpt lat="22.4021988403" lon="114.3588675188"><ele>101.000</ele></trkpt>
      <trkpt lat="22.4022111948" lon="114.3588507045"><ele>103.000</ele></trkpt>
      <trkpt lat="22.4022198944" lon="114.3588398194"><ele>103.000</ele></trkpt>
      <trkpt lat="22.4022258317" lon="114.3588279594"><ele>103.000</ele></trkpt>
      <trkpt lat="22.4022285632" lon="114.3588161050"><ele>104.000</ele></trkpt>
      <trkpt lat="22.4022349628" lon="114.3588027501"><ele>106.000</ele></trkpt>
      <trkpt lat="22.4022496174" lon="114.3587883959"><ele>106.000</ele></trkpt>
      <trkpt lat="22.4022574004" lon="114.3587814719"><ele>106.000</ele></trkpt>
      <trkpt lat="22.4022665616" lon="114.3587695967"><ele>106.000</ele></trkpt>
      <trkpt lat="22.4022720452" lon="114.3587597076"><ele>106.000</ele></trkpt>
      <trkpt lat="22.4022866582" lon="114.3587260951"><ele>107.000</ele></trkpt>
      <trkpt lat="22.4022957922" lon="114.3587063243"><ele>108.000</ele></trkpt>
      <trkpt lat="22.4023094874" lon="114.3586697582"><ele>110.000</ele></trkpt>
      <trkpt lat="22.4023181676" lon="114.3586519583"><ele>110.000</ele></trkpt>
      <trkpt lat="22.4023268672" lon="114.3586410828"><ele>110.000</ele></trkpt>
      <trkpt lat="22.4023419812" lon="114.3586277101"><ele>110.000</ele></trkpt>
      <trkpt lat="22.4023603163" lon="114.3586167985"><ele>110.000</ele></trkpt>
      <trkpt lat="22.4023759164" lon="114.3586128079"><ele>112.000</ele></trkpt>
      <trkpt lat="22.4023905965" lon="114.3586078352"><ele>112.000</ele></trkpt>
      <trkpt lat="22.4024249963" lon="114.3585973816"><ele>114.000</ele></trkpt>
      <trkpt lat="22.4024382958" lon="114.3585914262"><ele>114.000</ele></trkpt>
      <trkpt lat="22.4024470005" lon="114.3585839984"><ele>114.000</ele></trkpt>
      <trkpt lat="22.4024575219" lon="114.3585671817"><ele>118.000</ele></trkpt>
      <trkpt lat="22.4024626869" lon="114.3585579147"><ele>118.000</ele></trkpt>
      <trkpt lat="22.4024776372" lon="114.3585310900"><ele>118.000</ele></trkpt>
      <trkpt lat="22.4024991153" lon="114.3584875901"><ele>118.000</ele></trkpt>
      <trkpt lat="22.4025183106" lon="114.3584505164"><ele>120.000</ele></trkpt>
      <trkpt lat="22.4025274530" lon="114.3584312409"><ele>120.000</ele></trkpt>
      <trkpt lat="22.4025384099" lon="114.3584045479"><ele>120.000</ele></trkpt>
      <trkpt lat="22.4025452490" lon="114.3583857744"><ele>120.000</ele></trkpt>
      <trkpt lat="22.4025479794" lon="114.3583749008"><ele>120.000</ele></trkpt>
      <trkpt lat="22.4025479554" lon="114.3583640431"><ele>120.000</ele></trkpt>
      <trkpt lat="22.4025442646" lon="114.3583536857"><ele>120.000</ele></trkpt>
      <trkpt lat="22.4025355172" lon="114.3583428457"><ele>120.000</ele></trkpt>
      <trkpt lat="22.4025171332" lon="114.3583330131"><ele>120.000</ele></trkpt>
      <trkpt lat="22.4024780828" lon="114.3583192883"><ele>119.000</ele></trkpt>
      <trkpt lat="22.4024597107" lon="114.3583148942"><ele>119.000</ele></trkpt>
      <trkpt lat="22.4024390533" lon="114.3583109924"><ele>118.000</ele></trkpt>
      <trkpt lat="22.4024243504" lon="114.3583041169"><ele>118.000</ele></trkpt>
      <trkpt lat="22.4024105612" lon="114.3582957663"><ele>116.000</ele></trkpt>
      <trkpt lat="22.4023926378" lon="114.3582859343"><ele>116.000</ele></trkpt>
      <trkpt lat="22.4023737926" lon="114.3582765963"><ele>116.000</ele></trkpt>
      <trkpt lat="22.4023439336" lon="114.3582643305"><ele>116.000</ele></trkpt>
      <trkpt lat="22.4023351845" lon="114.3582549765"><ele>116.000</ele></trkpt>
      <trkpt lat="22.4023301074" lon="114.3582406743"><ele>116.000</ele></trkpt>
      <trkpt lat="22.4023328247" lon="114.3582253528"><ele>116.000</ele></trkpt>
      <trkpt lat="22.4023387449" lon="114.3582046066"><ele>116.000</ele></trkpt>
      <trkpt lat="22.4023474147" lon="114.3581799017"><ele>116.000</ele></trkpt>
      <trkpt lat="22.4023537955" lon="114.3581591464"><ele>116.000</ele></trkpt>
      <trkpt lat="22.4023715195" lon="114.3580810971"><ele>114.000</ele></trkpt>
      <trkpt lat="22.4023788156" lon="114.3580573809"><ele>114.000</ele></trkpt>
      <trkpt lat="22.4023874895" lon="114.3580371142"><ele>115.000</ele></trkpt>
      <trkpt lat="22.4023938942" lon="114.3580272263"><ele>115.000</ele></trkpt>
      <trkpt lat="22.4024044274" lon="114.3580158384"><ele>115.000</ele></trkpt>
      <trkpt lat="22.4024200196" lon="114.3580108668"><ele>116.000</ele></trkpt>
      <trkpt lat="22.4024333390" lon="114.3580113308"><ele>116.000</ele></trkpt>
      <trkpt lat="22.4024489551" lon="114.3580172072"><ele>116.000</ele></trkpt>
      <trkpt lat="22.4024654992" lon="114.3580250660"><ele>116.000</ele></trkpt>
      <trkpt lat="22.4024792747" lon="114.3580294735"><ele>116.000</ele></trkpt>
      <trkpt lat="22.4024953485" lon="114.3580299314"><ele>116.000</ele></trkpt>
      <trkpt lat="22.4025100218" lon="114.3580229774"><ele>116.000</ele></trkpt>
      <trkpt lat="22.4025196407" lon="114.3580135792"><ele>116.000</ele></trkpt>
      <trkpt lat="22.4025310752" lon="114.3579957731"><ele>116.000</ele></trkpt>
      <trkpt lat="22.4025370078" lon="114.3579799604"><ele>114.000</ele></trkpt>
      <trkpt lat="22.4025424606" lon="114.3579572324"><ele>114.000</ele></trkpt>
      <trkpt lat="22.4025483277" lon="114.3579113037"><ele>113.000</ele></trkpt>
      <trkpt lat="22.4025519541" lon="114.3578905642"><ele>112.000</ele></trkpt>
      <trkpt lat="22.4025596840" lon="114.3578584479"><ele>112.000</ele></trkpt>
      <trkpt lat="22.4025628572" lon="114.3578391840"><ele>111.000</ele></trkpt>
      <trkpt lat="22.4025678761" lon="114.3578248560"><ele>111.000</ele></trkpt>
      <trkpt lat="22.4025784134" lon="114.3578179161"><ele>111.000</ele></trkpt>
      <trkpt lat="22.4025908106" lon="114.3578193695"><ele>111.000</ele></trkpt>
      <trkpt lat="22.4026009261" lon="114.3578262487"><ele>114.000</ele></trkpt>
      <trkpt lat="22.4026239387" lon="114.3578558215"><ele>113.000</ele></trkpt>
      <trkpt lat="22.4026359125" lon="114.3578725703"><ele>113.000</ele></trkpt>
      <trkpt lat="22.4026469547" lon="114.3578824226"><ele>113.000</ele></trkpt>
      <trkpt lat="22.4026584297" lon="114.3578848556"><ele>113.000</ele></trkpt>
      <trkpt lat="22.4026740377" lon="114.3578818555"><ele>113.000</ele></trkpt>
      <trkpt lat="22.4026914585" lon="114.3578729239"><ele>116.000</ele></trkpt>
      <trkpt lat="22.4027084119" lon="114.3578620202"><ele>116.000</ele></trkpt>
      <trkpt lat="22.4027249154" lon="114.3578496397"><ele>116.000</ele></trkpt>
      <trkpt lat="22.4027409441" lon="114.3578338012"><ele>116.000</ele></trkpt>
      <trkpt lat="22.4027555923" lon="114.3578169703"><ele>116.000</ele></trkpt>
      <trkpt lat="22.4027720879" lon="114.3578035993"><ele>116.000</ele></trkpt>
      <trkpt lat="22.4027890429" lon="114.3577912193"><ele>114.000</ele></trkpt>
      <trkpt lat="22.4028202003" lon="114.3577649701"><ele>114.000</ele></trkpt>
      <trkpt lat="22.4028614533" lon="114.3577391903"><ele>114.000</ele></trkpt>
      <trkpt lat="22.4028788825" lon="114.3577307539"><ele>116.000</ele></trkpt>
      <trkpt lat="22.4028926357" lon="114.3577228178"><ele>116.000</ele></trkpt>
      <trkpt lat="22.4029155536" lon="114.3577079497"><ele>116.000</ele></trkpt>
      <trkpt lat="22.4029334213" lon="114.3576950756"><ele>116.000</ele></trkpt>
      <trkpt lat="22.4029471699" lon="114.3576831869"><ele>116.000</ele></trkpt>
      <trkpt lat="22.4029673262" lon="114.3576668390"><ele>116.000</ele></trkpt>
      <trkpt lat="22.4029815217" lon="114.3576510078"><ele>118.000</ele></trkpt>
      <trkpt lat="22.4029975516" lon="114.3576341787"><ele>118.000</ele></trkpt>
      <trkpt lat="22.4030085448" lon="114.3576232963"><ele>118.000</ele></trkpt>
      <trkpt lat="22.4030227444" lon="114.3576119034"><ele>118.000</ele></trkpt>
      <trkpt lat="22.4030383314" lon="114.3576034647"><ele>118.000</ele></trkpt>
      <trkpt lat="22.4030516388" lon="114.3575984997"><ele>120.000</ele></trkpt>
      <trkpt lat="22.4030626498" lon="114.3575959986"><ele>120.000</ele></trkpt>
      <trkpt lat="22.4030787145" lon="114.3575964564"><ele>120.000</ele></trkpt>
      <trkpt lat="22.4030874477" lon="114.3576038389"><ele>120.000</ele></trkpt>
      <trkpt lat="22.4030966557" lon="114.3576146794"><ele>122.000</ele></trkpt>
      <trkpt lat="22.4031081454" lon="114.3576200746"><ele>122.000</ele></trkpt>
      <trkpt lat="22.4031237455" lon="114.3576160838"><ele>122.000</ele></trkpt>
      <trkpt lat="22.4031420669" lon="114.3576012291"><ele>122.000</ele></trkpt>
      <trkpt lat="22.4031535389" lon="114.3575982430"><ele>122.000</ele></trkpt>
      <trkpt lat="22.4031663779" lon="114.3575922772"><ele>122.000</ele></trkpt>
      <trkpt lat="22.4031796660" lon="114.3575803975"><ele>124.000</ele></trkpt>
      <trkpt lat="22.4031845401" lon="114.3575727859"><ele>124.000</ele></trkpt>
      <trkpt lat="22.4031903935" lon="114.3575551240"><ele>122.000</ele></trkpt>
      <trkpt lat="22.4032059614" lon="114.3575217396"><ele>122.000</ele></trkpt>
      <trkpt lat="22.4032161356" lon="114.3575044085"><ele>122.000</ele></trkpt>
      <trkpt lat="22.4032280963" lon="114.3574915753"><ele>123.000</ele></trkpt>
      <trkpt lat="22.4032807098" lon="114.3574486038"><ele>124.000</ele></trkpt>
      <trkpt lat="22.4033207652" lon="114.3574171778"><ele>124.000</ele></trkpt>
      <trkpt lat="22.4033674022" lon="114.3573767672"><ele>126.000</ele></trkpt>
      <trkpt lat="22.4034002918" lon="114.3573446900"><ele>126.000</ele></trkpt>
      <trkpt lat="22.4034212190" lon="114.3573260879"><ele>128.000</ele></trkpt>
      <trkpt lat="22.4034540969" lon="114.3573036467"><ele>130.000</ele></trkpt>
      <trkpt lat="22.4034696432" lon="114.3572895342"><ele>130.000</ele></trkpt>
      <trkpt lat="22.4035001440" lon="114.3572568109"><ele>130.000</ele></trkpt>
      <trkpt lat="22.4035294686" lon="114.3572067419"><ele>132.000</ele></trkpt>
      <trkpt lat="22.4035677810" lon="114.3571316320"><ele>133.000</ele></trkpt>
      <trkpt lat="22.4035947198" lon="114.3570789901"><ele>134.000</ele></trkpt>
      <trkpt lat="22.4036102676" lon="114.3570635927"><ele>134.000</ele></trkpt>
      <trkpt lat="22.4036377517" lon="114.3570572038"><ele>136.000</ele></trkpt>
      <trkpt lat="22.4036568765" lon="114.3570482353"><ele>136.000</ele></trkpt>
      <trkpt lat="22.4036873664" lon="114.3570245060"><ele>136.000</ele></trkpt>
      <trkpt lat="22.4037178571" lon="114.3570007767"><ele>136.000</ele></trkpt>
      <trkpt lat="22.4037453591" lon="114.3569783284"><ele>136.000</ele></trkpt>
      <trkpt lat="22.4037692834" lon="114.3569500941"><ele>136.000</ele></trkpt>
      <trkpt lat="22.4038105594" lon="114.3568961857"><ele>138.000</ele></trkpt>
      <trkpt lat="22.4038350929" lon="114.3568576731"><ele>139.000</ele></trkpt>
      <trkpt lat="22.4038715557" lon="114.3568345944"><ele>140.000</ele></trkpt>
      <trkpt lat="22.4038930935" lon="114.3568044291"><ele>140.000</ele></trkpt>
      <trkpt lat="22.4039122253" lon="114.3567883943"><ele>140.000</ele></trkpt>
      <trkpt lat="22.4039468985" lon="114.3567633855"><ele>140.000</ele></trkpt>
      <trkpt lat="22.4039672273" lon="114.3567460664"><ele>140.000</ele></trkpt>
      <trkpt lat="22.4039977149" lon="114.3567242647"><ele>142.000</ele></trkpt>
      <trkpt lat="22.4040138667" lon="114.3567024437"><ele>142.000</ele></trkpt>
      <trkpt lat="22.4040353953" lon="114.3566806295"><ele>142.000</ele></trkpt>
      <trkpt lat="22.4040569107" lon="114.3566697373"><ele>144.000</ele></trkpt>
      <trkpt lat="22.4040790297" lon="114.3566537053"><ele>144.000</ele></trkpt>
      <trkpt lat="22.4041041367" lon="114.3566370353"><ele>144.000</ele></trkpt>
      <trkpt lat="22.4041190702" lon="114.3566364125"><ele>144.000</ele></trkpt>
      <trkpt lat="22.4041477383" lon="114.3566396611"><ele>144.000</ele></trkpt>
      <trkpt lat="22.4041782019" lon="114.3566403432"><ele>144.000</ele></trkpt>
      <trkpt lat="22.4042080747" lon="114.3566345992"><ele>145.000</ele></trkpt>
      <trkpt lat="22.4042534817" lon="114.3566256645"><ele>146.000</ele></trkpt>
      <trkpt lat="22.4042970948" lon="114.3566180113"><ele>146.000</ele></trkpt>
      <trkpt lat="22.4043311530" lon="114.3566084200"><ele>146.000</ele></trkpt>
      <trkpt lat="22.4043532670" lon="114.3565968846"><ele>146.000</ele></trkpt>
      <trkpt lat="22.4043711999" lon="114.3565853448"><ele>146.000</ele></trkpt>
      <trkpt lat="22.4044034672" lon="114.3565751083"><ele>148.000</ele></trkpt>
      <trkpt lat="22.4044399135" lon="114.3565668039"><ele>148.000</ele></trkpt>
      <trkpt lat="22.4044829339" lon="114.3565552954"><ele>148.000</ele></trkpt>
      <trkpt lat="22.4045223781" lon="114.3565373598"><ele>148.000</ele></trkpt>
      <trkpt lat="22.4045737786" lon="114.3565098025"><ele>148.000</ele></trkpt>
      <trkpt lat="22.4046108362" lon="114.3564892930"><ele>148.000</ele></trkpt>
      <trkpt lat="22.4046269716" lon="114.3564822474"><ele>150.000</ele></trkpt>
      <trkpt lat="22.4046496753" lon="114.3564771371"><ele>150.000</ele></trkpt>
      <trkpt lat="22.4046729769" lon="114.3564720285"><ele>150.000</ele></trkpt>
      <trkpt lat="22.4047052514" lon="114.3564553676"><ele>150.000</ele></trkpt>
      <trkpt lat="22.4047333447" lon="114.3564387012"><ele>152.000</ele></trkpt>
      <trkpt lat="22.4047644251" lon="114.3564213958"><ele>152.000</ele></trkpt>
      <trkpt lat="22.4047883315" lon="114.3564092216"><ele>152.000</ele></trkpt>
      <trkpt lat="22.4048140254" lon="114.3564015454"><ele>154.000</ele></trkpt>
      <trkpt lat="22.4048421049" lon="114.3563964419"><ele>154.000</ele></trkpt>
      <trkpt lat="22.4048707781" lon="114.3563951939"><ele>154.000</ele></trkpt>
      <trkpt lat="22.4049048265" lon="114.3563952376"><ele>156.000</ele></trkpt>
      <trkpt lat="22.4049346958" lon="114.3563927072"><ele>156.000</ele></trkpt>
      <trkpt lat="22.4049609737" lon="114.3563965946"><ele>156.000</ele></trkpt>
      <trkpt lat="22.4049854600" lon="114.3564004807"><ele>156.000</ele></trkpt>
      <trkpt lat="22.4050135275" lon="114.3564062983"><ele>157.000</ele></trkpt>
      <trkpt lat="22.4050368162" lon="114.3564127526"><ele>158.000</ele></trkpt>
      <trkpt lat="22.4050564341" lon="114.3564127205"><ele>158.000</ele></trkpt>
      <trkpt lat="22.4050819058" lon="114.3564018002"><ele>158.000</ele></trkpt>
      <trkpt lat="22.4051161099" lon="114.3563885447"><ele>158.000</ele></trkpt>
      <trkpt lat="22.4051433123" lon="114.3563894362"><ele>158.000</ele></trkpt>
      <trkpt lat="22.4051457171" lon="114.3563885924"><ele>158.000</ele></trkpt>
      <trkpt lat="22.4051629606" lon="114.3563847201"><ele>158.000</ele></trkpt>
      <trkpt lat="22.4051704833" lon="114.3563844093"><ele>160.000</ele></trkpt>
      <trkpt lat="22.4051825418" lon="114.3563818220"><ele>160.000</ele></trkpt>
      <trkpt lat="22.4051941685" lon="114.3563778065"><ele>160.000</ele></trkpt>
      <trkpt lat="22.4052054384" lon="114.3563698281"><ele>160.000</ele></trkpt>
      <trkpt lat="22.4052069748" lon="114.3563687423"><ele>160.000</ele></trkpt>
      <trkpt lat="22.4052510747" lon="114.3563405568"><ele>160.000</ele></trkpt>
      <trkpt lat="22.4052767807" lon="114.3563195927"><ele>160.000</ele></trkpt>
      <trkpt lat="22.4052978890" lon="114.3562996133"><ele>160.000</ele></trkpt>
      <trkpt lat="22.4053214196" lon="114.3562777335"><ele>160.000</ele></trkpt>
      <trkpt lat="22.4053436168" lon="114.3562449067"><ele>160.000</ele></trkpt>
      <trkpt lat="22.4053550849" lon="114.3562210690"><ele>162.000</ele></trkpt>
      <trkpt lat="22.4053779715" lon="114.3561772977"><ele>162.000</ele></trkpt>
      <trkpt lat="22.4054197772" lon="114.3560844473"><ele>162.000</ele></trkpt>
      <trkpt lat="22.4054455625" lon="114.3560407089"><ele>162.000</ele></trkpt>
      <trkpt lat="22.4054634711" lon="114.3560152187"><ele>162.000</ele></trkpt>
      <trkpt lat="22.4054759916" lon="114.3559950340"><ele>162.000</ele></trkpt>
      <trkpt lat="22.4054877072" lon="114.3559841425"><ele>162.000</ele></trkpt>
      <trkpt lat="22.4054994524" lon="114.3559708911"><ele>162.000</ele></trkpt>
      <trkpt lat="22.4055325507" lon="114.3559367962"><ele>162.000</ele></trkpt>
      <trkpt lat="22.4055576767" lon="114.3559094214"><ele>162.000</ele></trkpt>
      <trkpt lat="22.4055724349" lon="114.3558909488"><ele>162.000</ele></trkpt>
      <trkpt lat="22.4055818222" lon="114.3558704978"><ele>162.000</ele></trkpt>
      <trkpt lat="22.4055883505" lon="114.3558548021"><ele>162.000</ele></trkpt>
      <trkpt lat="22.4055978334" lon="114.3558295729"><ele>162.000</ele></trkpt>
      <trkpt lat="22.4056061077" lon="114.3558028758"><ele>162.000</ele></trkpt>
      <trkpt lat="22.4056108882" lon="114.3557835552"><ele>162.000</ele></trkpt>
      <trkpt lat="22.4056231167" lon="114.3557661185"><ele>162.000</ele></trkpt>
      <trkpt lat="22.4056440015" lon="114.3557440798"><ele>162.000</ele></trkpt>
      <trkpt lat="22.4056947060" lon="114.3557046172"><ele>160.000</ele></trkpt>
      <trkpt lat="22.4057242935" lon="114.3556768304"><ele>160.000</ele></trkpt>
      <trkpt lat="22.4057409260" lon="114.3556538150"><ele>159.000</ele></trkpt>
      <trkpt lat="22.4057517143" lon="114.3556402710"><ele>159.000</ele></trkpt>
      <trkpt lat="22.4057602730" lon="114.3556341343"><ele>160.000</ele></trkpt>
      <trkpt lat="22.4057776204" lon="114.3556260276"><ele>160.000</ele></trkpt>
      <trkpt lat="22.4057920249" lon="114.3556170625"><ele>158.000</ele></trkpt>
      <trkpt lat="22.4058136532" lon="114.3556004828"><ele>160.000</ele></trkpt>
      <trkpt lat="22.4058269138" lon="114.3555887580"><ele>160.000</ele></trkpt>
      <trkpt lat="22.4058371964" lon="114.3555776918"><ele>160.000</ele></trkpt>
      <trkpt lat="22.4058484605" lon="114.3555610279"><ele>160.000</ele></trkpt>
      <trkpt lat="22.4058559771" lon="114.3555499077"><ele>160.000</ele></trkpt>
      <trkpt lat="22.4058630692" lon="114.3555380293"><ele>160.000</ele></trkpt>
      <trkpt lat="22.4058685083" lon="114.3555273328"><ele>160.000</ele></trkpt>
      <trkpt lat="22.4058697435" lon="114.3555209536"><ele>160.000</ele></trkpt>
      <trkpt lat="22.4058701159" lon="114.3555190311"><ele>160.000</ele></trkpt>
      <trkpt lat="22.4058761143" lon="114.3555089287"><ele>160.000</ele></trkpt>
      <trkpt lat="22.4059006731" lon="114.3554708786"><ele>162.000</ele></trkpt>
      <trkpt lat="22.4059083325" lon="114.3554613610"><ele>162.000</ele></trkpt>
      <trkpt lat="22.4059154551" lon="114.3554553876"><ele>162.000</ele></trkpt>
      <trkpt lat="22.4059204058" lon="114.3554535768"><ele>162.000</ele></trkpt>
      <trkpt lat="22.4059330059" lon="114.3554422493"><ele>162.000</ele></trkpt>
      <trkpt lat="22.4059488825" lon="114.3554249717"><ele>162.000</ele></trkpt>
      <trkpt lat="22.4059537744" lon="114.3554133751"><ele>164.000</ele></trkpt>
      <trkpt lat="22.4059811770" lon="114.3553115202"><ele>168.000</ele></trkpt>
      <trkpt lat="22.4059754780" lon="114.3553081070"><ele>168.000</ele></trkpt>
      <trkpt lat="22.4059625355" lon="114.3553040328"><ele>168.000</ele></trkpt>
      <trkpt lat="22.4059596272" lon="114.3552905926"><ele>168.000</ele></trkpt>
      <trkpt lat="22.4059584923" lon="114.3552756921"><ele>170.000</ele></trkpt>
      <trkpt lat="22.4059581808" lon="114.3552600759"><ele>170.000</ele></trkpt>
      <trkpt lat="22.4059577736" lon="114.3552444634"><ele>170.000</ele></trkpt>
      <trkpt lat="22.4059563497" lon="114.3552295713"><ele>172.000</ele></trkpt>
      <trkpt lat="22.4059529880" lon="114.3552161169"><ele>172.000</ele></trkpt>
      <trkpt lat="22.4059465273" lon="114.3552049419"><ele>172.000</ele></trkpt>
      <trkpt lat="22.4059351585" lon="114.3551970491"><ele>172.000</ele></trkpt>
      <trkpt lat="22.4059207587" lon="114.3551912356"><ele>172.000</ele></trkpt>
      <trkpt lat="22.4059058669" lon="114.3551859313"><ele>172.000</ele></trkpt>
      <trkpt lat="22.4058930227" lon="114.3551795672"><ele>174.000</ele></trkpt>
      <trkpt lat="22.4058847643" lon="114.3551705722"><ele>175.000</ele></trkpt>
      <trkpt lat="22.4058818336" lon="114.3551585703"><ele>175.000</ele></trkpt>
      <trkpt lat="22.4058814102" lon="114.3551453917"><ele>175.000</ele></trkpt>
      <trkpt lat="22.4058828182" lon="114.3551313238"><ele>178.000</ele></trkpt>
      <trkpt lat="22.4058854687" lon="114.3551165903"><ele>178.000</ele></trkpt>
      <trkpt lat="22.4058887716" lon="114.3551014167"><ele>178.000</ele></trkpt>
      <trkpt lat="22.4058921388" lon="114.3550860295"><ele>177.000</ele></trkpt>
      <trkpt lat="22.4058949814" lon="114.3550706533"><ele>180.000</ele></trkpt>
      <trkpt lat="22.4058967085" lon="114.3550555146"><ele>180.000</ele></trkpt>
      <trkpt lat="22.4058967328" lon="114.3550408370"><ele>180.000</ele></trkpt>
      <trkpt lat="22.4058954962" lon="114.3550264385"><ele>182.000</ele></trkpt>
      <trkpt lat="22.4058940122" lon="114.3550119347"><ele>182.000</ele></trkpt>
      <trkpt lat="22.4058922790" lon="114.3549973588"><ele>182.000</ele></trkpt>
      <trkpt lat="22.4058902931" lon="114.3549827466"><ele>186.000</ele></trkpt>
      <trkpt lat="22.4058880480" lon="114.3549681331"><ele>186.000</ele></trkpt>
      <trkpt lat="22.4058855409" lon="114.3549535533"><ele>186.000</ele></trkpt>
      <trkpt lat="22.4058827665" lon="114.3549390420"><ele>186.000</ele></trkpt>
      <trkpt lat="22.4058797210" lon="114.3549246354"><ele>188.000</ele></trkpt>
      <trkpt lat="22.4058763991" lon="114.3549103682"><ele>188.000</ele></trkpt>
      <trkpt lat="22.4058727970" lon="114.3548962745"><ele>188.000</ele></trkpt>
      <trkpt lat="22.4058689093" lon="114.3548823902"><ele>191.000</ele></trkpt>
      <trkpt lat="22.4058647333" lon="114.3548687503"><ele>191.000</ele></trkpt>
      <trkpt lat="22.4058602626" lon="114.3548553898"><ele>191.000</ele></trkpt>
      <trkpt lat="22.4058535892" lon="114.3548429927"><ele>191.000</ele></trkpt>
      <trkpt lat="22.4058415809" lon="114.3548327683"><ele>194.000</ele></trkpt>
      <trkpt lat="22.4058279540" lon="114.3548237013"><ele>194.000</ele></trkpt>
      <trkpt lat="22.4058167607" lon="114.3548146676"><ele>194.000</ele></trkpt>
      <trkpt lat="22.4058120534" lon="114.3548045389"><ele>194.000</ele></trkpt>
      <trkpt lat="22.4058150649" lon="114.3547932778"><ele>194.000</ele></trkpt>
      <trkpt lat="22.4058227074" lon="114.3547817595"><ele>197.000</ele></trkpt>
      <trkpt lat="22.4058330440" lon="114.3547699873"><ele>197.000</ele></trkpt>
      <trkpt lat="22.4058441439" lon="114.3547579654"><ele>197.000</ele></trkpt>
      <trkpt lat="22.4058540738" lon="114.3547456963"><ele>197.000</ele></trkpt>
      <trkpt lat="22.4058609019" lon="114.3547331834"><ele>200.000</ele></trkpt>
      <trkpt lat="22.4058628025" lon="114.3547203768"><ele>200.000</ele></trkpt>
      <trkpt lat="22.4058599727" lon="114.3547068959"><ele>200.000</ele></trkpt>
      <trkpt lat="22.4058539738" lon="114.3546929109"><ele>203.000</ele></trkpt>
      <trkpt lat="22.4058463262" lon="114.3546787324"><ele>202.000</ele></trkpt>
      <trkpt lat="22.4058385483" lon="114.3546646723"><ele>202.000</ele></trkpt>
      <trkpt lat="22.4058321607" lon="114.3546510403"><ele>202.000</ele></trkpt>
      <trkpt lat="22.4058286828" lon="114.3546381471"><ele>204.000</ele></trkpt>
      <trkpt lat="22.4058302054" lon="114.3546265909"><ele>204.000</ele></trkpt>
      <trkpt lat="22.4058393578" lon="114.3546175617"><ele>204.000</ele></trkpt>
      <trkpt lat="22.4058526792" lon="114.3546096625"><ele>206.000</ele></trkpt>
      <trkpt lat="22.4058659507" lon="114.3546011513"><ele>206.000</ele></trkpt>
      <trkpt lat="22.4058675628" lon="114.3545993984"><ele>206.000</ele></trkpt>
      <trkpt lat="22.4058681816" lon="114.3545991749"><ele>206.000</ele></trkpt>
      <trkpt lat="22.4058891675" lon="114.3545260610"><ele>212.000</ele></trkpt>
      <trkpt lat="22.4059127975" lon="114.3545121641"><ele>214.000</ele></trkpt>
      <trkpt lat="22.4059261875" lon="114.3544894746"><ele>216.000</ele></trkpt>
      <trkpt lat="22.4059452655" lon="114.3544925970"><ele>217.000</ele></trkpt>
      <trkpt lat="22.4059492950" lon="114.3544825891"><ele>217.000</ele></trkpt>
      <trkpt lat="22.4059655837" lon="114.3544600393"><ele>217.000</ele></trkpt>
      <trkpt lat="22.4059663079" lon="114.3544255628"><ele>220.000</ele></trkpt>
      <trkpt lat="22.4059786649" lon="114.3543978412"><ele>223.000</ele></trkpt>
      <trkpt lat="22.4059683502" lon="114.3543831243"><ele>223.000</ele></trkpt>
      <trkpt lat="22.4059717877" lon="114.3543612962"><ele>223.000</ele></trkpt>
      <trkpt lat="22.4059940706" lon="114.3543487475"><ele>228.000</ele></trkpt>
      <trkpt lat="22.4060059100" lon="114.3542990180"><ele>230.000</ele></trkpt>
      <trkpt lat="22.4060169167" lon="114.3542509482"><ele>232.000</ele></trkpt>
      <trkpt lat="22.4060176909" lon="114.3542490505"><ele>232.000</ele></trkpt>
      <trkpt lat="22.4060182861" lon="114.3542374357"><ele>232.000</ele></trkpt>
      <trkpt lat="22.4060188989" lon="114.3542229308"><ele>232.000</ele></trkpt>
      <trkpt lat="22.4060193845" lon="114.3542083839"><ele>234.000</ele></trkpt>
      <trkpt lat="22.4060197464" lon="114.3541938009"><ele>234.000</ele></trkpt>
      <trkpt lat="22.4060199854" lon="114.3541791867"><ele>234.000</ele></trkpt>
      <trkpt lat="22.4060201026" lon="114.3541645470"><ele>234.000</ele></trkpt>
      <trkpt lat="22.4060200998" lon="114.3541498859"><ele>236.000</ele></trkpt>
      <trkpt lat="22.4060199795" lon="114.3541352110"><ele>236.000</ele></trkpt>
      <trkpt lat="22.4060197418" lon="114.3541205252"><ele>236.000</ele></trkpt>
      <trkpt lat="22.4060193904" lon="114.3541058355"><ele>238.000</ele></trkpt>
      <trkpt lat="22.4060189252" lon="114.3540911456"><ele>238.000</ele></trkpt>
      <trkpt lat="22.4060183480" lon="114.3540764614"><ele>238.000</ele></trkpt>
      <trkpt lat="22.4060176615" lon="114.3540617887"><ele>238.000</ele></trkpt>
      <trkpt lat="22.4060168657" lon="114.3540471314"><ele>238.000</ele></trkpt>
      <trkpt lat="22.4060159643" lon="114.3540324963"><ele>238.000</ele></trkpt>
      <trkpt lat="22.4060149572" lon="114.3540178873"><ele>238.000</ele></trkpt>
      <trkpt lat="22.4060138470" lon="114.3540033102"><ele>240.000</ele></trkpt>
      <trkpt lat="22.4060126348" lon="114.3539887708"><ele>240.000</ele></trkpt>
      <trkpt lat="22.4060113223" lon="114.3539742731"><ele>240.000</ele></trkpt>
      <trkpt lat="22.4060099113" lon="114.3539598229"><ele>240.000</ele></trkpt>
      <trkpt lat="22.4060084037" lon="114.3539454260"><ele>240.000</ele></trkpt>
      <trkpt lat="22.4060068002" lon="114.3539310872"><ele>240.000</ele></trkpt>
      <trkpt lat="22.4060051037" lon="114.3539168114"><ele>242.000</ele></trkpt>
      <trkpt lat="22.4060026375" lon="114.3539027667"><ele>242.000</ele></trkpt>
      <trkpt lat="22.4059974876" lon="114.3538894111"><ele>242.000</ele></trkpt>
      <trkpt lat="22.4059904092" lon="114.3538765552"><ele>242.000</ele></trkpt>
      <trkpt lat="22.4059823777" lon="114.3538639564"><ele>242.000</ele></trkpt>
      <trkpt lat="22.4059743688" lon="114.3538513742"><ele>242.000</ele></trkpt>
      <trkpt lat="22.4059673599" lon="114.3538385659"><ele>242.000</ele></trkpt>
      <trkpt lat="22.4059623264" lon="114.3538252892"><ele>242.000</ele></trkpt>
      <trkpt lat="22.4059601969" lon="114.3538113139"><ele>242.000</ele></trkpt>
      <trkpt lat="22.4059594775" lon="114.3537969937"><ele>242.000</ele></trkpt>
      <trkpt lat="22.4059590291" lon="114.3537826059"><ele>242.000</ele></trkpt>
      <trkpt lat="22.4059588291" lon="114.3537681543"><ele>242.000</ele></trkpt>
      <trkpt lat="22.4059588576" lon="114.3537536447"><ele>242.000</ele></trkpt>
      <trkpt lat="22.4059590930" lon="114.3537390829"><ele>242.000</ele></trkpt>
      <trkpt lat="22.4059595126" lon="114.3537244757"><ele>242.000</ele></trkpt>
      <trkpt lat="22.4059600976" lon="114.3537098270"><ele>242.000</ele></trkpt>
      <trkpt lat="22.4059608244" lon="114.3536951434"><ele>242.000</ele></trkpt>
      <trkpt lat="22.4059616731" lon="114.3536804309"><ele>242.000</ele></trkpt>
      <trkpt lat="22.4059626220" lon="114.3536656943"><ele>242.000</ele></trkpt>
      <trkpt lat="22.4059636496" lon="114.3536509392"><ele>242.000</ele></trkpt>
      <trkpt lat="22.4059647349" lon="114.3536361717"><ele>242.000</ele></trkpt>
      <trkpt lat="22.4059658564" lon="114.3536213983"><ele>240.000</ele></trkpt>
      <trkpt lat="22.4059669933" lon="114.3536066230"><ele>240.000</ele></trkpt>
      <trkpt lat="22.4059681238" lon="114.3535918526"><ele>240.000</ele></trkpt>
      <trkpt lat="22.4059692272" lon="114.3535770928"><ele>240.000</ele></trkpt>
      <trkpt lat="22.4059702818" lon="114.3535623476"><ele>240.000</ele></trkpt>
      <trkpt lat="22.4059712660" lon="114.3535476255"><ele>240.000</ele></trkpt>
      <trkpt lat="22.4059721589" lon="114.3535329296"><ele>240.000</ele></trkpt>
      <trkpt lat="22.4059729389" lon="114.3535182665"><ele>240.000</ele></trkpt>
      <trkpt lat="22.4059735852" lon="114.3535036421"><ele>240.000</ele></trkpt>
      <trkpt lat="22.4059740761" lon="114.3534890612"><ele>240.000</ele></trkpt>
      <trkpt lat="22.4059743909" lon="114.3534745316"><ele>240.000</ele></trkpt>
      <trkpt lat="22.4059745079" lon="114.3534600561"><ele>240.000</ele></trkpt>
      <trkpt lat="22.4059744062" lon="114.3534456425"><ele>240.000</ele></trkpt>
      <trkpt lat="22.4059740634" lon="114.3534312946"><ele>238.000</ele></trkpt>
      <trkpt lat="22.4059734595" lon="114.3534170202"><ele>238.000</ele></trkpt>
      <trkpt lat="22.4059725720" lon="114.3534028241"><ele>238.000</ele></trkpt>
      <trkpt lat="22.4059713809" lon="114.3533887112"><ele>238.000</ele></trkpt>
      <trkpt lat="22.4059694211" lon="114.3533748177"><ele>238.000</ele></trkpt>
      <trkpt lat="22.4059647956" lon="114.3533617007"><ele>238.000</ele></trkpt>
      <trkpt lat="22.4059578711" lon="114.3533492520"><ele>238.000</ele></trkpt>
      <trkpt lat="22.4059493242" lon="114.3533372741"><ele>238.000</ele></trkpt>
      <trkpt lat="22.4059398315" lon="114.3533255690"><ele>238.000</ele></trkpt>
      <trkpt lat="22.4059300696" lon="114.3533139383"><ele>238.000</ele></trkpt>
      <trkpt lat="22.4059207160" lon="114.3533021828"><ele>238.000</ele></trkpt>
      <trkpt lat="22.4059124474" lon="114.3532901062"><ele>238.000</ele></trkpt>
      <trkpt lat="22.4059059402" lon="114.3532775084"><ele>238.000</ele></trkpt>
      <trkpt lat="22.4059018712" lon="114.3532641921"><ele>238.000</ele></trkpt>
      <trkpt lat="22.4059000623" lon="114.3532502027"><ele>238.000</ele></trkpt>
      <trkpt lat="22.4058988415" lon="114.3532360159"><ele>238.000</ele></trkpt>
      <trkpt lat="22.4058980914" lon="114.3532216685"><ele>238.000</ele></trkpt>
      <trkpt lat="22.4058977631" lon="114.3532071779"><ele>238.000</ele></trkpt>
      <trkpt lat="22.4058978107" lon="114.3531925615"><ele>238.000</ele></trkpt>
      <trkpt lat="22.4058981880" lon="114.3531778348"><ele>238.000</ele></trkpt>
      <trkpt lat="22.4058988480" lon="114.3531630172"><ele>238.000</ele></trkpt>
      <trkpt lat="22.4058997447" lon="114.3531481241"><ele>238.000</ele></trkpt>
      <trkpt lat="22.4059008311" lon="114.3531331730"><ele>238.000</ele></trkpt>
      <trkpt lat="22.4059020603" lon="114.3531181803"><ele>238.000</ele></trkpt>
      <trkpt lat="22.4059033852" lon="114.3531031644"><ele>238.000</ele></trkpt>
      <trkpt lat="22.4059047606" lon="114.3530881408"><ele>238.000</ele></trkpt>
      <trkpt lat="22.4059061388" lon="114.3530731269"><ele>238.000</ele></trkpt>
      <trkpt lat="22.4059074745" lon="114.3530581401"><ele>238.000</ele></trkpt>
      <trkpt lat="22.4059087189" lon="114.3530431970"><ele>239.000</ele></trkpt>
      <trkpt lat="22.4059098278" lon="114.3530283148"><ele>239.000</ele></trkpt>
      <trkpt lat="22.4059107524" lon="114.3530135111"><ele>239.000</ele></trkpt>
      <trkpt lat="22.4059114475" lon="114.3529988014"><ele>239.000</ele></trkpt>
      <trkpt lat="22.4059118662" lon="114.3529842039"><ele>239.000</ele></trkpt>
      <trkpt lat="22.4059119614" lon="114.3529697352"><ele>239.000</ele></trkpt>
      <trkpt lat="22.4059116872" lon="114.3529554126"><ele>239.000</ele></trkpt>
      <trkpt lat="22.4059109964" lon="114.3529412527"><ele>238.000</ele></trkpt>
      <trkpt lat="22.4059098431" lon="114.3529272729"><ele>238.000</ele></trkpt>
      <trkpt lat="22.4059081803" lon="114.3529134905"><ele>238.000</ele></trkpt>
      <trkpt lat="22.4059059600" lon="114.3528999211"><ele>238.000</ele></trkpt>
      <trkpt lat="22.4059026348" lon="114.3528867971"><ele>238.000</ele></trkpt>
      <trkpt lat="22.4058971892" lon="114.3528745493"><ele>238.000</ele></trkpt>
      <trkpt lat="22.4058899115" lon="114.3528630587"><ele>236.000</ele></trkpt>
      <trkpt lat="22.4058811403" lon="114.3528521878"><ele>236.000</ele></trkpt>
      <trkpt lat="22.4058712126" lon="114.3528417932"><ele>237.000</ele></trkpt>
      <trkpt lat="22.4058604692" lon="114.3528317375"><ele>237.000</ele></trkpt>
      <trkpt lat="22.4058492478" lon="114.3528218794"><ele>237.000</ele></trkpt>
      <trkpt lat="22.4058378873" lon="114.3528120784"><ele>236.000</ele></trkpt>
      <trkpt lat="22.4058267256" lon="114.3528021951"><ele>236.000</ele></trkpt>
      <trkpt lat="22.4058161014" lon="114.3527920900"><ele>236.000</ele></trkpt>
      <trkpt lat="22.4058063545" lon="114.3527816219"><ele>236.000</ele></trkpt>
      <trkpt lat="22.4058081936" lon="114.3527703380"><ele>236.000</ele></trkpt>
      <trkpt lat="22.4058110253" lon="114.3527490336"><ele>236.000</ele></trkpt>
      <trkpt lat="22.4058133884" lon="114.3527093818"><ele>236.000</ele></trkpt>
      <trkpt lat="22.4058213461" lon="114.3526478473"><ele>237.000</ele></trkpt>
      <trkpt lat="22.4058231570" lon="114.3526093806"><ele>237.000</ele></trkpt>
      <trkpt lat="22.4058244964" lon="114.3525478175"><ele>238.000</ele></trkpt>
      <trkpt lat="22.4058262202" lon="114.3525312414"><ele>238.000</ele></trkpt>
      <trkpt lat="22.4058384986" lon="114.3524916409"><ele>239.000</ele></trkpt>
      <trkpt lat="22.4058418657" lon="114.3524762614"><ele>239.000</ele></trkpt>
      <trkpt lat="22.4058419288" lon="114.3524596832"><ele>240.000</ele></trkpt>
      <trkpt lat="22.4058408649" lon="114.3524490279"><ele>240.000</ele></trkpt>
      <trkpt lat="22.4058398476" lon="114.3524294862"><ele>240.000</ele></trkpt>
      <trkpt lat="22.4058400207" lon="114.3523856759"><ele>240.000</ele></trkpt>
      <trkpt lat="22.4058411466" lon="114.3523791703"><ele>240.000</ele></trkpt>
      <trkpt lat="22.4058456050" lon="114.3523649761"><ele>240.000</ele></trkpt>
      <trkpt lat="22.4058483948" lon="114.3523572975"><ele>240.000</ele></trkpt>
      <trkpt lat="22.4058611147" lon="114.3523443286"><ele>240.000</ele></trkpt>
      <trkpt lat="22.4058699639" lon="114.3523366770"><ele>240.000</ele></trkpt>
      <trkpt lat="22.4058793529" lon="114.3523308024"><ele>240.000</ele></trkpt>
      <trkpt lat="22.4058970264" lon="114.3523208116"><ele>242.000</ele></trkpt>
      <trkpt lat="22.4059031251" lon="114.3523095913"><ele>243.000</ele></trkpt>
      <trkpt lat="22.4059059767" lon="114.3522865193"><ele>243.000</ele></trkpt>
      <trkpt lat="22.4059126479" lon="114.3522711634"><ele>243.000</ele></trkpt>
      <trkpt lat="22.4059209237" lon="114.3522676484"><ele>243.000</ele></trkpt>
      <trkpt lat="22.4059308629" lon="114.3522623669"><ele>244.000</ele></trkpt>
      <trkpt lat="22.4059435455" lon="114.3522588671"><ele>246.000</ele></trkpt>
      <trkpt lat="22.4059523811" lon="114.3522553624"><ele>246.000</ele></trkpt>
      <trkpt lat="22.4059579161" lon="114.3522476863"><ele>246.000</ele></trkpt>
      <trkpt lat="22.4059629111" lon="114.3522382428"><ele>246.000</ele></trkpt>
      <trkpt lat="22.4059657131" lon="114.3522275923"><ele>246.000</ele></trkpt>
      <trkpt lat="22.4059735105" lon="114.3522063233"><ele>246.000</ele></trkpt>
      <trkpt lat="22.4059796453" lon="114.3521868090"><ele>246.000</ele></trkpt>
      <trkpt lat="22.4059868777" lon="114.3521702689"><ele>248.000</ele></trkpt>
      <trkpt lat="22.4059951908" lon="114.3521572848"><ele>248.000</ele></trkpt>
      <trkpt lat="22.4060134431" lon="114.3521390094"><ele>248.000</ele></trkpt>
      <trkpt lat="22.4060195499" lon="114.3521277901"><ele>248.000</ele></trkpt>
      <trkpt lat="22.4060206761" lon="114.3521218769"><ele>249.000</ele></trkpt>
      <trkpt lat="22.4060223525" lon="114.3521165569"><ele>249.000</ele></trkpt>
      <trkpt lat="22.4060213146" lon="114.3520993848"><ele>249.000</ele></trkpt>
      <trkpt lat="22.4060224882" lon="114.3520822243"><ele>249.000</ele></trkpt>
      <trkpt lat="22.4060241801" lon="114.3520709800"><ele>251.000</ele></trkpt>
      <trkpt lat="22.4060242052" lon="114.3520644731"><ele>251.000</ele></trkpt>
      <trkpt lat="22.4060258925" lon="114.3520573758"><ele>251.000</ele></trkpt>
      <trkpt lat="22.4060292228" lon="114.3520508729"><ele>251.000</ele></trkpt>
      <trkpt lat="22.4060331023" lon="114.3520449729"><ele>252.000</ele></trkpt>
      <trkpt lat="22.4060359049" lon="114.3520337397"><ele>252.000</ele></trkpt>
      <trkpt lat="22.4060370453" lon="114.3520230872"><ele>254.000</ele></trkpt>
      <trkpt lat="22.4060398376" lon="114.3520130388"><ele>254.000</ele></trkpt>
      <trkpt lat="22.4060454045" lon="114.3520000405"><ele>254.000</ele></trkpt>
      <trkpt lat="22.4060565098" lon="114.3519769983"><ele>254.000</ele></trkpt>
      <trkpt lat="22.4060573094" lon="114.3519724735"><ele>254.000</ele></trkpt>
      <trkpt lat="22.4060570968" lon="114.3519687147"><ele>254.000</ele></trkpt>
      <trkpt lat="22.4060565478" lon="114.3519669367"><ele>254.000</ele></trkpt>
      <trkpt lat="22.4060538178" lon="114.3519604166"><ele>254.000</ele></trkpt>
      <trkpt lat="22.4060505629" lon="114.3519473694"><ele>254.000</ele></trkpt>
      <trkpt lat="22.4060478447" lon="114.3519390720"><ele>254.000</ele></trkpt>
      <trkpt lat="22.4060473189" lon="114.3519325546"><ele>254.000</ele></trkpt>
      <trkpt lat="22.4060500970" lon="114.3519272457"><ele>256.000</ele></trkpt>
      <trkpt lat="22.4060567315" lon="114.3519207567"><ele>256.000</ele></trkpt>
      <trkpt lat="22.4060589478" lon="114.3519172233"><ele>256.000</ele></trkpt>
      <trkpt lat="22.4060606248" lon="114.3519113109"><ele>256.000</ele></trkpt>
      <trkpt lat="22.4060606500" lon="114.3519047942"><ele>256.000</ele></trkpt>
      <trkpt lat="22.4060612852" lon="114.3518852643"><ele>256.000</ele></trkpt>
      <trkpt lat="22.4060602837" lon="114.3518586134"><ele>258.000</ele></trkpt>
      <trkpt lat="22.4060603555" lon="114.3518414525"><ele>258.000</ele></trkpt>
      <trkpt lat="22.4060615087" lon="114.3518272454"><ele>258.000</ele></trkpt>
      <trkpt lat="22.4060649240" lon="114.3518006195"><ele>258.000</ele></trkpt>
      <trkpt lat="22.4060672269" lon="114.3517745837"><ele>260.000</ele></trkpt>
      <trkpt lat="22.4060700891" lon="114.3517491420"><ele>260.000</ele></trkpt>
      <trkpt lat="22.4060712790" lon="114.3517260582"><ele>260.000</ele></trkpt>
      <trkpt lat="22.4060741335" lon="114.3516994316"><ele>260.000</ele></trkpt>
      <trkpt lat="22.4060747693" lon="114.3516792995"><ele>260.000</ele></trkpt>
      <trkpt lat="22.4060742910" lon="114.3516615455"><ele>260.000</ele></trkpt>
      <trkpt lat="22.4060683188" lon="114.3516384236"><ele>260.000</ele></trkpt>
      <trkpt lat="22.4060672416" lon="114.3516324980"><ele>260.000</ele></trkpt>
      <trkpt lat="22.4060645999" lon="114.3516034754"><ele>260.000</ele></trkpt>
      <trkpt lat="22.4060646730" lon="114.3515851286"><ele>260.000</ele></trkpt>
      <trkpt lat="22.4060669646" lon="114.3515620462"><ele>260.000</ele></trkpt>
      <trkpt lat="22.4060686511" lon="114.3515549489"><ele>260.000</ele></trkpt>
      <trkpt lat="22.4060692270" lon="114.3515484426"><ele>260.000</ele></trkpt>
      <trkpt lat="22.4060781649" lon="114.3515171036"><ele>260.000</ele></trkpt>
      <trkpt lat="22.4060815567" lon="114.3514946237"><ele>260.000</ele></trkpt>
      <trkpt lat="22.4060827189" lon="114.3514804263"><ele>260.000</ele></trkpt>
      <trkpt lat="22.4060821922" lon="114.3514739089"><ele>260.000</ele></trkpt>
      <trkpt lat="22.4060827914" lon="114.3514626632"><ele>260.000</ele></trkpt>
      <trkpt lat="22.4060939562" lon="114.3514254222"><ele>260.000</ele></trkpt>
      <trkpt lat="22.4061067630" lon="114.3513905519"><ele>262.000</ele></trkpt>
      <trkpt lat="22.4061112429" lon="114.3513722213"><ele>262.000</ele></trkpt>
      <trkpt lat="22.4061118189" lon="114.3513657053"><ele>262.000</ele></trkpt>
      <trkpt lat="22.4061108012" lon="114.3513455712"><ele>262.000</ele></trkpt>
      <trkpt lat="22.4061092110" lon="114.3513295833"><ele>262.000</ele></trkpt>
      <trkpt lat="22.4061081840" lon="114.3513106340"><ele>262.000</ele></trkpt>
      <trkpt lat="22.4061049654" lon="114.3512881177"><ele>262.000</ele></trkpt>
      <trkpt lat="22.4061033875" lon="114.3512691668"><ele>262.000</ele></trkpt>
      <trkpt lat="22.4061008038" lon="114.3512265378"><ele>264.000</ele></trkpt>
      <trkpt lat="22.4060981248" lon="114.3512069843"><ele>264.000</ele></trkpt>
      <trkpt lat="22.4060960060" lon="114.3511862564"><ele>264.000</ele></trkpt>
      <trkpt lat="22.4060960703" lon="114.3511684933"><ele>264.000</ele></trkpt>
      <trkpt lat="22.4060988625" lon="114.3511584449"><ele>264.000</ele></trkpt>
      <trkpt lat="22.4061231823" lon="114.3511402061"><ele>264.000</ele></trkpt>
      <trkpt lat="22.4061386442" lon="114.3511302124"><ele>264.000</ele></trkpt>
      <trkpt lat="22.4061463909" lon="114.3511231410"><ele>264.000</ele></trkpt>
      <trkpt lat="22.4061524767" lon="114.3511154762"><ele>264.000</ele></trkpt>
      <trkpt lat="22.4061563675" lon="114.3511083913"><ele>264.000</ele></trkpt>
      <trkpt lat="22.4061658192" lon="114.3510853469"><ele>266.000</ele></trkpt>
      <trkpt lat="22.4061791009" lon="114.3510706003"><ele>266.000</ele></trkpt>
      <trkpt lat="22.4061846442" lon="114.3510635272"><ele>266.000</ele></trkpt>
      <trkpt lat="22.4061945981" lon="114.3510529138"><ele>266.000</ele></trkpt>
      <trkpt lat="22.4062051600" lon="114.3510304632"><ele>266.000</ele></trkpt>
      <trkpt lat="22.4062146352" lon="114.3510032815"><ele>268.000</ele></trkpt>
      <trkpt lat="22.4062229730" lon="114.3509831872"><ele>268.000</ele></trkpt>
      <trkpt lat="22.4062396444" lon="114.3509477399"><ele>266.000</ele></trkpt>
      <trkpt lat="22.4062468794" lon="114.3509294215"><ele>266.000</ele></trkpt>
      <trkpt lat="22.4062641152" lon="114.3508898366"><ele>268.000</ele></trkpt>
      <trkpt lat="22.4062746676" lon="114.3508685709"><ele>268.000</ele></trkpt>
      <trkpt lat="22.4062852056" lon="114.3508514521"><ele>266.000</ele></trkpt>
      <trkpt lat="22.4062968469" lon="114.3508337510"><ele>266.000</ele></trkpt>
      <trkpt lat="22.4063057094" lon="114.3508219523"><ele>268.000</ele></trkpt>
      <trkpt lat="22.4063173144" lon="114.3508119333"><ele>268.000</ele></trkpt>
      <trkpt lat="22.4063250509" lon="114.3508060575"><ele>266.000</ele></trkpt>
      <trkpt lat="22.4063515755" lon="114.3507872289"><ele>267.000</ele></trkpt>
      <trkpt lat="22.4063602690" lon="114.3507814776"><ele>267.000</ele></trkpt>
      <trkpt lat="22.4063602699" lon="114.3507814766"><ele>267.000</ele></trkpt>
      <trkpt lat="22.4063720170" lon="114.3507737061"><ele>267.000</ele></trkpt>
      <trkpt lat="22.4064272476" lon="114.3507390332"><ele>266.000</ele></trkpt>
      <trkpt lat="22.4064382886" lon="114.3507337530"><ele>266.000</ele></trkpt>
      <trkpt lat="22.4064482149" lon="114.3507320269"><ele>266.000</ele></trkpt>
      <trkpt lat="22.4065253446" lon="114.3507323831"><ele>266.000</ele></trkpt>
      <trkpt lat="22.4065347221" lon="114.3507288684"><ele>267.000</ele></trkpt>
      <trkpt lat="22.4065385903" lon="114.3507259305"><ele>267.000</ele></trkpt>
      <trkpt lat="22.4065413542" lon="114.3507253512"><ele>267.000</ele></trkpt>
      <trkpt lat="22.4065496427" lon="114.3507182815"><ele>267.000</ele></trkpt>
      <trkpt lat="22.4065568383" lon="114.3507106277"><ele>266.000</ele></trkpt>
      <trkpt lat="22.4065651391" lon="114.3507005948"><ele>266.000</ele></trkpt>
      <trkpt lat="22.4065834401" lon="114.3506704910"><ele>267.000</ele></trkpt>
      <trkpt lat="22.4066050300" lon="114.3506463147"><ele>266.000</ele></trkpt>
      <trkpt lat="22.4066089007" lon="114.3506410070"><ele>266.000</ele></trkpt>
      <trkpt lat="22.4066238201" lon="114.3506316040"><ele>266.000</ele></trkpt>
      <trkpt lat="22.4066442140" lon="114.3506287342"><ele>266.000</ele></trkpt>
      <trkpt lat="22.4066590878" lon="114.3506282088"><ele>266.000</ele></trkpt>
      <trkpt lat="22.4066794772" lon="114.3506294860"><ele>264.000</ele></trkpt>
      <trkpt lat="22.4066926868" lon="114.3506313283"><ele>264.000</ele></trkpt>
      <trkpt lat="22.4067053548" lon="114.3506337526"><ele>264.000</ele></trkpt>
      <trkpt lat="22.4067180110" lon="114.3506379533"><ele>264.000</ele></trkpt>
      <trkpt lat="22.4067295443" lon="114.3506451157"><ele>264.000</ele></trkpt>
      <trkpt lat="22.4067361520" lon="114.3506475130"><ele>264.000</ele></trkpt>
      <trkpt lat="22.4067532144" lon="114.3506523213"><ele>264.000</ele></trkpt>
      <trkpt lat="22.4067647714" lon="114.3506541518"><ele>264.000</ele></trkpt>
      <trkpt lat="22.4067735835" lon="114.3506565616"><ele>264.000</ele></trkpt>
      <trkpt lat="22.4067862416" lon="114.3506589947"><ele>264.000</ele></trkpt>
      <trkpt lat="22.4068093512" lon="114.3506667930"><ele>262.000</ele></trkpt>
      <trkpt lat="22.4068236471" lon="114.3506745503"><ele>262.000</ele></trkpt>
      <trkpt lat="22.4068418128" lon="114.3506787782"><ele>262.000</ele></trkpt>
      <trkpt lat="22.4068478818" lon="114.3506782215"><ele>261.000</ele></trkpt>
      <trkpt lat="22.4068555964" lon="114.3506758905"><ele>261.000</ele></trkpt>
      <trkpt lat="22.4068616680" lon="114.3506729553"><ele>261.000</ele></trkpt>
      <trkpt lat="22.4068842979" lon="114.3506641737"><ele>260.000</ele></trkpt>
      <trkpt lat="22.4069030398" lon="114.3506607104"><ele>261.000</ele></trkpt>
      <trkpt lat="22.4069151583" lon="114.3506619482"><ele>261.000</ele></trkpt>
      <trkpt lat="22.4069234082" lon="114.3506655422"><ele>261.000</ele></trkpt>
      <trkpt lat="22.4069415338" lon="114.3506810165"><ele>264.000</ele></trkpt>
      <trkpt lat="22.4069772407" lon="114.3507066414"><ele>264.000</ele></trkpt>
      <trkpt lat="22.4069843890" lon="114.3507102243"><ele>264.000</ele></trkpt>
      <trkpt lat="22.4069959557" lon="114.3507114615"><ele>264.000</ele></trkpt>
      <trkpt lat="22.4070091891" lon="114.3507079719"><ele>264.000</ele></trkpt>
      <trkpt lat="22.4070246735" lon="114.3506938301"><ele>264.000</ele></trkpt>
      <trkpt lat="22.4070384937" lon="114.3506820569"><ele>264.000</ele></trkpt>
      <trkpt lat="22.4070473550" lon="114.3506714420"><ele>264.000</ele></trkpt>
      <trkpt lat="22.4070650426" lon="114.3506567211"><ele>264.000</ele></trkpt>
      <trkpt lat="22.4070722165" lon="114.3506532046"><ele>262.000</ele></trkpt>
      <trkpt lat="22.4070838064" lon="114.3506497023"><ele>262.000</ele></trkpt>
      <trkpt lat="22.4070959368" lon="114.3506473962"><ele>262.000</ele></trkpt>
      <trkpt lat="22.4071229416" lon="114.3506439616"><ele>262.000</ele></trkpt>
      <trkpt lat="22.4071328789" lon="114.3506404582"><ele>262.000</ele></trkpt>
      <trkpt lat="22.4071389518" lon="114.3506363372"><ele>262.000</ele></trkpt>
      <trkpt lat="22.4071444835" lon="114.3506316338"><ele>262.000</ele></trkpt>
      <trkpt lat="22.4071483530" lon="114.3506275013"><ele>262.000</ele></trkpt>
      <trkpt lat="22.4071522443" lon="114.3506198239"><ele>262.000</ele></trkpt>
      <trkpt lat="22.4071528202" lon="114.3506133176"><ele>263.000</ele></trkpt>
      <trkpt lat="22.4071511946" lon="114.3506050215"><ele>263.000</ele></trkpt>
      <trkpt lat="22.4071441303" lon="114.3505813056"><ele>263.000</ele></trkpt>
      <trkpt lat="22.4071299337" lon="114.3505474999"><ele>264.000</ele></trkpt>
      <trkpt lat="22.4071228465" lon="114.3505291159"><ele>264.000</ele></trkpt>
      <trkpt lat="22.4071168601" lon="114.3505107333"><ele>266.000</ele></trkpt>
      <trkpt lat="22.4071065561" lon="114.3504680556"><ele>264.000</ele></trkpt>
      <trkpt lat="22.4070951479" lon="114.3504277473"><ele>264.000</ele></trkpt>
      <trkpt lat="22.4070864592" lon="114.3503945602"><ele>264.000</ele></trkpt>
      <trkpt lat="22.4070859565" lon="114.3503833034"><ele>264.000</ele></trkpt>
      <trkpt lat="22.4070887722" lon="114.3503673394"><ele>263.000</ele></trkpt>
      <trkpt lat="22.4070905102" lon="114.3503466258"><ele>263.000</ele></trkpt>
      <trkpt lat="22.4070927496" lon="114.3503383442"><ele>263.000</ele></trkpt>
      <trkpt lat="22.4071021750" lon="114.3503229915"><ele>263.000</ele></trkpt>
      <trkpt lat="22.4071132293" lon="114.3503135739"><ele>263.000</ele></trkpt>
      <trkpt lat="22.4071264865" lon="114.3503047524"><ele>266.000</ele></trkpt>
      <trkpt lat="22.4071325710" lon="114.3502982723"><ele>266.000</ele></trkpt>
      <trkpt lat="22.4071408582" lon="114.3502923865"><ele>266.000</ele></trkpt>
      <trkpt lat="22.4071840046" lon="114.3502505511"><ele>266.000</ele></trkpt>
      <trkpt lat="22.4072094538" lon="114.3502240290"><ele>265.000</ele></trkpt>
      <trkpt lat="22.4072260525" lon="114.3502057512"><ele>265.000</ele></trkpt>
      <trkpt lat="22.4072426623" lon="114.3501862992"><ele>265.000</ele></trkpt>
      <trkpt lat="22.4072725785" lon="114.3501449912"><ele>266.000</ele></trkpt>
      <trkpt lat="22.4072886635" lon="114.3501172435"><ele>264.000</ele></trkpt>
      <trkpt lat="22.4072975376" lon="114.3501030749"><ele>267.000</ele></trkpt>
      <trkpt lat="22.4073086163" lon="114.3500877330"><ele>267.000</ele></trkpt>
      <trkpt lat="22.4073230109" lon="114.3500700361"><ele>266.000</ele></trkpt>
      <trkpt lat="22.4073330002" lon="114.3500517306"><ele>266.000</ele></trkpt>
      <trkpt lat="22.4073424398" lon="114.3500322405"><ele>268.000</ele></trkpt>
      <trkpt lat="22.4073485452" lon="114.3500222058"><ele>268.000</ele></trkpt>
      <trkpt lat="22.4073540923" lon="114.3500115673"><ele>268.000</ele></trkpt>
      <trkpt lat="22.4073602127" lon="114.3499967932"><ele>268.000</ele></trkpt>
      <trkpt lat="22.4073707654" lon="114.3499743521"><ele>266.000</ele></trkpt>
      <trkpt lat="22.4073779997" lon="114.3499566259"><ele>266.000</ele></trkpt>
      <trkpt lat="22.4073924425" lon="114.3499276825"><ele>269.000</ele></trkpt>
      <trkpt lat="22.4074080032" lon="114.3498928248"><ele>269.000</ele></trkpt>
      <trkpt lat="22.4074302686" lon="114.3498355018"><ele>267.000</ele></trkpt>
      <trkpt lat="22.4074375280" lon="114.3498112599"><ele>271.000</ele></trkpt>
      <trkpt lat="22.4074537853" lon="114.3497397013"><ele>269.000</ele></trkpt>
      <trkpt lat="22.4074655250" lon="114.3496965351"><ele>269.000</ele></trkpt>
      <trkpt lat="22.4074705788" lon="114.3496734752"><ele>269.000</ele></trkpt>
      <trkpt lat="22.4074756103" lon="114.3496551451"><ele>269.000</ele></trkpt>
      <trkpt lat="22.4074807513" lon="114.3496095816"><ele>272.000</ele></trkpt>
      <trkpt lat="22.4074808248" lon="114.3495906335"><ele>272.000</ele></trkpt>
      <trkpt lat="22.4074819784" lon="114.3495758434"><ele>272.000</ele></trkpt>
      <trkpt lat="22.4074826037" lon="114.3495568960"><ele>272.000</ele></trkpt>
      <trkpt lat="22.4074866533" lon="114.3495101472"><ele>270.000</ele></trkpt>
      <trkpt lat="22.4074883422" lon="114.3495006791"><ele>270.000</ele></trkpt>
      <trkpt lat="22.4074894926" lon="114.3494888513"><ele>270.000</ele></trkpt>
      <trkpt lat="22.4074939392" lon="114.3494770275"><ele>270.000</ele></trkpt>
      <trkpt lat="22.4075011491" lon="114.3494652168"><ele>270.000</ele></trkpt>
      <trkpt lat="22.4075122860" lon="114.3494368510"><ele>270.000</ele></trkpt>
      <trkpt lat="22.4075139905" lon="114.3494220617"><ele>270.000</ele></trkpt>
      <trkpt lat="22.4075135112" lon="114.3494048902"><ele>270.000</ele></trkpt>
      <trkpt lat="22.4075141499" lon="114.3493818055"><ele>270.000</ele></trkpt>
      <trkpt lat="22.4075175511" lon="114.3493587338"><ele>270.000</ele></trkpt>
      <trkpt lat="22.4075192658" lon="114.3493427596"><ele>270.000</ele></trkpt>
      <trkpt lat="22.4075276400" lon="114.3493137882"><ele>272.000</ele></trkpt>
      <trkpt lat="22.4075404788" lon="114.3492729941"><ele>272.000</ele></trkpt>
      <trkpt lat="22.4075449726" lon="114.3492499228"><ele>272.000</ele></trkpt>
      <trkpt lat="22.4075472369" lon="114.3492351342"><ele>272.000</ele></trkpt>
      <trkpt lat="22.4075483989" lon="114.3492209366"><ele>272.000</ele></trkpt>
      <trkpt lat="22.4075500878" lon="114.3492114694"><ele>272.000</ele></trkpt>
      <trkpt lat="22.4075512383" lon="114.3491996318"><ele>272.000</ele></trkpt>
      <trkpt lat="22.4075568115" lon="114.3491813121"><ele>272.000</ele></trkpt>
      <trkpt lat="22.4075607391" lon="114.3491641548"><ele>272.000</ele></trkpt>
      <trkpt lat="22.4075668954" lon="114.3491410962"><ele>272.000</ele></trkpt>
      <trkpt lat="22.4075685864" lon="114.3491304442"><ele>274.000</ele></trkpt>
      <trkpt lat="22.4075686214" lon="114.3491221599"><ele>274.000</ele></trkpt>
      <trkpt lat="22.4075659056" lon="114.3491114927"><ele>272.000</ele></trkpt>
      <trkpt lat="22.4075522893" lon="114.3490888070"><ele>272.000</ele></trkpt>
      <trkpt lat="22.4075505801" lon="114.3490859602"><ele>272.000</ele></trkpt>
      <trkpt lat="22.4075473115" lon="114.3490770697"><ele>272.000</ele></trkpt>
      <trkpt lat="22.4075473500" lon="114.3490664156"><ele>272.000</ele></trkpt>
      <trkpt lat="22.4075501421" lon="114.3490563574"><ele>272.000</ele></trkpt>
      <trkpt lat="22.4075601284" lon="114.3490398301"><ele>272.000</ele></trkpt>
      <trkpt lat="22.4075673248" lon="114.3490321654"><ele>272.000</ele></trkpt>
      <trkpt lat="22.4075778520" lon="114.3490174161"><ele>274.000</ele></trkpt>
      <trkpt lat="22.4075817343" lon="114.3490097386"><ele>274.000</ele></trkpt>
      <trkpt lat="22.4075873272" lon="114.3489890394"><ele>274.000</ele></trkpt>
      <trkpt lat="22.4075951026" lon="114.3489719063"><ele>274.000</ele></trkpt>
      <trkpt lat="22.4075995338" lon="114.3489660068"><ele>274.000</ele></trkpt>
      <trkpt lat="22.4076155783" lon="114.3489506903"><ele>275.000</ele></trkpt>
      <trkpt lat="22.4076360459" lon="114.3489294752"><ele>275.000</ele></trkpt>
      <trkpt lat="22.4076415794" lon="114.3489229837"><ele>275.000</ele></trkpt>
      <trkpt lat="22.4076427043" lon="114.3489182553"><ele>275.000</ele></trkpt>
      <trkpt lat="22.4076449224" lon="114.3489129358"><ele>275.000</ele></trkpt>
      <trkpt lat="22.4076460478" lon="114.3489076150"><ele>275.000</ele></trkpt>
      <trkpt lat="22.4076482753" lon="114.3489011107"><ele>275.000</ele></trkpt>
      <trkpt lat="22.4076494020" lon="114.3488946050"><ele>275.000</ele></trkpt>
      <trkpt lat="22.4076572346" lon="114.3488662263"><ele>276.000</ele></trkpt>
      <trkpt lat="22.4076639177" lon="114.3488478972"><ele>278.000</ele></trkpt>
      <trkpt lat="22.4076672619" lon="114.3488366644"><ele>278.000</ele></trkpt>
      <trkpt lat="22.4076750832" lon="114.3488094706"><ele>278.000</ele></trkpt>
      <trkpt lat="22.4076840415" lon="114.3487745852"><ele>278.000</ele></trkpt>
      <trkpt lat="22.4076940921" lon="114.3487408870"><ele>278.000</ele></trkpt>
      <trkpt lat="22.4076985621" lon="114.3487231486"><ele>278.000</ele></trkpt>
      <trkpt lat="22.4077058200" lon="114.3487000904"><ele>280.000</ele></trkpt>
      <trkpt lat="22.4077125409" lon="114.3486717006"><ele>279.000</ele></trkpt>
      <trkpt lat="22.4077187468" lon="114.3486350258"><ele>279.000</ele></trkpt>
      <trkpt lat="22.4077221019" lon="114.3486220148"><ele>278.000</ele></trkpt>
      <trkpt lat="22.4077304618" lon="114.3485977837"><ele>278.000</ele></trkpt>
      <trkpt lat="22.4077460810" lon="114.3485493096"><ele>277.000</ele></trkpt>
      <trkpt lat="22.4077689093" lon="114.3484896172"><ele>276.000</ele></trkpt>
      <trkpt lat="22.4077756045" lon="114.3484683366"><ele>276.000</ele></trkpt>
      <trkpt lat="22.4077839550" lon="114.3484452894"><ele>276.000</ele></trkpt>
      <trkpt lat="22.4077962459" lon="114.3484015323"><ele>278.000</ele></trkpt>
      <trkpt lat="22.4077986503" lon="114.3483917581"><ele>278.000</ele></trkpt>
      <trkpt lat="22.4077917057" lon="114.3483723303"><ele>276.000</ele></trkpt>
      <trkpt lat="22.4077893469" lon="114.3483434184"><ele>276.000</ele></trkpt>
      <trkpt lat="22.4077851983" lon="114.3483119356"><ele>276.000</ele></trkpt>
      <trkpt lat="22.4077870160" lon="114.3482881685"><ele>276.000</ele></trkpt>
      <trkpt lat="22.4077888452" lon="114.3482528373"><ele>276.000</ele></trkpt>
      <trkpt lat="22.4077852923" lon="114.3482232820"><ele>276.000</ele></trkpt>
      <trkpt lat="22.4077888997" lon="114.3482014450"><ele>276.000</ele></trkpt>
      <trkpt lat="22.4077967051" lon="114.3481635513"><ele>277.000</ele></trkpt>
      <trkpt lat="22.4078075065" lon="114.3481166688"><ele>276.000</ele></trkpt>
      <trkpt lat="22.4078177415" lon="114.3480408767"><ele>276.000</ele></trkpt>
      <trkpt lat="22.4078261564" lon="114.3479920635"><ele>275.000</ele></trkpt>
      <trkpt lat="22.4078279895" lon="114.3479528785"><ele>275.000</ele></trkpt>
      <trkpt lat="22.4078286220" lon="114.3479201156"><ele>274.000</ele></trkpt>
      <trkpt lat="22.4078334238" lon="114.3478976371"><ele>274.000</ele></trkpt>
      <trkpt lat="22.4078441986" lon="114.3478758078"><ele>274.000</ele></trkpt>
      <trkpt lat="22.4078663486" lon="114.3478295812"><ele>274.000</ele></trkpt>
      <trkpt lat="22.4078741404" lon="114.3478045365"><ele>274.000</ele></trkpt>
      <trkpt lat="22.4078777579" lon="114.3477730631"><ele>273.000</ele></trkpt>
      <trkpt lat="22.4078837526" lon="114.3477531559"><ele>272.000</ele></trkpt>
      <trkpt lat="22.4078933340" lon="114.3477300402"><ele>272.000</ele></trkpt>
      <trkpt lat="22.4079053008" lon="114.3477107822"><ele>272.000</ele></trkpt>
      <trkpt lat="22.4079292182" lon="114.3476883270"><ele>272.000</ele></trkpt>
      <trkpt lat="22.4079644931" lon="114.3476575343"><ele>272.000</ele></trkpt>
      <trkpt lat="22.4079716687" lon="114.3476498346"><ele>272.000</ele></trkpt>
      <trkpt lat="22.4079710847" lon="114.3476376277"><ele>272.000</ele></trkpt>
      <trkpt lat="22.4079693623" lon="114.3475720992"><ele>272.000</ele></trkpt>
      <trkpt lat="22.4079640439" lon="114.3475168456"><ele>272.000</ele></trkpt>
      <trkpt lat="22.4079545500" lon="114.3474570891"><ele>270.000</ele></trkpt>
      <trkpt lat="22.4079456334" lon="114.3474159632"><ele>270.000</ele></trkpt>
      <trkpt lat="22.4079456517" lon="114.3473986184"><ele>270.000</ele></trkpt>
      <trkpt lat="22.4079522399" lon="114.3473819236"><ele>270.000</ele></trkpt>
      <trkpt lat="22.4079600248" lon="114.3473633034"><ele>270.000</ele></trkpt>
      <trkpt lat="22.4079755730" lon="114.3473466195"><ele>270.000</ele></trkpt>
      <trkpt lat="22.4079923200" lon="114.3473260824"><ele>271.000</ele></trkpt>
      <trkpt lat="22.4080012970" lon="114.3473100334"><ele>271.000</ele></trkpt>
      <trkpt lat="22.4080078872" lon="114.3472914108"><ele>271.000</ele></trkpt>
      <trkpt lat="22.4080108925" lon="114.3472734267"><ele>271.000</ele></trkpt>
      <trkpt lat="22.4080085539" lon="114.3472252432"><ele>270.000</ele></trkpt>
      <trkpt lat="22.4080044181" lon="114.3471821962"><ele>270.000</ele></trkpt>
      <trkpt lat="22.4080020578" lon="114.3471545692"><ele>270.000</ele></trkpt>
      <trkpt lat="22.4080032877" lon="114.3471211650"><ele>271.000</ele></trkpt>
      <trkpt lat="22.4080110963" lon="114.3470800604"><ele>271.000</ele></trkpt>
      <trkpt lat="22.4080111213" lon="114.3470562911"><ele>272.000</ele></trkpt>
      <trkpt lat="22.4080117503" lon="114.3470267409"><ele>272.000</ele></trkpt>
      <trkpt lat="22.4080070295" lon="114.3469714870"><ele>272.000</ele></trkpt>
      <trkpt lat="22.4080064508" lon="114.3469541415"><ele>272.000</ele></trkpt>
      <trkpt lat="22.4080190388" lon="114.3469117577"><ele>272.000</ele></trkpt>
      <trkpt lat="22.4080190624" lon="114.3468892724"><ele>272.000</ele></trkpt>
      <trkpt lat="22.4080083587" lon="114.3468436485"><ele>272.000</ele></trkpt>
      <trkpt lat="22.4079964677" lon="114.3467909557"><ele>272.000</ele></trkpt>
      <trkpt lat="22.4079905448" lon="114.3467427678"><ele>272.000</ele></trkpt>
      <trkpt lat="22.4079882019" lon="114.3466984381"><ele>272.000</ele></trkpt>
      <trkpt lat="22.4079888496" lon="114.3466509002"><ele>273.000</ele></trkpt>
      <trkpt lat="22.4079894763" lon="114.3466226339"><ele>274.000</ele></trkpt>
      <trkpt lat="22.4079997079" lon="114.3465494114"><ele>274.000</ele></trkpt>
      <trkpt lat="22.4080081243" lon="114.3464986712"><ele>274.000</ele></trkpt>
      <trkpt lat="22.4080159152" lon="114.3464742693"><ele>274.000</ele></trkpt>
      <trkpt lat="22.4080410728" lon="114.3464074885"><ele>274.000</ele></trkpt>
      <trkpt lat="22.4080459034" lon="114.3463573858"><ele>274.000</ele></trkpt>
      <trkpt lat="22.4080531609" lon="114.3463068811"><ele>275.000</ele></trkpt>
      <trkpt lat="22.4080661665" lon="114.3462586666"><ele>276.000</ele></trkpt>
      <trkpt lat="22.4080801714" lon="114.3462083099"><ele>277.000</ele></trkpt>
      <trkpt lat="22.4080985814" lon="114.3461750625"><ele>276.000</ele></trkpt>
      <trkpt lat="22.4081343016" lon="114.3461542170"><ele>278.000</ele></trkpt>
      <trkpt lat="22.4081496780" lon="114.3461393655"><ele>276.000</ele></trkpt>
      <trkpt lat="22.4081611706" lon="114.3461156333"><ele>278.000</ele></trkpt>
      <trkpt lat="22.4081660610" lon="114.3460936996"><ele>277.000</ele></trkpt>
      <trkpt lat="22.4081742466" lon="114.3460717593"><ele>277.000</ele></trkpt>
      <trkpt lat="22.4081791841" lon="114.3460652290"><ele>277.000</ele></trkpt>
      <trkpt lat="22.4081934600" lon="114.3460491922"><ele>277.000</ele></trkpt>
      <trkpt lat="22.4081994783" lon="114.3460367282"><ele>277.000</ele></trkpt>
      <trkpt lat="22.4082049305" lon="114.3460207195"><ele>278.000</ele></trkpt>
      <trkpt lat="22.4082092700" lon="114.3459987949"><ele>278.000</ele></trkpt>
      <trkpt lat="22.4082119638" lon="114.3459780531"><ele>278.000</ele></trkpt>
      <trkpt lat="22.4082157656" lon="114.3459608663"><ele>278.000</ele></trkpt>
      <trkpt lat="22.4082277869" lon="114.3459323953"><ele>278.000</ele></trkpt>
      <trkpt lat="22.4082436730" lon="114.3459050934"><ele>278.000</ele></trkpt>
      <trkpt lat="22.4082677530" lon="114.3458564542"><ele>278.000</ele></trkpt>
      <trkpt lat="22.4082808726" lon="114.3458226429"><ele>278.000</ele></trkpt>
      <trkpt lat="22.4082962128" lon="114.3457983122"><ele>278.000</ele></trkpt>
      <trkpt lat="22.4083132137" lon="114.3457757511"><ele>278.000</ele></trkpt>
      <trkpt lat="22.4083439184" lon="114.3457306260"><ele>280.000</ele></trkpt>
      <trkpt lat="22.4083718269" lon="114.3456736778"><ele>278.000</ele></trkpt>
      <trkpt lat="22.4083888138" lon="114.3456463772"><ele>279.000</ele></trkpt>
      <trkpt lat="22.4084096981" lon="114.3456320868"><ele>279.000</ele></trkpt>
      <trkpt lat="22.4084245254" lon="114.3456154572"><ele>278.000</ele></trkpt>
      <trkpt lat="22.4084409327" lon="114.3455810466"><ele>278.000</ele></trkpt>
      <trkpt lat="22.4084545809" lon="114.3455425060"><ele>278.000</ele></trkpt>
      <trkpt lat="22.4084632989" lon="114.3455122720"><ele>278.000</ele></trkpt>
      <trkpt lat="22.4084910388" lon="114.3453996440"><ele>278.000</ele></trkpt>
      <trkpt lat="22.4085045421" lon="114.3453172714"><ele>278.000</ele></trkpt>
      <trkpt lat="22.4085137900" lon="114.3452811146"><ele>278.000</ele></trkpt>
      <trkpt lat="22.4085285817" lon="114.3452544134"><ele>278.000</ele></trkpt>
      <trkpt lat="22.4085405833" lon="114.3452188320"><ele>278.000</ele></trkpt>
      <trkpt lat="22.4085476205" lon="114.3451809050"><ele>278.000</ele></trkpt>
      <trkpt lat="22.4085502942" lon="114.3451542484"><ele>278.000</ele></trkpt>
      <trkpt lat="22.4085467907" lon="114.3450914738"><ele>278.000</ele></trkpt>
      <trkpt lat="22.4085433825" lon="114.3450595071"><ele>278.000</ele></trkpt>
      <trkpt lat="22.4085410569" lon="114.3450198303"><ele>278.000</ele></trkpt>
      <trkpt lat="22.4085415258" lon="114.3449943657"><ele>278.000</ele></trkpt>
      <trkpt lat="22.4085447495" lon="114.3449677001"><ele>278.000</ele></trkpt>
      <trkpt lat="22.4085518076" lon="114.3449356965"><ele>278.000</ele></trkpt>
      <trkpt lat="22.4085572205" lon="114.3449060616"><ele>278.000</ele></trkpt>
      <trkpt lat="22.4085598639" lon="114.3448728882"><ele>278.000</ele></trkpt>
      <trkpt lat="22.4085598039" lon="114.3448515603"><ele>278.000</ele></trkpt>
      <trkpt lat="22.4085586400" lon="114.3448332030"><ele>279.000</ele></trkpt>
      <trkpt lat="22.4085597011" lon="114.3448201706"><ele>279.000</ele></trkpt>
      <trkpt lat="22.4085629569" lon="114.3448059453"><ele>279.000</ele></trkpt>
      <trkpt lat="22.4085990874" lon="114.3447359342"><ele>278.000</ele></trkpt>
      <trkpt lat="22.4086100230" lon="114.3447092477"><ele>278.000</ele></trkpt>
      <trkpt lat="22.4086302814" lon="114.3446706858"><ele>280.000</ele></trkpt>
      <trkpt lat="22.4086423519" lon="114.3446564225"><ele>280.000</ele></trkpt>
      <trkpt lat="22.4086511244" lon="114.3446439626"><ele>279.000</ele></trkpt>
      <trkpt lat="22.4086582587" lon="114.3446350457"><ele>280.000</ele></trkpt>
      <trkpt lat="22.4086631736" lon="114.3446231922"><ele>280.000</ele></trkpt>
      <trkpt lat="22.4086734961" lon="114.3445781403"><ele>280.000</ele></trkpt>
      <trkpt lat="22.4086893266" lon="114.3445336671"><ele>280.000</ele></trkpt>
      <trkpt lat="22.4086920343" lon="114.3445176647"><ele>280.000</ele></trkpt>
      <trkpt lat="22.4086925517" lon="114.3445064090"><ele>280.000</ele></trkpt>
      <trkpt lat="22.4086974613" lon="114.3444909920"><ele>280.000</ele></trkpt>
      <trkpt lat="22.4087007030" lon="114.3444738044"><ele>280.000</ele></trkpt>
      <trkpt lat="22.4087000771" lon="114.3444495234"><ele>280.000</ele></trkpt>
      <trkpt lat="22.4086945212" lon="114.3444341521"><ele>280.000</ele></trkpt>
      <trkpt lat="22.4086861773" lon="114.3444069287"><ele>280.000</ele></trkpt>
      <trkpt lat="22.4086766963" lon="114.3443702444"><ele>280.000</ele></trkpt>
      <trkpt lat="22.4086687725" lon="114.3443027550"><ele>280.000</ele></trkpt>
      <trkpt lat="22.4086654404" lon="114.3442938838"><ele>280.000</ele></trkpt>
      <trkpt lat="22.4086593468" lon="114.3442832427"><ele>280.000</ele></trkpt>
      <trkpt lat="22.4086565037" lon="114.3442548206"><ele>278.000</ele></trkpt>
      <trkpt lat="22.4086558965" lon="114.3442394262"><ele>278.000</ele></trkpt>
      <trkpt lat="22.4086564004" lon="114.3442228385"><ele>278.000</ele></trkpt>
      <trkpt lat="22.4086613097" lon="114.3442086064"><ele>280.000</ele></trkpt>
      <trkpt lat="22.4086596092" lon="114.3441938031"><ele>280.000</ele></trkpt>
      <trkpt lat="22.4086568133" lon="114.3441807855"><ele>278.000</ele></trkpt>
      <trkpt lat="22.4086539842" lon="114.3441571039"><ele>278.000</ele></trkpt>
      <trkpt lat="22.4086517116" lon="114.3441357928"><ele>278.000</ele></trkpt>
      <trkpt lat="22.4086516794" lon="114.3441233515"><ele>278.000</ele></trkpt>
      <trkpt lat="22.4086543911" lon="114.3441120887"><ele>278.000</ele></trkpt>
      <trkpt lat="22.4086604293" lon="114.3441055597"><ele>280.000</ele></trkpt>
      <trkpt lat="22.4086609611" lon="114.3440978576"><ele>280.000</ele></trkpt>
      <trkpt lat="22.4086602788" lon="114.3440581730"><ele>280.000</ele></trkpt>
      <trkpt lat="22.4086656794" lon="114.3440220310"><ele>280.000</ele></trkpt>
      <trkpt lat="22.4086754841" lon="114.3439894187"><ele>280.000</ele></trkpt>
      <trkpt lat="22.4086858956" lon="114.3439716191"><ele>280.000</ele></trkpt>
      <trkpt lat="22.4086963141" lon="114.3439567720"><ele>280.000</ele></trkpt>
      <trkpt lat="22.4087006653" lon="114.3439407706"><ele>280.000</ele></trkpt>
      <trkpt lat="22.4087028145" lon="114.3439223978"><ele>280.000</ele></trkpt>
      <trkpt lat="22.4087021729" lon="114.3438957470"><ele>280.000</ele></trkpt>
      <trkpt lat="22.4086993791" lon="114.3438815445"><ele>280.000</ele></trkpt>
      <trkpt lat="22.4086938436" lon="114.3438726804"><ele>280.000</ele></trkpt>
      <trkpt lat="22.4086915985" lon="114.3438596635"><ele>280.000</ele></trkpt>
      <trkpt lat="22.4086898711" lon="114.3438359735"><ele>280.000</ele></trkpt>
      <trkpt lat="22.4086859881" lon="114.3438271017"><ele>280.000</ele></trkpt>
      <trkpt lat="22.4086820833" lon="114.3438123152"><ele>280.000</ele></trkpt>
      <trkpt lat="22.4086819458" lon="114.3437696691"><ele>280.000</ele></trkpt>
      <trkpt lat="22.4086846600" lon="114.3437560365"><ele>280.000</ele></trkpt>
      <trkpt lat="22.4086895974" lon="114.3437495061"><ele>280.000</ele></trkpt>
      <trkpt lat="22.4086978315" lon="114.3437423669"><ele>280.000</ele></trkpt>
      <trkpt lat="22.4086950644" lon="114.3437364586"><ele>280.000</ele></trkpt>
      <trkpt lat="22.4086928196" lon="114.3437240244"><ele>280.000</ele></trkpt>
      <trkpt lat="22.4086867134" lon="114.3437080600"><ele>280.000</ele></trkpt>
      <trkpt lat="22.4086833397" lon="114.3436861552"><ele>280.000</ele></trkpt>
      <trkpt lat="22.4086815963" lon="114.3436595127"><ele>280.000</ele></trkpt>
      <trkpt lat="22.4086760200" lon="114.3436376149"><ele>280.000</ele></trkpt>
      <trkpt lat="22.4086721226" lon="114.3436251884"><ele>282.000</ele></trkpt>
      <trkpt lat="22.4086626906" lon="114.3436021216"><ele>282.000</ele></trkpt>
      <trkpt lat="22.4086565898" lon="114.3435897022"><ele>281.000</ele></trkpt>
      <trkpt lat="22.4086543519" lon="114.3435784626"><ele>282.000</ele></trkpt>
      <trkpt lat="22.4086559769" lon="114.3435701607"><ele>282.000</ele></trkpt>
      <trkpt lat="22.4086609005" lon="114.3435594822"><ele>282.000</ele></trkpt>
      <trkpt lat="22.4086619753" lon="114.3435505969"><ele>282.000</ele></trkpt>
      <trkpt lat="22.4086576016" lon="114.3435280790"><ele>282.000</ele></trkpt>
      <trkpt lat="22.4086574234" lon="114.3435056049"><ele>282.000</ele></trkpt>
      <trkpt lat="22.4086534733" lon="114.3434742300"><ele>282.000</ele></trkpt>
      <trkpt lat="22.4086445567" lon="114.3434416838"><ele>282.000</ele></trkpt>
      <trkpt lat="22.4086400470" lon="114.3434091233"><ele>283.000</ele></trkpt>
      <trkpt lat="22.4086333615" lon="114.3433848642"><ele>283.000</ele></trkpt>
      <trkpt lat="22.4086310543" lon="114.3433540740"><ele>284.000</ele></trkpt>
      <trkpt lat="22.4086358967" lon="114.3433161539"><ele>284.000</ele></trkpt>
      <trkpt lat="22.4086364059" lon="114.3433031208"><ele>284.000</ele></trkpt>
      <trkpt lat="22.4086347113" lon="114.3432912797"><ele>284.000</ele></trkpt>
      <trkpt lat="22.4086346646" lon="114.3432752935"><ele>285.000</ele></trkpt>
      <trkpt lat="22.4086296652" lon="114.3432622733"><ele>285.000</ele></trkpt>
      <trkpt lat="22.4086279922" lon="114.3432557642"><ele>285.000</ele></trkpt>
      <trkpt lat="22.4086169283" lon="114.3432398134"><ele>285.000</ele></trkpt>
      <trkpt lat="22.4086086290" lon="114.3432303634"><ele>284.000</ele></trkpt>
      <trkpt lat="22.4086008966" lon="114.3432238762"><ele>284.000</ele></trkpt>
      <trkpt lat="22.4085981303" lon="114.3432179679"><ele>284.000</ele></trkpt>
      <trkpt lat="22.4085969938" lon="114.3432078951"><ele>284.000</ele></trkpt>
      <trkpt lat="22.4085969732" lon="114.3432007955"><ele>284.000</ele></trkpt>
      <trkpt lat="22.4085793055" lon="114.3431872270"><ele>286.000</ele></trkpt>
      <trkpt lat="22.4085500472" lon="114.3431683808"><ele>284.000</ele></trkpt>
      <trkpt lat="22.4085268571" lon="114.3431506868"><ele>284.000</ele></trkpt>
      <trkpt lat="22.4085086388" lon="114.3431359426"><ele>285.000</ele></trkpt>
      <trkpt lat="22.4084920710" lon="114.3431241615"><ele>285.000</ele></trkpt>
      <trkpt lat="22.4084782743" lon="114.3431135501"><ele>285.000</ele></trkpt>
      <trkpt lat="22.4084694321" lon="114.3431052843"><ele>284.000</ele></trkpt>
      <trkpt lat="22.4084589256" lon="114.3430916942"><ele>286.000</ele></trkpt>
      <trkpt lat="22.4084522804" lon="114.3430816537"><ele>286.000</ele></trkpt>
      <trkpt lat="22.4084429029" lon="114.3430757570"><ele>286.000</ele></trkpt>
      <trkpt lat="22.4084329736" lon="114.3430716477"><ele>286.000</ele></trkpt>
      <trkpt lat="22.4084163945" lon="114.3430533498"><ele>286.000</ele></trkpt>
      <trkpt lat="22.4084113746" lon="114.3430338224"><ele>286.000</ele></trkpt>
      <trkpt lat="22.4084085454" lon="114.3430101410"><ele>286.000</ele></trkpt>
      <trkpt lat="22.4084051979" lon="114.3429977152"><ele>286.000</ele></trkpt>
      <trkpt lat="22.4084029819" lon="114.3429923903"><ele>286.000</ele></trkpt>
      <trkpt lat="22.4083996629" lon="114.3429882587"><ele>286.000</ele></trkpt>
      <trkpt lat="22.4083962806" lon="114.3429657615"><ele>286.000</ele></trkpt>
      <trkpt lat="22.4083945477" lon="114.3429385266"><ele>286.000</ele></trkpt>
      <trkpt lat="22.4083907638" lon="114.3428841926"><ele>286.000</ele></trkpt>
      <trkpt lat="22.4083847671" lon="114.3428397623"><ele>286.000</ele></trkpt>
      <trkpt lat="22.4083842508" lon="114.3428148890"><ele>286.000</ele></trkpt>
      <trkpt lat="22.4083809848" lon="114.3427846804"><ele>285.000</ele></trkpt>
      <trkpt lat="22.4083799168" lon="114.3427598064"><ele>285.000</ele></trkpt>
      <trkpt lat="22.4083760784" lon="114.3427426212"><ele>285.000</ele></trkpt>
      <trkpt lat="22.4083639798" lon="114.3427307580"><ele>285.000</ele></trkpt>
      <trkpt lat="22.4083540922" lon="114.3427123807"><ele>285.000</ele></trkpt>
      <trkpt lat="22.4083441905" lon="114.3426981504"><ele>285.000</ele></trkpt>
      <trkpt lat="22.4083354263" lon="114.3426832912"><ele>284.000</ele></trkpt>
      <trkpt lat="22.4083326516" lon="114.3426785872"><ele>284.000</ele></trkpt>
      <trkpt lat="22.4083200155" lon="114.3426536898"><ele>284.000</ele></trkpt>
      <trkpt lat="22.4083128922" lon="114.3426246616"><ele>284.000</ele></trkpt>
      <trkpt lat="22.4083123968" lon="114.3425873471"><ele>284.000</ele></trkpt>
      <trkpt lat="22.4083069419" lon="114.3425429175"><ele>284.000</ele></trkpt>
      <trkpt lat="22.4083036879" lon="114.3425097555"><ele>284.000</ele></trkpt>
      <trkpt lat="22.4082987720" lon="114.3424777580"><ele>284.000</ele></trkpt>
      <trkpt lat="22.4082983053" lon="114.3424114335"><ele>282.000</ele></trkpt>
      <trkpt lat="22.4082846855" lon="114.3423048076"><ele>279.000</ele></trkpt>
      <trkpt lat="22.4082814521" lon="114.3422515038"><ele>279.000</ele></trkpt>
      <trkpt lat="22.4082788162" lon="114.3422177861"><ele>279.000</ele></trkpt>
      <trkpt lat="22.4082813728" lon="114.3421868881"><ele>279.000</ele></trkpt>
      <trkpt lat="22.4082853764" lon="114.3421520478"><ele>278.000</ele></trkpt>
      <trkpt lat="22.4082937803" lon="114.3420944766"><ele>278.000</ele></trkpt>
      <trkpt lat="22.4083018800" lon="114.3420606473"><ele>278.000</ele></trkpt>
      <trkpt lat="22.4083199711" lon="114.3420055456"><ele>276.000</ele></trkpt>
      <trkpt lat="22.4083510882" lon="114.3419305195"><ele>278.000</ele></trkpt>
      <trkpt lat="22.4083586264" lon="114.3419087869"><ele>277.000</ele></trkpt>
      <trkpt lat="22.4083617144" lon="114.3418977498"><ele>277.000</ele></trkpt>
      <trkpt lat="22.4083664405" lon="114.3418752184"><ele>276.000</ele></trkpt>
      <trkpt lat="22.4083719322" lon="114.3418403876"><ele>276.000</ele></trkpt>
      <trkpt lat="22.4083743132" lon="114.3418168036"><ele>275.000</ele></trkpt>
      <trkpt lat="22.4083748014" lon="114.3418057401"><ele>275.000</ele></trkpt>
      <trkpt lat="22.4083753551" lon="114.3417931966"><ele>275.000</ele></trkpt>
      <trkpt lat="22.4083747866" lon="114.3417697985"><ele>275.000</ele></trkpt>
      <trkpt lat="22.4083738140" lon="114.3417582496"><ele>275.000</ele></trkpt>
      <trkpt lat="22.4083703749" lon="114.3417355542"><ele>275.000</ele></trkpt>
      <trkpt lat="22.4083653741" lon="114.3417131046"><ele>274.000</ele></trkpt>
      <trkpt lat="22.4083521213" lon="114.3416685784"><ele>274.000</ele></trkpt>
      <trkpt lat="22.4083165831" lon="114.3415672557"><ele>272.000</ele></trkpt>
      <trkpt lat="22.4083117561" lon="114.3415373979"><ele>272.000</ele></trkpt>
      <trkpt lat="22.4083023394" lon="114.3414909533"><ele>272.000</ele></trkpt>
      <trkpt lat="22.4083080829" lon="114.3414465757"><ele>272.000</ele></trkpt>
      <trkpt lat="22.4083068735" lon="114.3414104161"><ele>272.000</ele></trkpt>
      <trkpt lat="22.4082865827" lon="114.3413831304"><ele>272.000</ele></trkpt>
      <trkpt lat="22.4082737793" lon="114.3413547462"><ele>272.000</ele></trkpt>
      <trkpt lat="22.4082532267" lon="114.3413362690"><ele>272.000</ele></trkpt>
      <trkpt lat="22.4082235394" lon="114.3413225692"><ele>272.000</ele></trkpt>
      <trkpt lat="22.4081959207" lon="114.3412994413"><ele>270.000</ele></trkpt>
      <trkpt lat="22.4081743372" lon="114.3412646272"><ele>271.000</ele></trkpt>
      <trkpt lat="22.4081646931" lon="114.3412464445"><ele>271.000</ele></trkpt>
      <trkpt lat="22.4081590886" lon="114.3412341230"><ele>268.000</ele></trkpt>
      <trkpt lat="22.4081522662" lon="114.3412207705"><ele>268.000</ele></trkpt>
      <trkpt lat="22.4081398830" lon="114.3411965049"><ele>268.000</ele></trkpt>
      <trkpt lat="22.4081335698" lon="114.3411707410"><ele>268.000</ele></trkpt>
      <trkpt lat="22.4081317916" lon="114.3411343380"><ele>268.000</ele></trkpt>
      <trkpt lat="22.4081361677" lon="114.3411025069"><ele>268.000</ele></trkpt>
      <trkpt lat="22.4081444593" lon="114.3410653193"><ele>266.000</ele></trkpt>
      <trkpt lat="22.4081454416" lon="114.3410317360"><ele>266.000</ele></trkpt>
      <trkpt lat="22.4081532332" lon="114.3409978208"><ele>266.000</ele></trkpt>
      <trkpt lat="22.4081740296" lon="114.3409541506"><ele>268.000</ele></trkpt>
      <trkpt lat="22.4081800099" lon="114.3409164261"><ele>268.000</ele></trkpt>
      <trkpt lat="22.4081900569" lon="114.3408758510"><ele>268.000</ele></trkpt>
      <trkpt lat="22.4081938696" lon="114.3408383862"><ele>267.000</ele></trkpt>
      <trkpt lat="22.4081890422" lon="114.3408079040"><ele>266.000</ele></trkpt>
      <trkpt lat="22.4081845047" lon="114.3407941949"><ele>266.000</ele></trkpt>
      <trkpt lat="22.4081820517" lon="114.3407910065"><ele>266.000</ele></trkpt>
      <trkpt lat="22.4081752322" lon="114.3407835299"><ele>266.000</ele></trkpt>
      <trkpt lat="22.4081644868" lon="114.3407649089"><ele>266.000</ele></trkpt>
      <trkpt lat="22.4081614767" lon="114.3407410719"><ele>264.000</ele></trkpt>
      <trkpt lat="22.4081594673" lon="114.3407189065"><ele>264.000</ele></trkpt>
      <trkpt lat="22.4081556583" lon="114.3406814425"><ele>261.000</ele></trkpt>
      <trkpt lat="22.4081506526" lon="114.3406575352"><ele>260.000</ele></trkpt>
      <trkpt lat="22.4081386869" lon="114.3406311528"><ele>260.000</ele></trkpt>
      <trkpt lat="22.4081322838" lon="114.3406048547"><ele>260.000</ele></trkpt>
      <trkpt lat="22.4081355724" lon="114.3405766255"><ele>260.000</ele></trkpt>
      <trkpt lat="22.4081461708" lon="114.3405531832"><ele>260.000</ele></trkpt>
      <trkpt lat="22.4081535606" lon="114.3405236088"><ele>260.000</ele></trkpt>
      <trkpt lat="22.4081646493" lon="114.3404975643"><ele>258.000</ele></trkpt>
      <trkpt lat="22.4081774394" lon="114.3404679282"><ele>255.000</ele></trkpt>
      <trkpt lat="22.4081923848" lon="114.3404501434"><ele>255.000</ele></trkpt>
      <trkpt lat="22.4081959443" lon="114.3404308205"><ele>255.000</ele></trkpt>
      <trkpt lat="22.4082074719" lon="114.3404083020"><ele>252.000</ele></trkpt>
      <trkpt lat="22.4082254005" lon="114.3403784194"><ele>252.000</ele></trkpt>
      <trkpt lat="22.4082387692" lon="114.3403481236"><ele>250.000</ele></trkpt>
      <trkpt lat="22.4082459062" lon="114.3403273092"><ele>250.000</ele></trkpt>
      <trkpt lat="22.4082553419" lon="114.3403016706"><ele>249.000</ele></trkpt>
      <trkpt lat="22.4082588014" lon="114.3402740922"><ele>248.000</ele></trkpt>
      <trkpt lat="22.4082587094" lon="114.3402489863"><ele>248.000</ele></trkpt>
      <trkpt lat="22.4082620649" lon="114.3402348203"><ele>248.000</ele></trkpt>
      <trkpt lat="22.4082741354" lon="114.3402112437"><ele>245.000</ele></trkpt>
      <trkpt lat="22.4082904001" lon="114.3401836221"><ele>245.000</ele></trkpt>
      <trkpt lat="22.4082924439" lon="114.3401628697"><ele>244.000</ele></trkpt>
      <trkpt lat="22.4082914741" lon="114.3401485141"><ele>244.000</ele></trkpt>
      <trkpt lat="22.4082915840" lon="114.3401469894"><ele>244.000</ele></trkpt>
      <trkpt lat="22.4082891124" lon="114.3401353126"><ele>244.000</ele></trkpt>
      <trkpt lat="22.4082803232" lon="114.3401199669"><ele>242.000</ele></trkpt>
      <trkpt lat="22.4082677038" lon="114.3401058988"><ele>242.000</ele></trkpt>
      <trkpt lat="22.4082557088" lon="114.3400905785"><ele>242.000</ele></trkpt>
      <trkpt lat="22.4082462175" lon="114.3400729011"><ele>240.000</ele></trkpt>
      <trkpt lat="22.4082411680" lon="114.3400565109"><ele>240.000</ele></trkpt>
      <trkpt lat="22.4082435196" lon="114.3400349527"><ele>240.000</ele></trkpt>
      <trkpt lat="22.4082445542" lon="114.3400119654"><ele>238.000</ele></trkpt>
      <trkpt lat="22.4082401724" lon="114.3399961393"><ele>238.000</ele></trkpt>
      <trkpt lat="22.4082311934" lon="114.3399719262"><ele>236.000</ele></trkpt>
      <trkpt lat="22.4082234508" lon="114.3399485985"><ele>236.000</ele></trkpt>
      <trkpt lat="22.4082139582" lon="114.3399232776"><ele>234.000</ele></trkpt>
      <trkpt lat="22.4082064272" lon="114.3398960653"><ele>234.000</ele></trkpt>
      <trkpt lat="22.4081966380" lon="114.3398603522"><ele>235.000</ele></trkpt>
      <trkpt lat="22.4081909240" lon="114.3398312869"><ele>237.000</ele></trkpt>
      <trkpt lat="22.4081921967" lon="114.3398049686"><ele>237.000</ele></trkpt>
      <trkpt lat="22.4081849761" lon="114.3397743962"><ele>235.000</ele></trkpt>
      <trkpt lat="22.4081807396" lon="114.3397666022"><ele>235.000</ele></trkpt>
      <trkpt lat="22.4081769007" lon="114.3397317119"><ele>233.000</ele></trkpt>
      <trkpt lat="22.4081698740" lon="114.3397057530"><ele>233.000</ele></trkpt>
      <trkpt lat="22.4081638214" lon="114.3396811063"><ele>228.000</ele></trkpt>
      <trkpt lat="22.4081581001" lon="114.3396591309"><ele>228.000</ele></trkpt>
      <trkpt lat="22.4081492744" lon="114.3396351512"><ele>226.000</ele></trkpt>
      <trkpt lat="22.4081381429" lon="114.3396141698"><ele>226.000</ele></trkpt>
      <trkpt lat="22.4081293954" lon="114.3395932883"><ele>226.000</ele></trkpt>
      <trkpt lat="22.4081247341" lon="114.3395589312"><ele>226.000</ele></trkpt>
      <trkpt lat="22.4081190494" lon="114.3395275934"><ele>226.000</ele></trkpt>
      <trkpt lat="22.4081100800" lon="114.3394937460"><ele>226.000</ele></trkpt>
      <trkpt lat="22.4080954315" lon="114.3394679337"><ele>226.000</ele></trkpt>
      <trkpt lat="22.4080749047" lon="114.3394504960"><ele>224.000</ele></trkpt>
      <trkpt lat="22.4080664510" lon="114.3394427553"><ele>222.000</ele></trkpt>
      <trkpt lat="22.4080655347" lon="114.3394379468"><ele>222.000</ele></trkpt>
      <trkpt lat="22.4080706947" lon="114.3394164211"><ele>222.000</ele></trkpt>
      <trkpt lat="22.4080757440" lon="114.3393881939"><ele>222.000</ele></trkpt>
      <trkpt lat="22.4080734058" lon="114.3393606089"><ele>222.000</ele></trkpt>
      <trkpt lat="22.4080719791" lon="114.3393425039"><ele>224.000</ele></trkpt>
      <trkpt lat="22.4080788261" lon="114.3393226700"><ele>222.000</ele></trkpt>
      <trkpt lat="22.4080780634" lon="114.3393088197"><ele>222.000</ele></trkpt>
      <trkpt lat="22.4080667099" lon="114.3392930049"><ele>222.000</ele></trkpt>
      <trkpt lat="22.4080598590" lon="114.3392808666"><ele>222.000</ele></trkpt>
      <trkpt lat="22.4080534706" lon="114.3392576764"><ele>222.000</ele></trkpt>
      <trkpt lat="22.4080473593" lon="114.3392373808"><ele>220.000</ele></trkpt>
      <trkpt lat="22.4080390089" lon="114.3392166552"><ele>220.000</ele></trkpt>
      <trkpt lat="22.4080412477" lon="114.3391994577"><ele>218.000</ele></trkpt>
      <trkpt lat="22.4080518139" lon="114.3391808519"><ele>218.000</ele></trkpt>
      <trkpt lat="22.4080549723" lon="114.3391561965"><ele>214.000</ele></trkpt>
      <trkpt lat="22.4080561608" lon="114.3391327335"><ele>214.000</ele></trkpt>
      <trkpt lat="22.4080500385" lon="114.3391053480"><ele>212.000</ele></trkpt>
      <trkpt lat="22.4080368707" lon="114.3390886959"><ele>212.000</ele></trkpt>
      <trkpt lat="22.4080304565" lon="114.3390733143"><ele>212.000</ele></trkpt>
      <trkpt lat="22.4080279795" lon="114.3390399601"><ele>214.000</ele></trkpt>
      <trkpt lat="22.4080275435" lon="114.3390065306"><ele>212.000</ele></trkpt>
      <trkpt lat="22.4080197400" lon="114.3389716163"><ele>212.000</ele></trkpt>
      <trkpt lat="22.4080199688" lon="114.3389325934"><ele>209.000</ele></trkpt>
      <trkpt lat="22.4080209884" lon="114.3388974271"><ele>208.000</ele></trkpt>
      <trkpt lat="22.4080103171" lon="114.3388586635"><ele>208.000</ele></trkpt>
      <trkpt lat="22.4080003886" lon="114.3388176185"><ele>206.000</ele></trkpt>
      <trkpt lat="22.4079993635" lon="114.3387862181"><ele>206.000</ele></trkpt>
      <trkpt lat="22.4079991828" lon="114.3387592960"><ele>207.000</ele></trkpt>
      <trkpt lat="22.4079992458" lon="114.3387414356"><ele>207.000</ele></trkpt>
      <trkpt lat="22.4080028475" lon="114.3387249292"><ele>207.000</ele></trkpt>
      <trkpt lat="22.4080085815" lon="114.3386891177"><ele>206.000</ele></trkpt>
      <trkpt lat="22.4080238303" lon="114.3386567358"><ele>203.000</ele></trkpt>
      <trkpt lat="22.4080366081" lon="114.3386299452"><ele>204.000</ele></trkpt>
      <trkpt lat="22.4080332004" lon="114.3386060884"><ele>202.000</ele></trkpt>
      <trkpt lat="22.4080358071" lon="114.3385731189"><ele>200.000</ele></trkpt>
      <trkpt lat="22.4080437203" lon="114.3385435645"><ele>200.000</ele></trkpt>
      <trkpt lat="22.4080508857" lon="114.3385031996"><ele>198.000</ele></trkpt>
      <trkpt lat="22.4080588819" lon="114.3384719165"><ele>196.000</ele></trkpt>
      <trkpt lat="22.4080720943" lon="114.3384439707"><ele>196.000</ele></trkpt>
      <trkpt lat="22.4080900185" lon="114.3384090862"><ele>195.000</ele></trkpt>
      <trkpt lat="22.4080967216" lon="114.3383885237"><ele>195.000</ele></trkpt>
      <trkpt lat="22.4080979685" lon="114.3383697905"><ele>195.000</ele></trkpt>
      <trkpt lat="22.4080982274" lon="114.3383637596"><ele>195.000</ele></trkpt>
      <trkpt lat="22.4081023125" lon="114.3383423589"><ele>195.000</ele></trkpt>
      <trkpt lat="22.4081228503" lon="114.3383307961"><ele>192.000</ele></trkpt>
      <trkpt lat="22.4081393414" lon="114.3383203164"><ele>192.000</ele></trkpt>
      <trkpt lat="22.4081481108" lon="114.3382923363"><ele>192.000</ele></trkpt>
      <trkpt lat="22.4081548986" lon="114.3382683746"><ele>191.000</ele></trkpt>
      <trkpt lat="22.4081598531" lon="114.3382353690"><ele>186.000</ele></trkpt>
      <trkpt lat="22.4081560419" lon="114.3381996046"><ele>186.000</ele></trkpt>
      <trkpt lat="22.4081670866" lon="114.3381629445"><ele>186.000</ele></trkpt>
      <trkpt lat="22.4081776547" lon="114.3381243123"><ele>186.000</ele></trkpt>
      <trkpt lat="22.4081931899" lon="114.3380852584"><ele>186.000</ele></trkpt>
      <trkpt lat="22.4081961436" lon="114.3380574173"><ele>186.000</ele></trkpt>
      <trkpt lat="22.4081916152" lon="114.3380252844"><ele>185.000</ele></trkpt>
      <trkpt lat="22.4081911119" lon="114.3380047622"><ele>185.000</ele></trkpt>
      <trkpt lat="22.4081855618" lon="114.3379648779"><ele>180.000</ele></trkpt>
      <trkpt lat="22.4081799268" lon="114.3379468360"><ele>180.000</ele></trkpt>
      <trkpt lat="22.4081756954" lon="114.3379248041"><ele>184.000</ele></trkpt>
      <trkpt lat="22.4081701334" lon="114.3378877558"><ele>185.000</ele></trkpt>
      <trkpt lat="22.4081700253" lon="114.3378603190"><ele>185.000</ele></trkpt>
      <trkpt lat="22.4081686735" lon="114.3378412108"><ele>183.000</ele></trkpt>
      <trkpt lat="22.4081595143" lon="114.3378226822"><ele>186.000</ele></trkpt>
      <trkpt lat="22.4081534818" lon="114.3378037173"><ele>186.000</ele></trkpt>
      <trkpt lat="22.4081513374" lon="114.3377616702"><ele>181.000</ele></trkpt>
      <trkpt lat="22.4081580191" lon="114.3377071930"><ele>180.000</ele></trkpt>
      <trkpt lat="22.4081624807" lon="114.3376604150"><ele>179.000</ele></trkpt>
      <trkpt lat="22.4081614303" lon="114.3376260708"><ele>172.000</ele></trkpt>
      <trkpt lat="22.4081614661" lon="114.3375982360"><ele>168.000</ele></trkpt>
      <trkpt lat="22.4081769113" lon="114.3375769454"><ele>171.000</ele></trkpt>
      <trkpt lat="22.4081984253" lon="114.3375544760"><ele>169.000</ele></trkpt>
      <trkpt lat="22.4082111264" lon="114.3375319964"><ele>169.000</ele></trkpt>
      <trkpt lat="22.4082188907" lon="114.3374875919"><ele>170.000</ele></trkpt>
      <trkpt lat="22.4082387615" lon="114.3374556512"><ele>168.000</ele></trkpt>
      <trkpt lat="22.4082635879" lon="114.3374266688"><ele>172.000</ele></trkpt>
      <trkpt lat="22.4082878509" lon="114.3374095441"><ele>169.000</ele></trkpt>
      <trkpt lat="22.4083087993" lon="114.3373935917"><ele>171.000</ele></trkpt>
      <trkpt lat="22.4083192935" lon="114.3373746545"><ele>171.000</ele></trkpt>
      <trkpt lat="22.4083248425" lon="114.3373420962"><ele>168.000</ele></trkpt>
      <trkpt lat="22.4083243398" lon="114.3373018195"><ele>171.000</ele></trkpt>
      <trkpt lat="22.4083199801" lon="114.3372716098"><ele>171.000</ele></trkpt>
      <trkpt lat="22.4083195531" lon="114.3372560020"><ele>170.000</ele></trkpt>
      <trkpt lat="22.4083232825" lon="114.3372279567"><ele>170.000</ele></trkpt>
      <trkpt lat="22.4083258113" lon="114.3372185486"><ele>170.000</ele></trkpt>
      <trkpt lat="22.4083282361" lon="114.3372138906"><ele>165.000</ele></trkpt>
      <trkpt lat="22.4083347908" lon="114.3372062343"><ele>165.000</ele></trkpt>
      <trkpt lat="22.4083470915" lon="114.3371949716"><ele>165.000</ele></trkpt>
      <trkpt lat="22.4083651176" lon="114.3371846586"><ele>165.000</ele></trkpt>
      <trkpt lat="22.4083831503" lon="114.3371766950"><ele>165.000</ele></trkpt>
      <trkpt lat="22.4084064945" lon="114.3371762546"><ele>166.000</ele></trkpt>
      <trkpt lat="22.4084429472" lon="114.3371805203"><ele>166.000</ele></trkpt>
      <trkpt lat="22.4084581003" lon="114.3371805377"><ele>166.000</ele></trkpt>
      <trkpt lat="22.4084642438" lon="114.3371777282"><ele>166.000</ele></trkpt>
      <trkpt lat="22.4084687575" lon="114.3371692741"><ele>166.000</ele></trkpt>
      <trkpt lat="22.4084764529" lon="114.3371496441"><ele>164.000</ele></trkpt>
      <trkpt lat="22.4084867218" lon="114.3371200630"><ele>164.000</ele></trkpt>
      <trkpt lat="22.4084949255" lon="114.3371069213"><ele>162.000</ele></trkpt>
      <trkpt lat="22.4085113259" lon="114.3370876906"><ele>162.000</ele></trkpt>
      <trkpt lat="22.4085371427" lon="114.3370698684"><ele>162.000</ele></trkpt>
      <trkpt lat="22.4085617211" lon="114.3370633205"><ele>162.000</ele></trkpt>
      <trkpt lat="22.4085764757" lon="114.3370553541"><ele>162.000</ele></trkpt>
      <trkpt lat="22.4085949311" lon="114.3370309482"><ele>162.000</ele></trkpt>
      <trkpt lat="22.4086125582" lon="114.3370121842"><ele>162.000</ele></trkpt>
      <trkpt lat="22.4086232293" lon="114.3369877705"><ele>164.000</ele></trkpt>
      <trkpt lat="22.4086187480" lon="114.3369708662"><ele>162.000</ele></trkpt>
      <trkpt lat="22.4086032032" lon="114.3369468886"><ele>162.000</ele></trkpt>
      <trkpt lat="22.4085692470" lon="114.3369111586"><ele>161.000</ele></trkpt>
      <trkpt lat="22.4085246553" lon="114.3368538167"><ele>162.000</ele></trkpt>
      <trkpt lat="22.4085164817" lon="114.3368421664"><ele>162.000</ele></trkpt>
      <trkpt lat="22.4085044013" lon="114.3368187881"><ele>164.000</ele></trkpt>
      <trkpt lat="22.4084800339" lon="114.3367854962"><ele>163.000</ele></trkpt>
      <trkpt lat="22.4084537334" lon="114.3367528237"><ele>165.000</ele></trkpt>
      <trkpt lat="22.4084359436" lon="114.3367251724"><ele>161.000</ele></trkpt>
      <trkpt lat="22.4084221140" lon="114.3367017892"><ele>161.000</ele></trkpt>
      <trkpt lat="22.4084123514" lon="114.3366659306"><ele>164.000</ele></trkpt>
      <trkpt lat="22.4084062728" lon="114.3366121962"><ele>164.000</ele></trkpt>
      <trkpt lat="22.4084014033" lon="114.3365686221"><ele>168.000</ele></trkpt>
      <trkpt lat="22.4083914539" lon="114.3365207106"><ele>162.000</ele></trkpt>
      <trkpt lat="22.4083779982" lon="114.3364661229"><ele>160.000</ele></trkpt>
      <trkpt lat="22.4083711453" lon="114.3364100082"><ele>157.000</ele></trkpt>
      <trkpt lat="22.4083697987" lon="114.3363562599"><ele>156.000</ele></trkpt>
      <trkpt lat="22.4083722761" lon="114.3362982620"><ele>156.000</ele></trkpt>
      <trkpt lat="22.4083781934" lon="114.3362409381"><ele>160.000</ele></trkpt>
      <trkpt lat="22.4083807892" lon="114.3361818332"><ele>157.000</ele></trkpt>
      <trkpt lat="22.4083787998" lon="114.3361295700"><ele>156.000</ele></trkpt>
      <trkpt lat="22.4083720661" lon="114.3360807104"><ele>157.000</ele></trkpt>
      <trkpt lat="22.4083683765" lon="114.3360584364"><ele>157.000</ele></trkpt>
      <trkpt lat="22.4083709230" lon="114.3360402096"><ele>158.000</ele></trkpt>
      <trkpt lat="22.4083691728" lon="114.3360293592"><ele>158.000</ele></trkpt>
      <trkpt lat="22.4083652105" lon="114.3359997425"><ele>159.000</ele></trkpt>
      <trkpt lat="22.4083638089" lon="114.3359741203"><ele>159.000</ele></trkpt>
      <trkpt lat="22.4083691321" lon="114.3359422707"><ele>160.000</ele></trkpt>
      <trkpt lat="22.4083782158" lon="114.3359065405"><ele>160.000</ele></trkpt>
      <trkpt lat="22.4083895104" lon="114.3358723667"><ele>159.000</ele></trkpt>
      <trkpt lat="22.4084007690" lon="114.3358380763"><ele>156.000</ele></trkpt>
      <trkpt lat="22.4084198158" lon="114.3358089616"><ele>156.000</ele></trkpt>
      <trkpt lat="22.4084345123" lon="114.3357957796"><ele>156.000</ele></trkpt>
      <trkpt lat="22.4084598497" lon="114.3357796086"><ele>153.000</ele></trkpt>
      <trkpt lat="22.4084751893" lon="114.3357644266"><ele>153.000</ele></trkpt>
      <trkpt lat="22.4084834785" lon="114.3357468959"><ele>152.000</ele></trkpt>
      <trkpt lat="22.4084887046" lon="114.3357218737"><ele>149.000</ele></trkpt>
      <trkpt lat="22.4085040621" lon="114.3356977469"><ele>148.000</ele></trkpt>
      <trkpt lat="22.4085132236" lon="114.3356746619"><ele>148.000</ele></trkpt>
      <trkpt lat="22.4085222963" lon="114.3356500325"><ele>150.000</ele></trkpt>
      <trkpt lat="22.4085374981" lon="114.3356281198"><ele>147.000</ele></trkpt>
      <trkpt lat="22.4085527524" lon="114.3356078000"><ele>146.000</ele></trkpt>
      <trkpt lat="22.4085734591" lon="114.3355896327"><ele>146.000</ele></trkpt>
      <trkpt lat="22.4085884648" lon="114.3355742075"><ele>142.000</ele></trkpt>
      <trkpt lat="22.4086004871" lon="114.3355530681"><ele>142.000</ele></trkpt>
      <trkpt lat="22.4086043325" lon="114.3355454582"><ele>142.000</ele></trkpt>
      <trkpt lat="22.4086187549" lon="114.3355171054"><ele>140.000</ele></trkpt>
      <trkpt lat="22.4086417484" lon="114.3354875678"><ele>140.000</ele></trkpt>
      <trkpt lat="22.4086592589" lon="114.3354687753"><ele>139.000</ele></trkpt>
      <trkpt lat="22.4086869711" lon="114.3354434969"><ele>140.000</ele></trkpt>
      <trkpt lat="22.4087074058" lon="114.3354171420"><ele>138.000</ele></trkpt>
      <trkpt lat="22.4087325475" lon="114.3353794680"><ele>140.000</ele></trkpt>
      <trkpt lat="22.4087519533" lon="114.3353433123"><ele>137.000</ele></trkpt>
      <trkpt lat="22.4087743644" lon="114.3353090344"><ele>134.000</ele></trkpt>
      <trkpt lat="22.4087996979" lon="114.3352875605"><ele>134.000</ele></trkpt>
      <trkpt lat="22.4088378011" lon="114.3352562043"><ele>134.000</ele></trkpt>
      <trkpt lat="22.4088702634" lon="114.3352124199"><ele>136.000</ele></trkpt>
      <trkpt lat="22.4088987234" lon="114.3351520135"><ele>137.000</ele></trkpt>
      <trkpt lat="22.4089179589" lon="114.3351246218"><ele>138.000</ele></trkpt>
      <trkpt lat="22.4089667869" lon="114.3350811045"><ele>138.000</ele></trkpt>
      <trkpt lat="22.4089816028" lon="114.3350657459"><ele>137.000</ele></trkpt>
      <trkpt lat="22.4089979421" lon="114.3350468092"><ele>135.000</ele></trkpt>
      <trkpt lat="22.4090064568" lon="114.3350386510"><ele>135.000</ele></trkpt>
      <trkpt lat="22.4090352156" lon="114.3349986073"><ele>134.000</ele></trkpt>
      <trkpt lat="22.4090507838" lon="114.3349722117"><ele>133.000</ele></trkpt>
      <trkpt lat="22.4090620618" lon="114.3349465377"><ele>133.000</ele></trkpt>
      <trkpt lat="22.4090692792" lon="114.3349269050"><ele>132.000</ele></trkpt>
      <trkpt lat="22.4090740276" lon="114.3349054582"><ele>133.000</ele></trkpt>
      <trkpt lat="22.4090809231" lon="114.3348871867"><ele>133.000</ele></trkpt>
      <trkpt lat="22.4090911281" lon="114.3348718239"><ele>132.000</ele></trkpt>
      <trkpt lat="22.4091015323" lon="114.3348623741"><ele>132.000</ele></trkpt>
      <trkpt lat="22.4091191270" lon="114.3348534568"><ele>134.000</ele></trkpt>
      <trkpt lat="22.4091294588" lon="114.3348385885"><ele>134.000</ele></trkpt>
      <trkpt lat="22.4091112064" lon="114.3347878082"><ele>132.000</ele></trkpt>
      <trkpt lat="22.4090968746" lon="114.3347651491"><ele>132.000</ele></trkpt>
      <trkpt lat="22.4090885497" lon="114.3347463641"><ele>132.000</ele></trkpt>
      <trkpt lat="22.4090800223" lon="114.3347194431"><ele>133.000</ele></trkpt>
      <trkpt lat="22.4090695452" lon="114.3346926509"><ele>130.000</ele></trkpt>
      <trkpt lat="22.4090599600" lon="114.3346725010"><ele>130.000</ele></trkpt>
      <trkpt lat="22.4090501780" lon="114.3346412411"><ele>130.000</ele></trkpt>
      <trkpt lat="22.4090517200" lon="114.3345898927"><ele>130.000</ele></trkpt>
      <trkpt lat="22.4090574605" lon="114.3345549402"><ele>130.000</ele></trkpt>
      <trkpt lat="22.4090617185" lon="114.3345417579"><ele>130.000</ele></trkpt>
      <trkpt lat="22.4090664879" lon="114.3345330573"><ele>130.000</ele></trkpt>
      <trkpt lat="22.4090722086" lon="114.3345257243"><ele>130.000</ele></trkpt>
      <trkpt lat="22.4090807867" lon="114.3345173698"><ele>133.000</ele></trkpt>
      <trkpt lat="22.4090923819" lon="114.3345079951"><ele>133.000</ele></trkpt>
      <trkpt lat="22.4091020712" lon="114.3345001538"><ele>133.000</ele></trkpt>
      <trkpt lat="22.4091101718" lon="114.3344933362"><ele>131.000</ele></trkpt>
      <trkpt lat="22.4091168478" lon="114.3344834432"><ele>131.000</ele></trkpt>
      <trkpt lat="22.4091203498" lon="114.3344723520"><ele>134.000</ele></trkpt>
      <trkpt lat="22.4091218474" lon="114.3344581079"><ele>134.000</ele></trkpt>
      <trkpt lat="22.4091188760" lon="114.3344426865"><ele>132.000</ele></trkpt>
      <trkpt lat="22.4091135174" lon="114.3344240496"><ele>130.000</ele></trkpt>
      <trkpt lat="22.4091051772" lon="114.3344015555"><ele>130.000</ele></trkpt>
      <trkpt lat="22.4090956403" lon="114.3343809871"><ele>129.000</ele></trkpt>
      <trkpt lat="22.4090890844" lon="114.3343649196"><ele>129.000</ele></trkpt>
      <trkpt lat="22.4090867165" lon="114.3343437173"><ele>130.000</ele></trkpt>
      <trkpt lat="22.4090867284" lon="114.3343315110"><ele>130.000</ele></trkpt>
      <trkpt lat="22.4090891289" lon="114.3343193075"><ele>130.000</ele></trkpt>
      <trkpt lat="22.4090945257" lon="114.3342987568"><ele>129.000</ele></trkpt>
      <trkpt lat="22.4091023103" lon="114.3342788498"><ele>129.000</ele></trkpt>
      <trkpt lat="22.4091124851" lon="114.3342583045"><ele>129.000</ele></trkpt>
      <trkpt lat="22.4091244578" lon="114.3342313357"><ele>132.000</ele></trkpt>
      <trkpt lat="22.4091334369" lon="114.3342107890"><ele>132.000</ele></trkpt>
      <trkpt lat="22.4091394275" lon="114.3341934498"><ele>134.000</ele></trkpt>
      <trkpt lat="22.4091466227" lon="114.3341658336"><ele>134.000</ele></trkpt>
      <trkpt lat="22.4091544155" lon="114.3341375761"><ele>134.000</ele></trkpt>
      <trkpt lat="22.4091586173" lon="114.3341163811"><ele>134.000</ele></trkpt>
      <trkpt lat="22.4091598364" lon="114.3340913280"><ele>133.000</ele></trkpt>
      <trkpt lat="22.4091604633" lon="114.3340604926"><ele>132.000</ele></trkpt>
      <trkpt lat="22.4091616893" lon="114.3340283729"><ele>132.000</ele></trkpt>
      <trkpt lat="22.4091647053" lon="114.3339988251"><ele>133.000</ele></trkpt>
      <trkpt lat="22.4091718984" lon="114.3339724938"><ele>133.000</ele></trkpt>
      <trkpt lat="22.4091778914" lon="114.3339525858"><ele>130.000</ele></trkpt>
      <trkpt lat="22.4091904628" lon="114.3339236907"><ele>130.000</ele></trkpt>
      <trkpt lat="22.4092012360" lon="114.3339025030"><ele>128.000</ele></trkpt>
      <trkpt lat="22.4092120120" lon="114.3338774607"><ele>132.000</ele></trkpt>
      <trkpt lat="22.4092203985" lon="114.3338524156"><ele>132.000</ele></trkpt>
      <trkpt lat="22.4092275906" lon="114.3338280121"><ele>132.000</ele></trkpt>
      <trkpt lat="22.4092282094" lon="114.3338055282"><ele>132.000</ele></trkpt>
      <trkpt lat="22.4092246679" lon="114.3337624818"><ele>132.000</ele></trkpt>
      <trkpt lat="22.4092193311" lon="114.3337213603"><ele>132.000</ele></trkpt>
      <trkpt lat="22.4092127861" lon="114.3336950136"><ele>132.000</ele></trkpt>
      <trkpt lat="22.4092086324" lon="114.3336667426"><ele>127.000</ele></trkpt>
      <trkpt lat="22.4092080604" lon="114.3336410455"><ele>127.000</ele></trkpt>
      <trkpt lat="22.4092104683" lon="114.3336211334"><ele>130.000</ele></trkpt>
      <trkpt lat="22.4092146640" lon="114.3336070040"><ele>130.000</ele></trkpt>
      <trkpt lat="22.4092200529" lon="114.3335935198"><ele>130.000</ele></trkpt>
      <trkpt lat="22.4092302195" lon="114.3335813250"><ele>130.000</ele></trkpt>
      <trkpt lat="22.4092463601" lon="114.3335678519"><ele>128.000</ele></trkpt>
      <trkpt lat="22.4092642982" lon="114.3335492421"><ele>132.000</ele></trkpt>
      <trkpt lat="22.4092810425" lon="114.3335287032"><ele>132.000</ele></trkpt>
      <trkpt lat="22.4092918144" lon="114.3335088004"><ele>129.000</ele></trkpt>
      <trkpt lat="22.4093007950" lon="114.3334876108"><ele>132.000</ele></trkpt>
      <trkpt lat="22.4093061864" lon="114.3334715567"><ele>130.000</ele></trkpt>
      <trkpt lat="22.4093145648" lon="114.3334548631"><ele>130.000</ele></trkpt>
      <trkpt lat="22.4093319178" lon="114.3334240454"><ele>127.000</ele></trkpt>
      <trkpt lat="22.4093504696" lon="114.3333880913"><ele>131.000</ele></trkpt>
      <trkpt lat="22.4093690208" lon="114.3333527782"><ele>129.000</ele></trkpt>
      <trkpt lat="22.4093839930" lon="114.3333129654"><ele>127.000</ele></trkpt>
      <trkpt lat="22.4093929773" lon="114.3332879209"><ele>131.000</ele></trkpt>
      <trkpt lat="22.4094037507" lon="114.3332654483"><ele>128.000</ele></trkpt>
      <trkpt lat="22.4094151189" lon="114.3332461882"><ele>128.000</ele></trkpt>
      <trkpt lat="22.4094318597" lon="114.3332301468"><ele>124.000</ele></trkpt>
      <trkpt lat="22.4094557724" lon="114.3332096158"><ele>127.000</ele></trkpt>
      <trkpt lat="22.4094773000" lon="114.3331845854"><ele>124.000</ele></trkpt>
      <trkpt lat="22.4094994340" lon="114.3331505621"><ele>128.000</ele></trkpt>
      <trkpt lat="22.4095233619" lon="114.3331152549"><ele>124.000</ele></trkpt>
      <trkpt lat="22.4095460954" lon="114.3330786625"><ele>125.000</ele></trkpt>
      <trkpt lat="22.4095724170" lon="114.3330388622"><ele>125.000</ele></trkpt>
      <trkpt lat="22.4095939421" lon="114.3330164016"><ele>125.000</ele></trkpt>
      <trkpt lat="22.4096184637" lon="114.3329843078"><ele>125.000</ele></trkpt>
      <trkpt lat="22.4096382003" lon="114.3329586324"><ele>125.000</ele></trkpt>
      <trkpt lat="22.4096525498" lon="114.3329445152"><ele>122.000</ele></trkpt>
      <trkpt lat="22.4096674974" lon="114.3329291138"><ele>124.000</ele></trkpt>
      <trkpt lat="22.4096812506" lon="114.3329143530"><ele>124.000</ele></trkpt>
      <trkpt lat="22.4097003784" lon="114.3329008841"><ele>124.000</ele></trkpt>
      <trkpt lat="22.4097206988" lon="114.3328887005"><ele>122.000</ele></trkpt>
      <trkpt lat="22.4097434090" lon="114.3328771625"><ele>122.000</ele></trkpt>
      <trkpt lat="22.4097625293" lon="114.3328714022"><ele>122.000</ele></trkpt>
      <trkpt lat="22.4097810512" lon="114.3328662832"><ele>122.000</ele></trkpt>
      <trkpt lat="22.4098031580" lon="114.3328605262"><ele>124.000</ele></trkpt>
      <trkpt lat="22.4098246678" lon="114.3328547685"><ele>124.000</ele></trkpt>
      <trkpt lat="22.4098425919" lon="114.3328496488"><ele>124.000</ele></trkpt>
      <trkpt lat="22.4098551442" lon="114.3328413113"><ele>119.000</ele></trkpt>
      <trkpt lat="22.4098671073" lon="114.3328239796"><ele>119.000</ele></trkpt>
      <trkpt lat="22.4098778763" lon="114.3328060036"><ele>119.000</ele></trkpt>
      <trkpt lat="22.4098910270" lon="114.3327970238"><ele>116.000</ele></trkpt>
      <trkpt lat="22.4099077570" lon="114.3327912608"><ele>116.000</ele></trkpt>
      <trkpt lat="22.4099286644" lon="114.3327912842"><ele>116.000</ele></trkpt>
      <trkpt lat="22.4099483736" lon="114.3327938760"><ele>116.000</ele></trkpt>
      <trkpt lat="22.4099591283" lon="114.3327906762"><ele>116.000</ele></trkpt>
      <trkpt lat="22.4099627212" lon="114.3327816857"><ele>116.000</ele></trkpt>
      <trkpt lat="22.4099627324" lon="114.3327701223"><ele>116.000</ele></trkpt>
      <trkpt lat="22.4099669240" lon="114.3327592056"><ele>116.000</ele></trkpt>
      <trkpt lat="22.4099842611" lon="114.3327438068"><ele>113.000</ele></trkpt>
      <trkpt lat="22.4100033901" lon="114.3327290520"><ele>113.000</ele></trkpt>
      <trkpt lat="22.4100165393" lon="114.3327207161"><ele>113.000</ele></trkpt>
      <trkpt lat="22.4100225266" lon="114.3327065895"><ele>113.000</ele></trkpt>
      <trkpt lat="22.4100177718" lon="114.3326815296"><ele>111.000</ele></trkpt>
      <trkpt lat="22.4100153985" lon="114.3326648229"><ele>111.000</ele></trkpt>
      <trkpt lat="22.4100070617" lon="114.3326384750"><ele>110.000</ele></trkpt>
      <trkpt lat="22.4100023026" lon="114.3326179118"><ele>110.000</ele></trkpt>
      <trkpt lat="22.4100041128" lon="114.3325986409"><ele>107.000</ele></trkpt>
      <trkpt lat="22.4100083065" lon="114.3325864402"><ele>107.000</ele></trkpt>
      <trkpt lat="22.4100071242" lon="114.3325735896"><ele>107.000</ele></trkpt>
      <trkpt lat="22.4100029518" lon="114.3325645915"><ele>107.000</ele></trkpt>
      <trkpt lat="22.4099969911" lon="114.3325510936"><ele>105.000</ele></trkpt>
      <trkpt lat="22.4099904335" lon="114.3325375960"><ele>105.000</ele></trkpt>
      <trkpt lat="22.4099898493" lon="114.3325234611"><ele>105.000</ele></trkpt>
      <trkpt lat="22.4099916592" lon="114.3325054761"><ele>104.000</ele></trkpt>
      <trkpt lat="22.4099874920" lon="114.3324900533"><ele>104.000</ele></trkpt>
      <trkpt lat="22.4099791422" lon="114.3324771947"><ele>104.000</ele></trkpt>
      <trkpt lat="22.4099636271" lon="114.3324611173"><ele>104.000</ele></trkpt>
      <trkpt lat="22.4099499107" lon="114.3324386173"><ele>102.000</ele></trkpt>
      <trkpt lat="22.4099344089" lon="114.3324077637"><ele>98.000</ele></trkpt>
      <trkpt lat="22.4099260733" lon="114.3323801300"><ele>97.000</ele></trkpt>
      <trkpt lat="22.4099248965" lon="114.3323614987"><ele>96.000</ele></trkpt>
      <trkpt lat="22.4099213410" lon="114.3323325853"><ele>96.000</ele></trkpt>
      <trkpt lat="22.4099142097" lon="114.3322940315"><ele>95.000</ele></trkpt>
      <trkpt lat="22.4099082787" lon="114.3322496984"><ele>95.000</ele></trkpt>
      <trkpt lat="22.4098969641" lon="114.3322143518"><ele>95.000</ele></trkpt>
      <trkpt lat="22.4098844495" lon="114.3321835016"><ele>90.000</ele></trkpt>
      <trkpt lat="22.4098778987" lon="114.3321629374"><ele>90.000</ele></trkpt>
      <trkpt lat="22.4098725475" lon="114.3321372339"><ele>90.000</ele></trkpt>
      <trkpt lat="22.4098636054" lon="114.3321185940"><ele>92.000</ele></trkpt>
      <trkpt lat="22.4098516652" lon="114.3321121561"><ele>92.000</ele></trkpt>
      <trkpt lat="22.4098385272" lon="114.3321089297"><ele>87.000</ele></trkpt>
      <trkpt lat="22.4098152328" lon="114.3321063339"><ele>87.000</ele></trkpt>
      <trkpt lat="22.4097973155" lon="114.3321043871"><ele>86.000</ele></trkpt>
      <trkpt lat="22.4097788029" lon="114.3320998698"><ele>86.000</ele></trkpt>
      <trkpt lat="22.4097579094" lon="114.3320863554"><ele>86.000</ele></trkpt>
      <trkpt lat="22.4097352296" lon="114.3320664153"><ele>84.000</ele></trkpt>
      <trkpt lat="22.4097066365" lon="114.3320475030"><ele>80.000</ele></trkpt>
      <trkpt lat="22.4096945536" lon="114.3320419808"><ele>80.000</ele></trkpt>
      <trkpt lat="22.4096888194" lon="114.3320399912"><ele>80.000</ele></trkpt>
      <trkpt lat="22.4096830823" lon="114.3320399848"><ele>80.000</ele></trkpt>
      <trkpt lat="22.4096777544" lon="114.3320408608"><ele>80.000</ele></trkpt>
      <trkpt lat="22.4096734500" lon="114.3320432802"><ele>80.000</ele></trkpt>
      <trkpt lat="22.4096703733" lon="114.3320470218"><ele>80.000</ele></trkpt>
      <trkpt lat="22.4096689342" lon="114.3320523094"><ele>80.000</ele></trkpt>
      <trkpt lat="22.4096683127" lon="114.3320591393"><ele>80.000</ele></trkpt>
      <trkpt lat="22.4096674451" lon="114.3321095981"><ele>82.000</ele></trkpt>
      <trkpt lat="22.4096660039" lon="114.3321162066"><ele>82.000</ele></trkpt>
      <trkpt lat="22.4096621085" lon="114.3321195074"><ele>81.000</ele></trkpt>
      <trkpt lat="22.4096559609" lon="114.3321201620"><ele>81.000</ele></trkpt>
      <trkpt lat="22.4096190816" lon="114.3321207814"><ele>81.000</ele></trkpt>
      <trkpt lat="22.4096078153" lon="114.3321187866"><ele>76.000</ele></trkpt>
      <trkpt lat="22.4096004429" lon="114.3321159133"><ele>76.000</ele></trkpt>
      <trkpt lat="22.4095953242" lon="114.3321123821"><ele>76.000</ele></trkpt>
      <trkpt lat="22.4095894439" lon="114.3321054411"><ele>76.000</ele></trkpt>
      <trkpt lat="22.4095840798" lon="114.3320932288"><ele>76.000</ele></trkpt>
      <trkpt lat="22.4095769429" lon="114.3320604578"><ele>76.000</ele></trkpt>
      <trkpt lat="22.4095680113" lon="114.3320308956"><ele>76.000</ele></trkpt>
      <trkpt lat="22.4095537167" lon="114.3319878382"><ele>74.000</ele></trkpt>
      <trkpt lat="22.4095394179" lon="114.3319492765"><ele>75.000</ele></trkpt>
      <trkpt lat="22.4095239224" lon="114.3319126415"><ele>74.000</ele></trkpt>
      <trkpt lat="22.4095096180" lon="114.3318798615"><ele>74.000</ele></trkpt>
      <trkpt lat="22.4094893519" lon="114.3318355126"><ele>74.000</ele></trkpt>
      <trkpt lat="22.4094845847" lon="114.3318233010"><ele>76.000</ele></trkpt>
      <trkpt lat="22.4094774477" lon="114.3317905300"><ele>74.000</ele></trkpt>
      <trkpt lat="22.4094720977" lon="114.3317635417"><ele>74.000</ele></trkpt>
      <trkpt lat="22.4094703264" lon="114.3317423400"><ele>74.000</ele></trkpt>
      <trkpt lat="22.4094715372" lon="114.3317256383"><ele>74.000</ele></trkpt>
      <trkpt lat="22.4094745408" lon="114.3317076537"><ele>74.000</ele></trkpt>
      <trkpt lat="22.4094817245" lon="114.3316916015"><ele>74.000</ele></trkpt>
      <trkpt lat="22.4094936826" lon="114.3316794085"><ele>74.000</ele></trkpt>
      <trkpt lat="22.4095223673" lon="114.3316659491"><ele>74.000</ele></trkpt>
      <trkpt lat="22.4095839207" lon="114.3316358240"><ele>74.000</ele></trkpt>
      <trkpt lat="22.4096347188" lon="114.3316095408"><ele>74.000</ele></trkpt>
      <trkpt lat="22.4096657935" lon="114.3315954420"><ele>72.000</ele></trkpt>
      <trkpt lat="22.4097034333" lon="114.3315871322"><ele>72.000</ele></trkpt>
      <trkpt lat="22.4097373250" lon="114.3315848184"><ele>78.000</ele></trkpt>
      <trkpt lat="22.4097579953" lon="114.3315268186"><ele>78.000</ele></trkpt>
      <trkpt lat="22.4097694254" lon="114.3315001781"><ele>78.000</ele></trkpt>
      <trkpt lat="22.4097804123" lon="114.3314770761"><ele>74.000</ele></trkpt>
      <trkpt lat="22.4097887636" lon="114.3314591595"><ele>74.000</ele></trkpt>
      <trkpt lat="22.4097903090" lon="114.3314485468"><ele>74.000</ele></trkpt>
      <trkpt lat="22.4097903185" lon="114.3314386403"><ele>72.000</ele></trkpt>
      <trkpt lat="22.4097874851" lon="114.3314202403"><ele>72.000</ele></trkpt>
      <trkpt lat="22.4097866180" lon="114.3314091529"><ele>72.000</ele></trkpt>
      <trkpt lat="22.4097899251" lon="114.3313909957"><ele>69.000</ele></trkpt>
      <trkpt lat="22.4097965266" lon="114.3313681239"><ele>69.000</ele></trkpt>
      <trkpt lat="22.4097987264" lon="114.3313605780"><ele>69.000</ele></trkpt>
      <trkpt lat="22.4098044709" lon="114.3313160063"><ele>67.000</ele></trkpt>
      <trkpt lat="22.4098051461" lon="114.3312983172"><ele>67.000</ele></trkpt>
      <trkpt lat="22.4098012147" lon="114.3312818021"><ele>66.000</ele></trkpt>
      <trkpt lat="22.4097920331" lon="114.3312508935"><ele>66.000</ele></trkpt>
      <trkpt lat="22.4097828493" lon="114.3312223431"><ele>64.000</ele></trkpt>
      <trkpt lat="22.4097694629" lon="114.3311898264"><ele>64.000</ele></trkpt>
      <trkpt lat="22.4097654340" lon="114.3311816928"><ele>64.000</ele></trkpt>
      <trkpt lat="22.4097541355" lon="114.3311642081"><ele>64.000</ele></trkpt>
      <trkpt lat="22.4097488189" lon="114.3311523824"><ele>65.000</ele></trkpt>
      <trkpt lat="22.4097460390" lon="114.3311412880"><ele>66.000</ele></trkpt>
      <trkpt lat="22.4097462298" lon="114.3311306728"><ele>66.000</ele></trkpt>
      <trkpt lat="22.4097477941" lon="114.3311190587"><ele>66.000</ele></trkpt>
      <trkpt lat="22.4097505136" lon="114.3311081938"><ele>66.000</ele></trkpt>
      <trkpt lat="22.4097559732" lon="114.3310933595"><ele>61.000</ele></trkpt>
      <trkpt lat="22.4097582397" lon="114.3310839703"><ele>61.000</ele></trkpt>
      <trkpt lat="22.4097602577" lon="114.3310701424"><ele>61.000</ele></trkpt>
      <trkpt lat="22.4097588498" lon="114.3310597876"><ele>61.000</ele></trkpt>
      <trkpt lat="22.4097544526" lon="114.3310496821"><ele>60.000</ele></trkpt>
      <trkpt lat="22.4097470919" lon="114.3310410689"><ele>61.000</ele></trkpt>
      <trkpt lat="22.4097367336" lon="114.3310319669"><ele>61.000</ele></trkpt>
      <trkpt lat="22.4097155818" lon="114.3310203821"><ele>61.000</ele></trkpt>
      <trkpt lat="22.4097165171" lon="114.3310197072"><ele>61.000</ele></trkpt>
      <trkpt lat="22.4097192637" lon="114.3310182145"><ele>61.000</ele></trkpt>
      <trkpt lat="22.4097229161" lon="114.3310140035"><ele>61.000</ele></trkpt>
      <trkpt lat="22.4097249705" lon="114.3310093050"><ele>61.000</ele></trkpt>
      <trkpt lat="22.4097240346" lon="114.3310058562"><ele>61.000</ele></trkpt>
      <trkpt lat="22.4097214934" lon="114.3310001814"><ele>60.000</ele></trkpt>
      <trkpt lat="22.4097168866" lon="114.3309920569"><ele>60.000</ele></trkpt>
      <trkpt lat="22.4097104302" lon="114.3309822016"><ele>60.000</ele></trkpt>
      <trkpt lat="22.4096903891" lon="114.3309563645"><ele>61.000</ele></trkpt>
      <trkpt lat="22.4096742492" lon="114.3309305025"><ele>60.000</ele></trkpt>
      <trkpt lat="22.4096689540" lon="114.3309246014"><ele>60.000</ele></trkpt>
      <trkpt lat="22.4096629809" lon="114.3309191851"><ele>60.000</ele></trkpt>
      <trkpt lat="22.4096572325" lon="114.3309150122"><ele>60.000</ele></trkpt>
      <trkpt lat="22.4096505823" lon="114.3309132994"><ele>60.000</ele></trkpt>
      <trkpt lat="22.4096496553" lon="114.3308948637"><ele>59.000</ele></trkpt>
      <trkpt lat="22.4096494533" lon="114.3308831700"><ele>59.000</ele></trkpt>
      <trkpt lat="22.4096512296" lon="114.3308718456"><ele>59.000</ele></trkpt>
      <trkpt lat="22.4096544613" lon="114.3308607957"><ele>59.000</ele></trkpt>
      <trkpt lat="22.4096583746" lon="114.3308498747"><ele>58.000</ele></trkpt>
      <trkpt lat="22.4096667675" lon="114.3308281364"><ele>56.000</ele></trkpt>
      <trkpt lat="22.4096705075" lon="114.3308171764"><ele>56.000</ele></trkpt>
      <trkpt lat="22.4096734485" lon="114.3308060611"><ele>56.000</ele></trkpt>
      <trkpt lat="22.4096745846" lon="114.3307946059"><ele>56.000</ele></trkpt>
      <trkpt lat="22.4096736751" lon="114.3307710605"><ele>56.000</ele></trkpt>
      <trkpt lat="22.4096748311" lon="114.3307595295"><ele>54.000</ele></trkpt>
      <trkpt lat="22.4096772531" lon="114.3307481485"><ele>54.000</ele></trkpt>
      <trkpt lat="22.4096865904" lon="114.3307142593"><ele>54.000</ele></trkpt>
      <trkpt lat="22.4096892877" lon="114.3307030136"><ele>52.000</ele></trkpt>
      <trkpt lat="22.4096912245" lon="114.3306917758"><ele>52.000</ele></trkpt>
      <trkpt lat="22.4096896214" lon="114.3306806614"><ele>52.000</ele></trkpt>
      <trkpt lat="22.4096803353" lon="114.3306598690"><ele>52.000</ele></trkpt>
      <trkpt lat="22.4097329488" lon="114.3306349500"><ele>54.000</ele></trkpt>
      <trkpt lat="22.4097268089" lon="114.3306246843"><ele>54.000</ele></trkpt>
      <trkpt lat="22.4097141899" lon="114.3306092765"><ele>55.000</ele></trkpt>
      <trkpt lat="22.4096930153" lon="114.3305882962"><ele>54.000</ele></trkpt>
      <trkpt lat="22.4096921847" lon="114.3305880797"><ele>54.000</ele></trkpt>
      <trkpt lat="22.4096841506" lon="114.3305849047"><ele>54.000</ele></trkpt>
      <trkpt lat="22.4096731210" lon="114.3305790167"><ele>54.000</ele></trkpt>
      <trkpt lat="22.4096653060" lon="114.3305733653"><ele>54.000</ele></trkpt>
      <trkpt lat="22.4096547216" lon="114.3305645252"><ele>54.000</ele></trkpt>
      <trkpt lat="22.4096480680" lon="114.3305625755"><ele>54.000</ele></trkpt>
      <trkpt lat="22.4096349790" lon="114.3305571902"><ele>54.000</ele></trkpt>
      <trkpt lat="22.4096269366" lon="114.3305532674"><ele>54.000</ele></trkpt>
      <trkpt lat="22.4096163592" lon="114.3305466417"><ele>54.000</ele></trkpt>
      <trkpt lat="22.4096108372" lon="114.3305417213"><ele>54.000</ele></trkpt>
      <trkpt lat="22.4096046229" lon="114.3305336048"><ele>54.000</ele></trkpt>
      <trkpt lat="22.4095965521" lon="114.3305215333"><ele>54.000</ele></trkpt>
      <trkpt lat="22.4095882570" lon="114.3305079951"><ele>52.000</ele></trkpt>
      <trkpt lat="22.4095831785" lon="114.3304972537"><ele>52.000</ele></trkpt>
      <trkpt lat="22.4095621572" lon="114.3304527914"><ele>54.000</ele></trkpt>
      <trkpt lat="22.4095552347" lon="114.3304392450"><ele>54.000</ele></trkpt>
      <trkpt lat="22.4095402425" lon="114.3304123938"><ele>56.000</ele></trkpt>
      <trkpt lat="22.4095243278" lon="114.3303870274"><ele>55.000</ele></trkpt>
      <trkpt lat="22.4095164999" lon="114.3303759469"><ele>55.000</ele></trkpt>
      <trkpt lat="22.4095100358" lon="114.3303646154"><ele>56.000</ele></trkpt>
      <trkpt lat="22.4095072607" lon="114.3303579595"><ele>56.000</ele></trkpt>
      <trkpt lat="22.4095058592" lon="114.3303503145"><ele>56.000</ele></trkpt>
      <trkpt lat="22.4095066205" lon="114.3303475182"><ele>56.000</ele></trkpt>
      <trkpt lat="22.4094866900" lon="114.3303382794"><ele>56.000</ele></trkpt>
      <trkpt lat="22.4094528009" lon="114.3303263157"><ele>56.000</ele></trkpt>
      <trkpt lat="22.4094263016" lon="114.3303019187"><ele>55.000</ele></trkpt>
      <trkpt lat="22.4094131868" lon="114.3302855781"><ele>55.000</ele></trkpt>
      <trkpt lat="22.4093785655" lon="114.3302363964"><ele>56.000</ele></trkpt>
      <trkpt lat="22.4093453277" lon="114.3302043292"><ele>56.000</ele></trkpt>
      <trkpt lat="22.4092984796" lon="114.3301450917"><ele>55.000</ele></trkpt>
      <trkpt lat="22.4092644583" lon="114.3301012331"><ele>56.000</ele></trkpt>
      <trkpt lat="22.4092355752" lon="114.3300573801"><ele>56.000</ele></trkpt>
      <trkpt lat="22.4092331218" lon="114.3300544055"><ele>56.000</ele></trkpt>
      <trkpt lat="22.4092295429" lon="114.3300450215"><ele>56.000</ele></trkpt>
      <trkpt lat="22.4092172294" lon="114.3300158735"><ele>58.000</ele></trkpt>
      <trkpt lat="22.4092052395" lon="114.3299931921"><ele>56.000</ele></trkpt>
      <trkpt lat="22.4091858537" lon="114.3299713185"><ele>57.000</ele></trkpt>
      <trkpt lat="22.4091579886" lon="114.3299482128"><ele>54.000</ele></trkpt>
      <trkpt lat="22.4091283591" lon="114.3299287570"><ele>56.000</ele></trkpt>
      <trkpt lat="22.4091075510" lon="114.3299117379"><ele>54.000</ele></trkpt>
      <trkpt lat="22.4090955612" lon="114.3298983618"><ele>54.000</ele></trkpt>
      <trkpt lat="22.4090806306" lon="114.3298731909"><ele>55.000</ele></trkpt>
      <trkpt lat="22.4090714739" lon="114.3298529408"><ele>54.000</ele></trkpt>
      <trkpt lat="22.4090507039" lon="114.3297946363"><ele>54.000</ele></trkpt>
      <trkpt lat="22.4090387295" lon="114.3297650788"><ele>56.000</ele></trkpt>
      <trkpt lat="22.4090285292" lon="114.3297310654"><ele>55.000</ele></trkpt>
      <trkpt lat="22.4090230669" lon="114.3296907345"><ele>55.000</ele></trkpt>
      <trkpt lat="22.4090063533" lon="114.3295999659"><ele>55.000</ele></trkpt>
      <trkpt lat="22.4090028336" lon="114.3295584814"><ele>56.000</ele></trkpt>
      <trkpt lat="22.4090015664" lon="114.3295329176"><ele>57.000</ele></trkpt>
      <trkpt lat="22.4090044999" lon="114.3295047643"><ele>57.000</ele></trkpt>
      <trkpt lat="22.4090100245" lon="114.3294677282"><ele>57.000</ele></trkpt>
      <trkpt lat="22.4090077879" lon="114.3294455043"><ele>58.000</ele></trkpt>
      <trkpt lat="22.4090016725" lon="114.3294177112"><ele>58.000</ele></trkpt>
      <trkpt lat="22.4090000877" lon="114.3293832604"><ele>59.000</ele></trkpt>
      <trkpt lat="22.4090017228" lon="114.3293625267"><ele>59.000</ele></trkpt>
      <trkpt lat="22.4090062617" lon="114.3293469719"><ele>59.000</ele></trkpt>
      <trkpt lat="22.4090386208" lon="114.3292855088"><ele>60.000</ele></trkpt>
      <trkpt lat="22.4090467850" lon="114.3292647046"><ele>60.000</ele></trkpt>
      <trkpt lat="22.4090500250" lon="114.3292476720"><ele>60.000</ele></trkpt>
      <trkpt lat="22.4090503616" lon="114.3292354447"><ele>60.000</ele></trkpt>
      <trkpt lat="22.4090448796" lon="114.3292254352"><ele>60.000</ele></trkpt>
      <trkpt lat="22.4090035687" lon="114.3291824256"><ele>58.000</ele></trkpt>
      <trkpt lat="22.4089942107" lon="114.3291753838"><ele>58.000</ele></trkpt>
      <trkpt lat="22.4089654747" lon="114.3291564535"><ele>56.000</ele></trkpt>
      <trkpt lat="22.4089461089" lon="114.3291419905"><ele>57.000</ele></trkpt>
      <trkpt lat="22.4089206092" lon="114.3291193635"><ele>55.000</ele></trkpt>
      <trkpt lat="22.4088947962" lon="114.3290937827"><ele>54.000</ele></trkpt>
      <trkpt lat="22.4088740565" lon="114.3290702091"><ele>54.000</ele></trkpt>
      <trkpt lat="22.4088453360" lon="114.3290346216"><ele>54.000</ele></trkpt>
      <trkpt lat="22.4088143671" lon="114.3289893983"><ele>57.000</ele></trkpt>
      <trkpt lat="22.4087614696" lon="114.3289074780"><ele>55.000</ele></trkpt>
      <trkpt lat="22.4087492064" lon="114.3288870896"><ele>55.000</ele></trkpt>
      <trkpt lat="22.4087421172" lon="114.3288778262"><ele>55.000</ele></trkpt>
      <trkpt lat="22.4087224195" lon="114.3288600218"><ele>57.000</ele></trkpt>
      <trkpt lat="22.4087085446" lon="114.3288451967"><ele>54.000</ele></trkpt>
      <trkpt lat="22.4086872492" lon="114.3288170181"><ele>54.000</ele></trkpt>
      <trkpt lat="22.4086804743" lon="114.3288096003"><ele>56.000</ele></trkpt>
      <trkpt lat="22.4086749852" lon="114.3288081181"><ele>56.000</ele></trkpt>
      <trkpt lat="22.4086591524" lon="114.3288106950"><ele>54.000</ele></trkpt>
      <trkpt lat="22.4086436015" lon="114.3288100954"><ele>54.000</ele></trkpt>
      <trkpt lat="22.4086329491" lon="114.3288063844"><ele>54.000</ele></trkpt>
      <trkpt lat="22.4086145474" lon="114.3287941369"><ele>52.000</ele></trkpt>
      <trkpt lat="22.4085893693" lon="114.3287752204"><ele>52.000</ele></trkpt>
      <trkpt lat="22.4085745132" lon="114.3287666867"><ele>53.000</ele></trkpt>
      <trkpt lat="22.4085548184" lon="114.3287562937"><ele>53.000</ele></trkpt>
      <trkpt lat="22.4085264126" lon="114.3287318184"><ele>52.000</ele></trkpt>
      <trkpt lat="22.4085012414" lon="114.3287054906"><ele>54.000</ele></trkpt>
      <trkpt lat="22.4084838170" lon="114.3286902829"><ele>52.000</ele></trkpt>
      <trkpt lat="22.4084589457" lon="114.3286821074"><ele>52.000</ele></trkpt>
      <trkpt lat="22.4084369878" lon="114.3286776363"><ele>52.000</ele></trkpt>
      <trkpt lat="22.4084256844" lon="114.3286746618"><ele>52.000</ele></trkpt>
      <trkpt lat="22.4084169667" lon="114.3286676208"><ele>53.000</ele></trkpt>
      <trkpt lat="22.4084053473" lon="114.3286550125"><ele>53.000</ele></trkpt>
      <trkpt lat="22.4083888883" lon="114.3286416599"><ele>52.000</ele></trkpt>
      <trkpt lat="22.4083691937" lon="114.3286301501"><ele>52.000</ele></trkpt>
      <trkpt lat="22.4083520714" lon="114.3286210021"><ele>52.000</ele></trkpt>
      <trkpt lat="22.4082965727" lon="114.3285798372"><ele>52.000</ele></trkpt>
      <trkpt lat="22.4082762803" lon="114.3285606542"><ele>54.000</ele></trkpt>
      <trkpt lat="22.4082332818" lon="114.3285364244"><ele>52.000</ele></trkpt>
      <trkpt lat="22.4082023393" lon="114.3285215798"><ele>51.000</ele></trkpt>
      <trkpt lat="22.4081720847" lon="114.3285146028"><ele>48.000</ele></trkpt>
      <trkpt lat="22.4081440896" lon="114.3284959932"><ele>48.000</ele></trkpt>
      <trkpt lat="22.4081291004" lon="114.3284657238"><ele>48.000</ele></trkpt>
      <trkpt lat="22.4081074797" lon="114.3284386424"><ele>48.000</ele></trkpt>
      <trkpt lat="22.4080799603" lon="114.3284039695"><ele>48.000</ele></trkpt>
      <trkpt lat="22.4080633143" lon="114.3283780105"><ele>50.000</ele></trkpt>
      <trkpt lat="22.4080461051" lon="114.3283364823"><ele>50.000</ele></trkpt>
      <trkpt lat="22.4080421921" lon="114.3283211446"><ele>52.000</ele></trkpt>
      <trkpt lat="22.4080408996" lon="114.3283031059"><ele>52.000</ele></trkpt>
      <trkpt lat="22.4080431872" lon="114.3282701456"><ele>53.000</ele></trkpt>
      <trkpt lat="22.4080306117" lon="114.3282456866"><ele>49.000</ele></trkpt>
      <trkpt lat="22.4080257814" lon="114.3282253054"><ele>50.000</ele></trkpt>
      <trkpt lat="22.4080242039" lon="114.3281923409"><ele>50.000</ele></trkpt>
      <trkpt lat="22.4080216219" lon="114.3281819656"><ele>50.000</ele></trkpt>
      <trkpt lat="22.4080096848" lon="114.3281700942"><ele>50.000</ele></trkpt>
      <trkpt lat="22.4079990316" lon="114.3281574958"><ele>50.000</ele></trkpt>
      <trkpt lat="22.4079903221" lon="114.3281426667"><ele>48.000</ele></trkpt>
      <trkpt lat="22.4079845274" lon="114.3281289567"><ele>48.000</ele></trkpt>
      <trkpt lat="22.4079813035" lon="114.3281193188"><ele>48.000</ele></trkpt>
      <trkpt lat="22.4079648455" lon="114.3281048591"><ele>48.000</ele></trkpt>
      <trkpt lat="22.4079209496" lon="114.3280629535"><ele>47.000</ele></trkpt>
      <trkpt lat="22.4078909324" lon="114.3280329214"><ele>46.000</ele></trkpt>
      <trkpt lat="22.4078557564" lon="114.3279958424"><ele>45.000</ele></trkpt>
      <trkpt lat="22.4078266541" lon="114.3279626937"><ele>47.000</ele></trkpt>
      <trkpt lat="22.4078043920" lon="114.3279348834"><ele>48.000</ele></trkpt>
      <trkpt lat="22.4077759933" lon="114.3279026290"><ele>48.000</ele></trkpt>
      <trkpt lat="22.4077372690" lon="114.3278551738"><ele>47.000</ele></trkpt>
      <trkpt lat="22.4076859718" lon="114.3277899320"><ele>49.000</ele></trkpt>
      <trkpt lat="22.4076777143" lon="114.3277783725"><ele>47.000</ele></trkpt>
      <trkpt lat="22.4076608087" lon="114.3277547083"><ele>47.000</ele></trkpt>
      <trkpt lat="22.4076275746" lon="114.3277065209"><ele>46.000</ele></trkpt>
      <trkpt lat="22.4076159620" lon="114.3276865113"><ele>49.000</ele></trkpt>
      <trkpt lat="22.4076103424" lon="114.3276593891"><ele>49.000</ele></trkpt>
      <trkpt lat="22.4076103688" lon="114.3276301267"><ele>52.000</ele></trkpt>
      <trkpt lat="22.4076152447" lon="114.3275919830"><ele>52.000</ele></trkpt>
      <trkpt lat="22.4076204490" lon="114.3275590162"><ele>52.000</ele></trkpt>
      <trkpt lat="22.4076340499" lon="114.3275182878"><ele>50.000</ele></trkpt>
      <trkpt lat="22.4076337317" lon="114.3275108771"><ele>50.000</ele></trkpt>
      <trkpt lat="22.4076279241" lon="114.3275012365"><ele>52.000</ele></trkpt>
      <trkpt lat="22.4076121148" lon="114.3274882539"><ele>52.000</ele></trkpt>
      <trkpt lat="22.4075901541" lon="114.3274771206"><ele>52.000</ele></trkpt>
      <trkpt lat="22.4075701315" lon="114.3274685825"><ele>50.000</ele></trkpt>
      <trkpt lat="22.4075569050" lon="114.3274556026"><ele>50.000</ele></trkpt>
      <trkpt lat="22.4075469079" lon="114.3274355947"><ele>50.000</ele></trkpt>
      <trkpt lat="22.4075428519" lon="114.3274214982"><ele>48.000</ele></trkpt>
      <trkpt lat="22.4075281248" lon="114.3274052350"><ele>48.000</ele></trkpt>
      <trkpt lat="22.4075167950" lon="114.3273840233"><ele>48.000</ele></trkpt>
      <trkpt lat="22.4075024843" lon="114.3273570259"><ele>50.000</ele></trkpt>
      <trkpt lat="22.4074941442" lon="114.3273332476"><ele>48.000</ele></trkpt>
      <trkpt lat="22.4074786310" lon="114.3273146013"><ele>48.000</ele></trkpt>
      <trkpt lat="22.4074493818" lon="114.3272927274"><ele>46.000</ele></trkpt>
      <trkpt lat="22.4074135647" lon="114.3272689195"><ele>46.000</ele></trkpt>
      <trkpt lat="22.4073747639" lon="114.3272412538"><ele>45.000</ele></trkpt>
      <trkpt lat="22.4073329809" lon="114.3272090892"><ele>44.000</ele></trkpt>
      <trkpt lat="22.4072888133" lon="114.3271717814"><ele>44.000</ele></trkpt>
      <trkpt lat="22.4072530048" lon="114.3271376944"><ele>44.000</ele></trkpt>
      <trkpt lat="22.4072154065" lon="114.3271016797"><ele>45.000</ele></trkpt>
      <trkpt lat="22.4071903476" lon="114.3270708170"><ele>45.000</ele></trkpt>
      <trkpt lat="22.4071712567" lon="114.3270450994"><ele>44.000</ele></trkpt>
      <trkpt lat="22.4071491824" lon="114.3270161679"><ele>42.000</ele></trkpt>
      <trkpt lat="22.4071318864" lon="114.3269878824"><ele>44.000</ele></trkpt>
      <trkpt lat="22.4071116049" lon="114.3269576679"><ele>43.000</ele></trkpt>
      <trkpt lat="22.4070835764" lon="114.3269088144"><ele>42.000</ele></trkpt>
      <trkpt lat="22.4070573415" lon="114.3268567512"><ele>42.000</ele></trkpt>
      <trkpt lat="22.4070376626" lon="114.3268213968"><ele>40.000</ele></trkpt>
      <trkpt lat="22.4070209694" lon="114.3267866895"><ele>40.000</ele></trkpt>
      <trkpt lat="22.4070179962" lon="114.3267725524"><ele>40.000</ele></trkpt>
      <trkpt lat="22.4070162361" lon="114.3267385031"><ele>40.000</ele></trkpt>
      <trkpt lat="22.4070126781" lon="114.3267102334"><ele>40.000</ele></trkpt>
      <trkpt lat="22.4070091106" lon="114.3266922419"><ele>40.000</ele></trkpt>
      <trkpt lat="22.4070019628" lon="114.3266710349"><ele>42.000</ele></trkpt>
      <trkpt lat="22.4069942159" lon="114.3266511121"><ele>42.000</ele></trkpt>
      <trkpt lat="22.4069858689" lon="114.3266337575"><ele>42.000</ele></trkpt>
      <trkpt lat="22.4069751297" lon="114.3266202550"><ele>41.000</ele></trkpt>
      <trkpt lat="22.4069578188" lon="114.3266080313"><ele>40.000</ele></trkpt>
      <trkpt lat="22.4069351317" lon="114.3265951590"><ele>40.000</ele></trkpt>
      <trkpt lat="22.4069088602" lon="114.3265835668"><ele>38.000</ele></trkpt>
      <trkpt lat="22.4068796001" lon="114.3265732572"><ele>40.000</ele></trkpt>
      <trkpt lat="22.4068622856" lon="114.3265648873"><ele>40.000</ele></trkpt>
      <trkpt lat="22.4068491516" lon="114.3265571638"><ele>40.000</ele></trkpt>
      <trkpt lat="22.4068204983" lon="114.3265372187"><ele>38.000</ele></trkpt>
      <trkpt lat="22.4067852781" lon="114.3265134118"><ele>38.000</ele></trkpt>
      <trkpt lat="22.4067590160" lon="114.3264915423"><ele>36.000</ele></trkpt>
      <trkpt lat="22.4067357391" lon="114.3264709600"><ele>36.000</ele></trkpt>
      <trkpt lat="22.4067142581" lon="114.3264458830"><ele>36.000</ele></trkpt>
      <trkpt lat="22.4066987453" lon="114.3264265939"><ele>39.000</ele></trkpt>
      <trkpt lat="22.4066892009" lon="114.3264130927"><ele>39.000</ele></trkpt>
      <trkpt lat="22.4066832409" lon="114.3263983115"><ele>38.000</ele></trkpt>
      <trkpt lat="22.4066731152" lon="114.3263668221"><ele>40.000</ele></trkpt>
      <trkpt lat="22.4066594182" lon="114.3263224819"><ele>40.000</ele></trkpt>
      <trkpt lat="22.4066445267" lon="114.3262768546"><ele>40.000</ele></trkpt>
      <trkpt lat="22.4066254573" lon="114.3262286540"><ele>38.000</ele></trkpt>
      <trkpt lat="22.4066010154" lon="114.3261759500"><ele>38.000</ele></trkpt>
      <trkpt lat="22.4065849131" lon="114.3261476670"><ele>38.000</ele></trkpt>
      <trkpt lat="22.4065688152" lon="114.3261155294"><ele>36.000</ele></trkpt>
      <trkpt lat="22.4065532795" lon="114.3260897158"><ele>34.000</ele></trkpt>
      <trkpt lat="22.4065218330" lon="114.3260434464"><ele>32.000</ele></trkpt>
      <trkpt lat="22.4065009398" lon="114.3260036778"><ele>32.000</ele></trkpt>
      <trkpt lat="22.4064638520" lon="114.3259405705"><ele>30.000</ele></trkpt>
      <trkpt lat="22.4064499239" lon="114.3259272978"><ele>30.000</ele></trkpt>
      <trkpt lat="22.4064129071" lon="114.3259185176"><ele>32.000</ele></trkpt>
      <trkpt lat="22.4063867250" lon="114.3259116913"><ele>32.000</ele></trkpt>
      <trkpt lat="22.4063740841" lon="114.3259097354"><ele>32.000</ele></trkpt>
      <trkpt lat="22.4063632511" lon="114.3259058390"><ele>32.000</ele></trkpt>
      <trkpt lat="22.4063515133" lon="114.3259038841"><ele>32.000</ele></trkpt>
      <trkpt lat="22.4063442907" lon="114.3259019340"><ele>32.000</ele></trkpt>
      <trkpt lat="22.4063298483" lon="114.3258951202"><ele>28.000</ele></trkpt>
      <trkpt lat="22.4063181131" lon="114.3258902517"><ele>27.000</ele></trkpt>
      <trkpt lat="22.4063000567" lon="114.3258853765"><ele>27.000</ele></trkpt>
      <trkpt lat="22.4062865136" lon="114.3258824485"><ele>27.000</ele></trkpt>
      <trkpt lat="22.4062738728" lon="114.3258804926"><ele>28.000</ele></trkpt>
      <trkpt lat="22.4062675532" lon="114.3258785434"><ele>28.000</ele></trkpt>
      <trkpt lat="22.4062359627" lon="114.3258610282"><ele>25.000</ele></trkpt>
      <trkpt lat="22.4062097860" lon="114.3258483748"><ele>22.000</ele></trkpt>
      <trkpt lat="22.4062025670" lon="114.3258425399"><ele>22.000</ele></trkpt>
      <trkpt lat="22.4061908346" lon="114.3258347578"><ele>24.000</ele></trkpt>
      <trkpt lat="22.4061818104" lon="114.3258279498"><ele>24.000</ele></trkpt>
      <trkpt lat="22.4061754944" lon="114.3258221159"><ele>24.000</ele></trkpt>
      <trkpt lat="22.4061682745" lon="114.3258172522"><ele>24.000</ele></trkpt>
      <trkpt lat="22.4061565447" lon="114.3258065566"><ele>24.000</ele></trkpt>
      <trkpt lat="22.4061439146" lon="114.3257929464"><ele>19.000</ele></trkpt>
    </trkseg>
  </trk>
</gpx>
