<?xml version="1.0" encoding="UTF-8"?>
<gpx xmlns:xsi="http://www.w3.org/2001/XMLSchema-instance"
     xsi:schemaLocation="http://www.topografix.com/GPX/1/1 http://www.topografix.com/GPX/1/1/gpx.xsd"
     version="1.1" creator="json3d_batch_to_gpx"
     xmlns="http://www.topografix.com/GPX/1/1">
  <metadata>
    <name>NeiLakShanCountryTrail</name>
  </metadata>
  <trk>
    <name>NeiLakShanCountryTrail</name>
    <type>hike</type>
    <trkseg>
      <trkpt lat="22.2551710055" lon="113.9138370962"><ele>461.000</ele></trkpt>
      <trkpt lat="22.2552149907" lon="113.9138480565"><ele>464.000</ele></trkpt>
      <trkpt lat="22.2552409086" lon="113.9138545148"><ele>467.000</ele></trkpt>
      <trkpt lat="22.2552848415" lon="113.9138657143"><ele>467.000</ele></trkpt>
      <trkpt lat="22.2552958863" lon="113.9138685299"><ele>467.000</ele></trkpt>
      <trkpt lat="22.2553402121" lon="113.9138777714"><ele>465.000</ele></trkpt>
      <trkpt lat="22.2553538475" lon="113.9138806143"><ele>465.000</ele></trkpt>
      <trkpt lat="22.2553976369" lon="113.9138924447"><ele>464.000</ele></trkpt>
      <trkpt lat="22.2553986674" lon="113.9138927231"><ele>464.000</ele></trkpt>
      <trkpt lat="22.2554369208" lon="113.9139074110"><ele>465.000</ele></trkpt>
      <trkpt lat="22.2554656188" lon="113.9139234003"><ele>465.000</ele></trkpt>
      <trkpt lat="22.2555044757" lon="113.9139419374"><ele>465.000</ele></trkpt>
      <trkpt lat="22.2555325765" lon="113.9139579278"><ele>466.000</ele></trkpt>
      <trkpt lat="22.2555702274" lon="113.9139694083"><ele>467.000</ele></trkpt>
      <trkpt lat="22.2555953237" lon="113.9139744953"><ele>467.000</ele></trkpt>
      <trkpt lat="22.2556287828" lon="113.9139795666"><ele>468.000</ele></trkpt>
      <trkpt lat="22.2556737748" lon="113.9139836591"><ele>469.000</ele></trkpt>
      <trkpt lat="22.2556771743" lon="113.9139839683"><ele>469.000</ele></trkpt>
      <trkpt lat="22.2557222897" lon="113.9139859463"><ele>470.000</ele></trkpt>
      <trkpt lat="22.2557333281" lon="113.9139864303"><ele>470.000</ele></trkpt>
      <trkpt lat="22.2557784800" lon="113.9139867502"><ele>471.000</ele></trkpt>
      <trkpt lat="22.2558050092" lon="113.9139869382"><ele>472.000</ele></trkpt>
      <trkpt lat="22.2558501613" lon="113.9139872300"><ele>473.000</ele></trkpt>
      <trkpt lat="22.2558820665" lon="113.9139874361"><ele>474.000</ele></trkpt>
      <trkpt lat="22.2559272182" lon="113.9139870698"><ele>475.000</ele></trkpt>
      <trkpt lat="22.2559723698" lon="113.9139867035"><ele>476.000</ele></trkpt>
      <trkpt lat="22.2559848074" lon="113.9139866026"><ele>476.000</ele></trkpt>
      <trkpt lat="22.2560299464" lon="113.9139878056"><ele>477.000</ele></trkpt>
      <trkpt lat="22.2560523093" lon="113.9139884016"><ele>478.000</ele></trkpt>
      <trkpt lat="22.2560973415" lon="113.9139919454"><ele>479.000</ele></trkpt>
      <trkpt lat="22.2561001023" lon="113.9139921627"><ele>479.000</ele></trkpt>
      <trkpt lat="22.2561323659" lon="113.9139965945"><ele>479.000</ele></trkpt>
      <trkpt lat="22.2561520840" lon="113.9140004080"><ele>480.000</ele></trkpt>
      <trkpt lat="22.2561771806" lon="113.9140054950"><ele>479.000</ele></trkpt>
      <trkpt lat="22.2561969029" lon="113.9140118752"><ele>479.000</ele></trkpt>
      <trkpt lat="22.2562190147" lon="113.9140182513"><ele>479.000</ele></trkpt>
      <trkpt lat="22.2562375363" lon="113.9140207835"><ele>481.000</ele></trkpt>
      <trkpt lat="22.2562548591" lon="113.9140207512"><ele>481.000</ele></trkpt>
      <trkpt lat="22.2562680035" lon="113.9140226519"><ele>481.000</ele></trkpt>
      <trkpt lat="22.2562841441" lon="113.9140303224"><ele>482.000</ele></trkpt>
      <trkpt lat="22.2562967015" lon="113.9140386413"><ele>482.000</ele></trkpt>
      <trkpt lat="22.2563116536" lon="113.9140501643"><ele>482.000</ele></trkpt>
      <trkpt lat="22.2563266078" lon="113.9140629706"><ele>482.000</ele></trkpt>
      <trkpt lat="22.2563397690" lon="113.9140751386"><ele>482.000</ele></trkpt>
      <trkpt lat="22.2563535315" lon="113.9140898727"><ele>482.000</ele></trkpt>
      <trkpt lat="22.2563678831" lon="113.9140994715"><ele>483.000</ele></trkpt>
      <trkpt lat="22.2563804345" lon="113.9141039401"><ele>484.000</ele></trkpt>
      <trkpt lat="22.2563935789" lon="113.9141058409"><ele>484.000</ele></trkpt>
      <trkpt lat="22.2564067183" lon="113.9141045329"><ele>484.000</ele></trkpt>
      <trkpt lat="22.2564204642" lon="113.9141089993"><ele>485.000</ele></trkpt>
      <trkpt lat="22.2564336180" lon="113.9141166753"><ele>485.000</ele></trkpt>
      <trkpt lat="22.2564479677" lon="113.9141249909"><ele>485.000</ele></trkpt>
      <trkpt lat="22.2564629198" lon="113.9141365139"><ele>487.000</ele></trkpt>
      <trkpt lat="22.2564760922" lon="113.9141557409"><ele>487.000</ele></trkpt>
      <trkpt lat="22.2564898505" lon="113.9141679079"><ele>487.000</ele></trkpt>
      <trkpt lat="22.2565006160" lon="113.9141762302"><ele>487.000</ele></trkpt>
      <trkpt lat="22.2565203458" lon="113.9141871025"><ele>489.000</ele></trkpt>
      <trkpt lat="22.2565382814" lon="113.9141966949"><ele>489.000</ele></trkpt>
      <trkpt lat="22.2565538205" lon="113.9142017995"><ele>489.000</ele></trkpt>
      <trkpt lat="22.2565741350" lon="113.9142049704"><ele>489.000</ele></trkpt>
      <trkpt lat="22.2565908636" lon="113.9142068643"><ele>489.000</ele></trkpt>
      <trkpt lat="22.2566123728" lon="113.9142100327"><ele>489.000</ele></trkpt>
      <trkpt lat="22.2566273124" lon="113.9142138551"><ele>489.000</ele></trkpt>
      <trkpt lat="22.2566434509" lon="113.9142202424"><ele>490.000</ele></trkpt>
      <trkpt lat="22.2566607871" lon="113.9142285524"><ele>490.000</ele></trkpt>
      <trkpt lat="22.2566751293" lon="113.9142323760"><ele>490.000</ele></trkpt>
      <trkpt lat="22.2567008199" lon="113.9142355366"><ele>490.000</ele></trkpt>
      <trkpt lat="22.2567229224" lon="113.9142361372"><ele>490.000</ele></trkpt>
      <trkpt lat="22.2567306837" lon="113.9142348447"><ele>490.000</ele></trkpt>
      <trkpt lat="22.2567354489" lon="113.9142252044"><ele>490.000</ele></trkpt>
      <trkpt lat="22.2567372242" lon="113.9142149337"><ele>490.000</ele></trkpt>
      <trkpt lat="22.2567342168" lon="113.9142021048"><ele>490.000</ele></trkpt>
      <trkpt lat="22.2567270146" lon="113.9141809417"><ele>491.000</ele></trkpt>
      <trkpt lat="22.2567162024" lon="113.9141437420"><ele>492.000</ele></trkpt>
      <trkpt lat="22.2567035877" lon="113.9141001286"><ele>493.000</ele></trkpt>
      <trkpt lat="22.2566981765" lon="113.9140783201"><ele>493.000</ele></trkpt>
      <trkpt lat="22.2566903603" lon="113.9140468905"><ele>495.000</ele></trkpt>
      <trkpt lat="22.2566825430" lon="113.9140148191"><ele>495.000</ele></trkpt>
      <trkpt lat="22.2566735240" lon="113.9139782581"><ele>495.000</ele></trkpt>
      <trkpt lat="22.2566623726" lon="113.9139312530"><ele>496.000</ele></trkpt>
      <trkpt lat="22.2566608937" lon="113.9139250189"><ele>496.000</ele></trkpt>
      <trkpt lat="22.2566482758" lon="113.9138794803"><ele>497.000</ele></trkpt>
      <trkpt lat="22.2566398655" lon="113.9138499770"><ele>498.000</ele></trkpt>
      <trkpt lat="22.2566332417" lon="113.9138172617"><ele>497.000</ele></trkpt>
      <trkpt lat="22.2566242257" lon="113.9137826258"><ele>498.000</ele></trkpt>
      <trkpt lat="22.2566158069" lon="113.9137479887"><ele>499.000</ele></trkpt>
      <trkpt lat="22.2566055992" lon="113.9137152801"><ele>499.000</ele></trkpt>
      <trkpt lat="22.2565965882" lon="113.9136838527"><ele>500.000</ele></trkpt>
      <trkpt lat="22.2565887708" lon="113.9136517813"><ele>501.000</ele></trkpt>
      <trkpt lat="22.2565845427" lon="113.9136229118"><ele>501.000</ele></trkpt>
      <trkpt lat="22.2565815093" lon="113.9135940401"><ele>502.000</ele></trkpt>
      <trkpt lat="22.2565802628" lon="113.9135619565"><ele>503.000</ele></trkpt>
      <trkpt lat="22.2565802357" lon="113.9135452720"><ele>503.000</ele></trkpt>
      <trkpt lat="22.2565825969" lon="113.9135279411"><ele>503.000</ele></trkpt>
      <trkpt lat="22.2565873611" lon="113.9135189481"><ele>504.000</ele></trkpt>
      <trkpt lat="22.2566040646" lon="113.9135054409"><ele>504.000</ele></trkpt>
      <trkpt lat="22.2566285241" lon="113.9134861433"><ele>504.000</ele></trkpt>
      <trkpt lat="22.2566511854" lon="113.9134629991"><ele>505.000</ele></trkpt>
      <trkpt lat="22.2566815944" lon="113.9134289312"><ele>506.000</ele></trkpt>
      <trkpt lat="22.2567113905" lon="113.9133924845"><ele>506.000</ele></trkpt>
      <trkpt lat="22.2567125946" lon="113.9133910116"><ele>506.000</ele></trkpt>
      <trkpt lat="22.2567428650" lon="113.9133550188"><ele>507.000</ele></trkpt>
      <trkpt lat="22.2567531354" lon="113.9133428068"><ele>507.000</ele></trkpt>
      <trkpt lat="22.2567835423" lon="113.9133074553"><ele>508.000</ele></trkpt>
      <trkpt lat="22.2568154145" lon="113.9132730953"><ele>507.000</ele></trkpt>
      <trkpt lat="22.2568169346" lon="113.9132714565"><ele>508.000</ele></trkpt>
      <trkpt lat="22.2568448702" lon="113.9132333470"><ele>508.000</ele></trkpt>
      <trkpt lat="22.2568461397" lon="113.9132316152"><ele>508.000</ele></trkpt>
      <trkpt lat="22.2568670048" lon="113.9132059075"><ele>509.000</ele></trkpt>
      <trkpt lat="22.2568795177" lon="113.9131866325"><ele>509.000</ele></trkpt>
      <trkpt lat="22.2568866701" lon="113.9131769932"><ele>509.000</ele></trkpt>
      <trkpt lat="22.2568967862" lon="113.9131532306"><ele>509.000</ele></trkpt>
      <trkpt lat="22.2569057076" lon="113.9131294702"><ele>509.000</ele></trkpt>
      <trkpt lat="22.2569122378" lon="113.9131044308"><ele>511.000</ele></trkpt>
      <trkpt lat="22.2569181798" lon="113.9130851681"><ele>511.000</ele></trkpt>
      <trkpt lat="22.2569264999" lon="113.9130588421"><ele>510.000</ele></trkpt>
      <trkpt lat="22.2569324357" lon="113.9130357291"><ele>510.000</ele></trkpt>
      <trkpt lat="22.2569329851" lon="113.9130062088"><ele>510.000</ele></trkpt>
      <trkpt lat="22.2569257525" lon="113.9129664357"><ele>511.000</ele></trkpt>
      <trkpt lat="22.2569203107" lon="113.9129260174"><ele>511.000</ele></trkpt>
      <trkpt lat="22.2569148671" lon="113.9128843159"><ele>512.000</ele></trkpt>
      <trkpt lat="22.2569118231" lon="113.9128490268"><ele>512.000</ele></trkpt>
      <trkpt lat="22.2569099799" lon="113.9128175860"><ele>513.000</ele></trkpt>
      <trkpt lat="22.2569123048" lon="113.9127777950"><ele>513.000</ele></trkpt>
      <trkpt lat="22.2569134305" lon="113.9127354394"><ele>513.000</ele></trkpt>
      <trkpt lat="22.2569175482" lon="113.9126962868"><ele>513.000</ele></trkpt>
      <trkpt lat="22.2569228701" lon="113.9126629072"><ele>514.000</ele></trkpt>
      <trkpt lat="22.2569275975" lon="113.9126314541"><ele>514.000</ele></trkpt>
      <trkpt lat="22.2569353159" lon="113.9126025621"><ele>514.000</ele></trkpt>
      <trkpt lat="22.2569448286" lon="113.9125749503"><ele>514.000</ele></trkpt>
      <trkpt lat="22.2569591208" lon="113.9125479712"><ele>516.000</ele></trkpt>
      <trkpt lat="22.2569764058" lon="113.9125248369"><ele>516.000</ele></trkpt>
      <trkpt lat="22.2569996467" lon="113.9124907822"><ele>517.000</ele></trkpt>
      <trkpt lat="22.2570157360" lon="113.9124670081"><ele>517.000</ele></trkpt>
      <trkpt lat="22.2570300461" lon="113.9124509384"><ele>517.000</ele></trkpt>
      <trkpt lat="22.2570449638" lon="113.9124412845"><ele>518.000</ele></trkpt>
      <trkpt lat="22.2570700268" lon="113.9124258361"><ele>518.000</ele></trkpt>
      <trkpt lat="22.2570968796" lon="113.9124091009"><ele>519.000</ele></trkpt>
      <trkpt lat="22.2571267182" lon="113.9123917183"><ele>518.000</ele></trkpt>
      <trkpt lat="22.2571595489" lon="113.9123775389"><ele>519.000</ele></trkpt>
      <trkpt lat="22.2571846108" lon="113.9123614488"><ele>521.000</ele></trkpt>
      <trkpt lat="22.2571995056" lon="113.9123376771"><ele>519.000</ele></trkpt>
      <trkpt lat="22.2572102221" lon="113.9123158383"><ele>519.000</ele></trkpt>
      <trkpt lat="22.2572179519" lon="113.9122940054"><ele>519.000</ele></trkpt>
      <trkpt lat="22.2572203057" lon="113.9122721823"><ele>519.000</ele></trkpt>
      <trkpt lat="22.2572202681" lon="113.9122490804"><ele>519.000</ele></trkpt>
      <trkpt lat="22.2572178381" lon="113.9122240578"><ele>519.000</ele></trkpt>
      <trkpt lat="22.2572118050" lon="113.9121874912"><ele>519.000</ele></trkpt>
      <trkpt lat="22.2572069899" lon="113.9121650398"><ele>519.000</ele></trkpt>
      <trkpt lat="22.2572051664" lon="113.9121457916"><ele>519.000</ele></trkpt>
      <trkpt lat="22.2572045419" lon="113.9121291080"><ele>519.000</ele></trkpt>
      <trkpt lat="22.2572062786" lon="113.9120950936"><ele>518.000</ele></trkpt>
      <trkpt lat="22.2572050096" lon="113.9120495336"><ele>518.000</ele></trkpt>
      <trkpt lat="22.2572085246" lon="113.9120071734"><ele>518.000</ele></trkpt>
      <trkpt lat="22.2572090770" lon="113.9119795784"><ele>518.000</ele></trkpt>
      <trkpt lat="22.2572132249" lon="113.9119590354"><ele>518.000</ele></trkpt>
      <trkpt lat="22.2572161885" lon="113.9119449121"><ele>518.000</ele></trkpt>
      <trkpt lat="22.2572233272" lon="113.9119269303"><ele>520.000</ele></trkpt>
      <trkpt lat="22.2572340343" lon="113.9118993162"><ele>520.000</ele></trkpt>
      <trkpt lat="22.2572453188" lon="113.9118595082"><ele>520.000</ele></trkpt>
      <trkpt lat="22.2572579835" lon="113.9118129474"><ele>520.000</ele></trkpt>
      <trkpt lat="22.2572631321" lon="113.9117940191"><ele>520.000</ele></trkpt>
      <trkpt lat="22.2572774001" lon="113.9117522802"><ele>523.000</ele></trkpt>
      <trkpt lat="22.2572815375" lon="113.9117253202"><ele>523.000</ele></trkpt>
      <trkpt lat="22.2572844885" lon="113.9117034959"><ele>523.000</ele></trkpt>
      <trkpt lat="22.2572862388" lon="113.9116778239"><ele>523.000</ele></trkpt>
      <trkpt lat="22.2572903594" lon="113.9116405962"><ele>523.000</ele></trkpt>
      <trkpt lat="22.2572938952" lon="113.9116110704"><ele>524.000</ele></trkpt>
      <trkpt lat="22.2572998193" lon="113.9115808982"><ele>524.000</ele></trkpt>
      <trkpt lat="22.2573045530" lon="113.9115532952"><ele>524.000</ele></trkpt>
      <trkpt lat="22.2573110880" lon="113.9115314645"><ele>527.000</ele></trkpt>
      <trkpt lat="22.2573170384" lon="113.9115173352"><ele>526.000</ele></trkpt>
      <trkpt lat="22.2573289682" lon="113.9115070453"><ele>526.000</ele></trkpt>
      <trkpt lat="22.2573438744" lon="113.9114903324"><ele>526.000</ele></trkpt>
      <trkpt lat="22.2573563965" lon="113.9114768325"><ele>527.000</ele></trkpt>
      <trkpt lat="22.2573689238" lon="113.9114665415"><ele>527.000</ele></trkpt>
      <trkpt lat="22.2573802575" lon="113.9114568942"><ele>527.000</ele></trkpt>
      <trkpt lat="22.2573927888" lon="113.9114491699"><ele>527.000</ele></trkpt>
      <trkpt lat="22.2574101042" lon="113.9114446452"><ele>529.000</ele></trkpt>
      <trkpt lat="22.2574321961" lon="113.9114388282"><ele>529.000</ele></trkpt>
      <trkpt lat="22.2574489164" lon="113.9114355881"><ele>531.000</ele></trkpt>
      <trkpt lat="22.2574710031" lon="113.9114265623"><ele>529.000</ele></trkpt>
      <trkpt lat="22.2574883111" lon="113.9114175454"><ele>529.000</ele></trkpt>
      <trkpt lat="22.2575062165" lon="113.9114085275"><ele>530.000</ele></trkpt>
      <trkpt lat="22.2575271034" lon="113.9113962956"><ele>530.000</ele></trkpt>
      <trkpt lat="22.2575426174" lon="113.9113859987"><ele>532.000</ele></trkpt>
      <trkpt lat="22.2575593186" lon="113.9113712076"><ele>531.000</ele></trkpt>
      <trkpt lat="22.2575837757" lon="113.9113506263"><ele>533.000</ele></trkpt>
      <trkpt lat="22.2576052349" lon="113.9113229918"><ele>532.000</ele></trkpt>
      <trkpt lat="22.2576213439" lon="113.9113114104"><ele>532.000</ele></trkpt>
      <trkpt lat="22.2576392461" lon="113.9113004674"><ele>534.000</ele></trkpt>
      <trkpt lat="22.2576661064" lon="113.9112882239"><ele>534.000</ele></trkpt>
      <trkpt lat="22.2577007225" lon="113.9112701903"><ele>534.000</ele></trkpt>
      <trkpt lat="22.2577407115" lon="113.9112502214"><ele>535.000</ele></trkpt>
      <trkpt lat="22.2577681659" lon="113.9112360518"><ele>534.000</ele></trkpt>
      <trkpt lat="22.2578033719" lon="113.9112135249"><ele>534.000</ele></trkpt>
      <trkpt lat="22.2578379891" lon="113.9111961331"><ele>535.000</ele></trkpt>
      <trkpt lat="22.2578564876" lon="113.9111845472"><ele>535.000</ele></trkpt>
      <trkpt lat="22.2578743856" lon="113.9111710371"><ele>535.000</ele></trkpt>
      <trkpt lat="22.2578857119" lon="113.9111568979"><ele>535.000</ele></trkpt>
      <trkpt lat="22.2579012059" lon="113.9111344082"><ele>535.000</ele></trkpt>
      <trkpt lat="22.2579190745" lon="113.9111029300"><ele>535.000</ele></trkpt>
      <trkpt lat="22.2579351594" lon="113.9110765890"><ele>534.000</ele></trkpt>
      <trkpt lat="22.2579494495" lon="113.9110483261"><ele>533.000</ele></trkpt>
      <trkpt lat="22.2579577732" lon="113.9110245665"><ele>532.000</ele></trkpt>
      <trkpt lat="22.2579643010" lon="113.9109982433"><ele>532.000</ele></trkpt>
      <trkpt lat="22.2579696297" lon="113.9109693558"><ele>531.000</ele></trkpt>
      <trkpt lat="22.2579761415" lon="113.9109334069"><ele>530.000</ele></trkpt>
      <trkpt lat="22.2579844591" lon="113.9109057970"><ele>530.000</ele></trkpt>
      <trkpt lat="22.2579909919" lon="113.9108826824"><ele>530.000</ele></trkpt>
      <trkpt lat="22.2580041040" lon="113.9108646894"><ele>530.000</ele></trkpt>
      <trkpt lat="22.2580154387" lon="113.9108556838"><ele>530.000</ele></trkpt>
      <trkpt lat="22.2580291637" lon="113.9108473154"><ele>530.000</ele></trkpt>
      <trkpt lat="22.2580375065" lon="113.9108351068"><ele>531.000</ele></trkpt>
      <trkpt lat="22.2580422567" lon="113.9108177714"><ele>531.000</ele></trkpt>
      <trkpt lat="22.2580452120" lon="113.9107985141"><ele>531.000</ele></trkpt>
      <trkpt lat="22.2580463782" lon="113.9107811852"><ele>531.000</ele></trkpt>
      <trkpt lat="22.2580481461" lon="113.9107664223"><ele>531.000</ele></trkpt>
      <trkpt lat="22.2580510991" lon="113.9107458814"><ele>531.000</ele></trkpt>
      <trkpt lat="22.2580546537" lon="113.9107279063"><ele>531.000</ele></trkpt>
      <trkpt lat="22.2580606122" lon="113.9107189110"><ele>531.000</ele></trkpt>
      <trkpt lat="22.2580749285" lon="113.9107066912"><ele>531.000</ele></trkpt>
      <trkpt lat="22.2580958047" lon="113.9106880415"><ele>531.000</ele></trkpt>
      <trkpt lat="22.2581083297" lon="113.9106764668"><ele>531.000</ele></trkpt>
      <trkpt lat="22.2581232294" lon="113.9106559034"><ele>533.000</ele></trkpt>
      <trkpt lat="22.2581458746" lon="113.9106231327"><ele>532.000</ele></trkpt>
      <trkpt lat="22.2581721015" lon="113.9105836464"><ele>531.000</ele></trkpt>
      <trkpt lat="22.2581774557" lon="113.9105755853"><ele>531.000</ele></trkpt>
      <trkpt lat="22.2582012954" lon="113.9105428121"><ele>530.000</ele></trkpt>
      <trkpt lat="22.2582096339" lon="113.9105280367"><ele>530.000</ele></trkpt>
      <trkpt lat="22.2582131895" lon="113.9105107033"><ele>530.000</ele></trkpt>
      <trkpt lat="22.2582155525" lon="113.9104946557"><ele>530.000</ele></trkpt>
      <trkpt lat="22.2582167188" lon="113.9104773268"><ele>530.000</ele></trkpt>
      <trkpt lat="22.2582160794" lon="113.9104516590"><ele>530.000</ele></trkpt>
      <trkpt lat="22.2582136459" lon="113.9104247110"><ele>530.000</ele></trkpt>
      <trkpt lat="22.2582118139" lon="113.9104003290"><ele>531.000</ele></trkpt>
      <trkpt lat="22.2582034187" lon="113.9103804514"><ele>527.000</ele></trkpt>
      <trkpt lat="22.2581950223" lon="113.9103599320"><ele>526.000</ele></trkpt>
      <trkpt lat="22.2581836371" lon="113.9103381348"><ele>526.000</ele></trkpt>
      <trkpt lat="22.2581710530" lon="113.9103137730"><ele>527.000</ele></trkpt>
      <trkpt lat="22.2581542867" lon="113.9102887776"><ele>524.000</ele></trkpt>
      <trkpt lat="22.2581429067" lon="113.9102701889"><ele>524.000</ele></trkpt>
      <trkpt lat="22.2581309274" lon="113.9102503181"><ele>525.000</ele></trkpt>
      <trkpt lat="22.2581207411" lon="113.9102310856"><ele>524.000</ele></trkpt>
      <trkpt lat="22.2581111533" lon="113.9102124938"><ele>524.000</ele></trkpt>
      <trkpt lat="22.2581057477" lon="113.9101945356"><ele>524.000</ele></trkpt>
      <trkpt lat="22.2581027379" lon="113.9101804234"><ele>524.000</ele></trkpt>
      <trkpt lat="22.2581027095" lon="113.9101630968"><ele>524.000</ele></trkpt>
      <trkpt lat="22.2581026705" lon="113.9101393530"><ele>524.000</ele></trkpt>
      <trkpt lat="22.2581020373" lon="113.9101175357"><ele>524.000</ele></trkpt>
      <trkpt lat="22.2581032026" lon="113.9100995650"><ele>524.000</ele></trkpt>
      <trkpt lat="22.2581049555" lon="113.9100758179"><ele>524.000</ele></trkpt>
      <trkpt lat="22.2581108890" lon="113.9100514210"><ele>524.000</ele></trkpt>
      <trkpt lat="22.2581233802" lon="113.9100193110"><ele>525.000</ele></trkpt>
      <trkpt lat="22.2581410936" lon="113.9099746913"><ele>525.000</ele></trkpt>
      <trkpt lat="22.2581412264" lon="113.9099743566"><ele>525.000</ele></trkpt>
      <trkpt lat="22.2581557665" lon="113.9099284322"><ele>525.000</ele></trkpt>
      <trkpt lat="22.2581566771" lon="113.9099255560"><ele>525.000</ele></trkpt>
      <trkpt lat="22.2581673827" lon="113.9098972998"><ele>526.000</ele></trkpt>
      <trkpt lat="22.2581768770" lon="113.9098587783"><ele>526.000</ele></trkpt>
      <trkpt lat="22.2581885807" lon="113.9098119279"><ele>526.000</ele></trkpt>
      <trkpt lat="22.2581887455" lon="113.9098112681"><ele>526.000</ele></trkpt>
      <trkpt lat="22.2581988286" lon="113.9097676116"><ele>526.000</ele></trkpt>
      <trkpt lat="22.2582083247" lon="113.9097303733"><ele>527.000</ele></trkpt>
      <trkpt lat="22.2582166242" lon="113.9096918541"><ele>528.000</ele></trkpt>
      <trkpt lat="22.2582213531" lon="113.9096616839"><ele>529.000</ele></trkpt>
      <trkpt lat="22.2582243052" lon="113.9096405015"><ele>529.000</ele></trkpt>
      <trkpt lat="22.2582236888" lon="113.9096289516"><ele>529.000</ele></trkpt>
      <trkpt lat="22.2582188837" lon="113.9096129175"><ele>529.000</ele></trkpt>
      <trkpt lat="22.2582146791" lon="113.9095988074"><ele>529.000</ele></trkpt>
      <trkpt lat="22.2582074836" lon="113.9095821361"><ele>529.000</ele></trkpt>
      <trkpt lat="22.2582068588" lon="113.9095654526"><ele>529.000</ele></trkpt>
      <trkpt lat="22.2582098140" lon="113.9095461950"><ele>529.000</ele></trkpt>
      <trkpt lat="22.2582211231" lon="113.9095217882"><ele>529.000</ele></trkpt>
      <trkpt lat="22.2582330329" lon="113.9094993050"><ele>529.000</ele></trkpt>
      <trkpt lat="22.2582461332" lon="113.9094742527"><ele>528.000</ele></trkpt>
      <trkpt lat="22.2582669807" lon="113.9094382767"><ele>528.000</ele></trkpt>
      <trkpt lat="22.2582914091" lon="113.9094003683"><ele>528.000</ele></trkpt>
      <trkpt lat="22.2583128721" lon="113.9093753001"><ele>529.000</ele></trkpt>
      <trkpt lat="22.2583331381" lon="113.9093489509"><ele>529.000</ele></trkpt>
      <trkpt lat="22.2583510085" lon="113.9093187559"><ele>530.000</ele></trkpt>
      <trkpt lat="22.2583617235" lon="113.9092962749"><ele>530.000</ele></trkpt>
      <trkpt lat="22.2583712324" lon="113.9092667376"><ele>529.000</ele></trkpt>
      <trkpt lat="22.2583819284" lon="113.9092327056"><ele>529.000</ele></trkpt>
      <trkpt lat="22.2583982690" lon="113.9091874852"><ele>529.000</ele></trkpt>
      <trkpt lat="22.2584009565" lon="113.9091800477"><ele>529.000</ele></trkpt>
      <trkpt lat="22.2584164196" lon="113.9091389480"><ele>528.000</ele></trkpt>
      <trkpt lat="22.2584336778" lon="113.9090997698"><ele>527.000</ele></trkpt>
      <trkpt lat="22.2584491578" lon="113.9090689373"><ele>528.000</ele></trkpt>
      <trkpt lat="22.2584676234" lon="113.9090374576"><ele>526.000</ele></trkpt>
      <trkpt lat="22.2584848984" lon="113.9090085469"><ele>528.000</ele></trkpt>
      <trkpt lat="22.2585057543" lon="113.9089777044"><ele>526.000</ele></trkpt>
      <trkpt lat="22.2585370597" lon="113.9089427478"><ele>526.000</ele></trkpt>
      <trkpt lat="22.2585391437" lon="113.9089404208"><ele>526.000</ele></trkpt>
      <trkpt lat="22.2585623965" lon="113.9089140656"><ele>526.000</ele></trkpt>
      <trkpt lat="22.2585856387" lon="113.9088812932"><ele>526.000</ele></trkpt>
      <trkpt lat="22.2586100711" lon="113.9088459517"><ele>525.000</ele></trkpt>
      <trkpt lat="22.2586315254" lon="113.9088157497"><ele>527.000</ele></trkpt>
      <trkpt lat="22.2586511793" lon="113.9087804173"><ele>527.000</ele></trkpt>
      <trkpt lat="22.2586607038" lon="113.9087605056"><ele>528.000</ele></trkpt>
      <trkpt lat="22.2586678421" lon="113.9087425234"><ele>528.000</ele></trkpt>
      <trkpt lat="22.2586731907" lon="113.9087258283"><ele>528.000</ele></trkpt>
      <trkpt lat="22.2586749532" lon="113.9087078566"><ele>529.000</ele></trkpt>
      <trkpt lat="22.2586749288" lon="113.9086930970"><ele>529.000</ele></trkpt>
      <trkpt lat="22.2586749055" lon="113.9086789789"><ele>529.000</ele></trkpt>
      <trkpt lat="22.2586766657" lon="113.9086597237"><ele>529.000</ele></trkpt>
      <trkpt lat="22.2586778307" lon="113.9086417532"><ele>529.000</ele></trkpt>
      <trkpt lat="22.2586789998" lon="113.9086263496"><ele>529.000</ele></trkpt>
      <trkpt lat="22.2586801660" lon="113.9086090206"><ele>528.000</ele></trkpt>
      <trkpt lat="22.2586849140" lon="113.9085904015"><ele>528.000</ele></trkpt>
      <trkpt lat="22.2586920418" lon="113.9085660022"><ele>527.000</ele></trkpt>
      <trkpt lat="22.2586991843" lon="113.9085505871"><ele>527.000</ele></trkpt>
      <trkpt lat="22.2587122811" lon="113.9085236094"><ele>529.000</ele></trkpt>
      <trkpt lat="22.2587277578" lon="113.9084908519"><ele>527.000</ele></trkpt>
      <trkpt lat="22.2587438245" lon="113.9084536010"><ele>526.000</ele></trkpt>
      <trkpt lat="22.2587635758" lon="113.9084099797"><ele>527.000</ele></trkpt>
      <trkpt lat="22.2587694166" lon="113.9083970800"><ele>527.000</ele></trkpt>
      <trkpt lat="22.2587915314" lon="113.9083547880"><ele>526.000</ele></trkpt>
      <trkpt lat="22.2587956167" lon="113.9083469753"><ele>527.000</ele></trkpt>
      <trkpt lat="22.2588051432" lon="113.9083283468"><ele>527.000</ele></trkpt>
      <trkpt lat="22.2588146731" lon="113.9083116439"><ele>526.000</ele></trkpt>
      <trkpt lat="22.2588277964" lon="113.9083007093"><ele>526.000</ele></trkpt>
      <trkpt lat="22.2588504517" lon="113.9082743553"><ele>526.000</ele></trkpt>
      <trkpt lat="22.2588736948" lon="113.9082422245"><ele>526.000</ele></trkpt>
      <trkpt lat="22.2588891733" lon="113.9082107503"><ele>527.000</ele></trkpt>
      <trkpt lat="22.2589046521" lon="113.9081792760"><ele>527.000</ele></trkpt>
      <trkpt lat="22.2589135645" lon="113.9081503811"><ele>526.000</ele></trkpt>
      <trkpt lat="22.2589218720" lon="113.9081169952"><ele>526.000</ele></trkpt>
      <trkpt lat="22.2589295724" lon="113.9080778351"><ele>525.000</ele></trkpt>
      <trkpt lat="22.2589330949" lon="113.9080406082"><ele>527.000</ele></trkpt>
      <trkpt lat="22.2589353881" lon="113.9079921623"><ele>526.000</ele></trkpt>
      <trkpt lat="22.2589354037" lon="113.9079918323"><ele>526.000</ele></trkpt>
      <trkpt lat="22.2589377515" lon="113.9079668003"><ele>526.000</ele></trkpt>
      <trkpt lat="22.2589425037" lon="113.9079507480"><ele>526.000</ele></trkpt>
      <trkpt lat="22.2589484473" lon="113.9079327683"><ele>525.000</ele></trkpt>
      <trkpt lat="22.2589555866" lon="113.9079154279"><ele>525.000</ele></trkpt>
      <trkpt lat="22.2589686994" lon="113.9078980763"><ele>525.000</ele></trkpt>
      <trkpt lat="22.2589842004" lon="113.9078800781"><ele>525.000</ele></trkpt>
      <trkpt lat="22.2590086433" lon="113.9078511535"><ele>525.000</ele></trkpt>
      <trkpt lat="22.2590411011" lon="113.9078174318"><ele>524.000</ele></trkpt>
      <trkpt lat="22.2590414404" lon="113.9078170793"><ele>524.000</ele></trkpt>
      <trkpt lat="22.2590682759" lon="113.9077900754"><ele>524.000</ele></trkpt>
      <trkpt lat="22.2590921394" lon="113.9077720612"><ele>524.000</ele></trkpt>
      <trkpt lat="22.2591160043" lon="113.9077546888"><ele>524.000</ele></trkpt>
      <trkpt lat="22.2591446508" lon="113.9077392326"><ele>523.000</ele></trkpt>
      <trkpt lat="22.2591750905" lon="113.9077244147"><ele>523.000</ele></trkpt>
      <trkpt lat="22.2592067279" lon="113.9077115195"><ele>523.000</ele></trkpt>
      <trkpt lat="22.2592377692" lon="113.9076992673"><ele>523.000</ele></trkpt>
      <trkpt lat="22.2592664210" lon="113.9076870196"><ele>520.000</ele></trkpt>
      <trkpt lat="22.2592896906" lon="113.9076709318"><ele>520.000</ele></trkpt>
      <trkpt lat="22.2593129548" lon="113.9076516355"><ele>521.000</ele></trkpt>
      <trkpt lat="22.2593344270" lon="113.9076323425"><ele>518.000</ele></trkpt>
      <trkpt lat="22.2593546937" lon="113.9076066346"><ele>519.000</ele></trkpt>
      <trkpt lat="22.2593707783" lon="113.9075802927"><ele>516.000</ele></trkpt>
      <trkpt lat="22.2593928307" lon="113.9075507311"><ele>516.000</ele></trkpt>
      <trkpt lat="22.2594112971" lon="113.9075198924"><ele>514.000</ele></trkpt>
      <trkpt lat="22.2594385671" lon="113.9074812299"><ele>514.000</ele></trkpt>
      <trkpt lat="22.2594434776" lon="113.9074742681"><ele>514.000</ele></trkpt>
      <trkpt lat="22.2594678267" lon="113.9074334169"><ele>512.000</ele></trkpt>
      <trkpt lat="22.2594702832" lon="113.9074292955"><ele>512.000</ele></trkpt>
      <trkpt lat="22.2594941973" lon="113.9073881488"><ele>512.000</ele></trkpt>
      <trkpt lat="22.2594953000" lon="113.9073862516"><ele>512.000</ele></trkpt>
      <trkpt lat="22.2595149557" lon="113.9073522023"><ele>510.000</ele></trkpt>
      <trkpt lat="22.2595274668" lon="113.9073322846"><ele>511.000</ele></trkpt>
      <trkpt lat="22.2595351915" lon="113.9073078840"><ele>511.000</ele></trkpt>
      <trkpt lat="22.2595429080" lon="113.9072783494"><ele>509.000</ele></trkpt>
      <trkpt lat="22.2595476505" lon="113.9072565216"><ele>509.000</ele></trkpt>
      <trkpt lat="22.2595529830" lon="113.9072302002"><ele>507.000</ele></trkpt>
      <trkpt lat="22.2595589190" lon="113.9072077283"><ele>507.000</ele></trkpt>
      <trkpt lat="22.2595630663" lon="113.9071871849"><ele>507.000</ele></trkpt>
      <trkpt lat="22.2595707965" lon="113.9071659928"><ele>507.000</ele></trkpt>
      <trkpt lat="22.2595838845" lon="113.9071338811"><ele>505.000</ele></trkpt>
      <trkpt lat="22.2595904243" lon="113.9071152584"><ele>505.000</ele></trkpt>
      <trkpt lat="22.2596041280" lon="113.9070940549"><ele>504.000</ele></trkpt>
      <trkpt lat="22.2596178304" lon="113.9070722099"><ele>505.000</ele></trkpt>
      <trkpt lat="22.2596339244" lon="113.9070516436"><ele>503.000</ele></trkpt>
      <trkpt lat="22.2596494232" lon="113.9070323619"><ele>503.000</ele></trkpt>
      <trkpt lat="22.2596649271" lon="113.9070162889"><ele>504.000</ele></trkpt>
      <trkpt lat="22.2596714703" lon="113.9069995913"><ele>502.000</ele></trkpt>
      <trkpt lat="22.2596780036" lon="113.9069771182"><ele>502.000</ele></trkpt>
      <trkpt lat="22.2596827373" lon="113.9069501564"><ele>501.000</ele></trkpt>
      <trkpt lat="22.2596874585" lon="113.9069154936"><ele>500.000</ele></trkpt>
      <trkpt lat="22.2596921925" lon="113.9068885318"><ele>500.000</ele></trkpt>
      <trkpt lat="22.2596987237" lon="113.9068647751"><ele>501.000</ele></trkpt>
      <trkpt lat="22.2597040540" lon="113.9068371704"><ele>501.000</ele></trkpt>
      <trkpt lat="22.2597219089" lon="113.9067979905"><ele>499.000</ele></trkpt>
      <trkpt lat="22.2597385649" lon="113.9067562458"><ele>498.000</ele></trkpt>
      <trkpt lat="22.2597546287" lon="113.9067109107"><ele>498.000</ele></trkpt>
      <trkpt lat="22.2597569959" lon="113.9067042300"><ele>498.000</ele></trkpt>
      <trkpt lat="22.2597706664" lon="113.9066631330"><ele>496.000</ele></trkpt>
      <trkpt lat="22.2597849427" lon="113.9066271686"><ele>496.000</ele></trkpt>
      <trkpt lat="22.2597950610" lon="113.9066053301"><ele>496.000</ele></trkpt>
      <trkpt lat="22.2598063869" lon="113.9065911903"><ele>496.000</ele></trkpt>
      <trkpt lat="22.2598195037" lon="113.9065764051"><ele>495.000</ele></trkpt>
      <trkpt lat="22.2598350088" lon="113.9065609738"><ele>495.000</ele></trkpt>
      <trkpt lat="22.2598618505" lon="113.9065378199"><ele>495.000</ele></trkpt>
      <trkpt lat="22.2598886954" lon="113.9065165911"><ele>494.000</ele></trkpt>
      <trkpt lat="22.2599173226" lon="113.9064895833"><ele>494.000</ele></trkpt>
      <trkpt lat="22.2599423786" lon="113.9064702832"><ele>493.000</ele></trkpt>
      <trkpt lat="22.2599626635" lon="113.9064554844"><ele>493.000</ele></trkpt>
      <trkpt lat="22.2599763861" lon="113.9064458320"><ele>494.000</ele></trkpt>
      <trkpt lat="22.2599925036" lon="113.9064393838"><ele>494.000</ele></trkpt>
      <trkpt lat="22.2600056417" lon="113.9064374332"><ele>494.000</ele></trkpt>
      <trkpt lat="22.2600277324" lon="113.9064309735"><ele>494.000</ele></trkpt>
      <trkpt lat="22.2600581805" lon="113.9064212889"><ele>492.000</ele></trkpt>
      <trkpt lat="22.2600916099" lon="113.9064083902"><ele>492.000</ele></trkpt>
      <trkpt lat="22.2601196717" lon="113.9064006355"><ele>492.000</ele></trkpt>
      <trkpt lat="22.2601363844" lon="113.9063929024"><ele>492.000</ele></trkpt>
      <trkpt lat="22.2601554928" lon="113.9063890153"><ele>492.000</ele></trkpt>
      <trkpt lat="22.2601943045" lon="113.9063799566"><ele>489.000</ele></trkpt>
      <trkpt lat="22.2602387972" lon="113.9063716923"><ele>488.000</ele></trkpt>
      <trkpt lat="22.2602396881" lon="113.9063715268"><ele>488.000</ele></trkpt>
      <trkpt lat="22.2602840413" lon="113.9063624380"><ele>487.000</ele></trkpt>
      <trkpt lat="22.2602934300" lon="113.9063605141"><ele>487.000</ele></trkpt>
      <trkpt lat="22.2603143294" lon="113.9063559818"><ele>487.000</ele></trkpt>
      <trkpt lat="22.2603346280" lon="113.9063495253"><ele>487.000</ele></trkpt>
      <trkpt lat="22.2603525298" lon="113.9063385815"><ele>487.000</ele></trkpt>
      <trkpt lat="22.2603787891" lon="113.9063244129"><ele>486.000</ele></trkpt>
      <trkpt lat="22.2604056457" lon="113.9063102430"><ele>486.000</ele></trkpt>
      <trkpt lat="22.2604378793" lon="113.9062967045"><ele>488.000</ele></trkpt>
      <trkpt lat="22.2604671337" lon="113.9062876641"><ele>488.000</ele></trkpt>
      <trkpt lat="22.2604993707" lon="113.9062760510"><ele>485.000</ele></trkpt>
      <trkpt lat="22.2605322156" lon="113.9062708539"><ele>485.000</ele></trkpt>
      <trkpt lat="22.2605572929" lon="113.9062643884"><ele>485.000</ele></trkpt>
      <trkpt lat="22.2605847552" lon="113.9062553512"><ele>485.000</ele></trkpt>
      <trkpt lat="22.2606080332" lon="113.9062443970"><ele>487.000</ele></trkpt>
      <trkpt lat="22.2606366721" lon="113.9062244481"><ele>485.000</ele></trkpt>
      <trkpt lat="22.2606611351" lon="113.9062077159"><ele>486.000</ele></trkpt>
      <trkpt lat="22.2606832055" lon="113.9061890629"><ele>486.000</ele></trkpt>
      <trkpt lat="22.2607212558" lon="113.9061629464"><ele>486.000</ele></trkpt>
      <trkpt lat="22.2607225847" lon="113.9061620343"><ele>486.000</ele></trkpt>
      <trkpt lat="22.2607428749" lon="113.9061504440"><ele>487.000</ele></trkpt>
      <trkpt lat="22.2607589964" lon="113.9061465626"><ele>487.000</ele></trkpt>
      <trkpt lat="22.2607745272" lon="113.9061465327"><ele>487.000</ele></trkpt>
      <trkpt lat="22.2607894627" lon="113.9061477876"><ele>487.000</ele></trkpt>
      <trkpt lat="22.2608061957" lon="113.9061522476"><ele>487.000</ele></trkpt>
      <trkpt lat="22.2608360838" lon="113.9061650247"><ele>487.000</ele></trkpt>
      <trkpt lat="22.2608641841" lon="113.9061803726"><ele>487.000</ele></trkpt>
      <trkpt lat="22.2608922748" lon="113.9061899445"><ele>488.000</ele></trkpt>
      <trkpt lat="22.2609227571" lon="113.9062007954"><ele>487.000</ele></trkpt>
      <trkpt lat="22.2609514377" lon="113.9062058743"><ele>487.000</ele></trkpt>
      <trkpt lat="22.2609849044" lon="113.9062154361"><ele>486.000</ele></trkpt>
      <trkpt lat="22.2610165794" lon="113.9062250012"><ele>486.000</ele></trkpt>
      <trkpt lat="22.2610386968" lon="113.9062345848"><ele>486.000</ele></trkpt>
      <trkpt lat="22.2610614137" lon="113.9062454507"><ele>487.000</ele></trkpt>
      <trkpt lat="22.2610883032" lon="113.9062511747"><ele>487.000</ele></trkpt>
      <trkpt lat="22.2611104121" lon="113.9062556242"><ele>485.000</ele></trkpt>
      <trkpt lat="22.2611283291" lon="113.9062536647"><ele>485.000</ele></trkpt>
      <trkpt lat="22.2611510180" lon="113.9062478453"><ele>485.000</ele></trkpt>
      <trkpt lat="22.2611719121" lon="113.9062401043"><ele>485.000</ele></trkpt>
      <trkpt lat="22.2611981628" lon="113.9062208017"><ele>484.000</ele></trkpt>
      <trkpt lat="22.2612261989" lon="113.9061976452"><ele>484.000</ele></trkpt>
      <trkpt lat="22.2612524368" lon="113.9061706417"><ele>483.000</ele></trkpt>
      <trkpt lat="22.2612721158" lon="113.9061507100"><ele>483.000</ele></trkpt>
      <trkpt lat="22.2612947867" lon="113.9061339811"><ele>482.000</ele></trkpt>
      <trkpt lat="22.2613252218" lon="113.9061165955"><ele>483.000</ele></trkpt>
      <trkpt lat="22.2613473028" lon="113.9061043599"><ele>483.000</ele></trkpt>
      <trkpt lat="22.2613759537" lon="113.9060914702"><ele>484.000</ele></trkpt>
      <trkpt lat="22.2613986385" lon="113.9060830839"><ele>481.000</ele></trkpt>
      <trkpt lat="22.2614225147" lon="113.9060727700"><ele>481.000</ele></trkpt>
      <trkpt lat="22.2614404187" lon="113.9060631096"><ele>481.000</ele></trkpt>
      <trkpt lat="22.2614565286" lon="113.9060521688"><ele>481.000</ele></trkpt>
      <trkpt lat="22.2614696517" lon="113.9060412341"><ele>481.000</ele></trkpt>
      <trkpt lat="22.2614833595" lon="113.9060225973"><ele>478.000</ele></trkpt>
      <trkpt lat="22.2615000452" lon="113.9059988208"><ele>478.000</ele></trkpt>
      <trkpt lat="22.2615167247" lon="113.9059711938"><ele>476.000</ele></trkpt>
      <trkpt lat="22.2615334093" lon="113.9059467755"><ele>476.000</ele></trkpt>
      <trkpt lat="22.2615465209" lon="113.9059287814"><ele>473.000</ele></trkpt>
      <trkpt lat="22.2615512769" lon="113.9059152958"><ele>473.000</ele></trkpt>
      <trkpt lat="22.2615527646" lon="113.9059092589"><ele>473.000</ele></trkpt>
      <trkpt lat="22.2615563502" lon="113.9059000640"><ele>473.000</ele></trkpt>
      <trkpt lat="22.2615635096" lon="113.9058949163"><ele>473.000</ele></trkpt>
      <trkpt lat="22.2615730735" lon="113.9058987483"><ele>473.000</ele></trkpt>
      <trkpt lat="22.2616005733" lon="113.9059121720"><ele>473.000</ele></trkpt>
      <trkpt lat="22.2616250888" lon="113.9059268848"><ele>473.000</ele></trkpt>
      <trkpt lat="22.2616454066" lon="113.9059319797"><ele>472.000</ele></trkpt>
      <trkpt lat="22.2616579486" lon="113.9059306720"><ele>472.000</ele></trkpt>
      <trkpt lat="22.2616722750" lon="113.9059248689"><ele>472.000</ele></trkpt>
      <trkpt lat="22.2616865981" lon="113.9059171405"><ele>472.000</ele></trkpt>
      <trkpt lat="22.2617003325" lon="113.9059145469"><ele>472.000</ele></trkpt>
      <trkpt lat="22.2617134772" lon="113.9059164470"><ele>472.000</ele></trkpt>
      <trkpt lat="22.2617290088" lon="113.9059170589"><ele>472.000</ele></trkpt>
      <trkpt lat="22.2617463252" lon="113.9059131751"><ele>472.000</ele></trkpt>
      <trkpt lat="22.2617737864" lon="113.9059034960"><ele>473.000</ele></trkpt>
      <trkpt lat="22.2617904980" lon="113.9058951212"><ele>473.000</ele></trkpt>
      <trkpt lat="22.2618113907" lon="113.9058867383"><ele>470.000</ele></trkpt>
      <trkpt lat="22.2618340799" lon="113.9058809191"><ele>469.000</ele></trkpt>
      <trkpt lat="22.2618573717" lon="113.9058783071"><ele>469.000</ele></trkpt>
      <trkpt lat="22.2618818613" lon="113.9058776184"><ele>470.000</ele></trkpt>
      <trkpt lat="22.2619105344" lon="113.9058782048"><ele>470.000</ele></trkpt>
      <trkpt lat="22.2619404011" lon="113.9058781473"><ele>470.000</ele></trkpt>
      <trkpt lat="22.2619630924" lon="113.9058736116"><ele>470.000</ele></trkpt>
      <trkpt lat="22.2619827949" lon="113.9058677979"><ele>470.000</ele></trkpt>
      <trkpt lat="22.2620007095" lon="113.9058645547"><ele>469.000</ele></trkpt>
      <trkpt lat="22.2620251927" lon="113.9058600154"><ele>469.000</ele></trkpt>
      <trkpt lat="22.2620466851" lon="113.9058529149"><ele>469.000</ele></trkpt>
      <trkpt lat="22.2620681763" lon="113.9058451726"><ele>469.000</ele></trkpt>
      <trkpt lat="22.2620884695" lon="113.9058355073"><ele>466.000</ele></trkpt>
      <trkpt lat="22.2621027884" lon="113.9058252119"><ele>466.000</ele></trkpt>
      <trkpt lat="22.2621194989" lon="113.9058161953"><ele>466.000</ele></trkpt>
      <trkpt lat="22.2621386072" lon="113.9058123080"><ele>466.000</ele></trkpt>
      <trkpt lat="22.2621529454" lon="113.9058135640"><ele>466.000</ele></trkpt>
      <trkpt lat="22.2621678852" lon="113.9058173857"><ele>466.000</ele></trkpt>
      <trkpt lat="22.2621846233" lon="113.9058250544"><ele>465.000</ele></trkpt>
      <trkpt lat="22.2622025639" lon="113.9058372130"><ele>465.000</ele></trkpt>
      <trkpt lat="22.2622216987" lon="113.9058493691"><ele>468.000</ele></trkpt>
      <trkpt lat="22.2622420232" lon="113.9058583144"><ele>466.000</ele></trkpt>
      <trkpt lat="22.2622611497" lon="113.9058653367"><ele>466.000</ele></trkpt>
      <trkpt lat="22.2622832629" lon="113.9058723535"><ele>464.000</ele></trkpt>
      <trkpt lat="22.2623089611" lon="113.9058800050"><ele>464.000</ele></trkpt>
      <trkpt lat="22.2623280844" lon="113.9058851020"><ele>462.000</ele></trkpt>
      <trkpt lat="22.2623430232" lon="113.9058882821"><ele>462.000</ele></trkpt>
      <trkpt lat="22.2623657270" lon="113.9058914471"><ele>461.000</ele></trkpt>
      <trkpt lat="22.2623842412" lon="113.9058894861"><ele>461.000</ele></trkpt>
      <trkpt lat="22.2624033517" lon="113.9058868825"><ele>459.000</ele></trkpt>
      <trkpt lat="22.2624236612" lon="113.9058868434"><ele>459.000</ele></trkpt>
      <trkpt lat="22.2624457700" lon="113.9058912931"><ele>459.000</ele></trkpt>
      <trkpt lat="22.2624684709" lon="113.9058925329"><ele>461.000</ele></trkpt>
      <trkpt lat="22.2624929669" lon="113.9058956945"><ele>461.000</ele></trkpt>
      <trkpt lat="22.2625108859" lon="113.9058950182"><ele>461.000</ele></trkpt>
      <trkpt lat="22.2625335760" lon="113.9058898405"><ele>457.000</ele></trkpt>
      <trkpt lat="22.2625604487" lon="113.9058852965"><ele>458.000</ele></trkpt>
      <trkpt lat="22.2625807526" lon="113.9058820487"><ele>458.000</ele></trkpt>
      <trkpt lat="22.2626028550" lon="113.9058826480"><ele>458.000</ele></trkpt>
      <trkpt lat="22.2626231742" lon="113.9058883844"><ele>458.000</ele></trkpt>
      <trkpt lat="22.2626434909" lon="113.9058928376"><ele>462.000</ele></trkpt>
      <trkpt lat="22.2626620083" lon="113.9058928020"><ele>462.000</ele></trkpt>
      <trkpt lat="22.2626829045" lon="113.9058863444"><ele>459.000</ele></trkpt>
      <trkpt lat="22.2627073823" lon="113.9058785963"><ele>459.000</ele></trkpt>
      <trkpt lat="22.2627306698" lon="113.9058734174"><ele>461.000</ele></trkpt>
      <trkpt lat="22.2627557396" lon="113.9058624595"><ele>461.000</ele></trkpt>
      <trkpt lat="22.2627772158" lon="113.9058457327"><ele>463.000</ele></trkpt>
      <trkpt lat="22.2627927145" lon="113.9058264505"><ele>461.000</ele></trkpt>
      <trkpt lat="22.2628022396" lon="113.9058071798"><ele>461.000</ele></trkpt>
      <trkpt lat="22.2628087848" lon="113.9057917653"><ele>459.000</ele></trkpt>
      <trkpt lat="22.2628183153" lon="113.9057757033"><ele>461.000</ele></trkpt>
      <trkpt lat="22.2628350140" lon="113.9057596274"><ele>461.000</ele></trkpt>
      <trkpt lat="22.2628558917" lon="113.9057422600"><ele>460.000</ele></trkpt>
      <trkpt lat="22.2628755749" lon="113.9057248948"><ele>460.000</ele></trkpt>
      <trkpt lat="22.2628940687" lon="113.9057107408"><ele>460.000</ele></trkpt>
      <trkpt lat="22.2629167461" lon="113.9056978622"><ele>461.000</ele></trkpt>
      <trkpt lat="22.2629418127" lon="113.9056849789"><ele>460.000</ele></trkpt>
      <trkpt lat="22.2629662840" lon="113.9056733803"><ele>461.000</ele></trkpt>
      <trkpt lat="22.2629973273" lon="113.9056624108"><ele>462.000</ele></trkpt>
      <trkpt lat="22.2630259843" lon="113.9056533711"><ele>462.000</ele></trkpt>
      <trkpt lat="22.2630552430" lon="113.9056468973"><ele>462.000</ele></trkpt>
      <trkpt lat="22.2630761357" lon="113.9056385143"><ele>462.000</ele></trkpt>
      <trkpt lat="22.2631000056" lon="113.9056243500"><ele>463.000</ele></trkpt>
      <trkpt lat="22.2631310307" lon="113.9056024707"><ele>463.000</ele></trkpt>
      <trkpt lat="22.2631513239" lon="113.9055928055"><ele>461.000</ele></trkpt>
      <trkpt lat="22.2631793867" lon="113.9055856920"><ele>462.000</ele></trkpt>
      <trkpt lat="22.2632086467" lon="113.9055798600"><ele>462.000</ele></trkpt>
      <trkpt lat="22.2632355116" lon="113.9055708237"><ele>462.000</ele></trkpt>
      <trkpt lat="22.2632534230" lon="113.9055656551"><ele>462.000</ele></trkpt>
      <trkpt lat="22.2632779075" lon="113.9055617574"><ele>462.000</ele></trkpt>
      <trkpt lat="22.2633012036" lon="113.9055617125"><ele>462.000</ele></trkpt>
      <trkpt lat="22.2633185316" lon="113.9055648878"><ele>462.000</ele></trkpt>
      <trkpt lat="22.2633406383" lon="113.9055680542"><ele>462.000</ele></trkpt>
      <trkpt lat="22.2633639430" lon="113.9055731431"><ele>462.000</ele></trkpt>
      <trkpt lat="22.2633842651" lon="113.9055808049"><ele>462.000</ele></trkpt>
      <trkpt lat="22.2634004115" lon="113.9055916837"><ele>461.000</ele></trkpt>
      <trkpt lat="22.2634159679" lon="113.9056070557"><ele>463.000</ele></trkpt>
      <trkpt lat="22.2634279337" lon="113.9056185841"><ele>463.000</ele></trkpt>
      <trkpt lat="22.2634399094" lon="113.9056358884"><ele>463.000</ele></trkpt>
      <trkpt lat="22.2634530766" lon="113.9056512650"><ele>463.000</ele></trkpt>
      <trkpt lat="22.2634674254" lon="113.9056589383"><ele>463.000</ele></trkpt>
      <trkpt lat="22.2634841518" lon="113.9056595479"><ele>463.000</ele></trkpt>
      <trkpt lat="22.2635038521" lon="113.9056524505"><ele>463.000</ele></trkpt>
      <trkpt lat="22.2635229626" lon="113.9056498467"><ele>463.000</ele></trkpt>
      <trkpt lat="22.2635462627" lon="113.9056523688"><ele>464.000</ele></trkpt>
      <trkpt lat="22.2635701637" lon="113.9056568150"><ele>464.000</ele></trkpt>
      <trkpt lat="22.2635922630" lon="113.9056554891"><ele>464.000</ele></trkpt>
      <trkpt lat="22.2636143622" lon="113.9056541629"><ele>464.000</ele></trkpt>
      <trkpt lat="22.2636328892" lon="113.9056599029"><ele>464.000</ele></trkpt>
      <trkpt lat="22.2636472327" lon="113.9056643675"><ele>464.000</ele></trkpt>
      <trkpt lat="22.2636639625" lon="113.9056669024"><ele>464.000</ele></trkpt>
      <trkpt lat="22.2636860649" lon="113.9056675017"><ele>465.000</ele></trkpt>
      <trkpt lat="22.2637183220" lon="113.9056680811"><ele>466.000</ele></trkpt>
      <trkpt lat="22.2637404245" lon="113.9056686803"><ele>466.000</ele></trkpt>
      <trkpt lat="22.2637637249" lon="113.9056712025"><ele>467.000</ele></trkpt>
      <trkpt lat="22.2637882219" lon="113.9056750059"><ele>467.000</ele></trkpt>
      <trkpt lat="22.2638121261" lon="113.9056813772"><ele>467.000</ele></trkpt>
      <trkpt lat="22.2638336441" lon="113.9056896786"><ele>467.000</ele></trkpt>
      <trkpt lat="22.2638497934" lon="113.9057024826"><ele>470.000</ele></trkpt>
      <trkpt lat="22.2638653391" lon="113.9057114370"><ele>470.000</ele></trkpt>
      <trkpt lat="22.2638838640" lon="113.9057158936"><ele>470.000</ele></trkpt>
      <trkpt lat="22.2639065767" lon="113.9057241926"><ele>470.000</ele></trkpt>
      <trkpt lat="22.2639376564" lon="113.9057350425"><ele>470.000</ele></trkpt>
      <trkpt lat="22.2639663605" lon="113.9057542400"><ele>471.000</ele></trkpt>
      <trkpt lat="22.2639944597" lon="113.9057689461"><ele>470.000</ele></trkpt>
      <trkpt lat="22.2640231609" lon="113.9057862180"><ele>470.000</ele></trkpt>
      <trkpt lat="22.2640405049" lon="113.9057990197"><ele>472.000</ele></trkpt>
      <trkpt lat="22.2640578533" lon="113.9058143883"><ele>472.000</ele></trkpt>
      <trkpt lat="22.2640746077" lon="113.9058316835"><ele>471.000</ele></trkpt>
      <trkpt lat="22.2640961416" lon="113.9058496112"><ele>472.000</ele></trkpt>
      <trkpt lat="22.2641093011" lon="113.9058604956"><ele>472.000</ele></trkpt>
      <trkpt lat="22.2641236641" lon="113.9058765118"><ele>471.000</ele></trkpt>
      <trkpt lat="22.2641326443" lon="113.9058886878"><ele>471.000</ele></trkpt>
      <trkpt lat="22.2641428268" lon="113.9059053536"><ele>473.000</ele></trkpt>
      <trkpt lat="22.2641512163" lon="113.9059213813"><ele>473.000</ele></trkpt>
      <trkpt lat="22.2641632058" lon="113.9059470285"><ele>476.000</ele></trkpt>
      <trkpt lat="22.2641751889" lon="113.9059688249"><ele>475.000</ele></trkpt>
      <trkpt lat="22.2641865618" lon="113.9059829217"><ele>475.000</ele></trkpt>
      <trkpt lat="22.2642039091" lon="113.9059976486"><ele>476.000</ele></trkpt>
      <trkpt lat="22.2642176702" lon="113.9060110990"><ele>476.000</ele></trkpt>
      <trkpt lat="22.2642308213" lon="113.9060168494"><ele>476.000</ele></trkpt>
      <trkpt lat="22.2642469567" lon="113.9060213106"><ele>476.000</ele></trkpt>
      <trkpt lat="22.2642642817" lon="113.9060225609"><ele>474.000</ele></trkpt>
      <trkpt lat="22.2642833908" lon="113.9060193154"><ele>474.000</ele></trkpt>
      <trkpt lat="22.2642989109" lon="113.9060128679"><ele>474.000</ele></trkpt>
      <trkpt lat="22.2643132330" lon="113.9060044975"><ele>472.000</ele></trkpt>
      <trkpt lat="22.2643329258" lon="113.9059929080"><ele>472.000</ele></trkpt>
      <trkpt lat="22.2643526059" lon="113.9059736176"><ele>473.000</ele></trkpt>
      <trkpt lat="22.2643704970" lon="113.9059562559"><ele>473.000</ele></trkpt>
      <trkpt lat="22.2643854175" lon="113.9059485260"><ele>473.000</ele></trkpt>
      <trkpt lat="22.2644015379" lon="113.9059440029"><ele>475.000</ele></trkpt>
      <trkpt lat="22.2644284073" lon="113.9059375335"><ele>475.000</ele></trkpt>
      <trkpt lat="22.2644510986" lon="113.9059329975"><ele>475.000</ele></trkpt>
      <trkpt lat="22.2644726004" lon="113.9059316727"><ele>475.000</ele></trkpt>
      <trkpt lat="22.2644923222" lon="113.9059374104"><ele>477.000</ele></trkpt>
      <trkpt lat="22.2645108546" lon="113.9059463594"><ele>477.000</ele></trkpt>
      <trkpt lat="22.2645293923" lon="113.9059585171"><ele>478.000</ele></trkpt>
      <trkpt lat="22.2645545145" lon="113.9059790049"><ele>478.000</ele></trkpt>
      <trkpt lat="22.2645802405" lon="113.9060033422"><ele>480.000</ele></trkpt>
      <trkpt lat="22.2646029799" lon="113.9060276849"><ele>480.000</ele></trkpt>
      <trkpt lat="22.2646299028" lon="113.9060533034"><ele>482.000</ele></trkpt>
      <trkpt lat="22.2646442656" lon="113.9060693197"><ele>482.000</ele></trkpt>
      <trkpt lat="22.2646556449" lon="113.9060872668"><ele>485.000</ele></trkpt>
      <trkpt lat="22.2646658423" lon="113.9061129175"><ele>485.000</ele></trkpt>
      <trkpt lat="22.2646724707" lon="113.9061475595"><ele>487.000</ele></trkpt>
      <trkpt lat="22.2646814885" lon="113.9061821971"><ele>489.000</ele></trkpt>
      <trkpt lat="22.2646928849" lon="113.9062104123"><ele>489.000</ele></trkpt>
      <trkpt lat="22.2647072690" lon="113.9062392637"><ele>491.000</ele></trkpt>
      <trkpt lat="22.2647210494" lon="113.9062642657"><ele>491.000</ele></trkpt>
      <trkpt lat="22.2647455851" lon="113.9062911723"><ele>494.000</ele></trkpt>
      <trkpt lat="22.2647707105" lon="113.9063135856"><ele>492.000</ele></trkpt>
      <trkpt lat="22.2648053934" lon="113.9063359803"><ele>492.000</ele></trkpt>
      <trkpt lat="22.2648346799" lon="113.9063461920"><ele>492.000</ele></trkpt>
      <trkpt lat="22.2648645605" lon="113.9063544774"><ele>491.000</ele></trkpt>
      <trkpt lat="22.2648902502" lon="113.9063569953"><ele>492.000</ele></trkpt>
      <trkpt lat="22.2649087590" lon="113.9063518256"><ele>492.000</ele></trkpt>
      <trkpt lat="22.2649308465" lon="113.9063434403"><ele>492.000</ele></trkpt>
      <trkpt lat="22.2649547216" lon="113.9063324846"><ele>492.000</ele></trkpt>
      <trkpt lat="22.2649696496" lon="113.9063292469"><ele>492.000</ele></trkpt>
      <trkpt lat="22.2649815985" lon="113.9063305075"><ele>493.000</ele></trkpt>
      <trkpt lat="22.2650007261" lon="113.9063381718"><ele>493.000</ele></trkpt>
      <trkpt lat="22.2650258344" lon="113.9063503170"><ele>493.000</ele></trkpt>
      <trkpt lat="22.2650575112" lon="113.9063611659"><ele>493.000</ele></trkpt>
      <trkpt lat="22.2650796200" lon="113.9063656158"><ele>494.000</ele></trkpt>
      <trkpt lat="22.2650975477" lon="113.9063700737"><ele>494.000</ele></trkpt>
      <trkpt lat="22.2651154848" lon="113.9063803074"><ele>496.000</ele></trkpt>
      <trkpt lat="22.2651316191" lon="113.9063841270"><ele>496.000</ele></trkpt>
      <trkpt lat="22.2651525260" lon="113.9063840868"><ele>496.000</ele></trkpt>
      <trkpt lat="22.2651770123" lon="113.9063814726"><ele>497.000</ele></trkpt>
      <trkpt lat="22.2652003010" lon="113.9063769355"><ele>497.000</ele></trkpt>
      <trkpt lat="22.2652271640" lon="113.9063666158"><ele>495.000</ele></trkpt>
      <trkpt lat="22.2652438796" lon="113.9063608078"><ele>495.000</ele></trkpt>
      <trkpt lat="22.2652600013" lon="113.9063569263"><ele>496.000</ele></trkpt>
      <trkpt lat="22.2652958542" lon="113.9063645584"><ele>497.000</ele></trkpt>
      <trkpt lat="22.2653042169" lon="113.9063645424"><ele>497.000</ele></trkpt>
      <trkpt lat="22.2653298863" lon="113.9063548668"><ele>497.000</ele></trkpt>
      <trkpt lat="22.2653519716" lon="113.9063451979"><ele>498.000</ele></trkpt>
      <trkpt lat="22.2653710746" lon="113.9063381019"><ele>498.000</ele></trkpt>
      <trkpt lat="22.2653967429" lon="113.9063277845"><ele>500.000</ele></trkpt>
      <trkpt lat="22.2654116634" lon="113.9063200547"><ele>498.000</ele></trkpt>
      <trkpt lat="22.2654259759" lon="113.9063059084"><ele>498.000</ele></trkpt>
      <trkpt lat="22.2654414810" lon="113.9062904764"><ele>500.000</ele></trkpt>
      <trkpt lat="22.2654569773" lon="113.9062699103"><ele>498.000</ele></trkpt>
      <trkpt lat="22.2654700921" lon="113.9062538411"><ele>498.000</ele></trkpt>
      <trkpt lat="22.2654790394" lon="113.9062461228"><ele>500.000</ele></trkpt>
      <trkpt lat="22.2654987331" lon="113.9062351751"><ele>500.000</ele></trkpt>
      <trkpt lat="22.2655267812" lon="113.9062190772"><ele>501.000</ele></trkpt>
      <trkpt lat="22.2655482628" lon="113.9062055588"><ele>501.000</ele></trkpt>
      <trkpt lat="22.2655685464" lon="113.9061901176"><ele>503.000</ele></trkpt>
      <trkpt lat="22.2655971844" lon="113.9061695262"><ele>501.000</ele></trkpt>
      <trkpt lat="22.2656204482" lon="113.9061502287"><ele>503.000</ele></trkpt>
      <trkpt lat="22.2656317805" lon="113.9061399388"><ele>503.000</ele></trkpt>
      <trkpt lat="22.2656443214" lon="113.9061379893"><ele>503.000</ele></trkpt>
      <trkpt lat="22.2656562724" lon="113.9061405335"><ele>505.000</ele></trkpt>
      <trkpt lat="22.2656885541" lon="113.9061558737"><ele>505.000</ele></trkpt>
      <trkpt lat="22.2657166586" lon="113.9061737888"><ele>505.000</ele></trkpt>
      <trkpt lat="22.2657465467" lon="113.9061865666"><ele>508.000</ele></trkpt>
      <trkpt lat="22.2657740445" lon="113.9061987072"><ele>508.000</ele></trkpt>
      <trkpt lat="22.2657949651" lon="113.9062070098"><ele>507.000</ele></trkpt>
      <trkpt lat="22.2658188767" lon="113.9062178737"><ele>507.000</ele></trkpt>
      <trkpt lat="22.2658374091" lon="113.9062268228"><ele>509.000</ele></trkpt>
      <trkpt lat="22.2658684960" lon="113.9062421653"><ele>509.000</ele></trkpt>
      <trkpt lat="22.2658983948" lon="113.9062613606"><ele>509.000</ele></trkpt>
      <trkpt lat="22.2659318808" lon="113.9062824744"><ele>511.000</ele></trkpt>
      <trkpt lat="22.2659516090" lon="113.9062920628"><ele>511.000</ele></trkpt>
      <trkpt lat="22.2659779088" lon="113.9063022805"><ele>510.000</ele></trkpt>
      <trkpt lat="22.2659910682" lon="113.9063131651"><ele>510.000</ele></trkpt>
      <trkpt lat="22.2660072252" lon="113.9063304617"><ele>512.000</ele></trkpt>
      <trkpt lat="22.2660197990" lon="113.9063484068"><ele>512.000</ele></trkpt>
      <trkpt lat="22.2660311804" lon="113.9063676377"><ele>512.000</ele></trkpt>
      <trkpt lat="22.2660413449" lon="113.9063733941"><ele>514.000</ele></trkpt>
      <trkpt lat="22.2660562847" lon="113.9063772160"><ele>514.000</ele></trkpt>
      <trkpt lat="22.2660795742" lon="113.9063733207"><ele>514.000</ele></trkpt>
      <trkpt lat="22.2661082143" lon="113.9063540128"><ele>510.000</ele></trkpt>
      <trkpt lat="22.2661303082" lon="113.9063494780"><ele>510.000</ele></trkpt>
      <trkpt lat="22.2661542004" lon="113.9063487903"><ele>511.000</ele></trkpt>
      <trkpt lat="22.2661834730" lon="113.9063506594"><ele>511.000</ele></trkpt>
      <trkpt lat="22.2662121473" lon="113.9063518877"><ele>512.000</ele></trkpt>
      <trkpt lat="22.2662366529" lon="113.9063608253"><ele>512.000</ele></trkpt>
      <trkpt lat="22.2662647479" lon="113.9063729648"><ele>513.000</ele></trkpt>
      <trkpt lat="22.2662844878" lon="113.9063896128"><ele>513.000</ele></trkpt>
      <trkpt lat="22.2662958649" lon="113.9064062766"><ele>513.000</ele></trkpt>
      <trkpt lat="22.2663048549" lon="113.9064242288"><ele>513.000</ele></trkpt>
      <trkpt lat="22.2663144496" lon="113.9064466720"><ele>513.000</ele></trkpt>
      <trkpt lat="22.2663258289" lon="113.9064646196"><ele>513.000</ele></trkpt>
      <trkpt lat="22.2663443708" lon="113.9064793445"><ele>514.000</ele></trkpt>
      <trkpt lat="22.2663682875" lon="113.9064934174"><ele>514.000</ele></trkpt>
      <trkpt lat="22.2664083567" lon="113.9065157800"><ele>515.000</ele></trkpt>
      <trkpt lat="22.2664095421" lon="113.9065164416"><ele>515.000</ele></trkpt>
      <trkpt lat="22.2664497512" lon="113.9065385122"><ele>517.000</ele></trkpt>
      <trkpt lat="22.2664549812" lon="113.9065413830"><ele>517.000</ele></trkpt>
      <trkpt lat="22.2664964139" lon="113.9065606652"><ele>519.000</ele></trkpt>
      <trkpt lat="22.2665057941" lon="113.9065650306"><ele>519.000</ele></trkpt>
      <trkpt lat="22.2665469843" lon="113.9065849036"><ele>520.000</ele></trkpt>
      <trkpt lat="22.2665548151" lon="113.9065886818"><ele>520.000</ele></trkpt>
      <trkpt lat="22.2665951294" lon="113.9066105297"><ele>522.000</ele></trkpt>
      <trkpt lat="22.2665996558" lon="113.9066129827"><ele>522.000</ele></trkpt>
      <trkpt lat="22.2666400777" lon="113.9066346001"><ele>523.000</ele></trkpt>
      <trkpt lat="22.2666486810" lon="113.9066392011"><ele>523.000</ele></trkpt>
      <trkpt lat="22.2666851504" lon="113.9066583840"><ele>524.000</ele></trkpt>
      <trkpt lat="22.2667168368" lon="113.9066750091"><ele>526.000</ele></trkpt>
      <trkpt lat="22.2667425446" lon="113.9066884367"><ele>528.000</ele></trkpt>
      <trkpt lat="22.2667479559" lon="113.9067096046"><ele>529.000</ele></trkpt>
      <trkpt lat="22.2667557757" lon="113.9067423197"><ele>529.000</ele></trkpt>
      <trkpt lat="22.2667678259" lon="113.9067890714"><ele>529.000</ele></trkpt>
      <trkpt lat="22.2667690023" lon="113.9067936355"><ele>529.000</ele></trkpt>
      <trkpt lat="22.2667831811" lon="113.9068396929"><ele>530.000</ele></trkpt>
      <trkpt lat="22.2667834162" lon="113.9068404566"><ele>530.000</ele></trkpt>
      <trkpt lat="22.2667966046" lon="113.9068686690"><ele>533.000</ele></trkpt>
      <trkpt lat="22.2668157833" lon="113.9069071381"><ele>533.000</ele></trkpt>
      <trkpt lat="22.2668343615" lon="113.9069436831"><ele>535.000</ele></trkpt>
      <trkpt lat="22.2668505437" lon="113.9069763822"><ele>535.000</ele></trkpt>
      <trkpt lat="22.2668649309" lon="113.9070071593"><ele>534.000</ele></trkpt>
      <trkpt lat="22.2668799218" lon="113.9070417858"><ele>537.000</ele></trkpt>
      <trkpt lat="22.2668955197" lon="113.9070821872"><ele>536.000</ele></trkpt>
      <trkpt lat="22.2669111240" lon="113.9071264391"><ele>537.000</ele></trkpt>
      <trkpt lat="22.2669249255" lon="113.9071642770"><ele>538.000</ele></trkpt>
      <trkpt lat="22.2669387229" lon="113.9071995477"><ele>539.000</ele></trkpt>
      <trkpt lat="22.2669561020" lon="113.9072335279"><ele>539.000</ele></trkpt>
      <trkpt lat="22.2669758652" lon="113.9072642947"><ele>540.000</ele></trkpt>
      <trkpt lat="22.2669920346" lon="113.9072892927"><ele>540.000</ele></trkpt>
      <trkpt lat="22.2670057916" lon="113.9073001763"><ele>539.000</ele></trkpt>
      <trkpt lat="22.2670303110" lon="113.9073174571"><ele>540.000</ele></trkpt>
      <trkpt lat="22.2670506405" lon="113.9073296118"><ele>540.000</ele></trkpt>
      <trkpt lat="22.2670787366" lon="113.9073423934"><ele>540.000</ele></trkpt>
      <trkpt lat="22.2671181894" lon="113.9073596453"><ele>541.000</ele></trkpt>
      <trkpt lat="22.2671576423" lon="113.9073768976"><ele>542.000</ele></trkpt>
      <trkpt lat="22.2671869266" lon="113.9073858263"><ele>542.000</ele></trkpt>
      <trkpt lat="22.2672108305" lon="113.9073921981"><ele>541.000</ele></trkpt>
      <trkpt lat="22.2672269597" lon="113.9073928091"><ele>541.000</ele></trkpt>
      <trkpt lat="22.2672514514" lon="113.9073934040"><ele>542.000</ele></trkpt>
      <trkpt lat="22.2672789352" lon="113.9073972020"><ele>542.000</ele></trkpt>
      <trkpt lat="22.2673028360" lon="113.9074016486"><ele>542.000</ele></trkpt>
      <trkpt lat="22.2673219581" lon="113.9074061044"><ele>542.000</ele></trkpt>
      <trkpt lat="22.2673357053" lon="113.9074112121"><ele>543.000</ele></trkpt>
      <trkpt lat="22.2673464724" lon="113.9074201763"><ele>543.000</ele></trkpt>
      <trkpt lat="22.2673584370" lon="113.9074310633"><ele>543.000</ele></trkpt>
      <trkpt lat="22.2673829417" lon="113.9074393594"><ele>542.000</ele></trkpt>
      <trkpt lat="22.2674080372" lon="113.9074438038"><ele>542.000</ele></trkpt>
      <trkpt lat="22.2674253651" lon="113.9074469794"><ele>543.000</ele></trkpt>
      <trkpt lat="22.2674492841" lon="113.9074623360"><ele>543.000</ele></trkpt>
      <trkpt lat="22.2674785822" lon="113.9074796078"><ele>544.000</ele></trkpt>
      <trkpt lat="22.2674953256" lon="113.9074904858"><ele>543.000</ele></trkpt>
      <trkpt lat="22.2675120766" lon="113.9075058561"><ele>544.000</ele></trkpt>
      <trkpt lat="22.2675264424" lon="113.9075237983"><ele>544.000</ele></trkpt>
      <trkpt lat="22.2675360167" lon="113.9075340481"><ele>544.000</ele></trkpt>
      <trkpt lat="22.2675569459" lon="113.9075474853"><ele>544.000</ele></trkpt>
      <trkpt lat="22.2675778685" lon="113.9075570717"><ele>544.000</ele></trkpt>
      <trkpt lat="22.2676035783" lon="113.9075717834"><ele>545.000</ele></trkpt>
      <trkpt lat="22.2676245064" lon="113.9075845787"><ele>544.000</ele></trkpt>
      <trkpt lat="22.2676442268" lon="113.9075896750"><ele>545.000</ele></trkpt>
      <trkpt lat="22.2676717203" lon="113.9075992490"><ele>545.000</ele></trkpt>
      <trkpt lat="22.2677010066" lon="113.9076094612"><ele>546.000</ele></trkpt>
      <trkpt lat="22.2677302920" lon="113.9076190318"><ele>546.000</ele></trkpt>
      <trkpt lat="22.2677571870" lon="113.9076279652"><ele>547.000</ele></trkpt>
      <trkpt lat="22.2677852786" lon="113.9076381797"><ele>546.000</ele></trkpt>
      <trkpt lat="22.2678163592" lon="113.9076496721"><ele>546.000</ele></trkpt>
      <trkpt lat="22.2678396689" lon="113.9076579705"><ele>547.000</ele></trkpt>
      <trkpt lat="22.2678540062" lon="113.9076585849"><ele>547.000</ele></trkpt>
      <trkpt lat="22.2678677502" lon="113.9076617674"><ele>547.000</ele></trkpt>
      <trkpt lat="22.2678862803" lon="113.9076694332"><ele>547.000</ele></trkpt>
      <trkpt lat="22.2678988221" lon="113.9076681256"><ele>547.000</ele></trkpt>
      <trkpt lat="22.2679191284" lon="113.9076661616"><ele>548.000</ele></trkpt>
      <trkpt lat="22.2679495925" lon="113.9076661033"><ele>548.000</ele></trkpt>
      <trkpt lat="22.2679770729" lon="113.9076679759"><ele>549.000</ele></trkpt>
      <trkpt lat="22.2680021643" lon="113.9076698534"><ele>549.000</ele></trkpt>
      <trkpt lat="22.2680302453" lon="113.9076736503"><ele>550.000</ele></trkpt>
      <trkpt lat="22.2680559424" lon="113.9076806606"><ele>549.000</ele></trkpt>
      <trkpt lat="22.2680810453" lon="113.9076895974"><ele>549.000</ele></trkpt>
      <trkpt lat="22.2681097375" lon="113.9077017362"><ele>550.000</ele></trkpt>
      <trkpt lat="22.2681420118" lon="113.9077125845"><ele>550.000</ele></trkpt>
      <trkpt lat="22.2681701151" lon="113.9077298587"><ele>549.000</ele></trkpt>
      <trkpt lat="22.2681946357" lon="113.9077477813"><ele>549.000</ele></trkpt>
      <trkpt lat="22.2682161844" lon="113.9077719671"><ele>549.000</ele></trkpt>
      <trkpt lat="22.2682185816" lon="113.9077744755"><ele>549.000</ele></trkpt>
      <trkpt lat="22.2682246607" lon="113.9077862522"><ele>549.000</ele></trkpt>
      <trkpt lat="22.2682523830" lon="113.9078235048"><ele>549.000</ele></trkpt>
      <trkpt lat="22.2682693456" lon="113.9078526862"><ele>549.000</ele></trkpt>
      <trkpt lat="22.2682872371" lon="113.9078810896"><ele>550.000</ele></trkpt>
      <trkpt lat="22.2683010589" lon="113.9079272725"><ele>550.000</ele></trkpt>
      <trkpt lat="22.2683026472" lon="113.9079325797"><ele>550.000</ele></trkpt>
      <trkpt lat="22.2683200674" lon="113.9079599750"><ele>550.000</ele></trkpt>
      <trkpt lat="22.2683250485" lon="113.9079686006"><ele>551.000</ele></trkpt>
      <trkpt lat="22.2683308576" lon="113.9079755169"><ele>551.000</ele></trkpt>
      <trkpt lat="22.2683436531" lon="113.9079914141"><ele>551.000</ele></trkpt>
      <trkpt lat="22.2683581868" lon="113.9080098693"><ele>551.000</ele></trkpt>
      <trkpt lat="22.2683724263" lon="113.9080252495"><ele>552.000</ele></trkpt>
      <trkpt lat="22.2683851262" lon="113.9080378965"><ele>552.000</ele></trkpt>
      <trkpt lat="22.2683994886" lon="113.9080510837"><ele>552.000</ele></trkpt>
      <trkpt lat="22.2684127661" lon="113.9080635356"><ele>553.000</ele></trkpt>
      <trkpt lat="22.2684284412" lon="113.9080787093"><ele>552.000</ele></trkpt>
      <trkpt lat="22.2684311278" lon="113.9080814790"><ele>552.000</ele></trkpt>
      <trkpt lat="22.2684384389" lon="113.9080901778"><ele>552.000</ele></trkpt>
      <trkpt lat="22.2684529278" lon="113.9081034230"><ele>552.000</ele></trkpt>
      <trkpt lat="22.2684644362" lon="113.9081164022"><ele>553.000</ele></trkpt>
      <trkpt lat="22.2684754112" lon="113.9081344859"><ele>553.000</ele></trkpt>
      <trkpt lat="22.2684825348" lon="113.9081499669"><ele>553.000</ele></trkpt>
      <trkpt lat="22.2684992503" lon="113.9081663029"><ele>553.000</ele></trkpt>
      <trkpt lat="22.2685140374" lon="113.9081796349"><ele>554.000</ele></trkpt>
      <trkpt lat="22.2685312784" lon="113.9081970177"><ele>554.000</ele></trkpt>
      <trkpt lat="22.2685455092" lon="113.9082071004"><ele>554.000</ele></trkpt>
      <trkpt lat="22.2685566829" lon="113.9082088450"><ele>555.000</ele></trkpt>
      <trkpt lat="22.2685685639" lon="113.9082122957"><ele>555.000</ele></trkpt>
      <trkpt lat="22.2685805290" lon="113.9082229649"><ele>555.000</ele></trkpt>
      <trkpt lat="22.2685916503" lon="113.9082312877"><ele>555.000</ele></trkpt>
      <trkpt lat="22.2686167338" lon="113.9082510133"><ele>555.000</ele></trkpt>
      <trkpt lat="22.2686551939" lon="113.9082764290"><ele>556.000</ele></trkpt>
      <trkpt lat="22.2686849259" lon="113.9082960769"><ele>556.000</ele></trkpt>
      <trkpt lat="22.2687071821" lon="113.9083208434"><ele>557.000</ele></trkpt>
      <trkpt lat="22.2687076154" lon="113.9083212938"><ele>557.000</ele></trkpt>
      <trkpt lat="22.2687356594" lon="113.9083577438"><ele>556.000</ele></trkpt>
      <trkpt lat="22.2687631960" lon="113.9083936306"><ele>556.000</ele></trkpt>
      <trkpt lat="22.2687859467" lon="113.9084250342"><ele>556.000</ele></trkpt>
      <trkpt lat="22.2688086911" lon="113.9084525871"><ele>557.000</ele></trkpt>
      <trkpt lat="22.2688391530" lon="113.9084883959"><ele>556.000</ele></trkpt>
      <trkpt lat="22.2688392146" lon="113.9084884683"><ele>556.000</ele></trkpt>
      <trkpt lat="22.2688695675" lon="113.9085243839"><ele>556.000</ele></trkpt>
      <trkpt lat="22.2688733292" lon="113.9085288350"><ele>556.000</ele></trkpt>
      <trkpt lat="22.2689020404" lon="113.9085662765"><ele>557.000</ele></trkpt>
      <trkpt lat="22.2689062538" lon="113.9085717711"><ele>557.000</ele></trkpt>
      <trkpt lat="22.2689326609" lon="113.9086111216"><ele>557.000</ele></trkpt>
      <trkpt lat="22.2689367930" lon="113.9086172791"><ele>557.000</ele></trkpt>
      <trkpt lat="22.2689607511" lon="113.9086563817"><ele>556.000</ele></trkpt>
      <trkpt lat="22.2689793214" lon="113.9086884350"><ele>556.000</ele></trkpt>
      <trkpt lat="22.2689925146" lon="113.9087198569"><ele>558.000</ele></trkpt>
      <trkpt lat="22.2689985220" lon="113.9087403823"><ele>558.000</ele></trkpt>
      <trkpt lat="22.2690057302" lon="113.9087647560"><ele>556.000</ele></trkpt>
      <trkpt lat="22.2690105566" lon="113.9087936266"><ele>556.000</ele></trkpt>
      <trkpt lat="22.2690135824" lon="113.9088173665"><ele>556.000</ele></trkpt>
      <trkpt lat="22.2690118231" lon="113.9088372649"><ele>556.000</ele></trkpt>
      <trkpt lat="22.2690058933" lon="113.9088635891"><ele>556.000</ele></trkpt>
      <trkpt lat="22.2689945905" lon="113.9088918488"><ele>558.000</ele></trkpt>
      <trkpt lat="22.2689802990" lon="113.9089188305"><ele>558.000</ele></trkpt>
      <trkpt lat="22.2689636253" lon="113.9089503092"><ele>556.000</ele></trkpt>
      <trkpt lat="22.2689433648" lon="113.9089798693"><ele>559.000</ele></trkpt>
      <trkpt lat="22.2689290743" lon="113.9090074930"><ele>558.000</ele></trkpt>
      <trkpt lat="22.2689135901" lon="113.9090357604"><ele>557.000</ele></trkpt>
      <trkpt lat="22.2689052760" lon="113.9090652980"><ele>559.000</ele></trkpt>
      <trkpt lat="22.2688969672" lon="113.9090980444"><ele>559.000</ele></trkpt>
      <trkpt lat="22.2688934287" lon="113.9091256474"><ele>559.000</ele></trkpt>
      <trkpt lat="22.2688898913" lon="113.9091538922"><ele>559.000</ele></trkpt>
      <trkpt lat="22.2688905235" lon="113.9091750694"><ele>559.000</ele></trkpt>
      <trkpt lat="22.2688995132" lon="113.9091930222"><ele>560.000</ele></trkpt>
      <trkpt lat="22.2689150694" lon="113.9092083952"><ele>559.000</ele></trkpt>
      <trkpt lat="22.2689378038" lon="113.9092301724"><ele>560.000</ele></trkpt>
      <trkpt lat="22.2689641236" lon="113.9092525844"><ele>559.000</ele></trkpt>
      <trkpt lat="22.2689886535" lon="113.9092762834"><ele>561.000</ele></trkpt>
      <trkpt lat="22.2690060110" lon="113.9092974291"><ele>559.000</ele></trkpt>
      <trkpt lat="22.2690221878" lon="113.9093269199"><ele>560.000</ele></trkpt>
      <trkpt lat="22.2690401744" lon="113.9093673176"><ele>560.000</ele></trkpt>
      <trkpt lat="22.2690563477" lon="113.9093948832"><ele>560.000</ele></trkpt>
      <trkpt lat="22.2690713138" lon="113.9094147498"><ele>560.000</ele></trkpt>
      <trkpt lat="22.2690922428" lon="113.9094281874"><ele>560.000</ele></trkpt>
      <trkpt lat="22.2691197402" lon="113.9094403289"><ele>560.000</ele></trkpt>
      <trkpt lat="22.2691460366" lon="113.9094486220"><ele>560.000</ele></trkpt>
      <trkpt lat="22.2691741189" lon="113.9094530609"><ele>560.000</ele></trkpt>
      <trkpt lat="22.2691914489" lon="113.9094575204"><ele>559.000</ele></trkpt>
      <trkpt lat="22.2692069976" lon="113.9094684013"><ele>559.000</ele></trkpt>
      <trkpt lat="22.2692297333" lon="113.9094908202"><ele>560.000</ele></trkpt>
      <trkpt lat="22.2692608442" lon="113.9095209245"><ele>561.000</ele></trkpt>
      <trkpt lat="22.2692961525" lon="113.9095511627"><ele>560.000</ele></trkpt>
      <trkpt lat="22.2692997260" lon="113.9095542231"><ele>560.000</ele></trkpt>
      <trkpt lat="22.2693365146" lon="113.9095823504"><ele>560.000</ele></trkpt>
      <trkpt lat="22.2693415920" lon="113.9095862324"><ele>560.000</ele></trkpt>
      <trkpt lat="22.2693750913" lon="113.9096156904"><ele>561.000</ele></trkpt>
      <trkpt lat="22.2694068019" lon="113.9096470773"><ele>561.000</ele></trkpt>
      <trkpt lat="22.2694393042" lon="113.9096807521"><ele>561.000</ele></trkpt>
      <trkpt lat="22.2694439000" lon="113.9096855136"><ele>561.000</ele></trkpt>
      <trkpt lat="22.2694732040" lon="113.9097224213"><ele>561.000</ele></trkpt>
      <trkpt lat="22.2694744274" lon="113.9097239623"><ele>561.000</ele></trkpt>
      <trkpt lat="22.2694995661" lon="113.9097547198"><ele>560.000</ele></trkpt>
      <trkpt lat="22.2695187378" lon="113.9097893396"><ele>561.000</ele></trkpt>
      <trkpt lat="22.2695438859" lon="113.9098258730"><ele>561.000</ele></trkpt>
      <trkpt lat="22.2695660464" lon="113.9098617705"><ele>562.000</ele></trkpt>
      <trkpt lat="22.2695845986" lon="113.9098829141"><ele>562.000</ele></trkpt>
      <trkpt lat="22.2696001599" lon="113.9099014961"><ele>560.000</ele></trkpt>
      <trkpt lat="22.2696181052" lon="113.9099168649"><ele>562.000</ele></trkpt>
      <trkpt lat="22.2696342576" lon="113.9099315951"><ele>562.000</ele></trkpt>
      <trkpt lat="22.2696510050" lon="113.9099450405"><ele>560.000</ele></trkpt>
      <trkpt lat="22.2696594035" lon="113.9099668452"><ele>562.000</ele></trkpt>
      <trkpt lat="22.2696642179" lon="113.9099886564"><ele>562.000</ele></trkpt>
      <trkpt lat="22.2696708193" lon="113.9100072556"><ele>564.000</ele></trkpt>
      <trkpt lat="22.2696798035" lon="113.9100219994"><ele>562.000</ele></trkpt>
      <trkpt lat="22.2696959558" lon="113.9100367296"><ele>562.000</ele></trkpt>
      <trkpt lat="22.2697138853" lon="113.9100424718"><ele>562.000</ele></trkpt>
      <trkpt lat="22.2697377746" lon="113.9100398594"><ele>561.000</ele></trkpt>
      <trkpt lat="22.2697706258" lon="113.9100385135"><ele>560.000</ele></trkpt>
      <trkpt lat="22.2697963186" lon="113.9100429573"><ele>560.000</ele></trkpt>
      <trkpt lat="22.2698226182" lon="113.9100531758"><ele>562.000</ele></trkpt>
      <trkpt lat="22.2698531169" lon="113.9100742968"><ele>562.000</ele></trkpt>
      <trkpt lat="22.2698788551" lon="113.9101063370"><ele>562.000</ele></trkpt>
      <trkpt lat="22.2698992160" lon="113.9101377455"><ele>562.000</ele></trkpt>
      <trkpt lat="22.2699257002" lon="113.9101770364"><ele>562.000</ele></trkpt>
      <trkpt lat="22.2699333474" lon="113.9101883814"><ele>562.000</ele></trkpt>
      <trkpt lat="22.2699602340" lon="113.9102273555"><ele>562.000</ele></trkpt>
      <trkpt lat="22.2699620879" lon="113.9102300427"><ele>562.000</ele></trkpt>
      <trkpt lat="22.2699806768" lon="113.9102736485"><ele>564.000</ele></trkpt>
      <trkpt lat="22.2699876865" lon="113.9103215727"><ele>564.000</ele></trkpt>
      <trkpt lat="22.2699903428" lon="113.9103397335"><ele>564.000</ele></trkpt>
      <trkpt lat="22.2699960756" lon="113.9103878532"><ele>565.000</ele></trkpt>
      <trkpt lat="22.2699982164" lon="113.9104058218"><ele>563.000</ele></trkpt>
      <trkpt lat="22.2700041740" lon="113.9104539100"><ele>564.000</ele></trkpt>
      <trkpt lat="22.2700060859" lon="113.9104693431"><ele>564.000</ele></trkpt>
      <trkpt lat="22.2700055404" lon="113.9105007916"><ele>564.000</ele></trkpt>
      <trkpt lat="22.2699981957" lon="113.9105486578"><ele>565.000</ele></trkpt>
      <trkpt lat="22.2699978571" lon="113.9105508649"><ele>565.000</ele></trkpt>
      <trkpt lat="22.2699904254" lon="113.9105987156"><ele>568.000</ele></trkpt>
      <trkpt lat="22.2699895816" lon="113.9106041484"><ele>568.000</ele></trkpt>
      <trkpt lat="22.2699806983" lon="113.9106510151"><ele>568.000</ele></trkpt>
      <trkpt lat="22.2699758982" lon="113.9106992525"><ele>568.000</ele></trkpt>
      <trkpt lat="22.2699748218" lon="113.9107100699"><ele>568.000</ele></trkpt>
      <trkpt lat="22.2699657133" lon="113.9107575849"><ele>568.000</ele></trkpt>
      <trkpt lat="22.2699653453" lon="113.9107595050"><ele>568.000</ele></trkpt>
      <trkpt lat="22.2699510545" lon="113.9107871285"><ele>568.000</ele></trkpt>
      <trkpt lat="22.2699254112" lon="113.9108128480"><ele>568.000</ele></trkpt>
      <trkpt lat="22.2698943909" lon="113.9108379362"><ele>569.000</ele></trkpt>
      <trkpt lat="22.2698675350" lon="113.9108527478"><ele>569.000</ele></trkpt>
      <trkpt lat="22.2698353157" lon="113.9108752709"><ele>569.000</ele></trkpt>
      <trkpt lat="22.2698120554" lon="113.9108971354"><ele>571.000</ele></trkpt>
      <trkpt lat="22.2697983493" lon="113.9109170565"><ele>571.000</ele></trkpt>
      <trkpt lat="22.2697930131" lon="113.9109414542"><ele>570.000</ele></trkpt>
      <trkpt lat="22.2697877013" lon="113.9109806127"><ele>570.000</ele></trkpt>
      <trkpt lat="22.2697800115" lon="113.9110268353"><ele>569.000</ele></trkpt>
      <trkpt lat="22.2697741053" lon="113.9110679204"><ele>569.000</ele></trkpt>
      <trkpt lat="22.2697747583" lon="113.9111019333"><ele>570.000</ele></trkpt>
      <trkpt lat="22.2697891604" lon="113.9111423382"><ele>571.000</ele></trkpt>
      <trkpt lat="22.2698127052" lon="113.9111837330"><ele>572.000</ele></trkpt>
      <trkpt lat="22.2698143209" lon="113.9111865735"><ele>572.000</ele></trkpt>
      <trkpt lat="22.2698394584" lon="113.9112166898"><ele>571.000</ele></trkpt>
      <trkpt lat="22.2698685044" lon="113.9112538322"><ele>570.000</ele></trkpt>
      <trkpt lat="22.2698825567" lon="113.9112718015"><ele>570.000</ele></trkpt>
      <trkpt lat="22.2699090926" lon="113.9113110520"><ele>569.000</ele></trkpt>
      <trkpt lat="22.2699154898" lon="113.9113205144"><ele>570.000</ele></trkpt>
      <trkpt lat="22.2699334706" lon="113.9113577038"><ele>570.000</ele></trkpt>
      <trkpt lat="22.2699410733" lon="113.9113855389"><ele>570.000</ele></trkpt>
      <trkpt lat="22.2699426850" lon="113.9113881071"><ele>570.000</ele></trkpt>
      <trkpt lat="22.2699521307" lon="113.9114045446"><ele>570.000</ele></trkpt>
      <trkpt lat="22.2699528896" lon="113.9114058482"><ele>569.000</ele></trkpt>
      <trkpt lat="22.2699600185" lon="113.9114180938"><ele>568.000</ele></trkpt>
      <trkpt lat="22.2699687533" lon="113.9114360172"><ele>568.000</ele></trkpt>
      <trkpt lat="22.2699768218" lon="113.9114551547"><ele>568.000</ele></trkpt>
      <trkpt lat="22.2699904893" lon="113.9114688289"><ele>568.000</ele></trkpt>
      <trkpt lat="22.2700016261" lon="113.9114867283"><ele>567.000</ele></trkpt>
      <trkpt lat="22.2700109913" lon="113.9115091234"><ele>566.000</ele></trkpt>
      <trkpt lat="22.2700174584" lon="113.9115319412"><ele>566.000</ele></trkpt>
      <trkpt lat="22.2700205640" lon="113.9115535427"><ele>566.000</ele></trkpt>
      <trkpt lat="22.2700178160" lon="113.9115739813"><ele>565.000</ele></trkpt>
      <trkpt lat="22.2700154583" lon="113.9115956708"><ele>565.000</ele></trkpt>
      <trkpt lat="22.2700086415" lon="113.9116130123"><ele>564.000</ele></trkpt>
      <trkpt lat="22.2700027616" lon="113.9116290325"><ele>564.000</ele></trkpt>
      <trkpt lat="22.2700044817" lon="113.9116482499"><ele>564.000</ele></trkpt>
      <trkpt lat="22.2700060860" lon="113.9116684765"><ele>563.000</ele></trkpt>
      <trkpt lat="22.2700087716" lon="113.9116872070"><ele>563.000</ele></trkpt>
      <trkpt lat="22.2700091526" lon="113.9116882347"><ele>563.000</ele></trkpt>
      <trkpt lat="22.2700193282" lon="113.9117312223"><ele>562.000</ele></trkpt>
      <trkpt lat="22.2700217887" lon="113.9117748587"><ele>561.000</ele></trkpt>
      <trkpt lat="22.2700242431" lon="113.9118146444"><ele>560.000</ele></trkpt>
      <trkpt lat="22.2700231164" lon="113.9118563621"><ele>560.000</ele></trkpt>
      <trkpt lat="22.2700255726" lon="113.9118974315"><ele>559.000</ele></trkpt>
      <trkpt lat="22.2700268407" lon="113.9119423538"><ele>558.000</ele></trkpt>
      <trkpt lat="22.2700269066" lon="113.9119827859"><ele>558.000</ele></trkpt>
      <trkpt lat="22.2700243597" lon="113.9120312210"><ele>558.000</ele></trkpt>
      <trkpt lat="22.2700234304" lon="113.9120488957"><ele>557.000</ele></trkpt>
      <trkpt lat="22.2700228905" lon="113.9120841946"><ele>557.000</ele></trkpt>
      <trkpt lat="22.2700301066" lon="113.9121137030"><ele>556.000</ele></trkpt>
      <trkpt lat="22.2700397091" lon="113.9121412815"><ele>556.000</ele></trkpt>
      <trkpt lat="22.2700529246" lon="113.9121868229"><ele>552.000</ele></trkpt>
      <trkpt lat="22.2700593883" lon="113.9122348356"><ele>551.000</ele></trkpt>
      <trkpt lat="22.2700595757" lon="113.9122362276"><ele>551.000</ele></trkpt>
      <trkpt lat="22.2700596548" lon="113.9122847399"><ele>550.000</ele></trkpt>
      <trkpt lat="22.2700596562" lon="113.9122856446"><ele>550.000</ele></trkpt>
      <trkpt lat="22.2700591289" lon="113.9123286448"><ele>550.000</ele></trkpt>
      <trkpt lat="22.2700603811" lon="113.9123639404"><ele>549.000</ele></trkpt>
      <trkpt lat="22.2700604281" lon="113.9123928205"><ele>548.000</ele></trkpt>
      <trkpt lat="22.2700598715" lon="113.9124178508"><ele>548.000</ele></trkpt>
      <trkpt lat="22.2700521500" lon="113.9124448200"><ele>546.000</ele></trkpt>
      <trkpt lat="22.2700438345" lon="113.9124737158"><ele>548.000</ele></trkpt>
      <trkpt lat="22.2700339389" lon="113.9125011107"><ele>546.000</ele></trkpt>
      <trkpt lat="22.2700282786" lon="113.9125492403"><ele>544.000</ele></trkpt>
      <trkpt lat="22.2700279710" lon="113.9125518562"><ele>544.000</ele></trkpt>
      <trkpt lat="22.2700236834" lon="113.9125752569"><ele>542.000</ele></trkpt>
      <trkpt lat="22.2700049914" lon="113.9126149364"><ele>542.000</ele></trkpt>
      <trkpt lat="22.2699885299" lon="113.9126259216"><ele>540.000</ele></trkpt>
      <trkpt lat="22.2699670444" lon="113.9126375140"><ele>540.000</ele></trkpt>
      <trkpt lat="22.2699336323" lon="113.9126613226"><ele>541.000</ele></trkpt>
      <trkpt lat="22.2699032018" lon="113.9126819167"><ele>538.000</ele></trkpt>
      <trkpt lat="22.2698811255" lon="113.9126973608"><ele>538.000</ele></trkpt>
      <trkpt lat="22.2698435299" lon="113.9127198936"><ele>535.000</ele></trkpt>
      <trkpt lat="22.2698046512" lon="113.9127445634"><ele>535.000</ele></trkpt>
      <trkpt lat="22.2698029529" lon="113.9127456410"><ele>535.000</ele></trkpt>
      <trkpt lat="22.2697641402" lon="113.9127704305"><ele>533.000</ele></trkpt>
      <trkpt lat="22.2697576024" lon="113.9127746062"><ele>533.000</ele></trkpt>
      <trkpt lat="22.2697247907" lon="113.9128003388"><ele>533.000</ele></trkpt>
      <trkpt lat="22.2696896845" lon="113.9128308475"><ele>530.000</ele></trkpt>
      <trkpt lat="22.2696848257" lon="113.9128350700"><ele>530.000</ele></trkpt>
      <trkpt lat="22.2696561879" lon="113.9128563023"><ele>530.000</ele></trkpt>
      <trkpt lat="22.2696281518" lon="113.9128801007"><ele>528.000</ele></trkpt>
      <trkpt lat="22.2696138398" lon="113.9128948886"><ele>528.000</ele></trkpt>
      <trkpt lat="22.2696072900" lon="113.9129077363"><ele>528.000</ele></trkpt>
      <trkpt lat="22.2695941777" lon="113.9129257308"><ele>525.000</ele></trkpt>
      <trkpt lat="22.2695733045" lon="113.9129463069"><ele>525.000</ele></trkpt>
      <trkpt lat="22.2695571993" lon="113.9129604561"><ele>525.000</ele></trkpt>
      <trkpt lat="22.2695387048" lon="113.9129746100"><ele>523.000</ele></trkpt>
      <trkpt lat="22.2695243824" lon="113.9129829798"><ele>523.000</ele></trkpt>
      <trkpt lat="22.2695034977" lon="113.9129964963"><ele>523.000</ele></trkpt>
      <trkpt lat="22.2694891877" lon="113.9130125676"><ele>520.000</ele></trkpt>
      <trkpt lat="22.2694796563" lon="113.9130286299"><ele>520.000</ele></trkpt>
      <trkpt lat="22.2694713092" lon="113.9130382724"><ele>520.000</ele></trkpt>
      <trkpt lat="22.2694605645" lon="113.9130427847"><ele>520.000</ele></trkpt>
      <trkpt lat="22.2694438434" lon="113.9130453834"><ele>520.000</ele></trkpt>
      <trkpt lat="22.2694224110" lon="113.9130479345"><ele>520.000</ele></trkpt>
      <trkpt lat="22.2694165798" lon="113.9130489826"><ele>520.000</ele></trkpt>
      <trkpt lat="22.2694121103" lon="113.9130499060"><ele>520.000</ele></trkpt>
      <trkpt lat="22.2694076390" lon="113.9130508865"><ele>520.000</ele></trkpt>
      <trkpt lat="22.2694031687" lon="113.9130518603"><ele>520.000</ele></trkpt>
      <trkpt lat="22.2693986991" lon="113.9130527632"><ele>520.000</ele></trkpt>
      <trkpt lat="22.2693942329" lon="113.9130535323"><ele>520.000</ele></trkpt>
      <trkpt lat="22.2693897718" lon="113.9130541034"><ele>520.000</ele></trkpt>
      <trkpt lat="22.2693853157" lon="113.9130544135"><ele>520.000</ele></trkpt>
      <trkpt lat="22.2693808681" lon="113.9130543927"><ele>520.000</ele></trkpt>
      <trkpt lat="22.2693764334" lon="113.9130539528"><ele>520.000</ele></trkpt>
      <trkpt lat="22.2693720098" lon="113.9130531567"><ele>520.000</ele></trkpt>
      <trkpt lat="22.2693675922" lon="113.9130521075"><ele>519.000</ele></trkpt>
      <trkpt lat="22.2693631770" lon="113.9130509049"><ele>519.000</ele></trkpt>
      <trkpt lat="22.2693587590" lon="113.9130496499"><ele>519.000</ele></trkpt>
      <trkpt lat="22.2693543348" lon="113.9130484444"><ele>519.000</ele></trkpt>
      <trkpt lat="22.2693498990" lon="113.9130473874"><ele>519.000</ele></trkpt>
      <trkpt lat="22.2693454474" lon="113.9130465642"><ele>519.000</ele></trkpt>
      <trkpt lat="22.2693409735" lon="113.9130458993"><ele>519.000</ele></trkpt>
      <trkpt lat="22.2693364835" lon="113.9130453285"><ele>519.000</ele></trkpt>
      <trkpt lat="22.2693319854" lon="113.9130448052"><ele>519.000</ele></trkpt>
      <trkpt lat="22.2693274891" lon="113.9130442810"><ele>519.000</ele></trkpt>
      <trkpt lat="22.2693230027" lon="113.9130437082"><ele>518.000</ele></trkpt>
      <trkpt lat="22.2693185333" lon="113.9130430403"><ele>518.000</ele></trkpt>
      <trkpt lat="22.2693140916" lon="113.9130422298"><ele>518.000</ele></trkpt>
      <trkpt lat="22.2693096875" lon="113.9130412037"><ele>518.000</ele></trkpt>
      <trkpt lat="22.2693053273" lon="113.9130399118"><ele>518.000</ele></trkpt>
      <trkpt lat="22.2693009957" lon="113.9130384510"><ele>518.000</ele></trkpt>
      <trkpt lat="22.2692966793" lon="113.9130369251"><ele>518.000</ele></trkpt>
      <trkpt lat="22.2692923602" lon="113.9130354371"><ele>518.000</ele></trkpt>
      <trkpt lat="22.2692880252" lon="113.9130340907"><ele>518.000</ele></trkpt>
      <trkpt lat="22.2692836571" lon="113.9130329899"><ele>518.000</ele></trkpt>
      <trkpt lat="22.2692792364" lon="113.9130322919"><ele>518.000</ele></trkpt>
      <trkpt lat="22.2692747444" lon="113.9130321916"><ele>516.000</ele></trkpt>
      <trkpt lat="22.2692702079" lon="113.9130324553"><ele>516.000</ele></trkpt>
      <trkpt lat="22.2692618943" lon="113.9130329890"><ele>516.000</ele></trkpt>
      <trkpt lat="22.2692255220" lon="113.9130347289"><ele>515.000</ele></trkpt>
      <trkpt lat="22.2691974317" lon="113.9130251548"><ele>515.000</ele></trkpt>
      <trkpt lat="22.2691771045" lon="113.9130142828"><ele>514.000</ele></trkpt>
      <trkpt lat="22.2691531925" lon="113.9130027757"><ele>517.000</ele></trkpt>
      <trkpt lat="22.2691239189" lon="113.9130002633"><ele>516.000</ele></trkpt>
      <trkpt lat="22.2690904713" lon="113.9130022515"><ele>516.000</ele></trkpt>
      <trkpt lat="22.2690564357" lon="113.9130100166"><ele>516.000</ele></trkpt>
      <trkpt lat="22.2690126502" lon="113.9130218646"><ele>514.000</ele></trkpt>
      <trkpt lat="22.2690110580" lon="113.9130222954"><ele>514.000</ele></trkpt>
      <trkpt lat="22.2689661429" lon="113.9130272671"><ele>515.000</ele></trkpt>
      <trkpt lat="22.2689638769" lon="113.9130275179"><ele>515.000</ele></trkpt>
      <trkpt lat="22.2689214661" lon="113.9130275974"><ele>515.000</ele></trkpt>
      <trkpt lat="22.2688820348" lon="113.9130231791"><ele>515.000</ele></trkpt>
      <trkpt lat="22.2688533607" lon="113.9130219492"><ele>514.000</ele></trkpt>
      <trkpt lat="22.2688228955" lon="113.9130213645"><ele>514.000</ele></trkpt>
      <trkpt lat="22.2687894437" lon="113.9130207854"><ele>514.000</ele></trkpt>
      <trkpt lat="22.2687542115" lon="113.9130272694"><ele>514.000</ele></trkpt>
      <trkpt lat="22.2687107522" lon="113.9130404310"><ele>514.000</ele></trkpt>
      <trkpt lat="22.2687094333" lon="113.9130408304"><ele>514.000</ele></trkpt>
      <trkpt lat="22.2686654150" lon="113.9130516369"><ele>515.000</ele></trkpt>
      <trkpt lat="22.2686646509" lon="113.9130518245"><ele>515.000</ele></trkpt>
      <trkpt lat="22.2686276245" lon="113.9130570281"><ele>516.000</ele></trkpt>
      <trkpt lat="22.2685900017" lon="113.9130628747"><ele>512.000</ele></trkpt>
      <trkpt lat="22.2685631185" lon="113.9130609997"><ele>512.000</ele></trkpt>
      <trkpt lat="22.2685406406" lon="113.9130573455"><ele>514.000</ele></trkpt>
      <trkpt lat="22.2685210538" lon="113.9130487793"><ele>514.000</ele></trkpt>
      <trkpt lat="22.2685076921" lon="113.9130386086"><ele>512.000</ele></trkpt>
      <trkpt lat="22.2684904681" lon="113.9130239845"><ele>512.000</ele></trkpt>
      <trkpt lat="22.2684762058" lon="113.9130071242"><ele>515.000</ele></trkpt>
      <trkpt lat="22.2684610488" lon="113.9129870796"><ele>512.000</ele></trkpt>
      <trkpt lat="22.2684485618" lon="113.9129676673"><ele>512.000</ele></trkpt>
      <trkpt lat="22.2684325048" lon="113.9129412521"><ele>514.000</ele></trkpt>
      <trkpt lat="22.2684164638" lon="113.9129247139"><ele>512.000</ele></trkpt>
      <trkpt lat="22.2683933058" lon="113.9129085078"><ele>514.000</ele></trkpt>
      <trkpt lat="22.2683763846" lon="113.9128977064"><ele>514.000</ele></trkpt>
      <trkpt lat="22.2683544232" lon="113.9128878703"><ele>512.000</ele></trkpt>
      <trkpt lat="22.2683383982" lon="113.9128812094"><ele>512.000</ele></trkpt>
      <trkpt lat="22.2683202901" lon="113.9128700917"><ele>510.000</ele></trkpt>
      <trkpt lat="22.2683006988" lon="113.9128586583"><ele>513.000</ele></trkpt>
      <trkpt lat="22.2682811074" lon="113.9128472247"><ele>511.000</ele></trkpt>
      <trkpt lat="22.2682600253" lon="113.9128310147"><ele>511.000</ele></trkpt>
      <trkpt lat="22.2682422128" lon="113.9128192590"><ele>511.000</ele></trkpt>
      <trkpt lat="22.2682255828" lon="113.9128052710"><ele>511.000</ele></trkpt>
      <trkpt lat="22.2682145073" lon="113.9127965638"><ele>511.000</ele></trkpt>
      <trkpt lat="22.2682011861" lon="113.9127886452"><ele>511.000</ele></trkpt>
      <trkpt lat="22.2681878573" lon="113.9127759606"><ele>508.000</ele></trkpt>
      <trkpt lat="22.2681708304" lon="113.9127624888"><ele>509.000</ele></trkpt>
      <trkpt lat="22.2681545444" lon="113.9127498098"><ele>509.000</ele></trkpt>
      <trkpt lat="22.2681382568" lon="113.9127363366"><ele>506.000</ele></trkpt>
      <trkpt lat="22.2681271524" lon="113.9127276198"><ele>506.000</ele></trkpt>
      <trkpt lat="22.2681153088" lon="113.9127189041"><ele>508.000</ele></trkpt>
      <trkpt lat="22.2681027257" lon="113.9127101900"><ele>506.000</ele></trkpt>
      <trkpt lat="22.2680916228" lon="113.9127022673"><ele>506.000</ele></trkpt>
      <trkpt lat="22.2680797829" lon="113.9126959349"><ele>506.000</ele></trkpt>
      <trkpt lat="22.2680627663" lon="113.9126888177"><ele>506.000</ele></trkpt>
      <trkpt lat="22.2680516711" lon="113.9126856612"><ele>507.000</ele></trkpt>
      <trkpt lat="22.2680405719" lon="113.9126801217"><ele>507.000</ele></trkpt>
      <trkpt lat="22.2680205993" lon="113.9126738044"><ele>507.000</ele></trkpt>
      <trkpt lat="22.2680013751" lon="113.9126730461"><ele>511.000</ele></trkpt>
      <trkpt lat="22.2679563668" lon="113.9126691675"><ele>514.000</ele></trkpt>
      <trkpt lat="22.2679562687" lon="113.9126691591"><ele>514.000</ele></trkpt>
      <trkpt lat="22.2679326098" lon="113.9126692035"><ele>514.000</ele></trkpt>
      <trkpt lat="22.2679145799" lon="113.9126786908"><ele>514.000</ele></trkpt>
      <trkpt lat="22.2678970720" lon="113.9126912989"><ele>514.000</ele></trkpt>
      <trkpt lat="22.2678800093" lon="113.9127032822"><ele>514.000</ele></trkpt>
      <trkpt lat="22.2678630585" lon="113.9127152693"><ele>518.000</ele></trkpt>
      <trkpt lat="22.2678461711" lon="113.9127273978"><ele>515.000</ele></trkpt>
      <trkpt lat="22.2678293572" lon="113.9127396718"><ele>518.000</ele></trkpt>
      <trkpt lat="22.2678126220" lon="113.9127520911"><ele>518.000</ele></trkpt>
      <trkpt lat="22.2677959738" lon="113.9127646597"><ele>518.000</ele></trkpt>
      <trkpt lat="22.2677794198" lon="113.9127773785"><ele>516.000</ele></trkpt>
      <trkpt lat="22.2677629689" lon="113.9127902495"><ele>516.000</ele></trkpt>
      <trkpt lat="22.2677466267" lon="113.9128032735"><ele>516.000</ele></trkpt>
      <trkpt lat="22.2677304012" lon="113.9128164545"><ele>517.000</ele></trkpt>
      <trkpt lat="22.2677143014" lon="113.9128297924"><ele>513.000</ele></trkpt>
      <trkpt lat="22.2676983329" lon="113.9128432901"><ele>513.000</ele></trkpt>
      <trkpt lat="22.2676825028" lon="113.9128569487"><ele>514.000</ele></trkpt>
      <trkpt lat="22.2676667334" lon="113.9128706954"><ele>510.000</ele></trkpt>
      <trkpt lat="22.2676509794" lon="113.9128844896"><ele>512.000</ele></trkpt>
      <trkpt lat="22.2676352489" lon="113.9128983391"><ele>512.000</ele></trkpt>
      <trkpt lat="22.2676195529" lon="113.9129122497"><ele>512.000</ele></trkpt>
      <trkpt lat="22.2676038994" lon="113.9129262271"><ele>511.000</ele></trkpt>
      <trkpt lat="22.2675882967" lon="113.9129402791"><ele>511.000</ele></trkpt>
      <trkpt lat="22.2675727554" lon="113.9129544105"><ele>511.000</ele></trkpt>
      <trkpt lat="22.2675572847" lon="113.9129686292"><ele>509.000</ele></trkpt>
      <trkpt lat="22.2675418919" lon="113.9129829408"><ele>509.000</ele></trkpt>
      <trkpt lat="22.2675265877" lon="113.9129973522"><ele>509.000</ele></trkpt>
      <trkpt lat="22.2675113803" lon="113.9130118692"><ele>510.000</ele></trkpt>
      <trkpt lat="22.2674962787" lon="113.9130264995"><ele>506.000</ele></trkpt>
      <trkpt lat="22.2674812929" lon="113.9130412479"><ele>506.000</ele></trkpt>
      <trkpt lat="22.2674664320" lon="113.9130561222"><ele>508.000</ele></trkpt>
      <trkpt lat="22.2674517040" lon="113.9130711283"><ele>505.000</ele></trkpt>
      <trkpt lat="22.2674371189" lon="113.9130862718"><ele>505.000</ele></trkpt>
      <trkpt lat="22.2674226848" lon="113.9131015606"><ele>509.000</ele></trkpt>
      <trkpt lat="22.2674084407" lon="113.9131170401"><ele>507.000</ele></trkpt>
      <trkpt lat="22.2673944798" lon="113.9131328354"><ele>507.000</ele></trkpt>
      <trkpt lat="22.2673807876" lon="113.9131489271"><ele>511.000</ele></trkpt>
      <trkpt lat="22.2673673423" lon="113.9131652862"><ele>509.000</ele></trkpt>
      <trkpt lat="22.2673541196" lon="113.9131818834"><ele>509.000</ele></trkpt>
      <trkpt lat="22.2673410986" lon="113.9131986870"><ele>509.000</ele></trkpt>
      <trkpt lat="22.2673282557" lon="113.9132156668"><ele>509.000</ele></trkpt>
      <trkpt lat="22.2673155685" lon="113.9132327947"><ele>509.000</ele></trkpt>
      <trkpt lat="22.2673030132" lon="113.9132500389"><ele>509.000</ele></trkpt>
      <trkpt lat="22.2672905692" lon="113.9132673701"><ele>508.000</ele></trkpt>
      <trkpt lat="22.2672782111" lon="113.9132847574"><ele>508.000</ele></trkpt>
      <trkpt lat="22.2672659189" lon="113.9133021708"><ele>508.000</ele></trkpt>
      <trkpt lat="22.2672536674" lon="113.9133195822"><ele>505.000</ele></trkpt>
      <trkpt lat="22.2672412189" lon="113.9133369591"><ele>507.000</ele></trkpt>
      <trkpt lat="22.2672284227" lon="113.9133543191"><ele>505.000</ele></trkpt>
      <trkpt lat="22.2672154406" lon="113.9133717027"><ele>505.000</ele></trkpt>
      <trkpt lat="22.2672024341" lon="113.9133891534"><ele>505.000</ele></trkpt>
      <trkpt lat="22.2671895633" lon="113.9134067105"><ele>504.000</ele></trkpt>
      <trkpt lat="22.2671769898" lon="113.9134244183"><ele>504.000</ele></trkpt>
      <trkpt lat="22.2671648754" lon="113.9134423165"><ele>504.000</ele></trkpt>
      <trkpt lat="22.2671533800" lon="113.9134604483"><ele>506.000</ele></trkpt>
      <trkpt lat="22.2671426653" lon="113.9134788542"><ele>506.000</ele></trkpt>
      <trkpt lat="22.2671328929" lon="113.9134975766"><ele>506.000</ele></trkpt>
      <trkpt lat="22.2671242229" lon="113.9135166558"><ele>501.000</ele></trkpt>
      <trkpt lat="22.2671168404" lon="113.9135361431"><ele>501.000</ele></trkpt>
      <trkpt lat="22.2671120663" lon="113.9135564715"><ele>496.000</ele></trkpt>
      <trkpt lat="22.2671100499" lon="113.9135777097"><ele>498.000</ele></trkpt>
      <trkpt lat="22.2671100285" lon="113.9135996243"><ele>500.000</ele></trkpt>
      <trkpt lat="22.2671112405" lon="113.9136219839"><ele>500.000</ele></trkpt>
      <trkpt lat="22.2671129225" lon="113.9136445570"><ele>497.000</ele></trkpt>
      <trkpt lat="22.2671143136" lon="113.9136671112"><ele>499.000</ele></trkpt>
      <trkpt lat="22.2671146486" lon="113.9136894152"><ele>499.000</ele></trkpt>
      <trkpt lat="22.2671131678" lon="113.9137112374"><ele>500.000</ele></trkpt>
      <trkpt lat="22.2670936894" lon="113.9137550027"><ele>501.000</ele></trkpt>
      <trkpt lat="22.2670742111" lon="113.9137987681"><ele>499.000</ele></trkpt>
      <trkpt lat="22.2670594236" lon="113.9138319935"><ele>501.000</ele></trkpt>
      <trkpt lat="22.2670439550" lon="113.9138660495"><ele>499.000</ele></trkpt>
      <trkpt lat="22.2670314628" lon="113.9138981612"><ele>495.000</ele></trkpt>
      <trkpt lat="22.2670207700" lon="113.9139347619"><ele>497.000</ele></trkpt>
      <trkpt lat="22.2670065661" lon="113.9139808105"><ele>496.000</ele></trkpt>
      <trkpt lat="22.2670053205" lon="113.9139848487"><ele>496.000</ele></trkpt>
      <trkpt lat="22.2669940355" lon="113.9140246593"><ele>496.000</ele></trkpt>
      <trkpt lat="22.2669797719" lon="113.9140696094"><ele>494.000</ele></trkpt>
      <trkpt lat="22.2669619100" lon="113.9141055817"><ele>496.000</ele></trkpt>
      <trkpt lat="22.2669398709" lon="113.9141441290"><ele>495.000</ele></trkpt>
      <trkpt lat="22.2669148452" lon="113.9141826816"><ele>493.000</ele></trkpt>
      <trkpt lat="22.2668886122" lon="113.9142135352"><ele>493.000</ele></trkpt>
      <trkpt lat="22.2668653462" lon="113.9142321898"><ele>492.000</ele></trkpt>
      <trkpt lat="22.2668408783" lon="113.9142463544"><ele>493.000</ele></trkpt>
      <trkpt lat="22.2668158090" lon="113.9142579529"><ele>493.000</ele></trkpt>
      <trkpt lat="22.2667877487" lon="113.9142669901"><ele>494.000</ele></trkpt>
      <trkpt lat="22.2667578954" lon="113.9142753887"><ele>494.000</ele></trkpt>
      <trkpt lat="22.2667292337" lon="113.9142818598"><ele>493.000</ele></trkpt>
      <trkpt lat="22.2666934030" lon="113.9142877026"><ele>493.000</ele></trkpt>
      <trkpt lat="22.2666689197" lon="113.9142922404"><ele>493.000</ele></trkpt>
      <trkpt lat="22.2666498028" lon="113.9142909927"><ele>493.000</ele></trkpt>
      <trkpt lat="22.2666294830" lon="113.9142846128"><ele>493.000</ele></trkpt>
      <trkpt lat="22.2666109521" lon="113.9142763047"><ele>496.000</ele></trkpt>
      <trkpt lat="22.2665870339" lon="113.9142609467"><ele>496.000</ele></trkpt>
      <trkpt lat="22.2665691054" lon="113.9142558462"><ele>496.000</ele></trkpt>
      <trkpt lat="22.2665511854" lon="113.9142558797"><ele>496.000</ele></trkpt>
      <trkpt lat="22.2665302829" lon="113.9142584857"><ele>496.000</ele></trkpt>
      <trkpt lat="22.2665051928" lon="113.9142572489"><ele>496.000</ele></trkpt>
      <trkpt lat="22.2664754598" lon="113.9142572095"><ele>497.000</ele></trkpt>
      <trkpt lat="22.2664316743" lon="113.9142690575"><ele>498.000</ele></trkpt>
      <trkpt lat="22.2664289320" lon="113.9142697996"><ele>498.000</ele></trkpt>
      <trkpt lat="22.2664254965" lon="113.9142713351"><ele>498.000</ele></trkpt>
      <trkpt lat="22.2664220864" lon="113.9142729345"><ele>498.000</ele></trkpt>
      <trkpt lat="22.2664187036" lon="113.9142745980"><ele>498.000</ele></trkpt>
      <trkpt lat="22.2664153479" lon="113.9142763244"><ele>498.000</ele></trkpt>
      <trkpt lat="22.2664120203" lon="113.9142781139"><ele>495.000</ele></trkpt>
      <trkpt lat="22.2664087226" lon="113.9142799654"><ele>495.000</ele></trkpt>
      <trkpt lat="22.2664054557" lon="113.9142818790"><ele>495.000</ele></trkpt>
      <trkpt lat="22.2664022196" lon="113.9142838526"><ele>495.000</ele></trkpt>
      <trkpt lat="22.2663990171" lon="113.9142858874"><ele>495.000</ele></trkpt>
      <trkpt lat="22.2663958480" lon="113.9142879812"><ele>495.000</ele></trkpt>
      <trkpt lat="22.2663927125" lon="113.9142901341"><ele>495.000</ele></trkpt>
      <trkpt lat="22.2663896131" lon="113.9142923462"><ele>497.000</ele></trkpt>
      <trkpt lat="22.2663865500" lon="113.9142946155"><ele>497.000</ele></trkpt>
      <trkpt lat="22.2663835249" lon="113.9142969419"><ele>497.000</ele></trkpt>
      <trkpt lat="22.2663805369" lon="113.9142993245"><ele>497.000</ele></trkpt>
      <trkpt lat="22.2663775888" lon="113.9143017633"><ele>497.000</ele></trkpt>
      <trkpt lat="22.2663746804" lon="113.9143042564"><ele>497.000</ele></trkpt>
      <trkpt lat="22.2663718128" lon="113.9143068047"><ele>497.000</ele></trkpt>
      <trkpt lat="22.2663689877" lon="113.9143094053"><ele>497.000</ele></trkpt>
      <trkpt lat="22.2663662052" lon="113.9143120592"><ele>497.000</ele></trkpt>
      <trkpt lat="22.2663634652" lon="113.9143147645"><ele>497.000</ele></trkpt>
      <trkpt lat="22.2663607704" lon="113.9143175201"><ele>497.000</ele></trkpt>
      <trkpt lat="22.2663581208" lon="113.9143203270"><ele>497.000</ele></trkpt>
      <trkpt lat="22.2663555174" lon="113.9143231824"><ele>497.000</ele></trkpt>
      <trkpt lat="22.2663529601" lon="113.9143260862"><ele>494.000</ele></trkpt>
      <trkpt lat="22.2663504508" lon="113.9143290384"><ele>494.000</ele></trkpt>
      <trkpt lat="22.2663479894" lon="113.9143320361"><ele>494.000</ele></trkpt>
      <trkpt lat="22.2663455777" lon="113.9143350803"><ele>494.000</ele></trkpt>
      <trkpt lat="22.2663432158" lon="113.9143381691"><ele>496.000</ele></trkpt>
      <trkpt lat="22.2663409036" lon="113.9143413014"><ele>496.000</ele></trkpt>
      <trkpt lat="22.2663386439" lon="113.9143444763"><ele>496.000</ele></trkpt>
      <trkpt lat="22.2663372664" lon="113.9143465251"><ele>496.000</ele></trkpt>
      <trkpt lat="22.2663358555" lon="113.9143485487"><ele>496.000</ele></trkpt>
      <trkpt lat="22.2663344120" lon="113.9143505452"><ele>496.000</ele></trkpt>
      <trkpt lat="22.2663329369" lon="113.9143525136"><ele>496.000</ele></trkpt>
      <trkpt lat="22.2663314292" lon="113.9143544549"><ele>496.000</ele></trkpt>
      <trkpt lat="22.2663298908" lon="113.9143563672"><ele>496.000</ele></trkpt>
      <trkpt lat="22.2663283216" lon="113.9143582504"><ele>496.000</ele></trkpt>
      <trkpt lat="22.2663267216" lon="113.9143601036"><ele>496.000</ele></trkpt>
      <trkpt lat="22.2663250928" lon="113.9143619268"><ele>496.000</ele></trkpt>
      <trkpt lat="22.2663234340" lon="113.9143637190"><ele>496.000</ele></trkpt>
      <trkpt lat="22.2663217455" lon="113.9143654802"><ele>496.000</ele></trkpt>
      <trkpt lat="22.2663200297" lon="113.9143672094"><ele>496.000</ele></trkpt>
      <trkpt lat="22.2663182860" lon="113.9143689057"><ele>496.000</ele></trkpt>
      <trkpt lat="22.2663165141" lon="113.9143705700"><ele>496.000</ele></trkpt>
      <trkpt lat="22.2663147161" lon="113.9143721994"><ele>496.000</ele></trkpt>
      <trkpt lat="22.2663128927" lon="113.9143737960"><ele>496.000</ele></trkpt>
      <trkpt lat="22.2663110421" lon="113.9143753576"><ele>493.000</ele></trkpt>
      <trkpt lat="22.2663091671" lon="113.9143768843"><ele>493.000</ele></trkpt>
      <trkpt lat="22.2663072677" lon="113.9143783762"><ele>493.000</ele></trkpt>
      <trkpt lat="22.2663053447" lon="113.9143798322"><ele>493.000</ele></trkpt>
      <trkpt lat="22.2663033982" lon="113.9143812514"><ele>493.000</ele></trkpt>
      <trkpt lat="22.2663014282" lon="113.9143826337"><ele>493.000</ele></trkpt>
      <trkpt lat="22.2662994364" lon="113.9143839793"><ele>495.000</ele></trkpt>
      <trkpt lat="22.2662974229" lon="113.9143852870"><ele>495.000</ele></trkpt>
      <trkpt lat="22.2662953894" lon="113.9143865579"><ele>495.000</ele></trkpt>
      <trkpt lat="22.2662933343" lon="113.9143877891"><ele>495.000</ele></trkpt>
      <trkpt lat="22.2662912600" lon="113.9143889824"><ele>495.000</ele></trkpt>
      <trkpt lat="22.2662891668" lon="113.9143901361"><ele>495.000</ele></trkpt>
      <trkpt lat="22.2662870555" lon="113.9143912509"><ele>495.000</ele></trkpt>
      <trkpt lat="22.2662849260" lon="113.9143923250"><ele>495.000</ele></trkpt>
      <trkpt lat="22.2662827793" lon="113.9143933594"><ele>495.000</ele></trkpt>
      <trkpt lat="22.2662762467" lon="113.9143962764"><ele>495.000</ele></trkpt>
      <trkpt lat="22.2662696680" lon="113.9143990703"><ele>495.000</ele></trkpt>
      <trkpt lat="22.2662630438" lon="113.9144017401"><ele>495.000</ele></trkpt>
      <trkpt lat="22.2662563779" lon="113.9144042858"><ele>495.000</ele></trkpt>
      <trkpt lat="22.2662496721" lon="113.9144067054"><ele>496.000</ele></trkpt>
      <trkpt lat="22.2662429273" lon="113.9144090000"><ele>496.000</ele></trkpt>
      <trkpt lat="22.2662361470" lon="113.9144111665"><ele>496.000</ele></trkpt>
      <trkpt lat="22.2662293313" lon="113.9144132070"><ele>496.000</ele></trkpt>
      <trkpt lat="22.2662224847" lon="113.9144151185"><ele>496.000</ele></trkpt>
      <trkpt lat="22.2662112408" lon="113.9144179628"><ele>496.000</ele></trkpt>
      <trkpt lat="22.2661664704" lon="113.9144242633"><ele>493.000</ele></trkpt>
      <trkpt lat="22.2661369920" lon="113.9144284118"><ele>494.000</ele></trkpt>
      <trkpt lat="22.2660920629" lon="113.9144235877"><ele>494.000</ele></trkpt>
      <trkpt lat="22.2660541057" lon="113.9144195122"><ele>498.000</ele></trkpt>
      <trkpt lat="22.2660102203" lon="113.9144080991"><ele>498.000</ele></trkpt>
      <trkpt lat="22.2659964917" lon="113.9144045288"><ele>498.000</ele></trkpt>
      <trkpt lat="22.2659520979" lon="113.9143956709"><ele>497.000</ele></trkpt>
      <trkpt lat="22.2659515301" lon="113.9143955576"><ele>497.000</ele></trkpt>
      <trkpt lat="22.2659066605" lon="113.9143901331"><ele>496.000</ele></trkpt>
      <trkpt lat="22.2658617908" lon="113.9143847086"><ele>494.000</ele></trkpt>
      <trkpt lat="22.2658531877" lon="113.9143836685"><ele>494.000</ele></trkpt>
      <trkpt lat="22.2658096721" lon="113.9143966131"><ele>493.000</ele></trkpt>
      <trkpt lat="22.2657970300" lon="113.9144003737"><ele>495.000</ele></trkpt>
      <trkpt lat="22.2657585428" lon="113.9144257415"><ele>492.000</ele></trkpt>
      <trkpt lat="22.2657200556" lon="113.9144511092"><ele>496.000</ele></trkpt>
      <trkpt lat="22.2656960059" lon="113.9144669609"><ele>500.000</ele></trkpt>
      <trkpt lat="22.2656613079" lon="113.9144980031"><ele>501.000</ele></trkpt>
      <trkpt lat="22.2656300839" lon="113.9145259372"><ele>498.000</ele></trkpt>
      <trkpt lat="22.2656060506" lon="113.9145670054"><ele>499.000</ele></trkpt>
      <trkpt lat="22.2655820172" lon="113.9146080735"><ele>497.000</ele></trkpt>
      <trkpt lat="22.2655761548" lon="113.9146180911"><ele>499.000</ele></trkpt>
      <trkpt lat="22.2655506627" lon="113.9146581311"><ele>498.000</ele></trkpt>
      <trkpt lat="22.2655251706" lon="113.9146981710"><ele>500.000</ele></trkpt>
      <trkpt lat="22.2655117062" lon="113.9147193194"><ele>498.000</ele></trkpt>
      <trkpt lat="22.2654775976" lon="113.9147511067"><ele>502.000</ele></trkpt>
      <trkpt lat="22.2654434891" lon="113.9147828939"><ele>500.000</ele></trkpt>
      <trkpt lat="22.2654160021" lon="113.9148085102"><ele>504.000</ele></trkpt>
      <trkpt lat="22.2653924493" lon="113.9148151408"><ele>504.000</ele></trkpt>
      <trkpt lat="22.2653684324" lon="113.9148273916"><ele>504.000</ele></trkpt>
      <trkpt lat="22.2653513874" lon="113.9148419970"><ele>507.000</ele></trkpt>
      <trkpt lat="22.2653362291" lon="113.9148601813"><ele>507.000</ele></trkpt>
      <trkpt lat="22.2653093904" lon="113.9148859017"><ele>505.000</ele></trkpt>
      <trkpt lat="22.2652769892" lon="113.9149196879"><ele>505.000</ele></trkpt>
      <trkpt lat="22.2652730140" lon="113.9149238331"><ele>505.000</ele></trkpt>
      <trkpt lat="22.2652385394" lon="113.9149551611"><ele>508.000</ele></trkpt>
      <trkpt lat="22.2652312615" lon="113.9149617746"><ele>505.000</ele></trkpt>
      <trkpt lat="22.2651956060" lon="113.9149915379"><ele>508.000</ele></trkpt>
      <trkpt lat="22.2651942764" lon="113.9149926478"><ele>508.000</ele></trkpt>
      <trkpt lat="22.2651632604" lon="113.9150209429"><ele>505.000</ele></trkpt>
      <trkpt lat="22.2651364177" lon="113.9150440960"><ele>505.000</ele></trkpt>
      <trkpt lat="22.2651203103" lon="113.9150569612"><ele>502.000</ele></trkpt>
      <trkpt lat="22.2651047992" lon="113.9150691835"><ele>502.000</ele></trkpt>
      <trkpt lat="22.2650791303" lon="113.9150794992"><ele>502.000</ele></trkpt>
      <trkpt lat="22.2650510640" lon="113.9150846856"><ele>502.000</ele></trkpt>
      <trkpt lat="22.2650188100" lon="113.9150860292"><ele>503.000</ele></trkpt>
      <trkpt lat="22.2649736621" lon="113.9150867512"><ele>503.000</ele></trkpt>
      <trkpt lat="22.2649734135" lon="113.9150867551"><ele>503.000</ele></trkpt>
      <trkpt lat="22.2649351892" lon="113.9150900352"><ele>503.000</ele></trkpt>
      <trkpt lat="22.2649029404" lon="113.9150945873"><ele>503.000</ele></trkpt>
      <trkpt lat="22.2648760592" lon="113.9150939957"><ele>503.000</ele></trkpt>
      <trkpt lat="22.2648426064" lon="113.9150927743"><ele>502.000</ele></trkpt>
      <trkpt lat="22.2648031709" lon="113.9150857884"><ele>501.000</ele></trkpt>
      <trkpt lat="22.2647673255" lon="113.9150826463"><ele>501.000</ele></trkpt>
      <trkpt lat="22.2647392447" lon="113.9150788478"><ele>499.000</ele></trkpt>
      <trkpt lat="22.2647087619" lon="113.9150673529"><ele>499.000</ele></trkpt>
      <trkpt lat="22.2646842495" lon="113.9150539217"><ele>502.000</ele></trkpt>
      <trkpt lat="22.2646593393" lon="113.9150348643"><ele>502.000</ele></trkpt>
      <trkpt lat="22.2646530550" lon="113.9150337680"><ele>502.000</ele></trkpt>
      <trkpt lat="22.2646467537" lon="113.9150327902"><ele>502.000</ele></trkpt>
      <trkpt lat="22.2646404372" lon="113.9150319297"><ele>502.000</ele></trkpt>
      <trkpt lat="22.2646341083" lon="113.9150311876"><ele>502.000</ele></trkpt>
      <trkpt lat="22.2646277678" lon="113.9150305649"><ele>502.000</ele></trkpt>
      <trkpt lat="22.2646214185" lon="113.9150300615"><ele>502.000</ele></trkpt>
      <trkpt lat="22.2646150621" lon="113.9150296765"><ele>502.000</ele></trkpt>
      <trkpt lat="22.2646086997" lon="113.9150294109"><ele>502.000</ele></trkpt>
      <trkpt lat="22.2646023347" lon="113.9150292646"><ele>502.000</ele></trkpt>
      <trkpt lat="22.2645959681" lon="113.9150292376"><ele>502.000</ele></trkpt>
      <trkpt lat="22.2645896017" lon="113.9150293309"><ele>502.000</ele></trkpt>
      <trkpt lat="22.2645832381" lon="113.9150295426"><ele>502.000</ele></trkpt>
      <trkpt lat="22.2645768793" lon="113.9150298737"><ele>502.000</ele></trkpt>
      <trkpt lat="22.2645661199" lon="113.9150307193"><ele>502.000</ele></trkpt>
      <trkpt lat="22.2645553751" lon="113.9150317668"><ele>502.000</ele></trkpt>
      <trkpt lat="22.2645446497" lon="113.9150330150"><ele>502.000</ele></trkpt>
      <trkpt lat="22.2645339463" lon="113.9150344640"><ele>501.000</ele></trkpt>
      <trkpt lat="22.2645232676" lon="113.9150361138"><ele>501.000</ele></trkpt>
      <trkpt lat="22.2645126181" lon="113.9150379644"><ele>501.000</ele></trkpt>
      <trkpt lat="22.2645019996" lon="113.9150400139"><ele>501.000</ele></trkpt>
      <trkpt lat="22.2644914158" lon="113.9150422612"><ele>500.000</ele></trkpt>
      <trkpt lat="22.2644808702" lon="113.9150447073"><ele>500.000</ele></trkpt>
      <trkpt lat="22.2644703664" lon="113.9150473512"><ele>500.000</ele></trkpt>
      <trkpt lat="22.2644495497" lon="113.9150532772"><ele>501.000</ele></trkpt>
      <trkpt lat="22.2644305725" lon="113.9150592424"><ele>496.000</ele></trkpt>
      <trkpt lat="22.2644117978" lon="113.9150664782"><ele>496.000</ele></trkpt>
      <trkpt lat="22.2643931892" lon="113.9150747751"><ele>498.000</ele></trkpt>
      <trkpt lat="22.2643747147" lon="113.9150839227"><ele>498.000</ele></trkpt>
      <trkpt lat="22.2643563379" lon="113.9150937113"><ele>502.000</ele></trkpt>
      <trkpt lat="22.2643380259" lon="113.9151039326"><ele>502.000</ele></trkpt>
      <trkpt lat="22.2643197440" lon="113.9151143759"><ele>497.000</ele></trkpt>
      <trkpt lat="22.2643014577" lon="113.9151248329"><ele>500.000</ele></trkpt>
      <trkpt lat="22.2642831331" lon="113.9151350920"><ele>500.000</ele></trkpt>
      <trkpt lat="22.2642647356" lon="113.9151449457"><ele>502.000</ele></trkpt>
      <trkpt lat="22.2642462305" lon="113.9151541835"><ele>502.000</ele></trkpt>
      <trkpt lat="22.2642275711" lon="113.9151628899"><ele>498.000</ele></trkpt>
      <trkpt lat="22.2642087532" lon="113.9151713230"><ele>499.000</ele></trkpt>
      <trkpt lat="22.2641898076" lon="113.9151795381"><ele>499.000</ele></trkpt>
      <trkpt lat="22.2641707660" lon="113.9151875884"><ele>499.000</ele></trkpt>
      <trkpt lat="22.2641516611" lon="113.9151955272"><ele>499.000</ele></trkpt>
      <trkpt lat="22.2641325235" lon="113.9152034069"><ele>500.000</ele></trkpt>
      <trkpt lat="22.2641133850" lon="113.9152112827"><ele>500.000</ele></trkpt>
      <trkpt lat="22.2640942773" lon="113.9152192070"><ele>500.000</ele></trkpt>
      <trkpt lat="22.2640752312" lon="113.9152272340"><ele>503.000</ele></trkpt>
      <trkpt lat="22.2640562801" lon="113.9152354170"><ele>503.000</ele></trkpt>
      <trkpt lat="22.2640374540" lon="113.9152438103"><ele>506.000</ele></trkpt>
      <trkpt lat="22.2640187855" lon="113.9152524653"><ele>502.000</ele></trkpt>
      <trkpt lat="22.2640003062" lon="113.9152614372"><ele>502.000</ele></trkpt>
      <trkpt lat="22.2639820460" lon="113.9152707793"><ele>504.000</ele></trkpt>
      <trkpt lat="22.2639640385" lon="113.9152805449"><ele>504.000</ele></trkpt>
      <trkpt lat="22.2639463144" lon="113.9152907873"><ele>506.000</ele></trkpt>
      <trkpt lat="22.2639289054" lon="113.9153015608"><ele>501.000</ele></trkpt>
      <trkpt lat="22.2639118550" lon="113.9153129352"><ele>501.000</ele></trkpt>
      <trkpt lat="22.2638953053" lon="113.9153251285"><ele>503.000</ele></trkpt>
      <trkpt lat="22.2638792400" lon="113.9153381125"><ele>503.000</ele></trkpt>
      <trkpt lat="22.2638635940" lon="113.9153517817"><ele>497.000</ele></trkpt>
      <trkpt lat="22.2638483028" lon="113.9153660343"><ele>498.000</ele></trkpt>
      <trkpt lat="22.2638332997" lon="113.9153807666"><ele>498.000</ele></trkpt>
      <trkpt lat="22.2638185210" lon="113.9153958749"><ele>498.000</ele></trkpt>
      <trkpt lat="22.2638039009" lon="113.9154112556"><ele>496.000</ele></trkpt>
      <trkpt lat="22.2637893740" lon="113.9154268049"><ele>496.000</ele></trkpt>
      <trkpt lat="22.2637748752" lon="113.9154424211"><ele>496.000</ele></trkpt>
      <trkpt lat="22.2637603394" lon="113.9154579985"><ele>498.000</ele></trkpt>
      <trkpt lat="22.2637457012" lon="113.9154734355"><ele>498.000</ele></trkpt>
      <trkpt lat="22.2637308957" lon="113.9154886273"><ele>498.000</ele></trkpt>
      <trkpt lat="22.2637158565" lon="113.9155034712"><ele>500.000</ele></trkpt>
      <trkpt lat="22.2637005204" lon="113.9155178636"><ele>500.000</ele></trkpt>
      <trkpt lat="22.2636848213" lon="113.9155317016"><ele>500.000</ele></trkpt>
      <trkpt lat="22.2636688000" lon="113.9155450630"><ele>500.000</ele></trkpt>
      <trkpt lat="22.2636526366" lon="113.9155582586"><ele>500.000</ele></trkpt>
      <trkpt lat="22.2636363429" lon="113.9155712974"><ele>502.000</ele></trkpt>
      <trkpt lat="22.2636199234" lon="113.9155841782"><ele>502.000</ele></trkpt>
      <trkpt lat="22.2636033836" lon="113.9155969011"><ele>500.000</ele></trkpt>
      <trkpt lat="22.2635867288" lon="113.9156094671"><ele>502.000</ele></trkpt>
      <trkpt lat="22.2635699654" lon="113.9156218741"><ele>502.000</ele></trkpt>
      <trkpt lat="22.2635530970" lon="113.9156341232"><ele>502.000</ele></trkpt>
      <trkpt lat="22.2635361308" lon="113.9156462143"><ele>501.000</ele></trkpt>
      <trkpt lat="22.2635190713" lon="113.9156581475"><ele>501.000</ele></trkpt>
      <trkpt lat="22.2635019249" lon="113.9156699217"><ele>502.000</ele></trkpt>
      <trkpt lat="22.2634846952" lon="113.9156815378"><ele>502.000</ele></trkpt>
      <trkpt lat="22.2634673893" lon="113.9156929951"><ele>500.000</ele></trkpt>
      <trkpt lat="22.2634500119" lon="113.9157042923"><ele>501.000</ele></trkpt>
      <trkpt lat="22.2634325682" lon="113.9157154326"><ele>501.000</ele></trkpt>
      <trkpt lat="22.2634150394" lon="113.9157264216"><ele>501.000</ele></trkpt>
      <trkpt lat="22.2633974147" lon="113.9157372711"><ele>501.000</ele></trkpt>
      <trkpt lat="22.2633796986" lon="113.9157479829"><ele>499.000</ele></trkpt>
      <trkpt lat="22.2633618982" lon="113.9157585592"><ele>499.000</ele></trkpt>
      <trkpt lat="22.2633440191" lon="113.9157690045"><ele>499.000</ele></trkpt>
      <trkpt lat="22.2633260666" lon="113.9157793200"><ele>499.000</ele></trkpt>
      <trkpt lat="22.2633080471" lon="113.9157895095"><ele>497.000</ele></trkpt>
      <trkpt lat="22.2632899669" lon="113.9157995759"><ele>497.000</ele></trkpt>
      <trkpt lat="22.2632718304" lon="113.9158095221"><ele>499.000</ele></trkpt>
      <trkpt lat="22.2632536451" lon="113.9158193510"><ele>499.000</ele></trkpt>
      <trkpt lat="22.2632354162" lon="113.9158290645"><ele>499.000</ele></trkpt>
      <trkpt lat="22.2632171501" lon="113.9158386675"><ele>497.000</ele></trkpt>
      <trkpt lat="22.2631988513" lon="113.9158481609"><ele>497.000</ele></trkpt>
      <trkpt lat="22.2631805271" lon="113.9158575485"><ele>496.000</ele></trkpt>
      <trkpt lat="22.2631621828" lon="113.9158668334"><ele>496.000</ele></trkpt>
      <trkpt lat="22.2631477870" lon="113.9158740357"><ele>496.000</ele></trkpt>
      <trkpt lat="22.2631125803" lon="113.9158901869"><ele>492.000</ele></trkpt>
      <trkpt lat="22.2630767567" lon="113.9159005215"><ele>492.000</ele></trkpt>
      <trkpt lat="22.2630498931" lon="113.9159108391"><ele>493.000</ele></trkpt>
      <trkpt lat="22.2630301923" lon="113.9159179348"><ele>493.000</ele></trkpt>
      <trkpt lat="22.2630128748" lon="113.9159211756"><ele>493.000</ele></trkpt>
      <trkpt lat="22.2629919723" lon="113.9159237815"><ele>493.000</ele></trkpt>
      <trkpt lat="22.2629680726" lon="113.9159199753"><ele>493.000</ele></trkpt>
      <trkpt lat="22.2629382048" lon="113.9159193889"><ele>494.000</ele></trkpt>
      <trkpt lat="22.2629125183" lon="113.9159187947"><ele>495.000</ele></trkpt>
      <trkpt lat="22.2628922088" lon="113.9159188324"><ele>495.000</ele></trkpt>
      <trkpt lat="22.2628754846" lon="113.9159195052"><ele>495.000</ele></trkpt>
      <trkpt lat="22.2628539847" lon="113.9159221119"><ele>496.000</ele></trkpt>
      <trkpt lat="22.2628342746" lon="113.9159234320"><ele>496.000</ele></trkpt>
      <trkpt lat="22.2628181475" lon="113.9159241037"><ele>497.000</ele></trkpt>
      <trkpt lat="22.2628044130" lon="113.9159266961"><ele>497.000</ele></trkpt>
      <trkpt lat="22.2627906805" lon="113.9159305720"><ele>497.000</ele></trkpt>
      <trkpt lat="22.2627745616" lon="113.9159363777"><ele>493.000</ele></trkpt>
      <trkpt lat="22.2627608261" lon="113.9159383283"><ele>493.000</ele></trkpt>
      <trkpt lat="22.2627482799" lon="113.9159370682"><ele>493.000</ele></trkpt>
      <trkpt lat="22.2627351273" lon="113.9159300332"><ele>499.000</ele></trkpt>
      <trkpt lat="22.2627219745" lon="113.9159229984"><ele>499.000</ele></trkpt>
      <trkpt lat="22.2627118095" lon="113.9159165999"><ele>499.000</ele></trkpt>
      <trkpt lat="22.2626992625" lon="113.9159146978"><ele>499.000</ele></trkpt>
      <trkpt lat="22.2626873168" lon="113.9159153617"><ele>501.000</ele></trkpt>
      <trkpt lat="22.2626765710" lon="113.9159192321"><ele>501.000</ele></trkpt>
      <trkpt lat="22.2626682216" lon="113.9159275903"><ele>501.000</ele></trkpt>
      <trkpt lat="22.2626568887" lon="113.9159378791"><ele>496.000</ele></trkpt>
      <trkpt lat="22.2626449564" lon="113.9159468858"><ele>499.000</ele></trkpt>
      <trkpt lat="22.2626300312" lon="113.9159520475"><ele>499.000</ele></trkpt>
      <trkpt lat="22.2626150999" lon="113.9159533585"><ele>499.000</ele></trkpt>
      <trkpt lat="22.2625953901" lon="113.9159546786"><ele>501.000</ele></trkpt>
      <trkpt lat="22.2625744832" lon="113.9159547173"><ele>501.000</ele></trkpt>
      <trkpt lat="22.2625553736" lon="113.9159579614"><ele>501.000</ele></trkpt>
      <trkpt lat="22.2625243298" lon="113.9159689288"><ele>502.000</ele></trkpt>
      <trkpt lat="22.2624867223" lon="113.9159844004"><ele>499.000</ele></trkpt>
      <trkpt lat="22.2624509122" lon="113.9160030773"><ele>500.000</ele></trkpt>
      <trkpt lat="22.2624151008" lon="113.9160211126"><ele>501.000</ele></trkpt>
      <trkpt lat="22.2623763009" lon="113.9160378697"><ele>497.000</ele></trkpt>
      <trkpt lat="22.2623452579" lon="113.9160494786"><ele>497.000</ele></trkpt>
      <trkpt lat="22.2623148084" lon="113.9160585195"><ele>497.000</ele></trkpt>
      <trkpt lat="22.2622873412" lon="113.9160649880"><ele>497.000</ele></trkpt>
      <trkpt lat="22.2622640440" lon="113.9160643894"><ele>497.000</ele></trkpt>
      <trkpt lat="22.2622455204" lon="113.9160605732"><ele>497.000</ele></trkpt>
      <trkpt lat="22.2622287838" lon="113.9160535449"><ele>497.000</ele></trkpt>
      <trkpt lat="22.2622090490" lon="113.9160394632"><ele>497.000</ele></trkpt>
      <trkpt lat="22.2621935069" lon="113.9160324328"><ele>497.000</ele></trkpt>
      <trkpt lat="22.2621779658" lon="113.9160260440"><ele>501.000</ele></trkpt>
      <trkpt lat="22.2621606411" lon="113.9160247928"><ele>501.000</ele></trkpt>
      <trkpt lat="22.2621439086" lon="113.9160203315"><ele>501.000</ele></trkpt>
      <trkpt lat="22.2621253799" lon="113.9160133067"><ele>501.000</ele></trkpt>
      <trkpt lat="22.2621032620" lon="113.9160030797"><ele>500.000</ele></trkpt>
      <trkpt lat="22.2620727855" lon="113.9159954352"><ele>500.000</ele></trkpt>
      <trkpt lat="22.2620351369" lon="113.9159852372"><ele>501.000</ele></trkpt>
      <trkpt lat="22.2620010784" lon="113.9159788827"><ele>505.000</ele></trkpt>
      <trkpt lat="22.2619682209" lon="113.9159763767"><ele>505.000</ele></trkpt>
      <trkpt lat="22.2619359628" lon="113.9159751529"><ele>505.000</ele></trkpt>
      <trkpt lat="22.2618953378" lon="113.9159713778"><ele>505.000</ele></trkpt>
      <trkpt lat="22.2618559063" lon="113.9159669586"><ele>506.000</ele></trkpt>
      <trkpt lat="22.2618176708" lon="113.9159631790"><ele>506.000</ele></trkpt>
      <trkpt lat="22.2617818161" lon="113.9159542612"><ele>507.000</ele></trkpt>
      <trkpt lat="22.2617525385" lon="113.9159491815"><ele>507.000</ele></trkpt>
      <trkpt lat="22.2617214679" lon="113.9159434633"><ele>507.000</ele></trkpt>
      <trkpt lat="22.2616903950" lon="113.9159364617"><ele>507.000</ele></trkpt>
      <trkpt lat="22.2616575313" lon="113.9159301053"><ele>510.000</ele></trkpt>
      <trkpt lat="22.2616252660" lon="113.9159243893"><ele>510.000</ele></trkpt>
      <trkpt lat="22.2615882302" lon="113.9159238162"><ele>510.000</ele></trkpt>
      <trkpt lat="22.2615643387" lon="113.9159251440"><ele>510.000</ele></trkpt>
      <trkpt lat="22.2615344771" lon="113.9159284080"><ele>511.000</ele></trkpt>
      <trkpt lat="22.2615093952" lon="113.9159323050"><ele>512.000</ele></trkpt>
      <trkpt lat="22.2614825213" lon="113.9159362052"><ele>509.000</ele></trkpt>
      <trkpt lat="22.2614532539" lon="113.9159375430"><ele>509.000</ele></trkpt>
      <trkpt lat="22.2614233840" lon="113.9159356730"><ele>512.000</ele></trkpt>
      <trkpt lat="22.2613929180" lon="113.9159344462"><ele>512.000</ele></trkpt>
      <trkpt lat="22.2613666394" lon="113.9159370618"><ele>510.000</ele></trkpt>
      <trkpt lat="22.2613421598" lon="113.9159441662"><ele>510.000</ele></trkpt>
      <trkpt lat="22.2613158905" lon="113.9159525576"><ele>512.000</ele></trkpt>
      <trkpt lat="22.2612979879" lon="113.9159635005"><ele>512.000</ele></trkpt>
      <trkpt lat="22.2612824788" lon="113.9159770056"><ele>514.000</ele></trkpt>
      <trkpt lat="22.2612675681" lon="113.9159911517"><ele>511.000</ele></trkpt>
      <trkpt lat="22.2612556442" lon="113.9160052920"><ele>511.000</ele></trkpt>
      <trkpt lat="22.2612455182" lon="113.9160232796"><ele>513.000</ele></trkpt>
      <trkpt lat="22.2612342069" lon="113.9160470449"><ele>512.000</ele></trkpt>
      <trkpt lat="22.2612205033" lon="113.9160688894"><ele>512.000</ele></trkpt>
      <trkpt lat="22.2612062054" lon="113.9160926602"><ele>510.000</ele></trkpt>
      <trkpt lat="22.2611930826" lon="113.9161042358"><ele>511.000</ele></trkpt>
      <trkpt lat="22.2611733808" lon="113.9161106899"><ele>511.000</ele></trkpt>
      <trkpt lat="22.2611536697" lon="113.9161113679"><ele>511.000</ele></trkpt>
      <trkpt lat="22.2611339547" lon="113.9161094793"><ele>511.000</ele></trkpt>
      <trkpt lat="22.2610998972" lon="113.9161037666"><ele>511.000</ele></trkpt>
      <trkpt lat="22.2610718079" lon="113.9160948345"><ele>511.000</ele></trkpt>
      <trkpt lat="22.2610425210" lon="113.9160839790"><ele>510.000</ele></trkpt>
      <trkpt lat="22.2610084564" lon="113.9160737743"><ele>512.000</ele></trkpt>
      <trkpt lat="22.2609785764" lon="113.9160654871"><ele>512.000</ele></trkpt>
      <trkpt lat="22.2609558777" lon="113.9160655291"><ele>512.000</ele></trkpt>
      <trkpt lat="22.2609319841" lon="113.9160655734"><ele>512.000</ele></trkpt>
      <trkpt lat="22.2609039053" lon="113.9160630585"><ele>511.000</ele></trkpt>
      <trkpt lat="22.2608710396" lon="113.9160554185"><ele>510.000</ele></trkpt>
      <trkpt lat="22.2608399646" lon="113.9160471335"><ele>510.000</ele></trkpt>
      <trkpt lat="22.2608112751" lon="113.9160362769"><ele>509.000</ele></trkpt>
      <trkpt lat="22.2607736172" lon="113.9160203034"><ele>510.000</ele></trkpt>
      <trkpt lat="22.2607461190" lon="113.9160075196"><ele>508.000</ele></trkpt>
      <trkpt lat="22.2607150341" lon="113.9159928170"><ele>508.000</ele></trkpt>
      <trkpt lat="22.2606821477" lon="113.9159723425"><ele>509.000</ele></trkpt>
      <trkpt lat="22.2606642068" lon="113.9159595410"><ele>509.000</ele></trkpt>
      <trkpt lat="22.2606462487" lon="113.9159358300"><ele>508.000</ele></trkpt>
      <trkpt lat="22.2606330641" lon="113.9159089015"><ele>508.000</ele></trkpt>
      <trkpt lat="22.2606258477" lon="113.9158787531"><ele>510.000</ele></trkpt>
      <trkpt lat="22.2606234046" lon="113.9158453874"><ele>510.000</ele></trkpt>
      <trkpt lat="22.2606209720" lon="113.9158184387"><ele>511.000</ele></trkpt>
      <trkpt lat="22.2606137617" lon="113.9157921410"><ele>511.000</ele></trkpt>
      <trkpt lat="22.2606047666" lon="113.9157703385"><ele>509.000</ele></trkpt>
      <trkpt lat="22.2605933862" lon="113.9157511075"><ele>509.000</ele></trkpt>
      <trkpt lat="22.2605814129" lon="113.9157344445"><ele>511.000</ele></trkpt>
      <trkpt lat="22.2605658522" lon="113.9157158630"><ele>508.000</ele></trkpt>
      <trkpt lat="22.2605461194" lon="113.9157030648"><ele>508.000</ele></trkpt>
      <trkpt lat="22.2605251880" lon="113.9156877020"><ele>511.000</ele></trkpt>
      <trkpt lat="22.2605090372" lon="113.9156736139"><ele>509.000</ele></trkpt>
      <trkpt lat="22.2604976631" lon="113.9156582333"><ele>509.000</ele></trkpt>
      <trkpt lat="22.2604838832" lon="113.9156325893"><ele>510.000</ele></trkpt>
      <trkpt lat="22.2604772692" lon="113.9156056487"><ele>508.000</ele></trkpt>
      <trkpt lat="22.2604724419" lon="113.9155754961"><ele>508.000</ele></trkpt>
      <trkpt lat="22.2604729795" lon="113.9155382743"><ele>509.000</ele></trkpt>
      <trkpt lat="22.2604741185" lon="113.9155036185"><ele>509.000</ele></trkpt>
      <trkpt lat="22.2604734592" lon="113.9154651153"><ele>509.000</ele></trkpt>
      <trkpt lat="22.2604662416" lon="113.9154343254"><ele>511.000</ele></trkpt>
      <trkpt lat="22.2604572340" lon="113.9154048221"><ele>511.000</ele></trkpt>
      <trkpt lat="22.2604434623" lon="113.9153843123"><ele>512.000</ele></trkpt>
      <trkpt lat="22.2604219128" lon="113.9153561159"><ele>510.000</ele></trkpt>
      <trkpt lat="22.2604003724" lon="113.9153336950"><ele>512.000</ele></trkpt>
      <trkpt lat="22.2603842177" lon="113.9153170401"><ele>510.000</ele></trkpt>
      <trkpt lat="22.2603608998" lon="113.9153036068"><ele>513.000</ele></trkpt>
      <trkpt lat="22.2603375737" lon="113.9152850399"><ele>511.000</ele></trkpt>
      <trkpt lat="22.2603148440" lon="113.9152658298"><ele>511.000</ele></trkpt>
      <trkpt lat="22.2602933058" lon="113.9152446927"><ele>511.000</ele></trkpt>
      <trkpt lat="22.2602669766" lon="113.9152158635"><ele>511.000</ele></trkpt>
      <trkpt lat="22.2602454343" lon="113.9151921593"><ele>511.000</ele></trkpt>
      <trkpt lat="22.2602268828" lon="113.9151710164"><ele>511.000</ele></trkpt>
      <trkpt lat="22.2602113190" lon="113.9151505100"><ele>514.000</ele></trkpt>
      <trkpt lat="22.2602011364" lon="113.9151332020"><ele>510.000</ele></trkpt>
      <trkpt lat="22.2601927427" lon="113.9151139656"><ele>510.000</ele></trkpt>
      <trkpt lat="22.2601837383" lon="113.9150863877"><ele>512.000</ele></trkpt>
      <trkpt lat="22.2601741519" lon="113.9150684368"><ele>512.000</ele></trkpt>
      <trkpt lat="22.2601555952" lon="113.9150440853"><ele>512.000</ele></trkpt>
      <trkpt lat="22.2601394249" lon="113.9150178044"><ele>512.000</ele></trkpt>
      <trkpt lat="22.2601232585" lon="113.9149940902"><ele>514.000</ele></trkpt>
      <trkpt lat="22.2601058903" lon="113.9149658862"><ele>513.000</ele></trkpt>
      <trkpt lat="22.2600921113" lon="113.9149408841"><ele>513.000</ele></trkpt>
      <trkpt lat="22.2600813187" lon="113.9149158767"><ele>515.000</ele></trkpt>
      <trkpt lat="22.2600681371" lon="113.9148908734"><ele>513.000</ele></trkpt>
      <trkpt lat="22.2600579504" lon="113.9148709986"><ele>514.000</ele></trkpt>
      <trkpt lat="22.2600375995" lon="113.9148453670"><ele>514.000</ele></trkpt>
      <trkpt lat="22.2600214416" lon="113.9148267868"><ele>511.000</ele></trkpt>
      <trkpt lat="22.2600046757" lon="113.9148017903"><ele>512.000</ele></trkpt>
      <trkpt lat="22.2599920830" lon="113.9147716523"><ele>514.000</ele></trkpt>
      <trkpt lat="22.2599806851" lon="113.9147415119"><ele>514.000</ele></trkpt>
      <trkpt lat="22.2599698698" lon="113.9147023863"><ele>514.000</ele></trkpt>
      <trkpt lat="22.2599572710" lon="113.9146683979"><ele>517.000</ele></trkpt>
      <trkpt lat="22.2599488875" lon="113.9146555788"><ele>517.000</ele></trkpt>
      <trkpt lat="22.2599369232" lon="113.9146446916"><ele>517.000</ele></trkpt>
      <trkpt lat="22.2599255655" lon="113.9146395788"><ele>517.000</ele></trkpt>
      <trkpt lat="22.2599118258" lon="113.9146389627"><ele>517.000</ele></trkpt>
      <trkpt lat="22.2598939110" lon="113.9146422046"><ele>517.000</ele></trkpt>
      <trkpt lat="22.2598712236" lon="113.9146493062"><ele>516.000</ele></trkpt>
      <trkpt lat="22.2598491429" lon="113.9146621818"><ele>516.000</ele></trkpt>
      <trkpt lat="22.2598181062" lon="113.9146776414"><ele>512.000</ele></trkpt>
      <trkpt lat="22.2597924384" lon="113.9146885986"><ele>511.000</ele></trkpt>
      <trkpt lat="22.2597673679" lon="113.9146995547"><ele>511.000</ele></trkpt>
      <trkpt lat="22.2597405147" lon="113.9147162898"><ele>512.000</ele></trkpt>
      <trkpt lat="22.2597190283" lon="113.9147272392"><ele>509.000</ele></trkpt>
      <trkpt lat="22.2596975491" lon="113.9147426808"><ele>511.000</ele></trkpt>
      <trkpt lat="22.2596844347" lon="113.9147593903"><ele>511.000</ele></trkpt>
      <trkpt lat="22.2596611820" lon="113.9147863863"><ele>511.000</ele></trkpt>
      <trkpt lat="22.2596391189" lon="113.9148101715"><ele>511.000</ele></trkpt>
      <trkpt lat="22.2596158642" lon="113.9148358842"><ele>511.000</ele></trkpt>
      <trkpt lat="22.2595967918" lon="113.9148622306"><ele>511.000</ele></trkpt>
      <trkpt lat="22.2595842821" lon="113.9148834312"><ele>509.000</ele></trkpt>
      <trkpt lat="22.2595705846" lon="113.9149091261"><ele>511.000</ele></trkpt>
      <trkpt lat="22.2595545073" lon="113.9149406008"><ele>509.000</ele></trkpt>
      <trkpt lat="22.2595414093" lon="113.9149675779"><ele>509.000</ele></trkpt>
      <trkpt lat="22.2595259323" lon="113.9150009766"><ele>509.000</ele></trkpt>
      <trkpt lat="22.2595140385" lon="113.9150337272"><ele>507.000</ele></trkpt>
      <trkpt lat="22.2595039363" lon="113.9150664744"><ele>505.000</ele></trkpt>
      <trkpt lat="22.2594932339" lon="113.9150972973"><ele>505.000</ele></trkpt>
      <trkpt lat="22.2594849055" lon="113.9151184901"><ele>503.000</ele></trkpt>
      <trkpt lat="22.2594718002" lon="113.9151409750"><ele>504.000</ele></trkpt>
      <trkpt lat="22.2594604766" lon="113.9151570393"><ele>504.000</ele></trkpt>
      <trkpt lat="22.2594473581" lon="113.9151711820"><ele>502.000</ele></trkpt>
      <trkpt lat="22.2594342321" lon="113.9151808322"><ele>502.000</ele></trkpt>
      <trkpt lat="22.2594216923" lon="113.9151834226"><ele>502.000</ele></trkpt>
      <trkpt lat="22.2594079534" lon="113.9151834481"><ele>502.000</ele></trkpt>
      <trkpt lat="22.2593954095" lon="113.9151834714"><ele>502.000</ele></trkpt>
      <trkpt lat="22.2593846492" lon="113.9151783575"><ele>502.000</ele></trkpt>
      <trkpt lat="22.2593714871" lon="113.9151655473"><ele>502.000</ele></trkpt>
      <trkpt lat="22.2593505525" lon="113.9151482593"><ele>504.000</ele></trkpt>
      <trkpt lat="22.2593302182" lon="113.9151328956"><ele>503.000</ele></trkpt>
      <trkpt lat="22.2593056965" lon="113.9151136893"><ele>504.000</ele></trkpt>
      <trkpt lat="22.2592853552" lon="113.9150938334"><ele>502.000</ele></trkpt>
      <trkpt lat="22.2592626213" lon="113.9150720570"><ele>502.000</ele></trkpt>
      <trkpt lat="22.2592386905" lon="113.9150489989"><ele>502.000</ele></trkpt>
      <trkpt lat="22.2592213472" lon="113.9150361967"><ele>502.000</ele></trkpt>
      <trkpt lat="22.2592046010" lon="113.9150233932"><ele>501.000</ele></trkpt>
      <trkpt lat="22.2591866624" lon="113.9150118754"><ele>503.000</ele></trkpt>
      <trkpt lat="22.2591711119" lon="113.9149997115"><ele>503.000</ele></trkpt>
      <trkpt lat="22.2591549551" lon="113.9149817729"><ele>501.000</ele></trkpt>
      <trkpt lat="22.2591381996" lon="113.9149631940"><ele>503.000</ele></trkpt>
      <trkpt lat="22.2591196449" lon="113.9149401262"><ele>500.000</ele></trkpt>
      <trkpt lat="22.2590969110" lon="113.9149183496"><ele>502.000</ele></trkpt>
      <trkpt lat="22.2590813608" lon="113.9149061856"><ele>502.000</ele></trkpt>
      <trkpt lat="22.2590640245" lon="113.9148978756"><ele>500.000</ele></trkpt>
      <trkpt lat="22.2590454947" lon="113.9148902093"><ele>500.000</ele></trkpt>
      <trkpt lat="22.2590239710" lon="113.9148780565"><ele>498.000</ele></trkpt>
      <trkpt lat="22.2590030343" lon="113.9148594851"><ele>500.000</ele></trkpt>
      <trkpt lat="22.2589862850" lon="113.9148447565"><ele>500.000</ele></trkpt>
      <trkpt lat="22.2589677541" lon="113.9148364485"><ele>499.000</ele></trkpt>
      <trkpt lat="22.2589438536" lon="113.9148320008"><ele>499.000</ele></trkpt>
      <trkpt lat="22.2589211507" lon="113.9148294762"><ele>498.000</ele></trkpt>
      <trkpt lat="22.2588948679" lon="113.9148295252"><ele>497.000</ele></trkpt>
      <trkpt lat="22.2588763495" lon="113.9148289179"><ele>497.000</ele></trkpt>
      <trkpt lat="22.2588631976" lon="113.9148225251"><ele>499.000</ele></trkpt>
      <trkpt lat="22.2588410755" lon="113.9148097317"><ele>498.000</ele></trkpt>
      <trkpt lat="22.2588183511" lon="113.9147937307"><ele>498.000</ele></trkpt>
      <trkpt lat="22.2587944307" lon="113.9147770902"><ele>496.000</ele></trkpt>
      <trkpt lat="22.2587705040" lon="113.9147565994"><ele>499.000</ele></trkpt>
      <trkpt lat="22.2587531627" lon="113.9147450806"><ele>497.000</ele></trkpt>
      <trkpt lat="22.2587358297" lon="113.9147386957"><ele>497.000</ele></trkpt>
      <trkpt lat="22.2587047485" lon="113.9147265607"><ele>500.000</ele></trkpt>
      <trkpt lat="22.2586784481" lon="113.9147157003"><ele>500.000</ele></trkpt>
      <trkpt lat="22.2586635137" lon="113.9147150863"><ele>499.000</ele></trkpt>
      <trkpt lat="22.2586444074" lon="113.9147202556"><ele>499.000</ele></trkpt>
      <trkpt lat="22.2586259014" lon="113.9147273492"><ele>499.000</ele></trkpt>
      <trkpt lat="22.2586073944" lon="113.9147338008"><ele>496.000</ele></trkpt>
      <trkpt lat="22.2585912673" lon="113.9147344726"><ele>496.000</ele></trkpt>
      <trkpt lat="22.2585685654" lon="113.9147325896"><ele>494.000</ele></trkpt>
      <trkpt lat="22.2585404793" lon="113.9147255829"><ele>497.000</ele></trkpt>
      <trkpt lat="22.2585153745" lon="113.9147153621"><ele>496.000</ele></trkpt>
      <trkpt lat="22.2584920631" lon="113.9147057795"><ele>496.000</ele></trkpt>
      <trkpt lat="22.2584633721" lon="113.9146942818"><ele>495.000</ele></trkpt>
      <trkpt lat="22.2584466407" lon="113.9146904626"><ele>495.000</ele></trkpt>
      <trkpt lat="22.2584239429" lon="113.9146911467"><ele>495.000</ele></trkpt>
      <trkpt lat="22.2583970648" lon="113.9146924802"><ele>495.000</ele></trkpt>
      <trkpt lat="22.2583737792" lon="113.9146989408"><ele>495.000</ele></trkpt>
      <trkpt lat="22.2583373499" lon="113.9147041425"><ele>495.000</ele></trkpt>
      <trkpt lat="22.2583146575" lon="113.9147080351"><ele>495.000</ele></trkpt>
      <trkpt lat="22.2582961588" lon="113.9147196206"><ele>495.000</ele></trkpt>
      <trkpt lat="22.2582776590" lon="113.9147305643"><ele>492.000</ele></trkpt>
      <trkpt lat="22.2582675217" lon="113.9147414925"><ele>492.000</ele></trkpt>
      <trkpt lat="22.2582544001" lon="113.9147537097"><ele>494.000</ele></trkpt>
      <trkpt lat="22.2582370919" lon="113.9147627262"><ele>494.000</ele></trkpt>
      <trkpt lat="22.2582108246" lon="113.9147724011"><ele>494.000</ele></trkpt>
      <trkpt lat="22.2581803708" lon="113.9147788749"><ele>492.000</ele></trkpt>
      <trkpt lat="22.2581499149" lon="113.9147840655"><ele>492.000</ele></trkpt>
      <trkpt lat="22.2581254294" lon="113.9147873196"><ele>492.000</ele></trkpt>
      <trkpt lat="22.2581110996" lon="113.9147911967"><ele>492.000</ele></trkpt>
      <trkpt lat="22.2580949777" lon="113.9147950770"><ele>492.000</ele></trkpt>
      <trkpt lat="22.2580752655" lon="113.9147951137"><ele>491.000</ele></trkpt>
      <trkpt lat="22.2580567502" lon="113.9147964317"><ele>491.000</ele></trkpt>
      <trkpt lat="22.2580376282" lon="113.9147919752"><ele>490.000</ele></trkpt>
      <trkpt lat="22.2580149183" lon="113.9147849583"><ele>490.000</ele></trkpt>
      <trkpt lat="22.2579981772" lon="113.9147753637"><ele>491.000</ele></trkpt>
      <trkpt lat="22.2579832293" lon="113.9147664073"><ele>489.000</ele></trkpt>
      <trkpt lat="22.2579676861" lon="113.9147587355"><ele>489.000</ele></trkpt>
      <trkpt lat="22.2579413899" lon="113.9147504420"><ele>487.000</ele></trkpt>
      <trkpt lat="22.2579198734" lon="113.9147427814"><ele>487.000</ele></trkpt>
      <trkpt lat="22.2578887894" lon="113.9147287214"><ele>489.000</ele></trkpt>
      <trkpt lat="22.2578583014" lon="113.9147140183"><ele>489.000</ele></trkpt>
      <trkpt lat="22.2578314036" lon="113.9147031591"><ele>488.000</ele></trkpt>
      <trkpt lat="22.2577973399" lon="113.9146935968"><ele>486.000</ele></trkpt>
      <trkpt lat="22.2577668594" lon="113.9146833859"><ele>486.000</ele></trkpt>
      <trkpt lat="22.2577429535" lon="113.9146757297"><ele>487.000</ele></trkpt>
      <trkpt lat="22.2577244226" lon="113.9146674218"><ele>487.000</ele></trkpt>
      <trkpt lat="22.2576963262" lon="113.9146539980"><ele>485.000</ele></trkpt>
      <trkpt lat="22.2576789847" lon="113.9146424790"><ele>485.000</ele></trkpt>
      <trkpt lat="22.2576652274" lon="113.9146309537"><ele>487.000</ele></trkpt>
      <trkpt lat="22.2576472867" lon="113.9146181528"><ele>487.000</ele></trkpt>
      <trkpt lat="22.2576215836" lon="113.9146072912"><ele>487.000</ele></trkpt>
      <trkpt lat="22.2576000672" lon="113.9145996306"><ele>487.000</ele></trkpt>
      <trkpt lat="22.2575737720" lon="113.9145919789"><ele>485.000</ele></trkpt>
      <trkpt lat="22.2575421048" lon="113.9145869040"><ele>485.000</ele></trkpt>
      <trkpt lat="22.2575188088" lon="113.9145869474"><ele>484.000</ele></trkpt>
      <trkpt lat="22.2574889493" lon="113.9145914951"><ele>484.000</ele></trkpt>
      <trkpt lat="22.2574686439" lon="113.9145941000"><ele>484.000</ele></trkpt>
      <trkpt lat="22.2574489432" lon="113.9146011956"><ele>485.000</ele></trkpt>
      <trkpt lat="22.2574316350" lon="113.9146102120"><ele>485.000</ele></trkpt>
      <trkpt lat="22.2574173124" lon="113.9146185811"><ele>485.000</ele></trkpt>
      <trkpt lat="22.2574035810" lon="113.9146230985"><ele>486.000</ele></trkpt>
      <trkpt lat="22.2573916343" lon="113.9146231207"><ele>486.000</ele></trkpt>
      <trkpt lat="22.2573826710" lon="113.9146212124"><ele>486.000</ele></trkpt>
      <trkpt lat="22.2573713071" lon="113.9146122494"><ele>486.000</ele></trkpt>
      <trkpt lat="22.2573509709" lon="113.9145956024"><ele>486.000</ele></trkpt>
      <trkpt lat="22.2573330250" lon="113.9145795928"><ele>488.000</ele></trkpt>
      <trkpt lat="22.2573061076" lon="113.9145565409"><ele>487.000</ele></trkpt>
      <trkpt lat="22.2572821809" lon="113.9145360504"><ele>489.000</ele></trkpt>
      <trkpt lat="22.2572504880" lon="113.9145149327"><ele>488.000</ele></trkpt>
      <trkpt lat="22.2572289519" lon="113.9144950795"><ele>488.000</ele></trkpt>
      <trkpt lat="22.2572080118" lon="113.9144745834"><ele>489.000</ele></trkpt>
      <trkpt lat="22.2571852729" lon="113.9144495985"><ele>489.000</ele></trkpt>
      <trkpt lat="22.2571532895" lon="113.9144153579"><ele>489.000</ele></trkpt>
      <trkpt lat="22.2571523622" lon="113.9144143652"><ele>489.000</ele></trkpt>
      <trkpt lat="22.2571254501" lon="113.9143945220"><ele>487.000</ele></trkpt>
      <trkpt lat="22.2571015235" lon="113.9143740314"><ele>489.000</ele></trkpt>
      <trkpt lat="22.2570769975" lon="113.9143522588"><ele>488.000</ele></trkpt>
      <trkpt lat="22.2570590568" lon="113.9143394577"><ele>490.000</ele></trkpt>
      <trkpt lat="22.2570405300" lon="113.9143337167"><ele>489.000</ele></trkpt>
      <trkpt lat="22.2570190227" lon="113.9143318317"><ele>489.000</ele></trkpt>
      <trkpt lat="22.2569897615" lon="113.9143370201"><ele>489.000</ele></trkpt>
      <trkpt lat="22.2569640772" lon="113.9143377095"><ele>489.000</ele></trkpt>
      <trkpt lat="22.2569437637" lon="113.9143351806"><ele>489.000</ele></trkpt>
      <trkpt lat="22.2569258344" lon="113.9143294387"><ele>489.000</ele></trkpt>
      <trkpt lat="22.2569013227" lon="113.9143166499"><ele>488.000</ele></trkpt>
      <trkpt lat="22.2568756135" lon="113.9143019381"><ele>488.000</ele></trkpt>
      <trkpt lat="22.2568516901" lon="113.9142833729"><ele>489.000</ele></trkpt>
      <trkpt lat="22.2568193923" lon="113.9142577644"><ele>489.000</ele></trkpt>
      <trkpt lat="22.2568032468" lon="113.9142468851"><ele>489.000</ele></trkpt>
      <trkpt lat="22.2567835222" lon="113.9142392213"><ele>490.000</ele></trkpt>
      <trkpt lat="22.2567679863" lon="113.9142360417"><ele>490.000</ele></trkpt>
      <trkpt lat="22.2567554403" lon="113.9142347816"><ele>490.000</ele></trkpt>
      <trkpt lat="22.2567464801" lon="113.9142347983"><ele>490.000</ele></trkpt>
      <trkpt lat="22.2567306857" lon="113.9142348392"><ele>490.000</ele></trkpt>
      <trkpt lat="22.2567306837" lon="113.9142348447"><ele>490.000</ele></trkpt>
      <trkpt lat="22.2567306857" lon="113.9142348392"><ele>490.000</ele></trkpt>
      <trkpt lat="22.2567229224" lon="113.9142361372"><ele>490.000</ele></trkpt>
      <trkpt lat="22.2567008199" lon="113.9142355366"><ele>490.000</ele></trkpt>
      <trkpt lat="22.2566751293" lon="113.9142323760"><ele>490.000</ele></trkpt>
      <trkpt lat="22.2566607871" lon="113.9142285524"><ele>490.000</ele></trkpt>
      <trkpt lat="22.2566434509" lon="113.9142202424"><ele>490.000</ele></trkpt>
      <trkpt lat="22.2566273124" lon="113.9142138551"><ele>489.000</ele></trkpt>
      <trkpt lat="22.2566123728" lon="113.9142100327"><ele>489.000</ele></trkpt>
      <trkpt lat="22.2565908636" lon="113.9142068643"><ele>489.000</ele></trkpt>
      <trkpt lat="22.2565741350" lon="113.9142049704"><ele>489.000</ele></trkpt>
      <trkpt lat="22.2565538205" lon="113.9142017995"><ele>489.000</ele></trkpt>
      <trkpt lat="22.2565382814" lon="113.9141966949"><ele>489.000</ele></trkpt>
      <trkpt lat="22.2565203458" lon="113.9141871025"><ele>489.000</ele></trkpt>
      <trkpt lat="22.2565006160" lon="113.9141762302"><ele>487.000</ele></trkpt>
      <trkpt lat="22.2564898505" lon="113.9141679079"><ele>487.000</ele></trkpt>
      <trkpt lat="22.2564760922" lon="113.9141557409"><ele>487.000</ele></trkpt>
      <trkpt lat="22.2564629198" lon="113.9141365139"><ele>487.000</ele></trkpt>
      <trkpt lat="22.2564479677" lon="113.9141249909"><ele>485.000</ele></trkpt>
      <trkpt lat="22.2564336180" lon="113.9141166753"><ele>485.000</ele></trkpt>
      <trkpt lat="22.2564204642" lon="113.9141089993"><ele>485.000</ele></trkpt>
      <trkpt lat="22.2564067183" lon="113.9141045329"><ele>484.000</ele></trkpt>
      <trkpt lat="22.2563935789" lon="113.9141058409"><ele>484.000</ele></trkpt>
      <trkpt lat="22.2563804345" lon="113.9141039401"><ele>484.000</ele></trkpt>
      <trkpt lat="22.2563678831" lon="113.9140994715"><ele>483.000</ele></trkpt>
      <trkpt lat="22.2563535315" lon="113.9140898727"><ele>482.000</ele></trkpt>
      <trkpt lat="22.2563397690" lon="113.9140751386"><ele>482.000</ele></trkpt>
      <trkpt lat="22.2563266078" lon="113.9140629706"><ele>482.000</ele></trkpt>
      <trkpt lat="22.2563116536" lon="113.9140501643"><ele>482.000</ele></trkpt>
      <trkpt lat="22.2562967015" lon="113.9140386413"><ele>482.000</ele></trkpt>
      <trkpt lat="22.2562841441" lon="113.9140303224"><ele>482.000</ele></trkpt>
      <trkpt lat="22.2562680035" lon="113.9140226519"><ele>481.000</ele></trkpt>
      <trkpt lat="22.2562548591" lon="113.9140207512"><ele>481.000</ele></trkpt>
      <trkpt lat="22.2562375363" lon="113.9140207835"><ele>481.000</ele></trkpt>
      <trkpt lat="22.2562190147" lon="113.9140182513"><ele>479.000</ele></trkpt>
      <trkpt lat="22.2561969029" lon="113.9140118752"><ele>479.000</ele></trkpt>
      <trkpt lat="22.2561771806" lon="113.9140054950"><ele>479.000</ele></trkpt>
      <trkpt lat="22.2561520840" lon="113.9140004080"><ele>480.000</ele></trkpt>
      <trkpt lat="22.2561323659" lon="113.9139965945"><ele>479.000</ele></trkpt>
      <trkpt lat="22.2561001023" lon="113.9139921627"><ele>479.000</ele></trkpt>
      <trkpt lat="22.2560550701" lon="113.9139886189"><ele>478.000</ele></trkpt>
      <trkpt lat="22.2560523093" lon="113.9139884016"><ele>478.000</ele></trkpt>
      <trkpt lat="22.2560071702" lon="113.9139871986"><ele>477.000</ele></trkpt>
      <trkpt lat="22.2559848074" lon="113.9139866026"><ele>476.000</ele></trkpt>
      <trkpt lat="22.2559396558" lon="113.9139869689"><ele>475.000</ele></trkpt>
      <trkpt lat="22.2558945042" lon="113.9139873352"><ele>474.000</ele></trkpt>
      <trkpt lat="22.2558820665" lon="113.9139874361"><ele>474.000</ele></trkpt>
      <trkpt lat="22.2558369144" lon="113.9139871444"><ele>473.000</ele></trkpt>
      <trkpt lat="22.2558050092" lon="113.9139869382"><ele>472.000</ele></trkpt>
      <trkpt lat="22.2557598573" lon="113.9139866183"><ele>471.000</ele></trkpt>
      <trkpt lat="22.2557333281" lon="113.9139864303"><ele>470.000</ele></trkpt>
      <trkpt lat="22.2556882127" lon="113.9139844523"><ele>469.000</ele></trkpt>
      <trkpt lat="22.2556771743" lon="113.9139839683"><ele>469.000</ele></trkpt>
      <trkpt lat="22.2556321824" lon="113.9139798758"><ele>468.000</ele></trkpt>
      <trkpt lat="22.2556287828" lon="113.9139795666"><ele>468.000</ele></trkpt>
      <trkpt lat="22.2555953237" lon="113.9139744953"><ele>467.000</ele></trkpt>
      <trkpt lat="22.2555702274" lon="113.9139694083"><ele>467.000</ele></trkpt>
      <trkpt lat="22.2555325765" lon="113.9139579278"><ele>466.000</ele></trkpt>
      <trkpt lat="22.2555044757" lon="113.9139419374"><ele>465.000</ele></trkpt>
      <trkpt lat="22.2554656188" lon="113.9139234003"><ele>465.000</ele></trkpt>
      <trkpt lat="22.2554369208" lon="113.9139074110"><ele>465.000</ele></trkpt>
      <trkpt lat="22.2553986674" lon="113.9138927231"><ele>464.000</ele></trkpt>
      <trkpt lat="22.2553548780" lon="113.9138808927"><ele>465.000</ele></trkpt>
      <trkpt lat="22.2553538475" lon="113.9138806143"><ele>465.000</ele></trkpt>
      <trkpt lat="22.2553095216" lon="113.9138713727"><ele>467.000</ele></trkpt>
      <trkpt lat="22.2552958863" lon="113.9138685299"><ele>467.000</ele></trkpt>
      <trkpt lat="22.2552519533" lon="113.9138573303"><ele>467.000</ele></trkpt>
      <trkpt lat="22.2552409086" lon="113.9138545148"><ele>467.000</ele></trkpt>
      <trkpt lat="22.2551965189" lon="113.9138456338"><ele>464.000</ele></trkpt>
      <trkpt lat="22.2551709972" lon="113.9138405278"><ele>461.000</ele></trkpt>
    </trkseg>
  </trk>
</gpx>
