<?xml version="1.0" encoding="UTF-8"?>
<gpx xmlns:xsi="http://www.w3.org/2001/XMLSchema-instance"
     xsi:schemaLocation="http://www.topografix.com/GPX/1/1 http://www.topografix.com/GPX/1/1/gpx.xsd"
     version="1.1" creator="json3d_batch_to_gpx"
     xmlns="http://www.topografix.com/GPX/1/1">
  <metadata>
    <name>LauShuiHeungCountryTrail</name>
  </metadata>
  <trk>
    <name>LauShuiHeungCountryTrail</name>
    <type>hike</type>
    <trkseg>
      <trkpt lat="22.4961579144" lon="114.1692941020"><ele>106.000</ele></trkpt>
      <trkpt lat="22.4961664742" lon="114.1693104749"><ele>106.000</ele></trkpt>
      <trkpt lat="22.4961724071" lon="114.1693278022"><ele>106.000</ele></trkpt>
      <trkpt lat="22.4961741017" lon="114.1693396584"><ele>109.000</ele></trkpt>
      <trkpt lat="22.4961690183" lon="114.1693537938"><ele>109.000</ele></trkpt>
      <trkpt lat="22.4961584257" lon="114.1693743145"><ele>109.000</ele></trkpt>
      <trkpt lat="22.4961601213" lon="114.1693875380"><ele>112.000</ele></trkpt>
      <trkpt lat="22.4961830032" lon="114.1694016730"><ele>112.000</ele></trkpt>
      <trkpt lat="22.4962058849" lon="114.1694126155"><ele>112.000</ele></trkpt>
      <trkpt lat="22.4962190200" lon="114.1694212786"><ele>112.000</ele></trkpt>
      <trkpt lat="22.4962219859" lon="114.1694285749"><ele>112.000</ele></trkpt>
      <trkpt lat="22.4962198686" lon="114.1694363263"><ele>116.000</ele></trkpt>
      <trkpt lat="22.4962153267" lon="114.1694433052"><ele>116.000</ele></trkpt>
      <trkpt lat="22.4961992351" lon="114.1694560662"><ele>116.000</ele></trkpt>
      <trkpt lat="22.4961794772" lon="114.1694693035"><ele>116.000</ele></trkpt>
      <trkpt lat="22.4961638552" lon="114.1694815687"><ele>116.000</ele></trkpt>
      <trkpt lat="22.4961619774" lon="114.1694934057"><ele>118.000</ele></trkpt>
      <trkpt lat="22.4961610207" lon="114.1695042610"><ele>118.000</ele></trkpt>
      <trkpt lat="22.4961573275" lon="114.1695111515"><ele>120.000</ele></trkpt>
      <trkpt lat="22.4961463018" lon="114.1695189947"><ele>120.000</ele></trkpt>
      <trkpt lat="22.4961265885" lon="114.1695203951"><ele>120.000</ele></trkpt>
      <trkpt lat="22.4961110021" lon="114.1695223007"><ele>120.000</ele></trkpt>
      <trkpt lat="22.4960953978" lon="114.1695266650"><ele>120.000</ele></trkpt>
      <trkpt lat="22.4960862141" lon="114.1695315635"><ele>120.000</ele></trkpt>
      <trkpt lat="22.4960792973" lon="114.1695433813"><ele>123.000</ele></trkpt>
      <trkpt lat="22.4960783317" lon="114.1695561997"><ele>123.000</ele></trkpt>
      <trkpt lat="22.4960787208" lon="114.1695749559"><ele>123.000</ele></trkpt>
      <trkpt lat="22.4960754258" lon="114.1695986394"><ele>124.000</ele></trkpt>
      <trkpt lat="22.4960693944" lon="114.1696183483"><ele>124.000</ele></trkpt>
      <trkpt lat="22.4960602107" lon="114.1696242284"><ele>126.000</ele></trkpt>
      <trkpt lat="22.4960455007" lon="114.1696355120"><ele>128.000</ele></trkpt>
      <trkpt lat="22.4960362992" lon="114.1696453473"><ele>128.000</ele></trkpt>
      <trkpt lat="22.4960266192" lon="114.1696601099"><ele>128.000</ele></trkpt>
      <trkpt lat="22.4960210394" lon="114.1696818013"><ele>130.000</ele></trkpt>
      <trkpt lat="22.4960075490" lon="114.1697035708"><ele>130.000</ele></trkpt>
      <trkpt lat="22.4960003251" lon="114.1697130465"><ele>130.000</ele></trkpt>
      <trkpt lat="22.4959921710" lon="114.1697214629"><ele>130.000</ele></trkpt>
      <trkpt lat="22.4959857598" lon="114.1697298792"><ele>132.000</ele></trkpt>
      <trkpt lat="22.4959784365" lon="114.1697378097"><ele>132.000</ele></trkpt>
      <trkpt lat="22.4959707971" lon="114.1697447975"><ele>134.000</ele></trkpt>
      <trkpt lat="22.4959614778" lon="114.1697462557"><ele>134.000</ele></trkpt>
      <trkpt lat="22.4959541452" lon="114.1697482483"><ele>134.000</ele></trkpt>
      <trkpt lat="22.4959491064" lon="114.1697527092"><ele>134.000</ele></trkpt>
      <trkpt lat="22.4959449888" lon="114.1697576657"><ele>134.000</ele></trkpt>
      <trkpt lat="22.4959390379" lon="114.1697621267"><ele>134.000</ele></trkpt>
      <trkpt lat="22.4959335295" lon="114.1697641192"><ele>134.000</ele></trkpt>
      <trkpt lat="22.4959101319" lon="114.1697676384"><ele>134.000</ele></trkpt>
      <trkpt lat="22.4959037205" lon="114.1697725951"><ele>134.000</ele></trkpt>
      <trkpt lat="22.4959000634" lon="114.1697765603"><ele>136.000</ele></trkpt>
      <trkpt lat="22.4958895436" lon="114.1697904190"><ele>136.000</ele></trkpt>
      <trkpt lat="22.4958776421" lon="114.1698042875"><ele>137.000</ele></trkpt>
      <trkpt lat="22.4958680250" lon="114.1698112366"><ele>137.000</ele></trkpt>
      <trkpt lat="22.4958634287" lon="114.1698135303"><ele>137.000</ele></trkpt>
      <trkpt lat="22.4958620651" lon="114.1698142106"><ele>137.000</ele></trkpt>
      <trkpt lat="22.4958524390" lon="114.1698206640"><ele>137.000</ele></trkpt>
      <trkpt lat="22.4958487818" lon="114.1698236380"><ele>137.000</ele></trkpt>
      <trkpt lat="22.4958396070" lon="114.1698261361"><ele>140.000</ele></trkpt>
      <trkpt lat="22.4958107100" lon="114.1698316380"><ele>140.000</ele></trkpt>
      <trkpt lat="22.4958029169" lon="114.1698351175"><ele>140.000</ele></trkpt>
      <trkpt lat="22.4957955844" lon="114.1698390927"><ele>140.000</ele></trkpt>
      <trkpt lat="22.4957859583" lon="114.1698460417"><ele>140.000</ele></trkpt>
      <trkpt lat="22.4957767926" lon="114.1698495213"><ele>140.000</ele></trkpt>
      <trkpt lat="22.4957694601" lon="114.1698534964"><ele>140.000</ele></trkpt>
      <trkpt lat="22.4957602853" lon="114.1698564803"><ele>140.000</ele></trkpt>
      <trkpt lat="22.4957474534" lon="114.1698629339"><ele>139.000</ele></trkpt>
      <trkpt lat="22.4957359940" lon="114.1698679102"><ele>139.000</ele></trkpt>
      <trkpt lat="22.4957245347" lon="114.1698738680"><ele>142.000</ele></trkpt>
      <trkpt lat="22.4957139874" lon="114.1698778530"><ele>142.000</ele></trkpt>
      <trkpt lat="22.4956906082" lon="114.1698887775"><ele>140.000</ele></trkpt>
      <trkpt lat="22.4956805306" lon="114.1698962222"><ele>140.000</ele></trkpt>
      <trkpt lat="22.4956792402" lon="114.1698973855"><ele>140.000</ele></trkpt>
      <trkpt lat="22.4956585514" lon="114.1699160484"><ele>140.000</ele></trkpt>
      <trkpt lat="22.4956493949" lon="114.1699234833"><ele>142.000</ele></trkpt>
      <trkpt lat="22.4956388567" lon="114.1699304226"><ele>142.000</ele></trkpt>
      <trkpt lat="22.4956306123" lon="114.1699368759"><ele>142.000</ele></trkpt>
      <trkpt lat="22.4956223677" lon="114.1699423283"><ele>142.000</ele></trkpt>
      <trkpt lat="22.4956164079" lon="114.1699477805"><ele>141.000</ele></trkpt>
      <trkpt lat="22.4956090936" lon="114.1699561968"><ele>141.000</ele></trkpt>
      <trkpt lat="22.4956045246" lon="114.1699646130"><ele>141.000</ele></trkpt>
      <trkpt lat="22.4955967684" lon="114.1699853909"><ele>142.000</ele></trkpt>
      <trkpt lat="22.4955871789" lon="114.1700041962"><ele>142.000</ele></trkpt>
      <trkpt lat="22.4955675119" lon="114.1700314276"><ele>142.000</ele></trkpt>
      <trkpt lat="22.4955629429" lon="114.1700403297"><ele>142.000</ele></trkpt>
      <trkpt lat="22.4955565406" lon="114.1700477644"><ele>142.000</ele></trkpt>
      <trkpt lat="22.4955474026" lon="114.1700655783"><ele>142.000</ele></trkpt>
      <trkpt lat="22.4955423912" lon="114.1700774542"><ele>144.000</ele></trkpt>
      <trkpt lat="22.4955387709" lon="114.1700982125"><ele>144.000</ele></trkpt>
      <trkpt lat="22.4955378774" lon="114.1701090872"><ele>144.000</ele></trkpt>
      <trkpt lat="22.4955356113" lon="114.1701229358"><ele>146.000</ele></trkpt>
      <trkpt lat="22.4955360993" lon="114.1701323235"><ele>146.000</ele></trkpt>
      <trkpt lat="22.4955384114" lon="114.1701387375"><ele>146.000</ele></trkpt>
      <trkpt lat="22.4955402721" lon="114.1701500979"><ele>146.000</ele></trkpt>
      <trkpt lat="22.4955352609" lon="114.1701649379"><ele>146.000</ele></trkpt>
      <trkpt lat="22.4955352792" lon="114.1701723529"><ele>146.000</ele></trkpt>
      <trkpt lat="22.4955399034" lon="114.1701876588"><ele>146.000</ele></trkpt>
      <trkpt lat="22.4955403915" lon="114.1701970466"><ele>146.000</ele></trkpt>
      <trkpt lat="22.4955399493" lon="114.1702054529"><ele>146.000</ele></trkpt>
      <trkpt lat="22.4955199470" lon="114.1702492567"><ele>147.000</ele></trkpt>
      <trkpt lat="22.4955175830" lon="114.1702544337"><ele>147.000</ele></trkpt>
      <trkpt lat="22.4955121020" lon="114.1702648325"><ele>148.000</ele></trkpt>
      <trkpt lat="22.4955038943" lon="114.1702870875"><ele>148.000</ele></trkpt>
      <trkpt lat="22.4955011675" lon="114.1702964852"><ele>148.000</ele></trkpt>
      <trkpt lat="22.4954966076" lon="114.1703083610"><ele>148.000</ele></trkpt>
      <trkpt lat="22.4954934203" lon="114.1703182446"><ele>149.000</ele></trkpt>
      <trkpt lat="22.4954906936" lon="114.1703306063"><ele>149.000</ele></trkpt>
      <trkpt lat="22.4954861429" lon="114.1703469331"><ele>149.000</ele></trkpt>
      <trkpt lat="22.4954847979" lon="114.1703587991"><ele>150.000</ele></trkpt>
      <trkpt lat="22.4954848255" lon="114.1703716466"><ele>150.000</ele></trkpt>
      <trkpt lat="22.4954862347" lon="114.1703825114"><ele>150.000</ele></trkpt>
      <trkpt lat="22.4954899286" lon="114.1703938719"><ele>150.000</ele></trkpt>
      <trkpt lat="22.4954894863" lon="114.1703998000"><ele>150.000</ele></trkpt>
      <trkpt lat="22.4954867595" lon="114.1704082064"><ele>152.000</ele></trkpt>
      <trkpt lat="22.4954821814" lon="114.1704161269"><ele>152.000</ele></trkpt>
      <trkpt lat="22.4954771700" lon="114.1704299756"><ele>151.000</ele></trkpt>
      <trkpt lat="22.4954730890" lon="114.1704477795"><ele>151.000</ele></trkpt>
      <trkpt lat="22.4954708046" lon="114.1704551946"><ele>151.000</ele></trkpt>
      <trkpt lat="22.4954644208" lon="114.1704715215"><ele>154.000</ele></trkpt>
      <trkpt lat="22.4954580186" lon="114.1704799378"><ele>154.000</ele></trkpt>
      <trkpt lat="22.4954525283" lon="114.1704853899"><ele>154.000</ele></trkpt>
      <trkpt lat="22.4954479501" lon="114.1704913377"><ele>154.000</ele></trkpt>
      <trkpt lat="22.4954470564" lon="114.1704997342"><ele>154.000</ele></trkpt>
      <trkpt lat="22.4954452416" lon="114.1705071590"><ele>156.000</ele></trkpt>
      <trkpt lat="22.4954393092" lon="114.1705210077"><ele>156.000</ele></trkpt>
      <trkpt lat="22.4954328979" lon="114.1705289284"><ele>155.000</ele></trkpt>
      <trkpt lat="22.4954141335" lon="114.1705472675"><ele>155.000</ele></trkpt>
      <trkpt lat="22.4953898515" lon="114.1705670937"><ele>156.000</ele></trkpt>
      <trkpt lat="22.4953655785" lon="114.1705844515"><ele>156.000</ele></trkpt>
      <trkpt lat="22.4953541191" lon="114.1705909049"><ele>156.000</ele></trkpt>
      <trkpt lat="22.4953445020" lon="114.1705983397"><ele>154.000</ele></trkpt>
      <trkpt lat="22.4953385513" lon="114.1706067559"><ele>157.000</ele></trkpt>
      <trkpt lat="22.4953261984" lon="114.1706226069"><ele>157.000</ele></trkpt>
      <trkpt lat="22.4953207081" lon="114.1706275634"><ele>157.000</ele></trkpt>
      <trkpt lat="22.4953138361" lon="114.1706320244"><ele>157.000</ele></trkpt>
      <trkpt lat="22.4953069550" lon="114.1706340266"><ele>157.000</ele></trkpt>
      <trkpt lat="22.4952991711" lon="114.1706419473"><ele>156.000</ele></trkpt>
      <trkpt lat="22.4952909266" lon="114.1706488864"><ele>156.000</ele></trkpt>
      <trkpt lat="22.4952849849" lon="114.1706558255"><ele>158.000</ele></trkpt>
      <trkpt lat="22.4952804068" lon="114.1706632504"><ele>158.000</ele></trkpt>
      <trkpt lat="22.4952749165" lon="114.1706682069"><ele>158.000</ele></trkpt>
      <trkpt lat="22.4952698869" lon="114.1706766134"><ele>158.000</ele></trkpt>
      <trkpt lat="22.4952634755" lon="114.1706820656"><ele>158.000</ele></trkpt>
      <trkpt lat="22.4952515647" lon="114.1706895102"><ele>158.000</ele></trkpt>
      <trkpt lat="22.4952433111" lon="114.1706939810"><ele>158.000</ele></trkpt>
      <trkpt lat="22.4952263431" lon="114.1706969944"><ele>158.000</ele></trkpt>
      <trkpt lat="22.4952061512" lon="114.1706985210"><ele>161.000</ele></trkpt>
      <trkpt lat="22.4951988186" lon="114.1707010189"><ele>161.000</ele></trkpt>
      <trkpt lat="22.4951901135" lon="114.1707074624"><ele>161.000</ele></trkpt>
      <trkpt lat="22.4951832325" lon="114.1707104462"><ele>161.000</ele></trkpt>
      <trkpt lat="22.4951681159" lon="114.1707198735"><ele>161.000</ele></trkpt>
      <trkpt lat="22.4951635377" lon="114.1707248300"><ele>162.000</ele></trkpt>
      <trkpt lat="22.4951415493" lon="114.1707402051"><ele>162.000</ele></trkpt>
      <trkpt lat="22.4951369710" lon="114.1707441704"><ele>162.000</ele></trkpt>
      <trkpt lat="22.4951264236" lon="114.1707476499"><ele>164.000</ele></trkpt>
      <trkpt lat="22.4951222877" lon="114.1707481555"><ele>164.000</ele></trkpt>
      <trkpt lat="22.4951140339" lon="114.1707481752"><ele>164.000</ele></trkpt>
      <trkpt lat="22.4951039471" lon="114.1707516645"><ele>164.000</ele></trkpt>
      <trkpt lat="22.4950970661" lon="114.1707556396"><ele>164.000</ele></trkpt>
      <trkpt lat="22.4950764685" lon="114.1707759514"><ele>164.000</ele></trkpt>
      <trkpt lat="22.4950691451" lon="114.1707823949"><ele>166.000</ele></trkpt>
      <trkpt lat="22.4950416482" lon="114.1708007440"><ele>168.000</ele></trkpt>
      <trkpt lat="22.4950370699" lon="114.1708027365"><ele>168.000</ele></trkpt>
      <trkpt lat="22.4950292677" lon="114.1708032519"><ele>169.000</ele></trkpt>
      <trkpt lat="22.4950136631" lon="114.1708018045"><ele>169.000</ele></trkpt>
      <trkpt lat="22.4949810724" lon="114.1708013978"><ele>170.000</ele></trkpt>
      <trkpt lat="22.4949718975" lon="114.1708024089"><ele>170.000</ele></trkpt>
      <trkpt lat="22.4949590564" lon="114.1708054026"><ele>170.000</ele></trkpt>
      <trkpt lat="22.4949462152" lon="114.1708074148"><ele>170.000</ele></trkpt>
      <trkpt lat="22.4949388735" lon="114.1708074346"><ele>171.000</ele></trkpt>
      <trkpt lat="22.4949315227" lon="114.1708049859"><ele>171.000</ele></trkpt>
      <trkpt lat="22.4948989044" lon="114.1707912264"><ele>170.000</ele></trkpt>
      <trkpt lat="22.4948869569" lon="114.1707848324"><ele>170.000</ele></trkpt>
      <trkpt lat="22.4948584745" lon="114.1707715683"><ele>170.000</ele></trkpt>
      <trkpt lat="22.4948428517" lon="114.1707656701"><ele>172.000</ele></trkpt>
      <trkpt lat="22.4948286196" lon="114.1707612587"><ele>172.000</ele></trkpt>
      <trkpt lat="22.4948019889" lon="114.1707583638"><ele>172.000</ele></trkpt>
      <trkpt lat="22.4947666254" lon="114.1707475879"><ele>172.000</ele></trkpt>
      <trkpt lat="22.4947592745" lon="114.1707421655"><ele>171.000</ele></trkpt>
      <trkpt lat="22.4947399671" lon="114.1707318360"><ele>172.000</ele></trkpt>
      <trkpt lat="22.4947330767" lon="114.1707274048"><ele>172.000</ele></trkpt>
      <trkpt lat="22.4947243442" lon="114.1707229834"><ele>172.000</ele></trkpt>
      <trkpt lat="22.4947151602" lon="114.1707215261"><ele>172.000</ele></trkpt>
      <trkpt lat="22.4947082698" lon="114.1707170949"><ele>173.000</ele></trkpt>
      <trkpt lat="22.4946990858" lon="114.1707131595"><ele>173.000</ele></trkpt>
      <trkpt lat="22.4946912653" lon="114.1707082424"><ele>173.000</ele></trkpt>
      <trkpt lat="22.4946751818" lon="114.1706993899"><ele>173.000</ele></trkpt>
      <trkpt lat="22.4946559017" lon="114.1706944928"><ele>172.000</ele></trkpt>
      <trkpt lat="22.4946444150" lon="114.1706925497"><ele>172.000</ele></trkpt>
      <trkpt lat="22.4946306434" lon="114.1706886242"><ele>172.000</ele></trkpt>
      <trkpt lat="22.4945985041" lon="114.1706837665"><ele>174.000</ele></trkpt>
      <trkpt lat="22.4945902503" lon="114.1706842820"><ele>174.000</ele></trkpt>
      <trkpt lat="22.4945842813" lon="114.1706857788"><ele>174.000</ele></trkpt>
      <trkpt lat="22.4945705373" lon="114.1706942148"><ele>174.000</ele></trkpt>
      <trkpt lat="22.4945622837" lon="114.1706981899"><ele>174.000</ele></trkpt>
      <trkpt lat="22.4945480699" lon="114.1707006978"><ele>177.000</ele></trkpt>
      <trkpt lat="22.4945434826" lon="114.1707021946"><ele>177.000</ele></trkpt>
      <trkpt lat="22.4945320232" lon="114.1707076567"><ele>177.000</ele></trkpt>
      <trkpt lat="22.4945164461" lon="114.1707175796"><ele>177.000</ele></trkpt>
      <trkpt lat="22.4945027022" lon="114.1707275024"><ele>177.000</ele></trkpt>
      <trkpt lat="22.4944939972" lon="114.1707354328"><ele>177.000</ele></trkpt>
      <trkpt lat="22.4944875950" lon="114.1707428577"><ele>178.000</ele></trkpt>
      <trkpt lat="22.4944793504" lon="114.1707493012"><ele>180.000</ele></trkpt>
      <trkpt lat="22.4944697243" lon="114.1707557545"><ele>180.000</ele></trkpt>
      <trkpt lat="22.4944578135" lon="114.1707651718"><ele>180.000</ele></trkpt>
      <trkpt lat="22.4944459027" lon="114.1707731121"><ele>180.000</ele></trkpt>
      <trkpt lat="22.4944270310" lon="114.1707961536"><ele>182.000</ele></trkpt>
      <trkpt lat="22.4944065591" lon="114.1708211505"><ele>182.000</ele></trkpt>
      <trkpt lat="22.4943996963" lon="114.1708290711"><ele>182.000</ele></trkpt>
      <trkpt lat="22.4943900793" lon="114.1708384884"><ele>182.000</ele></trkpt>
      <trkpt lat="22.4943763262" lon="114.1708454374"><ele>184.000</ele></trkpt>
      <trkpt lat="22.4943662394" lon="114.1708499179"><ele>184.000</ele></trkpt>
      <trkpt lat="22.4943529469" lon="114.1708548942"><ele>184.000</ele></trkpt>
      <trkpt lat="22.4943359881" lon="114.1708628443"><ele>184.000</ele></trkpt>
      <trkpt lat="22.4943107757" lon="114.1708762467"><ele>184.000</ele></trkpt>
      <trkpt lat="22.4942828181" lon="114.1708896589"><ele>184.000</ele></trkpt>
      <trkpt lat="22.4942663199" lon="114.1708986003"><ele>186.000</ele></trkpt>
      <trkpt lat="22.4942392743" lon="114.1709115168"><ele>186.000</ele></trkpt>
      <trkpt lat="22.4942168253" lon="114.1709268918"><ele>185.000</ele></trkpt>
      <trkpt lat="22.4941929946" lon="114.1709412854"><ele>185.000</ele></trkpt>
      <trkpt lat="22.4941737513" lon="114.1709546778"><ele>188.000</ele></trkpt>
      <trkpt lat="22.4941664188" lon="114.1709591484"><ele>188.000</ele></trkpt>
      <trkpt lat="22.4941563411" lon="114.1709651060"><ele>188.000</ele></trkpt>
      <trkpt lat="22.4941490085" lon="114.1709680898"><ele>188.000</ele></trkpt>
      <trkpt lat="22.4941435091" lon="114.1709710638"><ele>188.000</ele></trkpt>
      <trkpt lat="22.4941329617" lon="114.1709745530"><ele>188.000</ele></trkpt>
      <trkpt lat="22.4941242474" lon="114.1709765553"><ele>188.000</ele></trkpt>
      <trkpt lat="22.4941091127" lon="114.1709815316"><ele>188.000</ele></trkpt>
      <trkpt lat="22.4941013105" lon="114.1709830383"><ele>188.000</ele></trkpt>
      <trkpt lat="22.4940953505" lon="114.1709855166"><ele>188.000</ele></trkpt>
      <trkpt lat="22.4940829699" lon="114.1709875288"><ele>188.000</ele></trkpt>
      <trkpt lat="22.4940774613" lon="114.1709875388"><ele>188.000</ele></trkpt>
      <trkpt lat="22.4940641413" lon="114.1709836229"><ele>188.000</ele></trkpt>
      <trkpt lat="22.4940567905" lon="114.1709806786"><ele>188.000</ele></trkpt>
      <trkpt lat="22.4940388831" lon="114.1709762771"><ele>188.000</ele></trkpt>
      <trkpt lat="22.4940218876" lon="114.1709708843"><ele>188.000</ele></trkpt>
      <trkpt lat="22.4940030773" lon="114.1709704380"><ele>188.000</ele></trkpt>
      <trkpt lat="22.4939833459" lon="114.1709719646"><ele>188.000</ele></trkpt>
      <trkpt lat="22.4939755437" lon="114.1709719844"><ele>188.000</ele></trkpt>
      <trkpt lat="22.4939686626" lon="114.1709739866"><ele>188.000</ele></trkpt>
      <trkpt lat="22.4939613301" lon="114.1709784475"><ele>188.000</ele></trkpt>
      <trkpt lat="22.4939544580" lon="114.1709819269"><ele>188.000</ele></trkpt>
      <trkpt lat="22.4939443804" lon="114.1709903529"><ele>193.000</ele></trkpt>
      <trkpt lat="22.4939379690" lon="114.1709943181"><ele>193.000</ele></trkpt>
      <trkpt lat="22.4939315485" lon="114.1709973019"><ele>193.000</ele></trkpt>
      <trkpt lat="22.4939265005" lon="114.1709983030"><ele>193.000</ele></trkpt>
      <trkpt lat="22.4939141108" lon="114.1709978468"><ele>193.000</ele></trkpt>
      <trkpt lat="22.4938897646" lon="114.1709899956"><ele>190.000</ele></trkpt>
      <trkpt lat="22.4938764536" lon="114.1709865754"><ele>190.000</ele></trkpt>
      <trkpt lat="22.4938341908" lon="114.1709703674"><ele>190.000</ele></trkpt>
      <trkpt lat="22.4938263793" lon="114.1709664416"><ele>190.000</ele></trkpt>
      <trkpt lat="22.4938167347" lon="114.1709634975"><ele>190.000</ele></trkpt>
      <trkpt lat="22.4938093930" lon="114.1709635172"><ele>190.000</ele></trkpt>
      <trkpt lat="22.4938006787" lon="114.1709645283"><ele>190.000</ele></trkpt>
      <trkpt lat="22.4937960913" lon="114.1709660250"><ele>190.000</ele></trkpt>
      <trkpt lat="22.4937910525" lon="114.1709699902"><ele>190.000</ele></trkpt>
      <trkpt lat="22.4937841714" lon="114.1709724783"><ele>190.000</ele></trkpt>
      <trkpt lat="22.4937782114" lon="114.1709739752"><ele>190.000</ele></trkpt>
      <trkpt lat="22.4937708789" lon="114.1709769589"><ele>190.000</ele></trkpt>
      <trkpt lat="22.4937562139" lon="114.1709868817"><ele>190.000</ele></trkpt>
      <trkpt lat="22.4937475088" lon="114.1709938208"><ele>193.000</ele></trkpt>
      <trkpt lat="22.4937383614" lon="114.1710037239"><ele>193.000</ele></trkpt>
      <trkpt lat="22.4937214209" lon="114.1710190889"><ele>193.000</ele></trkpt>
      <trkpt lat="22.4937140976" lon="114.1710284963"><ele>192.000</ele></trkpt>
      <trkpt lat="22.4937049777" lon="114.1710507608"><ele>193.000</ele></trkpt>
      <trkpt lat="22.4937004178" lon="114.1710641137"><ele>193.000</ele></trkpt>
      <trkpt lat="22.4936913254" lon="114.1710987299"><ele>195.000</ele></trkpt>
      <trkpt lat="22.4936890683" lon="114.1711130641"><ele>195.000</ele></trkpt>
      <trkpt lat="22.4936868205" lon="114.1711343274"><ele>195.000</ele></trkpt>
      <trkpt lat="22.4936868571" lon="114.1711471747"><ele>197.000</ele></trkpt>
      <trkpt lat="22.4936850424" lon="114.1711580493"><ele>197.000</ele></trkpt>
      <trkpt lat="22.4936827760" lon="114.1711669511"><ele>197.000</ele></trkpt>
      <trkpt lat="22.4936681568" lon="114.1711941721"><ele>196.000</ele></trkpt>
      <trkpt lat="22.4936645089" lon="114.1712040652"><ele>196.000</ele></trkpt>
      <trkpt lat="22.4936604187" lon="114.1712208777"><ele>196.000</ele></trkpt>
      <trkpt lat="22.4936576827" lon="114.1712292839"><ele>196.000</ele></trkpt>
      <trkpt lat="22.4936581708" lon="114.1712396628"><ele>196.000</ele></trkpt>
      <trkpt lat="22.4936577377" lon="114.1712505373"><ele>196.000</ele></trkpt>
      <trkpt lat="22.4936554623" lon="114.1712579523"><ele>196.000</ele></trkpt>
      <trkpt lat="22.4936527263" lon="114.1712638902"><ele>196.000</ele></trkpt>
      <trkpt lat="22.4936449515" lon="114.1712767572"><ele>196.000</ele></trkpt>
      <trkpt lat="22.4936321563" lon="114.1713005087"><ele>198.000</ele></trkpt>
      <trkpt lat="22.4936303414" lon="114.1713069422"><ele>198.000</ele></trkpt>
      <trkpt lat="22.4936289871" lon="114.1713148527"><ele>195.000</ele></trkpt>
      <trkpt lat="22.4936290146" lon="114.1713257273"><ele>195.000</ele></trkpt>
      <trkpt lat="22.4936303964" lon="114.1713311596"><ele>198.000</ele></trkpt>
      <trkpt lat="22.4936327083" lon="114.1713360963"><ele>198.000</ele></trkpt>
      <trkpt lat="22.4936377747" lon="114.1713439872"><ele>198.000</ele></trkpt>
      <trkpt lat="22.4936423895" lon="114.1713533649"><ele>198.000</ele></trkpt>
      <trkpt lat="22.4936456319" lon="114.1713671936"><ele>198.000</ele></trkpt>
      <trkpt lat="22.4936456776" lon="114.1713839962"><ele>199.000</ele></trkpt>
      <trkpt lat="22.4936475382" lon="114.1713943653"><ele>199.000</ele></trkpt>
      <trkpt lat="22.4936540229" lon="114.1714180772"><ele>199.000</ele></trkpt>
      <trkpt lat="22.4936563441" lon="114.1714309146"><ele>200.000</ele></trkpt>
      <trkpt lat="22.4936572927" lon="114.1714422848"><ele>200.000</ele></trkpt>
      <trkpt lat="22.4936578173" lon="114.1714684750"><ele>200.000</ele></trkpt>
      <trkpt lat="22.4936569145" lon="114.1714748986"><ele>200.000</ele></trkpt>
      <trkpt lat="22.4936537180" lon="114.1714818278"><ele>200.000</ele></trkpt>
      <trkpt lat="22.4936500518" lon="114.1714857832"><ele>200.000</ele></trkpt>
      <trkpt lat="22.4936441008" lon="114.1714892625"><ele>200.000</ele></trkpt>
      <trkpt lat="22.4936386014" lon="114.1714922364"><ele>200.000</ele></trkpt>
      <trkpt lat="22.4936216335" lon="114.1714987093"><ele>199.000</ele></trkpt>
      <trkpt lat="22.4936152221" lon="114.1715026745"><ele>199.000</ele></trkpt>
      <trkpt lat="22.4936078896" lon="114.1715081364"><ele>199.000</ele></trkpt>
      <trkpt lat="22.4936001056" lon="114.1715165525"><ele>199.000</ele></trkpt>
      <trkpt lat="22.4935923217" lon="114.1715234915"><ele>199.000</ele></trkpt>
      <trkpt lat="22.4935854588" lon="114.1715304305"><ele>200.000</ele></trkpt>
      <trkpt lat="22.4935790565" lon="114.1715393422"><ele>198.000</ele></trkpt>
      <trkpt lat="22.4935731057" lon="114.1715452899"><ele>198.000</ele></trkpt>
      <trkpt lat="22.4935602829" lon="114.1715556984"><ele>198.000</ele></trkpt>
      <trkpt lat="22.4935552441" lon="114.1715621320"><ele>198.000</ele></trkpt>
      <trkpt lat="22.4935424396" lon="114.1715809466"><ele>198.000</ele></trkpt>
      <trkpt lat="22.4935268717" lon="114.1715948246"><ele>198.000</ele></trkpt>
      <trkpt lat="22.4935177151" lon="114.1716017637"><ele>198.000</ele></trkpt>
      <trkpt lat="22.4935122248" lon="114.1716082070"><ele>198.000</ele></trkpt>
      <trkpt lat="22.4935053620" lon="114.1716190915"><ele>198.000</ele></trkpt>
      <trkpt lat="22.4934985266" lon="114.1716378865"><ele>198.000</ele></trkpt>
      <trkpt lat="22.4934848101" lon="114.1716571968"><ele>198.000</ele></trkpt>
      <trkpt lat="22.4934802319" lon="114.1716651172"><ele>198.000</ele></trkpt>
      <trkpt lat="22.4934752114" lon="114.1716760016"><ele>199.000</ele></trkpt>
      <trkpt lat="22.4934674365" lon="114.1716868958"><ele>199.000</ele></trkpt>
      <trkpt lat="22.4934486812" lon="114.1717111528"><ele>198.000</ele></trkpt>
      <trkpt lat="22.4934372401" lon="114.1717240297"><ele>200.000</ele></trkpt>
      <trkpt lat="22.4934248961" lon="114.1717423487"><ele>200.000</ele></trkpt>
      <trkpt lat="22.4934052379" lon="114.1717745259"><ele>202.000</ele></trkpt>
      <trkpt lat="22.4933769385" lon="114.1718343902"><ele>202.000</ele></trkpt>
      <trkpt lat="22.4933723786" lon="114.1718487342"><ele>202.000</ele></trkpt>
      <trkpt lat="22.4933605317" lon="114.1718823688"><ele>205.000</ele></trkpt>
      <trkpt lat="22.4933472940" lon="114.1719100754"><ele>204.000</ele></trkpt>
      <trkpt lat="22.4933340472" lon="114.1719343225"><ele>205.000</ele></trkpt>
      <trkpt lat="22.4933244575" lon="114.1719541185"><ele>205.000</ele></trkpt>
      <trkpt lat="22.4933167101" lon="114.1719778600"><ele>207.000</ele></trkpt>
      <trkpt lat="22.4933085204" lon="114.1720060523"><ele>205.000</ele></trkpt>
      <trkpt lat="22.4933053512" lon="114.1720223690"><ele>206.000</ele></trkpt>
      <trkpt lat="22.4932994370" lon="114.1720456051"><ele>206.000</ele></trkpt>
      <trkpt lat="22.4932994553" lon="114.1720530200"><ele>206.000</ele></trkpt>
      <trkpt lat="22.4932981284" lon="114.1720732822"><ele>206.000</ele></trkpt>
      <trkpt lat="22.4932954107" lon="114.1720876261"><ele>206.000</ele></trkpt>
      <trkpt lat="22.4932906883" lon="114.1721068389"><ele>206.000</ele></trkpt>
      <trkpt lat="22.4932879613" lon="114.1721127864"><ele>208.000</ele></trkpt>
      <trkpt lat="22.4932838890" lon="114.1721246620"><ele>208.000</ele></trkpt>
      <trkpt lat="22.4932830224" lon="114.1721365278"><ele>208.000</ele></trkpt>
      <trkpt lat="22.4932812165" lon="114.1721414840"><ele>208.000</ele></trkpt>
      <trkpt lat="22.4932757352" lon="114.1721479370"><ele>208.000</ele></trkpt>
      <trkpt lat="22.4932698206" lon="114.1721578496"><ele>208.000</ele></trkpt>
      <trkpt lat="22.4932685926" lon="114.1721614259"><ele>208.000</ele></trkpt>
      <trkpt lat="22.4932616578" lon="114.1721806193"><ele>208.000</ele></trkpt>
      <trkpt lat="22.4932584793" lon="114.1721880537"><ele>208.000</ele></trkpt>
      <trkpt lat="22.4932534767" lon="114.1721969750"><ele>208.000</ele></trkpt>
      <trkpt lat="22.4932489256" lon="114.1722044095"><ele>208.000</ele></trkpt>
      <trkpt lat="22.4932397780" lon="114.1722128548"><ele>208.000</ele></trkpt>
      <trkpt lat="22.4932352360" lon="114.1722227674"><ele>208.000</ele></trkpt>
      <trkpt lat="22.4932279579" lon="114.1722356537"><ele>208.000</ele></trkpt>
      <trkpt lat="22.4932246637" lon="114.1722408773"><ele>208.000</ele></trkpt>
      <trkpt lat="22.4932120109" lon="114.1722609406"><ele>208.000</ele></trkpt>
      <trkpt lat="22.4932074689" lon="114.1722708435"><ele>208.000</ele></trkpt>
      <trkpt lat="22.4932029088" lon="114.1722787735"><ele>208.000</ele></trkpt>
      <trkpt lat="22.4931956216" lon="114.1722896871"><ele>208.000</ele></trkpt>
      <trkpt lat="22.4931855710" lon="114.1723001149"><ele>208.000</ele></trkpt>
      <trkpt lat="22.4931791958" lon="114.1723100373"><ele>208.000</ele></trkpt>
      <trkpt lat="22.4931746266" lon="114.1723150033"><ele>210.000</ele></trkpt>
      <trkpt lat="22.4931659577" lon="114.1723259170"><ele>210.000</ele></trkpt>
      <trkpt lat="22.4931618581" lon="114.1723323602"><ele>210.000</ele></trkpt>
      <trkpt lat="22.4931605218" lon="114.1723412619"><ele>210.000</ele></trkpt>
      <trkpt lat="22.4931560253" lon="114.1723615534"><ele>210.000</ele></trkpt>
      <trkpt lat="22.4931542103" lon="114.1723669955"><ele>210.000</ele></trkpt>
      <trkpt lat="22.4931491986" lon="114.1723744397"><ele>210.000</ele></trkpt>
      <trkpt lat="22.4931396722" lon="114.1723986962"><ele>210.000</ele></trkpt>
      <trkpt lat="22.4931337576" lon="114.1724086186"><ele>209.000</ele></trkpt>
      <trkpt lat="22.4931160229" lon="114.1724447800"><ele>210.000</ele></trkpt>
      <trkpt lat="22.4930928068" lon="114.1724859171"><ele>210.000</ele></trkpt>
      <trkpt lat="22.4930818442" lon="114.1724968503"><ele>212.000</ele></trkpt>
      <trkpt lat="22.4930699605" lon="114.1725077834"><ele>212.000</ele></trkpt>
      <trkpt lat="22.4930534984" lon="114.1725197274"><ele>212.000</ele></trkpt>
      <trkpt lat="22.4930461839" lon="114.1725256945"><ele>212.000</ele></trkpt>
      <trkpt lat="22.4930383999" lon="114.1725306801"><ele>214.000</ele></trkpt>
      <trkpt lat="22.4930310945" lon="114.1725381341"><ele>214.000</ele></trkpt>
      <trkpt lat="22.4930256132" lon="114.1725450729"><ele>214.000</ele></trkpt>
      <trkpt lat="22.4930187593" lon="114.1725500585"><ele>214.000</ele></trkpt>
      <trkpt lat="22.4930087178" lon="114.1725629546"><ele>214.000</ele></trkpt>
      <trkpt lat="22.4929968613" lon="114.1725793299"><ele>217.000</ele></trkpt>
      <trkpt lat="22.4929936828" lon="114.1725862589"><ele>217.000</ele></trkpt>
      <trkpt lat="22.4929909649" lon="114.1725941792"><ele>216.000</ele></trkpt>
      <trkpt lat="22.4929896468" lon="114.1726075318"><ele>216.000</ele></trkpt>
      <trkpt lat="22.4929984700" lon="114.1726282407"><ele>214.000</ele></trkpt>
      <trkpt lat="22.4930040058" lon="114.1726341491"><ele>214.000</ele></trkpt>
      <trkpt lat="22.4930086205" lon="114.1726400478"><ele>214.000</ele></trkpt>
      <trkpt lat="22.4930104809" lon="114.1726464713"><ele>214.000</ele></trkpt>
      <trkpt lat="22.4930091356" lon="114.1726523994"><ele>214.000</ele></trkpt>
      <trkpt lat="22.4930068600" lon="114.1726568600"><ele>214.000</ele></trkpt>
      <trkpt lat="22.4930046207" lon="114.1726677443"><ele>214.000</ele></trkpt>
      <trkpt lat="22.4930055873" lon="114.1726796003"><ele>214.000</ele></trkpt>
      <trkpt lat="22.4930047297" lon="114.1726919616"><ele>214.000</ele></trkpt>
      <trkpt lat="22.4930048296" lon="114.1727127193"><ele>214.000</ele></trkpt>
      <trkpt lat="22.4930035024" lon="114.1727231080"><ele>214.000</ele></trkpt>
      <trkpt lat="22.4930044417" lon="114.1727295218"><ele>214.000</ele></trkpt>
      <trkpt lat="22.4930072414" lon="114.1727388997"><ele>214.000</ele></trkpt>
      <trkpt lat="22.4930109349" lon="114.1727428353"><ele>214.000</ele></trkpt>
      <trkpt lat="22.4930109712" lon="114.1727502502"><ele>214.000</ele></trkpt>
      <trkpt lat="22.4930096622" lon="114.1727650800"><ele>214.000</ele></trkpt>
      <trkpt lat="22.4930079017" lon="114.1727818922"><ele>214.000</ele></trkpt>
      <trkpt lat="22.4930056716" lon="114.1727962361"><ele>216.000</ele></trkpt>
      <trkpt lat="22.4930038747" lon="114.1728041563"><ele>216.000</ele></trkpt>
      <trkpt lat="22.4930006871" lon="114.1728096083"><ele>216.000</ele></trkpt>
      <trkpt lat="22.4929956664" lon="114.1728160515"><ele>218.000</ele></trkpt>
      <trkpt lat="22.4929865369" lon="114.1728259835"><ele>218.000</ele></trkpt>
      <trkpt lat="22.4929774528" lon="114.1728457989"><ele>218.000</ele></trkpt>
      <trkpt lat="22.4929738319" lon="114.1728566929"><ele>218.000</ele></trkpt>
      <trkpt lat="22.4929701928" lon="114.1728636317"><ele>218.000</ele></trkpt>
      <trkpt lat="22.4929642600" lon="114.1728720574"><ele>218.000</ele></trkpt>
      <trkpt lat="22.4929523763" lon="114.1728820090"><ele>220.000</ele></trkpt>
      <trkpt lat="22.4929386593" lon="114.1728924562"><ele>220.000</ele></trkpt>
      <trkpt lat="22.4929285997" lon="114.1729014068"><ele>220.000</ele></trkpt>
      <trkpt lat="22.4929112255" lon="114.1729148376"><ele>220.000</ele></trkpt>
      <trkpt lat="22.4928869975" lon="114.1729362083"><ele>222.000</ele></trkpt>
      <trkpt lat="22.4928741835" lon="114.1729451686"><ele>222.000</ele></trkpt>
      <trkpt lat="22.4928622907" lon="114.1729526421"><ele>222.000</ele></trkpt>
      <trkpt lat="22.4928435076" lon="114.1729601547"><ele>222.000</ele></trkpt>
      <trkpt lat="22.4928128318" lon="114.1729766179"><ele>224.000</ele></trkpt>
      <trkpt lat="22.4928032145" lon="114.1729806219"><ele>224.000</ele></trkpt>
      <trkpt lat="22.4927830497" lon="114.1729866574"><ele>224.000</ele></trkpt>
      <trkpt lat="22.4927660726" lon="114.1729882322"><ele>224.000</ele></trkpt>
      <trkpt lat="22.4927490955" lon="114.1729888060"><ele>224.000</ele></trkpt>
      <trkpt lat="22.4926912648" lon="114.1729896045"><ele>226.000</ele></trkpt>
      <trkpt lat="22.4926751997" lon="114.1729882055"><ele>226.000</ele></trkpt>
      <trkpt lat="22.4926444239" lon="114.1729819383"><ele>229.000</ele></trkpt>
      <trkpt lat="22.4926310950" lon="114.1729785471"><ele>230.000</ele></trkpt>
      <trkpt lat="22.4926164025" lon="114.1729766428"><ele>230.000</ele></trkpt>
      <trkpt lat="22.4925948289" lon="114.1729772459"><ele>230.000</ele></trkpt>
      <trkpt lat="22.4925833603" lon="114.1729782957"><ele>231.000</ele></trkpt>
      <trkpt lat="22.4925751246" lon="114.1729827857"><ele>228.000</ele></trkpt>
      <trkpt lat="22.4925654983" lon="114.1729862941"><ele>228.000</ele></trkpt>
      <trkpt lat="22.4925540388" lon="114.1729888211"><ele>228.000</ele></trkpt>
      <trkpt lat="22.4925278868" lon="114.1729914263"><ele>230.000</ele></trkpt>
      <trkpt lat="22.4925145941" lon="114.1729939728"><ele>230.000</ele></trkpt>
      <trkpt lat="22.4924769826" lon="114.1729991049"><ele>230.000</ele></trkpt>
      <trkpt lat="22.4924627507" lon="114.1729981918"><ele>230.000</ele></trkpt>
      <trkpt lat="22.4924512640" lon="114.1729962680"><ele>230.000</ele></trkpt>
      <trkpt lat="22.4924370320" lon="114.1729948593"><ele>230.000</ele></trkpt>
      <trkpt lat="22.4924241818" lon="114.1729949276"><ele>230.000</ele></trkpt>
      <trkpt lat="22.4924122436" lon="114.1729949863"><ele>230.000</ele></trkpt>
      <trkpt lat="22.4924030778" lon="114.1729965220"><ele>232.000</ele></trkpt>
      <trkpt lat="22.4923875005" lon="114.1730025281"><ele>232.000</ele></trkpt>
      <trkpt lat="22.4923710202" lon="114.1730120036"><ele>232.000</ele></trkpt>
      <trkpt lat="22.4923595698" lon="114.1730169990"><ele>232.000</ele></trkpt>
      <trkpt lat="22.4923531492" lon="114.1730180293"><ele>232.000</ele></trkpt>
      <trkpt lat="22.4923462771" lon="114.1730210226"><ele>232.000</ele></trkpt>
      <trkpt lat="22.4923380324" lon="114.1730235398"><ele>232.000</ele></trkpt>
      <trkpt lat="22.4923247216" lon="114.1730245994"><ele>232.000</ele></trkpt>
      <trkpt lat="22.4923173799" lon="114.1730246287"><ele>232.000</ele></trkpt>
      <trkpt lat="22.4923095686" lon="114.1730231907"><ele>232.000</ele></trkpt>
      <trkpt lat="22.4922944246" lon="114.1730227732"><ele>232.000</ele></trkpt>
      <trkpt lat="22.4922875435" lon="114.1730242894"><ele>232.000</ele></trkpt>
      <trkpt lat="22.4922825136" lon="114.1730277783"><ele>232.000</ele></trkpt>
      <trkpt lat="22.4922775019" lon="114.1730347171"><ele>230.000</ele></trkpt>
      <trkpt lat="22.4922738628" lon="114.1730416558"><ele>231.000</ele></trkpt>
      <trkpt lat="22.4922715964" lon="114.1730490804"><ele>231.000</ele></trkpt>
      <trkpt lat="22.4922698539" lon="114.1730678751"><ele>231.000</ele></trkpt>
      <trkpt lat="22.4922698903" lon="114.1730767670"><ele>231.000</ele></trkpt>
      <trkpt lat="22.4922653845" lon="114.1730955714"><ele>230.000</ele></trkpt>
      <trkpt lat="22.4922622150" lon="114.1731034917"><ele>230.000</ele></trkpt>
      <trkpt lat="22.4922462589" lon="114.1731277968"><ele>230.000</ele></trkpt>
      <trkpt lat="22.4922366869" lon="114.1731406928"><ele>229.000</ele></trkpt>
      <trkpt lat="22.4922316571" lon="114.1731451632"><ele>229.000</ele></trkpt>
      <trkpt lat="22.4922270878" lon="114.1731501292"><ele>231.000</ele></trkpt>
      <trkpt lat="22.4922087744" lon="114.1731591188"><ele>231.000</ele></trkpt>
      <trkpt lat="22.4921978208" lon="114.1731720246"><ele>231.000</ele></trkpt>
      <trkpt lat="22.4921845554" lon="114.1731814805"><ele>232.000</ele></trkpt>
      <trkpt lat="22.4921772318" lon="114.1731854748"><ele>232.000</ele></trkpt>
      <trkpt lat="22.4921667025" lon="114.1731924429"><ele>232.000</ele></trkpt>
      <trkpt lat="22.4921580245" lon="114.1732008880"><ele>232.000</ele></trkpt>
      <trkpt lat="22.4921497979" lon="114.1732078560"><ele>232.000</ele></trkpt>
      <trkpt lat="22.4921370112" lon="114.1732227443"><ele>234.000</ele></trkpt>
      <trkpt lat="22.4921214793" lon="114.1732381477"><ele>234.000</ele></trkpt>
      <trkpt lat="22.4921073109" lon="114.1732505773"><ele>234.000</ele></trkpt>
      <trkpt lat="22.4920986328" lon="114.1732590225"><ele>234.000</ele></trkpt>
      <trkpt lat="22.4920876521" lon="114.1732674774"><ele>236.000</ele></trkpt>
      <trkpt lat="22.4920803466" lon="114.1732749312"><ele>235.000</ele></trkpt>
      <trkpt lat="22.4920707384" lon="114.1732823852"><ele>235.000</ele></trkpt>
      <trkpt lat="22.4920538339" lon="114.1732977983"><ele>235.000</ele></trkpt>
      <trkpt lat="22.4920351052" lon="114.1733176623"><ele>238.000</ele></trkpt>
      <trkpt lat="22.4920277817" lon="114.1733226381"><ele>238.000</ele></trkpt>
      <trkpt lat="22.4920099560" lon="114.1733370600"><ele>238.000</ele></trkpt>
      <trkpt lat="22.4919912274" lon="114.1733564381"><ele>239.000</ele></trkpt>
      <trkpt lat="22.4919825312" lon="114.1733614236"><ele>239.000</ele></trkpt>
      <trkpt lat="22.4919756682" lon="114.1733663994"><ele>239.000</ele></trkpt>
      <trkpt lat="22.4919683356" lon="114.1733694024"><ele>239.000</ele></trkpt>
      <trkpt lat="22.4919601000" lon="114.1733743879"><ele>239.000</ele></trkpt>
      <trkpt lat="22.4919541580" lon="114.1733788680"><ele>242.000</ele></trkpt>
      <trkpt lat="22.4919486767" lon="114.1733853112"><ele>242.000</ele></trkpt>
      <trkpt lat="22.4919473313" lon="114.1733912489"><ele>242.000</ele></trkpt>
      <trkpt lat="22.4919460041" lon="114.1734026287"><ele>242.000</ele></trkpt>
      <trkpt lat="22.4919474856" lon="114.1734243677"><ele>242.000</ele></trkpt>
      <trkpt lat="22.4919488944" lon="114.1734312771"><ele>242.000</ele></trkpt>
      <trkpt lat="22.4919489217" lon="114.1734381963"><ele>242.000</ele></trkpt>
      <trkpt lat="22.4919457613" lon="114.1734490805"><ele>242.000</ele></trkpt>
      <trkpt lat="22.4919421312" lon="114.1734575061"><ele>242.000</ele></trkpt>
      <trkpt lat="22.4919408040" lon="114.1734678849"><ele>242.000</ele></trkpt>
      <trkpt lat="22.4919417886" lon="114.1734827047"><ele>242.000</ele></trkpt>
      <trkpt lat="22.4919459608" lon="114.1734920728"><ele>242.000</ele></trkpt>
      <trkpt lat="22.4919487514" lon="114.1735004690"><ele>242.000</ele></trkpt>
      <trkpt lat="22.4919506481" lon="114.1735133064"><ele>242.000</ele></trkpt>
      <trkpt lat="22.4919511721" lon="114.1735276306"><ele>242.000</ele></trkpt>
      <trkpt lat="22.4919535475" lon="114.1735444232"><ele>242.000</ele></trkpt>
      <trkpt lat="22.4919577650" lon="114.1735631788"><ele>242.000</ele></trkpt>
      <trkpt lat="22.4919610615" lon="114.1735809529"><ele>240.000</ele></trkpt>
      <trkpt lat="22.4919615946" lon="114.1735967640"><ele>240.000</ele></trkpt>
      <trkpt lat="22.4919625701" lon="114.1736096111"><ele>240.000</ele></trkpt>
      <trkpt lat="22.4919644486" lon="114.1736184933"><ele>241.000</ele></trkpt>
      <trkpt lat="22.4919672392" lon="114.1736268895"><ele>241.000</ele></trkpt>
      <trkpt lat="22.4919797015" lon="114.1736421367"><ele>241.000</ele></trkpt>
      <trkpt lat="22.4919870976" lon="114.1736534677"><ele>241.000</ele></trkpt>
      <trkpt lat="22.4920019080" lon="114.1736800848"><ele>241.000</ele></trkpt>
      <trkpt lat="22.4920047076" lon="114.1736884714"><ele>240.000</ele></trkpt>
      <trkpt lat="22.4920135670" lon="114.1737195589"><ele>240.000</ele></trkpt>
      <trkpt lat="22.4920140729" lon="114.1737294421"><ele>240.000</ele></trkpt>
      <trkpt lat="22.4920187963" lon="114.1737575852"><ele>240.000</ele></trkpt>
      <trkpt lat="22.4920188417" lon="114.1737684596"><ele>240.000</ele></trkpt>
      <trkpt lat="22.4920175144" lon="114.1737793340"><ele>240.000</ele></trkpt>
      <trkpt lat="22.4920152751" lon="114.1737907138"><ele>240.000</ele></trkpt>
      <trkpt lat="22.4920139750" lon="114.1738065347"><ele>240.000</ele></trkpt>
      <trkpt lat="22.4920135689" lon="114.1738188960"><ele>242.000</ele></trkpt>
      <trkpt lat="22.4920150231" lon="114.1738351930"><ele>242.000</ele></trkpt>
      <trkpt lat="22.4920155381" lon="114.1738480401"><ele>242.000</ele></trkpt>
      <trkpt lat="22.4920146713" lon="114.1738584189"><ele>242.000</ele></trkpt>
      <trkpt lat="22.4920097684" lon="114.1738900801"><ele>242.000</ele></trkpt>
      <trkpt lat="22.4920089017" lon="114.1739014502"><ele>242.000</ele></trkpt>
      <trkpt lat="22.4920098591" lon="114.1739098465"><ele>244.000</ele></trkpt>
      <trkpt lat="22.4920159370" lon="114.1739335290"><ele>244.000</ele></trkpt>
      <trkpt lat="22.4920233965" lon="114.1739582028"><ele>244.000</ele></trkpt>
      <trkpt lat="22.4920340619" lon="114.1739823711"><ele>244.000</ele></trkpt>
      <trkpt lat="22.4920373311" lon="114.1739932260"><ele>244.000</ele></trkpt>
      <trkpt lat="22.4920382794" lon="114.1740001355"><ele>244.000</ele></trkpt>
      <trkpt lat="22.4920383156" lon="114.1740080459"><ele>246.000</ele></trkpt>
      <trkpt lat="22.4920351733" lon="114.1740238765"><ele>246.000</ele></trkpt>
      <trkpt lat="22.4920347581" lon="114.1740322729"><ele>246.000</ele></trkpt>
      <trkpt lat="22.4920357880" lon="114.1740559944"><ele>246.000</ele></trkpt>
      <trkpt lat="22.4920376664" lon="114.1740653722"><ele>246.000</ele></trkpt>
      <trkpt lat="22.4920427688" lon="114.1740781998"><ele>246.000</ele></trkpt>
      <trkpt lat="22.4920474016" lon="114.1740860810"><ele>246.000</ele></trkpt>
      <trkpt lat="22.4920538584" lon="114.1740944480"><ele>245.000</ele></trkpt>
      <trkpt lat="22.4920584731" lon="114.1740993652"><ele>245.000</ele></trkpt>
      <trkpt lat="22.4920640269" lon="114.1741082376"><ele>246.000</ele></trkpt>
      <trkpt lat="22.4920672689" lon="114.1741151373"><ele>246.000</ele></trkpt>
      <trkpt lat="22.4920733559" lon="114.1741408023"><ele>246.000</ele></trkpt>
      <trkpt lat="22.4920762189" lon="114.1741654956"><ele>247.000</ele></trkpt>
      <trkpt lat="22.4920781064" lon="114.1741753691"><ele>247.000</ele></trkpt>
      <trkpt lat="22.4920827754" lon="114.1741931431"><ele>247.000</ele></trkpt>
      <trkpt lat="22.4920873901" lon="114.1741985560"><ele>248.000</ele></trkpt>
      <trkpt lat="22.4920929167" lon="114.1742019863"><ele>248.000</ele></trkpt>
      <trkpt lat="22.4921011886" lon="114.1742039200"><ele>246.000</ele></trkpt>
      <trkpt lat="22.4921237106" lon="114.1742126949"><ele>246.000</ele></trkpt>
      <trkpt lat="22.4921297159" lon="114.1742195848"><ele>246.000</ele></trkpt>
      <trkpt lat="22.4921340596" lon="114.1742263485"><ele>246.000</ele></trkpt>
      <trkpt lat="22.4921366579" lon="114.1742391771"><ele>246.000</ele></trkpt>
      <trkpt lat="22.4921370608" lon="114.1742494296"><ele>246.000</ele></trkpt>
      <trkpt lat="22.4921335591" lon="114.1742684827"><ele>246.000</ele></trkpt>
      <trkpt lat="22.4921263924" lon="114.1743141223"><ele>247.000</ele></trkpt>
      <trkpt lat="22.4921222109" lon="114.1743443346"><ele>248.000</ele></trkpt>
      <trkpt lat="22.4921138491" lon="114.1743668328"><ele>248.000</ele></trkpt>
      <trkpt lat="22.4920959296" lon="114.1743964020"><ele>248.000</ele></trkpt>
      <trkpt lat="22.4920756207" lon="114.1744233998"><ele>249.000</ele></trkpt>
      <trkpt lat="22.4920469495" lon="114.1744484698"><ele>250.000</ele></trkpt>
      <trkpt lat="22.4920254465" lon="114.1744632550"><ele>250.000</ele></trkpt>
      <trkpt lat="22.4919836342" lon="114.1744767540"><ele>252.000</ele></trkpt>
      <trkpt lat="22.4919442103" lon="114.1744908963"><ele>253.000</ele></trkpt>
      <trkpt lat="22.4919071768" lon="114.1745024671"><ele>254.000</ele></trkpt>
      <trkpt lat="22.4918570014" lon="114.1745127534"><ele>254.000</ele></trkpt>
      <trkpt lat="22.4917966721" lon="114.1745230389"><ele>254.000</ele></trkpt>
      <trkpt lat="22.4917345504" lon="114.1745397529"><ele>254.000</ele></trkpt>
      <trkpt lat="22.4916933349" lon="114.1745526104"><ele>254.000</ele></trkpt>
      <trkpt lat="22.4916473415" lon="114.1745693241"><ele>254.000</ele></trkpt>
      <trkpt lat="22.4915977639" lon="114.1745815374"><ele>256.000</ele></trkpt>
      <trkpt lat="22.4915696894" lon="114.1745892519"><ele>256.000</ele></trkpt>
      <trkpt lat="22.4915248907" lon="114.1746098216"><ele>256.000</ele></trkpt>
      <trkpt lat="22.4914848699" lon="114.1746188221"><ele>257.000</ele></trkpt>
      <trkpt lat="22.4914490302" lon="114.1746278214"><ele>258.000</ele></trkpt>
      <trkpt lat="22.4914245399" lon="114.1746400353"><ele>256.000</ele></trkpt>
      <trkpt lat="22.4913833253" lon="114.1746554631"><ele>258.000</ele></trkpt>
      <trkpt lat="22.4913474856" lon="114.1746689629"><ele>258.000</ele></trkpt>
      <trkpt lat="22.4912895459" lon="114.1746837476"><ele>258.000</ele></trkpt>
      <trkpt lat="22.4912035306" lon="114.1746972481"><ele>258.000</ele></trkpt>
      <trkpt lat="22.4911372276" lon="114.1747043199"><ele>260.000</ele></trkpt>
      <trkpt lat="22.4910780931" lon="114.1747171766"><ele>261.000</ele></trkpt>
      <trkpt lat="22.4910428511" lon="114.1747242479"><ele>263.000</ele></trkpt>
      <trkpt lat="22.4910105955" lon="114.1747287487"><ele>264.000</ele></trkpt>
      <trkpt lat="22.4909831188" lon="114.1747383903"><ele>261.000</ele></trkpt>
      <trkpt lat="22.4909407087" lon="114.1747583184"><ele>262.000</ele></trkpt>
      <trkpt lat="22.4909126351" lon="114.1747698889"><ele>264.000</ele></trkpt>
      <trkpt lat="22.4908421503" lon="114.1747872452"><ele>262.000</ele></trkpt>
      <trkpt lat="22.4907812234" lon="114.1748071735"><ele>265.000</ele></trkpt>
      <trkpt lat="22.4907143237" lon="114.1748316004"><ele>266.000</ele></trkpt>
      <trkpt lat="22.4906934175" lon="114.1748393147"><ele>266.000</ele></trkpt>
      <trkpt lat="22.4906854347" lon="114.1748452379"><ele>266.000</ele></trkpt>
      <trkpt lat="22.4906599429" lon="114.1748543818"><ele>266.000</ele></trkpt>
      <trkpt lat="22.4906437984" lon="114.1748589543"><ele>266.000</ele></trkpt>
      <trkpt lat="22.4906268032" lon="114.1748580401"><ele>266.000</ele></trkpt>
      <trkpt lat="22.4906098088" lon="114.1748525536"><ele>266.000</ele></trkpt>
      <trkpt lat="22.4905980141" lon="114.1748431867"><ele>266.000</ele></trkpt>
      <trkpt lat="22.4905900265" lon="114.1748307383"><ele>266.000</ele></trkpt>
      <trkpt lat="22.4905906440" lon="114.1748177892"><ele>267.000</ele></trkpt>
      <trkpt lat="22.4905976460" lon="114.1748032570"><ele>267.000</ele></trkpt>
      <trkpt lat="22.4906000020" lon="114.1747961357"><ele>267.000</ele></trkpt>
      <trkpt lat="22.4905997174" lon="114.1747895130"><ele>267.000</ele></trkpt>
      <trkpt lat="22.4905942647" lon="114.1747771286"><ele>268.000</ele></trkpt>
      <trkpt lat="22.4905858600" lon="114.1747652205"><ele>268.000</ele></trkpt>
      <trkpt lat="22.4905743099" lon="114.1747497829"><ele>268.000</ele></trkpt>
      <trkpt lat="22.4905548544" lon="114.1747232019"><ele>270.000</ele></trkpt>
      <trkpt lat="22.4905453065" lon="114.1747134142"><ele>270.000</ele></trkpt>
      <trkpt lat="22.4905311350" lon="114.1747074681"><ele>270.000</ele></trkpt>
      <trkpt lat="22.4905257204" lon="114.1747098422"><ele>270.000</ele></trkpt>
      <trkpt lat="22.4905149627" lon="114.1747266689"><ele>270.000</ele></trkpt>
      <trkpt lat="22.4905022004" lon="114.1747548295"><ele>268.000</ele></trkpt>
      <trkpt lat="22.4904917777" lon="114.1747746958"><ele>268.000</ele></trkpt>
      <trkpt lat="22.4904733706" lon="114.1748057913"><ele>268.000</ele></trkpt>
      <trkpt lat="22.4904558899" lon="114.1748349791"><ele>266.000</ele></trkpt>
      <trkpt lat="22.4904328538" lon="114.1748734418"><ele>266.000</ele></trkpt>
      <trkpt lat="22.4904173453" lon="114.1748981448"><ele>264.000</ele></trkpt>
      <trkpt lat="22.4904014954" lon="114.1749196554"><ele>264.000</ele></trkpt>
      <trkpt lat="22.4903813705" lon="114.1749444800"><ele>264.000</ele></trkpt>
      <trkpt lat="22.4903680616" lon="114.1749589034"><ele>262.000</ele></trkpt>
      <trkpt lat="22.4903498881" lon="114.1749741772"><ele>262.000</ele></trkpt>
      <trkpt lat="22.4903352562" lon="114.1749768760"><ele>262.000</ele></trkpt>
      <trkpt lat="22.4903261255" lon="114.1749708579"><ele>262.000</ele></trkpt>
      <trkpt lat="22.4903135324" lon="114.1749528120"><ele>262.000</ele></trkpt>
      <trkpt lat="22.4903053534" lon="114.1749377757"><ele>262.000</ele></trkpt>
      <trkpt lat="22.4902972998" lon="114.1749181185"><ele>262.000</ele></trkpt>
      <trkpt lat="22.4902899344" lon="114.1748958881"><ele>262.000</ele></trkpt>
      <trkpt lat="22.4902867058" lon="114.1748768130"><ele>260.000</ele></trkpt>
      <trkpt lat="22.4902846935" lon="114.1748577865"><ele>260.000</ele></trkpt>
      <trkpt lat="22.4902814820" lon="114.1748286087"><ele>260.000</ele></trkpt>
      <trkpt lat="22.4902803873" lon="114.1748149512"><ele>260.000</ele></trkpt>
      <trkpt lat="22.4902795093" lon="114.1747976292"><ele>260.000</ele></trkpt>
      <trkpt lat="22.4902786783" lon="114.1747812177"><ele>260.000</ele></trkpt>
      <trkpt lat="22.4902762281" lon="114.1747607423"><ele>260.000</ele></trkpt>
      <trkpt lat="22.4902742341" lon="114.1747514132"><ele>260.000</ele></trkpt>
      <trkpt lat="22.4902616851" lon="114.1747256999"><ele>262.000</ele></trkpt>
      <trkpt lat="22.4902479650" lon="114.1747124586"><ele>262.000</ele></trkpt>
      <trkpt lat="22.4902276094" lon="114.1746955684"><ele>260.000</ele></trkpt>
      <trkpt lat="22.4902036415" lon="114.1746780446"><ele>260.000</ele></trkpt>
      <trkpt lat="22.4901848717" lon="114.1746663766"><ele>260.000</ele></trkpt>
      <trkpt lat="22.4901669309" lon="114.1746599107"><ele>260.000</ele></trkpt>
      <trkpt lat="22.4901438988" lon="114.1746551376"><ele>260.000</ele></trkpt>
      <trkpt lat="22.4901152209" lon="114.1746523102"><ele>260.000</ele></trkpt>
      <trkpt lat="22.4900816223" lon="114.1746479902"><ele>260.000</ele></trkpt>
      <trkpt lat="22.4900568428" lon="114.1746445641"><ele>260.000</ele></trkpt>
      <trkpt lat="22.4900317888" lon="114.1746411001"><ele>260.000</ele></trkpt>
      <trkpt lat="22.4900104409" lon="114.1746353348"><ele>259.000</ele></trkpt>
      <trkpt lat="22.4899881826" lon="114.1746244473"><ele>261.000</ele></trkpt>
      <trkpt lat="22.4899643855" lon="114.1746108466"><ele>260.000</ele></trkpt>
      <trkpt lat="22.4899372055" lon="114.1745941383"><ele>260.000</ele></trkpt>
      <trkpt lat="22.4899036744" lon="114.1745728850"><ele>262.000</ele></trkpt>
      <trkpt lat="22.4898860849" lon="114.1745618089"><ele>262.000</ele></trkpt>
      <trkpt lat="22.4898661834" lon="114.1745460829"><ele>262.000</ele></trkpt>
      <trkpt lat="22.4898532083" lon="114.1745292509"><ele>263.000</ele></trkpt>
      <trkpt lat="22.4898409935" lon="114.1745095278"><ele>263.000</ele></trkpt>
      <trkpt lat="22.4898268679" lon="114.1744945286"><ele>262.000</ele></trkpt>
      <trkpt lat="22.4898140600" lon="114.1744862298"><ele>264.000</ele></trkpt>
      <trkpt lat="22.4897956676" lon="114.1744767747"><ele>264.000</ele></trkpt>
      <trkpt lat="22.4897784159" lon="114.1744725934"><ele>264.000</ele></trkpt>
      <trkpt lat="22.4897594637" lon="114.1744710253"><ele>264.000</ele></trkpt>
      <trkpt lat="22.4897335365" lon="114.1744688790"><ele>264.000</ele></trkpt>
      <trkpt lat="22.4897003226" lon="114.1744655328"><ele>264.000</ele></trkpt>
      <trkpt lat="22.4896829842" lon="114.1744623408"><ele>264.000</ele></trkpt>
      <trkpt lat="22.4896630892" lon="114.1744559352"><ele>264.000</ele></trkpt>
      <trkpt lat="22.4896359879" lon="114.1744455249"><ele>264.000</ele></trkpt>
      <trkpt lat="22.4896135996" lon="114.1744365986"><ele>264.000</ele></trkpt>
      <trkpt lat="22.4895861506" lon="114.1744259726"><ele>264.000</ele></trkpt>
      <trkpt lat="22.4895623672" lon="114.1744190550"><ele>264.000</ele></trkpt>
      <trkpt lat="22.4895363604" lon="114.1744147018"><ele>264.000</ele></trkpt>
      <trkpt lat="22.4895075408" lon="114.1744133244"><ele>264.000</ele></trkpt>
      <trkpt lat="22.4894787943" lon="114.1744131120"><ele>264.000</ele></trkpt>
      <trkpt lat="22.4894379850" lon="114.1744128096"><ele>265.000</ele></trkpt>
      <trkpt lat="22.4894080826" lon="114.1744123154"><ele>266.000</ele></trkpt>
      <trkpt lat="22.4893882789" lon="114.1744115082"><ele>266.000</ele></trkpt>
      <trkpt lat="22.4893584776" lon="114.1744077237"><ele>266.000</ele></trkpt>
      <trkpt lat="22.4893392690" lon="114.1744035736"><ele>268.000</ele></trkpt>
      <trkpt lat="22.4893025087" lon="114.1743938574"><ele>268.000</ele></trkpt>
      <trkpt lat="22.4892808844" lon="114.1743881428"><ele>268.000</ele></trkpt>
      <trkpt lat="22.4892567217" lon="114.1743817567"><ele>268.000</ele></trkpt>
      <trkpt lat="22.4892387059" lon="114.1743756601"><ele>268.000</ele></trkpt>
      <trkpt lat="22.4892095013" lon="114.1743568674"><ele>268.000</ele></trkpt>
      <trkpt lat="22.4891793981" lon="114.1743369329"><ele>268.000</ele></trkpt>
      <trkpt lat="22.4891495217" lon="114.1743179109"><ele>268.000</ele></trkpt>
      <trkpt lat="22.4891205591" lon="114.1742994700"><ele>268.000</ele></trkpt>
      <trkpt lat="22.4890959446" lon="114.1742824080"><ele>268.000</ele></trkpt>
      <trkpt lat="22.4890792589" lon="114.1742700483"><ele>268.000</ele></trkpt>
      <trkpt lat="22.4890632830" lon="114.1742550055"><ele>268.000</ele></trkpt>
      <trkpt lat="22.4890415058" lon="114.1742345005"><ele>268.000</ele></trkpt>
      <trkpt lat="22.4890263472" lon="114.1742202274"><ele>268.000</ele></trkpt>
      <trkpt lat="22.4890093236" lon="114.1742005687"><ele>268.000</ele></trkpt>
      <trkpt lat="22.4889976561" lon="114.1741870952"><ele>268.000</ele></trkpt>
      <trkpt lat="22.4889990068" lon="114.1741725137"><ele>268.000</ele></trkpt>
      <trkpt lat="22.4889965249" lon="114.1741523183"><ele>268.000</ele></trkpt>
      <trkpt lat="22.4889935953" lon="114.1741423101"><ele>270.000</ele></trkpt>
      <trkpt lat="22.4889887828" lon="114.1741318859"><ele>270.000</ele></trkpt>
      <trkpt lat="22.4889779695" lon="114.1741141104"><ele>268.000</ele></trkpt>
      <trkpt lat="22.4889724328" lon="114.1741050089"><ele>268.000</ele></trkpt>
      <trkpt lat="22.4889673087" lon="114.1740892060"><ele>268.000</ele></trkpt>
      <trkpt lat="22.4889615118" lon="114.1740698250"><ele>268.000</ele></trkpt>
      <trkpt lat="22.4889564923" lon="114.1740500893"><ele>268.000</ele></trkpt>
      <trkpt lat="22.4889551736" lon="114.1740332874"><ele>268.000</ele></trkpt>
      <trkpt lat="22.4889533600" lon="114.1740163659"><ele>268.000</ele></trkpt>
      <trkpt lat="22.4889525452" lon="114.1740006649"><ele>268.000</ele></trkpt>
      <trkpt lat="22.4889489327" lon="114.1739838533"><ele>268.000</ele></trkpt>
      <trkpt lat="22.4889434511" lon="114.1739759237"><ele>268.000</ele></trkpt>
      <trkpt lat="22.4889325149" lon="114.1739531455"><ele>270.000</ele></trkpt>
      <trkpt lat="22.4889232991" lon="114.1739377519"><ele>270.000</ele></trkpt>
      <trkpt lat="22.4889115366" lon="114.1739165004"><ele>270.000</ele></trkpt>
      <trkpt lat="22.4889079089" lon="114.1739067448"><ele>270.000</ele></trkpt>
      <trkpt lat="22.4889038062" lon="114.1738957143"><ele>270.000</ele></trkpt>
      <trkpt lat="22.4889001668" lon="114.1738882900"><ele>270.000</ele></trkpt>
      <trkpt lat="22.4888928610" lon="114.1738768912"><ele>270.000</ele></trkpt>
      <trkpt lat="22.4888800466" lon="114.1738659688"><ele>270.000</ele></trkpt>
      <trkpt lat="22.4888640193" lon="114.1738557120"><ele>270.000</ele></trkpt>
      <trkpt lat="22.4888488453" lon="114.1738464202"><ele>270.000</ele></trkpt>
      <trkpt lat="22.4888310742" lon="114.1738380993"><ele>270.000</ele></trkpt>
      <trkpt lat="22.4888202963" lon="114.1738326625"><ele>270.000</ele></trkpt>
      <trkpt lat="22.4888007498" lon="114.1738188783"><ele>270.000</ele></trkpt>
      <trkpt lat="22.4887910960" lon="114.1738060511"><ele>272.000</ele></trkpt>
      <trkpt lat="22.4887790556" lon="114.1737938682"><ele>272.000</ele></trkpt>
      <trkpt lat="22.4887634074" lon="114.1737807000"><ele>272.000</ele></trkpt>
      <trkpt lat="22.4887440740" lon="114.1737675699"><ele>272.000</ele></trkpt>
      <trkpt lat="22.4887294085" lon="114.1737630612"><ele>272.000</ele></trkpt>
      <trkpt lat="22.4887151766" lon="114.1737625076"><ele>272.000</ele></trkpt>
      <trkpt lat="22.4886944654" lon="114.1737670890"><ele>272.000</ele></trkpt>
      <trkpt lat="22.4886856382" lon="114.1737673282"><ele>272.000</ele></trkpt>
      <trkpt lat="22.4886553591" lon="114.1737594964"><ele>272.000</ele></trkpt>
      <trkpt lat="22.4886388604" lon="114.1737500511"><ele>272.000</ele></trkpt>
      <trkpt lat="22.4886319882" lon="114.1737475635"><ele>272.000</ele></trkpt>
      <trkpt lat="22.4886021517" lon="114.1737469617"><ele>274.000</ele></trkpt>
      <trkpt lat="22.4885681794" lon="114.1737493239"><ele>274.000</ele></trkpt>
      <trkpt lat="22.4885415397" lon="114.1737526868"><ele>274.000</ele></trkpt>
      <trkpt lat="22.4885135365" lon="114.1737550585"><ele>274.000</ele></trkpt>
      <trkpt lat="22.4884990427" lon="114.1737547236"><ele>274.000</ele></trkpt>
      <trkpt lat="22.4884656229" lon="114.1737505486"><ele>276.000</ele></trkpt>
      <trkpt lat="22.4884485021" lon="114.1737476337"><ele>276.000</ele></trkpt>
      <trkpt lat="22.4884225711" lon="114.1737397007"><ele>276.000</ele></trkpt>
      <trkpt lat="22.4884017784" lon="114.1737300768"><ele>276.000</ele></trkpt>
      <trkpt lat="22.4883800502" lon="114.1737200194"><ele>278.000</ele></trkpt>
      <trkpt lat="22.4883599312" lon="114.1737117977"><ele>278.000</ele></trkpt>
      <trkpt lat="22.4883384920" lon="114.1737087342"><ele>278.000</ele></trkpt>
      <trkpt lat="22.4882997452" lon="114.1737054583"><ele>280.000</ele></trkpt>
      <trkpt lat="22.4882815940" lon="114.1737026814"><ele>280.000</ele></trkpt>
      <trkpt lat="22.4882529386" lon="114.1736949710"><ele>282.000</ele></trkpt>
      <trkpt lat="22.4882409714" lon="114.1736882486"><ele>282.000</ele></trkpt>
      <trkpt lat="22.4882259399" lon="114.1736731933"><ele>282.000</ele></trkpt>
      <trkpt lat="22.4881988389" lon="114.1736316323"><ele>284.000</ele></trkpt>
      <trkpt lat="22.4881772565" lon="114.1736018636"><ele>284.000</ele></trkpt>
      <trkpt lat="22.4881575895" lon="114.1735747352"><ele>284.000</ele></trkpt>
      <trkpt lat="22.4881155157" lon="114.1735167021"><ele>287.000</ele></trkpt>
      <trkpt lat="22.4880539969" lon="114.1734259841"><ele>288.000</ele></trkpt>
      <trkpt lat="22.4880066987" lon="114.1733592141"><ele>290.000</ele></trkpt>
      <trkpt lat="22.4879719955" lon="114.1733092661"><ele>292.000</ele></trkpt>
      <trkpt lat="22.4879578886" lon="114.1732863590"><ele>292.000</ele></trkpt>
      <trkpt lat="22.4879373961" lon="114.1732512126"><ele>294.000</ele></trkpt>
      <trkpt lat="22.4879264210" lon="114.1732323897"><ele>294.000</ele></trkpt>
      <trkpt lat="22.4879097088" lon="114.1732094593"><ele>294.000</ele></trkpt>
      <trkpt lat="22.4878995656" lon="114.1731997322"><ele>294.000</ele></trkpt>
      <trkpt lat="22.4878773315" lon="114.1731859250"><ele>294.000</ele></trkpt>
      <trkpt lat="22.4878399741" lon="114.1731650281"><ele>296.000</ele></trkpt>
      <trkpt lat="22.4878287545" lon="114.1731570259"><ele>296.000</ele></trkpt>
      <trkpt lat="22.4878210721" lon="114.1731450714"><ele>296.000</ele></trkpt>
      <trkpt lat="22.4878134985" lon="114.1731169691"><ele>296.000</ele></trkpt>
      <trkpt lat="22.4878090613" lon="114.1730907004"><ele>296.000</ele></trkpt>
      <trkpt lat="22.4878037850" lon="114.1730594699"><ele>296.000</ele></trkpt>
      <trkpt lat="22.4877978613" lon="114.1730310876"><ele>296.000</ele></trkpt>
      <trkpt lat="22.4877843174" lon="114.1729907441"><ele>296.000</ele></trkpt>
      <trkpt lat="22.4877687183" lon="114.1729532431"><ele>296.000</ele></trkpt>
      <trkpt lat="22.4877538643" lon="114.1729224210"><ele>298.000</ele></trkpt>
      <trkpt lat="22.4877377932" lon="114.1728960205"><ele>298.000</ele></trkpt>
      <trkpt lat="22.4877196757" lon="114.1728699797"><ele>298.000</ele></trkpt>
      <trkpt lat="22.4877015673" lon="114.1728445938"><ele>298.000</ele></trkpt>
      <trkpt lat="22.4876817865" lon="114.1728194538"><ele>298.000</ele></trkpt>
      <trkpt lat="22.4876610215" lon="114.1728004554"><ele>298.000</ele></trkpt>
      <trkpt lat="22.4876431717" lon="114.1727886003"><ele>298.000</ele></trkpt>
      <trkpt lat="22.4876006931" lon="114.1727710039"><ele>298.000</ele></trkpt>
      <trkpt lat="22.4875784474" lon="114.1727618495"><ele>300.000</ele></trkpt>
      <trkpt lat="22.4875167103" lon="114.1727345622"><ele>300.000</ele></trkpt>
      <trkpt lat="22.4874777202" lon="114.1727173291"><ele>301.000</ele></trkpt>
      <trkpt lat="22.4874275223" lon="114.1726957565"><ele>302.000</ele></trkpt>
      <trkpt lat="22.4874035400" lon="114.1726858413"><ele>302.000</ele></trkpt>
      <trkpt lat="22.4873893964" lon="114.1726780832"><ele>302.000</ele></trkpt>
      <trkpt lat="22.4873696215" lon="114.1726723543"><ele>302.000</ele></trkpt>
      <trkpt lat="22.4873558770" lon="114.1726663686"><ele>302.000</ele></trkpt>
      <trkpt lat="22.4873362326" lon="114.1726460146"><ele>304.000</ele></trkpt>
      <trkpt lat="22.4873210521" lon="114.1726295660"><ele>304.000</ele></trkpt>
      <trkpt lat="22.4873043462" lon="114.1726100030"><ele>304.000</ele></trkpt>
      <trkpt lat="22.4872870453" lon="114.1725916712"><ele>304.000</ele></trkpt>
      <trkpt lat="22.4872632134" lon="114.1725654538"><ele>304.000</ele></trkpt>
      <trkpt lat="22.4872482885" lon="114.1725531828"><ele>304.000</ele></trkpt>
      <trkpt lat="22.4872150438" lon="114.1725155844"><ele>304.000</ele></trkpt>
      <trkpt lat="22.4871962872" lon="114.1724982098"><ele>304.000</ele></trkpt>
      <trkpt lat="22.4871779822" lon="114.1724838089"><ele>304.000</ele></trkpt>
      <trkpt lat="22.4871578170" lon="114.1724738392"><ele>304.000</ele></trkpt>
      <trkpt lat="22.4871431425" lon="114.1724693307"><ele>304.000</ele></trkpt>
      <trkpt lat="22.4871348887" lon="114.1724678150"><ele>304.000</ele></trkpt>
      <trkpt lat="22.4871101092" lon="114.1724662221"><ele>305.000</ele></trkpt>
      <trkpt lat="22.4870802727" lon="114.1724665923"><ele>306.000</ele></trkpt>
      <trkpt lat="22.4870642345" lon="114.1724586244"><ele>306.000</ele></trkpt>
      <trkpt lat="22.4870541833" lon="114.1724442524"><ele>304.000</ele></trkpt>
      <trkpt lat="22.4870349901" lon="114.1724151409"><ele>306.000</ele></trkpt>
      <trkpt lat="22.4870194601" lon="114.1724006311"><ele>306.000</ele></trkpt>
      <trkpt lat="22.4870011372" lon="114.1723906711"><ele>305.000</ele></trkpt>
      <trkpt lat="22.4869805025" lon="114.1723836654"><ele>306.000</ele></trkpt>
      <trkpt lat="22.4869489926" lon="114.1723792138"><ele>306.000</ele></trkpt>
      <trkpt lat="22.4869295799" lon="114.1723775255"><ele>306.000</ele></trkpt>
      <trkpt lat="22.4869154058" lon="114.1723797415"><ele>306.000</ele></trkpt>
      <trkpt lat="22.4868969443" lon="114.1723902274"><ele>306.000</ele></trkpt>
      <trkpt lat="22.4868764820" lon="114.1724110879"><ele>306.000</ele></trkpt>
      <trkpt lat="22.4868633676" lon="114.1724284712"><ele>306.000</ele></trkpt>
      <trkpt lat="22.4868586747" lon="114.1724370092"><ele>306.000</ele></trkpt>
      <trkpt lat="22.4868531124" lon="114.1724508181"><ele>308.000</ele></trkpt>
      <trkpt lat="22.4868389728" lon="114.1724587549"><ele>308.000</ele></trkpt>
      <trkpt lat="22.4868282881" lon="114.1724615860"><ele>308.000</ele></trkpt>
      <trkpt lat="22.4868186257" lon="114.1724684566"><ele>308.000</ele></trkpt>
      <trkpt lat="22.4868094060" lon="114.1724797779"><ele>308.000</ele></trkpt>
      <trkpt lat="22.4868015858" lon="114.1724837041"><ele>308.000</ele></trkpt>
      <trkpt lat="22.4867781789" lon="114.1724821208"><ele>308.000</ele></trkpt>
      <trkpt lat="22.4867603075" lon="114.1724736476"><ele>308.000</ele></trkpt>
      <trkpt lat="22.4867415329" lon="114.1724582828"><ele>308.000</ele></trkpt>
      <trkpt lat="22.4867270170" lon="114.1724459011"><ele>308.000</ele></trkpt>
      <trkpt lat="22.4867200400" lon="114.1724403759"><ele>308.000</ele></trkpt>
      <trkpt lat="22.4866902214" lon="114.1724348183"><ele>308.000</ele></trkpt>
      <trkpt lat="22.4866651350" lon="114.1724370211"><ele>308.000</ele></trkpt>
      <trkpt lat="22.4866369512" lon="114.1724415057"><ele>308.000</ele></trkpt>
      <trkpt lat="22.4866193790" lon="114.1724434799"><ele>308.000</ele></trkpt>
      <trkpt lat="22.4865978163" lon="114.1724476048"><ele>308.000</ele></trkpt>
      <trkpt lat="22.4865731065" lon="114.1724516140"><ele>309.000</ele></trkpt>
      <trkpt lat="22.4865547388" lon="114.1724549963"><ele>309.000</ele></trkpt>
      <trkpt lat="22.4865358925" lon="114.1724613425"><ele>308.000</ele></trkpt>
      <trkpt lat="22.4865165947" lon="114.1724671834"><ele>308.000</ele></trkpt>
      <trkpt lat="22.4864999409" lon="114.1724705831"><ele>308.000</ele></trkpt>
      <trkpt lat="22.4864734115" lon="114.1724759014"><ele>308.000</ele></trkpt>
      <trkpt lat="22.4864633245" lon="114.1724743761"><ele>308.000</ele></trkpt>
      <trkpt lat="22.4864509616" lon="114.1724664178"><ele>308.000</ele></trkpt>
      <trkpt lat="22.4864372709" lon="114.1724436305"><ele>308.000</ele></trkpt>
      <trkpt lat="22.4864277820" lon="114.1724193602"><ele>308.000</ele></trkpt>
      <trkpt lat="22.4864204640" lon="114.1723951403"><ele>306.000</ele></trkpt>
      <trkpt lat="22.4864168983" lon="114.1723761552"><ele>306.000</ele></trkpt>
      <trkpt lat="22.4864141419" lon="114.1723654728"><ele>306.000</ele></trkpt>
      <trkpt lat="22.4864091477" lon="114.1723511201"><ele>306.000</ele></trkpt>
      <trkpt lat="22.4863959175" lon="114.1723288381"><ele>308.000</ele></trkpt>
      <trkpt lat="22.4863861381" lon="114.1723150434"><ele>308.000</ele></trkpt>
      <trkpt lat="22.4863719101" lon="114.1722944309"><ele>308.000</ele></trkpt>
      <trkpt lat="22.4863589364" lon="114.1722738379"><ele>309.000</ele></trkpt>
      <trkpt lat="22.4863489337" lon="114.1722516948"><ele>308.000</ele></trkpt>
      <trkpt lat="22.4863434484" lon="114.1722416635"><ele>308.000</ele></trkpt>
      <trkpt lat="22.4863354848" lon="114.1722234569"><ele>308.000</ele></trkpt>
      <trkpt lat="22.4863256934" lon="114.1722010738"><ele>308.000</ele></trkpt>
      <trkpt lat="22.4863202386" lon="114.1721847485"><ele>308.000</ele></trkpt>
      <trkpt lat="22.4863152264" lon="114.1721748465"><ele>309.000</ele></trkpt>
      <trkpt lat="22.4863038025" lon="114.1721599693"><ele>309.000</ele></trkpt>
      <trkpt lat="22.4862864096" lon="114.1721475508"><ele>308.000</ele></trkpt>
      <trkpt lat="22.4862685382" lon="114.1721390777"><ele>308.000</ele></trkpt>
      <trkpt lat="22.4862497367" lon="114.1721335587"><ele>308.000</ele></trkpt>
      <trkpt lat="22.4862291130" lon="114.1721312127"><ele>308.000</ele></trkpt>
      <trkpt lat="22.4862134885" lon="114.1721304406"><ele>310.000</ele></trkpt>
      <trkpt lat="22.4861955813" lon="114.1721313547"><ele>310.000</ele></trkpt>
      <trkpt lat="22.4861767619" lon="114.1721312776"><ele>310.000</ele></trkpt>
      <trkpt lat="22.4861501529" lon="114.1721333969"><ele>310.000</ele></trkpt>
      <trkpt lat="22.4861210092" lon="114.1721362860"><ele>310.000</ele></trkpt>
      <trkpt lat="22.4860904404" lon="114.1721393169"><ele>310.000</ele></trkpt>
      <trkpt lat="22.4860734453" lon="114.1721412124"><ele>310.000</ele></trkpt>
      <trkpt lat="22.4860628887" lon="114.1721411739"><ele>310.000</ele></trkpt>
      <trkpt lat="22.4860482411" lon="114.1721307378"><ele>310.000</ele></trkpt>
      <trkpt lat="22.4860391647" lon="114.1721015466"><ele>310.000</ele></trkpt>
      <trkpt lat="22.4860295919" lon="114.1720822381"><ele>310.000</ele></trkpt>
      <trkpt lat="22.4860131737" lon="114.1720540092"><ele>310.000</ele></trkpt>
      <trkpt lat="22.4859949224" lon="114.1720228068"><ele>312.000</ele></trkpt>
      <trkpt lat="22.4859816832" lon="114.1720024976"><ele>310.000</ele></trkpt>
      <trkpt lat="22.4859725531" lon="114.1719905939"><ele>310.000</ele></trkpt>
      <trkpt lat="22.4859542210" lon="114.1719806438"><ele>310.000</ele></trkpt>
      <trkpt lat="22.4859450551" lon="114.1719776317"><ele>312.000</ele></trkpt>
      <trkpt lat="22.4859278855" lon="114.1719742078"><ele>312.000</ele></trkpt>
      <trkpt lat="22.4859109434" lon="114.1719710152"><ele>312.000</ele></trkpt>
      <trkpt lat="22.4858904570" lon="114.1719699956"><ele>312.000</ele></trkpt>
      <trkpt lat="22.4858812731" lon="114.1719719297"><ele>312.000</ele></trkpt>
      <trkpt lat="22.4858587157" lon="114.1719891305"><ele>312.000</ele></trkpt>
      <trkpt lat="22.4858495229" lon="114.1719930470"><ele>312.000</ele></trkpt>
      <trkpt lat="22.4858314983" lon="114.1719984603"><ele>312.000</ele></trkpt>
      <trkpt lat="22.4858132209" lon="114.1720032711"><ele>312.000</ele></trkpt>
      <trkpt lat="22.4857948531" lon="114.1720061579"><ele>312.000</ele></trkpt>
      <trkpt lat="22.4857722285" lon="114.1720116500"><ele>314.000</ele></trkpt>
      <trkpt lat="22.4857454021" lon="114.1720174368"><ele>314.000</ele></trkpt>
      <trkpt lat="22.4857314601" lon="114.1720202116"><ele>314.000</ele></trkpt>
      <trkpt lat="22.4857200396" lon="114.1720287314"><ele>314.000</ele></trkpt>
      <trkpt lat="22.4857084332" lon="114.1720413675"><ele>314.000</ele></trkpt>
      <trkpt lat="22.4856992314" lon="114.1720467610"><ele>314.000</ele></trkpt>
      <trkpt lat="22.4856767456" lon="114.1720456734"><ele>314.000</ele></trkpt>
      <trkpt lat="22.4856532463" lon="114.1720327237"><ele>314.000</ele></trkpt>
      <trkpt lat="22.4856190043" lon="114.1720177667"><ele>316.000</ele></trkpt>
      <trkpt lat="22.4855841647" lon="114.1720062527"><ele>315.000</ele></trkpt>
      <trkpt lat="22.4855584730" lon="114.1720017058"><ele>315.000</ele></trkpt>
      <trkpt lat="22.4855217554" lon="114.1720025330"><ele>316.000</ele></trkpt>
      <trkpt lat="22.4854537748" lon="114.1720146045"><ele>318.000</ele></trkpt>
      <trkpt lat="22.4854165923" lon="114.1720192829"><ele>318.000</ele></trkpt>
      <trkpt lat="22.4853789221" lon="114.1720241691"><ele>317.000</ele></trkpt>
      <trkpt lat="22.4853630431" lon="114.1720265398"><ele>316.000</ele></trkpt>
      <trkpt lat="22.4853417224" lon="114.1720329016"><ele>316.000</ele></trkpt>
      <trkpt lat="22.4853210196" lon="114.1720417112"><ele>316.000</ele></trkpt>
      <trkpt lat="22.4852998886" lon="114.1720465610"><ele>316.000</ele></trkpt>
      <trkpt lat="22.4852793796" lon="114.1720464752"><ele>316.000</ele></trkpt>
      <trkpt lat="22.4852627104" lon="114.1720459112"><ele>316.000</ele></trkpt>
      <trkpt lat="22.4852327103" lon="114.1720404753"><ele>316.000</ele></trkpt>
      <trkpt lat="22.4852140724" lon="114.1720402767"><ele>314.000</ele></trkpt>
      <trkpt lat="22.4851998316" lon="114.1720446598"><ele>314.000</ele></trkpt>
      <trkpt lat="22.4851804960" lon="114.1720566897"><ele>314.000</ele></trkpt>
      <trkpt lat="22.4851639273" lon="114.1720655050"><ele>315.000</ele></trkpt>
      <trkpt lat="22.4851398107" lon="114.1720677992"><ele>316.000</ele></trkpt>
      <trkpt lat="22.4851014370" lon="114.1720695691"><ele>316.000</ele></trkpt>
      <trkpt lat="22.4850876293" lon="114.1720652550"><ele>316.000</ele></trkpt>
      <trkpt lat="22.4850668862" lon="114.1720545859"><ele>314.000</ele></trkpt>
      <trkpt lat="22.4850407310" lon="114.1720421290"><ele>316.000</ele></trkpt>
      <trkpt lat="22.4850124952" lon="114.1720269513"><ele>316.000</ele></trkpt>
      <trkpt lat="22.4849866678" lon="114.1720113945"><ele>318.000</ele></trkpt>
      <trkpt lat="22.4849571831" lon="114.1719983450"><ele>318.000</ele></trkpt>
      <trkpt lat="22.4849189478" lon="114.1719814185"><ele>318.000</ele></trkpt>
      <trkpt lat="22.4848825185" lon="114.1719620140"><ele>318.000</ele></trkpt>
      <trkpt lat="22.4848665904" lon="114.1719518335"><ele>320.000</ele></trkpt>
      <trkpt lat="22.4848386263" lon="114.1719341429"><ele>320.000</ele></trkpt>
      <trkpt lat="22.4848110597" lon="114.1719231855"><ele>320.000</ele></trkpt>
      <trkpt lat="22.4847696368" lon="114.1719097574"><ele>320.000</ele></trkpt>
      <trkpt lat="22.4847395590" lon="114.1719031438"><ele>320.000</ele></trkpt>
      <trkpt lat="22.4847061202" lon="114.1718975312"><ele>322.000</ele></trkpt>
      <trkpt lat="22.4846886345" lon="114.1718961151"><ele>322.000</ele></trkpt>
      <trkpt lat="22.4846740495" lon="114.1718958552"><ele>322.000</ele></trkpt>
      <trkpt lat="22.4846524487" lon="114.1718921050"><ele>322.000</ele></trkpt>
      <trkpt lat="22.4846395440" lon="114.1718863041"><ele>322.000</ele></trkpt>
      <trkpt lat="22.4846206249" lon="114.1718736430"><ele>322.000</ele></trkpt>
      <trkpt lat="22.4846068082" lon="114.1718678519"><ele>322.000</ele></trkpt>
      <trkpt lat="22.4845778294" lon="114.1718607203"><ele>322.000</ele></trkpt>
      <trkpt lat="22.4845603807" lon="114.1718549439"><ele>322.000</ele></trkpt>
      <trkpt lat="22.4845359459" lon="114.1718463011"><ele>324.000</ele></trkpt>
      <trkpt lat="22.4845197678" lon="114.1718434389"><ele>324.000</ele></trkpt>
      <trkpt lat="22.4844996435" lon="114.1718422017"><ele>324.000</ele></trkpt>
      <trkpt lat="22.4844712250" lon="114.1718464298"><ele>324.000</ele></trkpt>
      <trkpt lat="22.4844570384" lon="114.1718519984"><ele>324.000</ele></trkpt>
      <trkpt lat="22.4844364764" lon="114.1718625619"><ele>324.000</ele></trkpt>
      <trkpt lat="22.4844095030" lon="114.1718756620"><ele>324.000</ele></trkpt>
      <trkpt lat="22.4843876651" lon="114.1718866649"><ele>324.000</ele></trkpt>
      <trkpt lat="22.4843642523" lon="114.1718993061"><ele>324.000</ele></trkpt>
      <trkpt lat="22.4843323971" lon="114.1719145432"><ele>326.000</ele></trkpt>
      <trkpt lat="22.4842974824" lon="114.1719285871"><ele>326.000</ele></trkpt>
      <trkpt lat="22.4842744587" lon="114.1719362608"><ele>326.000</ele></trkpt>
      <trkpt lat="22.4842402391" lon="114.1719444480"><ele>326.000</ele></trkpt>
      <trkpt lat="22.4842171801" lon="114.1719494464"><ele>324.000</ele></trkpt>
      <trkpt lat="22.4841891464" lon="114.1719586294"><ele>324.000</ele></trkpt>
      <trkpt lat="22.4841687530" lon="114.1719595445"><ele>324.000</ele></trkpt>
      <trkpt lat="22.4841527180" lon="114.1719698475"><ele>325.000</ele></trkpt>
      <trkpt lat="22.4841413110" lon="114.1719758309"><ele>325.000</ele></trkpt>
      <trkpt lat="22.4841322149" lon="114.1719824051"><ele>325.000</ele></trkpt>
      <trkpt lat="22.4840999244" lon="114.1719696054"><ele>324.000</ele></trkpt>
      <trkpt lat="22.4840769817" lon="114.1719659486"><ele>324.000</ele></trkpt>
      <trkpt lat="22.4840378485" lon="114.1719115082"><ele>324.000</ele></trkpt>
      <trkpt lat="22.4839826507" lon="114.1718419073"><ele>326.000</ele></trkpt>
      <trkpt lat="22.4839498770" lon="114.1717964349"><ele>326.000</ele></trkpt>
      <trkpt lat="22.4839447020" lon="114.1717778739"><ele>326.000</ele></trkpt>
      <trkpt lat="22.4839472887" lon="114.1717602406"><ele>326.000</ele></trkpt>
      <trkpt lat="22.4839550495" lon="114.1717351840"><ele>326.000</ele></trkpt>
      <trkpt lat="22.4839697097" lon="114.1717147663"><ele>326.000</ele></trkpt>
      <trkpt lat="22.4840154178" lon="114.1716776431"><ele>326.000</ele></trkpt>
      <trkpt lat="22.4841396054" lon="114.1716080356"><ele>328.000</ele></trkpt>
      <trkpt lat="22.4842386398" lon="114.1715442302"><ele>328.000</ele></trkpt>
      <trkpt lat="22.4842782426" lon="114.1715144681"><ele>330.000</ele></trkpt>
      <trkpt lat="22.4843027323" lon="114.1714913271"><ele>330.000</ele></trkpt>
      <trkpt lat="22.4843248322" lon="114.1714585455"><ele>330.000</ele></trkpt>
      <trkpt lat="22.4843487233" lon="114.1714116220"><ele>328.000</ele></trkpt>
      <trkpt lat="22.4843690309" lon="114.1713595572"><ele>328.000</ele></trkpt>
      <trkpt lat="22.4843905327" lon="114.1712907802"><ele>327.000</ele></trkpt>
      <trkpt lat="22.4844156176" lon="114.1712181463"><ele>326.000</ele></trkpt>
      <trkpt lat="22.4844395081" lon="114.1711557963"><ele>324.000</ele></trkpt>
      <trkpt lat="22.4844651907" lon="114.1710850912"><ele>322.000</ele></trkpt>
      <trkpt lat="22.4844908736" lon="114.1710201698"><ele>321.000</ele></trkpt>
      <trkpt lat="22.4845147641" lon="114.1709610343"><ele>320.000</ele></trkpt>
      <trkpt lat="22.4845356686" lon="114.1709115406"><ele>319.000</ele></trkpt>
      <trkpt lat="22.4845589625" lon="114.1708614034"><ele>318.000</ele></trkpt>
      <trkpt lat="22.4845828545" lon="114.1708189799"><ele>317.000</ele></trkpt>
      <trkpt lat="22.4846025647" lon="114.1707823404"><ele>316.000</ele></trkpt>
      <trkpt lat="22.4846234698" lon="114.1707495587"><ele>316.000</ele></trkpt>
      <trkpt lat="22.4846389990" lon="114.1707161338"><ele>313.000</ele></trkpt>
      <trkpt lat="22.4846533334" lon="114.1706794955"><ele>312.000</ele></trkpt>
      <trkpt lat="22.4846616944" lon="114.1706492846"><ele>311.000</ele></trkpt>
      <trkpt lat="22.4846658746" lon="114.1706042906"><ele>311.000</ele></trkpt>
      <trkpt lat="22.4846676639" lon="114.1705425847"><ele>309.000</ele></trkpt>
      <trkpt lat="22.4846712457" lon="114.1704834500"><ele>308.000</ele></trkpt>
      <trkpt lat="22.4846742282" lon="114.1703870343"><ele>306.000</ele></trkpt>
      <trkpt lat="22.4846784054" lon="114.1702886896"><ele>302.000</ele></trkpt>
      <trkpt lat="22.4846813885" lon="114.1701871324"><ele>300.000</ele></trkpt>
      <trkpt lat="22.4846819821" lon="114.1701093568"><ele>298.000</ele></trkpt>
      <trkpt lat="22.4846819791" lon="114.1700380093"><ele>297.000</ele></trkpt>
      <trkpt lat="22.4846789895" lon="114.1699608772"><ele>294.000</ele></trkpt>
      <trkpt lat="22.4846724158" lon="114.1698863165"><ele>294.000</ele></trkpt>
      <trkpt lat="22.4846604656" lon="114.1697976142"><ele>292.000</ele></trkpt>
      <trkpt lat="22.4846443347" lon="114.1697378372"><ele>291.000</ele></trkpt>
      <trkpt lat="22.4846365681" lon="114.1697069847"><ele>290.000</ele></trkpt>
      <trkpt lat="22.4846365670" lon="114.1696838455"><ele>290.000</ele></trkpt>
      <trkpt lat="22.4846461229" lon="114.1696613481"><ele>290.000</ele></trkpt>
      <trkpt lat="22.4846580694" lon="114.1696452778"><ele>290.000</ele></trkpt>
      <trkpt lat="22.4846789753" lon="114.1696356351"><ele>290.000</ele></trkpt>
      <trkpt lat="22.4847106329" lon="114.1696285630"><ele>288.000</ele></trkpt>
      <trkpt lat="22.4847572244" lon="114.1696279183"><ele>286.000</ele></trkpt>
      <trkpt lat="22.4848151651" lon="114.1696247017"><ele>286.000</ele></trkpt>
      <trkpt lat="22.4848790787" lon="114.1696221271"><ele>282.000</ele></trkpt>
      <trkpt lat="22.4849185017" lon="114.1696201962"><ele>282.000</ele></trkpt>
      <trkpt lat="22.4849776373" lon="114.1696182652"><ele>282.000</ele></trkpt>
      <trkpt lat="22.4850003352" lon="114.1696182640"><ele>282.000</ele></trkpt>
      <trkpt lat="22.4850206449" lon="114.1696246910"><ele>282.000</ele></trkpt>
      <trkpt lat="22.4850373706" lon="114.1696356165"><ele>282.000</ele></trkpt>
      <trkpt lat="22.4850481232" lon="114.1696568273"><ele>282.000</ele></trkpt>
      <trkpt lat="22.4850546947" lon="114.1696799671"><ele>280.000</ele></trkpt>
      <trkpt lat="22.4850576824" lon="114.1697088920"><ele>280.000</ele></trkpt>
      <trkpt lat="22.4850636571" lon="114.1697346022"><ele>280.000</ele></trkpt>
      <trkpt lat="22.4850857609" lon="114.1697982360"><ele>280.000</ele></trkpt>
      <trkpt lat="22.4851180202" lon="114.1698805084"><ele>281.000</ele></trkpt>
      <trkpt lat="22.4851437074" lon="114.1699473557"><ele>280.000</ele></trkpt>
      <trkpt lat="22.4851705906" lon="114.1700238445"><ele>281.000</ele></trkpt>
      <trkpt lat="22.4851891095" lon="114.1700733367"><ele>279.000</ele></trkpt>
      <trkpt lat="22.4852040441" lon="114.1700984042"><ele>279.000</ele></trkpt>
      <trkpt lat="22.4852231595" lon="114.1701144731"><ele>279.000</ele></trkpt>
      <trkpt lat="22.4852416766" lon="114.1701208994"><ele>279.000</ele></trkpt>
      <trkpt lat="22.4852619849" lon="114.1701157568"><ele>278.000</ele></trkpt>
      <trkpt lat="22.4852769180" lon="114.1701035432"><ele>278.000</ele></trkpt>
      <trkpt lat="22.4852972266" lon="114.1700849021"><ele>278.000</ele></trkpt>
      <trkpt lat="22.4853211179" lon="114.1700534046"><ele>276.000</ele></trkpt>
      <trkpt lat="22.4853354524" lon="114.1700225508"><ele>277.000</ele></trkpt>
      <trkpt lat="22.4853671078" lon="114.1699640567"><ele>273.000</ele></trkpt>
      <trkpt lat="22.4853939855" lon="114.1699113487"><ele>270.000</ele></trkpt>
      <trkpt lat="22.4854178760" lon="114.1698618533"><ele>269.000</ele></trkpt>
      <trkpt lat="22.4854399751" lon="114.1698175005"><ele>268.000</ele></trkpt>
      <trkpt lat="22.4854668536" lon="114.1697847182"><ele>268.000</ele></trkpt>
      <trkpt lat="22.4854901487" lon="114.1697718617"><ele>268.000</ele></trkpt>
      <trkpt lat="22.4855146389" lon="114.1697654323"><ele>266.000</ele></trkpt>
      <trkpt lat="22.4855445051" lon="114.1697635028"><ele>266.000</ele></trkpt>
      <trkpt lat="22.4855731768" lon="114.1697660726"><ele>265.000</ele></trkpt>
      <trkpt lat="22.4856114056" lon="114.1697757124"><ele>264.000</ele></trkpt>
      <trkpt lat="22.4856514271" lon="114.1697879224"><ele>262.000</ele></trkpt>
      <trkpt lat="22.4856765149" lon="114.1697956349"><ele>262.000</ele></trkpt>
      <trkpt lat="22.4856980189" lon="114.1697949905"><ele>262.000</ele></trkpt>
      <trkpt lat="22.4857260931" lon="114.1697847050"><ele>262.000</ele></trkpt>
      <trkpt lat="22.4857619312" lon="114.1697634918"><ele>260.000</ele></trkpt>
      <trkpt lat="22.4857977699" lon="114.1697358504"><ele>260.000</ele></trkpt>
      <trkpt lat="22.4858294264" lon="114.1697056379"><ele>258.000</ele></trkpt>
      <trkpt lat="22.4858575000" lon="114.1696818538"><ele>258.000</ele></trkpt>
      <trkpt lat="22.4859005059" lon="114.1696503561"><ele>256.000</ele></trkpt>
      <trkpt lat="22.4859464981" lon="114.1696169293"><ele>254.000</ele></trkpt>
      <trkpt lat="22.4859978670" lon="114.1695841454"><ele>252.000</ele></trkpt>
      <trkpt lat="22.4860587926" lon="114.1695475032"><ele>249.000</ele></trkpt>
      <trkpt lat="22.4861029934" lon="114.1695179333"><ele>246.000</ele></trkpt>
      <trkpt lat="22.4861280799" lon="114.1694992918"><ele>246.000</ele></trkpt>
      <trkpt lat="22.4861573469" lon="114.1694684370"><ele>244.000</ele></trkpt>
      <trkpt lat="22.4861824341" lon="114.1694440096"><ele>246.000</ele></trkpt>
      <trkpt lat="22.4862045341" lon="114.1694221546"><ele>244.000</ele></trkpt>
      <trkpt lat="22.4862284260" lon="114.1694054411"><ele>244.000</ele></trkpt>
      <trkpt lat="22.4862553052" lon="114.1693900130"><ele>244.000</ele></trkpt>
      <trkpt lat="22.4862869624" lon="114.1693739414"><ele>243.000</ele></trkpt>
      <trkpt lat="22.4863281774" lon="114.1693604415"><ele>243.000</ele></trkpt>
      <trkpt lat="22.4863628222" lon="114.1693520835"><ele>243.000</ele></trkpt>
      <trkpt lat="22.4864064260" lon="114.1693430817"><ele>242.000</ele></trkpt>
      <trkpt lat="22.4864494330" lon="114.1693366522"><ele>240.000</ele></trkpt>
      <trkpt lat="22.4864906485" lon="114.1693327931"><ele>239.000</ele></trkpt>
      <trkpt lat="22.4865366418" lon="114.1693244344"><ele>238.000</ele></trkpt>
      <trkpt lat="22.4865635214" lon="114.1693173625"><ele>238.000</ele></trkpt>
      <trkpt lat="22.4865868167" lon="114.1693070761"><ele>238.000</ele></trkpt>
      <trkpt lat="22.4866142924" lon="114.1692839351"><ele>236.000</ele></trkpt>
      <trkpt lat="22.4866435602" lon="114.1692511512"><ele>236.000</ele></trkpt>
      <trkpt lat="22.4867032898" lon="114.1691875133"><ele>232.000</ele></trkpt>
      <trkpt lat="22.4867540597" lon="114.1691328743"><ele>230.000</ele></trkpt>
      <trkpt lat="22.4867988565" lon="114.1690872341"><ele>230.000</ele></trkpt>
      <trkpt lat="22.4868496270" lon="114.1690448081"><ele>228.000</ele></trkpt>
      <trkpt lat="22.4868926322" lon="114.1690010968"><ele>228.000</ele></trkpt>
      <trkpt lat="22.4869189125" lon="114.1689638138"><ele>228.000</ele></trkpt>
      <trkpt lat="22.4869356360" lon="114.1689291025"><ele>226.000</ele></trkpt>
      <trkpt lat="22.4869439978" lon="114.1689033912"><ele>226.000</ele></trkpt>
      <trkpt lat="22.4869457881" lon="114.1688757513"><ele>226.000</ele></trkpt>
      <trkpt lat="22.4869386196" lon="114.1688551824"><ele>226.000</ele></trkpt>
      <trkpt lat="22.4869159199" lon="114.1688365434"><ele>226.000</ele></trkpt>
      <trkpt lat="22.4868770926" lon="114.1688166197"><ele>226.000</ele></trkpt>
      <trkpt lat="22.4868209432" lon="114.1687954113"><ele>226.000</ele></trkpt>
      <trkpt lat="22.4867635987" lon="114.1687671316"><ele>226.000</ele></trkpt>
      <trkpt lat="22.4867038644" lon="114.1687317824"><ele>226.000</ele></trkpt>
      <trkpt lat="22.4866417404" lon="114.1686912909"><ele>226.000</ele></trkpt>
      <trkpt lat="22.4865993292" lon="114.1686578688"><ele>226.000</ele></trkpt>
      <trkpt lat="22.4865521379" lon="114.1686186621"><ele>226.000</ele></trkpt>
      <trkpt lat="22.4865103235" lon="114.1685845977"><ele>226.000</ele></trkpt>
      <trkpt lat="22.4864768713" lon="114.1685505318"><ele>226.000</ele></trkpt>
      <trkpt lat="22.4864470029" lon="114.1685093961"><ele>226.000</ele></trkpt>
      <trkpt lat="22.4864254976" lon="114.1684682600"><ele>226.000</ele></trkpt>
      <trkpt lat="22.4864153406" lon="114.1684232654"><ele>226.000</ele></trkpt>
      <trkpt lat="22.4864105588" lon="114.1683679872"><ele>224.000</ele></trkpt>
      <trkpt lat="22.4864123477" lon="114.1683165646"><ele>224.000</ele></trkpt>
      <trkpt lat="22.4864195132" lon="114.1682625714"><ele>224.000</ele></trkpt>
      <trkpt lat="22.4864296650" lon="114.1682079337"><ele>224.000</ele></trkpt>
      <trkpt lat="22.4864350376" lon="114.1681487981"><ele>224.000</ele></trkpt>
      <trkpt lat="22.4864326451" lon="114.1680935198"><ele>222.000</ele></trkpt>
      <trkpt lat="22.4864230852" lon="114.1680375987"><ele>220.000</ele></trkpt>
      <trkpt lat="22.4864009811" lon="114.1679810351"><ele>221.000</ele></trkpt>
      <trkpt lat="22.4863675267" lon="114.1679096889"><ele>219.000</ele></trkpt>
      <trkpt lat="22.4863304892" lon="114.1678409142"><ele>218.000</ele></trkpt>
      <trkpt lat="22.4863053981" lon="114.1677914223"><ele>218.000</ele></trkpt>
      <trkpt lat="22.4862826977" lon="114.1677470719"><ele>216.000</ele></trkpt>
      <trkpt lat="22.4862605934" lon="114.1676898660"><ele>214.000</ele></trkpt>
      <trkpt lat="22.4862420725" lon="114.1676339456"><ele>212.000</ele></trkpt>
      <trkpt lat="22.4862295260" lon="114.1675760968"><ele>210.000</ele></trkpt>
      <trkpt lat="22.4862193674" lon="114.1675098908"><ele>211.000</ele></trkpt>
      <trkpt lat="22.4862098054" lon="114.1674205453"><ele>208.000</ele></trkpt>
      <trkpt lat="22.4861990471" lon="114.1673080604"><ele>205.000</ele></trkpt>
      <trkpt lat="22.4861954593" lon="114.1672457109"><ele>202.000</ele></trkpt>
      <trkpt lat="22.4861870931" lon="114.1671942900"><ele>200.000</ele></trkpt>
      <trkpt lat="22.4861721581" lon="114.1671557240"><ele>202.000</ele></trkpt>
      <trkpt lat="22.4861422884" lon="114.1670978766"><ele>198.000</ele></trkpt>
      <trkpt lat="22.4861142110" lon="114.1670522410"><ele>198.000</ele></trkpt>
      <trkpt lat="22.4860915112" lon="114.1670220317"><ele>198.000</ele></trkpt>
      <trkpt lat="22.4860801602" lon="114.1669950362"><ele>198.000</ele></trkpt>
      <trkpt lat="22.4860765744" lon="114.1669686825"><ele>198.000</ele></trkpt>
      <trkpt lat="22.4860777672" lon="114.1669371868"><ele>196.000</ele></trkpt>
      <trkpt lat="22.4860813491" lon="114.1669011908"><ele>194.000</ele></trkpt>
      <trkpt lat="22.4860926960" lon="114.1668594094"><ele>192.000</ele></trkpt>
      <trkpt lat="22.4861028483" lon="114.1668214850"><ele>192.000</ele></trkpt>
      <trkpt lat="22.4861106112" lon="114.1667835607"><ele>190.000</ele></trkpt>
      <trkpt lat="22.4861118024" lon="114.1667417800"><ele>190.000</ele></trkpt>
      <trkpt lat="22.4861088132" lon="114.1666961427"><ele>188.000</ele></trkpt>
      <trkpt lat="22.4861076147" lon="114.1666370076"><ele>186.000</ele></trkpt>
      <trkpt lat="22.4861082089" lon="114.1665798003"><ele>186.000</ele></trkpt>
      <trkpt lat="22.4861093996" lon="114.1665161658"><ele>184.000</ele></trkpt>
      <trkpt lat="22.4861099930" lon="114.1664621722"><ele>184.000</ele></trkpt>
      <trkpt lat="22.4861064061" lon="114.1664203918"><ele>184.000</ele></trkpt>
      <trkpt lat="22.4860986390" lon="114.1663908248"><ele>184.000</ele></trkpt>
      <trkpt lat="22.4860741465" lon="114.1663458325"><ele>182.000</ele></trkpt>
      <trkpt lat="22.4860371078" lon="114.1662834855"><ele>180.000</ele></trkpt>
      <trkpt lat="22.4860132123" lon="114.1662404211"><ele>179.000</ele></trkpt>
      <trkpt lat="22.4859773702" lon="114.1662070004"><ele>178.000</ele></trkpt>
      <trkpt lat="22.4859337639" lon="114.1661755072"><ele>176.000</ele></trkpt>
      <trkpt lat="22.4858859757" lon="114.1661453000"><ele>176.000</ele></trkpt>
      <trkpt lat="22.4858393824" lon="114.1661176650"><ele>174.000</ele></trkpt>
      <trkpt lat="22.4857945803" lon="114.1660848864"><ele>176.000</ele></trkpt>
      <trkpt lat="22.4857784515" lon="114.1660636762"><ele>174.000</ele></trkpt>
      <trkpt lat="22.4857563475" lon="114.1660186838"><ele>172.000</ele></trkpt>
      <trkpt lat="22.4857390223" lon="114.1659730478"><ele>172.000</ele></trkpt>
      <trkpt lat="22.4857216950" lon="114.1659107005"><ele>172.000</ele></trkpt>
      <trkpt lat="22.4857007844" lon="114.1658477103"><ele>170.000</ele></trkpt>
      <trkpt lat="22.4856834584" lon="114.1657911469"><ele>168.000</ele></trkpt>
      <trkpt lat="22.4856607544" lon="114.1657159439"><ele>169.000</ele></trkpt>
      <trkpt lat="22.4856470118" lon="114.1656484539"><ele>169.000</ele></trkpt>
      <trkpt lat="22.4856350612" lon="114.1655880342"><ele>168.000</ele></trkpt>
      <trkpt lat="22.4856254999" lon="114.1655372561"><ele>166.000</ele></trkpt>
      <trkpt lat="22.4856093687" lon="114.1654826207"><ele>166.000</ele></trkpt>
      <trkpt lat="22.4855992111" lon="114.1654414844"><ele>164.000</ele></trkpt>
      <trkpt lat="22.4855932353" lon="114.1653984188"><ele>164.000</ele></trkpt>
      <trkpt lat="22.4855956211" lon="114.1653598527"><ele>164.000</ele></trkpt>
      <trkpt lat="22.4856039807" lon="114.1653116434"><ele>164.000</ele></trkpt>
      <trkpt lat="22.4856123398" lon="114.1652685766"><ele>164.000</ele></trkpt>
      <trkpt lat="22.4856272703" lon="114.1652261526"><ele>164.000</ele></trkpt>
      <trkpt lat="22.4856475756" lon="114.1651811568"><ele>162.000</ele></trkpt>
      <trkpt lat="22.4856887858" lon="114.1651065918"><ele>160.000</ele></trkpt>
      <trkpt lat="22.4857311905" lon="114.1650281697"><ele>158.000</ele></trkpt>
      <trkpt lat="22.4857622476" lon="114.1649748159"><ele>158.000</ele></trkpt>
      <trkpt lat="22.4857950975" lon="114.1649381751"><ele>158.000</ele></trkpt>
      <trkpt lat="22.4858351164" lon="114.1649092465"><ele>158.000</ele></trkpt>
      <trkpt lat="22.4858781221" lon="114.1648880314"><ele>157.000</ele></trkpt>
      <trkpt lat="22.4859342682" lon="114.1648578167"><ele>157.000</ele></trkpt>
      <trkpt lat="22.4859718978" lon="114.1648308162"><ele>156.000</ele></trkpt>
      <trkpt lat="22.4859922053" lon="114.1648057461"><ele>156.000</ele></trkpt>
      <trkpt lat="22.4860011619" lon="114.1647736065"><ele>155.000</ele></trkpt>
      <trkpt lat="22.4860041468" lon="114.1647421107"><ele>156.000</ele></trkpt>
      <trkpt lat="22.4859969759" lon="114.1647074012"><ele>156.000</ele></trkpt>
      <trkpt lat="22.4859778565" lon="114.1646450541"><ele>154.000</ele></trkpt>
      <trkpt lat="22.4859629190" lon="114.1645807778"><ele>154.000</ele></trkpt>
      <trkpt lat="22.4859533560" lon="114.1645004311"><ele>154.000</ele></trkpt>
      <trkpt lat="22.4859533503" lon="114.1644265117"><ele>153.000</ele></trkpt>
      <trkpt lat="22.4859587218" lon="114.1643705897"><ele>152.000</ele></trkpt>
      <trkpt lat="22.4859754407" lon="114.1642895983"><ele>151.000</ele></trkpt>
      <trkpt lat="22.4859849922" lon="114.1642201783"><ele>150.000</ele></trkpt>
      <trkpt lat="22.4859903630" lon="114.1641565424"><ele>148.000</ele></trkpt>
      <trkpt lat="22.4859927481" lon="114.1641019063"><ele>148.000</ele></trkpt>
      <trkpt lat="22.4860453113" lon="114.1640890462"><ele>150.000</ele></trkpt>
      <trkpt lat="22.4860321729" lon="114.1641231142"><ele>149.000</ele></trkpt>
      <trkpt lat="22.4860477043" lon="114.1641346834"><ele>150.000</ele></trkpt>
      <trkpt lat="22.4860614440" lon="114.1641449663"><ele>150.000</ele></trkpt>
      <trkpt lat="22.4860775732" lon="114.1641674619"><ele>150.000</ele></trkpt>
      <trkpt lat="22.4860919110" lon="114.1641938146"><ele>148.000</ele></trkpt>
      <trkpt lat="22.4861032615" lon="114.1642066689"><ele>148.000</ele></trkpt>
      <trkpt lat="22.4861349216" lon="114.1642349480"><ele>150.000</ele></trkpt>
      <trkpt lat="22.4861701662" lon="114.1642677270"><ele>150.000</ele></trkpt>
      <trkpt lat="22.4862036188" lon="114.1642953636"><ele>151.000</ele></trkpt>
      <trkpt lat="22.4862197486" lon="114.1643140024"><ele>151.000</ele></trkpt>
      <trkpt lat="22.4862514093" lon="114.1643499953"><ele>150.000</ele></trkpt>
      <trkpt lat="22.4862842647" lon="114.1643866305"><ele>146.000</ele></trkpt>
      <trkpt lat="22.4863117439" lon="114.1644174813"><ele>146.000</ele></trkpt>
      <trkpt lat="22.4863386262" lon="114.1644483322"><ele>144.000</ele></trkpt>
      <trkpt lat="22.4863638971" lon="114.1644745965"><ele>144.000</ele></trkpt>
      <trkpt lat="22.4864031303" lon="114.1645052986"><ele>144.000</ele></trkpt>
      <trkpt lat="22.4864656242" lon="114.1645510629"><ele>138.000</ele></trkpt>
      <trkpt lat="22.4865232416" lon="114.1645956615"><ele>136.000</ele></trkpt>
      <trkpt lat="22.4865711940" lon="114.1646077070"><ele>136.000</ele></trkpt>
      <trkpt lat="22.4866360321" lon="114.1646046889"><ele>136.000</ele></trkpt>
      <trkpt lat="22.4867177769" lon="114.1646254113"><ele>134.000</ele></trkpt>
      <trkpt lat="22.4867298572" lon="114.1646294518"><ele>135.000</ele></trkpt>
      <trkpt lat="22.4867529096" lon="114.1646353687"><ele>135.000</ele></trkpt>
      <trkpt lat="22.4867637879" lon="114.1646397018"><ele>135.000</ele></trkpt>
      <trkpt lat="22.4867750774" lon="114.1646473904"><ele>136.000</ele></trkpt>
      <trkpt lat="22.4867938981" lon="114.1646644509"><ele>136.000</ele></trkpt>
      <trkpt lat="22.4868274012" lon="114.1646925872"><ele>135.000</ele></trkpt>
      <trkpt lat="22.4868434763" lon="114.1647051157"><ele>135.000</ele></trkpt>
      <trkpt lat="22.4868849054" lon="114.1647336867"><ele>134.000</ele></trkpt>
      <trkpt lat="22.4868984245" lon="114.1647416131"><ele>134.000</ele></trkpt>
      <trkpt lat="22.4869114550" lon="114.1647478915"><ele>135.000</ele></trkpt>
      <trkpt lat="22.4869197948" lon="114.1647509897"><ele>135.000</ele></trkpt>
      <trkpt lat="22.4869284966" lon="114.1647526769"><ele>135.000</ele></trkpt>
      <trkpt lat="22.4869623544" lon="114.1647530578"><ele>136.000</ele></trkpt>
      <trkpt lat="22.4869766569" lon="114.1647550613"><ele>136.000</ele></trkpt>
      <trkpt lat="22.4869932298" lon="114.1647597418"><ele>136.000</ele></trkpt>
      <trkpt lat="22.4870478950" lon="114.1647784766"><ele>136.000</ele></trkpt>
      <trkpt lat="22.4870606491" lon="114.1647852894"><ele>136.000</ele></trkpt>
      <trkpt lat="22.4870738199" lon="114.1647966511"><ele>136.000</ele></trkpt>
      <trkpt lat="22.4871058860" lon="114.1648327376"><ele>136.000</ele></trkpt>
      <trkpt lat="22.4871452651" lon="114.1648716310"><ele>136.000</ele></trkpt>
      <trkpt lat="22.4871616684" lon="114.1648908403"><ele>136.000</ele></trkpt>
      <trkpt lat="22.4871787731" lon="114.1649170560"><ele>137.000</ele></trkpt>
      <trkpt lat="22.4871977079" lon="114.1649525908"><ele>137.000</ele></trkpt>
      <trkpt lat="22.4872026051" lon="114.1649641301"><ele>137.000</ele></trkpt>
      <trkpt lat="22.4872122580" lon="114.1649928536"><ele>137.000</ele></trkpt>
      <trkpt lat="22.4872158770" lon="114.1650005224"><ele>137.000</ele></trkpt>
      <trkpt lat="22.4872204054" lon="114.1650075003"><ele>140.000</ele></trkpt>
      <trkpt lat="22.4872269900" lon="114.1650153535"><ele>138.000</ele></trkpt>
      <trkpt lat="22.4872358044" lon="114.1650239101"><ele>138.000</ele></trkpt>
      <trkpt lat="22.4872602754" lon="114.1650427612"><ele>138.000</ele></trkpt>
      <trkpt lat="22.4872636104" lon="114.1650439610"><ele>142.000</ele></trkpt>
      <trkpt lat="22.4872723157" lon="114.1650436766"><ele>142.000</ele></trkpt>
      <trkpt lat="22.4872745888" lon="114.1650447414"><ele>142.000</ele></trkpt>
      <trkpt lat="22.4872824730" lon="114.1650535819"><ele>142.000</ele></trkpt>
      <trkpt lat="22.4872902092" lon="114.1650646467"><ele>141.000</ele></trkpt>
      <trkpt lat="22.4872987107" lon="114.1650799250"><ele>141.000</ele></trkpt>
      <trkpt lat="22.4873059353" lon="114.1650965823"><ele>141.000</ele></trkpt>
      <trkpt lat="22.4873132036" lon="114.1651176155"><ele>142.000</ele></trkpt>
      <trkpt lat="22.4873214170" lon="114.1651454277"><ele>142.000</ele></trkpt>
      <trkpt lat="22.4873302414" lon="114.1651821451"><ele>142.000</ele></trkpt>
      <trkpt lat="22.4873417561" lon="114.1652199972"><ele>140.000</ele></trkpt>
      <trkpt lat="22.4874004024" lon="114.1654038184"><ele>138.000</ele></trkpt>
      <trkpt lat="22.4874134799" lon="114.1654448089"><ele>138.000</ele></trkpt>
      <trkpt lat="22.4874172545" lon="114.1654548935"><ele>133.000</ele></trkpt>
      <trkpt lat="22.4874211426" lon="114.1654623748"><ele>133.000</ele></trkpt>
      <trkpt lat="22.4874273344" lon="114.1654701338"><ele>133.000</ele></trkpt>
      <trkpt lat="22.4874358271" lon="114.1654774000"><ele>133.000</ele></trkpt>
      <trkpt lat="22.4874463597" lon="114.1654839245"><ele>136.000</ele></trkpt>
      <trkpt lat="22.4874583344" lon="114.1654892012"><ele>136.000</ele></trkpt>
      <trkpt lat="22.4874651362" lon="114.1654912589"><ele>136.000</ele></trkpt>
      <trkpt lat="22.4874712743" lon="114.1654920523"><ele>136.000</ele></trkpt>
      <trkpt lat="22.4874978561" lon="114.1654910414"><ele>139.000</ele></trkpt>
      <trkpt lat="22.4875094567" lon="114.1654925011"><ele>139.000</ele></trkpt>
      <trkpt lat="22.4875219532" lon="114.1654956262"><ele>139.000</ele></trkpt>
      <trkpt lat="22.4875324964" lon="114.1654992073"><ele>139.000</ele></trkpt>
      <trkpt lat="22.4875424853" lon="114.1655037815"><ele>134.000</ele></trkpt>
      <trkpt lat="22.4875500729" lon="114.1655085309"><ele>134.000</ele></trkpt>
      <trkpt lat="22.4875549479" lon="114.1655140443"><ele>134.000</ele></trkpt>
      <trkpt lat="22.4875638340" lon="114.1655281381"><ele>134.000</ele></trkpt>
      <trkpt lat="22.4875682556" lon="114.1655329460"><ele>134.000</ele></trkpt>
      <trkpt lat="22.4875923327" lon="114.1655499587"><ele>132.000</ele></trkpt>
      <trkpt lat="22.4876186051" lon="114.1655655194"><ele>132.000</ele></trkpt>
      <trkpt lat="22.4876457776" lon="114.1655785447"><ele>133.000</ele></trkpt>
      <trkpt lat="22.4877080058" lon="114.1655991411"><ele>132.000</ele></trkpt>
      <trkpt lat="22.4877462761" lon="114.1656169087"><ele>132.000</ele></trkpt>
      <trkpt lat="22.4877615487" lon="114.1656224825"><ele>132.000</ele></trkpt>
      <trkpt lat="22.4877766305" lon="114.1656252595"><ele>132.000</ele></trkpt>
      <trkpt lat="22.4877966221" lon="114.1656263346"><ele>132.000</ele></trkpt>
      <trkpt lat="22.4878227941" lon="114.1656263082"><ele>132.000</ele></trkpt>
      <trkpt lat="22.4878950426" lon="114.1656243200"><ele>132.000</ele></trkpt>
      <trkpt lat="22.4879718003" lon="114.1656264274"><ele>134.000</ele></trkpt>
      <trkpt lat="22.4880051290" lon="114.1656287434"><ele>134.000</ele></trkpt>
      <trkpt lat="22.4880393454" lon="114.1656322545"><ele>134.000</ele></trkpt>
      <trkpt lat="22.4880662229" lon="114.1656362191"><ele>134.000</ele></trkpt>
      <trkpt lat="22.4880892381" lon="114.1656409119"><ele>134.000</ele></trkpt>
      <trkpt lat="22.4881083288" lon="114.1656466419"><ele>133.000</ele></trkpt>
      <trkpt lat="22.4881520804" lon="114.1656624325"><ele>133.000</ele></trkpt>
      <trkpt lat="22.4882163404" lon="114.1656825284"><ele>134.000</ele></trkpt>
      <trkpt lat="22.4882452763" lon="114.1656933292"><ele>134.000</ele></trkpt>
      <trkpt lat="22.4882619994" lon="114.1657007911"><ele>132.000</ele></trkpt>
      <trkpt lat="22.4882775683" lon="114.1657088040"><ele>132.000</ele></trkpt>
      <trkpt lat="22.4882910188" lon="114.1657168726"><ele>132.000</ele></trkpt>
      <trkpt lat="22.4883038254" lon="114.1657259090"><ele>132.000</ele></trkpt>
      <trkpt lat="22.4883251430" lon="114.1657440483"><ele>132.000</ele></trkpt>
      <trkpt lat="22.4883652777" lon="114.1657829713"><ele>132.000</ele></trkpt>
      <trkpt lat="22.4883826135" lon="114.1657985921"><ele>130.000</ele></trkpt>
      <trkpt lat="22.4883962962" lon="114.1658093359"><ele>130.000</ele></trkpt>
      <trkpt lat="22.4884098442" lon="114.1658182411"><ele>130.000</ele></trkpt>
      <trkpt lat="22.4884193996" lon="114.1658230225"><ele>130.000</ele></trkpt>
      <trkpt lat="22.4884303628" lon="114.1658268300"><ele>130.000</ele></trkpt>
      <trkpt lat="22.4884472102" lon="114.1658305282"><ele>132.000</ele></trkpt>
      <trkpt lat="22.4884847743" lon="114.1658356542"><ele>132.000</ele></trkpt>
      <trkpt lat="22.4885475418" lon="114.1658463446"><ele>131.000</ele></trkpt>
      <trkpt lat="22.4885643205" lon="114.1658499038"><ele>131.000</ele></trkpt>
      <trkpt lat="22.4885781111" lon="114.1658539074"><ele>132.000</ele></trkpt>
      <trkpt lat="22.4885878327" lon="114.1658587150"><ele>132.000</ele></trkpt>
      <trkpt lat="22.4886107593" lon="114.1658747921"><ele>132.000</ele></trkpt>
      <trkpt lat="22.4886530666" lon="114.1659002735"><ele>130.000</ele></trkpt>
      <trkpt lat="22.4887037119" lon="114.1659279068"><ele>130.000</ele></trkpt>
      <trkpt lat="22.4887283289" lon="114.1659422152"><ele>129.000</ele></trkpt>
      <trkpt lat="22.4887737296" lon="114.1659742704"><ele>130.000</ele></trkpt>
      <trkpt lat="22.4887926364" lon="114.1659854677"><ele>130.000</ele></trkpt>
      <trkpt lat="22.4888349461" lon="114.1660048688"><ele>128.000</ele></trkpt>
      <trkpt lat="22.4888978662" lon="114.1660294634"><ele>130.000</ele></trkpt>
      <trkpt lat="22.4889125373" lon="114.1660343697"><ele>128.000</ele></trkpt>
      <trkpt lat="22.4889449580" lon="114.1660435582"><ele>128.000</ele></trkpt>
      <trkpt lat="22.4889586592" lon="114.1660483480"><ele>128.000</ele></trkpt>
      <trkpt lat="22.4889735328" lon="114.1660551784"><ele>128.000</ele></trkpt>
      <trkpt lat="22.4889912177" lon="114.1660648180"><ele>129.000</ele></trkpt>
      <trkpt lat="22.4890684552" lon="114.1661121220"><ele>128.000</ele></trkpt>
      <trkpt lat="22.4890839681" lon="114.1661197327"><ele>128.000</ele></trkpt>
      <trkpt lat="22.4890995007" lon="114.1661243290"><ele>128.000</ele></trkpt>
      <trkpt lat="22.4891179862" lon="114.1661285451"><ele>128.000</ele></trkpt>
      <trkpt lat="22.4891877180" lon="114.1661409930"><ele>128.000</ele></trkpt>
      <trkpt lat="22.4892083247" lon="114.1661432674"><ele>128.000</ele></trkpt>
      <trkpt lat="22.4892135543" lon="114.1661446216"><ele>128.000</ele></trkpt>
      <trkpt lat="22.4892182927" lon="114.1661468612"><ele>128.000</ele></trkpt>
      <trkpt lat="22.4892256998" lon="114.1661532491"><ele>128.000</ele></trkpt>
      <trkpt lat="22.4892343471" lon="114.1661627213"><ele>128.000</ele></trkpt>
      <trkpt lat="22.4892684029" lon="114.1662090530"><ele>127.000</ele></trkpt>
      <trkpt lat="22.4892912307" lon="114.1662339919"><ele>125.000</ele></trkpt>
      <trkpt lat="22.4893075018" lon="114.1662494633"><ele>126.000</ele></trkpt>
      <trkpt lat="22.4893243589" lon="114.1662640951"><ele>126.000</ele></trkpt>
      <trkpt lat="22.4893702754" lon="114.1662984712"><ele>124.000</ele></trkpt>
      <trkpt lat="22.4893836535" lon="114.1663069538"><ele>124.000</ele></trkpt>
      <trkpt lat="22.4893964953" lon="114.1663141342"><ele>126.000</ele></trkpt>
      <trkpt lat="22.4894033766" lon="114.1663173600"><ele>126.000</ele></trkpt>
      <trkpt lat="22.4894166787" lon="114.1663213239"><ele>126.000</ele></trkpt>
      <trkpt lat="22.4894306759" lon="114.1663228193"><ele>126.000</ele></trkpt>
      <trkpt lat="22.4894522496" lon="114.1663230898"><ele>126.000</ele></trkpt>
      <trkpt lat="22.4894591307" lon="114.1663223605"><ele>126.000</ele></trkpt>
      <trkpt lat="22.4894662013" lon="114.1663199305"><ele>126.000</ele></trkpt>
      <trkpt lat="22.4895161324" lon="114.1663090904"><ele>126.000</ele></trkpt>
      <trkpt lat="22.4895905130" lon="114.1663057496"><ele>128.000</ele></trkpt>
      <trkpt lat="22.4896535310" lon="114.1663090800"><ele>128.000</ele></trkpt>
      <trkpt lat="22.4896825608" lon="114.1663200988"><ele>128.000</ele></trkpt>
      <trkpt lat="22.4897245364" lon="114.1663410034"><ele>127.000</ele></trkpt>
      <trkpt lat="22.4897816839" lon="114.1663752631"><ele>126.000</ele></trkpt>
      <trkpt lat="22.4897972348" lon="114.1663824153"><ele>126.000</ele></trkpt>
      <trkpt lat="22.4898083333" lon="114.1663857379"><ele>126.000</ele></trkpt>
      <trkpt lat="22.4898246207" lon="114.1663871516"><ele>126.000</ele></trkpt>
      <trkpt lat="22.4898511050" lon="114.1663858776"><ele>126.000</ele></trkpt>
      <trkpt lat="22.4898803179" lon="114.1663792653"><ele>126.000</ele></trkpt>
      <trkpt lat="22.4899089701" lon="114.1663742507"><ele>130.000</ele></trkpt>
      <trkpt lat="22.4899251100" lon="114.1663723176"><ele>130.000</ele></trkpt>
      <trkpt lat="22.4899444288" lon="114.1663722287"><ele>130.000</ele></trkpt>
      <trkpt lat="22.4899561811" lon="114.1663748516"><ele>128.000</ele></trkpt>
      <trkpt lat="22.4899621270" lon="114.1663786110"><ele>128.000</ele></trkpt>
      <trkpt lat="22.4899703569" lon="114.1663869823"><ele>128.000</ele></trkpt>
      <trkpt lat="22.4899938020" lon="114.1664198714"><ele>128.000</ele></trkpt>
      <trkpt lat="22.4900024050" lon="114.1664298636"><ele>126.000</ele></trkpt>
      <trkpt lat="22.4900715112" lon="114.1664877991"><ele>124.000</ele></trkpt>
      <trkpt lat="22.4900868979" lon="114.1664985896"><ele>124.000</ele></trkpt>
      <trkpt lat="22.4901001725" lon="114.1665117903"><ele>124.000</ele></trkpt>
      <trkpt lat="22.4901114320" lon="114.1665177581"><ele>124.000</ele></trkpt>
      <trkpt lat="22.4901365680" lon="114.1665289269"><ele>123.000</ele></trkpt>
      <trkpt lat="22.4901543919" lon="114.1665383732"><ele>124.000</ele></trkpt>
      <trkpt lat="22.4901782086" lon="114.1665522758"><ele>124.000</ele></trkpt>
      <trkpt lat="22.4901972555" lon="114.1665654702"><ele>124.000</ele></trkpt>
      <trkpt lat="22.4902129311" lon="114.1665749605"><ele>124.000</ele></trkpt>
      <trkpt lat="22.4902308171" lon="114.1665816829"><ele>124.000</ele></trkpt>
      <trkpt lat="22.4902711052" lon="114.1665928234"><ele>124.000</ele></trkpt>
      <trkpt lat="22.4903093837" lon="114.1665998106"><ele>124.000</ele></trkpt>
      <trkpt lat="22.4903449500" lon="114.1666424655"><ele>122.000</ele></trkpt>
      <trkpt lat="22.4903597489" lon="114.1666691107"><ele>122.000</ele></trkpt>
      <trkpt lat="22.4903630686" lon="114.1666723786"><ele>122.000</ele></trkpt>
      <trkpt lat="22.4903673103" lon="114.1666738690"><ele>122.000</ele></trkpt>
      <trkpt lat="22.4903726743" lon="114.1666732399"><ele>122.000</ele></trkpt>
      <trkpt lat="22.4903785801" lon="114.1666708420"><ele>122.000</ele></trkpt>
      <trkpt lat="22.4904070689" lon="114.1666521049"><ele>122.000</ele></trkpt>
      <trkpt lat="22.4904345115" lon="114.1666396213"><ele>122.000</ele></trkpt>
      <trkpt lat="22.4904441764" lon="114.1666343603"><ele>122.000</ele></trkpt>
      <trkpt lat="22.4904575489" lon="114.1666244364"><ele>122.000</ele></trkpt>
      <trkpt lat="22.4904890877" lon="114.1665968752"><ele>124.000</ele></trkpt>
      <trkpt lat="22.4904981457" lon="114.1665904812"><ele>124.000</ele></trkpt>
      <trkpt lat="22.4905062131" lon="114.1665861425"><ele>124.000</ele></trkpt>
      <trkpt lat="22.4905159568" lon="114.1665842604"><ele>124.000</ele></trkpt>
      <trkpt lat="22.4905403181" lon="114.1665841139"><ele>124.000</ele></trkpt>
      <trkpt lat="22.4905514063" lon="114.1665800714"><ele>124.000</ele></trkpt>
      <trkpt lat="22.4905558637" lon="114.1665796435"><ele>124.000</ele></trkpt>
      <trkpt lat="22.4905640509" lon="114.1665836398"><ele>124.000</ele></trkpt>
      <trkpt lat="22.4905819167" lon="114.1665979150"><ele>124.000</ele></trkpt>
      <trkpt lat="22.4906350665" lon="114.1666476540"><ele>123.000</ele></trkpt>
      <trkpt lat="22.4906621991" lon="114.1666747600"><ele>122.000</ele></trkpt>
      <trkpt lat="22.4906902666" lon="114.1667050242"><ele>122.000</ele></trkpt>
      <trkpt lat="22.4907560685" lon="114.1667784895"><ele>120.000</ele></trkpt>
      <trkpt lat="22.4908336801" lon="114.1668612579"><ele>118.000</ele></trkpt>
      <trkpt lat="22.4908586698" lon="114.1668893233"><ele>118.000</ele></trkpt>
      <trkpt lat="22.4908803372" lon="114.1669154035"><ele>118.000</ele></trkpt>
      <trkpt lat="22.4908885474" lon="114.1669269896"><ele>118.000</ele></trkpt>
      <trkpt lat="22.4908974533" lon="114.1669427669"><ele>118.000</ele></trkpt>
      <trkpt lat="22.4909132241" lon="114.1669744646"><ele>118.000</ele></trkpt>
      <trkpt lat="22.4909173858" lon="114.1669815991"><ele>118.000</ele></trkpt>
      <trkpt lat="22.4909223431" lon="114.1669900971"><ele>118.000</ele></trkpt>
      <trkpt lat="22.4909327840" lon="114.1670034798"><ele>118.000</ele></trkpt>
      <trkpt lat="22.4909453008" lon="114.1670146205"><ele>118.000</ele></trkpt>
      <trkpt lat="22.4909574093" lon="114.1670230975"><ele>118.000</ele></trkpt>
      <trkpt lat="22.4909725050" lon="114.1670318678"><ele>118.000</ele></trkpt>
      <trkpt lat="22.4910227246" lon="114.1670562154"><ele>118.000</ele></trkpt>
      <trkpt lat="22.4910405051" lon="114.1670657464"><ele>118.000</ele></trkpt>
      <trkpt lat="22.4910795911" lon="114.1670900686"><ele>120.000</ele></trkpt>
      <trkpt lat="22.4911054534" lon="114.1671078680"><ele>120.000</ele></trkpt>
      <trkpt lat="22.4911214849" lon="114.1671204894"><ele>120.000</ele></trkpt>
      <trkpt lat="22.4911324737" lon="114.1671305768"><ele>120.000</ele></trkpt>
      <trkpt lat="22.4911430093" lon="114.1671425865"><ele>120.000</ele></trkpt>
      <trkpt lat="22.4911716063" lon="114.1671789110"><ele>120.000</ele></trkpt>
      <trkpt lat="22.4911814744" lon="114.1671888896"><ele>120.000</ele></trkpt>
      <trkpt lat="22.4911909893" lon="114.1671962775"><ele>120.000</ele></trkpt>
      <trkpt lat="22.4912013683" lon="114.1672021697"><ele>120.000</ele></trkpt>
      <trkpt lat="22.4912140057" lon="114.1672074058"><ele>120.000</ele></trkpt>
      <trkpt lat="22.4912533076" lon="114.1672184776"><ele>120.000</ele></trkpt>
      <trkpt lat="22.4912698173" lon="114.1672234423"><ele>120.000</ele></trkpt>
      <trkpt lat="22.4912859383" lon="114.1672219252"><ele>121.000</ele></trkpt>
      <trkpt lat="22.4913218456" lon="114.1672169335"><ele>121.000</ele></trkpt>
      <trkpt lat="22.4914186559" lon="114.1672153166"><ele>122.000</ele></trkpt>
      <trkpt lat="22.4914698936" lon="114.1672167328"><ele>122.000</ele></trkpt>
      <trkpt lat="22.4914793839" lon="114.1672201218"><ele>122.000</ele></trkpt>
      <trkpt lat="22.4914913496" lon="114.1672272840"><ele>122.000</ele></trkpt>
      <trkpt lat="22.4915579958" lon="114.1672739770"><ele>122.000</ele></trkpt>
      <trkpt lat="22.4915765170" lon="114.1672859686"><ele>122.000</ele></trkpt>
      <trkpt lat="22.4915879695" lon="114.1672889794"><ele>122.000</ele></trkpt>
      <trkpt lat="22.4916051418" lon="114.1672896187"><ele>122.000</ele></trkpt>
      <trkpt lat="22.4916131753" lon="114.1672908299"><ele>122.000</ele></trkpt>
      <trkpt lat="22.4916655496" lon="114.1673016444"><ele>120.000</ele></trkpt>
      <trkpt lat="22.4917089631" lon="114.1673458677"><ele>120.000</ele></trkpt>
      <trkpt lat="22.4917234083" lon="114.1673491427"><ele>118.000</ele></trkpt>
      <trkpt lat="22.4917473022" lon="114.1673542838"><ele>118.000</ele></trkpt>
      <trkpt lat="22.4917753764" lon="114.1673626374"><ele>118.000</ele></trkpt>
      <trkpt lat="22.4917992701" lon="114.1673652081"><ele>118.000</ele></trkpt>
      <trkpt lat="22.4918386934" lon="114.1673690615"><ele>118.000</ele></trkpt>
      <trkpt lat="22.4918894654" lon="114.1673600592"><ele>118.000</ele></trkpt>
      <trkpt lat="22.4919115666" lon="114.1673619857"><ele>118.000</ele></trkpt>
      <trkpt lat="22.4919659234" lon="114.1673639110"><ele>120.000</ele></trkpt>
      <trkpt lat="22.4920238636" lon="114.1673684065"><ele>122.000</ele></trkpt>
      <trkpt lat="22.4920704553" lon="114.1673722594"><ele>122.000</ele></trkpt>
      <trkpt lat="22.4921152556" lon="114.1673806138"><ele>122.000</ele></trkpt>
      <trkpt lat="22.4921337728" lon="114.1673863977"><ele>122.000</ele></trkpt>
      <trkpt lat="22.4921487068" lon="114.1673947532"><ele>121.000</ele></trkpt>
      <trkpt lat="22.4921654322" lon="114.1674121073"><ele>121.000</ele></trkpt>
      <trkpt lat="22.4921857427" lon="114.1674313903"><ele>122.000</ele></trkpt>
      <trkpt lat="22.4922084421" lon="114.1674571006"><ele>120.000</ele></trkpt>
      <trkpt lat="22.4922317395" lon="114.1674860256"><ele>120.000</ele></trkpt>
      <trkpt lat="22.4922604128" lon="114.1675175206"><ele>119.000</ele></trkpt>
      <trkpt lat="22.4922938650" lon="114.1675477306"><ele>118.000</ele></trkpt>
      <trkpt lat="22.4923237325" lon="114.1675689410"><ele>119.000</ele></trkpt>
      <trkpt lat="22.4923571842" lon="114.1675920802"><ele>117.000</ele></trkpt>
      <trkpt lat="22.4923936222" lon="114.1676139326"><ele>118.000</ele></trkpt>
      <trkpt lat="22.4924252812" lon="114.1676332149"><ele>120.000</ele></trkpt>
      <trkpt lat="22.4924473828" lon="114.1676434989"><ele>117.000</ele></trkpt>
      <trkpt lat="22.4924730684" lon="114.1676512104"><ele>118.000</ele></trkpt>
      <trkpt lat="22.4924945728" lon="114.1676563518"><ele>118.000</ele></trkpt>
      <trkpt lat="22.4925148818" lon="114.1676659926"><ele>120.000</ele></trkpt>
      <trkpt lat="22.4925369836" lon="114.1676788471"><ele>120.000</ele></trkpt>
      <trkpt lat="22.4925590859" lon="114.1677013438"><ele>118.000</ele></trkpt>
      <trkpt lat="22.4925752153" lon="114.1677212695"><ele>118.000</ele></trkpt>
      <trkpt lat="22.4925949280" lon="114.1677418383"><ele>116.000</ele></trkpt>
      <trkpt lat="22.4926164324" lon="114.1677630494"><ele>116.000</ele></trkpt>
      <trkpt lat="22.4926433133" lon="114.1677810463"><ele>118.000</ele></trkpt>
      <trkpt lat="22.4926689991" lon="114.1677926149"><ele>115.000</ele></trkpt>
      <trkpt lat="22.4926946852" lon="114.1678080406"><ele>116.000</ele></trkpt>
      <trkpt lat="22.4927161892" lon="114.1678241099"><ele>116.000</ele></trkpt>
      <trkpt lat="22.4927341104" lon="114.1678453212"><ele>116.000</ele></trkpt>
      <trkpt lat="22.4927472526" lon="114.1678671752"><ele>116.000</ele></trkpt>
      <trkpt lat="22.4927651737" lon="114.1678883865"><ele>115.000</ele></trkpt>
      <trkpt lat="22.4927878728" lon="114.1679089552"><ele>116.000</ele></trkpt>
      <trkpt lat="22.4928308819" lon="114.1679423785"><ele>116.000</ele></trkpt>
      <trkpt lat="22.4928726970" lon="114.1679719449"><ele>116.000</ele></trkpt>
      <trkpt lat="22.4929270542" lon="114.1679970110"><ele>114.000</ele></trkpt>
      <trkpt lat="22.4929748416" lon="114.1680188638"><ele>115.000</ele></trkpt>
      <trkpt lat="22.4930489115" lon="114.1680503572"><ele>114.000</ele></trkpt>
      <trkpt lat="22.4931182033" lon="114.1680773505"><ele>112.000</ele></trkpt>
      <trkpt lat="22.4931797286" lon="114.1680992016"><ele>113.000</ele></trkpt>
      <trkpt lat="22.4932376698" lon="114.1681223395"><ele>114.000</ele></trkpt>
      <trkpt lat="22.4932711208" lon="114.1681332654"><ele>112.000</ele></trkpt>
      <trkpt lat="22.4933135320" lon="114.1681480468"><ele>112.000</ele></trkpt>
      <trkpt lat="22.4933433989" lon="114.1681602586"><ele>114.000</ele></trkpt>
      <trkpt lat="22.4933583319" lon="114.1681673285"><ele>114.000</ele></trkpt>
      <trkpt lat="22.4933655008" lon="114.1681782560"><ele>112.000</ele></trkpt>
      <trkpt lat="22.4933720726" lon="114.1682020396"><ele>112.000</ele></trkpt>
      <trkpt lat="22.4933744627" lon="114.1682296805"><ele>112.000</ele></trkpt>
      <trkpt lat="22.4933738679" lon="114.1682695343"><ele>110.000</ele></trkpt>
      <trkpt lat="22.4933732735" lon="114.1683177456"><ele>110.000</ele></trkpt>
      <trkpt lat="22.4933732747" lon="114.1683402439"><ele>110.000</ele></trkpt>
      <trkpt lat="22.4933762618" lon="114.1683550278"><ele>110.000</ele></trkpt>
      <trkpt lat="22.4933816385" lon="114.1683717406"><ele>111.000</ele></trkpt>
      <trkpt lat="22.4933959748" lon="114.1683826677"><ele>111.000</ele></trkpt>
      <trkpt lat="22.4934168818" lon="114.1683961658"><ele>110.000</ele></trkpt>
      <trkpt lat="22.4934485414" lon="114.1684115913"><ele>110.000</ele></trkpt>
      <trkpt lat="22.4934807982" lon="114.1684321596"><ele>110.000</ele></trkpt>
      <trkpt lat="22.4935136519" lon="114.1684527268"><ele>110.000</ele></trkpt>
      <trkpt lat="22.4935387402" lon="114.1684726532"><ele>110.000</ele></trkpt>
      <trkpt lat="22.4935674130" lon="114.1684964355"><ele>110.000</ele></trkpt>
      <trkpt lat="22.4935978783" lon="114.1685208600"><ele>110.000</ele></trkpt>
      <trkpt lat="22.4936217720" lon="114.1685414288"><ele>110.000</ele></trkpt>
      <trkpt lat="22.4936349138" lon="114.1685549265"><ele>110.000</ele></trkpt>
      <trkpt lat="22.4936510429" lon="114.1685716387"><ele>110.000</ele></trkpt>
      <trkpt lat="22.4936689632" lon="114.1685973507"><ele>110.000</ele></trkpt>
      <trkpt lat="22.4936886767" lon="114.1686159907"><ele>110.000</ele></trkpt>
      <trkpt lat="22.4937167514" lon="114.1686352736"><ele>110.000</ele></trkpt>
      <trkpt lat="22.4937537873" lon="114.1686616269"><ele>110.000</ele></trkpt>
      <trkpt lat="22.4937896276" lon="114.1686879802"><ele>110.000</ele></trkpt>
      <trkpt lat="22.4938248708" lon="114.1687124046"><ele>110.000</ele></trkpt>
      <trkpt lat="22.4938589202" lon="114.1687355443"><ele>106.000</ele></trkpt>
      <trkpt lat="22.4938852030" lon="114.1687503269"><ele>106.000</ele></trkpt>
      <trkpt lat="22.4939043176" lon="114.1687676823"><ele>105.000</ele></trkpt>
      <trkpt lat="22.4939222384" lon="114.1687837511"><ele>105.000</ele></trkpt>
      <trkpt lat="22.4939407562" lon="114.1688030346"><ele>105.000</ele></trkpt>
      <trkpt lat="22.4939652475" lon="114.1688197464"><ele>106.000</ele></trkpt>
      <trkpt lat="22.4939927250" lon="114.1688351723"><ele>104.000</ele></trkpt>
      <trkpt lat="22.4940178140" lon="114.1688499550"><ele>104.000</ele></trkpt>
      <trkpt lat="22.4940446937" lon="114.1688647386"><ele>106.000</ele></trkpt>
      <trkpt lat="22.4940697827" lon="114.1688801646"><ele>106.000</ele></trkpt>
      <trkpt lat="22.4940912867" lon="114.1688955909"><ele>104.000</ele></trkpt>
      <trkpt lat="22.4941080126" lon="114.1689097318"><ele>108.000</ele></trkpt>
      <trkpt lat="22.4941295177" lon="114.1689309432"><ele>106.000</ele></trkpt>
      <trkpt lat="22.4941462435" lon="114.1689418703"><ele>106.000</ele></trkpt>
      <trkpt lat="22.4941647608" lon="114.1689515115"><ele>109.000</ele></trkpt>
      <trkpt lat="22.4941790967" lon="114.1689540821"><ele>107.000</ele></trkpt>
      <trkpt lat="22.4942011976" lon="114.1689527952"><ele>107.000</ele></trkpt>
      <trkpt lat="22.4942161304" lon="114.1689547224"><ele>107.000</ele></trkpt>
      <trkpt lat="22.4942328560" lon="114.1689630781"><ele>107.000</ele></trkpt>
      <trkpt lat="22.4942477902" lon="114.1689759333"><ele>107.000</ele></trkpt>
      <trkpt lat="22.4942663075" lon="114.1689849322"><ele>105.000</ele></trkpt>
      <trkpt lat="22.4942866162" lon="114.1689907163"><ele>105.000</ele></trkpt>
      <trkpt lat="22.4943021477" lon="114.1689939292"><ele>105.000</ele></trkpt>
      <trkpt lat="22.4943176785" lon="114.1689990712"><ele>107.000</ele></trkpt>
      <trkpt lat="22.4943302221" lon="114.1690080694"><ele>107.000</ele></trkpt>
      <trkpt lat="22.4943481424" lon="114.1690157827"><ele>107.000</ele></trkpt>
      <trkpt lat="22.4943714382" lon="114.1690164237"><ele>104.000</ele></trkpt>
      <trkpt lat="22.4943863711" lon="114.1690209234"><ele>104.000</ele></trkpt>
      <trkpt lat="22.4944013050" lon="114.1690279934"><ele>102.000</ele></trkpt>
      <trkpt lat="22.4944168361" lon="114.1690414910"><ele>102.000</ele></trkpt>
      <trkpt lat="22.4944299779" lon="114.1690569178"><ele>107.000</ele></trkpt>
      <trkpt lat="22.4944496905" lon="114.1690787728"><ele>105.000</ele></trkpt>
      <trkpt lat="22.4944700006" lon="114.1690929135"><ele>105.000</ele></trkpt>
      <trkpt lat="22.4944897122" lon="114.1690954838"><ele>108.000</ele></trkpt>
      <trkpt lat="22.4945130080" lon="114.1690954825"><ele>108.000</ele></trkpt>
      <trkpt lat="22.4945404851" lon="114.1691025519"><ele>106.000</ele></trkpt>
      <trkpt lat="22.4945697543" lon="114.1691179778"><ele>106.000</ele></trkpt>
      <trkpt lat="22.4945996215" lon="114.1691391890"><ele>104.000</ele></trkpt>
      <trkpt lat="22.4946300864" lon="114.1691559005"><ele>107.000</ele></trkpt>
      <trkpt lat="22.4946497983" lon="114.1691642561"><ele>107.000</ele></trkpt>
      <trkpt lat="22.4946653296" lon="114.1691816118"><ele>107.000</ele></trkpt>
      <trkpt lat="22.4946754853" lon="114.1692028241"><ele>108.000</ele></trkpt>
      <trkpt lat="22.4946766815" lon="114.1692323934"><ele>108.000</ele></trkpt>
      <trkpt lat="22.4946796686" lon="114.1692484632"><ele>111.000</ele></trkpt>
      <trkpt lat="22.4946886288" lon="114.1692548912"><ele>111.000</ele></trkpt>
      <trkpt lat="22.4946999784" lon="114.1692581044"><ele>111.000</ele></trkpt>
      <trkpt lat="22.4947190923" lon="114.1692626029"><ele>109.000</ele></trkpt>
      <trkpt lat="22.4947411936" lon="114.1692690302"><ele>109.000</ele></trkpt>
      <trkpt lat="22.4947650876" lon="114.1692773856"><ele>108.000</ele></trkpt>
      <trkpt lat="22.4947919674" lon="114.1692960255"><ele>110.000</ele></trkpt>
      <trkpt lat="22.4948021228" lon="114.1693108101"><ele>110.000</ele></trkpt>
      <trkpt lat="22.4948224328" lon="114.1693249509"><ele>110.000</ele></trkpt>
      <trkpt lat="22.4948517022" lon="114.1693455198"><ele>110.000</ele></trkpt>
      <trkpt lat="22.4948785828" lon="114.1693615883"><ele>110.000</ele></trkpt>
      <trkpt lat="22.4949078527" lon="114.1693725148"><ele>108.000</ele></trkpt>
      <trkpt lat="22.4949430952" lon="114.1693827976"><ele>108.000</ele></trkpt>
      <trkpt lat="22.4949753514" lon="114.1693943663"><ele>108.000</ele></trkpt>
      <trkpt lat="22.4950088017" lon="114.1694117212"><ele>108.000</ele></trkpt>
      <trkpt lat="22.4950434480" lon="114.1694361470"><ele>108.000</ele></trkpt>
      <trkpt lat="22.4950667443" lon="114.1694502876"><ele>108.000</ele></trkpt>
      <trkpt lat="22.4950840668" lon="114.1694573576"><ele>108.000</ele></trkpt>
      <trkpt lat="22.4950972079" lon="114.1694599284"><ele>108.000</ele></trkpt>
      <trkpt lat="22.4951228931" lon="114.1694612117"><ele>108.000</ele></trkpt>
      <trkpt lat="22.4951449943" lon="114.1694644253"><ele>108.000</ele></trkpt>
      <trkpt lat="22.4951653038" lon="114.1694676381"><ele>108.000</ele></trkpt>
      <trkpt lat="22.4951903914" lon="114.1694721363"><ele>108.000</ele></trkpt>
      <trkpt lat="22.4952112979" lon="114.1694772780"><ele>108.000</ele></trkpt>
      <trkpt lat="22.4952441509" lon="114.1694875610"><ele>108.000</ele></trkpt>
      <trkpt lat="22.4952644606" lon="114.1694933452"><ele>108.000</ele></trkpt>
      <trkpt lat="22.4952823804" lon="114.1694907738"><ele>108.000</ele></trkpt>
      <trkpt lat="22.4953014947" lon="114.1694830585"><ele>108.000</ele></trkpt>
      <trkpt lat="22.4953235951" lon="114.1694702011"><ele>108.000</ele></trkpt>
      <trkpt lat="22.4953415136" lon="114.1694586287"><ele>108.000</ele></trkpt>
      <trkpt lat="22.4953600308" lon="114.1694470572"><ele>108.000</ele></trkpt>
      <trkpt lat="22.4953809367" lon="114.1694393428"><ele>108.000</ele></trkpt>
      <trkpt lat="22.4953970635" lon="114.1694264857"><ele>106.000</ele></trkpt>
      <trkpt lat="22.4954245399" lon="114.1694174842"><ele>106.000</ele></trkpt>
      <trkpt lat="22.4954693389" lon="114.1694014118"><ele>106.000</ele></trkpt>
      <trkpt lat="22.4955428080" lon="114.1693718383"><ele>106.000</ele></trkpt>
      <trkpt lat="22.4956252377" lon="114.1693377638"><ele>106.000</ele></trkpt>
      <trkpt lat="22.4956562980" lon="114.1693242635"><ele>106.000</ele></trkpt>
      <trkpt lat="22.4956807870" lon="114.1693126907"><ele>106.000</ele></trkpt>
      <trkpt lat="22.4956981094" lon="114.1693004768"><ele>106.000</ele></trkpt>
      <trkpt lat="22.4957160288" lon="114.1692889044"><ele>106.000</ele></trkpt>
      <trkpt lat="22.4957279747" lon="114.1692786189"><ele>106.000</ele></trkpt>
      <trkpt lat="22.4957291678" lon="114.1692651193"><ele>106.000</ele></trkpt>
      <trkpt lat="22.4957267786" lon="114.1692509775"><ele>106.000</ele></trkpt>
      <trkpt lat="22.4957327512" lon="114.1692471200"><ele>106.000</ele></trkpt>
      <trkpt lat="22.4957488795" lon="114.1692484048"><ele>106.000</ele></trkpt>
      <trkpt lat="22.4957817323" lon="114.1692529035"><ele>106.000</ele></trkpt>
      <trkpt lat="22.4958438544" lon="114.1692567563"><ele>106.000</ele></trkpt>
      <trkpt lat="22.4959340503" lon="114.1692638224"><ele>105.000</ele></trkpt>
      <trkpt lat="22.4960176768" lon="114.1692728179"><ele>104.000</ele></trkpt>
      <trkpt lat="22.4960711351" lon="114.1692767363"><ele>104.000</ele></trkpt>
      <trkpt lat="22.4961512187" lon="114.1692812918"><ele>104.000</ele></trkpt>
    </trkseg>
  </trk>
</gpx>
