<?xml version="1.0" encoding="UTF-8"?>
<gpx xmlns:xsi="http://www.w3.org/2001/XMLSchema-instance"
     xsi:schemaLocation="http://www.topografix.com/GPX/1/1 http://www.topografix.com/GPX/1/1/gpx.xsd"
     version="1.1" creator="json3d_batch_to_gpx"
     xmlns="http://www.topografix.com/GPX/1/1">
  <metadata>
    <name>HongPakCountryTrail</name>
  </metadata>
  <trk>
    <name>HongPakCountryTrail</name>
    <type>hike</type>
    <trkseg>
      <trkpt lat="22.2747073450" lon="114.2101304022"><ele>211.000</ele></trkpt>
      <trkpt lat="22.2746247962" lon="114.2100405534"><ele>216.000</ele></trkpt>
      <trkpt lat="22.2746051302" lon="114.2100272753"><ele>216.000</ele></trkpt>
      <trkpt lat="22.2745685300" lon="114.2100223570"><ele>214.000</ele></trkpt>
      <trkpt lat="22.2745027530" lon="114.2100557775"><ele>213.000</ele></trkpt>
      <trkpt lat="22.2744185597" lon="114.2101025545"><ele>213.000</ele></trkpt>
      <trkpt lat="22.2742864806" lon="114.2102198017"><ele>209.000</ele></trkpt>
      <trkpt lat="22.2741732866" lon="114.2103710193"><ele>206.000</ele></trkpt>
      <trkpt lat="22.2741693118" lon="114.2103763293"><ele>206.000</ele></trkpt>
      <trkpt lat="22.2741059639" lon="114.2104538107"><ele>202.000</ele></trkpt>
      <trkpt lat="22.2740484581" lon="114.2106214038"><ele>210.000</ele></trkpt>
      <trkpt lat="22.2740502934" lon="114.2108154505"><ele>207.000</ele></trkpt>
      <trkpt lat="22.2740507465" lon="114.2108633640"><ele>207.000</ele></trkpt>
      <trkpt lat="22.2741013406" lon="114.2110496514"><ele>212.000</ele></trkpt>
      <trkpt lat="22.2741113945" lon="114.2110866701"><ele>212.000</ele></trkpt>
      <trkpt lat="22.2741178611" lon="114.2111006971"><ele>212.000</ele></trkpt>
      <trkpt lat="22.2741178629" lon="114.2111007000"><ele>212.000</ele></trkpt>
      <trkpt lat="22.2741283241" lon="114.2111257049"><ele>212.000</ele></trkpt>
      <trkpt lat="22.2741701161" lon="114.2112367680"><ele>211.000</ele></trkpt>
      <trkpt lat="22.2741777221" lon="114.2112692065"><ele>213.000</ele></trkpt>
      <trkpt lat="22.2741849055" lon="114.2113351012"><ele>208.000</ele></trkpt>
      <trkpt lat="22.2741930354" lon="114.2114094842"><ele>208.000</ele></trkpt>
      <trkpt lat="22.2741939184" lon="114.2114612200"><ele>210.000</ele></trkpt>
      <trkpt lat="22.2741925542" lon="114.2115101434"><ele>210.000</ele></trkpt>
      <trkpt lat="22.2741891950" lon="114.2115221935"><ele>210.000</ele></trkpt>
      <trkpt lat="22.2741795452" lon="114.2115459417"><ele>212.000</ele></trkpt>
      <trkpt lat="22.2741679863" lon="114.2115696827"><ele>212.000</ele></trkpt>
      <trkpt lat="22.2741637876" lon="114.2115755393"><ele>212.000</ele></trkpt>
      <trkpt lat="22.2741559998" lon="114.2115827902"><ele>212.000</ele></trkpt>
      <trkpt lat="22.2741500081" lon="114.2115864147"><ele>212.000</ele></trkpt>
      <trkpt lat="22.2741315676" lon="114.2115944674"><ele>213.000</ele></trkpt>
      <trkpt lat="22.2741284247" lon="114.2115957357"><ele>213.000</ele></trkpt>
      <trkpt lat="22.2741251842" lon="114.2115969827"><ele>213.000</ele></trkpt>
      <trkpt lat="22.2741219275" lon="114.2115981754"><ele>213.000</ele></trkpt>
      <trkpt lat="22.2741186546" lon="114.2115993156"><ele>213.000</ele></trkpt>
      <trkpt lat="22.2741153654" lon="114.2116004015"><ele>213.000</ele></trkpt>
      <trkpt lat="22.2741120617" lon="114.2116014350"><ele>213.000</ele></trkpt>
      <trkpt lat="22.2741087437" lon="114.2116024152"><ele>213.000</ele></trkpt>
      <trkpt lat="22.2741054121" lon="114.2116033400"><ele>213.000</ele></trkpt>
      <trkpt lat="22.2741020678" lon="114.2116042076"><ele>213.000</ele></trkpt>
      <trkpt lat="22.2740987119" lon="114.2116050237"><ele>213.000</ele></trkpt>
      <trkpt lat="22.2740953442" lon="114.2116057836"><ele>212.000</ele></trkpt>
      <trkpt lat="22.2740919657" lon="114.2116064891"><ele>212.000</ele></trkpt>
      <trkpt lat="22.2740885790" lon="114.2116071403"><ele>212.000</ele></trkpt>
      <trkpt lat="22.2740851843" lon="114.2116077352"><ele>212.000</ele></trkpt>
      <trkpt lat="22.2740817805" lon="114.2116082739"><ele>212.000</ele></trkpt>
      <trkpt lat="22.2740783686" lon="114.2116087591"><ele>212.000</ele></trkpt>
      <trkpt lat="22.2740749523" lon="114.2116091862"><ele>212.000</ele></trkpt>
      <trkpt lat="22.2740715287" lon="114.2116095599"><ele>212.000</ele></trkpt>
      <trkpt lat="22.2740681006" lon="114.2116098753"><ele>212.000</ele></trkpt>
      <trkpt lat="22.2740646689" lon="114.2116101374"><ele>212.000</ele></trkpt>
      <trkpt lat="22.2740585063" lon="114.2116104629"><ele>212.000</ele></trkpt>
      <trkpt lat="22.2740550674" lon="114.2116105765"><ele>212.000</ele></trkpt>
      <trkpt lat="22.2740516285" lon="114.2116106475"><ele>212.000</ele></trkpt>
      <trkpt lat="22.2740481878" lon="114.2116106777"><ele>212.000</ele></trkpt>
      <trkpt lat="22.2740447481" lon="114.2116106613"><ele>212.000</ele></trkpt>
      <trkpt lat="22.2740413065" lon="114.2116106042"><ele>212.000</ele></trkpt>
      <trkpt lat="22.2740378676" lon="114.2116105044"><ele>212.000</ele></trkpt>
      <trkpt lat="22.2740344306" lon="114.2116103619"><ele>212.000</ele></trkpt>
      <trkpt lat="22.2740309936" lon="114.2116101747"><ele>212.000</ele></trkpt>
      <trkpt lat="22.2740275611" lon="114.2116099468"><ele>212.000</ele></trkpt>
      <trkpt lat="22.2740241286" lon="114.2116096762"><ele>212.000</ele></trkpt>
      <trkpt lat="22.2740207006" lon="114.2116093620"><ele>212.000</ele></trkpt>
      <trkpt lat="22.2740172763" lon="114.2116090050"><ele>212.000</ele></trkpt>
      <trkpt lat="22.2740138556" lon="114.2116086044"><ele>212.000</ele></trkpt>
      <trkpt lat="22.2740104403" lon="114.2116081631"><ele>212.000</ele></trkpt>
      <trkpt lat="22.2740070286" lon="114.2116076771"><ele>212.000</ele></trkpt>
      <trkpt lat="22.2740036223" lon="114.2116071504"><ele>212.000</ele></trkpt>
      <trkpt lat="22.2739977671" lon="114.2116061437"><ele>212.000</ele></trkpt>
      <trkpt lat="22.2739844944" lon="114.2116034857"><ele>214.000</ele></trkpt>
      <trkpt lat="22.2739742865" lon="114.2116018395"><ele>214.000</ele></trkpt>
      <trkpt lat="22.2739640741" lon="114.2116002361"><ele>214.000</ele></trkpt>
      <trkpt lat="22.2739538545" lon="114.2115986733"><ele>214.000</ele></trkpt>
      <trkpt lat="22.2739441956" lon="114.2115972330"><ele>214.000</ele></trkpt>
      <trkpt lat="22.2739384740" lon="114.2115961642"><ele>214.000</ele></trkpt>
      <trkpt lat="22.2739311376" lon="114.2115958131"><ele>214.000</ele></trkpt>
      <trkpt lat="22.2739276988" lon="114.2115956861"><ele>214.000</ele></trkpt>
      <trkpt lat="22.2739242617" lon="114.2115955271"><ele>214.000</ele></trkpt>
      <trkpt lat="22.2739208247" lon="114.2115953351"><ele>214.000</ele></trkpt>
      <trkpt lat="22.2739173913" lon="114.2115951121"><ele>214.000</ele></trkpt>
      <trkpt lat="22.2739139579" lon="114.2115948561"><ele>214.000</ele></trkpt>
      <trkpt lat="22.2739105281" lon="114.2115945680"><ele>215.000</ele></trkpt>
      <trkpt lat="22.2739071002" lon="114.2115942489"><ele>215.000</ele></trkpt>
      <trkpt lat="22.2739015699" lon="114.2115936634"><ele>215.000</ele></trkpt>
      <trkpt lat="22.2738956217" lon="114.2115923443"><ele>215.000</ele></trkpt>
      <trkpt lat="22.2738922941" lon="114.2115914043"><ele>215.000</ele></trkpt>
      <trkpt lat="22.2738889132" lon="114.2115907281"><ele>215.000</ele></trkpt>
      <trkpt lat="22.2738854952" lon="114.2115903197"><ele>215.000</ele></trkpt>
      <trkpt lat="22.2738820573" lon="114.2115901811"><ele>215.000</ele></trkpt>
      <trkpt lat="22.2738786184" lon="114.2115903122"><ele>215.000</ele></trkpt>
      <trkpt lat="22.2738751993" lon="114.2115907150"><ele>215.000</ele></trkpt>
      <trkpt lat="22.2738718163" lon="114.2115913837"><ele>215.000</ele></trkpt>
      <trkpt lat="22.2738674018" lon="114.2115926847"><ele>216.000</ele></trkpt>
      <trkpt lat="22.2738587748" lon="114.2115968742"><ele>216.000</ele></trkpt>
      <trkpt lat="22.2738512855" lon="114.2116020013"><ele>216.000</ele></trkpt>
      <trkpt lat="22.2738470078" lon="114.2116057125"><ele>214.000</ele></trkpt>
      <trkpt lat="22.2738459275" lon="114.2116068242"><ele>214.000</ele></trkpt>
      <trkpt lat="22.2738412838" lon="114.2116116065"><ele>214.000</ele></trkpt>
      <trkpt lat="22.2738388206" lon="114.2116141966"><ele>214.000</ele></trkpt>
      <trkpt lat="22.2738362752" lon="114.2116166896"><ele>214.000</ele></trkpt>
      <trkpt lat="22.2738336504" lon="114.2116190884"><ele>214.000</ele></trkpt>
      <trkpt lat="22.2738309498" lon="114.2116213825"><ele>214.000</ele></trkpt>
      <trkpt lat="22.2738281769" lon="114.2116235766"><ele>214.000</ele></trkpt>
      <trkpt lat="22.2738253336" lon="114.2116256620"><ele>214.000</ele></trkpt>
      <trkpt lat="22.2738224235" lon="114.2116276406"><ele>214.000</ele></trkpt>
      <trkpt lat="22.2738194520" lon="114.2116295086"><ele>214.000</ele></trkpt>
      <trkpt lat="22.2738164228" lon="114.2116312622"><ele>214.000</ele></trkpt>
      <trkpt lat="22.2738133376" lon="114.2116329021"><ele>214.000</ele></trkpt>
      <trkpt lat="22.2738102000" lon="114.2116344237"><ele>214.000</ele></trkpt>
      <trkpt lat="22.2738070173" lon="114.2116358260"><ele>214.000</ele></trkpt>
      <trkpt lat="22.2738037895" lon="114.2116371060"><ele>214.000</ele></trkpt>
      <trkpt lat="22.2738005228" lon="114.2116382656"><ele>214.000</ele></trkpt>
      <trkpt lat="22.2737972183" lon="114.2116393010"><ele>214.000</ele></trkpt>
      <trkpt lat="22.2737938840" lon="114.2116402103"><ele>214.000</ele></trkpt>
      <trkpt lat="22.2737905226" lon="114.2116409935"><ele>214.000</ele></trkpt>
      <trkpt lat="22.2737838740" lon="114.2116421562"><ele>214.000</ele></trkpt>
      <trkpt lat="22.2737650819" lon="114.2116476433"><ele>214.000</ele></trkpt>
      <trkpt lat="22.2737617882" lon="114.2116487098"><ele>214.000</ele></trkpt>
      <trkpt lat="22.2737584565" lon="114.2116496366"><ele>214.000</ele></trkpt>
      <trkpt lat="22.2737550952" lon="114.2116504198"><ele>214.000</ele></trkpt>
      <trkpt lat="22.2737517085" lon="114.2116510612"><ele>214.000</ele></trkpt>
      <trkpt lat="22.2737483003" lon="114.2116515572"><ele>214.000</ele></trkpt>
      <trkpt lat="22.2737448758" lon="114.2116519095"><ele>214.000</ele></trkpt>
      <trkpt lat="22.2737414423" lon="114.2116521144"><ele>214.000</ele></trkpt>
      <trkpt lat="22.2737380034" lon="114.2116521766"><ele>214.000</ele></trkpt>
      <trkpt lat="22.2737345646" lon="114.2116520894"><ele>214.000</ele></trkpt>
      <trkpt lat="22.2737311330" lon="114.2116518576"><ele>214.000</ele></trkpt>
      <trkpt lat="22.2737277122" lon="114.2116514803"><ele>214.000</ele></trkpt>
      <trkpt lat="22.2737243060" lon="114.2116509603"><ele>214.000</ele></trkpt>
      <trkpt lat="22.2737209232" lon="114.2116502939"><ele>214.000</ele></trkpt>
      <trkpt lat="22.2737175676" lon="114.2116494848"><ele>214.000</ele></trkpt>
      <trkpt lat="22.2737142446" lon="114.2116485331"><ele>214.000</ele></trkpt>
      <trkpt lat="22.2737109585" lon="114.2116474417"><ele>214.000</ele></trkpt>
      <trkpt lat="22.2737077141" lon="114.2116462125"><ele>214.000</ele></trkpt>
      <trkpt lat="22.2737045175" lon="114.2116448456"><ele>214.000</ele></trkpt>
      <trkpt lat="22.2737013743" lon="114.2116433467"><ele>214.000</ele></trkpt>
      <trkpt lat="22.2736982880" lon="114.2116417120"><ele>214.000</ele></trkpt>
      <trkpt lat="22.2736952622" lon="114.2116399492"><ele>214.000</ele></trkpt>
      <trkpt lat="22.2736921452" lon="114.2116379545"><ele>214.000</ele></trkpt>
      <trkpt lat="22.2736892685" lon="114.2116359230"><ele>214.000</ele></trkpt>
      <trkpt lat="22.2736864080" lon="114.2116338692"><ele>216.000</ele></trkpt>
      <trkpt lat="22.2736835629" lon="114.2116317882"><ele>216.000</ele></trkpt>
      <trkpt lat="22.2736807314" lon="114.2116296858"><ele>216.000</ele></trkpt>
      <trkpt lat="22.2736779152" lon="114.2116275564"><ele>216.000</ele></trkpt>
      <trkpt lat="22.2736751161" lon="114.2116254036"><ele>216.000</ele></trkpt>
      <trkpt lat="22.2736723333" lon="114.2116232275"><ele>216.000</ele></trkpt>
      <trkpt lat="22.2736695668" lon="114.2116210282"><ele>216.000</ele></trkpt>
      <trkpt lat="22.2736668166" lon="114.2116188036"><ele>216.000</ele></trkpt>
      <trkpt lat="22.2736640826" lon="114.2116165558"><ele>216.000</ele></trkpt>
      <trkpt lat="22.2736613648" lon="114.2116142856"><ele>216.000</ele></trkpt>
      <trkpt lat="22.2736586652" lon="114.2116119902"><ele>216.000</ele></trkpt>
      <trkpt lat="22.2736559818" lon="114.2116096725"><ele>216.000</ele></trkpt>
      <trkpt lat="22.2736533164" lon="114.2116073316"><ele>216.000</ele></trkpt>
      <trkpt lat="22.2736506673" lon="114.2116049673"><ele>216.000</ele></trkpt>
      <trkpt lat="22.2736455290" lon="114.2116002699"><ele>216.000</ele></trkpt>
      <trkpt lat="22.2736430759" lon="114.2115976708"><ele>216.000</ele></trkpt>
      <trkpt lat="22.2736406021" lon="114.2115950971"><ele>216.000</ele></trkpt>
      <trkpt lat="22.2736381065" lon="114.2115925485"><ele>216.000</ele></trkpt>
      <trkpt lat="22.2736355875" lon="114.2115900251"><ele>216.000</ele></trkpt>
      <trkpt lat="22.2736330496" lon="114.2115875270"><ele>216.000</ele></trkpt>
      <trkpt lat="22.2736304863" lon="114.2115850541"><ele>216.000</ele></trkpt>
      <trkpt lat="22.2736279040" lon="114.2115826064"><ele>216.000</ele></trkpt>
      <trkpt lat="22.2736253001" lon="114.2115801859"><ele>216.000</ele></trkpt>
      <trkpt lat="22.2736226763" lon="114.2115777925"><ele>216.000</ele></trkpt>
      <trkpt lat="22.2736200309" lon="114.2115754244"><ele>216.000</ele></trkpt>
      <trkpt lat="22.2736173655" lon="114.2115730834"><ele>216.000</ele></trkpt>
      <trkpt lat="22.2736146803" lon="114.2115707677"><ele>216.000</ele></trkpt>
      <trkpt lat="22.2736119752" lon="114.2115684810"><ele>216.000</ele></trkpt>
      <trkpt lat="22.2736092484" lon="114.2115662215"><ele>216.000</ele></trkpt>
      <trkpt lat="22.2736065036" lon="114.2115639892"><ele>216.000</ele></trkpt>
      <trkpt lat="22.2736037407" lon="114.2115617840"><ele>216.000</ele></trkpt>
      <trkpt lat="22.2736009588" lon="114.2115596089"><ele>216.000</ele></trkpt>
      <trkpt lat="22.2735954555" lon="114.2115554286"><ele>218.000</ele></trkpt>
      <trkpt lat="22.2735924523" lon="114.2115536231"><ele>218.000</ele></trkpt>
      <trkpt lat="22.2735894202" lon="114.2115518759"><ele>218.000</ele></trkpt>
      <trkpt lat="22.2735863592" lon="114.2115501868"><ele>218.000</ele></trkpt>
      <trkpt lat="22.2735832720" lon="114.2115485579"><ele>218.000</ele></trkpt>
      <trkpt lat="22.2735801558" lon="114.2115469873"><ele>218.000</ele></trkpt>
      <trkpt lat="22.2735770153" lon="114.2115454787"><ele>218.000</ele></trkpt>
      <trkpt lat="22.2735738503" lon="114.2115440302"><ele>218.000</ele></trkpt>
      <trkpt lat="22.2735706619" lon="114.2115426419"><ele>218.000</ele></trkpt>
      <trkpt lat="22.2735674509" lon="114.2115413157"><ele>218.000</ele></trkpt>
      <trkpt lat="22.2735642182" lon="114.2115400516"><ele>218.000</ele></trkpt>
      <trkpt lat="22.2735609656" lon="114.2115388496"><ele>218.000</ele></trkpt>
      <trkpt lat="22.2735576932" lon="114.2115377107"><ele>218.000</ele></trkpt>
      <trkpt lat="22.2735544026" lon="114.2115366338"><ele>218.000</ele></trkpt>
      <trkpt lat="22.2735510940" lon="114.2115356200"><ele>216.000</ele></trkpt>
      <trkpt lat="22.2735477691" lon="114.2115346722"><ele>216.000</ele></trkpt>
      <trkpt lat="22.2735444298" lon="114.2115337865"><ele>216.000</ele></trkpt>
      <trkpt lat="22.2735394650" lon="114.2115325957"><ele>216.000</ele></trkpt>
      <trkpt lat="22.2735362495" lon="114.2115312812"><ele>216.000</ele></trkpt>
      <trkpt lat="22.2735330520" lon="114.2115299162"><ele>216.000</ele></trkpt>
      <trkpt lat="22.2735298735" lon="114.2115285027"><ele>216.000</ele></trkpt>
      <trkpt lat="22.2735267131" lon="114.2115270387"><ele>216.000</ele></trkpt>
      <trkpt lat="22.2735235744" lon="114.2115255262"><ele>216.000</ele></trkpt>
      <trkpt lat="22.2735204555" lon="114.2115239652"><ele>216.000</ele></trkpt>
      <trkpt lat="22.2735173584" lon="114.2115223558"><ele>216.000</ele></trkpt>
      <trkpt lat="22.2735142829" lon="114.2115206997"><ele>216.000</ele></trkpt>
      <trkpt lat="22.2735112291" lon="114.2115189942"><ele>216.000</ele></trkpt>
      <trkpt lat="22.2735081988" lon="114.2115172421"><ele>216.000</ele></trkpt>
      <trkpt lat="22.2735051920" lon="114.2115154424"><ele>214.000</ele></trkpt>
      <trkpt lat="22.2735022104" lon="114.2115135982"><ele>214.000</ele></trkpt>
      <trkpt lat="22.2734992542" lon="114.2115117054"><ele>214.000</ele></trkpt>
      <trkpt lat="22.2734963215" lon="114.2115097680"><ele>214.000</ele></trkpt>
      <trkpt lat="22.2734934176" lon="114.2115077869"><ele>219.000</ele></trkpt>
      <trkpt lat="22.2734905391" lon="114.2115057574"><ele>219.000</ele></trkpt>
      <trkpt lat="22.2734876877" lon="114.2115036861"><ele>219.000</ele></trkpt>
      <trkpt lat="22.2734848651" lon="114.2115015682"><ele>219.000</ele></trkpt>
      <trkpt lat="22.2734820724" lon="114.2114994096"><ele>219.000</ele></trkpt>
      <trkpt lat="22.2734793068" lon="114.2114972064"><ele>219.000</ele></trkpt>
      <trkpt lat="22.2734765656" lon="114.2114949547"><ele>219.000</ele></trkpt>
      <trkpt lat="22.2734738623" lon="114.2114926642"><ele>219.000</ele></trkpt>
      <trkpt lat="22.2734711391" lon="114.2114904028"><ele>219.000</ele></trkpt>
      <trkpt lat="22.2734683925" lon="114.2114881724"><ele>219.000</ele></trkpt>
      <trkpt lat="22.2734656260" lon="114.2114859711"><ele>219.000</ele></trkpt>
      <trkpt lat="22.2734628378" lon="114.2114838028"><ele>219.000</ele></trkpt>
      <trkpt lat="22.2734600279" lon="114.2114816656"><ele>217.000</ele></trkpt>
      <trkpt lat="22.2734571999" lon="114.2114795574"><ele>217.000</ele></trkpt>
      <trkpt lat="22.2734543503" lon="114.2114774823"><ele>217.000</ele></trkpt>
      <trkpt lat="22.2734514826" lon="114.2114754401"><ele>217.000</ele></trkpt>
      <trkpt lat="22.2734485932" lon="114.2114734290"><ele>217.000</ele></trkpt>
      <trkpt lat="22.2734456858" lon="114.2114714489"><ele>217.000</ele></trkpt>
      <trkpt lat="22.2734427603" lon="114.2114695027"><ele>217.000</ele></trkpt>
      <trkpt lat="22.2734398167" lon="114.2114675876"><ele>217.000</ele></trkpt>
      <trkpt lat="22.2734368541" lon="114.2114657065"><ele>217.000</ele></trkpt>
      <trkpt lat="22.2734338735" lon="114.2114638584"><ele>217.000</ele></trkpt>
      <trkpt lat="22.2734308739" lon="114.2114620452"><ele>217.000</ele></trkpt>
      <trkpt lat="22.2734278599" lon="114.2114602630"><ele>217.000</ele></trkpt>
      <trkpt lat="22.2734248278" lon="114.2114585157"><ele>220.000</ele></trkpt>
      <trkpt lat="22.2734217776" lon="114.2114568015"><ele>220.000</ele></trkpt>
      <trkpt lat="22.2734187129" lon="114.2114551202"><ele>220.000</ele></trkpt>
      <trkpt lat="22.2734156320" lon="114.2114534767"><ele>218.000</ele></trkpt>
      <trkpt lat="22.2734125349" lon="114.2114518643"><ele>218.000</ele></trkpt>
      <trkpt lat="22.2734094232" lon="114.2114502859"><ele>218.000</ele></trkpt>
      <trkpt lat="22.2734062972" lon="114.2114487443"><ele>218.000</ele></trkpt>
      <trkpt lat="22.2734031006" lon="114.2114472105"><ele>218.000</ele></trkpt>
      <trkpt lat="22.2733967473" lon="114.2114443728"><ele>218.000</ele></trkpt>
      <trkpt lat="22.2733903722" lon="114.2114415914"><ele>218.000</ele></trkpt>
      <trkpt lat="22.2733839737" lon="114.2114388692"><ele>218.000</ele></trkpt>
      <trkpt lat="22.2733807663" lon="114.2114375313"><ele>218.000</ele></trkpt>
      <trkpt lat="22.2733743379" lon="114.2114349003"><ele>218.000</ele></trkpt>
      <trkpt lat="22.2733711152" lon="114.2114336071"><ele>216.000</ele></trkpt>
      <trkpt lat="22.2733646534" lon="114.2114310673"><ele>216.000</ele></trkpt>
      <trkpt lat="22.2733581717" lon="114.2114285876"><ele>216.000</ele></trkpt>
      <trkpt lat="22.2733549246" lon="114.2114273700"><ele>216.000</ele></trkpt>
      <trkpt lat="22.2733484140" lon="114.2114249796"><ele>216.000</ele></trkpt>
      <trkpt lat="22.2733451506" lon="114.2114238087"><ele>216.000</ele></trkpt>
      <trkpt lat="22.2733386110" lon="114.2114215114"><ele>216.000</ele></trkpt>
      <trkpt lat="22.2733326531" lon="114.2114194743"><ele>216.000</ele></trkpt>
      <trkpt lat="22.2733293969" lon="114.2114182800"><ele>216.000</ele></trkpt>
      <trkpt lat="22.2733261741" lon="114.2114169907"><ele>214.000</ele></trkpt>
      <trkpt lat="22.2733229839" lon="114.2114156082"><ele>214.000</ele></trkpt>
      <trkpt lat="22.2733198289" lon="114.2114141326"><ele>214.000</ele></trkpt>
      <trkpt lat="22.2733167136" lon="114.2114125639"><ele>214.000</ele></trkpt>
      <trkpt lat="22.2733136382" lon="114.2114109059"><ele>217.000</ele></trkpt>
      <trkpt lat="22.2733106060" lon="114.2114091587"><ele>217.000</ele></trkpt>
      <trkpt lat="22.2733076191" lon="114.2114073222"><ele>217.000</ele></trkpt>
      <trkpt lat="22.2733066259" lon="114.2114066747"><ele>217.000</ele></trkpt>
      <trkpt lat="22.2732129573" lon="114.2113304082"><ele>216.000</ele></trkpt>
      <trkpt lat="22.2731789718" lon="114.2112983419"><ele>217.000</ele></trkpt>
      <trkpt lat="22.2730820638" lon="114.2112138168"><ele>218.000</ele></trkpt>
      <trkpt lat="22.2730300843" lon="114.2111672890"><ele>218.000</ele></trkpt>
      <trkpt lat="22.2729962075" lon="114.2111376582"><ele>218.000</ele></trkpt>
      <trkpt lat="22.2729745280" lon="114.2111233908"><ele>218.000</ele></trkpt>
      <trkpt lat="22.2729399475" lon="114.2111337246"><ele>218.000</ele></trkpt>
      <trkpt lat="22.2729029848" lon="114.2111348421"><ele>218.000</ele></trkpt>
      <trkpt lat="22.2728341141" lon="114.2111063952"><ele>219.000</ele></trkpt>
      <trkpt lat="22.2728036587" lon="114.2110826064"><ele>218.000</ele></trkpt>
      <trkpt lat="22.2727393180" lon="114.2110272074"><ele>218.000</ele></trkpt>
      <trkpt lat="22.2727173017" lon="114.2110254168"><ele>218.000</ele></trkpt>
      <trkpt lat="22.2726941774" lon="114.2110101216"><ele>218.000</ele></trkpt>
      <trkpt lat="22.2726940781" lon="114.2110100556"><ele>218.000</ele></trkpt>
      <trkpt lat="22.2726820600" lon="114.2110107600"><ele>218.000</ele></trkpt>
      <trkpt lat="22.2726700552" lon="114.2110123697"><ele>218.000</ele></trkpt>
      <trkpt lat="22.2726591755" lon="114.2110143823"><ele>218.000</ele></trkpt>
      <trkpt lat="22.2726488592" lon="114.2110174022"><ele>218.000</ele></trkpt>
      <trkpt lat="22.2726424795" lon="114.2110236482"><ele>218.000</ele></trkpt>
      <trkpt lat="22.2726340377" lon="114.2110321108"><ele>218.000</ele></trkpt>
      <trkpt lat="22.2726300969" lon="114.2110399691"><ele>218.000</ele></trkpt>
      <trkpt lat="22.2726263429" lon="114.2110526642"><ele>218.000</ele></trkpt>
      <trkpt lat="22.2726242773" lon="114.2110625391"><ele>218.000</ele></trkpt>
      <trkpt lat="22.2726250260" lon="114.2110708022"><ele>218.000</ele></trkpt>
      <trkpt lat="22.2726287747" lon="114.2110834991"><ele>220.000</ele></trkpt>
      <trkpt lat="22.2726334319" lon="114.2110958130"><ele>220.000</ele></trkpt>
      <trkpt lat="22.2726405459" lon="114.2111317886"><ele>220.000</ele></trkpt>
      <trkpt lat="22.2726720467" lon="114.2112079299"><ele>220.000</ele></trkpt>
      <trkpt lat="22.2726724619" lon="114.2112090147"><ele>220.000</ele></trkpt>
      <trkpt lat="22.2726738257" lon="114.2112124168"><ele>220.000</ele></trkpt>
      <trkpt lat="22.2726752419" lon="114.2112157947"><ele>220.000</ele></trkpt>
      <trkpt lat="22.2726767132" lon="114.2112191435"><ele>220.000</ele></trkpt>
      <trkpt lat="22.2726782368" lon="114.2112224661"><ele>220.000</ele></trkpt>
      <trkpt lat="22.2726799302" lon="114.2112259983"><ele>220.000</ele></trkpt>
      <trkpt lat="22.2726815370" lon="114.2112292743"><ele>220.000</ele></trkpt>
      <trkpt lat="22.2726831889" lon="114.2112325251"><ele>220.000</ele></trkpt>
      <trkpt lat="22.2726848824" lon="114.2112357507"><ele>220.000</ele></trkpt>
      <trkpt lat="22.2726866219" lon="114.2112389492"><ele>220.000</ele></trkpt>
      <trkpt lat="22.2726884012" lon="114.2112421185"><ele>220.000</ele></trkpt>
      <trkpt lat="22.2726902229" lon="114.2112452607"><ele>220.000</ele></trkpt>
      <trkpt lat="22.2726920880" lon="114.2112483738"><ele>220.000</ele></trkpt>
      <trkpt lat="22.2726939946" lon="114.2112514578"><ele>220.000</ele></trkpt>
      <trkpt lat="22.2726959428" lon="114.2112545127"><ele>220.000</ele></trkpt>
      <trkpt lat="22.2726979307" lon="114.2112575366"><ele>220.000</ele></trkpt>
      <trkpt lat="22.2726999601" lon="114.2112605275"><ele>220.000</ele></trkpt>
      <trkpt lat="22.2727020293" lon="114.2112634883"><ele>220.000</ele></trkpt>
      <trkpt lat="22.2727041383" lon="114.2112664161"><ele>220.000</ele></trkpt>
      <trkpt lat="22.2727062851" lon="114.2112693100"><ele>220.000</ele></trkpt>
      <trkpt lat="22.2727084718" lon="114.2112721709"><ele>220.000</ele></trkpt>
      <trkpt lat="22.2727106963" lon="114.2112749969"><ele>220.000</ele></trkpt>
      <trkpt lat="22.2727129570" lon="114.2112777860"><ele>220.000</ele></trkpt>
      <trkpt lat="22.2727152583" lon="114.2112805422"><ele>220.000</ele></trkpt>
      <trkpt lat="22.2727175940" lon="114.2112832614"><ele>220.000</ele></trkpt>
      <trkpt lat="22.2727199666" lon="114.2112859439"><ele>220.000</ele></trkpt>
      <trkpt lat="22.2727223737" lon="114.2112885894"><ele>220.000</ele></trkpt>
      <trkpt lat="22.2727256835" lon="114.2112921026"><ele>220.000</ele></trkpt>
      <trkpt lat="22.2727475144" lon="114.2113167568"><ele>218.000</ele></trkpt>
      <trkpt lat="22.2727497914" lon="114.2113195324"><ele>218.000</ele></trkpt>
      <trkpt lat="22.2727519870" lon="114.2113223836"><ele>218.000</ele></trkpt>
      <trkpt lat="22.2727540986" lon="114.2113253104"><ele>218.000</ele></trkpt>
      <trkpt lat="22.2727561200" lon="114.2113283081"><ele>218.000</ele></trkpt>
      <trkpt lat="22.2727580537" lon="114.2113313717"><ele>218.000</ele></trkpt>
      <trkpt lat="22.2727598953" lon="114.2113345004"><ele>218.000</ele></trkpt>
      <trkpt lat="22.2727616429" lon="114.2113376911"><ele>218.000</ele></trkpt>
      <trkpt lat="22.2727632985" lon="114.2113409399"><ele>218.000</ele></trkpt>
      <trkpt lat="22.2727656833" lon="114.2113461140"><ele>218.000</ele></trkpt>
      <trkpt lat="22.2727676441" lon="114.2113491592"><ele>218.000</ele></trkpt>
      <trkpt lat="22.2727696862" lon="114.2113521404"><ele>218.000</ele></trkpt>
      <trkpt lat="22.2727718059" lon="114.2113550576"><ele>218.000</ele></trkpt>
      <trkpt lat="22.2727740034" lon="114.2113579088"><ele>218.000</ele></trkpt>
      <trkpt lat="22.2727762767" lon="114.2113606882"><ele>218.000</ele></trkpt>
      <trkpt lat="22.2727786241" lon="114.2113633959"><ele>220.000</ele></trkpt>
      <trkpt lat="22.2727810419" lon="114.2113660317"><ele>220.000</ele></trkpt>
      <trkpt lat="22.2727835303" lon="114.2113685880"><ele>220.000</ele></trkpt>
      <trkpt lat="22.2727860854" lon="114.2113710687"><ele>219.000</ele></trkpt>
      <trkpt lat="22.2727887074" lon="114.2113734659"><ele>219.000</ele></trkpt>
      <trkpt lat="22.2727913908" lon="114.2113757836"><ele>219.000</ele></trkpt>
      <trkpt lat="22.2727941356" lon="114.2113780140"><ele>219.000</ele></trkpt>
      <trkpt lat="22.2727969401" lon="114.2113801619"><ele>219.000</ele></trkpt>
      <trkpt lat="22.2728010647" lon="114.2113830863"><ele>219.000</ele></trkpt>
      <trkpt lat="22.2728329877" lon="114.2114101842"><ele>218.000</ele></trkpt>
      <trkpt lat="22.2728359385" lon="114.2114120886"><ele>218.000</ele></trkpt>
      <trkpt lat="22.2728388477" lon="114.2114140648"><ele>218.000</ele></trkpt>
      <trkpt lat="22.2728417154" lon="114.2114161109"><ele>218.000</ele></trkpt>
      <trkpt lat="22.2728445379" lon="114.2114182248"><ele>218.000</ele></trkpt>
      <trkpt lat="22.2728473171" lon="114.2114204067"><ele>218.000</ele></trkpt>
      <trkpt lat="22.2728500511" lon="114.2114226545"><ele>218.000</ele></trkpt>
      <trkpt lat="22.2728527363" lon="114.2114249683"><ele>218.000</ele></trkpt>
      <trkpt lat="22.2728553746" lon="114.2114273481"><ele>218.000</ele></trkpt>
      <trkpt lat="22.2728579604" lon="114.2114297880"><ele>218.000</ele></trkpt>
      <trkpt lat="22.2728604957" lon="114.2114322919"><ele>218.000</ele></trkpt>
      <trkpt lat="22.2728629786" lon="114.2114348560"><ele>218.000</ele></trkpt>
      <trkpt lat="22.2728654073" lon="114.2114374783"><ele>218.000</ele></trkpt>
      <trkpt lat="22.2728677818" lon="114.2114401607"><ele>218.000</ele></trkpt>
      <trkpt lat="22.2728700984" lon="114.2114428975"><ele>218.000</ele></trkpt>
      <trkpt lat="22.2728723591" lon="114.2114456905"><ele>218.000</ele></trkpt>
      <trkpt lat="22.2728745602" lon="114.2114485378"><ele>218.000</ele></trkpt>
      <trkpt lat="22.2728767016" lon="114.2114514375"><ele>216.000</ele></trkpt>
      <trkpt lat="22.2728787817" lon="114.2114543877"><ele>216.000</ele></trkpt>
      <trkpt lat="22.2728808003" lon="114.2114573882"><ele>216.000</ele></trkpt>
      <trkpt lat="22.2728827566" lon="114.2114604373"><ele>217.000</ele></trkpt>
      <trkpt lat="22.2728856011" lon="114.2114651526"><ele>217.000</ele></trkpt>
      <trkpt lat="22.2728900538" lon="114.2114707997"><ele>217.000</ele></trkpt>
      <trkpt lat="22.2728922946" lon="114.2114736102"><ele>217.000</ele></trkpt>
      <trkpt lat="22.2728968034" lon="114.2114792059"><ele>217.000</ele></trkpt>
      <trkpt lat="22.2729013500" lon="114.2114847667"><ele>217.000</ele></trkpt>
      <trkpt lat="22.2729059346" lon="114.2114902926"><ele>217.000</ele></trkpt>
      <trkpt lat="22.2729105553" lon="114.2114957816"><ele>217.000</ele></trkpt>
      <trkpt lat="22.2729128810" lon="114.2114985126"><ele>217.000</ele></trkpt>
      <trkpt lat="22.2729175559" lon="114.2115039453"><ele>217.000</ele></trkpt>
      <trkpt lat="22.2729222688" lon="114.2115093431"><ele>216.000</ele></trkpt>
      <trkpt lat="22.2729246396" lon="114.2115120295"><ele>216.000</ele></trkpt>
      <trkpt lat="22.2729283476" lon="114.2115161890"><ele>216.000</ele></trkpt>
      <trkpt lat="22.2729309796" lon="114.2115185726"><ele>216.000</ele></trkpt>
      <trkpt lat="22.2729335889" lon="114.2115209854"><ele>216.000</ele></trkpt>
      <trkpt lat="22.2729361747" lon="114.2115234292"><ele>216.000</ele></trkpt>
      <trkpt lat="22.2729387353" lon="114.2115259021"><ele>216.000</ele></trkpt>
      <trkpt lat="22.2729412724" lon="114.2115284040"><ele>216.000</ele></trkpt>
      <trkpt lat="22.2729437842" lon="114.2115309342"><ele>216.000</ele></trkpt>
      <trkpt lat="22.2729481017" lon="114.2115354111"><ele>216.000</ele></trkpt>
      <trkpt lat="22.2729508248" lon="114.2115376745"><ele>216.000</ele></trkpt>
      <trkpt lat="22.2729535082" lon="114.2115399922"><ele>216.000</ele></trkpt>
      <trkpt lat="22.2729561501" lon="114.2115423642"><ele>216.000</ele></trkpt>
      <trkpt lat="22.2729587486" lon="114.2115447924"><ele>216.000</ele></trkpt>
      <trkpt lat="22.2729613019" lon="114.2115472731"><ele>216.000</ele></trkpt>
      <trkpt lat="22.2729638119" lon="114.2115498061"><ele>216.000</ele></trkpt>
      <trkpt lat="22.2729662767" lon="114.2115523896"><ele>214.000</ele></trkpt>
      <trkpt lat="22.2729686946" lon="114.2115550255"><ele>214.000</ele></trkpt>
      <trkpt lat="22.2729710636" lon="114.2115577099"><ele>214.000</ele></trkpt>
      <trkpt lat="22.2729733857" lon="114.2115604427"><ele>214.000</ele></trkpt>
      <trkpt lat="22.2729756591" lon="114.2115632241"><ele>214.000</ele></trkpt>
      <trkpt lat="22.2729778818" lon="114.2115660520"><ele>214.000</ele></trkpt>
      <trkpt lat="22.2729800540" lon="114.2115689246"><ele>214.000</ele></trkpt>
      <trkpt lat="22.2729832553" lon="114.2115733731"><ele>214.000</ele></trkpt>
      <trkpt lat="22.2729851637" lon="114.2115764571"><ele>214.000</ele></trkpt>
      <trkpt lat="22.2729870206" lon="114.2115795761"><ele>214.000</ele></trkpt>
      <trkpt lat="22.2729888234" lon="114.2115827328"><ele>214.000</ele></trkpt>
      <trkpt lat="22.2729905746" lon="114.2115859206"><ele>214.000</ele></trkpt>
      <trkpt lat="22.2729922717" lon="114.2115891443"><ele>214.000</ele></trkpt>
      <trkpt lat="22.2729939164" lon="114.2115923990"><ele>214.000</ele></trkpt>
      <trkpt lat="22.2729955060" lon="114.2115956847"><ele>214.000</ele></trkpt>
      <trkpt lat="22.2729970396" lon="114.2115990015"><ele>214.000</ele></trkpt>
      <trkpt lat="22.2729985190" lon="114.2116023474"><ele>214.000</ele></trkpt>
      <trkpt lat="22.2729999406" lon="114.2116057204"><ele>214.000</ele></trkpt>
      <trkpt lat="22.2730013071" lon="114.2116091226"><ele>214.000</ele></trkpt>
      <trkpt lat="22.2730026176" lon="114.2116125499"><ele>214.000</ele></trkpt>
      <trkpt lat="22.2730038685" lon="114.2116160005"><ele>214.000</ele></trkpt>
      <trkpt lat="22.2730050634" lon="114.2116194763"><ele>214.000</ele></trkpt>
      <trkpt lat="22.2730067402" lon="114.2116247104"><ele>214.000</ele></trkpt>
      <trkpt lat="22.2730072921" lon="114.2116283695"><ele>214.000</ele></trkpt>
      <trkpt lat="22.2730076760" lon="114.2116320518"><ele>214.000</ele></trkpt>
      <trkpt lat="22.2730078920" lon="114.2116357505"><ele>214.000</ele></trkpt>
      <trkpt lat="22.2730079399" lon="114.2116394570"><ele>214.000</ele></trkpt>
      <trkpt lat="22.2730078199" lon="114.2116431595"><ele>214.000</ele></trkpt>
      <trkpt lat="22.2730075302" lon="114.2116468543"><ele>214.000</ele></trkpt>
      <trkpt lat="22.2730070724" lon="114.2116505276"><ele>214.000</ele></trkpt>
      <trkpt lat="22.2730064494" lon="114.2116541718"><ele>213.000</ele></trkpt>
      <trkpt lat="22.2730056585" lon="114.2116577791"><ele>213.000</ele></trkpt>
      <trkpt lat="22.2730047059" lon="114.2116613417"><ele>213.000</ele></trkpt>
      <trkpt lat="22.2730029203" lon="114.2116667312"><ele>213.000</ele></trkpt>
      <trkpt lat="22.2730011776" lon="114.2116739030"><ele>213.000</ele></trkpt>
      <trkpt lat="22.2729994747" lon="114.2116810856"><ele>213.000</ele></trkpt>
      <trkpt lat="22.2729978133" lon="114.2116882807"><ele>213.000</ele></trkpt>
      <trkpt lat="22.2729961917" lon="114.2116954856"><ele>213.000</ele></trkpt>
      <trkpt lat="22.2729946116" lon="114.2117027011"><ele>213.000</ele></trkpt>
      <trkpt lat="22.2729938360" lon="114.2117063133"><ele>213.000</ele></trkpt>
      <trkpt lat="22.2729923173" lon="114.2117135434"><ele>213.000</ele></trkpt>
      <trkpt lat="22.2729908383" lon="114.2117207852"><ele>213.000</ele></trkpt>
      <trkpt lat="22.2729901151" lon="114.2117244080"><ele>213.000</ele></trkpt>
      <trkpt lat="22.2729894009" lon="114.2117280357"><ele>213.000</ele></trkpt>
      <trkpt lat="22.2729880050" lon="114.2117352940"><ele>213.000</ele></trkpt>
      <trkpt lat="22.2729866506" lon="114.2117425630"><ele>213.000</ele></trkpt>
      <trkpt lat="22.2729858731" lon="114.2117468417"><ele>213.000</ele></trkpt>
      <trkpt lat="22.2729854063" lon="114.2117505150"><ele>213.000</ele></trkpt>
      <trkpt lat="22.2729850208" lon="114.2117541991"><ele>214.000</ele></trkpt>
      <trkpt lat="22.2729847130" lon="114.2117578890"><ele>214.000</ele></trkpt>
      <trkpt lat="22.2729844846" lon="114.2117615876"><ele>214.000</ele></trkpt>
      <trkpt lat="22.2729843357" lon="114.2117652921"><ele>214.000</ele></trkpt>
      <trkpt lat="22.2729842663" lon="114.2117689966"><ele>214.000</ele></trkpt>
      <trkpt lat="22.2729842781" lon="114.2117727030"><ele>214.000</ele></trkpt>
      <trkpt lat="22.2729843685" lon="114.2117764095"><ele>214.000</ele></trkpt>
      <trkpt lat="22.2729845375" lon="114.2117801102"><ele>214.000</ele></trkpt>
      <trkpt lat="22.2729847851" lon="114.2117838070"><ele>214.000</ele></trkpt>
      <trkpt lat="22.2729851130" lon="114.2117874961"><ele>214.000</ele></trkpt>
      <trkpt lat="22.2729855204" lon="114.2117911774"><ele>214.000</ele></trkpt>
      <trkpt lat="22.2729860072" lon="114.2117948452"><ele>214.000</ele></trkpt>
      <trkpt lat="22.2729865718" lon="114.2117985013"><ele>214.000</ele></trkpt>
      <trkpt lat="22.2729872140" lon="114.2118021420"><ele>216.000</ele></trkpt>
      <trkpt lat="22.2729879356" lon="114.2118057671"><ele>216.000</ele></trkpt>
      <trkpt lat="22.2729887350" lon="114.2118093709"><ele>216.000</ele></trkpt>
      <trkpt lat="22.2729896102" lon="114.2118129563"><ele>216.000</ele></trkpt>
      <trkpt lat="22.2729905630" lon="114.2118165165"><ele>216.000</ele></trkpt>
      <trkpt lat="22.2729915918" lon="114.2118200524"><ele>216.000</ele></trkpt>
      <trkpt lat="22.2729928949" lon="114.2118241706"><ele>216.000</ele></trkpt>
      <trkpt lat="22.2729937204" lon="114.2118277686"><ele>216.000</ele></trkpt>
      <trkpt lat="22.2729947158" lon="114.2118313161"><ele>216.000</ele></trkpt>
      <trkpt lat="22.2729958763" lon="114.2118348036"><ele>216.000</ele></trkpt>
      <trkpt lat="22.2729972031" lon="114.2118382213"><ele>216.000</ele></trkpt>
      <trkpt lat="22.2729986906" lon="114.2118415633"><ele>216.000</ele></trkpt>
      <trkpt lat="22.2730003353" lon="114.2118448180"><ele>216.000</ele></trkpt>
      <trkpt lat="22.2730021317" lon="114.2118479757"><ele>218.000</ele></trkpt>
      <trkpt lat="22.2730040772" lon="114.2118510326"><ele>218.000</ele></trkpt>
      <trkpt lat="22.2730061644" lon="114.2118539769"><ele>218.000</ele></trkpt>
      <trkpt lat="22.2730083890" lon="114.2118568029"><ele>218.000</ele></trkpt>
      <trkpt lat="22.2730107445" lon="114.2118595008"><ele>215.000</ele></trkpt>
      <trkpt lat="22.2730132256" lon="114.2118620649"><ele>215.000</ele></trkpt>
      <trkpt lat="22.2730158259" lon="114.2118644893"><ele>215.000</ele></trkpt>
      <trkpt lat="22.2730185382" lon="114.2118667663"><ele>215.000</ele></trkpt>
      <trkpt lat="22.2730213553" lon="114.2118688919"><ele>215.000</ele></trkpt>
      <trkpt lat="22.2730242700" lon="114.2118708594"><ele>215.000</ele></trkpt>
      <trkpt lat="22.2730272732" lon="114.2118726600"><ele>215.000</ele></trkpt>
      <trkpt lat="22.2730303595" lon="114.2118742957"><ele>215.000</ele></trkpt>
      <trkpt lat="22.2730351850" lon="114.2118764460"><ele>215.000</ele></trkpt>
      <trkpt lat="22.2730383409" lon="114.2118779197"><ele>215.000</ele></trkpt>
      <trkpt lat="22.2730415058" lon="114.2118793681"><ele>215.000</ele></trkpt>
      <trkpt lat="22.2730446807" lon="114.2118807913"><ele>215.000</ele></trkpt>
      <trkpt lat="22.2730478646" lon="114.2118821874"><ele>215.000</ele></trkpt>
      <trkpt lat="22.2730510593" lon="114.2118835602"><ele>215.000</ele></trkpt>
      <trkpt lat="22.2730542631" lon="114.2118849087"><ele>215.000</ele></trkpt>
      <trkpt lat="22.2730574768" lon="114.2118862300"><ele>214.000</ele></trkpt>
      <trkpt lat="22.2730606978" lon="114.2118875252"><ele>214.000</ele></trkpt>
      <trkpt lat="22.2730639296" lon="114.2118887970"><ele>214.000</ele></trkpt>
      <trkpt lat="22.2730671668" lon="114.2118900417"><ele>214.000</ele></trkpt>
      <trkpt lat="22.2730704149" lon="114.2118912612"><ele>214.000</ele></trkpt>
      <trkpt lat="22.2730736710" lon="114.2118924535"><ele>214.000</ele></trkpt>
      <trkpt lat="22.2730769336" lon="114.2118936216"><ele>214.000</ele></trkpt>
      <trkpt lat="22.2730802060" lon="114.2118947625"><ele>214.000</ele></trkpt>
      <trkpt lat="22.2730834857" lon="114.2118958791"><ele>214.000</ele></trkpt>
      <trkpt lat="22.2730867726" lon="114.2118969686"><ele>216.000</ele></trkpt>
      <trkpt lat="22.2730900668" lon="114.2118980328"><ele>216.000</ele></trkpt>
      <trkpt lat="22.2730933682" lon="114.2118990699"><ele>216.000</ele></trkpt>
      <trkpt lat="22.2730966768" lon="114.2119000798"><ele>216.000</ele></trkpt>
      <trkpt lat="22.2731031044" lon="114.2119019657"><ele>214.000</ele></trkpt>
      <trkpt lat="22.2731095300" lon="114.2119046084"><ele>214.000</ele></trkpt>
      <trkpt lat="22.2731127338" lon="114.2119059579"><ele>214.000</ele></trkpt>
      <trkpt lat="22.2731191206" lon="114.2119087122"><ele>214.000</ele></trkpt>
      <trkpt lat="22.2731254766" lon="114.2119115363"><ele>214.000</ele></trkpt>
      <trkpt lat="22.2731309619" lon="114.2119152538"><ele>214.000</ele></trkpt>
      <trkpt lat="22.2731360102" lon="114.2119189208"><ele>214.000</ele></trkpt>
      <trkpt lat="22.2731524982" lon="114.2119279252"><ele>213.000</ele></trkpt>
      <trkpt lat="22.2731805154" lon="114.2119421002"><ele>213.000</ele></trkpt>
      <trkpt lat="22.2731967208" lon="114.2119550904"><ele>213.000</ele></trkpt>
      <trkpt lat="22.2732112770" lon="114.2119692620"><ele>213.000</ele></trkpt>
      <trkpt lat="22.2732203401" lon="114.2119819565"><ele>213.000</ele></trkpt>
      <trkpt lat="22.2732359919" lon="114.2120114763"><ele>214.000</ele></trkpt>
      <trkpt lat="22.2732445023" lon="114.2120368618"><ele>212.000</ele></trkpt>
      <trkpt lat="22.2732510900" lon="114.2120625419"><ele>212.000</ele></trkpt>
      <trkpt lat="22.2732510847" lon="114.2120870404"><ele>212.000</ele></trkpt>
      <trkpt lat="22.2732453118" lon="114.2121062243"><ele>211.000</ele></trkpt>
      <trkpt lat="22.2732362401" lon="114.2121327853"><ele>214.000</ele></trkpt>
      <trkpt lat="22.2732252471" lon="114.2121575761"><ele>213.000</ele></trkpt>
      <trkpt lat="22.2732137050" lon="114.2121743978"><ele>213.000</ele></trkpt>
      <trkpt lat="22.2731911720" lon="114.2122062687"><ele>212.000</ele></trkpt>
      <trkpt lat="22.2731757840" lon="114.2122263360"><ele>214.000</ele></trkpt>
      <trkpt lat="22.2731620441" lon="114.2122458128"><ele>212.000</ele></trkpt>
      <trkpt lat="22.2731463801" lon="114.2122682407"><ele>212.000</ele></trkpt>
      <trkpt lat="22.2731351128" lon="114.2122877181"><ele>212.000</ele></trkpt>
      <trkpt lat="22.2731230212" lon="114.2123063104"><ele>212.000</ele></trkpt>
      <trkpt lat="22.2731098314" lon="114.2123254924"><ele>212.000</ele></trkpt>
      <trkpt lat="22.2730966421" lon="114.2123378853"><ele>212.000</ele></trkpt>
      <trkpt lat="22.2730820806" lon="114.2123485071"><ele>212.000</ele></trkpt>
      <trkpt lat="22.2730603765" lon="114.2123561756"><ele>212.000</ele></trkpt>
      <trkpt lat="22.2730436187" lon="114.2123585330"><ele>212.000</ele></trkpt>
      <trkpt lat="22.2730238389" lon="114.2123585280"><ele>212.000</ele></trkpt>
      <trkpt lat="22.2729995726" lon="114.2123546941"><ele>213.000</ele></trkpt>
      <trkpt lat="22.2729925900" lon="114.2123551038"><ele>213.000</ele></trkpt>
      <trkpt lat="22.2729892214" lon="114.2123558626"><ele>213.000</ele></trkpt>
      <trkpt lat="22.2729858654" lon="114.2123566681"><ele>213.000</ele></trkpt>
      <trkpt lat="22.2729825194" lon="114.2123575250"><ele>213.000</ele></trkpt>
      <trkpt lat="22.2729791851" lon="114.2123584342"><ele>213.000</ele></trkpt>
      <trkpt lat="22.2729758607" lon="114.2123593920"><ele>213.000</ele></trkpt>
      <trkpt lat="22.2729723403" lon="114.2123604662"><ele>213.000</ele></trkpt>
      <trkpt lat="22.2729655111" lon="114.2123613630"><ele>213.000</ele></trkpt>
      <trkpt lat="22.2729586892" lon="114.2123623160"><ele>214.000</ele></trkpt>
      <trkpt lat="22.2729552809" lon="114.2123628138"><ele>214.000</ele></trkpt>
      <trkpt lat="22.2729484707" lon="114.2123638523"><ele>214.000</ele></trkpt>
      <trkpt lat="22.2729450669" lon="114.2123643928"><ele>214.000</ele></trkpt>
      <trkpt lat="22.2729382684" lon="114.2123655186"><ele>214.000</ele></trkpt>
      <trkpt lat="22.2729314771" lon="114.2123667006"><ele>214.000</ele></trkpt>
      <trkpt lat="22.2729280832" lon="114.2123673129"><ele>214.000</ele></trkpt>
      <trkpt lat="22.2729213064" lon="114.2123685784"><ele>214.000</ele></trkpt>
      <trkpt lat="22.2729145367" lon="114.2123699021"><ele>216.000</ele></trkpt>
      <trkpt lat="22.2729077788" lon="114.2123712840"><ele>216.000</ele></trkpt>
      <trkpt lat="22.2729008203" lon="114.2123727668"><ele>216.000</ele></trkpt>
      <trkpt lat="22.2728974734" lon="114.2123736159"><ele>216.000</ele></trkpt>
      <trkpt lat="22.2728941301" lon="114.2123744863"><ele>216.000</ele></trkpt>
      <trkpt lat="22.2728907930" lon="114.2123753801"><ele>216.000</ele></trkpt>
      <trkpt lat="22.2728874587" lon="114.2123762952"><ele>216.000</ele></trkpt>
      <trkpt lat="22.2728841307" lon="114.2123772336"><ele>216.000</ele></trkpt>
      <trkpt lat="22.2728808072" lon="114.2123781933"><ele>216.000</ele></trkpt>
      <trkpt lat="22.2728774910" lon="114.2123791744"><ele>216.000</ele></trkpt>
      <trkpt lat="22.2728741801" lon="114.2123801768"><ele>217.000</ele></trkpt>
      <trkpt lat="22.2728708747" lon="114.2123812035"><ele>217.000</ele></trkpt>
      <trkpt lat="22.2728675755" lon="114.2123822496"><ele>214.000</ele></trkpt>
      <trkpt lat="22.2728642800" lon="114.2123833180"><ele>214.000</ele></trkpt>
      <trkpt lat="22.2728609926" lon="114.2123844097"><ele>214.000</ele></trkpt>
      <trkpt lat="22.2728577125" lon="114.2123855228"><ele>214.000</ele></trkpt>
      <trkpt lat="22.2728544377" lon="114.2123866572"><ele>214.000</ele></trkpt>
      <trkpt lat="22.2728511684" lon="114.2123878129"><ele>214.000</ele></trkpt>
      <trkpt lat="22.2728479062" lon="114.2123889900"><ele>214.000</ele></trkpt>
      <trkpt lat="22.2728446513" lon="114.2123901884"><ele>214.000</ele></trkpt>
      <trkpt lat="22.2728414036" lon="114.2123914082"><ele>214.000</ele></trkpt>
      <trkpt lat="22.2728380295" lon="114.2123927017"><ele>214.000</ele></trkpt>
      <trkpt lat="22.2728348973" lon="114.2123942349"><ele>214.000</ele></trkpt>
      <trkpt lat="22.2728318049" lon="114.2123958574"><ele>214.000</ele></trkpt>
      <trkpt lat="22.2728287558" lon="114.2123975721"><ele>216.000</ele></trkpt>
      <trkpt lat="22.2728257500" lon="114.2123993780"><ele>216.000</ele></trkpt>
      <trkpt lat="22.2728227929" lon="114.2124012712"><ele>216.000</ele></trkpt>
      <trkpt lat="22.2728198864" lon="114.2124032537"><ele>216.000</ele></trkpt>
      <trkpt lat="22.2728170305" lon="114.2124053206"><ele>216.000</ele></trkpt>
      <trkpt lat="22.2728142287" lon="114.2124074710"><ele>216.000</ele></trkpt>
      <trkpt lat="22.2728114847" lon="114.2124097059"><ele>216.000</ele></trkpt>
      <trkpt lat="22.2728087985" lon="114.2124120222"><ele>216.000</ele></trkpt>
      <trkpt lat="22.2728061719" lon="114.2124144162"><ele>216.000</ele></trkpt>
      <trkpt lat="22.2728036066" lon="114.2124168878"><ele>216.000</ele></trkpt>
      <trkpt lat="22.2728011082" lon="114.2124194361"><ele>216.000</ele></trkpt>
      <trkpt lat="22.2727963569" lon="114.2124246908"><ele>216.000</ele></trkpt>
      <trkpt lat="22.2727797366" lon="114.2124426716"><ele>213.000</ele></trkpt>
      <trkpt lat="22.2727771298" lon="114.2124450908"><ele>213.000</ele></trkpt>
      <trkpt lat="22.2727743641" lon="114.2124472927"><ele>213.000</ele></trkpt>
      <trkpt lat="22.2727714522" lon="114.2124492664"><ele>213.000</ele></trkpt>
      <trkpt lat="22.2727684139" lon="114.2124509996"><ele>213.000</ele></trkpt>
      <trkpt lat="22.2727652619" lon="114.2124524833"><ele>213.000</ele></trkpt>
      <trkpt lat="22.2727620160" lon="114.2124537108"><ele>213.000</ele></trkpt>
      <trkpt lat="22.2727586962" lon="114.2124546725"><ele>213.000</ele></trkpt>
      <trkpt lat="22.2727553167" lon="114.2124553644"><ele>213.000</ele></trkpt>
      <trkpt lat="22.2727519013" lon="114.2124557827"><ele>213.000</ele></trkpt>
      <trkpt lat="22.2727484651" lon="114.2124559254"><ele>213.000</ele></trkpt>
      <trkpt lat="22.2727450289" lon="114.2124557907"><ele>213.000</ele></trkpt>
      <trkpt lat="22.2727416100" lon="114.2124553794"><ele>213.000</ele></trkpt>
      <trkpt lat="22.2727382336" lon="114.2124546945"><ele>215.000</ele></trkpt>
      <trkpt lat="22.2727342703" lon="114.2124535233"><ele>215.000</ele></trkpt>
      <trkpt lat="22.2727309066" lon="114.2124527501"><ele>215.000</ele></trkpt>
      <trkpt lat="22.2727275727" lon="114.2124518469"><ele>215.000</ele></trkpt>
      <trkpt lat="22.2727242686" lon="114.2124508118"><ele>215.000</ele></trkpt>
      <trkpt lat="22.2727210052" lon="114.2124496466"><ele>215.000</ele></trkpt>
      <trkpt lat="22.2727177815" lon="114.2124483534"><ele>215.000</ele></trkpt>
      <trkpt lat="22.2727146066" lon="114.2124469341"><ele>215.000</ele></trkpt>
      <trkpt lat="22.2727114806" lon="114.2124453905"><ele>215.000</ele></trkpt>
      <trkpt lat="22.2727084087" lon="114.2124437228"><ele>215.000</ele></trkpt>
      <trkpt lat="22.2727053965" lon="114.2124419348"><ele>215.000</ele></trkpt>
      <trkpt lat="22.2726996159" lon="114.2124380464"><ele>215.000</ele></trkpt>
      <trkpt lat="22.2726964591" lon="114.2124365766"><ele>215.000</ele></trkpt>
      <trkpt lat="22.2726932644" lon="114.2124352058"><ele>215.000</ele></trkpt>
      <trkpt lat="22.2726900353" lon="114.2124339339"><ele>215.000</ele></trkpt>
      <trkpt lat="22.2726867719" lon="114.2124327630"><ele>215.000</ele></trkpt>
      <trkpt lat="22.2726834804" lon="114.2124316929"><ele>215.000</ele></trkpt>
      <trkpt lat="22.2726801601" lon="114.2124307256"><ele>215.000</ele></trkpt>
      <trkpt lat="22.2726768171" lon="114.2124298593"><ele>220.000</ele></trkpt>
      <trkpt lat="22.2726734507" lon="114.2124290978"><ele>220.000</ele></trkpt>
      <trkpt lat="22.2726700661" lon="114.2124284410"><ele>220.000</ele></trkpt>
      <trkpt lat="22.2726666653" lon="114.2124278890"><ele>220.000</ele></trkpt>
      <trkpt lat="22.2726632518" lon="114.2124274438"><ele>220.000</ele></trkpt>
      <trkpt lat="22.2726598284" lon="114.2124271033"><ele>220.000</ele></trkpt>
      <trkpt lat="22.2726563941" lon="114.2124268676"><ele>220.000</ele></trkpt>
      <trkpt lat="22.2726529579" lon="114.2124267387"><ele>220.000</ele></trkpt>
      <trkpt lat="22.2726495191" lon="114.2124267175"><ele>220.000</ele></trkpt>
      <trkpt lat="22.2726460793" lon="114.2124268010"><ele>220.000</ele></trkpt>
      <trkpt lat="22.2726426458" lon="114.2124269903"><ele>220.000</ele></trkpt>
      <trkpt lat="22.2726392177" lon="114.2124272863"><ele>220.000</ele></trkpt>
      <trkpt lat="22.2726357986" lon="114.2124276891"><ele>220.000</ele></trkpt>
      <trkpt lat="22.2726301199" lon="114.2124285939"><ele>220.000</ele></trkpt>
      <trkpt lat="22.2726267261" lon="114.2124291946"><ele>220.000</ele></trkpt>
      <trkpt lat="22.2726233413" lon="114.2124298584"><ele>220.000</ele></trkpt>
      <trkpt lat="22.2726199691" lon="114.2124305804"><ele>215.000</ele></trkpt>
      <trkpt lat="22.2726163900" lon="114.2124314236"><ele>215.000</ele></trkpt>
      <trkpt lat="22.2726132589" lon="114.2124322146"><ele>215.000</ele></trkpt>
      <trkpt lat="22.2726099246" lon="114.2124331239"><ele>215.000</ele></trkpt>
      <trkpt lat="22.2726066047" lon="114.2124340952"><ele>215.000</ele></trkpt>
      <trkpt lat="22.2726033011" lon="114.2124351268"><ele>215.000</ele></trkpt>
      <trkpt lat="22.2726000137" lon="114.2124362185"><ele>215.000</ele></trkpt>
      <trkpt lat="22.2725967444" lon="114.2124373703"><ele>215.000</ele></trkpt>
      <trkpt lat="22.2725934931" lon="114.2124385823"><ele>215.000</ele></trkpt>
      <trkpt lat="22.2725902625" lon="114.2124398526"><ele>215.000</ele></trkpt>
      <trkpt lat="22.2725870518" lon="114.2124411830"><ele>215.000</ele></trkpt>
      <trkpt lat="22.2725838619" lon="114.2124425726"><ele>215.000</ele></trkpt>
      <trkpt lat="22.2725806954" lon="114.2124440204"><ele>215.000</ele></trkpt>
      <trkpt lat="22.2725775524" lon="114.2124455255"><ele>215.000</ele></trkpt>
      <trkpt lat="22.2725744329" lon="114.2124470887"><ele>215.000</ele></trkpt>
      <trkpt lat="22.2725712285" lon="114.2124487684"><ele>215.000</ele></trkpt>
      <trkpt lat="22.2725683382" lon="114.2124507762"><ele>215.000</ele></trkpt>
      <trkpt lat="22.2725655599" lon="114.2124529625"><ele>215.000</ele></trkpt>
      <trkpt lat="22.2725629026" lon="114.2124553176"><ele>215.000</ele></trkpt>
      <trkpt lat="22.2725603753" lon="114.2124578319"><ele>215.000</ele></trkpt>
      <trkpt lat="22.2725579870" lon="114.2124604996"><ele>217.000</ele></trkpt>
      <trkpt lat="22.2725557468" lon="114.2124633109"><ele>217.000</ele></trkpt>
      <trkpt lat="22.2725536582" lon="114.2124662580"><ele>217.000</ele></trkpt>
      <trkpt lat="22.2725517322" lon="114.2124693275"><ele>217.000</ele></trkpt>
      <trkpt lat="22.2725499724" lon="114.2124725134"><ele>217.000</ele></trkpt>
      <trkpt lat="22.2725483859" lon="114.2124758022"><ele>217.000</ele></trkpt>
      <trkpt lat="22.2725469781" lon="114.2124791843"><ele>214.000</ele></trkpt>
      <trkpt lat="22.2725457528" lon="114.2124826478"><ele>214.000</ele></trkpt>
      <trkpt lat="22.2725447153" lon="114.2124861813"><ele>214.000</ele></trkpt>
      <trkpt lat="22.2725435619" lon="114.2124913448"><ele>214.000</ele></trkpt>
      <trkpt lat="22.2725429271" lon="114.2124949880"><ele>214.000</ele></trkpt>
      <trkpt lat="22.2725421596" lon="114.2124986021"><ele>214.000</ele></trkpt>
      <trkpt lat="22.2725412603" lon="114.2125021802"><ele>214.000</ele></trkpt>
      <trkpt lat="22.2725402318" lon="114.2125057176"><ele>214.000</ele></trkpt>
      <trkpt lat="22.2725390779" lon="114.2125092083"><ele>214.000</ele></trkpt>
      <trkpt lat="22.2725377938" lon="114.2125126466"><ele>214.000</ele></trkpt>
      <trkpt lat="22.2725363861" lon="114.2125160306"><ele>214.000</ele></trkpt>
      <trkpt lat="22.2725348574" lon="114.2125193505"><ele>214.000</ele></trkpt>
      <trkpt lat="22.2725332086" lon="114.2125226044"><ele>214.000</ele></trkpt>
      <trkpt lat="22.2725314424" lon="114.2125257845"><ele>214.000</ele></trkpt>
      <trkpt lat="22.2725287286" lon="114.2125301811"><ele>212.000</ele></trkpt>
      <trkpt lat="22.2725260298" lon="114.2125324780"><ele>212.000</ele></trkpt>
      <trkpt lat="22.2725232316" lon="114.2125346352"><ele>212.000</ele></trkpt>
      <trkpt lat="22.2725203414" lon="114.2125366468"><ele>212.000</ele></trkpt>
      <trkpt lat="22.2725173681" lon="114.2125385089"><ele>212.000</ele></trkpt>
      <trkpt lat="22.2725143153" lon="114.2125402159"><ele>212.000</ele></trkpt>
      <trkpt lat="22.2725111904" lon="114.2125417675"><ele>213.000</ele></trkpt>
      <trkpt lat="22.2725080023" lon="114.2125431561"><ele>213.000</ele></trkpt>
      <trkpt lat="22.2725047564" lon="114.2125443817"><ele>213.000</ele></trkpt>
      <trkpt lat="22.2725014600" lon="114.2125454404"><ele>213.000</ele></trkpt>
      <trkpt lat="22.2724981202" lon="114.2125463293"><ele>213.000</ele></trkpt>
      <trkpt lat="22.2724947462" lon="114.2125470474"><ele>213.000</ele></trkpt>
      <trkpt lat="22.2724893222" lon="114.2125478320"><ele>213.000</ele></trkpt>
      <trkpt lat="22.2724859293" lon="114.2125484385"><ele>213.000</ele></trkpt>
      <trkpt lat="22.2724825400" lon="114.2125490741"><ele>213.000</ele></trkpt>
      <trkpt lat="22.2724791569" lon="114.2125497428"><ele>213.000</ele></trkpt>
      <trkpt lat="22.2724757793" lon="114.2125504405"><ele>213.000</ele></trkpt>
      <trkpt lat="22.2724724071" lon="114.2125511693"><ele>213.000</ele></trkpt>
      <trkpt lat="22.2724690403" lon="114.2125519272"><ele>213.000</ele></trkpt>
      <trkpt lat="22.2724656789" lon="114.2125527181"><ele>215.000</ele></trkpt>
      <trkpt lat="22.2724623248" lon="114.2125535381"><ele>215.000</ele></trkpt>
      <trkpt lat="22.2724589760" lon="114.2125543891"><ele>215.000</ele></trkpt>
      <trkpt lat="22.2724556345" lon="114.2125552693"><ele>215.000</ele></trkpt>
      <trkpt lat="22.2724523020" lon="114.2125561815"><ele>215.000</ele></trkpt>
      <trkpt lat="22.2724489758" lon="114.2125571208"><ele>215.000</ele></trkpt>
      <trkpt lat="22.2724456550" lon="114.2125580941"><ele>215.000</ele></trkpt>
      <trkpt lat="22.2724423424" lon="114.2125590956"><ele>215.000</ele></trkpt>
      <trkpt lat="22.2724390387" lon="114.2125601261"><ele>215.000</ele></trkpt>
      <trkpt lat="22.2724357441" lon="114.2125611868"><ele>215.000</ele></trkpt>
      <trkpt lat="22.2724308780" lon="114.2125628137"><ele>215.000</ele></trkpt>
      <trkpt lat="22.2724276105" lon="114.2125639713"><ele>215.000</ele></trkpt>
      <trkpt lat="22.2724243123" lon="114.2125650223"><ele>215.000</ele></trkpt>
      <trkpt lat="22.2724209852" lon="114.2125659626"><ele>215.000</ele></trkpt>
      <trkpt lat="22.2724176328" lon="114.2125667962"><ele>215.000</ele></trkpt>
      <trkpt lat="22.2724142606" lon="114.2125675191"><ele>215.000</ele></trkpt>
      <trkpt lat="22.2724108677" lon="114.2125681315"><ele>215.000</ele></trkpt>
      <trkpt lat="22.2724074612" lon="114.2125686332"><ele>215.000</ele></trkpt>
      <trkpt lat="22.2724040394" lon="114.2125690224"><ele>215.000</ele></trkpt>
      <trkpt lat="22.2724006095" lon="114.2125693010"><ele>215.000</ele></trkpt>
      <trkpt lat="22.2723971742" lon="114.2125694689"><ele>215.000</ele></trkpt>
      <trkpt lat="22.2723937353" lon="114.2125695224"><ele>215.000</ele></trkpt>
      <trkpt lat="22.2723902965" lon="114.2125694633"><ele>215.000</ele></trkpt>
      <trkpt lat="22.2723868612" lon="114.2125692936"><ele>215.000</ele></trkpt>
      <trkpt lat="22.2723834315" lon="114.2125690114"><ele>215.000</ele></trkpt>
      <trkpt lat="22.2723800126" lon="114.2125686166"><ele>215.000</ele></trkpt>
      <trkpt lat="22.2723753962" lon="114.2125679051"><ele>217.000</ele></trkpt>
      <trkpt lat="22.2723720406" lon="114.2125670980"><ele>217.000</ele></trkpt>
      <trkpt lat="22.2723686416" lon="114.2125665431"><ele>217.000</ele></trkpt>
      <trkpt lat="22.2723652136" lon="114.2125662492"><ele>217.000</ele></trkpt>
      <trkpt lat="22.2723617748" lon="114.2125662134"><ele>217.000</ele></trkpt>
      <trkpt lat="22.2723583431" lon="114.2125664376"><ele>217.000</ele></trkpt>
      <trkpt lat="22.2723549330" lon="114.2125669200"><ele>217.000</ele></trkpt>
      <trkpt lat="22.2723515626" lon="114.2125676585"><ele>217.000</ele></trkpt>
      <trkpt lat="22.2723482500" lon="114.2125686492"><ele>217.000</ele></trkpt>
      <trkpt lat="22.2723450077" lon="114.2125698884"><ele>217.000</ele></trkpt>
      <trkpt lat="22.2723418557" lon="114.2125713683"><ele>217.000</ele></trkpt>
      <trkpt lat="22.2723388047" lon="114.2125730810"><ele>217.000</ele></trkpt>
      <trkpt lat="22.2723358748" lon="114.2125750227"><ele>217.000</ele></trkpt>
      <trkpt lat="22.2723330784" lon="114.2125771780"><ele>214.000</ele></trkpt>
      <trkpt lat="22.2723304265" lon="114.2125795409"><ele>214.000</ele></trkpt>
      <trkpt lat="22.2723270437" lon="114.2125831067"><ele>214.000</ele></trkpt>
      <trkpt lat="22.2723246437" lon="114.2125857647"><ele>214.000</ele></trkpt>
      <trkpt lat="22.2723221760" lon="114.2125883469"><ele>214.000</ele></trkpt>
      <trkpt lat="22.2723196378" lon="114.2125908505"><ele>214.000</ele></trkpt>
      <trkpt lat="22.2723170346" lon="114.2125932726"><ele>214.000</ele></trkpt>
      <trkpt lat="22.2723143665" lon="114.2125956142"><ele>214.000</ele></trkpt>
      <trkpt lat="22.2723116369" lon="114.2125978703"><ele>214.000</ele></trkpt>
      <trkpt lat="22.2723088478" lon="114.2126000392"><ele>214.000</ele></trkpt>
      <trkpt lat="22.2723060008" lon="114.2126021206"><ele>214.000</ele></trkpt>
      <trkpt lat="22.2723030998" lon="114.2126041128"><ele>214.000</ele></trkpt>
      <trkpt lat="22.2723001463" lon="114.2126060138"><ele>214.000</ele></trkpt>
      <trkpt lat="22.2722971441" lon="114.2126078197"><ele>214.000</ele></trkpt>
      <trkpt lat="22.2722940932" lon="114.2126095324"><ele>214.000</ele></trkpt>
      <trkpt lat="22.2722909971" lon="114.2126111500"><ele>214.000</ele></trkpt>
      <trkpt lat="22.2722878605" lon="114.2126126687"><ele>216.000</ele></trkpt>
      <trkpt lat="22.2722846832" lon="114.2126140893"><ele>216.000</ele></trkpt>
      <trkpt lat="22.2722814671" lon="114.2126154091"><ele>216.000</ele></trkpt>
      <trkpt lat="22.2722782194" lon="114.2126166288"><ele>216.000</ele></trkpt>
      <trkpt lat="22.2722749392" lon="114.2126177457"><ele>216.000</ele></trkpt>
      <trkpt lat="22.2722695548" lon="114.2126193395"><ele>216.000</ele></trkpt>
      <trkpt lat="22.2722491682" lon="114.2126227962"><ele>216.000</ele></trkpt>
      <trkpt lat="22.2722269204" lon="114.2126266193"><ele>214.000</ele></trkpt>
      <trkpt lat="22.2722237927" lon="114.2126281651"><ele>214.000</ele></trkpt>
      <trkpt lat="22.2722206895" lon="114.2126297672"><ele>214.000</ele></trkpt>
      <trkpt lat="22.2722176133" lon="114.2126314236"><ele>214.000</ele></trkpt>
      <trkpt lat="22.2722145605" lon="114.2126331325"><ele>214.000</ele></trkpt>
      <trkpt lat="22.2722115349" lon="114.2126348957"><ele>214.000</ele></trkpt>
      <trkpt lat="22.2722085345" lon="114.2126367112"><ele>214.000</ele></trkpt>
      <trkpt lat="22.2722055648" lon="114.2126385812"><ele>214.000</ele></trkpt>
      <trkpt lat="22.2722026222" lon="114.2126405015"><ele>214.000</ele></trkpt>
      <trkpt lat="22.2721997103" lon="114.2126424743"><ele>214.000</ele></trkpt>
      <trkpt lat="22.2721968273" lon="114.2126444976"><ele>215.000</ele></trkpt>
      <trkpt lat="22.2721939776" lon="114.2126465713"><ele>215.000</ele></trkpt>
      <trkpt lat="22.2721911569" lon="114.2126486955"><ele>215.000</ele></trkpt>
      <trkpt lat="22.2721883695" lon="114.2126508682"><ele>215.000</ele></trkpt>
      <trkpt lat="22.2721856174" lon="114.2126530923"><ele>215.000</ele></trkpt>
      <trkpt lat="22.2721828960" lon="114.2126553611"><ele>215.000</ele></trkpt>
      <trkpt lat="22.2721802116" lon="114.2126576793"><ele>215.000</ele></trkpt>
      <trkpt lat="22.2721775615" lon="114.2126600442"><ele>215.000</ele></trkpt>
      <trkpt lat="22.2721740189" lon="114.2126633325"><ele>215.000</ele></trkpt>
      <trkpt lat="22.2721714491" lon="114.2126657992"><ele>215.000</ele></trkpt>
      <trkpt lat="22.2721687999" lon="114.2126681631"><ele>215.000</ele></trkpt>
      <trkpt lat="22.2721660758" lon="114.2126704270"><ele>215.000</ele></trkpt>
      <trkpt lat="22.2721632794" lon="114.2126725861"><ele>212.000</ele></trkpt>
      <trkpt lat="22.2721604163" lon="114.2126746385"><ele>212.000</ele></trkpt>
      <trkpt lat="22.2721574863" lon="114.2126765802"><ele>212.000</ele></trkpt>
      <trkpt lat="22.2721544949" lon="114.2126784114"><ele>212.000</ele></trkpt>
      <trkpt lat="22.2721514467" lon="114.2126801280"><ele>214.000</ele></trkpt>
      <trkpt lat="22.2721483425" lon="114.2126817262"><ele>214.000</ele></trkpt>
      <trkpt lat="22.2721451887" lon="114.2126832079"><ele>214.000</ele></trkpt>
      <trkpt lat="22.2721419897" lon="114.2126845674"><ele>214.000</ele></trkpt>
      <trkpt lat="22.2721387475" lon="114.2126858066"><ele>214.000</ele></trkpt>
      <trkpt lat="22.2721354673" lon="114.2126869216"><ele>214.000</ele></trkpt>
      <trkpt lat="22.2721321528" lon="114.2126879104"><ele>214.000</ele></trkpt>
      <trkpt lat="22.2721288077" lon="114.2126887760"><ele>214.000</ele></trkpt>
      <trkpt lat="22.2721254373" lon="114.2126895116"><ele>214.000</ele></trkpt>
      <trkpt lat="22.2721217879" lon="114.2126901617"><ele>214.000</ele></trkpt>
      <trkpt lat="22.2721183562" lon="114.2126903811"><ele>214.000</ele></trkpt>
      <trkpt lat="22.2721149164" lon="114.2126903472"><ele>214.000</ele></trkpt>
      <trkpt lat="22.2721114884" lon="114.2126900592"><ele>214.000</ele></trkpt>
      <trkpt lat="22.2721080858" lon="114.2126895188"><ele>214.000</ele></trkpt>
      <trkpt lat="22.2721047284" lon="114.2126887282"><ele>216.000</ele></trkpt>
      <trkpt lat="22.2721014270" lon="114.2126876911"><ele>216.000</ele></trkpt>
      <trkpt lat="22.2720982006" lon="114.2126864134"><ele>216.000</ele></trkpt>
      <trkpt lat="22.2720950610" lon="114.2126848990"><ele>216.000</ele></trkpt>
      <trkpt lat="22.2720915070" lon="114.2126828275"><ele>216.000</ele></trkpt>
      <trkpt lat="22.2720880863" lon="114.2126824414"><ele>216.000</ele></trkpt>
      <trkpt lat="22.2720846565" lon="114.2126821718"><ele>216.000</ele></trkpt>
      <trkpt lat="22.2720812195" lon="114.2126820234"><ele>216.000</ele></trkpt>
      <trkpt lat="22.2720777806" lon="114.2126819954"><ele>216.000</ele></trkpt>
      <trkpt lat="22.2720743417" lon="114.2126820877"><ele>216.000</ele></trkpt>
      <trkpt lat="22.2720709082" lon="114.2126823002"><ele>216.000</ele></trkpt>
      <trkpt lat="22.2720674837" lon="114.2126826331"><ele>216.000</ele></trkpt>
      <trkpt lat="22.2720640700" lon="114.2126830864"><ele>216.000</ele></trkpt>
      <trkpt lat="22.2720606708" lon="114.2126836579"><ele>214.000</ele></trkpt>
      <trkpt lat="22.2720559674" lon="114.2126846522"><ele>214.000</ele></trkpt>
      <trkpt lat="22.2720525575" lon="114.2126841798"><ele>214.000</ele></trkpt>
      <trkpt lat="22.2720491712" lon="114.2126835328"><ele>214.000</ele></trkpt>
      <trkpt lat="22.2720458174" lon="114.2126827130"><ele>214.000</ele></trkpt>
      <trkpt lat="22.2720425043" lon="114.2126817225"><ele>214.000</ele></trkpt>
      <trkpt lat="22.2720392381" lon="114.2126805651"><ele>214.000</ele></trkpt>
      <trkpt lat="22.2720360253" lon="114.2126792408"><ele>214.000</ele></trkpt>
      <trkpt lat="22.2720328758" lon="114.2126777555"><ele>214.000</ele></trkpt>
      <trkpt lat="22.2720297967" lon="114.2126761091"><ele>214.000</ele></trkpt>
      <trkpt lat="22.2720267917" lon="114.2126743076"><ele>214.000</ele></trkpt>
      <trkpt lat="22.2720238707" lon="114.2126723527"><ele>219.000</ele></trkpt>
      <trkpt lat="22.2720210364" lon="114.2126702523"><ele>219.000</ele></trkpt>
      <trkpt lat="22.2720160344" lon="114.2126659780"><ele>218.000</ele></trkpt>
      <trkpt lat="22.2719863264" lon="114.2126407473"><ele>218.000</ele></trkpt>
      <trkpt lat="22.2719650497" lon="114.2126226211"><ele>218.000</ele></trkpt>
      <trkpt lat="22.2719624819" lon="114.2126201579"><ele>218.000</ele></trkpt>
      <trkpt lat="22.2719600713" lon="114.2126175162"><ele>218.000</ele></trkpt>
      <trkpt lat="22.2719578287" lon="114.2126147077"><ele>218.000</ele></trkpt>
      <trkpt lat="22.2719557650" lon="114.2126117440"><ele>218.000</ele></trkpt>
      <trkpt lat="22.2719538873" lon="114.2126086415"><ele>218.000</ele></trkpt>
      <trkpt lat="22.2719522029" lon="114.2126054091"><ele>218.000</ele></trkpt>
      <trkpt lat="22.2719507226" lon="114.2126020652"><ele>218.000</ele></trkpt>
      <trkpt lat="22.2719494500" lon="114.2125986243"><ele>218.000</ele></trkpt>
      <trkpt lat="22.2719483942" lon="114.2125950981"><ele>218.000</ele></trkpt>
      <trkpt lat="22.2719475552" lon="114.2125915040"><ele>218.000</ele></trkpt>
      <trkpt lat="22.2719469401" lon="114.2125878576"><ele>218.000</ele></trkpt>
      <trkpt lat="22.2719463997" lon="114.2125811568"><ele>218.000</ele></trkpt>
      <trkpt lat="22.2719465703" lon="114.2125774581"><ele>218.000</ele></trkpt>
      <trkpt lat="22.2719462063" lon="114.2125737769"><ele>222.000</ele></trkpt>
      <trkpt lat="22.2719453148" lon="114.2125702002"><ele>222.000</ele></trkpt>
      <trkpt lat="22.2719439176" lon="114.2125668175"><ele>222.000</ele></trkpt>
      <trkpt lat="22.2719426322" lon="114.2125646787"><ele>222.000</ele></trkpt>
      <trkpt lat="22.2719420490" lon="114.2125637122"><ele>222.000</ele></trkpt>
      <trkpt lat="22.2719397558" lon="114.2125609560"><ele>222.000</ele></trkpt>
      <trkpt lat="22.2719370932" lon="114.2125586189"><ele>222.000</ele></trkpt>
      <trkpt lat="22.2719341234" lon="114.2125567553"><ele>222.000</ele></trkpt>
      <trkpt lat="22.2719309214" lon="114.2125554135"><ele>222.000</ele></trkpt>
      <trkpt lat="22.2719275640" lon="114.2125546258"><ele>222.000</ele></trkpt>
      <trkpt lat="22.2719222721" lon="114.2125545323"><ele>220.000</ele></trkpt>
      <trkpt lat="22.2719188368" lon="114.2125545838"><ele>220.000</ele></trkpt>
      <trkpt lat="22.2719154215" lon="114.2125541696"><ele>220.000</ele></trkpt>
      <trkpt lat="22.2719120804" lon="114.2125532975"><ele>220.000</ele></trkpt>
      <trkpt lat="22.2719088694" lon="114.2125519810"><ele>220.000</ele></trkpt>
      <trkpt lat="22.2719058354" lon="114.2125502395"><ele>220.000</ele></trkpt>
      <trkpt lat="22.2719030292" lon="114.2125481003"><ele>220.000</ele></trkpt>
      <trkpt lat="22.2719004957" lon="114.2125456003"><ele>220.000</ele></trkpt>
      <trkpt lat="22.2718982712" lon="114.2125427772"><ele>220.000</ele></trkpt>
      <trkpt lat="22.2718963953" lon="114.2125396748"><ele>220.000</ele></trkpt>
      <trkpt lat="22.2718948952" lon="114.2125363425"><ele>220.000</ele></trkpt>
      <trkpt lat="22.2718937942" lon="114.2125328347"><ele>220.000</ele></trkpt>
      <trkpt lat="22.2718931051" lon="114.2125291582"><ele>220.000</ele></trkpt>
      <trkpt lat="22.2718917928" lon="114.2125257308"><ele>220.000</ele></trkpt>
      <trkpt lat="22.2718905021" lon="114.2125222967"><ele>220.000</ele></trkpt>
      <trkpt lat="22.2718892332" lon="114.2125188510"><ele>220.000</ele></trkpt>
      <trkpt lat="22.2718879859" lon="114.2125153985"><ele>220.000</ele></trkpt>
      <trkpt lat="22.2718867603" lon="114.2125119362"><ele>220.000</ele></trkpt>
      <trkpt lat="22.2718855582" lon="114.2125084643"><ele>220.000</ele></trkpt>
      <trkpt lat="22.2718843768" lon="114.2125049827"><ele>220.000</ele></trkpt>
      <trkpt lat="22.2718832172" lon="114.2125014933"><ele>220.000</ele></trkpt>
      <trkpt lat="22.2718820783" lon="114.2124979962"><ele>220.000</ele></trkpt>
      <trkpt lat="22.2718809629" lon="114.2124944913"><ele>218.000</ele></trkpt>
      <trkpt lat="22.2718798709" lon="114.2124909777"><ele>218.000</ele></trkpt>
      <trkpt lat="22.2718787988" lon="114.2124874563"><ele>218.000</ele></trkpt>
      <trkpt lat="22.2718777503" lon="114.2124839262"><ele>218.000</ele></trkpt>
      <trkpt lat="22.2718767234" lon="114.2124803883"><ele>218.000</ele></trkpt>
      <trkpt lat="22.2718757181" lon="114.2124768446"><ele>218.000</ele></trkpt>
      <trkpt lat="22.2718747364" lon="114.2124732932"><ele>218.000</ele></trkpt>
      <trkpt lat="22.2718737763" lon="114.2124697340"><ele>218.000</ele></trkpt>
      <trkpt lat="22.2718728397" lon="114.2124661671"><ele>218.000</ele></trkpt>
      <trkpt lat="22.2718719248" lon="114.2124625943"><ele>218.000</ele></trkpt>
      <trkpt lat="22.2718710333" lon="114.2124590157"><ele>218.000</ele></trkpt>
      <trkpt lat="22.2718701635" lon="114.2124554294"><ele>218.000</ele></trkpt>
      <trkpt lat="22.2718693155" lon="114.2124518392"><ele>218.000</ele></trkpt>
      <trkpt lat="22.2718684908" lon="114.2124482393"><ele>218.000</ele></trkpt>
      <trkpt lat="22.2718676897" lon="114.2124446355"><ele>218.000</ele></trkpt>
      <trkpt lat="22.2718663365" lon="114.2124382915"><ele>218.000</ele></trkpt>
      <trkpt lat="22.2718654523" lon="114.2124347091"><ele>218.000</ele></trkpt>
      <trkpt lat="22.2718636504" lon="114.2124275558"><ele>218.000</ele></trkpt>
      <trkpt lat="22.2718617989" lon="114.2124204190"><ele>218.000</ele></trkpt>
      <trkpt lat="22.2718598995" lon="114.2124132919"><ele>218.000</ele></trkpt>
      <trkpt lat="22.2718579559" lon="114.2124061832"><ele>218.000</ele></trkpt>
      <trkpt lat="22.2718559635" lon="114.2123990881"><ele>218.000</ele></trkpt>
      <trkpt lat="22.2718539241" lon="114.2123920105"><ele>218.000</ele></trkpt>
      <trkpt lat="22.2718518378" lon="114.2123849464"><ele>218.000</ele></trkpt>
      <trkpt lat="22.2718497063" lon="114.2123778998"><ele>218.000</ele></trkpt>
      <trkpt lat="22.2718486215" lon="114.2123743813"><ele>218.000</ele></trkpt>
      <trkpt lat="22.2718464196" lon="114.2123673599"><ele>218.000</ele></trkpt>
      <trkpt lat="22.2718441707" lon="114.2123603559"><ele>218.000</ele></trkpt>
      <trkpt lat="22.2718418766" lon="114.2123533675"><ele>218.000</ele></trkpt>
      <trkpt lat="22.2718407124" lon="114.2123498820"><ele>218.000</ele></trkpt>
      <trkpt lat="22.2718388750" lon="114.2123444616"><ele>218.000</ele></trkpt>
      <trkpt lat="22.2718378390" lon="114.2123409276"><ele>218.000</ele></trkpt>
      <trkpt lat="22.2718368663" lon="114.2123373723"><ele>218.000</ele></trkpt>
      <trkpt lat="22.2718359604" lon="114.2123337976"><ele>216.000</ele></trkpt>
      <trkpt lat="22.2718351196" lon="114.2123302035"><ele>216.000</ele></trkpt>
      <trkpt lat="22.2718343455" lon="114.2123265920"><ele>216.000</ele></trkpt>
      <trkpt lat="22.2718336383" lon="114.2123229649"><ele>216.000</ele></trkpt>
      <trkpt lat="22.2718329979" lon="114.2123193253"><ele>216.000</ele></trkpt>
      <trkpt lat="22.2718324244" lon="114.2123156702"><ele>216.000</ele></trkpt>
      <trkpt lat="22.2718319195" lon="114.2123120044"><ele>216.000</ele></trkpt>
      <trkpt lat="22.2718314796" lon="114.2123083269"><ele>216.000</ele></trkpt>
      <trkpt lat="22.2718311083" lon="114.2123046437"><ele>216.000</ele></trkpt>
      <trkpt lat="22.2718308057" lon="114.2123009508"><ele>216.000</ele></trkpt>
      <trkpt lat="22.2718305717" lon="114.2122972550"><ele>216.000</ele></trkpt>
      <trkpt lat="22.2718304045" lon="114.2122935514"><ele>216.000</ele></trkpt>
      <trkpt lat="22.2718302864" lon="114.2122886360"><ele>216.000</ele></trkpt>
      <trkpt lat="22.2718304696" lon="114.2122849355"><ele>216.000</ele></trkpt>
      <trkpt lat="22.2718305788" lon="114.2122812291"><ele>218.000</ele></trkpt>
      <trkpt lat="22.2718306103" lon="114.2122775226"><ele>218.000</ele></trkpt>
      <trkpt lat="22.2718305678" lon="114.2122738191"><ele>218.000</ele></trkpt>
      <trkpt lat="22.2718304494" lon="114.2122701136"><ele>218.000</ele></trkpt>
      <trkpt lat="22.2718302569" lon="114.2122664130"><ele>218.000</ele></trkpt>
      <trkpt lat="22.2718299886" lon="114.2122627181"><ele>218.000</ele></trkpt>
      <trkpt lat="22.2718296463" lon="114.2122590291"><ele>218.000</ele></trkpt>
      <trkpt lat="22.2718292290" lon="114.2122553526"><ele>218.000</ele></trkpt>
      <trkpt lat="22.2718287358" lon="114.2122516820"><ele>218.000</ele></trkpt>
      <trkpt lat="22.2718281676" lon="114.2122480278"><ele>218.000</ele></trkpt>
      <trkpt lat="22.2718275273" lon="114.2122443853"><ele>218.000</ele></trkpt>
      <trkpt lat="22.2718268128" lon="114.2122407602"><ele>218.000</ele></trkpt>
      <trkpt lat="22.2718260243" lon="114.2122371525"><ele>218.000</ele></trkpt>
      <trkpt lat="22.2718251627" lon="114.2122335662"><ele>220.000</ele></trkpt>
      <trkpt lat="22.2718242288" lon="114.2122299992"><ele>220.000</ele></trkpt>
      <trkpt lat="22.2718228319" lon="114.2122251475"><ele>220.000</ele></trkpt>
      <trkpt lat="22.2718198677" lon="114.2122184607"><ele>220.000</ele></trkpt>
      <trkpt lat="22.2718168782" lon="114.2122117835"><ele>220.000</ele></trkpt>
      <trkpt lat="22.2718138634" lon="114.2122051228"><ele>220.000</ele></trkpt>
      <trkpt lat="22.2718108252" lon="114.2121984738"><ele>220.000</ele></trkpt>
      <trkpt lat="22.2718077625" lon="114.2121918364"><ele>220.000</ele></trkpt>
      <trkpt lat="22.2718046728" lon="114.2121852145"><ele>221.000</ele></trkpt>
      <trkpt lat="22.2718015604" lon="114.2121786072"><ele>221.000</ele></trkpt>
      <trkpt lat="22.2717972746" lon="114.2121696146"><ele>221.000</ele></trkpt>
      <trkpt lat="22.2717958088" lon="114.2121662629"><ele>221.000</ele></trkpt>
      <trkpt lat="22.2717942580" lon="114.2121629559"><ele>221.000</ele></trkpt>
      <trkpt lat="22.2717926224" lon="114.2121596954"><ele>221.000</ele></trkpt>
      <trkpt lat="22.2717909055" lon="114.2121564863"><ele>220.000</ele></trkpt>
      <trkpt lat="22.2717891072" lon="114.2121533256"><ele>220.000</ele></trkpt>
      <trkpt lat="22.2717872314" lon="114.2121502223"><ele>220.000</ele></trkpt>
      <trkpt lat="22.2717852760" lon="114.2121471732"><ele>220.000</ele></trkpt>
      <trkpt lat="22.2717832429" lon="114.2121441842"><ele>220.000</ele></trkpt>
      <trkpt lat="22.2717811358" lon="114.2121412554"><ele>220.000</ele></trkpt>
      <trkpt lat="22.2717789564" lon="114.2121383907"><ele>220.000</ele></trkpt>
      <trkpt lat="22.2717767030" lon="114.2121355909"><ele>220.000</ele></trkpt>
      <trkpt lat="22.2717743809" lon="114.2121328571"><ele>220.000</ele></trkpt>
      <trkpt lat="22.2717719902" lon="114.2121301940"><ele>220.000</ele></trkpt>
      <trkpt lat="22.2717695335" lon="114.2121276028"><ele>220.000</ele></trkpt>
      <trkpt lat="22.2717670100" lon="114.2121250853"><ele>220.000</ele></trkpt>
      <trkpt lat="22.2717644241" lon="114.2121226415"><ele>220.000</ele></trkpt>
      <trkpt lat="22.2717617769" lon="114.2121202773"><ele>220.000</ele></trkpt>
      <trkpt lat="22.2717590718" lon="114.2121179906"><ele>220.000</ele></trkpt>
      <trkpt lat="22.2717563098" lon="114.2121157836"><ele>220.000</ele></trkpt>
      <trkpt lat="22.2717534900" lon="114.2121136599"><ele>220.000</ele></trkpt>
      <trkpt lat="22.2717463659" lon="114.2121086535"><ele>220.000</ele></trkpt>
      <trkpt lat="22.2717433916" lon="114.2121067937"><ele>219.000</ele></trkpt>
      <trkpt lat="22.2717403269" lon="114.2121051105"><ele>219.000</ele></trkpt>
      <trkpt lat="22.2717371846" lon="114.2121036097"><ele>219.000</ele></trkpt>
      <trkpt lat="22.2717339709" lon="114.2121022942"><ele>219.000</ele></trkpt>
      <trkpt lat="22.2717306939" lon="114.2121011669"><ele>219.000</ele></trkpt>
      <trkpt lat="22.2717273681" lon="114.2121002326"><ele>219.000</ele></trkpt>
      <trkpt lat="22.2717239971" lon="114.2120994944"><ele>219.000</ele></trkpt>
      <trkpt lat="22.2717205954" lon="114.2120989540"><ele>219.000</ele></trkpt>
      <trkpt lat="22.2717171720" lon="114.2120986117"><ele>219.000</ele></trkpt>
      <trkpt lat="22.2717137349" lon="114.2120984691"><ele>219.000</ele></trkpt>
      <trkpt lat="22.2717079444" lon="114.2120986850"><ele>219.000</ele></trkpt>
      <trkpt lat="22.2717046137" lon="114.2120996040"><ele>219.000</ele></trkpt>
      <trkpt lat="22.2717013426" lon="114.2121007510"><ele>219.000</ele></trkpt>
      <trkpt lat="22.2716981473" lon="114.2121021241"><ele>220.000</ele></trkpt>
      <trkpt lat="22.2716950404" lon="114.2121037117"><ele>220.000</ele></trkpt>
      <trkpt lat="22.2716920364" lon="114.2121055137"><ele>220.000</ele></trkpt>
      <trkpt lat="22.2716891425" lon="114.2121075194"><ele>220.000</ele></trkpt>
      <trkpt lat="22.2716863769" lon="114.2121097232"><ele>220.000</ele></trkpt>
      <trkpt lat="22.2716837466" lon="114.2121121113"><ele>220.000</ele></trkpt>
      <trkpt lat="22.2716812644" lon="114.2121146780"><ele>220.000</ele></trkpt>
      <trkpt lat="22.2716789421" lon="114.2121174117"><ele>220.000</ele></trkpt>
      <trkpt lat="22.2716767858" lon="114.2121202986"><ele>220.000</ele></trkpt>
      <trkpt lat="22.2716748057" lon="114.2121233293"><ele>220.000</ele></trkpt>
      <trkpt lat="22.2716730115" lon="114.2121264919"><ele>220.000</ele></trkpt>
      <trkpt lat="22.2716714087" lon="114.2121297710"><ele>220.000</ele></trkpt>
      <trkpt lat="22.2716700046" lon="114.2121331549"><ele>220.000</ele></trkpt>
      <trkpt lat="22.2716688064" lon="114.2121366301"><ele>220.000</ele></trkpt>
      <trkpt lat="22.2716676658" lon="114.2121408020"><ele>218.000</ele></trkpt>
      <trkpt lat="22.2716661209" lon="114.2121441141"><ele>218.000</ele></trkpt>
      <trkpt lat="22.2716645579" lon="114.2121474165"><ele>218.000</ele></trkpt>
      <trkpt lat="22.2716629786" lon="114.2121507092"><ele>218.000</ele></trkpt>
      <trkpt lat="22.2716613822" lon="114.2121539931"><ele>218.000</ele></trkpt>
      <trkpt lat="22.2716597677" lon="114.2121572674"><ele>218.000</ele></trkpt>
      <trkpt lat="22.2716581378" lon="114.2121605309"><ele>218.000</ele></trkpt>
      <trkpt lat="22.2716564899" lon="114.2121637858"><ele>218.000</ele></trkpt>
      <trkpt lat="22.2716548258" lon="114.2121670309"><ele>220.000</ele></trkpt>
      <trkpt lat="22.2716531454" lon="114.2121702654"><ele>220.000</ele></trkpt>
      <trkpt lat="22.2716514487" lon="114.2121734901"><ele>220.000</ele></trkpt>
      <trkpt lat="22.2716497340" lon="114.2121767032"><ele>220.000</ele></trkpt>
      <trkpt lat="22.2716480030" lon="114.2121799066"><ele>220.000</ele></trkpt>
      <trkpt lat="22.2716462558" lon="114.2121831003"><ele>220.000</ele></trkpt>
      <trkpt lat="22.2716444923" lon="114.2121862842"><ele>220.000</ele></trkpt>
      <trkpt lat="22.2716427126" lon="114.2121894566"><ele>217.000</ele></trkpt>
      <trkpt lat="22.2716409166" lon="114.2121926172"><ele>217.000</ele></trkpt>
      <trkpt lat="22.2716391026" lon="114.2121957682"><ele>217.000</ele></trkpt>
      <trkpt lat="22.2716372750" lon="114.2121989095"><ele>217.000</ele></trkpt>
      <trkpt lat="22.2716354294" lon="114.2122020371"><ele>217.000</ele></trkpt>
      <trkpt lat="22.2716335684" lon="114.2122051551"><ele>217.000</ele></trkpt>
      <trkpt lat="22.2716316911" lon="114.2122082614"><ele>217.000</ele></trkpt>
      <trkpt lat="22.2716297976" lon="114.2122113581"><ele>217.000</ele></trkpt>
      <trkpt lat="22.2716278888" lon="114.2122144411"><ele>217.000</ele></trkpt>
      <trkpt lat="22.2716259637" lon="114.2122175144"><ele>217.000</ele></trkpt>
      <trkpt lat="22.2716240232" lon="114.2122205741"><ele>217.000</ele></trkpt>
      <trkpt lat="22.2716220665" lon="114.2122236242"><ele>217.000</ele></trkpt>
      <trkpt lat="22.2716200936" lon="114.2122266606"><ele>217.000</ele></trkpt>
      <trkpt lat="22.2716181062" lon="114.2122296873"><ele>217.000</ele></trkpt>
      <trkpt lat="22.2716161025" lon="114.2122327005"><ele>217.000</ele></trkpt>
      <trkpt lat="22.2716128143" lon="114.2122375684"><ele>214.000</ele></trkpt>
      <trkpt lat="22.2716108901" lon="114.2122406418"><ele>214.000</ele></trkpt>
      <trkpt lat="22.2716088946" lon="114.2122436607"><ele>216.000</ele></trkpt>
      <trkpt lat="22.2716068268" lon="114.2122466254"><ele>216.000</ele></trkpt>
      <trkpt lat="22.2716046913" lon="114.2122495298"><ele>216.000</ele></trkpt>
      <trkpt lat="22.2716024890" lon="114.2122523789"><ele>216.000</ele></trkpt>
      <trkpt lat="22.2716002181" lon="114.2122551640"><ele>216.000</ele></trkpt>
      <trkpt lat="22.2715978858" lon="114.2122578879"><ele>216.000</ele></trkpt>
      <trkpt lat="22.2715954885" lon="114.2122605458"><ele>216.000</ele></trkpt>
      <trkpt lat="22.2715930298" lon="114.2122631397"><ele>216.000</ele></trkpt>
      <trkpt lat="22.2715905097" lon="114.2122656637"><ele>216.000</ele></trkpt>
      <trkpt lat="22.2715879336" lon="114.2122681198"><ele>216.000</ele></trkpt>
      <trkpt lat="22.2715852998" lon="114.2122705040"><ele>216.000</ele></trkpt>
      <trkpt lat="22.2715826099" lon="114.2122728174"><ele>216.000</ele></trkpt>
      <trkpt lat="22.2715798677" lon="114.2122750532"><ele>216.000</ele></trkpt>
      <trkpt lat="22.2715770732" lon="114.2122772162"><ele>216.000</ele></trkpt>
      <trkpt lat="22.2715742281" lon="114.2122793015"><ele>216.000</ele></trkpt>
      <trkpt lat="22.2715713360" lon="114.2122813093"><ele>216.000</ele></trkpt>
      <trkpt lat="22.2715683988" lon="114.2122832355"><ele>216.000</ele></trkpt>
      <trkpt lat="22.2715654165" lon="114.2122850821"><ele>216.000</ele></trkpt>
      <trkpt lat="22.2715623909" lon="114.2122868472"><ele>216.000</ele></trkpt>
      <trkpt lat="22.2715593255" lon="114.2122885289"><ele>216.000</ele></trkpt>
      <trkpt lat="22.2715562204" lon="114.2122901271"><ele>216.000</ele></trkpt>
      <trkpt lat="22.2715530819" lon="114.2122916399"><ele>216.000</ele></trkpt>
      <trkpt lat="22.2715499055" lon="114.2122930674"><ele>216.000</ele></trkpt>
      <trkpt lat="22.2715436738" lon="114.2122955788"><ele>216.000</ele></trkpt>
      <trkpt lat="22.2715402962" lon="114.2122962785"><ele>216.000</ele></trkpt>
      <trkpt lat="22.2715369024" lon="114.2122968850"><ele>216.000</ele></trkpt>
      <trkpt lat="22.2715334959" lon="114.2122973945"><ele>216.000</ele></trkpt>
      <trkpt lat="22.2715300795" lon="114.2122978070"><ele>216.000</ele></trkpt>
      <trkpt lat="22.2715266505" lon="114.2122981253"><ele>216.000</ele></trkpt>
      <trkpt lat="22.2715232188" lon="114.2122983447"><ele>216.000</ele></trkpt>
      <trkpt lat="22.2715197799" lon="114.2122984680"><ele>216.000</ele></trkpt>
      <trkpt lat="22.2715163411" lon="114.2122984943"><ele>216.000</ele></trkpt>
      <trkpt lat="22.2715129022" lon="114.2122984256"><ele>216.000</ele></trkpt>
      <trkpt lat="22.2715094670" lon="114.2122982578"><ele>216.000</ele></trkpt>
      <trkpt lat="22.2715060372" lon="114.2122979950"><ele>216.000</ele></trkpt>
      <trkpt lat="22.2715026147" lon="114.2122976351"><ele>216.000</ele></trkpt>
      <trkpt lat="22.2714992012" lon="114.2122971792"><ele>216.000</ele></trkpt>
      <trkpt lat="22.2714958004" lon="114.2122966263"><ele>216.000</ele></trkpt>
      <trkpt lat="22.2714924140" lon="114.2122959782"><ele>216.000</ele></trkpt>
      <trkpt lat="22.2714890457" lon="114.2122952351"><ele>216.000</ele></trkpt>
      <trkpt lat="22.2714856955" lon="114.2122943989"><ele>216.000</ele></trkpt>
      <trkpt lat="22.2714823671" lon="114.2122934656"><ele>216.000</ele></trkpt>
      <trkpt lat="22.2714790621" lon="114.2122924402"><ele>216.000</ele></trkpt>
      <trkpt lat="22.2714757842" lon="114.2122913216"><ele>216.000</ele></trkpt>
      <trkpt lat="22.2714725334" lon="114.2122901128"><ele>215.000</ele></trkpt>
      <trkpt lat="22.2714693134" lon="114.2122888109"><ele>215.000</ele></trkpt>
      <trkpt lat="22.2714661259" lon="114.2122874207"><ele>215.000</ele></trkpt>
      <trkpt lat="22.2714629727" lon="114.2122859392"><ele>215.000</ele></trkpt>
      <trkpt lat="22.2714585807" lon="114.2122836968"><ele>217.000</ele></trkpt>
      <trkpt lat="22.2714554998" lon="114.2122820505"><ele>217.000</ele></trkpt>
      <trkpt lat="22.2714524387" lon="114.2122803634"><ele>217.000</ele></trkpt>
      <trkpt lat="22.2714493976" lon="114.2122786336"><ele>217.000</ele></trkpt>
      <trkpt lat="22.2714463763" lon="114.2122768611"><ele>217.000</ele></trkpt>
      <trkpt lat="22.2714433767" lon="114.2122750499"><ele>217.000</ele></trkpt>
      <trkpt lat="22.2714404006" lon="114.2122731959"><ele>217.000</ele></trkpt>
      <trkpt lat="22.2714374444" lon="114.2122713012"><ele>217.000</ele></trkpt>
      <trkpt lat="22.2714345117" lon="114.2122693657"><ele>217.000</ele></trkpt>
      <trkpt lat="22.2714316025" lon="114.2122673896"><ele>217.000</ele></trkpt>
      <trkpt lat="22.2714287167" lon="114.2122653765"><ele>217.000</ele></trkpt>
      <trkpt lat="22.2714258544" lon="114.2122633208"><ele>217.000</ele></trkpt>
      <trkpt lat="22.2714230175" lon="114.2122612281"><ele>217.000</ele></trkpt>
      <trkpt lat="22.2714202040" lon="114.2122590948"><ele>217.000</ele></trkpt>
      <trkpt lat="22.2714174176" lon="114.2122569246"><ele>217.000</ele></trkpt>
      <trkpt lat="22.2714146565" lon="114.2122547156"><ele>217.000</ele></trkpt>
      <trkpt lat="22.2714119225" lon="114.2122524697"><ele>217.000</ele></trkpt>
      <trkpt lat="22.2714092138" lon="114.2122501850"><ele>217.000</ele></trkpt>
      <trkpt lat="22.2714065340" lon="114.2122478634"><ele>217.000</ele></trkpt>
      <trkpt lat="22.2714038813" lon="114.2122455079"><ele>217.000</ele></trkpt>
      <trkpt lat="22.2714009506" lon="114.2122428302"><ele>217.000</ele></trkpt>
      <trkpt lat="22.2713986935" lon="114.2122400334"><ele>217.000</ele></trkpt>
      <trkpt lat="22.2713964654" lon="114.2122372113"><ele>217.000</ele></trkpt>
      <trkpt lat="22.2713942679" lon="114.2122343601"><ele>220.000</ele></trkpt>
      <trkpt lat="22.2713921030" lon="114.2122314817"><ele>220.000</ele></trkpt>
      <trkpt lat="22.2713899670" lon="114.2122285782"><ele>220.000</ele></trkpt>
      <trkpt lat="22.2713878635" lon="114.2122256455"><ele>220.000</ele></trkpt>
      <trkpt lat="22.2713857907" lon="114.2122226905"><ele>220.000</ele></trkpt>
      <trkpt lat="22.2713837504" lon="114.2122197064"><ele>220.000</ele></trkpt>
      <trkpt lat="22.2713817427" lon="114.2122166981"><ele>220.000</ele></trkpt>
      <trkpt lat="22.2713797656" lon="114.2122136646"><ele>220.000</ele></trkpt>
      <trkpt lat="22.2713778238" lon="114.2122106077"><ele>220.000</ele></trkpt>
      <trkpt lat="22.2713759127" lon="114.2122075257"><ele>220.000</ele></trkpt>
      <trkpt lat="22.2713740350" lon="114.2122044204"><ele>220.000</ele></trkpt>
      <trkpt lat="22.2713721916" lon="114.2122012937"><ele>220.000</ele></trkpt>
      <trkpt lat="22.2713703825" lon="114.2121981428"><ele>220.000</ele></trkpt>
      <trkpt lat="22.2713686060" lon="114.2121949686"><ele>220.000</ele></trkpt>
      <trkpt lat="22.2713668638" lon="114.2121917741"><ele>220.000</ele></trkpt>
      <trkpt lat="22.2713643877" lon="114.2121870793"><ele>222.000</ele></trkpt>
      <trkpt lat="22.2713627927" lon="114.2121837955"><ele>222.000</ele></trkpt>
      <trkpt lat="22.2713611525" lon="114.2121805389"><ele>222.000</ele></trkpt>
      <trkpt lat="22.2713594636" lon="114.2121773114"><ele>222.000</ele></trkpt>
      <trkpt lat="22.2713577286" lon="114.2121741110"><ele>222.000</ele></trkpt>
      <trkpt lat="22.2713559485" lon="114.2121709397"><ele>222.000</ele></trkpt>
      <trkpt lat="22.2713541231" lon="114.2121677995"><ele>222.000</ele></trkpt>
      <trkpt lat="22.2713522545" lon="114.2121646913"><ele>222.000</ele></trkpt>
      <trkpt lat="22.2713503388" lon="114.2121616131"><ele>222.000</ele></trkpt>
      <trkpt lat="22.2713483799" lon="114.2121585650"><ele>222.000</ele></trkpt>
      <trkpt lat="22.2713463793" lon="114.2121555528"><ele>222.000</ele></trkpt>
      <trkpt lat="22.2713443336" lon="114.2121525746"><ele>222.000</ele></trkpt>
      <trkpt lat="22.2713422464" lon="114.2121496293"><ele>222.000</ele></trkpt>
      <trkpt lat="22.2713401167" lon="114.2121467199"><ele>222.000</ele></trkpt>
      <trkpt lat="22.2713379454" lon="114.2121438454"><ele>219.000</ele></trkpt>
      <trkpt lat="22.2713357335" lon="114.2121410078"><ele>219.000</ele></trkpt>
      <trkpt lat="22.2713334801" lon="114.2121382090"><ele>220.000</ele></trkpt>
      <trkpt lat="22.2713310434" lon="114.2121352743"><ele>220.000</ele></trkpt>
      <trkpt lat="22.2713288179" lon="114.2121324483"><ele>220.000</ele></trkpt>
      <trkpt lat="22.2713265464" lon="114.2121296670"><ele>220.000</ele></trkpt>
      <trkpt lat="22.2713242261" lon="114.2121269322"><ele>220.000</ele></trkpt>
      <trkpt lat="22.2713218580" lon="114.2121242459"><ele>220.000</ele></trkpt>
      <trkpt lat="22.2713194429" lon="114.2121216081"><ele>220.000</ele></trkpt>
      <trkpt lat="22.2713169817" lon="114.2121190188"><ele>220.000</ele></trkpt>
      <trkpt lat="22.2713144771" lon="114.2121164800"><ele>220.000</ele></trkpt>
      <trkpt lat="22.2713119274" lon="114.2121139945"><ele>220.000</ele></trkpt>
      <trkpt lat="22.2713093361" lon="114.2121115575"><ele>220.000</ele></trkpt>
      <trkpt lat="22.2713067015" lon="114.2121091768"><ele>220.000</ele></trkpt>
      <trkpt lat="22.2713040271" lon="114.2121068485"><ele>220.000</ele></trkpt>
      <trkpt lat="22.2713013112" lon="114.2121045735"><ele>220.000</ele></trkpt>
      <trkpt lat="22.2712984201" lon="114.2121022480"><ele>220.000</ele></trkpt>
      <trkpt lat="22.2712955922" lon="114.2121001418"><ele>220.000</ele></trkpt>
      <trkpt lat="22.2712927046" lon="114.2120981268"><ele>219.000</ele></trkpt>
      <trkpt lat="22.2712897628" lon="114.2120962089"><ele>219.000</ele></trkpt>
      <trkpt lat="22.2712867687" lon="114.2120943879"><ele>219.000</ele></trkpt>
      <trkpt lat="22.2712837239" lon="114.2120926639"><ele>219.000</ele></trkpt>
      <trkpt lat="22.2712806340" lon="114.2120910409"><ele>219.000</ele></trkpt>
      <trkpt lat="22.2712774971" lon="114.2120895207"><ele>223.000</ele></trkpt>
      <trkpt lat="22.2712743204" lon="114.2120881033"><ele>223.000</ele></trkpt>
      <trkpt lat="22.2712711040" lon="114.2120867907"><ele>223.000</ele></trkpt>
      <trkpt lat="22.2712678532" lon="114.2120855829"><ele>223.000</ele></trkpt>
      <trkpt lat="22.2712645708" lon="114.2120844818"><ele>223.000</ele></trkpt>
      <trkpt lat="22.2712612577" lon="114.2120834893"><ele>223.000</ele></trkpt>
      <trkpt lat="22.2712579165" lon="114.2120826036"><ele>223.000</ele></trkpt>
      <trkpt lat="22.2712545537" lon="114.2120818304"><ele>223.000</ele></trkpt>
      <trkpt lat="22.2712511709" lon="114.2120811659"><ele>223.000</ele></trkpt>
      <trkpt lat="22.2712477701" lon="114.2120806120"><ele>222.000</ele></trkpt>
      <trkpt lat="22.2712443566" lon="114.2120801687"><ele>222.000</ele></trkpt>
      <trkpt lat="22.2712385302" lon="114.2120796744"><ele>222.000</ele></trkpt>
      <trkpt lat="22.2712350931" lon="114.2120797880"><ele>222.000</ele></trkpt>
      <trkpt lat="22.2712316578" lon="114.2120799589"><ele>222.000</ele></trkpt>
      <trkpt lat="22.2712282243" lon="114.2120801821"><ele>222.000</ele></trkpt>
      <trkpt lat="22.2712247944" lon="114.2120804617"><ele>222.000</ele></trkpt>
      <trkpt lat="22.2712213690" lon="114.2120807956"><ele>222.000</ele></trkpt>
      <trkpt lat="22.2712179499" lon="114.2120811867"><ele>222.000</ele></trkpt>
      <trkpt lat="22.2712145335" lon="114.2120816322"><ele>222.000</ele></trkpt>
      <trkpt lat="22.2712111252" lon="114.2120821320"><ele>222.000</ele></trkpt>
      <trkpt lat="22.2712077251" lon="114.2120826871"><ele>222.000</ele></trkpt>
      <trkpt lat="22.2712043321" lon="114.2120832965"><ele>221.000</ele></trkpt>
      <trkpt lat="22.2712009491" lon="114.2120839593"><ele>221.000</ele></trkpt>
      <trkpt lat="22.2711975733" lon="114.2120846784"><ele>221.000</ele></trkpt>
      <trkpt lat="22.2711942101" lon="114.2120854528"><ele>221.000</ele></trkpt>
      <trkpt lat="22.2711908577" lon="114.2120862786"><ele>221.000</ele></trkpt>
      <trkpt lat="22.2711875162" lon="114.2120871578"><ele>221.000</ele></trkpt>
      <trkpt lat="22.2711837430" lon="114.2120882222"><ele>221.000</ele></trkpt>
      <trkpt lat="22.2711803122" lon="114.2120884737"><ele>221.000</ele></trkpt>
      <trkpt lat="22.2711768760" lon="114.2120886319"><ele>221.000</ele></trkpt>
      <trkpt lat="22.2711734371" lon="114.2120887009"><ele>221.000</ele></trkpt>
      <trkpt lat="22.2711699982" lon="114.2120886768"><ele>221.000</ele></trkpt>
      <trkpt lat="22.2711665612" lon="114.2120885614"><ele>221.000</ele></trkpt>
      <trkpt lat="22.2711631260" lon="114.2120883539"><ele>221.000</ele></trkpt>
      <trkpt lat="22.2711596980" lon="114.2120880532"><ele>221.000</ele></trkpt>
      <trkpt lat="22.2711562800" lon="114.2120876623"><ele>221.000</ele></trkpt>
      <trkpt lat="22.2711528692" lon="114.2120871821"><ele>221.000</ele></trkpt>
      <trkpt lat="22.2711494702" lon="114.2120866088"><ele>221.000</ele></trkpt>
      <trkpt lat="22.2711460884" lon="114.2120859463"><ele>221.000</ele></trkpt>
      <trkpt lat="22.2711427219" lon="114.2120851925"><ele>221.000</ele></trkpt>
      <trkpt lat="22.2711393708" lon="114.2120843495"><ele>221.000</ele></trkpt>
      <trkpt lat="22.2711360423" lon="114.2120834172"><ele>221.000</ele></trkpt>
      <trkpt lat="22.2711327373" lon="114.2120823956"><ele>221.000</ele></trkpt>
      <trkpt lat="22.2711294558" lon="114.2120812887"><ele>221.000</ele></trkpt>
      <trkpt lat="22.2711234203" lon="114.2120789935"><ele>221.000</ele></trkpt>
      <trkpt lat="22.2711202472" lon="114.2120775625"><ele>221.000</ele></trkpt>
      <trkpt lat="22.2711170606" lon="114.2120761704"><ele>221.000</ele></trkpt>
      <trkpt lat="22.2711138595" lon="114.2120748151"><ele>220.000</ele></trkpt>
      <trkpt lat="22.2711106476" lon="114.2120734967"><ele>220.000</ele></trkpt>
      <trkpt lat="22.2711074194" lon="114.2120722151"><ele>220.000</ele></trkpt>
      <trkpt lat="22.2711041795" lon="114.2120709724"><ele>220.000</ele></trkpt>
      <trkpt lat="22.2711009287" lon="114.2120697645"><ele>220.000</ele></trkpt>
      <trkpt lat="22.2710976653" lon="114.2120685975"><ele>220.000</ele></trkpt>
      <trkpt lat="22.2710943892" lon="114.2120674663"><ele>220.000</ele></trkpt>
      <trkpt lat="22.2710911041" lon="114.2120663739"><ele>220.000</ele></trkpt>
      <trkpt lat="22.2710878064" lon="114.2120653175"><ele>220.000</ele></trkpt>
      <trkpt lat="22.2710844995" lon="114.2120643027"><ele>220.000</ele></trkpt>
      <trkpt lat="22.2710811837" lon="114.2120633229"><ele>220.000</ele></trkpt>
      <trkpt lat="22.2710778570" lon="114.2120623828"><ele>220.000</ele></trkpt>
      <trkpt lat="22.2710745213" lon="114.2120614816"><ele>220.000</ele></trkpt>
      <trkpt lat="22.2710711765" lon="114.2120606192"><ele>220.000</ele></trkpt>
      <trkpt lat="22.2710678227" lon="114.2120597955"><ele>218.000</ele></trkpt>
      <trkpt lat="22.2710644617" lon="114.2120590117"><ele>218.000</ele></trkpt>
      <trkpt lat="22.2710582597" lon="114.2120576683"><ele>218.000</ele></trkpt>
      <trkpt lat="22.2710548227" lon="114.2120575102"><ele>218.000</ele></trkpt>
      <trkpt lat="22.2710513911" lon="114.2120572513"><ele>218.000</ele></trkpt>
      <trkpt lat="22.2710479686" lon="114.2120568934"><ele>218.000</ele></trkpt>
      <trkpt lat="22.2710445569" lon="114.2120564384"><ele>218.000</ele></trkpt>
      <trkpt lat="22.2710411561" lon="114.2120558826"><ele>218.000</ele></trkpt>
      <trkpt lat="22.2710377715" lon="114.2120552278"><ele>218.000</ele></trkpt>
      <trkpt lat="22.2710344033" lon="114.2120544759"><ele>218.000</ele></trkpt>
      <trkpt lat="22.2710310567" lon="114.2120536271"><ele>218.000</ele></trkpt>
      <trkpt lat="22.2710277318" lon="114.2120526812"><ele>218.000</ele></trkpt>
      <trkpt lat="22.2710244304" lon="114.2120516383"><ele>218.000</ele></trkpt>
      <trkpt lat="22.2710211580" lon="114.2120505004"><ele>217.000</ele></trkpt>
      <trkpt lat="22.2710179144" lon="114.2120492693"><ele>217.000</ele></trkpt>
      <trkpt lat="22.2710147034" lon="114.2120479431"><ele>217.000</ele></trkpt>
      <trkpt lat="22.2710115267" lon="114.2120465238"><ele>217.000</ele></trkpt>
      <trkpt lat="22.2710083862" lon="114.2120450152"><ele>217.000</ele></trkpt>
      <trkpt lat="22.2710022804" lon="114.2120417565"><ele>217.000</ele></trkpt>
      <trkpt lat="22.2709996024" lon="114.2120394301"><ele>220.000</ele></trkpt>
      <trkpt lat="22.2709969497" lon="114.2120370698"><ele>220.000</ele></trkpt>
      <trkpt lat="22.2709943241" lon="114.2120346784"><ele>220.000</ele></trkpt>
      <trkpt lat="22.2709917256" lon="114.2120322521"><ele>220.000</ele></trkpt>
      <trkpt lat="22.2709891524" lon="114.2120297947"><ele>220.000</ele></trkpt>
      <trkpt lat="22.2709866045" lon="114.2120273044"><ele>220.000</ele></trkpt>
      <trkpt lat="22.2709840855" lon="114.2120247811"><ele>220.000</ele></trkpt>
      <trkpt lat="22.2709815954" lon="114.2120222267"><ele>220.000</ele></trkpt>
      <trkpt lat="22.2709791306" lon="114.2120196413"><ele>220.000</ele></trkpt>
      <trkpt lat="22.2709766965" lon="114.2120170249"><ele>220.000</ele></trkpt>
      <trkpt lat="22.2709742895" lon="114.2120143803"><ele>220.000</ele></trkpt>
      <trkpt lat="22.2709719123" lon="114.2120117018"><ele>220.000</ele></trkpt>
      <trkpt lat="22.2709695640" lon="114.2120089952"><ele>220.000</ele></trkpt>
      <trkpt lat="22.2709672456" lon="114.2120062584"><ele>220.000</ele></trkpt>
      <trkpt lat="22.2709646021" lon="114.2120030579"><ele>220.000</ele></trkpt>
      <trkpt lat="22.2709621752" lon="114.2120004356"><ele>220.000</ele></trkpt>
      <trkpt lat="22.2709596074" lon="114.2119979705"><ele>220.000</ele></trkpt>
      <trkpt lat="22.2709569078" lon="114.2119956761"><ele>220.000</ele></trkpt>
      <trkpt lat="22.2709540871" lon="114.2119935583"><ele>220.000</ele></trkpt>
      <trkpt lat="22.2709511543" lon="114.2119916258"><ele>222.000</ele></trkpt>
      <trkpt lat="22.2709481204" lon="114.2119898815"><ele>222.000</ele></trkpt>
      <trkpt lat="22.2709449952" lon="114.2119883360"><ele>222.000</ele></trkpt>
      <trkpt lat="22.2709417914" lon="114.2119869924"><ele>222.000</ele></trkpt>
      <trkpt lat="22.2709385181" lon="114.2119858563"><ele>222.000</ele></trkpt>
      <trkpt lat="22.2709351887" lon="114.2119849318"><ele>222.000</ele></trkpt>
      <trkpt lat="22.2709318123" lon="114.2119842227"><ele>222.000</ele></trkpt>
      <trkpt lat="22.2709284042" lon="114.2119837309"><ele>222.000</ele></trkpt>
      <trkpt lat="22.2709249744" lon="114.2119834564"><ele>222.000</ele></trkpt>
      <trkpt lat="22.2709214579" lon="114.2119834051"><ele>222.000</ele></trkpt>
      <trkpt lat="22.2709180218" lon="114.2119832703"><ele>222.000</ele></trkpt>
      <trkpt lat="22.2709145829" lon="114.2119831618"><ele>222.000</ele></trkpt>
      <trkpt lat="22.2709111432" lon="114.2119830726"><ele>222.000</ele></trkpt>
      <trkpt lat="22.2709077043" lon="114.2119830097"><ele>222.000</ele></trkpt>
      <trkpt lat="22.2709042655" lon="114.2119829700"><ele>222.000</ele></trkpt>
      <trkpt lat="22.2709008266" lon="114.2119829555"><ele>222.000</ele></trkpt>
      <trkpt lat="22.2708973877" lon="114.2119829625"><ele>222.000</ele></trkpt>
      <trkpt lat="22.2708939488" lon="114.2119829956"><ele>222.000</ele></trkpt>
      <trkpt lat="22.2708905082" lon="114.2119830500"><ele>222.000</ele></trkpt>
      <trkpt lat="22.2708870711" lon="114.2119831287"><ele>220.000</ele></trkpt>
      <trkpt lat="22.2708836322" lon="114.2119832307"><ele>220.000</ele></trkpt>
      <trkpt lat="22.2708801960" lon="114.2119833579"><ele>220.000</ele></trkpt>
      <trkpt lat="22.2708767580" lon="114.2119835094"><ele>220.000</ele></trkpt>
      <trkpt lat="22.2708714696" lon="114.2119837846"><ele>220.000</ele></trkpt>
      <trkpt lat="22.2708682821" lon="114.2119823944"><ele>220.000</ele></trkpt>
      <trkpt lat="22.2708650720" lon="114.2119810701"><ele>220.000</ele></trkpt>
      <trkpt lat="22.2708618366" lon="114.2119798099"><ele>220.000</ele></trkpt>
      <trkpt lat="22.2708585804" lon="114.2119786186"><ele>220.000</ele></trkpt>
      <trkpt lat="22.2708553043" lon="114.2119774932"><ele>220.000</ele></trkpt>
      <trkpt lat="22.2708520092" lon="114.2119764348"><ele>220.000</ele></trkpt>
      <trkpt lat="22.2708486952" lon="114.2119754473"><ele>220.000</ele></trkpt>
      <trkpt lat="22.2708453640" lon="114.2119745237"><ele>220.000</ele></trkpt>
      <trkpt lat="22.2708420174" lon="114.2119736719"><ele>220.000</ele></trkpt>
      <trkpt lat="22.2708386564" lon="114.2119728862"><ele>220.000</ele></trkpt>
      <trkpt lat="22.2708345314" lon="114.2119720235"><ele>220.000</ele></trkpt>
      <trkpt lat="22.2708310943" lon="114.2119719703"><ele>220.000</ele></trkpt>
      <trkpt lat="22.2708276752" lon="114.2119723614"><ele>220.000</ele></trkpt>
      <trkpt lat="22.2708243265" lon="114.2119731950"><ele>220.000</ele></trkpt>
      <trkpt lat="22.2708210941" lon="114.2119744555"><ele>220.000</ele></trkpt>
      <trkpt lat="22.2708180243" lon="114.2119761265"><ele>220.000</ele></trkpt>
      <trkpt lat="22.2708151647" lon="114.2119781818"><ele>220.000</ele></trkpt>
      <trkpt lat="22.2708125543" lon="114.2119805932"><ele>220.000</ele></trkpt>
      <trkpt lat="22.2708122093" lon="114.2119810744"><ele>220.000</ele></trkpt>
      <trkpt lat="22.2708102329" lon="114.2119833249"><ele>220.000</ele></trkpt>
      <trkpt lat="22.2708082310" lon="114.2119863380"><ele>220.000</ele></trkpt>
      <trkpt lat="22.2708065813" lon="114.2119895880"><ele>220.000</ele></trkpt>
      <trkpt lat="22.2708053064" lon="114.2119930282"><ele>221.000</ele></trkpt>
      <trkpt lat="22.2708044242" lon="114.2119966083"><ele>221.000</ele></trkpt>
      <trkpt lat="22.2708038604" lon="114.2120022531"><ele>221.000</ele></trkpt>
      <trkpt lat="22.2708026043" lon="114.2120057030"><ele>221.000</ele></trkpt>
      <trkpt lat="22.2708015073" lon="114.2120092151"><ele>221.000</ele></trkpt>
      <trkpt lat="22.2708005727" lon="114.2120127835"><ele>221.000</ele></trkpt>
      <trkpt lat="22.2707998025" lon="114.2120163946"><ele>221.000</ele></trkpt>
      <trkpt lat="22.2707992003" lon="114.2120200446"><ele>221.000</ele></trkpt>
      <trkpt lat="22.2707987660" lon="114.2120237218"><ele>221.000</ele></trkpt>
      <trkpt lat="22.2707984997" lon="114.2120274165"><ele>221.000</ele></trkpt>
      <trkpt lat="22.2707984050" lon="114.2120311209"><ele>221.000</ele></trkpt>
      <trkpt lat="22.2707984801" lon="114.2120348254"><ele>221.000</ele></trkpt>
      <trkpt lat="22.2707987258" lon="114.2120385231"><ele>221.000</ele></trkpt>
      <trkpt lat="22.2707991395" lon="114.2120422015"><ele>223.000</ele></trkpt>
      <trkpt lat="22.2707997221" lon="114.2120458537"><ele>223.000</ele></trkpt>
      <trkpt lat="22.2708004718" lon="114.2120494710"><ele>223.000</ele></trkpt>
      <trkpt lat="22.2708013858" lon="114.2120530437"><ele>223.000</ele></trkpt>
      <trkpt lat="22.2708024651" lon="114.2120565622"><ele>223.000</ele></trkpt>
      <trkpt lat="22.2708037015" lon="114.2120600185"><ele>223.000</ele></trkpt>
      <trkpt lat="22.2708050969" lon="114.2120634070"><ele>223.000</ele></trkpt>
      <trkpt lat="22.2708066459" lon="114.2120667141"><ele>223.000</ele></trkpt>
      <trkpt lat="22.2708094930" lon="114.2120719241"><ele>223.000</ele></trkpt>
      <trkpt lat="22.2708201721" lon="114.2120909468"><ele>223.000</ele></trkpt>
      <trkpt lat="22.2708254909" lon="114.2121004752"><ele>223.000</ele></trkpt>
      <trkpt lat="22.2708325574" lon="114.2121131922"><ele>223.000</ele></trkpt>
      <trkpt lat="22.2708431064" lon="114.2121323012"><ele>223.000</ele></trkpt>
      <trkpt lat="22.2708527482" lon="114.2121498945"><ele>220.000</ele></trkpt>
      <trkpt lat="22.2708563763" lon="114.2121561905"><ele>220.000</ele></trkpt>
      <trkpt lat="22.2708599763" lon="114.2121625058"><ele>220.000</ele></trkpt>
      <trkpt lat="22.2708635475" lon="114.2121688406"><ele>220.000</ele></trkpt>
      <trkpt lat="22.2708688482" lon="114.2121783777"><ele>220.000</ele></trkpt>
      <trkpt lat="22.2708740803" lon="114.2121879593"><ele>222.000</ele></trkpt>
      <trkpt lat="22.2708775322" lon="114.2121943698"><ele>222.000</ele></trkpt>
      <trkpt lat="22.2708809534" lon="114.2122007996"><ele>222.000</ele></trkpt>
      <trkpt lat="22.2708860283" lon="114.2122104792"><ele>222.000</ele></trkpt>
      <trkpt lat="22.2708893737" lon="114.2122169546"><ele>218.000</ele></trkpt>
      <trkpt lat="22.2708911718" lon="114.2122204655"><ele>218.000</ele></trkpt>
      <trkpt lat="22.2708920741" lon="114.2122240421"><ele>218.000</ele></trkpt>
      <trkpt lat="22.2708929583" lon="114.2122276245"><ele>218.000</ele></trkpt>
      <trkpt lat="22.2708938209" lon="114.2122312128"><ele>218.000</ele></trkpt>
      <trkpt lat="22.2708946663" lon="114.2122348049"><ele>218.000</ele></trkpt>
      <trkpt lat="22.2708954900" lon="114.2122384028"><ele>219.000</ele></trkpt>
      <trkpt lat="22.2708962956" lon="114.2122420066"><ele>219.000</ele></trkpt>
      <trkpt lat="22.2708970796" lon="114.2122456142"><ele>219.000</ele></trkpt>
      <trkpt lat="22.2708978446" lon="114.2122492276"><ele>219.000</ele></trkpt>
      <trkpt lat="22.2708985907" lon="114.2122528450"><ele>219.000</ele></trkpt>
      <trkpt lat="22.2708993168" lon="114.2122564681"><ele>219.000</ele></trkpt>
      <trkpt lat="22.2709000222" lon="114.2122600961"><ele>219.000</ele></trkpt>
      <trkpt lat="22.2709007096" lon="114.2122637280"><ele>219.000</ele></trkpt>
      <trkpt lat="22.2709013771" lon="114.2122673627"><ele>219.000</ele></trkpt>
      <trkpt lat="22.2709020229" lon="114.2122710033"><ele>219.000</ele></trkpt>
      <trkpt lat="22.2709026506" lon="114.2122746478"><ele>219.000</ele></trkpt>
      <trkpt lat="22.2709032585" lon="114.2122782961"><ele>219.000</ele></trkpt>
      <trkpt lat="22.2709038447" lon="114.2122819464"><ele>219.000</ele></trkpt>
      <trkpt lat="22.2709044128" lon="114.2122856025"><ele>219.000</ele></trkpt>
      <trkpt lat="22.2709049611" lon="114.2122892624"><ele>219.000</ele></trkpt>
      <trkpt lat="22.2709054877" lon="114.2122929243"><ele>219.000</ele></trkpt>
      <trkpt lat="22.2709062216" lon="114.2122982668"><ele>219.000</ele></trkpt>
      <trkpt lat="22.2709061747" lon="114.2123019732"><ele>219.000</ele></trkpt>
      <trkpt lat="22.2709062398" lon="114.2123056777"><ele>219.000</ele></trkpt>
      <trkpt lat="22.2709064232" lon="114.2123093783"><ele>219.000</ele></trkpt>
      <trkpt lat="22.2709067241" lon="114.2123130712"><ele>219.000</ele></trkpt>
      <trkpt lat="22.2709071387" lon="114.2123167505"><ele>219.000</ele></trkpt>
      <trkpt lat="22.2709076689" lon="114.2123204124"><ele>219.000</ele></trkpt>
      <trkpt lat="22.2709083129" lon="114.2123240530"><ele>219.000</ele></trkpt>
      <trkpt lat="22.2709090706" lon="114.2123276684"><ele>219.000</ele></trkpt>
      <trkpt lat="22.2709099404" lon="114.2123312528"><ele>219.000</ele></trkpt>
      <trkpt lat="22.2709109240" lon="114.2123348042"><ele>218.000</ele></trkpt>
      <trkpt lat="22.2709120177" lon="114.2123383187"><ele>218.000</ele></trkpt>
      <trkpt lat="22.2709132198" lon="114.2123417906"><ele>218.000</ele></trkpt>
      <trkpt lat="22.2709145304" lon="114.2123452160"><ele>218.000</ele></trkpt>
      <trkpt lat="22.2709159474" lon="114.2123485929"><ele>218.000</ele></trkpt>
      <trkpt lat="22.2709174720" lon="114.2123519154"><ele>218.000</ele></trkpt>
      <trkpt lat="22.2709190959" lon="114.2123551798"><ele>218.000</ele></trkpt>
      <trkpt lat="22.2709208245" lon="114.2123583840"><ele>218.000</ele></trkpt>
      <trkpt lat="22.2709240004" lon="114.2123637048"><ele>218.000</ele></trkpt>
      <trkpt lat="22.2709260686" lon="114.2123666636"><ele>218.000</ele></trkpt>
      <trkpt lat="22.2709279554" lon="114.2123697621"><ele>218.000</ele></trkpt>
      <trkpt lat="22.2709296506" lon="114.2123729848"><ele>218.000</ele></trkpt>
      <trkpt lat="22.2709311472" lon="114.2123763190"><ele>218.000</ele></trkpt>
      <trkpt lat="22.2709324405" lon="114.2123797521"><ele>218.000</ele></trkpt>
      <trkpt lat="22.2709335234" lon="114.2123832706"><ele>216.000</ele></trkpt>
      <trkpt lat="22.2709343905" lon="114.2123868559"><ele>216.000</ele></trkpt>
      <trkpt lat="22.2709350417" lon="114.2123904946"><ele>216.000</ele></trkpt>
      <trkpt lat="22.2709354716" lon="114.2123941710"><ele>216.000</ele></trkpt>
      <trkpt lat="22.2709356776" lon="114.2123978697"><ele>216.000</ele></trkpt>
      <trkpt lat="22.2709356606" lon="114.2124015761"><ele>216.000</ele></trkpt>
      <trkpt lat="22.2709354195" lon="114.2124052727"><ele>216.000</ele></trkpt>
      <trkpt lat="22.2709349591" lon="114.2124089441"><ele>216.000</ele></trkpt>
      <trkpt lat="22.2709342747" lon="114.2124125775"><ele>216.000</ele></trkpt>
      <trkpt lat="22.2709333726" lon="114.2124161547"><ele>216.000</ele></trkpt>
      <trkpt lat="22.2709322575" lon="114.2124196609"><ele>219.000</ele></trkpt>
      <trkpt lat="22.2709307612" lon="114.2124234872"><ele>219.000</ele></trkpt>
      <trkpt lat="22.2709302167" lon="114.2124271469"><ele>219.000</ele></trkpt>
      <trkpt lat="22.2709296994" lon="114.2124308124"><ele>219.000</ele></trkpt>
      <trkpt lat="22.2709292091" lon="114.2124344799"><ele>219.000</ele></trkpt>
      <trkpt lat="22.2709287441" lon="114.2124381532"><ele>219.000</ele></trkpt>
      <trkpt lat="22.2709283080" lon="114.2124418314"><ele>219.000</ele></trkpt>
      <trkpt lat="22.2709278981" lon="114.2124455095"><ele>219.000</ele></trkpt>
      <trkpt lat="22.2709275135" lon="114.2124491945"><ele>219.000</ele></trkpt>
      <trkpt lat="22.2709271569" lon="114.2124528814"><ele>219.000</ele></trkpt>
      <trkpt lat="22.2709266970" lon="114.2124580935"><ele>219.000</ele></trkpt>
      <trkpt lat="22.2709203830" lon="114.2125146989"><ele>219.000</ele></trkpt>
      <trkpt lat="22.2709202196" lon="114.2125184014"><ele>219.000</ele></trkpt>
      <trkpt lat="22.2709201574" lon="114.2125221078"><ele>219.000</ele></trkpt>
      <trkpt lat="22.2709201945" lon="114.2125258142"><ele>219.000</ele></trkpt>
      <trkpt lat="22.2709203328" lon="114.2125295168"><ele>219.000</ele></trkpt>
      <trkpt lat="22.2709205704" lon="114.2125332135"><ele>219.000</ele></trkpt>
      <trkpt lat="22.2709209073" lon="114.2125369026"><ele>219.000</ele></trkpt>
      <trkpt lat="22.2709213454" lon="114.2125405780"><ele>219.000</ele></trkpt>
      <trkpt lat="22.2709218810" lon="114.2125442399"><ele>219.000</ele></trkpt>
      <trkpt lat="22.2709225160" lon="114.2125478824"><ele>219.000</ele></trkpt>
      <trkpt lat="22.2709232484" lon="114.2125515036"><ele>219.000</ele></trkpt>
      <trkpt lat="22.2709240785" lon="114.2125550997"><ele>219.000</ele></trkpt>
      <trkpt lat="22.2709250060" lon="114.2125586685"><ele>219.000</ele></trkpt>
      <trkpt lat="22.2709260293" lon="114.2125622063"><ele>219.000</ele></trkpt>
      <trkpt lat="22.2709271484" lon="114.2125657112"><ele>219.000</ele></trkpt>
      <trkpt lat="22.2709283613" lon="114.2125691783"><ele>219.000</ele></trkpt>
      <trkpt lat="22.2709296682" lon="114.2125726065"><ele>219.000</ele></trkpt>
      <trkpt lat="22.2709310654" lon="114.2125759912"><ele>219.000</ele></trkpt>
      <trkpt lat="22.2709325547" lon="114.2125793331"><ele>219.000</ele></trkpt>
      <trkpt lat="22.2709356473" lon="114.2125855785"><ele>216.000</ele></trkpt>
      <trkpt lat="22.2709373344" lon="114.2125888099"><ele>216.000</ele></trkpt>
      <trkpt lat="22.2709390016" lon="114.2125920510"><ele>216.000</ele></trkpt>
      <trkpt lat="22.2709406499" lon="114.2125953028"><ele>216.000</ele></trkpt>
      <trkpt lat="22.2709422819" lon="114.2125985643"><ele>216.000</ele></trkpt>
      <trkpt lat="22.2709438959" lon="114.2126018374"><ele>216.000</ele></trkpt>
      <trkpt lat="22.2709454918" lon="114.2126051202"><ele>216.000</ele></trkpt>
      <trkpt lat="22.2709470696" lon="114.2126084117"><ele>216.000</ele></trkpt>
      <trkpt lat="22.2709486312" lon="114.2126117149"><ele>216.000</ele></trkpt>
      <trkpt lat="22.2709501729" lon="114.2126150277"><ele>216.000</ele></trkpt>
      <trkpt lat="22.2709516965" lon="114.2126183493"><ele>216.000</ele></trkpt>
      <trkpt lat="22.2709532021" lon="114.2126216806"><ele>216.000</ele></trkpt>
      <trkpt lat="22.2709546896" lon="114.2126250236"><ele>216.000</ele></trkpt>
      <trkpt lat="22.2709561573" lon="114.2126283723"><ele>216.000</ele></trkpt>
      <trkpt lat="22.2709576086" lon="114.2126317337"><ele>216.000</ele></trkpt>
      <trkpt lat="22.2709590402" lon="114.2126351028"><ele>216.000</ele></trkpt>
      <trkpt lat="22.2709604554" lon="114.2126384816"><ele>216.000</ele></trkpt>
      <trkpt lat="22.2709618508" lon="114.2126418682"><ele>216.000</ele></trkpt>
      <trkpt lat="22.2709632263" lon="114.2126452654"><ele>216.000</ele></trkpt>
      <trkpt lat="22.2709645856" lon="114.2126486685"><ele>216.000</ele></trkpt>
      <trkpt lat="22.2709659259" lon="114.2126520822"><ele>216.000</ele></trkpt>
      <trkpt lat="22.2709672445" lon="114.2126555037"><ele>216.000</ele></trkpt>
      <trkpt lat="22.2709697265" lon="114.2126620943"><ele>216.000</ele></trkpt>
      <trkpt lat="22.2709711472" lon="114.2126654692"><ele>216.000</ele></trkpt>
      <trkpt lat="22.2709725498" lon="114.2126688519"><ele>216.000</ele></trkpt>
      <trkpt lat="22.2709739325" lon="114.2126722463"><ele>216.000</ele></trkpt>
      <trkpt lat="22.2709752954" lon="114.2126756484"><ele>216.000</ele></trkpt>
      <trkpt lat="22.2709766402" lon="114.2126790582"><ele>216.000</ele></trkpt>
      <trkpt lat="22.2709779652" lon="114.2126824777"><ele>216.000</ele></trkpt>
      <trkpt lat="22.2709792721" lon="114.2126859070"><ele>214.000</ele></trkpt>
      <trkpt lat="22.2709805600" lon="114.2126893440"><ele>214.000</ele></trkpt>
      <trkpt lat="22.2709818262" lon="114.2126927887"><ele>214.000</ele></trkpt>
      <trkpt lat="22.2709830753" lon="114.2126962412"><ele>214.000</ele></trkpt>
      <trkpt lat="22.2709843045" lon="114.2126997035"><ele>214.000</ele></trkpt>
      <trkpt lat="22.2709855138" lon="114.2127031715"><ele>214.000</ele></trkpt>
      <trkpt lat="22.2709867033" lon="114.2127066492"><ele>214.000</ele></trkpt>
      <trkpt lat="22.2709878729" lon="114.2127101347"><ele>214.000</ele></trkpt>
      <trkpt lat="22.2709890245" lon="114.2127136260"><ele>214.000</ele></trkpt>
      <trkpt lat="22.2709901561" lon="114.2127171250"><ele>214.000</ele></trkpt>
      <trkpt lat="22.2709912679" lon="114.2127206338"><ele>214.000</ele></trkpt>
      <trkpt lat="22.2709932370" lon="114.2127270206"><ele>214.000</ele></trkpt>
      <trkpt lat="22.2709940472" lon="114.2127306224"><ele>214.000</ele></trkpt>
      <trkpt lat="22.2709946207" lon="114.2127342765"><ele>214.000</ele></trkpt>
      <trkpt lat="22.2709949522" lon="114.2127379636"><ele>214.000</ele></trkpt>
      <trkpt lat="22.2709950417" lon="114.2127416681"><ele>214.000</ele></trkpt>
      <trkpt lat="22.2709948874" lon="114.2127453706"><ele>214.000</ele></trkpt>
      <trkpt lat="22.2709944910" lon="114.2127490517"><ele>214.000</ele></trkpt>
      <trkpt lat="22.2709938544" lon="114.2127526939"><ele>214.000</ele></trkpt>
      <trkpt lat="22.2709929822" lon="114.2127562797"><ele>214.000</ele></trkpt>
      <trkpt lat="22.2709918752" lon="114.2127597879"><ele>214.000</ele></trkpt>
      <trkpt lat="22.2709905415" lon="114.2127632048"><ele>214.000</ele></trkpt>
      <trkpt lat="22.2709889875" lon="114.2127665111"><ele>214.000</ele></trkpt>
      <trkpt lat="22.2709872204" lon="114.2127696912"><ele>213.000</ele></trkpt>
      <trkpt lat="22.2709852492" lon="114.2127727276"><ele>213.000</ele></trkpt>
      <trkpt lat="22.2709830830" lon="114.2127756087"><ele>213.000</ele></trkpt>
      <trkpt lat="22.2709807345" lon="114.2127783151"><ele>213.000</ele></trkpt>
      <trkpt lat="22.2709782171" lon="114.2127808401"><ele>214.000</ele></trkpt>
      <trkpt lat="22.2709752264" lon="114.2127834115"><ele>214.000</ele></trkpt>
      <trkpt lat="22.2709723958" lon="114.2127855182"><ele>214.000</ele></trkpt>
      <trkpt lat="22.2709695173" lon="114.2127875463"><ele>214.000</ele></trkpt>
      <trkpt lat="22.2709665882" lon="114.2127894909"><ele>214.000</ele></trkpt>
      <trkpt lat="22.2709636149" lon="114.2127913550"><ele>214.000</ele></trkpt>
      <trkpt lat="22.2709605964" lon="114.2127931356"><ele>214.000</ele></trkpt>
      <trkpt lat="22.2709575383" lon="114.2127948308"><ele>214.000</ele></trkpt>
      <trkpt lat="22.2709544386" lon="114.2127964387"><ele>214.000</ele></trkpt>
      <trkpt lat="22.2709513037" lon="114.2127979613"><ele>214.000</ele></trkpt>
      <trkpt lat="22.2709481310" lon="114.2127993945"><ele>214.000</ele></trkpt>
      <trkpt lat="22.2709449248" lon="114.2128007385"><ele>214.000</ele></trkpt>
      <trkpt lat="22.2709416879" lon="114.2128019931"><ele>214.000</ele></trkpt>
      <trkpt lat="22.2709384222" lon="114.2128031547"><ele>214.000</ele></trkpt>
      <trkpt lat="22.2709351294" lon="114.2128042270"><ele>214.000</ele></trkpt>
      <trkpt lat="22.2709318122" lon="114.2128052061"><ele>216.000</ele></trkpt>
      <trkpt lat="22.2709284716" lon="114.2128060930"><ele>216.000</ele></trkpt>
      <trkpt lat="22.2709251120" lon="114.2128068849"><ele>216.000</ele></trkpt>
      <trkpt lat="22.2709217326" lon="114.2128075826"><ele>216.000</ele></trkpt>
      <trkpt lat="22.2709183405" lon="114.2128081852"><ele>216.000</ele></trkpt>
      <trkpt lat="22.2709149322" lon="114.2128086928"><ele>216.000</ele></trkpt>
      <trkpt lat="22.2709115150" lon="114.2128091072"><ele>216.000</ele></trkpt>
      <trkpt lat="22.2709080887" lon="114.2128094226"><ele>216.000</ele></trkpt>
      <trkpt lat="22.2709046552" lon="114.2128096449"><ele>216.000</ele></trkpt>
      <trkpt lat="22.2709012181" lon="114.2128097701"><ele>216.000</ele></trkpt>
      <trkpt lat="22.2708977774" lon="114.2128097984"><ele>216.000</ele></trkpt>
      <trkpt lat="22.2708943385" lon="114.2128097315"><ele>216.000</ele></trkpt>
      <trkpt lat="22.2708909033" lon="114.2128095676"><ele>216.000</ele></trkpt>
      <trkpt lat="22.2708874735" lon="114.2128093086"><ele>218.000</ele></trkpt>
      <trkpt lat="22.2708840492" lon="114.2128089527"><ele>218.000</ele></trkpt>
      <trkpt lat="22.2708782797" lon="114.2128081323"><ele>218.000</ele></trkpt>
      <trkpt lat="22.2708381511" lon="114.2128079920"><ele>218.000</ele></trkpt>
      <trkpt lat="22.2708347221" lon="114.2128083074"><ele>218.000</ele></trkpt>
      <trkpt lat="22.2708312931" lon="114.2128085821"><ele>218.000</ele></trkpt>
      <trkpt lat="22.2708278605" lon="114.2128088151"><ele>218.000</ele></trkpt>
      <trkpt lat="22.2708244252" lon="114.2128090034"><ele>218.000</ele></trkpt>
      <trkpt lat="22.2708209881" lon="114.2128091539"><ele>218.000</ele></trkpt>
      <trkpt lat="22.2708175510" lon="114.2128092597"><ele>218.000</ele></trkpt>
      <trkpt lat="22.2708141122" lon="114.2128093248"><ele>218.000</ele></trkpt>
      <trkpt lat="22.2708106733" lon="114.2128093492"><ele>218.000</ele></trkpt>
      <trkpt lat="22.2708072326" lon="114.2128093308"><ele>218.000</ele></trkpt>
      <trkpt lat="22.2708037937" lon="114.2128092717"><ele>218.000</ele></trkpt>
      <trkpt lat="22.2708003567" lon="114.2128091699"><ele>218.000</ele></trkpt>
      <trkpt lat="22.2707969197" lon="114.2128090274"><ele>218.000</ele></trkpt>
      <trkpt lat="22.2707934845" lon="114.2128088422"><ele>218.000</ele></trkpt>
      <trkpt lat="22.2707900511" lon="114.2128086162"><ele>218.000</ele></trkpt>
      <trkpt lat="22.2707866213" lon="114.2128083475"><ele>218.000</ele></trkpt>
      <trkpt lat="22.2707831951" lon="114.2128080381"><ele>218.000</ele></trkpt>
      <trkpt lat="22.2707797708" lon="114.2128076889"><ele>218.000</ele></trkpt>
      <trkpt lat="22.2707763501" lon="114.2128072951"><ele>218.000</ele></trkpt>
      <trkpt lat="22.2707729348" lon="114.2128068615"><ele>218.000</ele></trkpt>
      <trkpt lat="22.2707695249" lon="114.2128063852"><ele>218.000</ele></trkpt>
      <trkpt lat="22.2707661186" lon="114.2128058701"><ele>218.000</ele></trkpt>
      <trkpt lat="22.2707594940" lon="114.2128047429"><ele>218.000</ele></trkpt>
      <trkpt lat="22.2707561239" lon="114.2128040046"><ele>218.000</ele></trkpt>
      <trkpt lat="22.2707493928" lon="114.2128024796"><ele>218.000</ele></trkpt>
      <trkpt lat="22.2707426726" lon="114.2128008963"><ele>218.000</ele></trkpt>
      <trkpt lat="22.2707359668" lon="114.2127992490"><ele>218.000</ele></trkpt>
      <trkpt lat="22.2707292736" lon="114.2127975416"><ele>218.000</ele></trkpt>
      <trkpt lat="22.2707225950" lon="114.2127957740"><ele>218.000</ele></trkpt>
      <trkpt lat="22.2707192592" lon="114.2127948670"><ele>218.000</ele></trkpt>
      <trkpt lat="22.2707126023" lon="114.2127930062"><ele>218.000</ele></trkpt>
      <trkpt lat="22.2707059597" lon="114.2127910854"><ele>216.000</ele></trkpt>
      <trkpt lat="22.2707026439" lon="114.2127901026"><ele>216.000</ele></trkpt>
      <trkpt lat="22.2706984702" lon="114.2127888421"><ele>216.000</ele></trkpt>
      <trkpt lat="22.2706950983" lon="114.2127881175"><ele>216.000</ele></trkpt>
      <trkpt lat="22.2706917120" lon="114.2127874704"><ele>216.000</ele></trkpt>
      <trkpt lat="22.2706883130" lon="114.2127869029"><ele>216.000</ele></trkpt>
      <trkpt lat="22.2706849031" lon="114.2127864169"><ele>216.000</ele></trkpt>
      <trkpt lat="22.2706814842" lon="114.2127860105"><ele>216.000</ele></trkpt>
      <trkpt lat="22.2706780599" lon="114.2127856855"><ele>216.000</ele></trkpt>
      <trkpt lat="22.2706746283" lon="114.2127854401"><ele>216.000</ele></trkpt>
      <trkpt lat="22.2706711912" lon="114.2127852763"><ele>216.000</ele></trkpt>
      <trkpt lat="22.2706677524" lon="114.2127851939"><ele>216.000</ele></trkpt>
      <trkpt lat="22.2706643135" lon="114.2127851911"><ele>216.000</ele></trkpt>
      <trkpt lat="22.2706608746" lon="114.2127852697"><ele>216.000</ele></trkpt>
      <trkpt lat="22.2706574393" lon="114.2127854299"><ele>216.000</ele></trkpt>
      <trkpt lat="22.2706540076" lon="114.2127856716"><ele>216.000</ele></trkpt>
      <trkpt lat="22.2706482478" lon="114.2127862591"><ele>216.000</ele></trkpt>
      <trkpt lat="22.2706379611" lon="114.2127854152"><ele>216.000</ele></trkpt>
      <trkpt lat="22.2706310989" lon="114.2127849031"><ele>216.000</ele></trkpt>
      <trkpt lat="22.2706242339" lon="114.2127844298"><ele>216.000</ele></trkpt>
      <trkpt lat="22.2706139336" lon="114.2127837907"><ele>216.000</ele></trkpt>
      <trkpt lat="22.2706070632" lon="114.2127834144"><ele>216.000</ele></trkpt>
      <trkpt lat="22.2706001910" lon="114.2127830779"><ele>216.000</ele></trkpt>
      <trkpt lat="22.2705933187" lon="114.2127827783"><ele>216.000</ele></trkpt>
      <trkpt lat="22.2705864446" lon="114.2127825185"><ele>216.000</ele></trkpt>
      <trkpt lat="22.2705795697" lon="114.2127822974"><ele>216.000</ele></trkpt>
      <trkpt lat="22.2705726929" lon="114.2127821152"><ele>216.000</ele></trkpt>
      <trkpt lat="22.2705684431" lon="114.2127820229"><ele>216.000</ele></trkpt>
      <trkpt lat="22.2705650078" lon="114.2127821773"><ele>216.000</ele></trkpt>
      <trkpt lat="22.2705615689" lon="114.2127822094"><ele>216.000</ele></trkpt>
      <trkpt lat="22.2705581300" lon="114.2127821173"><ele>216.000</ele></trkpt>
      <trkpt lat="22.2705546966" lon="114.2127819049"><ele>216.000</ele></trkpt>
      <trkpt lat="22.2705512723" lon="114.2127815703"><ele>216.000</ele></trkpt>
      <trkpt lat="22.2705478588" lon="114.2127811134"><ele>216.000</ele></trkpt>
      <trkpt lat="22.2705444616" lon="114.2127805362"><ele>216.000</ele></trkpt>
      <trkpt lat="22.2705410852" lon="114.2127798387"><ele>216.000</ele></trkpt>
      <trkpt lat="22.2705377314" lon="114.2127790189"><ele>216.000</ele></trkpt>
      <trkpt lat="22.2705344038" lon="114.2127780837"><ele>216.000</ele></trkpt>
      <trkpt lat="22.2705311060" lon="114.2127770282"><ele>216.000</ele></trkpt>
      <trkpt lat="22.2705278444" lon="114.2127758572"><ele>216.000</ele></trkpt>
      <trkpt lat="22.2705246190" lon="114.2127745698"><ele>216.000</ele></trkpt>
      <trkpt lat="22.2705200436" lon="114.2127725156"><ele>216.000</ele></trkpt>
      <trkpt lat="22.2705136677" lon="114.2127697351"><ele>216.000</ele></trkpt>
      <trkpt lat="22.2705072818" lon="114.2127669819"><ele>219.000</ele></trkpt>
      <trkpt lat="22.2705008878" lon="114.2127642557"><ele>219.000</ele></trkpt>
      <trkpt lat="22.2704912756" lon="114.2127602160"><ele>219.000</ele></trkpt>
      <trkpt lat="22.2704848572" lon="114.2127575530"><ele>219.000</ele></trkpt>
      <trkpt lat="22.2704784279" lon="114.2127549181"><ele>220.000</ele></trkpt>
      <trkpt lat="22.2704727698" lon="114.2127526249"><ele>220.000</ele></trkpt>
      <trkpt lat="22.2704546431" lon="114.2127462476"><ele>220.000</ele></trkpt>
      <trkpt lat="22.2704514954" lon="114.2127447584"><ele>220.000</ele></trkpt>
      <trkpt lat="22.2704482419" lon="114.2127435680"><ele>220.000</ele></trkpt>
      <trkpt lat="22.2704449017" lon="114.2127426852"><ele>220.000</ele></trkpt>
      <trkpt lat="22.2704415045" lon="114.2127421129"><ele>220.000</ele></trkpt>
      <trkpt lat="22.2704380747" lon="114.2127418597"><ele>220.000</ele></trkpt>
      <trkpt lat="22.2704346376" lon="114.2127419267"><ele>222.000</ele></trkpt>
      <trkpt lat="22.2704312167" lon="114.2127423120"><ele>222.000</ele></trkpt>
      <trkpt lat="22.2704278409" lon="114.2127430136"><ele>222.000</ele></trkpt>
      <trkpt lat="22.2704245336" lon="114.2127440277"><ele>222.000</ele></trkpt>
      <trkpt lat="22.2704197903" lon="114.2127460931"><ele>222.000</ele></trkpt>
      <trkpt lat="22.2704176927" lon="114.2127490325"><ele>222.000</ele></trkpt>
      <trkpt lat="22.2704158389" lon="114.2127521524"><ele>222.000</ele></trkpt>
      <trkpt lat="22.2704142443" lon="114.2127554353"><ele>222.000</ele></trkpt>
      <trkpt lat="22.2704129151" lon="114.2127588542"><ele>222.000</ele></trkpt>
      <trkpt lat="22.2704118650" lon="114.2127623837"><ele>222.000</ele></trkpt>
      <trkpt lat="22.2704111029" lon="114.2127659967"><ele>222.000</ele></trkpt>
      <trkpt lat="22.2704106316" lon="114.2127696671"><ele>220.000</ele></trkpt>
      <trkpt lat="22.2704104556" lon="114.2127733686"><ele>220.000</ele></trkpt>
      <trkpt lat="22.2704105785" lon="114.2127770711"><ele>220.000</ele></trkpt>
      <trkpt lat="22.2704109940" lon="114.2127807485"><ele>220.000</ele></trkpt>
      <trkpt lat="22.2704118365" lon="114.2127849111"><ele>220.000</ele></trkpt>
      <trkpt lat="22.2704124065" lon="114.2127885653"><ele>220.000</ele></trkpt>
      <trkpt lat="22.2704127235" lon="114.2127922553"><ele>220.000</ele></trkpt>
      <trkpt lat="22.2704127868" lon="114.2127959607"><ele>220.000</ele></trkpt>
      <trkpt lat="22.2704125918" lon="114.2127996593"><ele>220.000</ele></trkpt>
      <trkpt lat="22.2704121431" lon="114.2128033345"><ele>220.000</ele></trkpt>
      <trkpt lat="22.2704114433" lon="114.2128069631"><ele>220.000</ele></trkpt>
      <trkpt lat="22.2704104943" lon="114.2128105256"><ele>220.000</ele></trkpt>
      <trkpt lat="22.2704093033" lon="114.2128140008"><ele>220.000</ele></trkpt>
      <trkpt lat="22.2704078748" lon="114.2128173730"><ele>220.000</ele></trkpt>
      <trkpt lat="22.2704062170" lon="114.2128206210"><ele>219.000</ele></trkpt>
      <trkpt lat="22.2704043415" lon="114.2128237273"><ele>219.000</ele></trkpt>
      <trkpt lat="22.2704022566" lon="114.2128266744"><ele>219.000</ele></trkpt>
      <trkpt lat="22.2703999730" lon="114.2128294469"><ele>219.000</ele></trkpt>
      <trkpt lat="22.2703975053" lon="114.2128320290"><ele>219.000</ele></trkpt>
      <trkpt lat="22.2703948678" lon="114.2128344055"><ele>219.000</ele></trkpt>
      <trkpt lat="22.2703920715" lon="114.2128365646"><ele>219.000</ele></trkpt>
      <trkpt lat="22.2703885472" lon="114.2128388438"><ele>220.000</ele></trkpt>
      <trkpt lat="22.2703819165" lon="114.2128408175"><ele>220.000</ele></trkpt>
      <trkpt lat="22.2703752704" lon="114.2128427253"><ele>220.000</ele></trkpt>
      <trkpt lat="22.2703686063" lon="114.2128445690"><ele>220.000</ele></trkpt>
      <trkpt lat="22.2703652683" lon="114.2128454676"><ele>220.000</ele></trkpt>
      <trkpt lat="22.2703585816" lon="114.2128472133"><ele>220.000</ele></trkpt>
      <trkpt lat="22.2703518832" lon="114.2128488921"><ele>220.000</ele></trkpt>
      <trkpt lat="22.2703451686" lon="114.2128505068"><ele>221.000</ele></trkpt>
      <trkpt lat="22.2703384413" lon="114.2128520575"><ele>221.000</ele></trkpt>
      <trkpt lat="22.2703350718" lon="114.2128528067"><ele>221.000</ele></trkpt>
      <trkpt lat="22.2703291881" lon="114.2128540752"><ele>221.000</ele></trkpt>
      <trkpt lat="22.2703259386" lon="114.2128552911"><ele>221.000</ele></trkpt>
      <trkpt lat="22.2703226792" lon="114.2128564779"><ele>221.000</ele></trkpt>
      <trkpt lat="22.2703194125" lon="114.2128576355"><ele>221.000</ele></trkpt>
      <trkpt lat="22.2703161332" lon="114.2128587621"><ele>221.000</ele></trkpt>
      <trkpt lat="22.2703128476" lon="114.2128598577"><ele>221.000</ele></trkpt>
      <trkpt lat="22.2703095530" lon="114.2128609241"><ele>221.000</ele></trkpt>
      <trkpt lat="22.2703062512" lon="114.2128619624"><ele>221.000</ele></trkpt>
      <trkpt lat="22.2703029403" lon="114.2128629677"><ele>221.000</ele></trkpt>
      <trkpt lat="22.2702996223" lon="114.2128639429"><ele>221.000</ele></trkpt>
      <trkpt lat="22.2702962952" lon="114.2128648871"><ele>221.000</ele></trkpt>
      <trkpt lat="22.2702929626" lon="114.2128658022"><ele>221.000</ele></trkpt>
      <trkpt lat="22.2702896211" lon="114.2128666843"><ele>216.000</ele></trkpt>
      <trkpt lat="22.2702862742" lon="114.2128675372"><ele>216.000</ele></trkpt>
      <trkpt lat="22.2702829200" lon="114.2128683611"><ele>216.000</ele></trkpt>
      <trkpt lat="22.2702795604" lon="114.2128691520"><ele>216.000</ele></trkpt>
      <trkpt lat="22.2702761945" lon="114.2128699118"><ele>216.000</ele></trkpt>
      <trkpt lat="22.2702728214" lon="114.2128706425"><ele>216.000</ele></trkpt>
      <trkpt lat="22.2702694438" lon="114.2128713402"><ele>216.000</ele></trkpt>
      <trkpt lat="22.2702660608" lon="114.2128720088"><ele>216.000</ele></trkpt>
      <trkpt lat="22.2702626705" lon="114.2128726445"><ele>216.000</ele></trkpt>
      <trkpt lat="22.2702560770" lon="114.2128737915"><ele>216.000</ele></trkpt>
      <trkpt lat="22.2702242228" lon="114.2128837615"><ele>218.000</ele></trkpt>
      <trkpt lat="22.2702213704" lon="114.2128858333"><ele>218.000</ele></trkpt>
      <trkpt lat="22.2702185362" lon="114.2128879360"><ele>218.000</ele></trkpt>
      <trkpt lat="22.2702157226" lon="114.2128900660"><ele>218.000</ele></trkpt>
      <trkpt lat="22.2702129254" lon="114.2128922270"><ele>218.000</ele></trkpt>
      <trkpt lat="22.2702101498" lon="114.2128944152"><ele>219.000</ele></trkpt>
      <trkpt lat="22.2702073922" lon="114.2128966325"><ele>219.000</ele></trkpt>
      <trkpt lat="22.2702046554" lon="114.2128988789"><ele>219.000</ele></trkpt>
      <trkpt lat="22.2702019394" lon="114.2129011525"><ele>219.000</ele></trkpt>
      <trkpt lat="22.2701992414" lon="114.2129034533"><ele>219.000</ele></trkpt>
      <trkpt lat="22.2701965660" lon="114.2129057831"><ele>219.000</ele></trkpt>
      <trkpt lat="22.2701939105" lon="114.2129081402"><ele>219.000</ele></trkpt>
      <trkpt lat="22.2701912766" lon="114.2129105263"><ele>219.000</ele></trkpt>
      <trkpt lat="22.2701886626" lon="114.2129129377"><ele>219.000</ele></trkpt>
      <trkpt lat="22.2701860721" lon="114.2129153763"><ele>217.000</ele></trkpt>
      <trkpt lat="22.2701820960" lon="114.2129192097"><ele>217.000</ele></trkpt>
      <trkpt lat="22.2701790468" lon="114.2129209244"><ele>217.000</ele></trkpt>
      <trkpt lat="22.2701759363" lon="114.2129225051"><ele>217.000</ele></trkpt>
      <trkpt lat="22.2701727681" lon="114.2129239519"><ele>217.000</ele></trkpt>
      <trkpt lat="22.2701695511" lon="114.2129252609"><ele>217.000</ele></trkpt>
      <trkpt lat="22.2701662871" lon="114.2129264302"><ele>217.000</ele></trkpt>
      <trkpt lat="22.2701629817" lon="114.2129274578"><ele>219.000</ele></trkpt>
      <trkpt lat="22.2701596419" lon="114.2129283438"><ele>219.000</ele></trkpt>
      <trkpt lat="22.2701562715" lon="114.2129290842"><ele>219.000</ele></trkpt>
      <trkpt lat="22.2701528777" lon="114.2129296800"><ele>219.000</ele></trkpt>
      <trkpt lat="22.2701494649" lon="114.2129301284"><ele>219.000</ele></trkpt>
      <trkpt lat="22.2701460359" lon="114.2129304302"><ele>219.000</ele></trkpt>
      <trkpt lat="22.2701425988" lon="114.2129305846"><ele>219.000</ele></trkpt>
      <trkpt lat="22.2701391599" lon="114.2129305915"><ele>219.000</ele></trkpt>
      <trkpt lat="22.2701328169" lon="114.2129302143"><ele>219.000</ele></trkpt>
      <trkpt lat="22.2701260026" lon="114.2129292123"><ele>219.000</ele></trkpt>
      <trkpt lat="22.2701191847" lon="114.2129282344"><ele>221.000</ele></trkpt>
      <trkpt lat="22.2701089496" lon="114.2129268220"><ele>221.000</ele></trkpt>
      <trkpt lat="22.2701021245" lon="114.2129259111"><ele>221.000</ele></trkpt>
      <trkpt lat="22.2700952939" lon="114.2129250284"><ele>221.000</ele></trkpt>
      <trkpt lat="22.2700884615" lon="114.2129241738"><ele>221.000</ele></trkpt>
      <trkpt lat="22.2700816273" lon="114.2129233444"><ele>221.000</ele></trkpt>
      <trkpt lat="22.2700741013" lon="114.2129224634"><ele>223.000</ele></trkpt>
      <trkpt lat="22.2700706660" lon="114.2129226236"><ele>223.000</ele></trkpt>
      <trkpt lat="22.2700672361" lon="114.2129228963"><ele>223.000</ele></trkpt>
      <trkpt lat="22.2700638153" lon="114.2129232777"><ele>223.000</ele></trkpt>
      <trkpt lat="22.2700604061" lon="114.2129237698"><ele>223.000</ele></trkpt>
      <trkpt lat="22.2700570113" lon="114.2129243724"><ele>223.000</ele></trkpt>
      <trkpt lat="22.2700536373" lon="114.2129250837"><ele>223.000</ele></trkpt>
      <trkpt lat="22.2700502813" lon="114.2129259037"><ele>223.000</ele></trkpt>
      <trkpt lat="22.2700469524" lon="114.2129268323"><ele>223.000</ele></trkpt>
      <trkpt lat="22.2700436488" lon="114.2129278677"><ele>223.000</ele></trkpt>
      <trkpt lat="22.2700403758" lon="114.2129290079"><ele>223.000</ele></trkpt>
      <trkpt lat="22.2700371372" lon="114.2129302548"><ele>223.000</ele></trkpt>
      <trkpt lat="22.2700339346" lon="114.2129316046"><ele>223.000</ele></trkpt>
      <trkpt lat="22.2700307699" lon="114.2129330572"><ele>223.000</ele></trkpt>
      <trkpt lat="22.2700276468" lon="114.2129346127"><ele>224.000</ele></trkpt>
      <trkpt lat="22.2700225366" lon="114.2129374280"><ele>224.000</ele></trkpt>
      <trkpt lat="22.2700196716" lon="114.2129394697"><ele>224.000</ele></trkpt>
      <trkpt lat="22.2700171750" lon="114.2129420131"><ele>224.000</ele></trkpt>
      <trkpt lat="22.2700151226" lon="114.2129449815"><ele>224.000</ele></trkpt>
      <trkpt lat="22.2700136192" lon="114.2129481946"><ele>224.000</ele></trkpt>
      <trkpt lat="22.2700135758" lon="114.2129482878"><ele>224.000</ele></trkpt>
      <trkpt lat="22.2700125798" lon="114.2129518328"><ele>224.000</ele></trkpt>
      <trkpt lat="22.2700121672" lon="114.2129555080"><ele>224.000</ele></trkpt>
      <trkpt lat="22.2700123488" lon="114.2129592028"><ele>224.000</ele></trkpt>
      <trkpt lat="22.2700131192" lon="114.2129628104"><ele>224.000</ele></trkpt>
      <trkpt lat="22.2700144550" lon="114.2129662202"><ele>223.000</ele></trkpt>
      <trkpt lat="22.2700187864" lon="114.2129731335"><ele>223.000</ele></trkpt>
      <trkpt lat="22.2700207417" lon="114.2129761825"><ele>223.000</ele></trkpt>
      <trkpt lat="22.2700227296" lon="114.2129792063"><ele>223.000</ele></trkpt>
      <trkpt lat="22.2700247518" lon="114.2129822030"><ele>223.000</ele></trkpt>
      <trkpt lat="22.2700268047" lon="114.2129851764"><ele>223.000</ele></trkpt>
      <trkpt lat="22.2700288901" lon="114.2129881226"><ele>223.000</ele></trkpt>
      <trkpt lat="22.2700310081" lon="114.2129910417"><ele>220.000</ele></trkpt>
      <trkpt lat="22.2700331585" lon="114.2129939336"><ele>220.000</ele></trkpt>
      <trkpt lat="22.2700353379" lon="114.2129967984"><ele>220.000</ele></trkpt>
      <trkpt lat="22.2700375498" lon="114.2129996360"><ele>220.000</ele></trkpt>
      <trkpt lat="22.2700397942" lon="114.2130024464"><ele>220.000</ele></trkpt>
      <trkpt lat="22.2700420657" lon="114.2130052258"><ele>220.000</ele></trkpt>
      <trkpt lat="22.2700443697" lon="114.2130079780"><ele>220.000</ele></trkpt>
      <trkpt lat="22.2700467026" lon="114.2130106992"><ele>220.000</ele></trkpt>
      <trkpt lat="22.2700490644" lon="114.2130133933"><ele>221.000</ele></trkpt>
      <trkpt lat="22.2700514569" lon="114.2130160543"><ele>221.000</ele></trkpt>
      <trkpt lat="22.2700538784" lon="114.2130186863"><ele>221.000</ele></trkpt>
      <trkpt lat="22.2700563269" lon="114.2130212892"><ele>221.000</ele></trkpt>
      <trkpt lat="22.2700588052" lon="114.2130238590"><ele>221.000</ele></trkpt>
      <trkpt lat="22.2700613098" lon="114.2130263959"><ele>221.000</ele></trkpt>
      <trkpt lat="22.2700644400" lon="114.2130294880"><ele>221.000</ele></trkpt>
      <trkpt lat="22.2700668994" lon="114.2130320772"><ele>221.000</ele></trkpt>
      <trkpt lat="22.2700692919" lon="114.2130347402"><ele>221.000</ele></trkpt>
      <trkpt lat="22.2700716122" lon="114.2130374731"><ele>221.000</ele></trkpt>
      <trkpt lat="22.2700738620" lon="114.2130402758"><ele>221.000</ele></trkpt>
      <trkpt lat="22.2700760377" lon="114.2130431463"><ele>219.000</ele></trkpt>
      <trkpt lat="22.2700781394" lon="114.2130460790"><ele>219.000</ele></trkpt>
      <trkpt lat="22.2700801634" lon="114.2130490757"><ele>219.000</ele></trkpt>
      <trkpt lat="22.2700821079" lon="114.2130521305"><ele>219.000</ele></trkpt>
      <trkpt lat="22.2700839730" lon="114.2130552436"><ele>219.000</ele></trkpt>
      <trkpt lat="22.2700857585" lon="114.2130584110"><ele>219.000</ele></trkpt>
      <trkpt lat="22.2700874592" lon="114.2130616327"><ele>219.000</ele></trkpt>
      <trkpt lat="22.2700890749" lon="114.2130649028"><ele>219.000</ele></trkpt>
      <trkpt lat="22.2700906076" lon="114.2130682215"><ele>219.000</ele></trkpt>
      <trkpt lat="22.2700920527" lon="114.2130715828"><ele>219.000</ele></trkpt>
      <trkpt lat="22.2700934092" lon="114.2130749888"><ele>219.000</ele></trkpt>
      <trkpt lat="22.2700946763" lon="114.2130784335"><ele>219.000</ele></trkpt>
      <trkpt lat="22.2700958550" lon="114.2130819151"><ele>219.000</ele></trkpt>
      <trkpt lat="22.2700971066" lon="114.2130859886"><ele>219.000</ele></trkpt>
      <trkpt lat="22.2700983909" lon="114.2130894285"><ele>219.000</ele></trkpt>
      <trkpt lat="22.2700996996" lon="114.2130928548"><ele>219.000</ele></trkpt>
      <trkpt lat="22.2701010336" lon="114.2130962714"><ele>219.000</ele></trkpt>
      <trkpt lat="22.2701023910" lon="114.2130996744"><ele>219.000</ele></trkpt>
      <trkpt lat="22.2701037755" lon="114.2131030668"><ele>219.000</ele></trkpt>
      <trkpt lat="22.2701051836" lon="114.2131064475"><ele>219.000</ele></trkpt>
      <trkpt lat="22.2701066151" lon="114.2131098166"><ele>220.000</ele></trkpt>
      <trkpt lat="22.2701080719" lon="114.2131131741"><ele>220.000</ele></trkpt>
      <trkpt lat="22.2701095540" lon="114.2131165180"><ele>220.000</ele></trkpt>
      <trkpt lat="22.2701110595" lon="114.2131198502"><ele>220.000</ele></trkpt>
      <trkpt lat="22.2701125886" lon="114.2131231689"><ele>220.000</ele></trkpt>
      <trkpt lat="22.2701141429" lon="114.2131264759"><ele>220.000</ele></trkpt>
      <trkpt lat="22.2701157207" lon="114.2131297675"><ele>220.000</ele></trkpt>
      <trkpt lat="22.2701173220" lon="114.2131330473"><ele>220.000</ele></trkpt>
      <trkpt lat="22.2701189486" lon="114.2131363136"><ele>220.000</ele></trkpt>
      <trkpt lat="22.2701205987" lon="114.2131395644"><ele>218.000</ele></trkpt>
      <trkpt lat="22.2701222705" lon="114.2131428016"><ele>218.000</ele></trkpt>
      <trkpt lat="22.2701239675" lon="114.2131460253"><ele>218.000</ele></trkpt>
      <trkpt lat="22.2701256880" lon="114.2131492353"><ele>218.000</ele></trkpt>
      <trkpt lat="22.2701274302" lon="114.2131524299"><ele>218.000</ele></trkpt>
      <trkpt lat="22.2701307179" lon="114.2131583027"><ele>218.000</ele></trkpt>
      <trkpt lat="22.2701319164" lon="114.2131617765"><ele>218.000</ele></trkpt>
      <trkpt lat="22.2701330480" lon="114.2131652775"><ele>218.000</ele></trkpt>
      <trkpt lat="22.2701341092" lon="114.2131688017"><ele>218.000</ele></trkpt>
      <trkpt lat="22.2701351036" lon="114.2131723493"><ele>218.000</ele></trkpt>
      <trkpt lat="22.2701360276" lon="114.2131759181"><ele>218.000</ele></trkpt>
      <trkpt lat="22.2701368829" lon="114.2131795092"><ele>218.000</ele></trkpt>
      <trkpt lat="22.2701376695" lon="114.2131831159"><ele>218.000</ele></trkpt>
      <trkpt lat="22.2701383840" lon="114.2131867410"><ele>218.000</ele></trkpt>
      <trkpt lat="22.2701390279" lon="114.2131903815"><ele>218.000</ele></trkpt>
      <trkpt lat="22.2701396033" lon="114.2131940357"><ele>218.000</ele></trkpt>
      <trkpt lat="22.2701401073" lon="114.2131977034"><ele>218.000</ele></trkpt>
      <trkpt lat="22.2701405372" lon="114.2132013807"><ele>218.000</ele></trkpt>
      <trkpt lat="22.2701408976" lon="114.2132050659"><ele>218.000</ele></trkpt>
      <trkpt lat="22.2701411858" lon="114.2132087587"><ele>218.000</ele></trkpt>
      <trkpt lat="22.2701414035" lon="114.2132124574"><ele>218.000</ele></trkpt>
      <trkpt lat="22.2701416079" lon="114.2132188165"><ele>218.000</ele></trkpt>
      <trkpt lat="22.2701419756" lon="114.2132225017"><ele>218.000</ele></trkpt>
      <trkpt lat="22.2701424317" lon="114.2132261752"><ele>218.000</ele></trkpt>
      <trkpt lat="22.2701429781" lon="114.2132298332"><ele>218.000</ele></trkpt>
      <trkpt lat="22.2701436131" lon="114.2132334757"><ele>218.000</ele></trkpt>
      <trkpt lat="22.2701443365" lon="114.2132370988"><ele>218.000</ele></trkpt>
      <trkpt lat="22.2701451467" lon="114.2132407006"><ele>218.000</ele></trkpt>
      <trkpt lat="22.2701460453" lon="114.2132442792"><ele>218.000</ele></trkpt>
      <trkpt lat="22.2701470307" lon="114.2132478296"><ele>218.000</ele></trkpt>
      <trkpt lat="22.2701481027" lon="114.2132513509"><ele>218.000</ele></trkpt>
      <trkpt lat="22.2701492579" lon="114.2132548412"><ele>220.000</ele></trkpt>
      <trkpt lat="22.2701504997" lon="114.2132582976"><ele>220.000</ele></trkpt>
      <trkpt lat="22.2701518246" lon="114.2132617162"><ele>220.000</ele></trkpt>
      <trkpt lat="22.2701532336" lon="114.2132650979"><ele>220.000</ele></trkpt>
      <trkpt lat="22.2701547220" lon="114.2132684369"><ele>220.000</ele></trkpt>
      <trkpt lat="22.2701562907" lon="114.2132717342"><ele>220.000</ele></trkpt>
      <trkpt lat="22.2701579408" lon="114.2132749870"><ele>220.000</ele></trkpt>
      <trkpt lat="22.2701596704" lon="114.2132781893"><ele>220.000</ele></trkpt>
      <trkpt lat="22.2701614758" lon="114.2132813440"><ele>220.000</ele></trkpt>
      <trkpt lat="22.2701651238" lon="114.2132872024"><ele>220.000</ele></trkpt>
      <trkpt lat="22.2701673681" lon="114.2132900109"><ele>217.000</ele></trkpt>
      <trkpt lat="22.2701694093" lon="114.2132929921"><ele>217.000</ele></trkpt>
      <trkpt lat="22.2701712382" lon="114.2132961284"><ele>217.000</ele></trkpt>
      <trkpt lat="22.2701728449" lon="114.2132994044"><ele>217.000</ele></trkpt>
      <trkpt lat="22.2701742204" lon="114.2133028007"><ele>217.000</ele></trkpt>
      <trkpt lat="22.2701753557" lon="114.2133062978"><ele>217.000</ele></trkpt>
      <trkpt lat="22.2701762453" lon="114.2133098763"><ele>217.000</ele></trkpt>
      <trkpt lat="22.2701768839" lon="114.2133135169"><ele>217.000</ele></trkpt>
      <trkpt lat="22.2701772696" lon="114.2133172001"><ele>217.000</ele></trkpt>
      <trkpt lat="22.2701773970" lon="114.2133209026"><ele>217.000</ele></trkpt>
      <trkpt lat="22.2701772679" lon="114.2133246051"><ele>217.000</ele></trkpt>
      <trkpt lat="22.2701768842" lon="114.2133282881"><ele>217.000</ele></trkpt>
      <trkpt lat="22.2701762440" lon="114.2133319283"><ele>217.000</ele></trkpt>
      <trkpt lat="22.2701753528" lon="114.2133355083"><ele>217.000</ele></trkpt>
      <trkpt lat="22.2701742177" lon="114.2133390068"><ele>217.000</ele></trkpt>
      <trkpt lat="22.2701728434" lon="114.2133424043"><ele>217.000</ele></trkpt>
      <trkpt lat="22.2701705079" lon="114.2133469891"><ele>217.000</ele></trkpt>
      <trkpt lat="22.2701686542" lon="114.2133501119"><ele>217.000</ele></trkpt>
      <trkpt lat="22.2701667471" lon="114.2133531958"><ele>215.000</ele></trkpt>
      <trkpt lat="22.2701647859" lon="114.2133562448"><ele>218.000</ele></trkpt>
      <trkpt lat="22.2701627750" lon="114.2133592521"><ele>218.000</ele></trkpt>
      <trkpt lat="22.2701607135" lon="114.2133622196"><ele>218.000</ele></trkpt>
      <trkpt lat="22.2701586033" lon="114.2133651453"><ele>218.000</ele></trkpt>
      <trkpt lat="22.2701564425" lon="114.2133680303"><ele>218.000</ele></trkpt>
      <trkpt lat="22.2701542330" lon="114.2133708736"><ele>218.000</ele></trkpt>
      <trkpt lat="22.2701519765" lon="114.2133736702"><ele>218.000</ele></trkpt>
      <trkpt lat="22.2701496730" lon="114.2133764252"><ele>218.000</ele></trkpt>
      <trkpt lat="22.2701473227" lon="114.2133791316"><ele>218.000</ele></trkpt>
      <trkpt lat="22.2701449271" lon="114.2133817933"><ele>218.000</ele></trkpt>
      <trkpt lat="22.2701424883" lon="114.2133844075"><ele>218.000</ele></trkpt>
      <trkpt lat="22.2701396285" lon="114.2133873515"><ele>218.000</ele></trkpt>
      <trkpt lat="22.2701352040" lon="114.2133930303"><ele>218.000</ele></trkpt>
      <trkpt lat="22.2701329800" lon="114.2133958570"><ele>218.000</ele></trkpt>
      <trkpt lat="22.2701285068" lon="114.2134014911"><ele>217.000</ele></trkpt>
      <trkpt lat="22.2701240019" lon="114.2134070941"><ele>217.000</ele></trkpt>
      <trkpt lat="22.2701194610" lon="114.2134126661"><ele>219.000</ele></trkpt>
      <trkpt lat="22.2701148911" lon="114.2134182070"><ele>219.000</ele></trkpt>
      <trkpt lat="22.2701102870" lon="114.2134237188"><ele>219.000</ele></trkpt>
      <trkpt lat="22.2701056512" lon="114.2134291976"><ele>219.000</ele></trkpt>
      <trkpt lat="22.2701033207" lon="114.2134319234"><ele>219.000</ele></trkpt>
      <trkpt lat="22.2700986362" lon="114.2134373557"><ele>219.000</ele></trkpt>
      <trkpt lat="22.2700939209" lon="114.2134427549"><ele>219.000</ele></trkpt>
      <trkpt lat="22.2700915525" lon="114.2134454419"><ele>219.000</ele></trkpt>
      <trkpt lat="22.2700867885" lon="114.2134507945"><ele>216.000</ele></trkpt>
      <trkpt lat="22.2700843975" lon="114.2134534563"><ele>216.000</ele></trkpt>
      <trkpt lat="22.2700795875" lon="114.2134587584"><ele>216.000</ele></trkpt>
      <trkpt lat="22.2700747459" lon="114.2134640295"><ele>218.000</ele></trkpt>
      <trkpt lat="22.2700723142" lon="114.2134666505"><ele>218.000</ele></trkpt>
      <trkpt lat="22.2700674293" lon="114.2134718722"><ele>218.000</ele></trkpt>
      <trkpt lat="22.2700649742" lon="114.2134744689"><ele>218.000</ele></trkpt>
      <trkpt lat="22.2700625118" lon="114.2134770588"><ele>218.000</ele></trkpt>
      <trkpt lat="22.2700575655" lon="114.2134822115"><ele>218.000</ele></trkpt>
      <trkpt lat="22.2700515334" lon="114.2134884060"><ele>218.000</ele></trkpt>
      <trkpt lat="22.2700465781" lon="114.2134935490"><ele>218.000</ele></trkpt>
      <trkpt lat="22.2700416660" lon="114.2134987406"><ele>216.000</ele></trkpt>
      <trkpt lat="22.2700392271" lon="114.2135013557"><ele>216.000</ele></trkpt>
      <trkpt lat="22.2700343855" lon="114.2135066249"><ele>216.000</ele></trkpt>
      <trkpt lat="22.2700295909" lon="114.2135119426"><ele>218.000</ele></trkpt>
      <trkpt lat="22.2700248449" lon="114.2135173088"><ele>218.000</ele></trkpt>
      <trkpt lat="22.2700201460" lon="114.2135227255"><ele>218.000</ele></trkpt>
      <trkpt lat="22.2700178137" lon="114.2135254513"><ele>218.000</ele></trkpt>
      <trkpt lat="22.2700131869" lon="114.2135309379"><ele>218.000</ele></trkpt>
      <trkpt lat="22.2700086089" lon="114.2135364730"><ele>218.000</ele></trkpt>
      <trkpt lat="22.2700063380" lon="114.2135392589"><ele>218.000</ele></trkpt>
      <trkpt lat="22.2700018359" lon="114.2135448639"><ele>218.000</ele></trkpt>
      <trkpt lat="22.2699973807" lon="114.2135505154"><ele>216.000</ele></trkpt>
      <trkpt lat="22.2699929787" lon="114.2135562116"><ele>216.000</ele></trkpt>
      <trkpt lat="22.2699906707" lon="114.2135592421"><ele>216.000</ele></trkpt>
      <trkpt lat="22.2699886779" lon="114.2135622630"><ele>216.000</ele></trkpt>
      <trkpt lat="22.2699866561" lon="114.2135652625"><ele>216.000</ele></trkpt>
      <trkpt lat="22.2699846055" lon="114.2135682387"><ele>218.000</ele></trkpt>
      <trkpt lat="22.2699825242" lon="114.2135711916"><ele>218.000</ele></trkpt>
      <trkpt lat="22.2699804158" lon="114.2135741212"><ele>218.000</ele></trkpt>
      <trkpt lat="22.2699782803" lon="114.2135770256"><ele>218.000</ele></trkpt>
      <trkpt lat="22.2699761141" lon="114.2135799067"><ele>218.000</ele></trkpt>
      <trkpt lat="22.2699739226" lon="114.2135827645"><ele>218.000</ele></trkpt>
      <trkpt lat="22.2699717022" lon="114.2135855951"><ele>218.000</ele></trkpt>
      <trkpt lat="22.2699694547" lon="114.2135884034"><ele>218.000</ele></trkpt>
      <trkpt lat="22.2699671784" lon="114.2135911826"><ele>218.000</ele></trkpt>
      <trkpt lat="22.2699648768" lon="114.2135939375"><ele>216.000</ele></trkpt>
      <trkpt lat="22.2699625498" lon="114.2135966672"><ele>216.000</ele></trkpt>
      <trkpt lat="22.2699601940" lon="114.2135993697"><ele>216.000</ele></trkpt>
      <trkpt lat="22.2699578148" lon="114.2136020470"><ele>216.000</ele></trkpt>
      <trkpt lat="22.2699554093" lon="114.2136046952"><ele>216.000</ele></trkpt>
      <trkpt lat="22.2699529768" lon="114.2136073181"><ele>216.000</ele></trkpt>
      <trkpt lat="22.2699505180" lon="114.2136099120"><ele>216.000</ele></trkpt>
      <trkpt lat="22.2699480358" lon="114.2136124796"><ele>216.000</ele></trkpt>
      <trkpt lat="22.2699455283" lon="114.2136150181"><ele>216.000</ele></trkpt>
      <trkpt lat="22.2699429974" lon="114.2136175284"><ele>216.000</ele></trkpt>
      <trkpt lat="22.2699404411" lon="114.2136200097"><ele>216.000</ele></trkpt>
      <trkpt lat="22.2699378614" lon="114.2136224618"><ele>219.000</ele></trkpt>
      <trkpt lat="22.2699352583" lon="114.2136248848"><ele>219.000</ele></trkpt>
      <trkpt lat="22.2699326316" lon="114.2136272787"><ele>219.000</ele></trkpt>
      <trkpt lat="22.2699299833" lon="114.2136296435"><ele>219.000</ele></trkpt>
      <trkpt lat="22.2699273097" lon="114.2136319772"><ele>219.000</ele></trkpt>
      <trkpt lat="22.2699246144" lon="114.2136342828"><ele>219.000</ele></trkpt>
      <trkpt lat="22.2699213375" lon="114.2136370191"><ele>219.000</ele></trkpt>
      <trkpt lat="22.2699185230" lon="114.2136391510"><ele>219.000</ele></trkpt>
      <trkpt lat="22.2699156924" lon="114.2136412576"><ele>219.000</ele></trkpt>
      <trkpt lat="22.2699128454" lon="114.2136433390"><ele>218.000</ele></trkpt>
      <trkpt lat="22.2699099822" lon="114.2136453952"><ele>218.000</ele></trkpt>
      <trkpt lat="22.2699071046" lon="114.2136474242"><ele>218.000</ele></trkpt>
      <trkpt lat="22.2699042089" lon="114.2136494271"><ele>218.000</ele></trkpt>
      <trkpt lat="22.2699012997" lon="114.2136514037"><ele>218.000</ele></trkpt>
      <trkpt lat="22.2698983724" lon="114.2136533522"><ele>218.000</ele></trkpt>
      <trkpt lat="22.2698954325" lon="114.2136552744"><ele>218.000</ele></trkpt>
      <trkpt lat="22.2698924764" lon="114.2136571715"><ele>220.000</ele></trkpt>
      <trkpt lat="22.2698895049" lon="114.2136590414"><ele>220.000</ele></trkpt>
      <trkpt lat="22.2698865207" lon="114.2136608821"><ele>220.000</ele></trkpt>
      <trkpt lat="22.2698835203" lon="114.2136626976"><ele>220.000</ele></trkpt>
      <trkpt lat="22.2698805082" lon="114.2136644870"><ele>220.000</ele></trkpt>
      <trkpt lat="22.2698774798" lon="114.2136662453"><ele>220.000</ele></trkpt>
      <trkpt lat="22.2698744388" lon="114.2136679773"><ele>220.000</ele></trkpt>
      <trkpt lat="22.2698713834" lon="114.2136696822"><ele>220.000</ele></trkpt>
      <trkpt lat="22.2698683162" lon="114.2136713610"><ele>220.000</ele></trkpt>
      <trkpt lat="22.2698652345" lon="114.2136730086"><ele>220.000</ele></trkpt>
      <trkpt lat="22.2698621403" lon="114.2136746281"><ele>220.000</ele></trkpt>
      <trkpt lat="22.2698590352" lon="114.2136762234"><ele>220.000</ele></trkpt>
      <trkpt lat="22.2698559156" lon="114.2136777856"><ele>220.000</ele></trkpt>
      <trkpt lat="22.2698527853" lon="114.2136793217"><ele>220.000</ele></trkpt>
      <trkpt lat="22.2698496423" lon="114.2136808287"><ele>220.000</ele></trkpt>
      <trkpt lat="22.2698464893" lon="114.2136823065"><ele>221.000</ele></trkpt>
      <trkpt lat="22.2698433219" lon="114.2136837572"><ele>221.000</ele></trkpt>
      <trkpt lat="22.2698401446" lon="114.2136851787"><ele>221.000</ele></trkpt>
      <trkpt lat="22.2698369565" lon="114.2136865692"><ele>221.000</ele></trkpt>
      <trkpt lat="22.2698337575" lon="114.2136879326"><ele>221.000</ele></trkpt>
      <trkpt lat="22.2698305477" lon="114.2136892668"><ele>221.000</ele></trkpt>
      <trkpt lat="22.2698273298" lon="114.2136905700"><ele>221.000</ele></trkpt>
      <trkpt lat="22.2698240975" lon="114.2136918460"><ele>219.000</ele></trkpt>
      <trkpt lat="22.2698200911" lon="114.2136933818"><ele>219.000</ele></trkpt>
      <trkpt lat="22.2698136264" lon="114.2136959164"><ele>219.000</ele></trkpt>
      <trkpt lat="22.2698071391" lon="114.2136983811"><ele>219.000</ele></trkpt>
      <trkpt lat="22.2698038851" lon="114.2136995872"><ele>219.000</ele></trkpt>
      <trkpt lat="22.2697973626" lon="114.2137019452"><ele>219.000</ele></trkpt>
      <trkpt lat="22.2697908185" lon="114.2137042332"><ele>219.000</ele></trkpt>
      <trkpt lat="22.2697875383" lon="114.2137053482"><ele>219.000</ele></trkpt>
      <trkpt lat="22.2697809617" lon="114.2137075276"><ele>219.000</ele></trkpt>
      <trkpt lat="22.2697743680" lon="114.2137096352"><ele>219.000</ele></trkpt>
      <trkpt lat="22.2697677517" lon="114.2137116710"><ele>219.000</ele></trkpt>
      <trkpt lat="22.2697644363" lon="114.2137126608"><ele>219.000</ele></trkpt>
      <trkpt lat="22.2697577929" lon="114.2137145869"><ele>221.000</ele></trkpt>
      <trkpt lat="22.2697511333" lon="114.2137164403"><ele>221.000</ele></trkpt>
      <trkpt lat="22.2697444556" lon="114.2137182219"><ele>221.000</ele></trkpt>
      <trkpt lat="22.2697377599" lon="114.2137199307"><ele>221.000</ele></trkpt>
      <trkpt lat="22.2697344075" lon="114.2137207564"><ele>221.000</ele></trkpt>
      <trkpt lat="22.2697310498" lon="114.2137215638"><ele>221.000</ele></trkpt>
      <trkpt lat="22.2697243252" lon="114.2137231261"><ele>221.000</ele></trkpt>
      <trkpt lat="22.2697175862" lon="114.2137246127"><ele>221.000</ele></trkpt>
      <trkpt lat="22.2697142122" lon="114.2137253298"><ele>221.000</ele></trkpt>
      <trkpt lat="22.2697074515" lon="114.2137267058"><ele>221.000</ele></trkpt>
      <trkpt lat="22.2697040667" lon="114.2137273666"><ele>221.000</ele></trkpt>
      <trkpt lat="22.2697006800" lon="114.2137280109"><ele>221.000</ele></trkpt>
      <trkpt lat="22.2696949580" lon="114.2137290505"><ele>221.000</ele></trkpt>
      <trkpt lat="22.2696915245" lon="114.2137292728"><ele>221.000</ele></trkpt>
      <trkpt lat="22.2696880964" lon="114.2137295746"><ele>221.000</ele></trkpt>
      <trkpt lat="22.2696846755" lon="114.2137299598"><ele>221.000</ele></trkpt>
      <trkpt lat="22.2696812645" lon="114.2137304266"><ele>221.000</ele></trkpt>
      <trkpt lat="22.2696778625" lon="114.2137309749"><ele>221.000</ele></trkpt>
      <trkpt lat="22.2696744723" lon="114.2137316027"><ele>221.000</ele></trkpt>
      <trkpt lat="22.2696710974" lon="114.2137323121"><ele>221.000</ele></trkpt>
      <trkpt lat="22.2696677369" lon="114.2137331029"><ele>221.000</ele></trkpt>
      <trkpt lat="22.2696643935" lon="114.2137339743"><ele>221.000</ele></trkpt>
      <trkpt lat="22.2696610682" lon="114.2137349233"><ele>221.000</ele></trkpt>
      <trkpt lat="22.2696577628" lon="114.2137359509"><ele>221.000</ele></trkpt>
      <trkpt lat="22.2696544808" lon="114.2137370581"><ele>221.000</ele></trkpt>
      <trkpt lat="22.2696512223" lon="114.2137382448"><ele>221.000</ele></trkpt>
      <trkpt lat="22.2696479872" lon="114.2137395082"><ele>218.000</ele></trkpt>
      <trkpt lat="22.2696447810" lon="114.2137408473"><ele>218.000</ele></trkpt>
      <trkpt lat="22.2696416019" lon="114.2137422649"><ele>218.000</ele></trkpt>
      <trkpt lat="22.2696384535" lon="114.2137437564"><ele>218.000</ele></trkpt>
      <trkpt lat="22.2696353357" lon="114.2137453235"><ele>218.000</ele></trkpt>
      <trkpt lat="22.2696322505" lon="114.2137469643"><ele>218.000</ele></trkpt>
      <trkpt lat="22.2696292014" lon="114.2137486770"><ele>218.000</ele></trkpt>
      <trkpt lat="22.2696261865" lon="114.2137504634"><ele>218.000</ele></trkpt>
      <trkpt lat="22.2696232096" lon="114.2137523216"><ele>220.000</ele></trkpt>
      <trkpt lat="22.2696188797" lon="114.2137552002"><ele>220.000</ele></trkpt>
      <trkpt lat="22.2696160905" lon="114.2137573690"><ele>220.000</ele></trkpt>
      <trkpt lat="22.2696135505" lon="114.2137598657"><ele>220.000</ele></trkpt>
      <trkpt lat="22.2696112904" lon="114.2137626575"><ele>220.000</ele></trkpt>
      <trkpt lat="22.2696093391" lon="114.2137657075"><ele>220.000</ele></trkpt>
      <trkpt lat="22.2696077246" lon="114.2137689788"><ele>220.000</ele></trkpt>
      <trkpt lat="22.2696066122" lon="114.2137720154"><ele>220.000</ele></trkpt>
      <trkpt lat="22.2696064622" lon="114.2137724257"><ele>220.000</ele></trkpt>
      <trkpt lat="22.2696055746" lon="114.2137760048"><ele>220.000</ele></trkpt>
      <trkpt lat="22.2696050698" lon="114.2137796702"><ele>220.000</ele></trkpt>
      <trkpt lat="22.2696049570" lon="114.2137833727"><ele>220.000</ele></trkpt>
      <trkpt lat="22.2696052343" lon="114.2137870636"><ele>220.000</ele></trkpt>
      <trkpt lat="22.2696059000" lon="114.2137906984"><ele>220.000</ele></trkpt>
      <trkpt lat="22.2696069467" lon="114.2137942265"><ele>220.000</ele></trkpt>
      <trkpt lat="22.2696083583" lon="114.2137976033"><ele>220.000</ele></trkpt>
      <trkpt lat="22.2696101168" lon="114.2138007862"><ele>220.000</ele></trkpt>
      <trkpt lat="22.2696122004" lon="114.2138037305"><ele>220.000</ele></trkpt>
      <trkpt lat="22.2696153062" lon="114.2138071020"><ele>220.000</ele></trkpt>
      <trkpt lat="22.2696174096" lon="114.2138100346"><ele>220.000</ele></trkpt>
      <trkpt lat="22.2696195646" lon="114.2138129227"><ele>220.000</ele></trkpt>
      <trkpt lat="22.2696217692" lon="114.2138157661"><ele>220.000</ele></trkpt>
      <trkpt lat="22.2696240217" lon="114.2138185649"><ele>218.000</ele></trkpt>
      <trkpt lat="22.2696263257" lon="114.2138213171"><ele>218.000</ele></trkpt>
      <trkpt lat="22.2696286776" lon="114.2138240219"><ele>218.000</ele></trkpt>
      <trkpt lat="22.2696310746" lon="114.2138266761"><ele>218.000</ele></trkpt>
      <trkpt lat="22.2696335195" lon="114.2138292809"><ele>218.000</ele></trkpt>
      <trkpt lat="22.2696360096" lon="114.2138318372"><ele>218.000</ele></trkpt>
      <trkpt lat="22.2696385448" lon="114.2138343412"><ele>218.000</ele></trkpt>
      <trkpt lat="22.2696411234" lon="114.2138367927"><ele>219.000</ele></trkpt>
      <trkpt lat="22.2696437436" lon="114.2138391918"><ele>219.000</ele></trkpt>
      <trkpt lat="22.2696464080" lon="114.2138415347"><ele>219.000</ele></trkpt>
      <trkpt lat="22.2696491103" lon="114.2138438253"><ele>219.000</ele></trkpt>
      <trkpt lat="22.2696518552" lon="114.2138460595"><ele>219.000</ele></trkpt>
      <trkpt lat="22.2696546361" lon="114.2138482355"><ele>219.000</ele></trkpt>
      <trkpt lat="22.2696574568" lon="114.2138503553"><ele>219.000</ele></trkpt>
      <trkpt lat="22.2696603136" lon="114.2138524188"><ele>219.000</ele></trkpt>
      <trkpt lat="22.2696632075" lon="114.2138544212"><ele>219.000</ele></trkpt>
      <trkpt lat="22.2696661366" lon="114.2138563654"><ele>219.000</ele></trkpt>
      <trkpt lat="22.2696690982" lon="114.2138582485"><ele>218.000</ele></trkpt>
      <trkpt lat="22.2696720914" lon="114.2138600695"><ele>218.000</ele></trkpt>
      <trkpt lat="22.2696751163" lon="114.2138618303"><ele>218.000</ele></trkpt>
      <trkpt lat="22.2696781737" lon="114.2138635290"><ele>218.000</ele></trkpt>
      <trkpt lat="22.2696812582" lon="114.2138651657"><ele>218.000</ele></trkpt>
      <trkpt lat="22.2696843734" lon="114.2138667374"><ele>218.000</ele></trkpt>
      <trkpt lat="22.2696906328" lon="114.2138696692"><ele>218.000</ele></trkpt>
      <trkpt lat="22.2696938022" lon="114.2138711070"><ele>218.000</ele></trkpt>
      <trkpt lat="22.2696969518" lon="114.2138725942"><ele>218.000</ele></trkpt>
      <trkpt lat="22.2697000833" lon="114.2138741261"><ele>218.000</ele></trkpt>
      <trkpt lat="22.2697031949" lon="114.2138757026"><ele>218.000</ele></trkpt>
      <trkpt lat="22.2697062866" lon="114.2138773257"><ele>218.000</ele></trkpt>
      <trkpt lat="22.2697093566" lon="114.2138789934"><ele>218.000</ele></trkpt>
      <trkpt lat="22.2697124068" lon="114.2138807077"><ele>218.000</ele></trkpt>
      <trkpt lat="22.2697154335" lon="114.2138824646"><ele>216.000</ele></trkpt>
      <trkpt lat="22.2697184384" lon="114.2138842652"><ele>216.000</ele></trkpt>
      <trkpt lat="22.2697214227" lon="114.2138861105"><ele>219.000</ele></trkpt>
      <trkpt lat="22.2697243798" lon="114.2138879974"><ele>219.000</ele></trkpt>
      <trkpt lat="22.2697273143" lon="114.2138899290"><ele>219.000</ele></trkpt>
      <trkpt lat="22.2697302253" lon="114.2138919033"><ele>219.000</ele></trkpt>
      <trkpt lat="22.2697331092" lon="114.2138939202"><ele>219.000</ele></trkpt>
      <trkpt lat="22.2697359697" lon="114.2138959779"><ele>219.000</ele></trkpt>
      <trkpt lat="22.2697388030" lon="114.2138980783"><ele>219.000</ele></trkpt>
      <trkpt lat="22.2697416093" lon="114.2139002204"><ele>219.000</ele></trkpt>
      <trkpt lat="22.2697443884" lon="114.2139024013"><ele>219.000</ele></trkpt>
      <trkpt lat="22.2697471404" lon="114.2139046248"><ele>219.000</ele></trkpt>
      <trkpt lat="22.2697498635" lon="114.2139068872"><ele>219.000</ele></trkpt>
      <trkpt lat="22.2697525578" lon="114.2139091894"><ele>219.000</ele></trkpt>
      <trkpt lat="22.2697552231" lon="114.2139115303"><ele>219.000</ele></trkpt>
      <trkpt lat="22.2697578595" lon="114.2139139101"><ele>219.000</ele></trkpt>
      <trkpt lat="22.2697604652" lon="114.2139163286"><ele>218.000</ele></trkpt>
      <trkpt lat="22.2697630384" lon="114.2139187841"><ele>218.000</ele></trkpt>
      <trkpt lat="22.2697655826" lon="114.2139212793"><ele>218.000</ele></trkpt>
      <trkpt lat="22.2697680944" lon="114.2139238094"><ele>218.000</ele></trkpt>
      <trkpt lat="22.2697705754" lon="114.2139263754"><ele>218.000</ele></trkpt>
      <trkpt lat="22.2697730221" lon="114.2139289792"><ele>218.000</ele></trkpt>
      <trkpt lat="22.2697754363" lon="114.2139316180"><ele>218.000</ele></trkpt>
      <trkpt lat="22.2697778180" lon="114.2139342907"><ele>218.000</ele></trkpt>
      <trkpt lat="22.2697801653" lon="114.2139370012"><ele>218.000</ele></trkpt>
      <trkpt lat="22.2697824784" lon="114.2139397409"><ele>218.000</ele></trkpt>
      <trkpt lat="22.2697847553" lon="114.2139425193"><ele>218.000</ele></trkpt>
      <trkpt lat="22.2697886879" lon="114.2139474948"><ele>218.000</ele></trkpt>
      <trkpt lat="22.2697910307" lon="114.2139502083"><ele>218.000</ele></trkpt>
      <trkpt lat="22.2697932778" lon="114.2139530110"><ele>218.000</ele></trkpt>
      <trkpt lat="22.2697954300" lon="114.2139559009"><ele>218.000</ele></trkpt>
      <trkpt lat="22.2697974829" lon="114.2139588743"><ele>218.000</ele></trkpt>
      <trkpt lat="22.2697994328" lon="114.2139619282"><ele>218.000</ele></trkpt>
      <trkpt lat="22.2698012780" lon="114.2139650539"><ele>218.000</ele></trkpt>
      <trkpt lat="22.2698030166" lon="114.2139682504"><ele>218.000</ele></trkpt>
      <trkpt lat="22.2698046449" lon="114.2139715148"><ele>215.000</ele></trkpt>
      <trkpt lat="22.2698061613" lon="114.2139748393"><ele>215.000</ele></trkpt>
      <trkpt lat="22.2698075639" lon="114.2139782239"><ele>215.000</ele></trkpt>
      <trkpt lat="22.2698088527" lon="114.2139816589"><ele>215.000</ele></trkpt>
      <trkpt lat="22.2698100232" lon="114.2139851444"><ele>215.000</ele></trkpt>
      <trkpt lat="22.2698110727" lon="114.2139886725"><ele>215.000</ele></trkpt>
      <trkpt lat="22.2698120038" lon="114.2139922394"><ele>215.000</ele></trkpt>
      <trkpt lat="22.2698128121" lon="114.2139958431"><ele>215.000</ele></trkpt>
      <trkpt lat="22.2698134994" lon="114.2139994740"><ele>215.000</ele></trkpt>
      <trkpt lat="22.2698140621" lon="114.2140031301"><ele>215.000</ele></trkpt>
      <trkpt lat="22.2698145011" lon="114.2140068065"><ele>215.000</ele></trkpt>
      <trkpt lat="22.2698148154" lon="114.2140104964"><ele>215.000</ele></trkpt>
      <trkpt lat="22.2698150024" lon="114.2140141970"><ele>215.000</ele></trkpt>
      <trkpt lat="22.2698150665" lon="114.2140179044"><ele>215.000</ele></trkpt>
      <trkpt lat="22.2698150025" lon="114.2140216078"><ele>215.000</ele></trkpt>
      <trkpt lat="22.2698148138" lon="114.2140253083"><ele>215.000</ele></trkpt>
      <trkpt lat="22.2698145005" lon="114.2140290020"><ele>215.000</ele></trkpt>
      <trkpt lat="22.2698140626" lon="114.2140326763"><ele>215.000</ele></trkpt>
      <trkpt lat="22.2698134982" lon="114.2140363320"><ele>215.000</ele></trkpt>
      <trkpt lat="22.2698128129" lon="114.2140399645"><ele>215.000</ele></trkpt>
      <trkpt lat="22.2698115708" lon="114.2140452889"><ele>215.000</ele></trkpt>
      <trkpt lat="22.2698099987" lon="114.2140485883"><ele>215.000</ele></trkpt>
      <trkpt lat="22.2698085070" lon="114.2140519266"><ele>215.000</ele></trkpt>
      <trkpt lat="22.2698070911" lon="114.2140553066"><ele>215.000</ele></trkpt>
      <trkpt lat="22.2698057583" lon="114.2140587244"><ele>215.000</ele></trkpt>
      <trkpt lat="22.2698045050" lon="114.2140621753"><ele>215.000</ele></trkpt>
      <trkpt lat="22.2698033338" lon="114.2140656601"><ele>218.000</ele></trkpt>
      <trkpt lat="22.2698022475" lon="114.2140691780"><ele>218.000</ele></trkpt>
      <trkpt lat="22.2698012425" lon="114.2140727230"><ele>218.000</ele></trkpt>
      <trkpt lat="22.2698003206" lon="114.2140762933"><ele>218.000</ele></trkpt>
      <trkpt lat="22.2697994853" lon="114.2140798889"><ele>218.000</ele></trkpt>
      <trkpt lat="22.2697987349" lon="114.2140835077"><ele>218.000</ele></trkpt>
      <trkpt lat="22.2697980694" lon="114.2140871440"><ele>218.000</ele></trkpt>
      <trkpt lat="22.2697974888" lon="114.2140907979"><ele>218.000</ele></trkpt>
      <trkpt lat="22.2697969967" lon="114.2140944653"><ele>218.000</ele></trkpt>
      <trkpt lat="22.2697965895" lon="114.2140981463"><ele>218.000</ele></trkpt>
      <trkpt lat="22.2697962708" lon="114.2141018371"><ele>218.000</ele></trkpt>
      <trkpt lat="22.2697960387" lon="114.2141055356"><ele>218.000</ele></trkpt>
      <trkpt lat="22.2697958679" lon="114.2141103209"><ele>218.000</ele></trkpt>
      <trkpt lat="22.2697953270" lon="114.2141139806"><ele>218.000</ele></trkpt>
      <trkpt lat="22.2697948656" lon="114.2141176538"><ele>218.000</ele></trkpt>
      <trkpt lat="22.2697944873" lon="114.2141213387"><ele>218.000</ele></trkpt>
      <trkpt lat="22.2697941884" lon="114.2141250314"><ele>218.000</ele></trkpt>
      <trkpt lat="22.2697939717" lon="114.2141287300"><ele>218.000</ele></trkpt>
      <trkpt lat="22.2697938363" lon="114.2141324344"><ele>218.000</ele></trkpt>
      <trkpt lat="22.2697937831" lon="114.2141361408"><ele>218.000</ele></trkpt>
      <trkpt lat="22.2697938120" lon="114.2141398471"><ele>218.000</ele></trkpt>
      <trkpt lat="22.2697939205" lon="114.2141435516"><ele>218.000</ele></trkpt>
      <trkpt lat="22.2697941129" lon="114.2141472522"><ele>218.000</ele></trkpt>
      <trkpt lat="22.2697943865" lon="114.2141509451"><ele>218.000</ele></trkpt>
      <trkpt lat="22.2697946947" lon="114.2141541606"><ele>218.000</ele></trkpt>
      <trkpt lat="22.2697953833" lon="114.2141597746"><ele>218.000</ele></trkpt>
      <trkpt lat="22.2697956935" lon="114.2141619733"><ele>218.000</ele></trkpt>
      <trkpt lat="22.2697968947" lon="114.2141688847"><ele>218.000</ele></trkpt>
      <trkpt lat="22.2697988772" lon="114.2141719115"><ele>218.000</ele></trkpt>
      <trkpt lat="22.2698009933" lon="114.2141748306"><ele>218.000</ele></trkpt>
      <trkpt lat="22.2698032395" lon="114.2141776352"><ele>219.000</ele></trkpt>
      <trkpt lat="22.2698056103" lon="114.2141803196"><ele>219.000</ele></trkpt>
      <trkpt lat="22.2698080986" lon="114.2141828759"><ele>219.000</ele></trkpt>
      <trkpt lat="22.2698107015" lon="114.2141852983"><ele>219.000</ele></trkpt>
      <trkpt lat="22.2698134093" lon="114.2141875830"><ele>219.000</ele></trkpt>
      <trkpt lat="22.2698162173" lon="114.2141897203"><ele>219.000</ele></trkpt>
      <trkpt lat="22.2698191175" lon="114.2141917101"><ele>219.000</ele></trkpt>
      <trkpt lat="22.2698221063" lon="114.2141935427"><ele>219.000</ele></trkpt>
      <trkpt lat="22.2698251727" lon="114.2141952182"><ele>219.000</ele></trkpt>
      <trkpt lat="22.2698283114" lon="114.2141967307"><ele>219.000</ele></trkpt>
      <trkpt lat="22.2698345564" lon="114.2141991774"><ele>219.000</ele></trkpt>
      <trkpt lat="22.2698376987" lon="114.2142006801"><ele>219.000</ele></trkpt>
      <trkpt lat="22.2698440033" lon="114.2142036450"><ele>219.000</ele></trkpt>
      <trkpt lat="22.2698471618" lon="114.2142051070"><ele>219.000</ele></trkpt>
      <trkpt lat="22.2698534989" lon="114.2142079884"><ele>218.000</ele></trkpt>
      <trkpt lat="22.2698598576" lon="114.2142108155"><ele>218.000</ele></trkpt>
      <trkpt lat="22.2698630460" lon="114.2142122077"><ele>218.000</ele></trkpt>
      <trkpt lat="22.2698662362" lon="114.2142135843"><ele>218.000</ele></trkpt>
      <trkpt lat="22.2698726365" lon="114.2142162989"><ele>218.000</ele></trkpt>
      <trkpt lat="22.2698790567" lon="114.2142189571"><ele>218.000</ele></trkpt>
      <trkpt lat="22.2698854968" lon="114.2142215572"><ele>218.000</ele></trkpt>
      <trkpt lat="22.2698919567" lon="114.2142241039"><ele>218.000</ele></trkpt>
      <trkpt lat="22.2698984365" lon="114.2142265904"><ele>218.000</ele></trkpt>
      <trkpt lat="22.2699049326" lon="114.2142290217"><ele>218.000</ele></trkpt>
      <trkpt lat="22.2699114486" lon="114.2142313967"><ele>218.000</ele></trkpt>
      <trkpt lat="22.2699179817" lon="114.2142337134"><ele>218.000</ele></trkpt>
      <trkpt lat="22.2699212551" lon="114.2142348495"><ele>218.000</ele></trkpt>
      <trkpt lat="22.2699268049" lon="114.2142367410"><ele>218.000</ele></trkpt>
      <trkpt lat="22.2699300159" lon="114.2142380692"><ele>218.000</ele></trkpt>
      <trkpt lat="22.2699332160" lon="114.2142394226"><ele>218.000</ele></trkpt>
      <trkpt lat="22.2699364089" lon="114.2142408012"><ele>218.000</ele></trkpt>
      <trkpt lat="22.2699395910" lon="114.2142422070"><ele>218.000</ele></trkpt>
      <trkpt lat="22.2699427622" lon="114.2142436360"><ele>218.000</ele></trkpt>
      <trkpt lat="22.2699459244" lon="114.2142450942"><ele>218.000</ele></trkpt>
      <trkpt lat="22.2699490767" lon="114.2142465756"><ele>218.000</ele></trkpt>
      <trkpt lat="22.2699522181" lon="114.2142480823"><ele>218.000</ele></trkpt>
      <trkpt lat="22.2699553478" lon="114.2142496161"><ele>218.000</ele></trkpt>
      <trkpt lat="22.2699584684" lon="114.2142511752"><ele>218.000</ele></trkpt>
      <trkpt lat="22.2699615782" lon="114.2142527575"><ele>218.000</ele></trkpt>
      <trkpt lat="22.2699646753" lon="114.2142543671"><ele>218.000</ele></trkpt>
      <trkpt lat="22.2699677626" lon="114.2142560018"><ele>218.000</ele></trkpt>
      <trkpt lat="22.2699708371" lon="114.2142576598"><ele>218.000</ele></trkpt>
      <trkpt lat="22.2699738999" lon="114.2142593459"><ele>218.000</ele></trkpt>
      <trkpt lat="22.2699769519" lon="114.2142610534"><ele>218.000</ele></trkpt>
      <trkpt lat="22.2699799912" lon="114.2142627852"><ele>218.000</ele></trkpt>
      <trkpt lat="22.2699830179" lon="114.2142645441"><ele>218.000</ele></trkpt>
      <trkpt lat="22.2699860337" lon="114.2142663263"><ele>218.000</ele></trkpt>
      <trkpt lat="22.2699890351" lon="114.2142681347"><ele>218.000</ele></trkpt>
      <trkpt lat="22.2699920256" lon="114.2142699654"><ele>218.000</ele></trkpt>
      <trkpt lat="22.2699950017" lon="114.2142718203"><ele>218.000</ele></trkpt>
      <trkpt lat="22.2699979651" lon="114.2142736995"><ele>220.000</ele></trkpt>
      <trkpt lat="22.2700009159" lon="114.2142756020"><ele>220.000</ele></trkpt>
      <trkpt lat="22.2700038522" lon="114.2142775297"><ele>220.000</ele></trkpt>
      <trkpt lat="22.2700067768" lon="114.2142794807"><ele>220.000</ele></trkpt>
      <trkpt lat="22.2700096851" lon="114.2142814569"><ele>220.000</ele></trkpt>
      <trkpt lat="22.2700125816" lon="114.2142834545"><ele>220.000</ele></trkpt>
      <trkpt lat="22.2700154638" lon="114.2142854753"><ele>220.000</ele></trkpt>
      <trkpt lat="22.2700183314" lon="114.2142875214"><ele>220.000</ele></trkpt>
      <trkpt lat="22.2700211846" lon="114.2142895888"><ele>220.000</ele></trkpt>
      <trkpt lat="22.2700240234" lon="114.2142916814"><ele>220.000</ele></trkpt>
      <trkpt lat="22.2700268477" lon="114.2142937964"><ele>220.000</ele></trkpt>
      <trkpt lat="22.2700296575" lon="114.2142959326"><ele>220.000</ele></trkpt>
      <trkpt lat="22.2700324511" lon="114.2142980912"><ele>216.000</ele></trkpt>
      <trkpt lat="22.2700352302" lon="114.2143002760"><ele>216.000</ele></trkpt>
      <trkpt lat="22.2700379940" lon="114.2143024802"><ele>216.000</ele></trkpt>
      <trkpt lat="22.2700407415" lon="114.2143047067"><ele>216.000</ele></trkpt>
      <trkpt lat="22.2700434737" lon="114.2143069565"><ele>216.000</ele></trkpt>
      <trkpt lat="22.2700461914" lon="114.2143092276"><ele>216.000</ele></trkpt>
      <trkpt lat="22.2700488928" lon="114.2143115220"><ele>216.000</ele></trkpt>
      <trkpt lat="22.2700515762" lon="114.2143138378"><ele>216.000</ele></trkpt>
      <trkpt lat="22.2700551318" lon="114.2143169590"><ele>216.000</ele></trkpt>
      <trkpt lat="22.2700576697" lon="114.2143194610"><ele>216.000</ele></trkpt>
      <trkpt lat="22.2700602203" lon="114.2143219436"><ele>218.000</ele></trkpt>
      <trkpt lat="22.2700627880" lon="114.2143244107"><ele>218.000</ele></trkpt>
      <trkpt lat="22.2700653684" lon="114.2143268584"><ele>218.000</ele></trkpt>
      <trkpt lat="22.2700679651" lon="114.2143292886"><ele>218.000</ele></trkpt>
      <trkpt lat="22.2700705762" lon="114.2143316994"><ele>218.000</ele></trkpt>
      <trkpt lat="22.2700732017" lon="114.2143340908"><ele>218.000</ele></trkpt>
      <trkpt lat="22.2700758417" lon="114.2143364667"><ele>213.000</ele></trkpt>
      <trkpt lat="22.2700784962" lon="114.2143388213"><ele>213.000</ele></trkpt>
      <trkpt lat="22.2700811651" lon="114.2143411593"><ele>213.000</ele></trkpt>
      <trkpt lat="22.2700838485" lon="114.2143434760"><ele>213.000</ele></trkpt>
      <trkpt lat="22.2700865445" lon="114.2143457763"><ele>213.000</ele></trkpt>
      <trkpt lat="22.2700892568" lon="114.2143480551"><ele>213.000</ele></trkpt>
      <trkpt lat="22.2700919799" lon="114.2143503166"><ele>213.000</ele></trkpt>
      <trkpt lat="22.2700947193" lon="114.2143525586"><ele>213.000</ele></trkpt>
      <trkpt lat="22.2700974704" lon="114.2143547812"><ele>213.000</ele></trkpt>
      <trkpt lat="22.2701002369" lon="114.2143569844"><ele>213.000</ele></trkpt>
      <trkpt lat="22.2701030133" lon="114.2143591663"><ele>213.000</ele></trkpt>
      <trkpt lat="22.2701058051" lon="114.2143613307"><ele>213.000</ele></trkpt>
      <trkpt lat="22.2701086095" lon="114.2143634757"><ele>213.000</ele></trkpt>
      <trkpt lat="22.2701114266" lon="114.2143655994"><ele>213.000</ele></trkpt>
      <trkpt lat="22.2701142581" lon="114.2143677037"><ele>213.000</ele></trkpt>
      <trkpt lat="22.2701171005" lon="114.2143697886"><ele>213.000</ele></trkpt>
      <trkpt lat="22.2701199582" lon="114.2143718550"><ele>217.000</ele></trkpt>
      <trkpt lat="22.2701228250" lon="114.2143738981"><ele>215.000</ele></trkpt>
      <trkpt lat="22.2701257062" lon="114.2143759209"><ele>215.000</ele></trkpt>
      <trkpt lat="22.2701285982" lon="114.2143779263"><ele>215.000</ele></trkpt>
      <trkpt lat="22.2701315020" lon="114.2143799083"><ele>215.000</ele></trkpt>
      <trkpt lat="22.2701344185" lon="114.2143818709"><ele>215.000</ele></trkpt>
      <trkpt lat="22.2701373476" lon="114.2143838142"><ele>215.000</ele></trkpt>
      <trkpt lat="22.2701402875" lon="114.2143857361"><ele>215.000</ele></trkpt>
      <trkpt lat="22.2701432401" lon="114.2143876366"><ele>215.000</ele></trkpt>
      <trkpt lat="22.2701462044" lon="114.2143895158"><ele>215.000</ele></trkpt>
      <trkpt lat="22.2701491778" lon="114.2143913756"><ele>215.000</ele></trkpt>
      <trkpt lat="22.2701521629" lon="114.2143932141"><ele>215.000</ele></trkpt>
      <trkpt lat="22.2701551606" lon="114.2143950312"><ele>215.000</ele></trkpt>
      <trkpt lat="22.2701581701" lon="114.2143968270"><ele>215.000</ele></trkpt>
      <trkpt lat="22.2701611869" lon="114.2143986014"><ele>215.000</ele></trkpt>
      <trkpt lat="22.2701642172" lon="114.2144003545"><ele>215.000</ele></trkpt>
      <trkpt lat="22.2701672565" lon="114.2144020882"><ele>214.000</ele></trkpt>
      <trkpt lat="22.2701703066" lon="114.2144037986"><ele>214.000</ele></trkpt>
      <trkpt lat="22.2701733676" lon="114.2144054877"><ele>214.000</ele></trkpt>
      <trkpt lat="22.2701764395" lon="114.2144071554"><ele>214.000</ele></trkpt>
      <trkpt lat="22.2701795203" lon="114.2144088018"><ele>214.000</ele></trkpt>
      <trkpt lat="22.2701827963" lon="114.2144105219"><ele>214.000</ele></trkpt>
      <trkpt lat="22.2701890538" lon="114.2144136003"><ele>214.000</ele></trkpt>
      <trkpt lat="22.2701953005" lon="114.2144166981"><ele>214.000</ele></trkpt>
      <trkpt lat="22.2702015399" lon="114.2144198181"><ele>218.000</ele></trkpt>
      <trkpt lat="22.2702077685" lon="114.2144229615"><ele>218.000</ele></trkpt>
      <trkpt lat="22.2702139863" lon="114.2144261262"><ele>216.000</ele></trkpt>
      <trkpt lat="22.2702201969" lon="114.2144293122"><ele>216.000</ele></trkpt>
      <trkpt lat="22.2702294928" lon="114.2144341350"><ele>216.000</ele></trkpt>
      <trkpt lat="22.2702387652" lon="114.2144390062"><ele>216.000</ele></trkpt>
      <trkpt lat="22.2702449342" lon="114.2144422815"><ele>216.000</ele></trkpt>
      <trkpt lat="22.2702510942" lon="114.2144455801"><ele>216.000</ele></trkpt>
      <trkpt lat="22.2702603151" lon="114.2144505658"><ele>216.000</ele></trkpt>
      <trkpt lat="22.2702702439" lon="114.2144560057"><ele>216.000</ele></trkpt>
      <trkpt lat="22.2702973385" lon="114.2144759498"><ele>218.000</ele></trkpt>
      <trkpt lat="22.2703004230" lon="114.2144775865"><ele>218.000</ele></trkpt>
      <trkpt lat="22.2703035481" lon="114.2144791378"><ele>216.000</ele></trkpt>
      <trkpt lat="22.2703067058" lon="114.2144806028"><ele>216.000</ele></trkpt>
      <trkpt lat="22.2703098987" lon="114.2144819785"><ele>216.000</ele></trkpt>
      <trkpt lat="22.2703131224" lon="114.2144832659"><ele>216.000</ele></trkpt>
      <trkpt lat="22.2703163767" lon="114.2144844641"><ele>216.000</ele></trkpt>
      <trkpt lat="22.2703196582" lon="114.2144855730"><ele>216.000</ele></trkpt>
      <trkpt lat="22.2703229650" lon="114.2144865888"><ele>216.000</ele></trkpt>
      <trkpt lat="22.2703262953" lon="114.2144875134"><ele>216.000</ele></trkpt>
      <trkpt lat="22.2703296473" lon="114.2144883467"><ele>216.000</ele></trkpt>
      <trkpt lat="22.2703330155" lon="114.2144890870"><ele>216.000</ele></trkpt>
      <trkpt lat="22.2703364019" lon="114.2144897321"><ele>216.000</ele></trkpt>
      <trkpt lat="22.2703398027" lon="114.2144902842"><ele>216.000</ele></trkpt>
      <trkpt lat="22.2703432162" lon="114.2144907430"><ele>216.000</ele></trkpt>
      <trkpt lat="22.2703466387" lon="114.2144911068"><ele>214.000</ele></trkpt>
      <trkpt lat="22.2703501064" lon="114.2144913775"><ele>214.000</ele></trkpt>
      <trkpt lat="22.2704058369" lon="114.2144966667"><ele>213.000</ele></trkpt>
      <trkpt lat="22.2704126585" lon="114.2144976058"><ele>213.000</ele></trkpt>
      <trkpt lat="22.2704160746" lon="114.2144980511"><ele>213.000</ele></trkpt>
      <trkpt lat="22.2704194890" lon="114.2144984819"><ele>213.000</ele></trkpt>
      <trkpt lat="22.2704263268" lon="114.2144992880"><ele>213.000</ele></trkpt>
      <trkpt lat="22.2704297476" lon="114.2144996693"><ele>213.000</ele></trkpt>
      <trkpt lat="22.2704365953" lon="114.2145003794"><ele>213.000</ele></trkpt>
      <trkpt lat="22.2704434467" lon="114.2145010236"><ele>213.000</ele></trkpt>
      <trkpt lat="22.2704468747" lon="114.2145013214"><ele>213.000</ele></trkpt>
      <trkpt lat="22.2704537343" lon="114.2145018685"><ele>213.000</ele></trkpt>
      <trkpt lat="22.2704606002" lon="114.2145023496"><ele>213.000</ele></trkpt>
      <trkpt lat="22.2704674661" lon="114.2145027648"><ele>213.000</ele></trkpt>
      <trkpt lat="22.2704709013" lon="114.2145029481"><ele>213.000</ele></trkpt>
      <trkpt lat="22.2704777735" lon="114.2145032653"><ele>213.000</ele></trkpt>
      <trkpt lat="22.2704846494" lon="114.2145035146"><ele>212.000</ele></trkpt>
      <trkpt lat="22.2704915253" lon="114.2145037008"><ele>212.000</ele></trkpt>
      <trkpt lat="22.2704949641" lon="114.2145037696"><ele>212.000</ele></trkpt>
      <trkpt lat="22.2705028443" lon="114.2145038765"><ele>212.000</ele></trkpt>
      <trkpt lat="22.2705062831" lon="114.2145038871"><ele>212.000</ele></trkpt>
      <trkpt lat="22.2705097220" lon="114.2145038628"><ele>212.000</ele></trkpt>
      <trkpt lat="22.2705131609" lon="114.2145038055"><ele>212.000</ele></trkpt>
      <trkpt lat="22.2705165998" lon="114.2145037114"><ele>212.000</ele></trkpt>
      <trkpt lat="22.2705200369" lon="114.2145035852"><ele>212.000</ele></trkpt>
      <trkpt lat="22.2705234722" lon="114.2145034221"><ele>212.000</ele></trkpt>
      <trkpt lat="22.2705269075" lon="114.2145032270"><ele>213.000</ele></trkpt>
      <trkpt lat="22.2705303410" lon="114.2145029951"><ele>213.000</ele></trkpt>
      <trkpt lat="22.2705337718" lon="114.2145027302"><ele>213.000</ele></trkpt>
      <trkpt lat="22.2705371990" lon="114.2145024322"><ele>213.000</ele></trkpt>
      <trkpt lat="22.2705406253" lon="114.2145020975"><ele>213.000</ele></trkpt>
      <trkpt lat="22.2705440462" lon="114.2145017297"><ele>213.000</ele></trkpt>
      <trkpt lat="22.2705474680" lon="114.2145013279"><ele>213.000</ele></trkpt>
      <trkpt lat="22.2705508826" lon="114.2145008913"><ele>213.000</ele></trkpt>
      <trkpt lat="22.2705542936" lon="114.2145004206"><ele>213.000</ele></trkpt>
      <trkpt lat="22.2705577010" lon="114.2144999151"><ele>213.000</ele></trkpt>
      <trkpt lat="22.2705611038" lon="114.2144993765"><ele>213.000</ele></trkpt>
      <trkpt lat="22.2705645031" lon="114.2144988030"><ele>213.000</ele></trkpt>
      <trkpt lat="22.2705678951" lon="114.2144981966"><ele>213.000</ele></trkpt>
      <trkpt lat="22.2705712836" lon="114.2144975551"><ele>213.000</ele></trkpt>
      <trkpt lat="22.2705746657" lon="114.2144968808"><ele>214.000</ele></trkpt>
      <trkpt lat="22.2705780424" lon="114.2144961734"><ele>214.000</ele></trkpt>
      <trkpt lat="22.2705814111" lon="114.2144954291"><ele>214.000</ele></trkpt>
      <trkpt lat="22.2705847742" lon="114.2144946538"><ele>214.000</ele></trkpt>
      <trkpt lat="22.2705881320" lon="114.2144938445"><ele>214.000</ele></trkpt>
      <trkpt lat="22.2705914817" lon="114.2144930003"><ele>214.000</ele></trkpt>
      <trkpt lat="22.2705948223" lon="114.2144921241"><ele>214.000</ele></trkpt>
      <trkpt lat="22.2705981567" lon="114.2144912130"><ele>214.000</ele></trkpt>
      <trkpt lat="22.2706014847" lon="114.2144902688"><ele>214.000</ele></trkpt>
      <trkpt lat="22.2706066894" lon="114.2144887217"><ele>214.000</ele></trkpt>
      <trkpt lat="22.2706250246" lon="114.2144837307"><ele>215.000</ele></trkpt>
      <trkpt lat="22.2706281820" lon="114.2144822616"><ele>215.000</ele></trkpt>
      <trkpt lat="22.2706313954" lon="114.2144809410"><ele>215.000</ele></trkpt>
      <trkpt lat="22.2706346612" lon="114.2144797727"><ele>215.000</ele></trkpt>
      <trkpt lat="22.2706379693" lon="114.2144787577"><ele>215.000</ele></trkpt>
      <trkpt lat="22.2706413136" lon="114.2144778990"><ele>215.000</ele></trkpt>
      <trkpt lat="22.2706446912" lon="114.2144771955"><ele>215.000</ele></trkpt>
      <trkpt lat="22.2706480941" lon="114.2144766530"><ele>215.000</ele></trkpt>
      <trkpt lat="22.2706515132" lon="114.2144762678"><ele>215.000</ele></trkpt>
      <trkpt lat="22.2706549476" lon="114.2144760455"><ele>215.000</ele></trkpt>
      <trkpt lat="22.2706583865" lon="114.2144759824"><ele>215.000</ele></trkpt>
      <trkpt lat="22.2706618226" lon="114.2144760804"><ele>215.000</ele></trkpt>
      <trkpt lat="22.2706652542" lon="114.2144763394"><ele>214.000</ele></trkpt>
      <trkpt lat="22.2706686713" lon="114.2144767575"><ele>214.000</ele></trkpt>
      <trkpt lat="22.2706720694" lon="114.2144773357"><ele>214.000</ele></trkpt>
      <trkpt lat="22.2706754386" lon="114.2144780711"><ele>214.000</ele></trkpt>
      <trkpt lat="22.2706787770" lon="114.2144789646"><ele>214.000</ele></trkpt>
      <trkpt lat="22.2706820738" lon="114.2144800134"><ele>214.000</ele></trkpt>
      <trkpt lat="22.2706853273" lon="114.2144812164"><ele>214.000</ele></trkpt>
      <trkpt lat="22.2706885392" lon="114.2144825727"><ele>214.000</ele></trkpt>
      <trkpt lat="22.2707128554" lon="114.2144889354"><ele>213.000</ele></trkpt>
      <trkpt lat="22.2707261713" lon="114.2144919604"><ele>213.000</ele></trkpt>
      <trkpt lat="22.2707287847" lon="114.2144925520"><ele>213.000</ele></trkpt>
      <trkpt lat="22.2707472658" lon="114.2144967504"><ele>213.000</ele></trkpt>
      <trkpt lat="22.2707506069" lon="114.2144976264"><ele>213.000</ele></trkpt>
      <trkpt lat="22.2707539336" lon="114.2144985627"><ele>210.000</ele></trkpt>
      <trkpt lat="22.2707572458" lon="114.2144995629"><ele>210.000</ele></trkpt>
      <trkpt lat="22.2707605418" lon="114.2145006233"><ele>210.000</ele></trkpt>
      <trkpt lat="22.2707638196" lon="114.2145017439"><ele>210.000</ele></trkpt>
      <trkpt lat="22.2707670776" lon="114.2145029265"><ele>210.000</ele></trkpt>
      <trkpt lat="22.2707703175" lon="114.2145041674"><ele>210.000</ele></trkpt>
      <trkpt lat="22.2707735375" lon="114.2145054704"><ele>210.000</ele></trkpt>
      <trkpt lat="22.2707767368" lon="114.2145068315"><ele>210.000</ele></trkpt>
      <trkpt lat="22.2707799125" lon="114.2145082509"><ele>210.000</ele></trkpt>
      <trkpt lat="22.2707830657" lon="114.2145097304"><ele>210.000</ele></trkpt>
      <trkpt lat="22.2707861954" lon="114.2145112691"><ele>210.000</ele></trkpt>
      <trkpt lat="22.2707892979" lon="114.2145128621"><ele>210.000</ele></trkpt>
      <trkpt lat="22.2707923770" lon="114.2145145173"><ele>210.000</ele></trkpt>
      <trkpt lat="22.2707954271" lon="114.2145162248"><ele>214.000</ele></trkpt>
      <trkpt lat="22.2707984502" lon="114.2145179895"><ele>212.000</ele></trkpt>
      <trkpt lat="22.2708014461" lon="114.2145198105"><ele>212.000</ele></trkpt>
      <trkpt lat="22.2708044114" lon="114.2145216878"><ele>212.000</ele></trkpt>
      <trkpt lat="22.2708073459" lon="114.2145236204"><ele>212.000</ele></trkpt>
      <trkpt lat="22.2708102497" lon="114.2145256053"><ele>212.000</ele></trkpt>
      <trkpt lat="22.2708158884" lon="114.2145296819"><ele>212.000</ele></trkpt>
      <trkpt lat="22.2708187262" lon="114.2145317746"><ele>212.000</ele></trkpt>
      <trkpt lat="22.2708215993" lon="114.2145338090"><ele>212.000</ele></trkpt>
      <trkpt lat="22.2708245067" lon="114.2145357872"><ele>212.000</ele></trkpt>
      <trkpt lat="22.2708274494" lon="114.2145377052"><ele>212.000</ele></trkpt>
      <trkpt lat="22.2708304245" lon="114.2145395631"><ele>212.000</ele></trkpt>
      <trkpt lat="22.2708334313" lon="114.2145413628"><ele>212.000</ele></trkpt>
      <trkpt lat="22.2708364670" lon="114.2145431004"><ele>212.000</ele></trkpt>
      <trkpt lat="22.2708395334" lon="114.2145447778"><ele>212.000</ele></trkpt>
      <trkpt lat="22.2708426288" lon="114.2145463912"><ele>212.000</ele></trkpt>
      <trkpt lat="22.2708457530" lon="114.2145479445"><ele>212.000</ele></trkpt>
      <trkpt lat="22.2708489007" lon="114.2145494337"><ele>212.000</ele></trkpt>
      <trkpt lat="22.2708520756" lon="114.2145508589"><ele>212.000</ele></trkpt>
      <trkpt lat="22.2708552739" lon="114.2145522200"><ele>212.000</ele></trkpt>
      <trkpt lat="22.2708584958" lon="114.2145535172"><ele>212.000</ele></trkpt>
      <trkpt lat="22.2708617393" lon="114.2145547483"><ele>212.000</ele></trkpt>
      <trkpt lat="22.2708650027" lon="114.2145559155"><ele>212.000</ele></trkpt>
      <trkpt lat="22.2708682860" lon="114.2145570147"><ele>212.000</ele></trkpt>
      <trkpt lat="22.2708715891" lon="114.2145580499"><ele>212.000</ele></trkpt>
      <trkpt lat="22.2708749086" lon="114.2145590171"><ele>212.000</ele></trkpt>
      <trkpt lat="22.2708782443" lon="114.2145599194"><ele>212.000</ele></trkpt>
      <trkpt lat="22.2708815945" lon="114.2145607518"><ele>212.000</ele></trkpt>
      <trkpt lat="22.2708849591" lon="114.2145615192"><ele>212.000</ele></trkpt>
      <trkpt lat="22.2708883364" lon="114.2145622168"><ele>212.000</ele></trkpt>
      <trkpt lat="22.2708945998" lon="114.2145633265"><ele>212.000</ele></trkpt>
      <trkpt lat="22.2708979988" lon="114.2145638882"><ele>212.000</ele></trkpt>
      <trkpt lat="22.2709013725" lon="114.2145646071"><ele>214.000</ele></trkpt>
      <trkpt lat="22.2709047154" lon="114.2145654793"><ele>214.000</ele></trkpt>
      <trkpt lat="22.2709080186" lon="114.2145665087"><ele>214.000</ele></trkpt>
      <trkpt lat="22.2709112784" lon="114.2145676874"><ele>214.000</ele></trkpt>
      <trkpt lat="22.2709144876" lon="114.2145690176"><ele>214.000</ele></trkpt>
      <trkpt lat="22.2709176407" lon="114.2145704951"><ele>214.000</ele></trkpt>
      <trkpt lat="22.2709207325" lon="114.2145721163"><ele>214.000</ele></trkpt>
      <trkpt lat="22.2709237573" lon="114.2145738811"><ele>214.000</ele></trkpt>
      <trkpt lat="22.2709267081" lon="114.2145757816"><ele>214.000</ele></trkpt>
      <trkpt lat="22.2709295812" lon="114.2145778199"><ele>214.000</ele></trkpt>
      <trkpt lat="22.2709323693" lon="114.2145799883"><ele>214.000</ele></trkpt>
      <trkpt lat="22.2709350672" lon="114.2145822827"><ele>212.000</ele></trkpt>
      <trkpt lat="22.2709376728" lon="114.2145847013"><ele>212.000</ele></trkpt>
      <trkpt lat="22.2709401792" lon="114.2145872382"><ele>212.000</ele></trkpt>
      <trkpt lat="22.2709425825" lon="114.2145898896"><ele>212.000</ele></trkpt>
      <trkpt lat="22.2709448774" lon="114.2145926487"><ele>212.000</ele></trkpt>
      <trkpt lat="22.2709483188" lon="114.2145972865"><ele>212.000</ele></trkpt>
      <trkpt lat="22.2709509480" lon="114.2145996760"><ele>212.000</ele></trkpt>
      <trkpt lat="22.2709536043" lon="114.2146020267"><ele>212.000</ele></trkpt>
      <trkpt lat="22.2709562913" lon="114.2146043405"><ele>212.000</ele></trkpt>
      <trkpt lat="22.2709590053" lon="114.2146066155"><ele>212.000</ele></trkpt>
      <trkpt lat="22.2709617465" lon="114.2146088517"><ele>212.000</ele></trkpt>
      <trkpt lat="22.2709645166" lon="114.2146110492"><ele>212.000</ele></trkpt>
      <trkpt lat="22.2709673120" lon="114.2146132078"><ele>214.000</ele></trkpt>
      <trkpt lat="22.2709701345" lon="114.2146153237"><ele>214.000</ele></trkpt>
      <trkpt lat="22.2709729823" lon="114.2146174008"><ele>214.000</ele></trkpt>
      <trkpt lat="22.2709758554" lon="114.2146194372"><ele>214.000</ele></trkpt>
      <trkpt lat="22.2709787519" lon="114.2146214329"><ele>213.000</ele></trkpt>
      <trkpt lat="22.2709816747" lon="114.2146233877"><ele>213.000</ele></trkpt>
      <trkpt lat="22.2709846209" lon="114.2146253000"><ele>213.000</ele></trkpt>
      <trkpt lat="22.2709875898" lon="114.2146271695"><ele>213.000</ele></trkpt>
      <trkpt lat="22.2709905803" lon="114.2146289963"><ele>213.000</ele></trkpt>
      <trkpt lat="22.2709935943" lon="114.2146307805"><ele>213.000</ele></trkpt>
      <trkpt lat="22.2709966300" lon="114.2146325219"><ele>213.000</ele></trkpt>
      <trkpt lat="22.2709996856" lon="114.2146342217"><ele>213.000</ele></trkpt>
      <trkpt lat="22.2710057191" lon="114.2146374135"><ele>213.000</ele></trkpt>
      <trkpt lat="22.2710083844" lon="114.2146397535"><ele>213.000</ele></trkpt>
      <trkpt lat="22.2710109594" lon="114.2146422100"><ele>213.000</ele></trkpt>
      <trkpt lat="22.2710134368" lon="114.2146447789"><ele>213.000</ele></trkpt>
      <trkpt lat="22.2710158149" lon="114.2146474555"><ele>213.000</ele></trkpt>
      <trkpt lat="22.2710180881" lon="114.2146502350"><ele>213.000</ele></trkpt>
      <trkpt lat="22.2710202530" lon="114.2146531134"><ele>213.000</ele></trkpt>
      <trkpt lat="22.2710223077" lon="114.2146560849"><ele>213.000</ele></trkpt>
      <trkpt lat="22.2710242450" lon="114.2146591456"><ele>212.000</ele></trkpt>
      <trkpt lat="22.2710260648" lon="114.2146622926"><ele>214.000</ele></trkpt>
      <trkpt lat="22.2710277618" lon="114.2146655134"><ele>214.000</ele></trkpt>
      <trkpt lat="22.2710293360" lon="114.2146688088"><ele>214.000</ele></trkpt>
      <trkpt lat="22.2710307801" lon="114.2146721702"><ele>214.000</ele></trkpt>
      <trkpt lat="22.2710320960" lon="114.2146755937"><ele>214.000</ele></trkpt>
      <trkpt lat="22.2710332809" lon="114.2146790733"><ele>214.000</ele></trkpt>
      <trkpt lat="22.2710343303" lon="114.2146826015"><ele>214.000</ele></trkpt>
      <trkpt lat="22.2710352452" lon="114.2146861743"><ele>214.000</ele></trkpt>
      <trkpt lat="22.2710360210" lon="114.2146897858"><ele>214.000</ele></trkpt>
      <trkpt lat="22.2710370112" lon="114.2146958968"><ele>214.000</ele></trkpt>
      <trkpt lat="22.2710378520" lon="114.2146994908"><ele>214.000</ele></trkpt>
      <trkpt lat="22.2710386657" lon="114.2147030907"><ele>214.000</ele></trkpt>
      <trkpt lat="22.2710394523" lon="114.2147066984"><ele>214.000</ele></trkpt>
      <trkpt lat="22.2710402164" lon="114.2147103119"><ele>216.000</ele></trkpt>
      <trkpt lat="22.2710409524" lon="114.2147139331"><ele>216.000</ele></trkpt>
      <trkpt lat="22.2710416632" lon="114.2147175582"><ele>216.000</ele></trkpt>
      <trkpt lat="22.2710423460" lon="114.2147211910"><ele>216.000</ele></trkpt>
      <trkpt lat="22.2710430053" lon="114.2147248297"><ele>216.000</ele></trkpt>
      <trkpt lat="22.2710436375" lon="114.2147284722"><ele>216.000</ele></trkpt>
      <trkpt lat="22.2710442435" lon="114.2147321206"><ele>216.000</ele></trkpt>
      <trkpt lat="22.2710448233" lon="114.2147357728"><ele>216.000</ele></trkpt>
      <trkpt lat="22.2710453778" lon="114.2147394308"><ele>216.000</ele></trkpt>
      <trkpt lat="22.2710459053" lon="114.2147430927"><ele>216.000</ele></trkpt>
      <trkpt lat="22.2710464065" lon="114.2147467614"><ele>216.000</ele></trkpt>
      <trkpt lat="22.2710468816" lon="114.2147504321"><ele>216.000</ele></trkpt>
      <trkpt lat="22.2710473313" lon="114.2147541056"><ele>216.000</ele></trkpt>
      <trkpt lat="22.2710477549" lon="114.2147577850"><ele>216.000</ele></trkpt>
      <trkpt lat="22.2710481487" lon="114.2147614662"><ele>216.000</ele></trkpt>
      <trkpt lat="22.2710485199" lon="114.2147651514"><ele>216.000</ele></trkpt>
      <trkpt lat="22.2710488622" lon="114.2147688385"><ele>216.000</ele></trkpt>
      <trkpt lat="22.2710491801" lon="114.2147725295"><ele>216.000</ele></trkpt>
      <trkpt lat="22.2710494710" lon="114.2147762224"><ele>216.000</ele></trkpt>
      <trkpt lat="22.2710497356" lon="114.2147799172"><ele>216.000</ele></trkpt>
      <trkpt lat="22.2710500163" lon="114.2147843281"><ele>216.000</ele></trkpt>
      <trkpt lat="22.2710500660" lon="114.2147880326"><ele>216.000</ele></trkpt>
      <trkpt lat="22.2710503045" lon="114.2147917313"><ele>216.000</ele></trkpt>
      <trkpt lat="22.2710507308" lon="114.2147954067"><ele>216.000</ele></trkpt>
      <trkpt lat="22.2710513458" lon="114.2147990541"><ele>216.000</ele></trkpt>
      <trkpt lat="22.2710521469" lon="114.2148026579"><ele>216.000</ele></trkpt>
      <trkpt lat="22.2710531304" lon="114.2148062084"><ele>216.000</ele></trkpt>
      <trkpt lat="22.2710542936" lon="114.2148096968"><ele>218.000</ele></trkpt>
      <trkpt lat="22.2710556321" lon="114.2148131076"><ele>218.000</ele></trkpt>
      <trkpt lat="22.2710571448" lon="114.2148164360"><ele>218.000</ele></trkpt>
      <trkpt lat="22.2710588265" lon="114.2148196694"><ele>218.000</ele></trkpt>
      <trkpt lat="22.2710606671" lon="114.2148227980"><ele>218.000</ele></trkpt>
      <trkpt lat="22.2710626676" lon="114.2148258122"><ele>218.000</ele></trkpt>
      <trkpt lat="22.2710648180" lon="114.2148287022"><ele>218.000</ele></trkpt>
      <trkpt lat="22.2710671130" lon="114.2148314613"><ele>218.000</ele></trkpt>
      <trkpt lat="22.2710695470" lon="114.2148340787"><ele>218.000</ele></trkpt>
      <trkpt lat="22.2710721093" lon="114.2148365497"><ele>218.000</ele></trkpt>
      <trkpt lat="22.2710747945" lon="114.2148388636"><ele>218.000</ele></trkpt>
      <trkpt lat="22.2710775953" lon="114.2148410144"><ele>218.000</ele></trkpt>
      <trkpt lat="22.2710805009" lon="114.2148429945"><ele>218.000</ele></trkpt>
      <trkpt lat="22.2710835023" lon="114.2148448000"><ele>218.000</ele></trkpt>
      <trkpt lat="22.2710865922" lon="114.2148464251"><ele>218.000</ele></trkpt>
      <trkpt lat="22.2710900325" lon="114.2148479775"><ele>218.000</ele></trkpt>
      <trkpt lat="22.2711159751" lon="114.2148659470"><ele>219.000</ele></trkpt>
      <trkpt lat="22.2711189566" lon="114.2148677932"><ele>219.000</ele></trkpt>
      <trkpt lat="22.2711219896" lon="114.2148695434"><ele>219.000</ele></trkpt>
      <trkpt lat="22.2711250678" lon="114.2148711918"><ele>219.000</ele></trkpt>
      <trkpt lat="22.2711281947" lon="114.2148727382"><ele>219.000</ele></trkpt>
      <trkpt lat="22.2711313596" lon="114.2148741828"><ele>219.000</ele></trkpt>
      <trkpt lat="22.2711345652" lon="114.2148755227"><ele>219.000</ele></trkpt>
      <trkpt lat="22.2711378087" lon="114.2148767577"><ele>219.000</ele></trkpt>
      <trkpt lat="22.2711410829" lon="114.2148778861"><ele>219.000</ele></trkpt>
      <trkpt lat="22.2711443897" lon="114.2148789057"><ele>219.000</ele></trkpt>
      <trkpt lat="22.2711477218" lon="114.2148798187"><ele>219.000</ele></trkpt>
      <trkpt lat="22.2711510792" lon="114.2148806210"><ele>219.000</ele></trkpt>
      <trkpt lat="22.2711544583" lon="114.2148813147"><ele>219.000</ele></trkpt>
      <trkpt lat="22.2711578537" lon="114.2148818987"><ele>219.000</ele></trkpt>
      <trkpt lat="22.2711612654" lon="114.2148823693"><ele>218.000</ele></trkpt>
      <trkpt lat="22.2711646879" lon="114.2148827282"><ele>218.000</ele></trkpt>
      <trkpt lat="22.2711681195" lon="114.2148829756"><ele>218.000</ele></trkpt>
      <trkpt lat="22.2711715565" lon="114.2148831104"><ele>218.000</ele></trkpt>
      <trkpt lat="22.2711749963" lon="114.2148831346"><ele>218.000</ele></trkpt>
      <trkpt lat="22.2711784352" lon="114.2148830444"><ele>218.000</ele></trkpt>
      <trkpt lat="22.2711818678" lon="114.2148828445"><ele>218.000</ele></trkpt>
      <trkpt lat="22.2711852959" lon="114.2148825300"><ele>218.000</ele></trkpt>
      <trkpt lat="22.2711887123" lon="114.2148821041"><ele>218.000</ele></trkpt>
      <trkpt lat="22.2711921161" lon="114.2148815675"><ele>218.000</ele></trkpt>
      <trkpt lat="22.2711960301" lon="114.2148808098"><ele>218.000</ele></trkpt>
      <trkpt lat="22.2711992435" lon="114.2148794911"><ele>218.000</ele></trkpt>
      <trkpt lat="22.2712024804" lon="114.2148782374"><ele>218.000</ele></trkpt>
      <trkpt lat="22.2712057390" lon="114.2148770497"><ele>217.000</ele></trkpt>
      <trkpt lat="22.2712090192" lon="114.2148759270"><ele>217.000</ele></trkpt>
      <trkpt lat="22.2712123156" lon="114.2148748723"><ele>217.000</ele></trkpt>
      <trkpt lat="22.2712156301" lon="114.2148738854"><ele>217.000</ele></trkpt>
      <trkpt lat="22.2712189626" lon="114.2148729646"><ele>217.000</ele></trkpt>
      <trkpt lat="22.2712223095" lon="114.2148721097"><ele>217.000</ele></trkpt>
      <trkpt lat="22.2712256709" lon="114.2148713247"><ele>217.000</ele></trkpt>
      <trkpt lat="22.2712290468" lon="114.2148706076"><ele>217.000</ele></trkpt>
      <trkpt lat="22.2712324325" lon="114.2148699585"><ele>217.000</ele></trkpt>
      <trkpt lat="22.2712358291" lon="114.2148693782"><ele>217.000</ele></trkpt>
      <trkpt lat="22.2712392355" lon="114.2148688659"><ele>217.000</ele></trkpt>
      <trkpt lat="22.2712426510" lon="114.2148684243"><ele>217.000</ele></trkpt>
      <trkpt lat="22.2712460737" lon="114.2148680507"><ele>217.000</ele></trkpt>
      <trkpt lat="22.2712495000" lon="114.2148677451"><ele>217.000</ele></trkpt>
      <trkpt lat="22.2712529344" lon="114.2148675112"><ele>217.000</ele></trkpt>
      <trkpt lat="22.2712563688" lon="114.2148673452"><ele>217.000</ele></trkpt>
      <trkpt lat="22.2712598077" lon="114.2148672491"><ele>217.000</ele></trkpt>
      <trkpt lat="22.2712632466" lon="114.2148672248"><ele>217.000</ele></trkpt>
      <trkpt lat="22.2712670882" lon="114.2148672763"><ele>217.000</ele></trkpt>
      <trkpt lat="22.2712705071" lon="114.2148676809"><ele>217.000</ele></trkpt>
      <trkpt lat="22.2712739152" lon="114.2148681631"><ele>217.000</ele></trkpt>
      <trkpt lat="22.2712773160" lon="114.2148687267"><ele>217.000</ele></trkpt>
      <trkpt lat="22.2712807023" lon="114.2148693690"><ele>217.000</ele></trkpt>
      <trkpt lat="22.2712840760" lon="114.2148700889"><ele>217.000</ele></trkpt>
      <trkpt lat="22.2712874334" lon="114.2148708873"><ele>217.000</ele></trkpt>
      <trkpt lat="22.2712907746" lon="114.2148717654"><ele>217.000</ele></trkpt>
      <trkpt lat="22.2712940976" lon="114.2148727191"><ele>215.000</ele></trkpt>
      <trkpt lat="22.2712974017" lon="114.2148737504"><ele>215.000</ele></trkpt>
      <trkpt lat="22.2713006832" lon="114.2148748593"><ele>215.000</ele></trkpt>
      <trkpt lat="22.2713039403" lon="114.2148760439"><ele>215.000</ele></trkpt>
      <trkpt lat="22.2713071747" lon="114.2148773061"><ele>215.000</ele></trkpt>
      <trkpt lat="22.2713103821" lon="114.2148786401"><ele>215.000</ele></trkpt>
      <trkpt lat="22.2713135624" lon="114.2148800498"><ele>215.000</ele></trkpt>
      <trkpt lat="22.2713167137" lon="114.2148815352"><ele>215.000</ele></trkpt>
      <trkpt lat="22.2713198343" lon="114.2148830904"><ele>215.000</ele></trkpt>
      <trkpt lat="22.2713229224" lon="114.2148847213"><ele>215.000</ele></trkpt>
      <trkpt lat="22.2713259780" lon="114.2148864220"><ele>215.000</ele></trkpt>
      <trkpt lat="22.2713289974" lon="114.2148881926"><ele>215.000</ele></trkpt>
      <trkpt lat="22.2713319825" lon="114.2148900359"><ele>215.000</ele></trkpt>
      <trkpt lat="22.2713349279" lon="114.2148919452"><ele>215.000</ele></trkpt>
      <trkpt lat="22.2713386804" lon="114.2148945174"><ele>215.000</ele></trkpt>
      <trkpt lat="22.2713414325" lon="114.2148967381"><ele>214.000</ele></trkpt>
      <trkpt lat="22.2713442477" lon="114.2148988657"><ele>214.000</ele></trkpt>
      <trkpt lat="22.2713471208" lon="114.2149009021"><ele>214.000</ele></trkpt>
      <trkpt lat="22.2713500499" lon="114.2149028425"><ele>214.000</ele></trkpt>
      <trkpt lat="22.2713530350" lon="114.2149046839"><ele>216.000</ele></trkpt>
      <trkpt lat="22.2713560689" lon="114.2149064263"><ele>216.000</ele></trkpt>
      <trkpt lat="22.2713591524" lon="114.2149080679"><ele>216.000</ele></trkpt>
      <trkpt lat="22.2713622794" lon="114.2149096095"><ele>216.000</ele></trkpt>
      <trkpt lat="22.2713654488" lon="114.2149110464"><ele>216.000</ele></trkpt>
      <trkpt lat="22.2713686589" lon="114.2149123765"><ele>216.000</ele></trkpt>
      <trkpt lat="22.2713719033" lon="114.2149136028"><ele>216.000</ele></trkpt>
      <trkpt lat="22.2713751812" lon="114.2149147205"><ele>216.000</ele></trkpt>
      <trkpt lat="22.2713784898" lon="114.2149157285"><ele>216.000</ele></trkpt>
      <trkpt lat="22.2713818273" lon="114.2149166298"><ele>216.000</ele></trkpt>
      <trkpt lat="22.2713851865" lon="114.2149174186"><ele>216.000</ele></trkpt>
      <trkpt lat="22.2713885674" lon="114.2149180987"><ele>216.000</ele></trkpt>
      <trkpt lat="22.2713919664" lon="114.2149186643"><ele>216.000</ele></trkpt>
      <trkpt lat="22.2713953781" lon="114.2149191193"><ele>216.000</ele></trkpt>
      <trkpt lat="22.2713988024" lon="114.2149194618"><ele>216.000</ele></trkpt>
      <trkpt lat="22.2714022358" lon="114.2149196917"><ele>216.000</ele></trkpt>
      <trkpt lat="22.2714056738" lon="114.2149198090"><ele>216.000</ele></trkpt>
      <trkpt lat="22.2714091126" lon="114.2149198119"><ele>216.000</ele></trkpt>
      <trkpt lat="22.2714125506" lon="114.2149197022"><ele>216.000</ele></trkpt>
      <trkpt lat="22.2714159841" lon="114.2149194781"><ele>216.000</ele></trkpt>
      <trkpt lat="22.2714194086" lon="114.2149191433"><ele>216.000</ele></trkpt>
      <trkpt lat="22.2714228223" lon="114.2149186940"><ele>216.000</ele></trkpt>
      <trkpt lat="22.2714262234" lon="114.2149181341"><ele>216.000</ele></trkpt>
      <trkpt lat="22.2714296046" lon="114.2149174616"><ele>216.000</ele></trkpt>
      <trkpt lat="22.2714329660" lon="114.2149166786"><ele>216.000</ele></trkpt>
      <trkpt lat="22.2714364015" lon="114.2149157587"><ele>216.000</ele></trkpt>
      <trkpt lat="22.2714398152" lon="114.2149153036"><ele>216.000</ele></trkpt>
      <trkpt lat="22.2714432397" lon="114.2149149698"><ele>216.000</ele></trkpt>
      <trkpt lat="22.2714466732" lon="114.2149147592"><ele>216.000</ele></trkpt>
      <trkpt lat="22.2714501121" lon="114.2149146690"><ele>216.000</ele></trkpt>
      <trkpt lat="22.2714535509" lon="114.2149146990"><ele>216.000</ele></trkpt>
      <trkpt lat="22.2714569880" lon="114.2149148513"><ele>216.000</ele></trkpt>
      <trkpt lat="22.2714604177" lon="114.2149151239"><ele>216.000</ele></trkpt>
      <trkpt lat="22.2714638367" lon="114.2149155187"><ele>216.000</ele></trkpt>
      <trkpt lat="22.2714672429" lon="114.2149160339"><ele>216.000</ele></trkpt>
      <trkpt lat="22.2714706310" lon="114.2149166674"><ele>216.000</ele></trkpt>
      <trkpt lat="22.2714739975" lon="114.2149174213"><ele>216.000</ele></trkpt>
      <trkpt lat="22.2714773404" lon="114.2149182935"><ele>216.000</ele></trkpt>
      <trkpt lat="22.2714806544" lon="114.2149192831"><ele>216.000</ele></trkpt>
      <trkpt lat="22.2714839359" lon="114.2149203891"><ele>216.000</ele></trkpt>
      <trkpt lat="22.2714871840" lon="114.2149216086"><ele>216.000</ele></trkpt>
      <trkpt lat="22.2714903904" lon="114.2149229446"><ele>216.000</ele></trkpt>
      <trkpt lat="22.2714935562" lon="114.2149243911"><ele>216.000</ele></trkpt>
      <trkpt lat="22.2714967256" lon="114.2149259755"><ele>216.000</ele></trkpt>
      <trkpt lat="22.2714999393" lon="114.2149272998"><ele>216.000</ele></trkpt>
      <trkpt lat="22.2715030717" lon="114.2149288259"><ele>216.000</ele></trkpt>
      <trkpt lat="22.2715061173" lon="114.2149305460"><ele>216.000</ele></trkpt>
      <trkpt lat="22.2715090618" lon="114.2149324563"><ele>216.000</ele></trkpt>
      <trkpt lat="22.2715118987" lon="114.2149345490"><ele>216.000</ele></trkpt>
      <trkpt lat="22.2715146182" lon="114.2149368182"><ele>216.000</ele></trkpt>
      <trkpt lat="22.2715172076" lon="114.2149392543"><ele>216.000</ele></trkpt>
      <trkpt lat="22.2715196606" lon="114.2149418514"><ele>216.000</ele></trkpt>
      <trkpt lat="22.2715219673" lon="114.2149445998"><ele>213.000</ele></trkpt>
      <trkpt lat="22.2715241223" lon="114.2149474879"><ele>213.000</ele></trkpt>
      <trkpt lat="22.2715261128" lon="114.2149505079"><ele>213.000</ele></trkpt>
      <trkpt lat="22.2715279381" lon="114.2149536481"><ele>217.000</ele></trkpt>
      <trkpt lat="22.2715295881" lon="114.2149568990"><ele>217.000</ele></trkpt>
      <trkpt lat="22.2715310575" lon="114.2149602487"><ele>217.000</ele></trkpt>
      <trkpt lat="22.2715323445" lon="114.2149636838"><ele>217.000</ele></trkpt>
      <trkpt lat="22.2715334400" lon="114.2149671965"><ele>217.000</ele></trkpt>
      <trkpt lat="22.2715344144" lon="114.2149710982"><ele>217.000</ele></trkpt>
      <trkpt lat="22.2715352588" lon="114.2149746894"><ele>217.000</ele></trkpt>
      <trkpt lat="22.2715363398" lon="114.2149782079"><ele>217.000</ele></trkpt>
      <trkpt lat="22.2715376539" lon="114.2149816313"><ele>217.000</ele></trkpt>
      <trkpt lat="22.2715391937" lon="114.2149849442"><ele>217.000</ele></trkpt>
      <trkpt lat="22.2715409504" lon="114.2149881291"><ele>217.000</ele></trkpt>
      <trkpt lat="22.2715429147" lon="114.2149911685"><ele>217.000</ele></trkpt>
      <trkpt lat="22.2715450778" lon="114.2149940489"><ele>217.000</ele></trkpt>
      <trkpt lat="22.2715474287" lon="114.2149967527"><ele>217.000</ele></trkpt>
      <trkpt lat="22.2715499531" lon="114.2149992663"><ele>217.000</ele></trkpt>
      <trkpt lat="22.2715526401" lon="114.2150015782"><ele>222.000</ele></trkpt>
      <trkpt lat="22.2715554734" lon="114.2150036767"><ele>222.000</ele></trkpt>
      <trkpt lat="22.2715584404" lon="114.2150055482"><ele>222.000</ele></trkpt>
      <trkpt lat="22.2715615249" lon="114.2150071849"><ele>222.000</ele></trkpt>
      <trkpt lat="22.2715647106" lon="114.2150085771"><ele>222.000</ele></trkpt>
      <trkpt lat="22.2715700293" lon="114.2150102940"><ele>220.000</ele></trkpt>
      <trkpt lat="22.2715733541" lon="114.2150112419"><ele>220.000</ele></trkpt>
      <trkpt lat="22.2715766862" lon="114.2150121568"><ele>220.000</ele></trkpt>
      <trkpt lat="22.2715800273" lon="114.2150130387"><ele>220.000</ele></trkpt>
      <trkpt lat="22.2715833739" lon="114.2150138857"><ele>220.000</ele></trkpt>
      <trkpt lat="22.2715867295" lon="114.2150146977"><ele>220.000</ele></trkpt>
      <trkpt lat="22.2715900923" lon="114.2150154768"><ele>220.000</ele></trkpt>
      <trkpt lat="22.2715934606" lon="114.2150162209"><ele>220.000</ele></trkpt>
      <trkpt lat="22.2715968361" lon="114.2150169321"><ele>220.000</ele></trkpt>
      <trkpt lat="22.2716002170" lon="114.2150176083"><ele>220.000</ele></trkpt>
      <trkpt lat="22.2716036051" lon="114.2150182515"><ele>220.000</ele></trkpt>
      <trkpt lat="22.2716069969" lon="114.2150188579"><ele>220.000</ele></trkpt>
      <trkpt lat="22.2716103959" lon="114.2150194313"><ele>220.000</ele></trkpt>
      <trkpt lat="22.2716137967" lon="114.2150199717"><ele>220.000</ele></trkpt>
      <trkpt lat="22.2716172048" lon="114.2150204752"><ele>220.000</ele></trkpt>
      <trkpt lat="22.2716206173" lon="114.2150209457"><ele>220.000</ele></trkpt>
      <trkpt lat="22.2716240317" lon="114.2150213794"><ele>220.000</ele></trkpt>
      <trkpt lat="22.2716274506" lon="114.2150217801"><ele>220.000</ele></trkpt>
      <trkpt lat="22.2716308741" lon="114.2150221478"><ele>220.000</ele></trkpt>
      <trkpt lat="22.2716342993" lon="114.2150224786"><ele>220.000</ele></trkpt>
      <trkpt lat="22.2716377273" lon="114.2150227745"><ele>220.000</ele></trkpt>
      <trkpt lat="22.2716411570" lon="114.2150230374"><ele>220.000</ele></trkpt>
      <trkpt lat="22.2716445904" lon="114.2150232634"><ele>220.000</ele></trkpt>
      <trkpt lat="22.2716480238" lon="114.2150234565"><ele>220.000</ele></trkpt>
      <trkpt lat="22.2716528317" lon="114.2150236683"><ele>220.000</ele></trkpt>
      <trkpt lat="22.2716562688" lon="114.2150235577"><ele>220.000</ele></trkpt>
      <trkpt lat="22.2716597077" lon="114.2150235179"><ele>220.000</ele></trkpt>
      <trkpt lat="22.2716631484" lon="114.2150235460"><ele>220.000</ele></trkpt>
      <trkpt lat="22.2716665854" lon="114.2150236420"><ele>220.000</ele></trkpt>
      <trkpt lat="22.2716700206" lon="114.2150238059"><ele>220.000</ele></trkpt>
      <trkpt lat="22.2716734540" lon="114.2150240397"><ele>220.000</ele></trkpt>
      <trkpt lat="22.2716768820" lon="114.2150243414"><ele>220.000</ele></trkpt>
      <trkpt lat="22.2716803045" lon="114.2150247111"><ele>220.000</ele></trkpt>
      <trkpt lat="22.2716837180" lon="114.2150251486"><ele>220.000</ele></trkpt>
      <trkpt lat="22.2716871260" lon="114.2150256541"><ele>220.000</ele></trkpt>
      <trkpt lat="22.2716934237" lon="114.2150267716"><ele>220.000</ele></trkpt>
      <trkpt lat="22.2716968554" lon="114.2150265513"><ele>220.000</ele></trkpt>
      <trkpt lat="22.2717002601" lon="114.2150260322"><ele>220.000</ele></trkpt>
      <trkpt lat="22.2717036161" lon="114.2150252219"><ele>220.000</ele></trkpt>
      <trkpt lat="22.2717068999" lon="114.2150241245"><ele>220.000</ele></trkpt>
      <trkpt lat="22.2717100916" lon="114.2150227437"><ele>220.000</ele></trkpt>
      <trkpt lat="22.2717131715" lon="114.2150210931"><ele>220.000</ele></trkpt>
      <trkpt lat="22.2717161159" lon="114.2150191806"><ele>220.000</ele></trkpt>
      <trkpt lat="22.2717189114" lon="114.2150170186"><ele>220.000</ele></trkpt>
      <trkpt lat="22.2717236653" lon="114.2150123597"><ele>220.000</ele></trkpt>
      <trkpt lat="22.2717260194" lon="114.2150096572"><ele>220.000</ele></trkpt>
      <trkpt lat="22.2717285160" lon="114.2150071080"><ele>220.000</ele></trkpt>
      <trkpt lat="22.2717311481" lon="114.2150047218"><ele>220.000</ele></trkpt>
      <trkpt lat="22.2717339048" lon="114.2150025045"><ele>220.000</ele></trkpt>
      <trkpt lat="22.2717367788" lon="114.2150004658"><ele>215.000</ele></trkpt>
      <trkpt lat="22.2717397576" lon="114.2149986134"><ele>215.000</ele></trkpt>
      <trkpt lat="22.2717428302" lon="114.2149969493"><ele>215.000</ele></trkpt>
      <trkpt lat="22.2717459895" lon="114.2149954850"><ele>215.000</ele></trkpt>
      <trkpt lat="22.2717492227" lon="114.2149942216"><ele>215.000</ele></trkpt>
      <trkpt lat="22.2717525192" lon="114.2149931640"><ele>215.000</ele></trkpt>
      <trkpt lat="22.2717558679" lon="114.2149923149"><ele>215.000</ele></trkpt>
      <trkpt lat="22.2717592564" lon="114.2149916813"><ele>215.000</ele></trkpt>
      <trkpt lat="22.2717626737" lon="114.2149912611"><ele>215.000</ele></trkpt>
      <trkpt lat="22.2717661072" lon="114.2149910583"><ele>215.000</ele></trkpt>
      <trkpt lat="22.2717695460" lon="114.2149910728"><ele>215.000</ele></trkpt>
      <trkpt lat="22.2717761364" lon="114.2149917092"><ele>215.000</ele></trkpt>
      <trkpt lat="22.2717795753" lon="114.2149916266"><ele>215.000</ele></trkpt>
      <trkpt lat="22.2717830061" lon="114.2149913772"><ele>215.000</ele></trkpt>
      <trkpt lat="22.2717864252" lon="114.2149909629"><ele>215.000</ele></trkpt>
      <trkpt lat="22.2717898200" lon="114.2149903817"><ele>215.000</ele></trkpt>
      <trkpt lat="22.2717931904" lon="114.2149896374"><ele>215.000</ele></trkpt>
      <trkpt lat="22.2717965247" lon="114.2149887311"><ele>215.000</ele></trkpt>
      <trkpt lat="22.2717998176" lon="114.2149876637"><ele>215.000</ele></trkpt>
      <trkpt lat="22.2718030635" lon="114.2149864382"><ele>215.000</ele></trkpt>
      <trkpt lat="22.2718062561" lon="114.2149850555"><ele>215.000</ele></trkpt>
      <trkpt lat="22.2718093883" lon="114.2149835194"><ele>215.000</ele></trkpt>
      <trkpt lat="22.2718124492" lon="114.2149818339"><ele>215.000</ele></trkpt>
      <trkpt lat="22.2718154406" lon="114.2149800029"><ele>215.000</ele></trkpt>
      <trkpt lat="22.2718183507" lon="114.2149780262"><ele>215.000</ele></trkpt>
      <trkpt lat="22.2718211760" lon="114.2149759118"><ele>215.000</ele></trkpt>
      <trkpt lat="22.2718239110" lon="114.2149736635"><ele>215.000</ele></trkpt>
      <trkpt lat="22.2718265485" lon="114.2149712851"><ele>215.000</ele></trkpt>
      <trkpt lat="22.2718302068" lon="114.2149675971"><ele>215.000</ele></trkpt>
      <trkpt lat="22.2718330754" lon="114.2149655497"><ele>215.000</ele></trkpt>
      <trkpt lat="22.2718359873" lon="114.2149635779"><ele>215.000</ele></trkpt>
      <trkpt lat="22.2718389444" lon="114.2149616828"><ele>215.000</ele></trkpt>
      <trkpt lat="22.2718419430" lon="114.2149598663"><ele>215.000</ele></trkpt>
      <trkpt lat="22.2718449822" lon="114.2149581274"><ele>215.000</ele></trkpt>
      <trkpt lat="22.2718480576" lon="114.2149564691"><ele>215.000</ele></trkpt>
      <trkpt lat="22.2718511699" lon="114.2149548913"><ele>215.000</ele></trkpt>
      <trkpt lat="22.2718543183" lon="114.2149533951"><ele>215.000</ele></trkpt>
      <trkpt lat="22.2718574983" lon="114.2149519813"><ele>212.000</ele></trkpt>
      <trkpt lat="22.2718607091" lon="114.2149506529"><ele>212.000</ele></trkpt>
      <trkpt lat="22.2718639477" lon="114.2149494060"><ele>212.000</ele></trkpt>
      <trkpt lat="22.2718672153" lon="114.2149482464"><ele>212.000</ele></trkpt>
      <trkpt lat="22.2718705063" lon="114.2149471723"><ele>212.000</ele></trkpt>
      <trkpt lat="22.2718738226" lon="114.2149461835"><ele>212.000</ele></trkpt>
      <trkpt lat="22.2718771596" lon="114.2149452820"><ele>212.000</ele></trkpt>
      <trkpt lat="22.2718805147" lon="114.2149444679"><ele>212.000</ele></trkpt>
      <trkpt lat="22.2718838878" lon="114.2149437431"><ele>212.000</ele></trkpt>
      <trkpt lat="22.2718895494" lon="114.2149427278"><ele>212.000</ele></trkpt>
      <trkpt lat="22.2718928657" lon="114.2149417409"><ele>212.000</ele></trkpt>
      <trkpt lat="22.2718962108" lon="114.2149408764"><ele>212.000</ele></trkpt>
      <trkpt lat="22.2718995794" lon="114.2149401340"><ele>212.000</ele></trkpt>
      <trkpt lat="22.2719029715" lon="114.2149395159"><ele>212.000</ele></trkpt>
      <trkpt lat="22.2719063807" lon="114.2149390220"><ele>212.000</ele></trkpt>
      <trkpt lat="22.2719098025" lon="114.2149386504"><ele>212.000</ele></trkpt>
      <trkpt lat="22.2719132342" lon="114.2149384068"><ele>212.000</ele></trkpt>
      <trkpt lat="22.2719166713" lon="114.2149382874"><ele>212.000</ele></trkpt>
      <trkpt lat="22.2719201101" lon="114.2149382922"><ele>212.000</ele></trkpt>
      <trkpt lat="22.2719235481" lon="114.2149384251"><ele>212.000</ele></trkpt>
      <trkpt lat="22.2719269787" lon="114.2149386802"><ele>212.000</ele></trkpt>
      <trkpt lat="22.2719303995" lon="114.2149390635"><ele>212.000</ele></trkpt>
      <trkpt lat="22.2719338057" lon="114.2149395689"><ele>212.000</ele></trkpt>
      <trkpt lat="22.2719371939" lon="114.2149402005"><ele>212.000</ele></trkpt>
      <trkpt lat="22.2719405621" lon="114.2149409544"><ele>212.000</ele></trkpt>
      <trkpt lat="22.2719439032" lon="114.2149418304"><ele>212.000</ele></trkpt>
      <trkpt lat="22.2719493989" lon="114.2149435571"><ele>212.000</ele></trkpt>
      <trkpt lat="22.2719525123" lon="114.2149451327"><ele>212.000</ele></trkpt>
      <trkpt lat="22.2719555516" lon="114.2149468654"><ele>212.000</ele></trkpt>
      <trkpt lat="22.2719585114" lon="114.2149487514"><ele>212.000</ele></trkpt>
      <trkpt lat="22.2719613836" lon="114.2149507869"><ele>212.000</ele></trkpt>
      <trkpt lat="22.2719641627" lon="114.2149529688"><ele>213.000</ele></trkpt>
      <trkpt lat="22.2719668415" lon="114.2149552904"><ele>213.000</ele></trkpt>
      <trkpt lat="22.2719694165" lon="114.2149577478"><ele>213.000</ele></trkpt>
      <trkpt lat="22.2719718794" lon="114.2149603333"><ele>212.000</ele></trkpt>
      <trkpt lat="22.2719742232" lon="114.2149630429"><ele>212.000</ele></trkpt>
      <trkpt lat="22.2719764468" lon="114.2149658709"><ele>212.000</ele></trkpt>
      <trkpt lat="22.2719785421" lon="114.2149688094"><ele>212.000</ele></trkpt>
      <trkpt lat="22.2719805046" lon="114.2149718508"><ele>212.000</ele></trkpt>
      <trkpt lat="22.2719823317" lon="114.2149749920"><ele>212.000</ele></trkpt>
      <trkpt lat="22.2719840160" lon="114.2149782206"><ele>212.000</ele></trkpt>
      <trkpt lat="22.2719855586" lon="114.2149815335"><ele>212.000</ele></trkpt>
      <trkpt lat="22.2719869494" lon="114.2149849201"><ele>212.000</ele></trkpt>
      <trkpt lat="22.2719881912" lon="114.2149883766"><ele>212.000</ele></trkpt>
      <trkpt lat="22.2719896188" lon="114.2149931216"><ele>212.000</ele></trkpt>
      <trkpt lat="22.2719912038" lon="114.2149964093"><ele>212.000</ele></trkpt>
      <trkpt lat="22.2719926840" lon="114.2149997561"><ele>212.000</ele></trkpt>
      <trkpt lat="22.2719940595" lon="114.2150031515"><ele>212.000</ele></trkpt>
      <trkpt lat="22.2719953266" lon="114.2150065963"><ele>212.000</ele></trkpt>
      <trkpt lat="22.2719964853" lon="114.2150100857"><ele>212.000</ele></trkpt>
      <trkpt lat="22.2719975356" lon="114.2150136139"><ele>212.000</ele></trkpt>
      <trkpt lat="22.2719984722" lon="114.2150171789"><ele>212.000</ele></trkpt>
      <trkpt lat="22.2719992985" lon="114.2150207769"><ele>212.000</ele></trkpt>
      <trkpt lat="22.2720000111" lon="114.2150244020"><ele>212.000</ele></trkpt>
      <trkpt lat="22.2720006099" lon="114.2150280533"><ele>212.000</ele></trkpt>
      <trkpt lat="22.2720010931" lon="114.2150317220"><ele>212.000</ele></trkpt>
      <trkpt lat="22.2720014606" lon="114.2150354072"><ele>212.000</ele></trkpt>
      <trkpt lat="22.2720017144" lon="114.2150391040"><ele>212.000</ele></trkpt>
      <trkpt lat="22.2720018508" lon="114.2150428066"><ele>212.000</ele></trkpt>
      <trkpt lat="22.2720018716" lon="114.2150465130"><ele>212.000</ele></trkpt>
      <trkpt lat="22.2720017750" lon="114.2150502175"><ele>213.000</ele></trkpt>
      <trkpt lat="22.2720015629" lon="114.2150539180"><ele>213.000</ele></trkpt>
      <trkpt lat="22.2720012369" lon="114.2150576069"><ele>213.000</ele></trkpt>
      <trkpt lat="22.2720007935" lon="114.2150612831"><ele>213.000</ele></trkpt>
      <trkpt lat="22.2720003693" lon="114.2150640589"><ele>213.000</ele></trkpt>
      <trkpt lat="22.2720002346" lon="114.2150649399"><ele>213.000</ele></trkpt>
      <trkpt lat="22.2719995636" lon="114.2150685763"><ele>213.000</ele></trkpt>
      <trkpt lat="22.2719987771" lon="114.2150721845"><ele>213.000</ele></trkpt>
      <trkpt lat="22.2719978786" lon="114.2150757616"><ele>213.000</ele></trkpt>
      <trkpt lat="22.2719968691" lon="114.2150793048"><ele>213.000</ele></trkpt>
      <trkpt lat="22.2719957475" lon="114.2150828110"><ele>213.000</ele></trkpt>
      <trkpt lat="22.2719934631" lon="114.2150889910"><ele>213.000</ele></trkpt>
      <trkpt lat="22.2719883585" lon="114.2150986574"><ele>213.000</ele></trkpt>
      <trkpt lat="22.2719832214" lon="114.2151083024"><ele>213.000</ele></trkpt>
      <trkpt lat="22.2719780536" lon="114.2151179300"><ele>213.000</ele></trkpt>
      <trkpt lat="22.2719745916" lon="114.2151243367"><ele>213.000</ele></trkpt>
      <trkpt lat="22.2719676232" lon="114.2151371230"><ele>216.000</ele></trkpt>
      <trkpt lat="22.2719623606" lon="114.2151466903"><ele>214.000</ele></trkpt>
      <trkpt lat="22.2719552939" lon="114.2151594164"><ele>214.000</ele></trkpt>
      <trkpt lat="22.2719491288" lon="114.2151704108"><ele>214.000</ele></trkpt>
      <trkpt lat="22.2719475115" lon="114.2151736811"><ele>214.000</ele></trkpt>
      <trkpt lat="22.2719459322" lon="114.2151769738"><ele>214.000</ele></trkpt>
      <trkpt lat="22.2719443926" lon="114.2151802897"><ele>214.000</ele></trkpt>
      <trkpt lat="22.2719428927" lon="114.2151836251"><ele>214.000</ele></trkpt>
      <trkpt lat="22.2719414307" lon="114.2151869818"><ele>214.000</ele></trkpt>
      <trkpt lat="22.2719400103" lon="114.2151903580"><ele>214.000</ele></trkpt>
      <trkpt lat="22.2719386278" lon="114.2151937526"><ele>214.000</ele></trkpt>
      <trkpt lat="22.2719372878" lon="114.2151971666"><ele>212.000</ele></trkpt>
      <trkpt lat="22.2719359875" lon="114.2152005971"><ele>212.000</ele></trkpt>
      <trkpt lat="22.2719347260" lon="114.2152040470"><ele>212.000</ele></trkpt>
      <trkpt lat="22.2719335078" lon="114.2152075144"><ele>212.000</ele></trkpt>
      <trkpt lat="22.2719323294" lon="114.2152109974"><ele>212.000</ele></trkpt>
      <trkpt lat="22.2719311925" lon="114.2152144959"><ele>212.000</ele></trkpt>
      <trkpt lat="22.2719300972" lon="114.2152180099"><ele>212.000</ele></trkpt>
      <trkpt lat="22.2719290434" lon="114.2152215375"><ele>212.000</ele></trkpt>
      <trkpt lat="22.2719280311" lon="114.2152250806"><ele>212.000</ele></trkpt>
      <trkpt lat="22.2719270622" lon="114.2152286374"><ele>212.000</ele></trkpt>
      <trkpt lat="22.2719261348" lon="114.2152322077"><ele>212.000</ele></trkpt>
      <trkpt lat="22.2719252489" lon="114.2152357897"><ele>215.000</ele></trkpt>
      <trkpt lat="22.2719244046" lon="114.2152393833"><ele>215.000</ele></trkpt>
      <trkpt lat="22.2719229012" lon="114.2152463427"><ele>214.000</ele></trkpt>
      <trkpt lat="22.2719225255" lon="114.2152500267"><ele>214.000</ele></trkpt>
      <trkpt lat="22.2719222230" lon="114.2152537194"><ele>214.000</ele></trkpt>
      <trkpt lat="22.2719219919" lon="114.2152574190"><ele>214.000</ele></trkpt>
      <trkpt lat="22.2719218293" lon="114.2152611205"><ele>214.000</ele></trkpt>
      <trkpt lat="22.2719217400" lon="114.2152648250"><ele>214.000</ele></trkpt>
      <trkpt lat="22.2719217228" lon="114.2152685314"><ele>214.000</ele></trkpt>
      <trkpt lat="22.2719217761" lon="114.2152722388"><ele>214.000</ele></trkpt>
      <trkpt lat="22.2719218999" lon="114.2152759424"><ele>214.000</ele></trkpt>
      <trkpt lat="22.2719220959" lon="114.2152796431"><ele>214.000</ele></trkpt>
      <trkpt lat="22.2719223623" lon="114.2152833379"><ele>214.000</ele></trkpt>
      <trkpt lat="22.2719227010" lon="114.2152870270"><ele>214.000</ele></trkpt>
      <trkpt lat="22.2719231083" lon="114.2152907063"><ele>214.000</ele></trkpt>
      <trkpt lat="22.2719235879" lon="114.2152943760"><ele>214.000</ele></trkpt>
      <trkpt lat="22.2719243741" lon="114.2152994682"><ele>214.000</ele></trkpt>
      <trkpt lat="22.2719266806" lon="114.2153071223"><ele>212.000</ele></trkpt>
      <trkpt lat="22.2719280434" lon="114.2153105186"><ele>212.000</ele></trkpt>
      <trkpt lat="22.2719287451" lon="114.2153141399"><ele>212.000</ele></trkpt>
      <trkpt lat="22.2719287569" lon="114.2153178405"><ele>212.000</ele></trkpt>
      <trkpt lat="22.2719280787" lon="114.2153214691"><ele>212.000</ele></trkpt>
      <trkpt lat="22.2719267387" lon="114.2153248763"><ele>212.000</ele></trkpt>
      <trkpt lat="22.2719247900" lon="114.2153279253"><ele>214.000</ele></trkpt>
      <trkpt lat="22.2719223141" lon="114.2153304871"><ele>214.000</ele></trkpt>
      <trkpt lat="22.2719194103" lon="114.2153324638"><ele>214.000</ele></trkpt>
      <trkpt lat="22.2719127216" lon="114.2153351088"><ele>214.000</ele></trkpt>
      <trkpt lat="22.2719096128" lon="114.2153366934"><ele>214.000</ele></trkpt>
      <trkpt lat="22.2719066540" lon="114.2153385788"><ele>214.000</ele></trkpt>
      <trkpt lat="22.2719038666" lon="114.2153407495"><ele>215.000</ele></trkpt>
      <trkpt lat="22.2719012760" lon="114.2153431880"><ele>215.000</ele></trkpt>
      <trkpt lat="22.2718989057" lon="114.2153458721"><ele>215.000</ele></trkpt>
      <trkpt lat="22.2718967738" lon="114.2153487794"><ele>215.000</ele></trkpt>
      <trkpt lat="22.2718949001" lon="114.2153518877"><ele>215.000</ele></trkpt>
      <trkpt lat="22.2718932991" lon="114.2153551667"><ele>215.000</ele></trkpt>
      <trkpt lat="22.2718919834" lon="114.2153585914"><ele>215.000</ele></trkpt>
      <trkpt lat="22.2718909676" lon="114.2153621307"><ele>215.000</ele></trkpt>
      <trkpt lat="22.2718902569" lon="114.2153657573"><ele>215.000</ele></trkpt>
      <trkpt lat="22.2718898605" lon="114.2153694394"><ele>215.000</ele></trkpt>
      <trkpt lat="22.2718897783" lon="114.2153731429"><ele>215.000</ele></trkpt>
      <trkpt lat="22.2718900140" lon="114.2153768377"><ele>215.000</ele></trkpt>
      <trkpt lat="22.2718905640" lon="114.2153804958"><ele>215.000</ele></trkpt>
      <trkpt lat="22.2718914229" lon="114.2153840822"><ele>215.000</ele></trkpt>
      <trkpt lat="22.2718926638" lon="114.2153877715"><ele>215.000</ele></trkpt>
      <trkpt lat="22.2718934748" lon="114.2153913733"><ele>216.000</ele></trkpt>
      <trkpt lat="22.2718941512" lon="114.2153950062"><ele>216.000</ele></trkpt>
      <trkpt lat="22.2718946922" lon="114.2153986662"><ele>216.000</ele></trkpt>
      <trkpt lat="22.2718950977" lon="114.2154023485"><ele>216.000</ele></trkpt>
      <trkpt lat="22.2718953668" lon="114.2154060433"><ele>216.000</ele></trkpt>
      <trkpt lat="22.2718954951" lon="114.2154097449"><ele>216.000</ele></trkpt>
      <trkpt lat="22.2718954888" lon="114.2154134514"><ele>216.000</ele></trkpt>
      <trkpt lat="22.2718953434" lon="114.2154171539"><ele>216.000</ele></trkpt>
      <trkpt lat="22.2718950635" lon="114.2154208495"><ele>216.000</ele></trkpt>
      <trkpt lat="22.2718946427" lon="114.2154245277"><ele>216.000</ele></trkpt>
      <trkpt lat="22.2718936587" lon="114.2154305198"><ele>216.000</ele></trkpt>
      <trkpt lat="22.2718930107" lon="114.2154515260"><ele>216.000</ele></trkpt>
      <trkpt lat="22.2718931923" lon="114.2154552266"><ele>216.000</ele></trkpt>
      <trkpt lat="22.2718932311" lon="114.2154589331"><ele>216.000</ele></trkpt>
      <trkpt lat="22.2718931291" lon="114.2154626375"><ele>216.000</ele></trkpt>
      <trkpt lat="22.2718928862" lon="114.2154663342"><ele>216.000</ele></trkpt>
      <trkpt lat="22.2718925006" lon="114.2154700172"><ele>216.000</ele></trkpt>
      <trkpt lat="22.2718919742" lon="114.2154736808"><ele>216.000</ele></trkpt>
      <trkpt lat="22.2718913086" lon="114.2154773172"><ele>216.000</ele></trkpt>
      <trkpt lat="22.2718905022" lon="114.2154809205"><ele>216.000</ele></trkpt>
      <trkpt lat="22.2718895604" lon="114.2154844870"><ele>216.000</ele></trkpt>
      <trkpt lat="22.2718884831" lon="114.2154880068"><ele>215.000</ele></trkpt>
      <trkpt lat="22.2718872704" lon="114.2154914742"><ele>215.000</ele></trkpt>
      <trkpt lat="22.2718859258" lon="114.2154948873"><ele>215.000</ele></trkpt>
      <trkpt lat="22.2718844530" lon="114.2154982372"><ele>215.000</ele></trkpt>
      <trkpt lat="22.2718828520" lon="114.2155015172"><ele>215.000</ele></trkpt>
      <trkpt lat="22.2718811282" lon="114.2155047245"><ele>215.000</ele></trkpt>
      <trkpt lat="22.2718792816" lon="114.2155078521"><ele>220.000</ele></trkpt>
      <trkpt lat="22.2718752398" lon="114.2155138453"><ele>220.000</ele></trkpt>
      <trkpt lat="22.2718715918" lon="114.2155201317"><ele>220.000</ele></trkpt>
      <trkpt lat="22.2718679798" lon="114.2155264432"><ele>220.000</ele></trkpt>
      <trkpt lat="22.2718644022" lon="114.2155327762"><ele>220.000</ele></trkpt>
      <trkpt lat="22.2718626278" lon="114.2155359523"><ele>218.000</ele></trkpt>
      <trkpt lat="22.2718591061" lon="114.2155423221"><ele>218.000</ele></trkpt>
      <trkpt lat="22.2718556215" lon="114.2155487133"><ele>218.000</ele></trkpt>
      <trkpt lat="22.2718521712" lon="114.2155551297"><ele>218.000</ele></trkpt>
      <trkpt lat="22.2718487578" lon="114.2155615684"><ele>218.000</ele></trkpt>
      <trkpt lat="22.2718453824" lon="114.2155680285"><ele>218.000</ele></trkpt>
      <trkpt lat="22.2718437092" lon="114.2155712668"><ele>218.000</ele></trkpt>
      <trkpt lat="22.2718403880" lon="114.2155777609"><ele>218.000</ele></trkpt>
      <trkpt lat="22.2718371047" lon="114.2155842763"><ele>216.000</ele></trkpt>
      <trkpt lat="22.2718341069" lon="114.2155903125"><ele>219.000</ele></trkpt>
      <trkpt lat="22.2718325582" lon="114.2155936236"><ele>219.000</ele></trkpt>
      <trkpt lat="22.2718309518" lon="114.2155969017"><ele>219.000</ele></trkpt>
      <trkpt lat="22.2718292876" lon="114.2156001458"><ele>219.000</ele></trkpt>
      <trkpt lat="22.2718275656" lon="114.2156033550"><ele>219.000</ele></trkpt>
      <trkpt lat="22.2718257858" lon="114.2156065282"><ele>219.000</ele></trkpt>
      <trkpt lat="22.2718239500" lon="114.2156096627"><ele>219.000</ele></trkpt>
      <trkpt lat="22.2718220583" lon="114.2156127592"><ele>219.000</ele></trkpt>
      <trkpt lat="22.2718201123" lon="114.2156158170"><ele>219.000</ele></trkpt>
      <trkpt lat="22.2718181122" lon="114.2156188320"><ele>219.000</ele></trkpt>
      <trkpt lat="22.2718160579" lon="114.2156218063"><ele>219.000</ele></trkpt>
      <trkpt lat="22.2718139513" lon="114.2156247359"><ele>219.000</ele></trkpt>
      <trkpt lat="22.2718117923" lon="114.2156276229"><ele>219.000</ele></trkpt>
      <trkpt lat="22.2718095827" lon="114.2156304632"><ele>219.000</ele></trkpt>
      <trkpt lat="22.2718073208" lon="114.2156332589"><ele>217.000</ele></trkpt>
      <trkpt lat="22.2718050119" lon="114.2156360060"><ele>217.000</ele></trkpt>
      <trkpt lat="22.2718026542" lon="114.2156387047"><ele>217.000</ele></trkpt>
      <trkpt lat="22.2718002478" lon="114.2156413548"><ele>217.000</ele></trkpt>
      <trkpt lat="22.2717977945" lon="114.2156439525"><ele>217.000</ele></trkpt>
      <trkpt lat="22.2717952942" lon="114.2156465017"><ele>217.000</ele></trkpt>
      <trkpt lat="22.2717927506" lon="114.2156489965"><ele>217.000</ele></trkpt>
      <trkpt lat="22.2717901645" lon="114.2156514389"><ele>220.000</ele></trkpt>
      <trkpt lat="22.2717875315" lon="114.2156538270"><ele>220.000</ele></trkpt>
      <trkpt lat="22.2717821807" lon="114.2156584071"><ele>220.000</ele></trkpt>
      <trkpt lat="22.2717765373" lon="114.2156626485"><ele>220.000</ele></trkpt>
      <trkpt lat="22.2717708542" lon="114.2156668279"><ele>220.000</ele></trkpt>
      <trkpt lat="22.2717679982" lon="114.2156688937"><ele>220.000</ele></trkpt>
      <trkpt lat="22.2717622556" lon="114.2156729770"><ele>220.000</ele></trkpt>
      <trkpt lat="22.2717564759" lon="114.2156769962"><ele>220.000</ele></trkpt>
      <trkpt lat="22.2717506547" lon="114.2156809513"><ele>216.000</ele></trkpt>
      <trkpt lat="22.2717447983" lon="114.2156848424"><ele>219.000</ele></trkpt>
      <trkpt lat="22.2717389040" lon="114.2156886685"><ele>219.000</ele></trkpt>
      <trkpt lat="22.2717350049" lon="114.2156911503"><ele>219.000</ele></trkpt>
      <trkpt lat="22.2717320306" lon="114.2156930105"><ele>219.000</ele></trkpt>
      <trkpt lat="22.2717292234" lon="114.2156951501"><ele>219.000</ele></trkpt>
      <trkpt lat="22.2717266057" lon="114.2156975557"><ele>219.000</ele></trkpt>
      <trkpt lat="22.2717242011" lon="114.2157002038"><ele>219.000</ele></trkpt>
      <trkpt lat="22.2717220259" lon="114.2157030752"><ele>219.000</ele></trkpt>
      <trkpt lat="22.2717200998" lon="114.2157061446"><ele>219.000</ele></trkpt>
      <trkpt lat="22.2717184374" lon="114.2157093887"><ele>219.000</ele></trkpt>
      <trkpt lat="22.2717170531" lon="114.2157127823"><ele>219.000</ele></trkpt>
      <trkpt lat="22.2717159586" lon="114.2157162944"><ele>219.000</ele></trkpt>
      <trkpt lat="22.2717151604" lon="114.2157199007"><ele>219.000</ele></trkpt>
      <trkpt lat="22.2717146664" lon="114.2157235652"><ele>219.000</ele></trkpt>
      <trkpt lat="22.2717144831" lon="114.2157272658"><ele>219.000</ele></trkpt>
      <trkpt lat="22.2717146717" lon="114.2157317310"><ele>216.000</ele></trkpt>
      <trkpt lat="22.2717144288" lon="114.2157354257"><ele>216.000</ele></trkpt>
      <trkpt lat="22.2717138770" lon="114.2157390835"><ele>216.000</ele></trkpt>
      <trkpt lat="22.2717130201" lon="114.2157426732"><ele>216.000</ele></trkpt>
      <trkpt lat="22.2717118633" lon="114.2157461620"><ele>216.000</ele></trkpt>
      <trkpt lat="22.2717104194" lon="114.2157495245"><ele>216.000</ele></trkpt>
      <trkpt lat="22.2717086974" lon="114.2157527337"><ele>216.000</ele></trkpt>
      <trkpt lat="22.2717067117" lon="114.2157557604"><ele>216.000</ele></trkpt>
      <trkpt lat="22.2717044805" lon="114.2157585794"><ele>216.000</ele></trkpt>
      <trkpt lat="22.2717020217" lon="114.2157611712"><ele>216.000</ele></trkpt>
      <trkpt lat="22.2716993553" lon="114.2157635108"><ele>219.000</ele></trkpt>
      <trkpt lat="22.2716965029" lon="114.2157655805"><ele>219.000</ele></trkpt>
      <trkpt lat="22.2716924964" lon="114.2157678673"><ele>219.000</ele></trkpt>
      <trkpt lat="22.2716894815" lon="114.2157696518"><ele>219.000</ele></trkpt>
      <trkpt lat="22.2716865606" lon="114.2157716109"><ele>219.000</ele></trkpt>
      <trkpt lat="22.2716837425" lon="114.2157737350"><ele>219.000</ele></trkpt>
      <trkpt lat="22.2716810355" lon="114.2157760222"><ele>219.000</ele></trkpt>
      <trkpt lat="22.2716784458" lon="114.2157784626"><ele>216.000</ele></trkpt>
      <trkpt lat="22.2716759816" lon="114.2157810487"><ele>216.000</ele></trkpt>
      <trkpt lat="22.2716736528" lon="114.2157837774"><ele>216.000</ele></trkpt>
      <trkpt lat="22.2716714631" lon="114.2157866371"><ele>216.000</ele></trkpt>
      <trkpt lat="22.2716694197" lon="114.2157896182"><ele>216.000</ele></trkpt>
      <trkpt lat="22.2716675297" lon="114.2157927148"><ele>216.000</ele></trkpt>
      <trkpt lat="22.2716657969" lon="114.2157959171"><ele>216.000</ele></trkpt>
      <trkpt lat="22.2716642284" lon="114.2157992147"><ele>216.000</ele></trkpt>
      <trkpt lat="22.2716628260" lon="114.2158026005"><ele>216.000</ele></trkpt>
      <trkpt lat="22.2716615970" lon="114.2158060621"><ele>216.000</ele></trkpt>
      <trkpt lat="22.2716605432" lon="114.2158095897"><ele>216.000</ele></trkpt>
      <trkpt lat="22.2716596664" lon="114.2158131736"><ele>216.000</ele></trkpt>
      <trkpt lat="22.2716588797" lon="114.2158173785"><ele>216.000</ele></trkpt>
      <trkpt lat="22.2716578439" lon="114.2158209100"><ele>216.000</ele></trkpt>
      <trkpt lat="22.2716573581" lon="114.2158245755"><ele>216.000</ele></trkpt>
      <trkpt lat="22.2716574349" lon="114.2158282762"><ele>213.000</ele></trkpt>
      <trkpt lat="22.2716580734" lon="114.2158319129"><ele>213.000</ele></trkpt>
      <trkpt lat="22.2716592546" lon="114.2158353887"><ele>213.000</ele></trkpt>
      <trkpt lat="22.2716609498" lon="114.2158386105"><ele>213.000</ele></trkpt>
      <trkpt lat="22.2716631093" lon="114.2158414869"><ele>213.000</ele></trkpt>
      <trkpt lat="22.2716683343" lon="114.2158457711"><ele>213.000</ele></trkpt>
      <trkpt lat="22.2716686756" lon="114.2158494583"><ele>213.000</ele></trkpt>
      <trkpt lat="22.2716685772" lon="114.2158531608"><ele>213.000</ele></trkpt>
      <trkpt lat="22.2716680381" lon="114.2158568185"><ele>213.000</ele></trkpt>
      <trkpt lat="22.2716670719" lon="114.2158603733"><ele>213.000</ele></trkpt>
      <trkpt lat="22.2716656876" lon="114.2158637660"><ele>213.000</ele></trkpt>
      <trkpt lat="22.2716639141" lon="114.2158669373"><ele>213.000</ele></trkpt>
      <trkpt lat="22.2716617777" lon="114.2158698397"><ele>213.000</ele></trkpt>
      <trkpt lat="22.2716571502" lon="114.2158742202"><ele>213.000</ele></trkpt>
      <trkpt lat="22.2716552620" lon="114.2158773187"><ele>212.000</ele></trkpt>
      <trkpt lat="22.2716533053" lon="114.2158803686"><ele>213.000</ele></trkpt>
      <trkpt lat="22.2716512799" lon="114.2158833643"><ele>213.000</ele></trkpt>
      <trkpt lat="22.2716491868" lon="114.2158863055"><ele>213.000</ele></trkpt>
      <trkpt lat="22.2716470260" lon="114.2158891905"><ele>213.000</ele></trkpt>
      <trkpt lat="22.2716448001" lon="114.2158920172"><ele>213.000</ele></trkpt>
      <trkpt lat="22.2716425102" lon="114.2158947838"><ele>213.000</ele></trkpt>
      <trkpt lat="22.2716401580" lon="114.2158974902"><ele>213.000</ele></trkpt>
      <trkpt lat="22.2716377461" lon="114.2159001325"><ele>213.000</ele></trkpt>
      <trkpt lat="22.2716352729" lon="114.2159027089"><ele>213.000</ele></trkpt>
      <trkpt lat="22.2716327419" lon="114.2159052212"><ele>213.000</ele></trkpt>
      <trkpt lat="22.2716301550" lon="114.2159076636"><ele>213.000</ele></trkpt>
      <trkpt lat="22.2716275138" lon="114.2159100381"><ele>213.000</ele></trkpt>
      <trkpt lat="22.2716248167" lon="114.2159123407"><ele>213.000</ele></trkpt>
      <trkpt lat="22.2716220709" lon="114.2159145735"><ele>213.000</ele></trkpt>
      <trkpt lat="22.2716192727" lon="114.2159167316"><ele>213.000</ele></trkpt>
      <trkpt lat="22.2716164275" lon="114.2159188140"><ele>213.000</ele></trkpt>
      <trkpt lat="22.2716135354" lon="114.2159208197"><ele>213.000</ele></trkpt>
      <trkpt lat="22.2716105982" lon="114.2159227497"><ele>212.000</ele></trkpt>
      <trkpt lat="22.2716076176" lon="114.2159246001"><ele>214.000</ele></trkpt>
      <trkpt lat="22.2716045955" lon="114.2159263729"><ele>214.000</ele></trkpt>
      <trkpt lat="22.2716015356" lon="114.2159280642"><ele>214.000</ele></trkpt>
      <trkpt lat="22.2715984359" lon="114.2159296721"><ele>214.000</ele></trkpt>
      <trkpt lat="22.2715953018" lon="114.2159311984"><ele>214.000</ele></trkpt>
      <trkpt lat="22.2715921336" lon="114.2159326413"><ele>214.000</ele></trkpt>
      <trkpt lat="22.2715889328" lon="114.2159340007"><ele>214.000</ele></trkpt>
      <trkpt lat="22.2715857013" lon="114.2159352747"><ele>214.000</ele></trkpt>
      <trkpt lat="22.2715824427" lon="114.2159364614"><ele>214.000</ele></trkpt>
      <trkpt lat="22.2715791589" lon="114.2159375637"><ele>214.000</ele></trkpt>
      <trkpt lat="22.2715758499" lon="114.2159385748"><ele>214.000</ele></trkpt>
      <trkpt lat="22.2715725191" lon="114.2159394995"><ele>214.000</ele></trkpt>
      <trkpt lat="22.2715687604" lon="114.2159404318"><ele>214.000</ele></trkpt>
      <trkpt lat="22.2715654982" lon="114.2159416050"><ele>214.000</ele></trkpt>
      <trkpt lat="22.2715622108" lon="114.2159426946"><ele>214.000</ele></trkpt>
      <trkpt lat="22.2715588999" lon="114.2159437028"><ele>214.000</ele></trkpt>
      <trkpt lat="22.2715555692" lon="114.2159446304"><ele>214.000</ele></trkpt>
      <trkpt lat="22.2715522204" lon="114.2159454707"><ele>214.000</ele></trkpt>
      <trkpt lat="22.2715488536" lon="114.2159462304"><ele>214.000</ele></trkpt>
      <trkpt lat="22.2715454706" lon="114.2159469058"><ele>214.000</ele></trkpt>
      <trkpt lat="22.2715420749" lon="114.2159474938"><ele>214.000</ele></trkpt>
      <trkpt lat="22.2715386684" lon="114.2159479993"><ele>214.000</ele></trkpt>
      <trkpt lat="22.2715352511" lon="114.2159484214"><ele>214.000</ele></trkpt>
      <trkpt lat="22.2715318257" lon="114.2159487562"><ele>214.000</ele></trkpt>
      <trkpt lat="22.2715283949" lon="114.2159490055"><ele>214.000</ele></trkpt>
      <trkpt lat="22.2715249578" lon="114.2159491695"><ele>214.000</ele></trkpt>
      <trkpt lat="22.2715215189" lon="114.2159492501"><ele>214.000</ele></trkpt>
      <trkpt lat="22.2715180801" lon="114.2159492433"><ele>214.000</ele></trkpt>
      <trkpt lat="22.2715146430" lon="114.2159491492"><ele>214.000</ele></trkpt>
      <trkpt lat="22.2715112078" lon="114.2159489716"><ele>214.000</ele></trkpt>
      <trkpt lat="22.2715077762" lon="114.2159487087"><ele>214.000</ele></trkpt>
      <trkpt lat="22.2715043519" lon="114.2159483585"><ele>214.000</ele></trkpt>
      <trkpt lat="22.2715009366" lon="114.2159479248"><ele>214.000</ele></trkpt>
      <trkpt lat="22.2714975322" lon="114.2159474057"><ele>214.000</ele></trkpt>
      <trkpt lat="22.2714941386" lon="114.2159468013"><ele>214.000</ele></trkpt>
      <trkpt lat="22.2714907595" lon="114.2159461134"><ele>214.000</ele></trkpt>
      <trkpt lat="22.2714873967" lon="114.2159453420"><ele>214.000</ele></trkpt>
      <trkpt lat="22.2714840501" lon="114.2159444853"><ele>214.000</ele></trkpt>
      <trkpt lat="22.2714807235" lon="114.2159435471"><ele>214.000</ele></trkpt>
      <trkpt lat="22.2714770446" lon="114.2159424051"><ele>214.000</ele></trkpt>
      <trkpt lat="22.2714737885" lon="114.2159412108"><ele>215.000</ele></trkpt>
      <trkpt lat="22.2714705233" lon="114.2159400475"><ele>215.000</ele></trkpt>
      <trkpt lat="22.2714672499" lon="114.2159389152"><ele>215.000</ele></trkpt>
      <trkpt lat="22.2714639658" lon="114.2159378160"><ele>215.000</ele></trkpt>
      <trkpt lat="22.2714606725" lon="114.2159367458"><ele>215.000</ele></trkpt>
      <trkpt lat="22.2714573712" lon="114.2159357087"><ele>215.000</ele></trkpt>
      <trkpt lat="22.2714540599" lon="114.2159347045"><ele>215.000</ele></trkpt>
      <trkpt lat="22.2714507423" lon="114.2159337294"><ele>215.000</ele></trkpt>
      <trkpt lat="22.2714474174" lon="114.2159327873"><ele>215.000</ele></trkpt>
      <trkpt lat="22.2714440835" lon="114.2159318782"><ele>215.000</ele></trkpt>
      <trkpt lat="22.2714407424" lon="114.2159309983"><ele>215.000</ele></trkpt>
      <trkpt lat="22.2714373940" lon="114.2159301532"><ele>215.000</ele></trkpt>
      <trkpt lat="22.2714340384" lon="114.2159293392"><ele>215.000</ele></trkpt>
      <trkpt lat="22.2714306774" lon="114.2159285562"><ele>215.000</ele></trkpt>
      <trkpt lat="22.2714273092" lon="114.2159278062"><ele>216.000</ele></trkpt>
      <trkpt lat="22.2714239355" lon="114.2159270892"><ele>216.000</ele></trkpt>
      <trkpt lat="22.2714205546" lon="114.2159264033"><ele>216.000</ele></trkpt>
      <trkpt lat="22.2714171701" lon="114.2159257503"><ele>216.000</ele></trkpt>
      <trkpt lat="22.2714137801" lon="114.2159251304"><ele>216.000</ele></trkpt>
      <trkpt lat="22.2714103847" lon="114.2159245414"><ele>216.000</ele></trkpt>
      <trkpt lat="22.2714069839" lon="114.2159239855"><ele>216.000</ele></trkpt>
      <trkpt lat="22.2714035795" lon="114.2159234625"><ele>216.000</ele></trkpt>
      <trkpt lat="22.2714001696" lon="114.2159229736"><ele>216.000</ele></trkpt>
      <trkpt lat="22.2713935413" lon="114.2159221150"><ele>218.000</ele></trkpt>
      <trkpt lat="22.2713901079" lon="114.2159219122"><ele>218.000</ele></trkpt>
      <trkpt lat="22.2713866726" lon="114.2159220519"><ele>218.000</ele></trkpt>
      <trkpt lat="22.2713832626" lon="114.2159225274"><ele>218.000</ele></trkpt>
      <trkpt lat="22.2713799093" lon="114.2159233395"><ele>217.000</ele></trkpt>
      <trkpt lat="22.2713766372" lon="114.2159244797"><ele>217.000</ele></trkpt>
      <trkpt lat="22.2713734761" lon="114.2159259400"><ele>217.000</ele></trkpt>
      <trkpt lat="22.2713704531" lon="114.2159277050"><ele>217.000</ele></trkpt>
      <trkpt lat="22.2713675926" lon="114.2159297632"><ele>217.000</ele></trkpt>
      <trkpt lat="22.2713649190" lon="114.2159320949"><ele>217.000</ele></trkpt>
      <trkpt lat="22.2713624548" lon="114.2159346790"><ele>217.000</ele></trkpt>
      <trkpt lat="22.2713602218" lon="114.2159374980"><ele>217.000</ele></trkpt>
      <trkpt lat="22.2713582379" lon="114.2159405247"><ele>217.000</ele></trkpt>
      <trkpt lat="22.2713565213" lon="114.2159437358"><ele>217.000</ele></trkpt>
      <trkpt lat="22.2713550828" lon="114.2159471022"><ele>217.000</ele></trkpt>
      <trkpt lat="22.2713539396" lon="114.2159505968"><ele>217.000</ele></trkpt>
      <trkpt lat="22.2713530980" lon="114.2159541904"><ele>217.000</ele></trkpt>
      <trkpt lat="22.2713525643" lon="114.2159578501"><ele>217.000</ele></trkpt>
      <trkpt lat="22.2713523411" lon="114.2159620096"><ele>217.000</ele></trkpt>
      <trkpt lat="22.2713515420" lon="114.2159656139"><ele>217.000</ele></trkpt>
      <trkpt lat="22.2713507735" lon="114.2159692269"><ele>217.000</ele></trkpt>
      <trkpt lat="22.2713500321" lon="114.2159728477"><ele>216.000</ele></trkpt>
      <trkpt lat="22.2713493214" lon="114.2159764744"><ele>216.000</ele></trkpt>
      <trkpt lat="22.2713486378" lon="114.2159801069"><ele>216.000</ele></trkpt>
      <trkpt lat="22.2713479849" lon="114.2159837452"><ele>216.000</ele></trkpt>
      <trkpt lat="22.2713473600" lon="114.2159873913"><ele>216.000</ele></trkpt>
      <trkpt lat="22.2713467649" lon="114.2159910412"><ele>216.000</ele></trkpt>
      <trkpt lat="22.2713461969" lon="114.2159946980"><ele>216.000</ele></trkpt>
      <trkpt lat="22.2713456587" lon="114.2159983587"><ele>216.000</ele></trkpt>
      <trkpt lat="22.2713451503" lon="114.2160020242"><ele>216.000</ele></trkpt>
      <trkpt lat="22.2713446708" lon="114.2160056955"><ele>216.000</ele></trkpt>
      <trkpt lat="22.2713442202" lon="114.2160093708"><ele>216.000</ele></trkpt>
      <trkpt lat="22.2713437985" lon="114.2160130499"><ele>216.000</ele></trkpt>
      <trkpt lat="22.2713434057" lon="114.2160167310"><ele>216.000</ele></trkpt>
      <trkpt lat="22.2713430436" lon="114.2160204189"><ele>215.000</ele></trkpt>
      <trkpt lat="22.2713427103" lon="114.2160241067"><ele>215.000</ele></trkpt>
      <trkpt lat="22.2713424060" lon="114.2160278005"><ele>215.000</ele></trkpt>
      <trkpt lat="22.2713421306" lon="114.2160314951"><ele>215.000</ele></trkpt>
      <trkpt lat="22.2713418868" lon="114.2160351908"><ele>215.000</ele></trkpt>
      <trkpt lat="22.2713416710" lon="114.2160388913"><ele>215.000</ele></trkpt>
      <trkpt lat="22.2713414831" lon="114.2160425929"><ele>215.000</ele></trkpt>
      <trkpt lat="22.2713412642" lon="114.2160480331"><ele>215.000</ele></trkpt>
      <trkpt lat="22.2713403937" lon="114.2160516189"><ele>215.000</ele></trkpt>
      <trkpt lat="22.2713386219" lon="114.2160587829"><ele>218.000</ele></trkpt>
      <trkpt lat="22.2713377180" lon="114.2160623619"><ele>218.000</ele></trkpt>
      <trkpt lat="22.2713358794" lon="114.2160695035"><ele>216.000</ele></trkpt>
      <trkpt lat="22.2713349430" lon="114.2160730719"><ele>216.000</ele></trkpt>
      <trkpt lat="22.2713330358" lon="114.2160801951"><ele>216.000</ele></trkpt>
      <trkpt lat="22.2713320678" lon="114.2160837518"><ele>216.000</ele></trkpt>
      <trkpt lat="22.2713300929" lon="114.2160908536"><ele>216.000</ele></trkpt>
      <trkpt lat="22.2713280755" lon="114.2160979418"><ele>216.000</ele></trkpt>
      <trkpt lat="22.2713269168" lon="114.2161019409"><ele>216.000</ele></trkpt>
      <trkpt lat="22.2713257221" lon="114.2161054180"><ele>216.000</ele></trkpt>
      <trkpt lat="22.2713245599" lon="114.2161089067"><ele>216.000</ele></trkpt>
      <trkpt lat="22.2713234266" lon="114.2161124071"><ele>216.000</ele></trkpt>
      <trkpt lat="22.2713223250" lon="114.2161159192"><ele>216.000</ele></trkpt>
      <trkpt lat="22.2713212504" lon="114.2161194409"><ele>216.000</ele></trkpt>
      <trkpt lat="22.2713202092" lon="114.2161229724"><ele>216.000</ele></trkpt>
      <trkpt lat="22.2713191969" lon="114.2161265155"><ele>216.000</ele></trkpt>
      <trkpt lat="22.2713182153" lon="114.2161300683"><ele>216.000</ele></trkpt>
      <trkpt lat="22.2713172662" lon="114.2161336328"><ele>216.000</ele></trkpt>
      <trkpt lat="22.2713163460" lon="114.2161372031"><ele>216.000</ele></trkpt>
      <trkpt lat="22.2713154565" lon="114.2161407851"><ele>216.000</ele></trkpt>
      <trkpt lat="22.2713145996" lon="114.2161443749"><ele>216.000</ele></trkpt>
      <trkpt lat="22.2713137715" lon="114.2161479724"><ele>216.000</ele></trkpt>
      <trkpt lat="22.2713129759" lon="114.2161515796"><ele>216.000</ele></trkpt>
      <trkpt lat="22.2713122111" lon="114.2161551926"><ele>216.000</ele></trkpt>
      <trkpt lat="22.2713114281" lon="114.2161590657"><ele>216.000</ele></trkpt>
      <trkpt lat="22.2713104158" lon="114.2161626069"><ele>216.000</ele></trkpt>
      <trkpt lat="22.2713091886" lon="114.2161660704"><ele>214.000</ele></trkpt>
      <trkpt lat="22.2713077546" lon="114.2161694397"><ele>214.000</ele></trkpt>
      <trkpt lat="22.2713061165" lon="114.2161726994"><ele>214.000</ele></trkpt>
      <trkpt lat="22.2713042844" lon="114.2161758338"><ele>214.000</ele></trkpt>
      <trkpt lat="22.2713022644" lon="114.2161788352"><ele>214.000</ele></trkpt>
      <trkpt lat="22.2713000675" lon="114.2161816872"><ele>214.000</ele></trkpt>
      <trkpt lat="22.2712977008" lon="114.2161843761"><ele>214.000</ele></trkpt>
      <trkpt lat="22.2712951752" lon="114.2161868932"><ele>214.000</ele></trkpt>
      <trkpt lat="22.2712925016" lon="114.2161892260"><ele>216.000</ele></trkpt>
      <trkpt lat="22.2712896925" lon="114.2161913636"><ele>216.000</ele></trkpt>
      <trkpt lat="22.2712867589" lon="114.2161932995"><ele>216.000</ele></trkpt>
      <trkpt lat="22.2712837151" lon="114.2161950218"><ele>216.000</ele></trkpt>
      <trkpt lat="22.2712805712" lon="114.2161965268"><ele>216.000</ele></trkpt>
      <trkpt lat="22.2712773424" lon="114.2161978047"><ele>216.000</ele></trkpt>
      <trkpt lat="22.2712740442" lon="114.2161988536"><ele>216.000</ele></trkpt>
      <trkpt lat="22.2712706882" lon="114.2161996667"><ele>216.000</ele></trkpt>
      <trkpt lat="22.2712672916" lon="114.2162002372"><ele>216.000</ele></trkpt>
      <trkpt lat="22.2712638662" lon="114.2162005691"><ele>216.000</ele></trkpt>
      <trkpt lat="22.2712604273" lon="114.2162006564"><ele>216.000</ele></trkpt>
      <trkpt lat="22.2712567013" lon="114.2162004768"><ele>216.000</ele></trkpt>
      <trkpt lat="22.2712499052" lon="114.2161993378"><ele>216.000</ele></trkpt>
      <trkpt lat="22.2712465098" lon="114.2161987450"><ele>218.000</ele></trkpt>
      <trkpt lat="22.2712397281" lon="114.2161975128"><ele>218.000</ele></trkpt>
      <trkpt lat="22.2712329554" lon="114.2161962204"><ele>218.000</ele></trkpt>
      <trkpt lat="22.2712295727" lon="114.2161955500"><ele>218.000</ele></trkpt>
      <trkpt lat="22.2712250467" lon="114.2161946309"><ele>218.000</ele></trkpt>
      <trkpt lat="22.2712216150" lon="114.2161948434"><ele>218.000</ele></trkpt>
      <trkpt lat="22.2712181995" lon="114.2161952868"><ele>218.000</ele></trkpt>
      <trkpt lat="22.2712148183" lon="114.2161959631"><ele>218.000</ele></trkpt>
      <trkpt lat="22.2712114840" lon="114.2161968664"><ele>218.000</ele></trkpt>
      <trkpt lat="22.2712082074" lon="114.2161979949"><ele>218.000</ele></trkpt>
      <trkpt lat="22.2712050048" lon="114.2161993446"><ele>218.000</ele></trkpt>
      <trkpt lat="22.2712018852" lon="114.2162009088"><ele>220.000</ele></trkpt>
      <trkpt lat="22.2711988649" lon="114.2162026816"><ele>220.000</ele></trkpt>
      <trkpt lat="22.2711959530" lon="114.2162046533"><ele>220.000</ele></trkpt>
      <trkpt lat="22.2711931638" lon="114.2162068201"><ele>220.000</ele></trkpt>
      <trkpt lat="22.2711905046" lon="114.2162091732"><ele>220.000</ele></trkpt>
      <trkpt lat="22.2711879908" lon="114.2162117010"><ele>220.000</ele></trkpt>
      <trkpt lat="22.2711856268" lon="114.2162143938"><ele>217.000</ele></trkpt>
      <trkpt lat="22.2711834262" lon="114.2162172438"><ele>217.000</ele></trkpt>
      <trkpt lat="22.2711813954" lon="114.2162202355"><ele>217.000</ele></trkpt>
      <trkpt lat="22.2711795452" lon="114.2162233593"><ele>217.000</ele></trkpt>
      <trkpt lat="22.2711771852" lon="114.2162281168"><ele>217.000</ele></trkpt>
      <trkpt lat="22.2711756582" lon="114.2162314395"><ele>217.000</ele></trkpt>
      <trkpt lat="22.2711740996" lon="114.2162347428"><ele>217.000</ele></trkpt>
      <trkpt lat="22.2711725086" lon="114.2162380296"><ele>217.000</ele></trkpt>
      <trkpt lat="22.2711708859" lon="114.2162412990"><ele>217.000</ele></trkpt>
      <trkpt lat="22.2711692307" lon="114.2162445489"><ele>217.000</ele></trkpt>
      <trkpt lat="22.2711675456" lon="114.2162477813"><ele>217.000</ele></trkpt>
      <trkpt lat="22.2711658263" lon="114.2162509924"><ele>217.000</ele></trkpt>
      <trkpt lat="22.2711640790" lon="114.2162541841"><ele>217.000</ele></trkpt>
      <trkpt lat="22.2711622992" lon="114.2162573583"><ele>217.000</ele></trkpt>
      <trkpt lat="22.2711604887" lon="114.2162605092"><ele>217.000</ele></trkpt>
      <trkpt lat="22.2711586475" lon="114.2162636417"><ele>214.000</ele></trkpt>
      <trkpt lat="22.2711567756" lon="114.2162667509"><ele>214.000</ele></trkpt>
      <trkpt lat="22.2711548730" lon="114.2162698416"><ele>214.000</ele></trkpt>
      <trkpt lat="22.2711529424" lon="114.2162729090"><ele>214.000</ele></trkpt>
      <trkpt lat="22.2711509793" lon="114.2162759532"><ele>214.000</ele></trkpt>
      <trkpt lat="22.2711489882" lon="114.2162789779"><ele>214.000</ele></trkpt>
      <trkpt lat="22.2711469682" lon="114.2162819774"><ele>214.000</ele></trkpt>
      <trkpt lat="22.2711449203" lon="114.2162849555"><ele>214.000</ele></trkpt>
      <trkpt lat="22.2711428398" lon="114.2162879084"><ele>214.000</ele></trkpt>
      <trkpt lat="22.2711407331" lon="114.2162908399"><ele>214.000</ele></trkpt>
      <trkpt lat="22.2711385976" lon="114.2162937463"><ele>214.000</ele></trkpt>
      <trkpt lat="22.2711364331" lon="114.2162966273"><ele>214.000</ele></trkpt>
      <trkpt lat="22.2711342416" lon="114.2162994851"><ele>214.000</ele></trkpt>
      <trkpt lat="22.2711320230" lon="114.2163023186"><ele>214.000</ele></trkpt>
      <trkpt lat="22.2711297755" lon="114.2163051250"><ele>214.000</ele></trkpt>
      <trkpt lat="22.2711275009" lon="114.2163079070"><ele>214.000</ele></trkpt>
      <trkpt lat="22.2711251992" lon="114.2163106619"><ele>214.000</ele></trkpt>
      <trkpt lat="22.2711228723" lon="114.2163133926"><ele>211.000</ele></trkpt>
      <trkpt lat="22.2711205182" lon="114.2163160960"><ele>211.000</ele></trkpt>
      <trkpt lat="22.2711181371" lon="114.2163187714"><ele>211.000</ele></trkpt>
      <trkpt lat="22.2711157316" lon="114.2163214214"><ele>211.000</ele></trkpt>
      <trkpt lat="22.2711132990" lon="114.2163240424"><ele>211.000</ele></trkpt>
      <trkpt lat="22.2711108429" lon="114.2163266362"><ele>214.000</ele></trkpt>
      <trkpt lat="22.2711083580" lon="114.2163292028"><ele>214.000</ele></trkpt>
      <trkpt lat="22.2711058504" lon="114.2163317423"><ele>214.000</ele></trkpt>
      <trkpt lat="22.2711033195" lon="114.2163342507"><ele>214.000</ele></trkpt>
      <trkpt lat="22.2710996540" lon="114.2163377930"><ele>214.000</ele></trkpt>
      <trkpt lat="22.2710969243" lon="114.2163400491"><ele>214.000</ele></trkpt>
      <trkpt lat="22.2710943031" lon="114.2163424488"><ele>214.000</ele></trkpt>
      <trkpt lat="22.2710917919" lon="114.2163449824"><ele>214.000</ele></trkpt>
      <trkpt lat="22.2710894000" lon="114.2163476461"><ele>214.000</ele></trkpt>
      <trkpt lat="22.2710871326" lon="114.2163504340"><ele>214.000</ele></trkpt>
      <trkpt lat="22.2710849934" lon="114.2163533364"><ele>214.000</ele></trkpt>
      <trkpt lat="22.2710829897" lon="114.2163563495"><ele>214.000</ele></trkpt>
      <trkpt lat="22.2710811250" lon="114.2163594655"><ele>210.000</ele></trkpt>
      <trkpt lat="22.2710794048" lon="114.2163626746"><ele>210.000</ele></trkpt>
      <trkpt lat="22.2710778327" lon="114.2163659711"><ele>210.000</ele></trkpt>
      <trkpt lat="22.2710764131" lon="114.2163693472"><ele>210.000</ele></trkpt>
      <trkpt lat="22.2710751462" lon="114.2163727932"><ele>210.000</ele></trkpt>
      <trkpt lat="22.2710740391" lon="114.2163763033"><ele>210.000</ele></trkpt>
      <trkpt lat="22.2710730936" lon="114.2163798678"><ele>210.000</ele></trkpt>
      <trkpt lat="22.2710723107" lon="114.2163834770"><ele>210.000</ele></trkpt>
      <trkpt lat="22.2710716921" lon="114.2163871231"><ele>210.000</ele></trkpt>
      <trkpt lat="22.2710712415" lon="114.2163907964"><ele>210.000</ele></trkpt>
      <trkpt lat="22.2710709570" lon="114.2163944910"><ele>210.000</ele></trkpt>
      <trkpt lat="22.2710708786" lon="114.2164013760"><ele>210.000</ele></trkpt>
      <trkpt lat="22.2710715740" lon="114.2164050050"><ele>210.000</ele></trkpt>
      <trkpt lat="22.2710722991" lon="114.2164086281"><ele>210.000</ele></trkpt>
      <trkpt lat="22.2710730568" lon="114.2164122436"><ele>210.000</ele></trkpt>
      <trkpt lat="22.2710738452" lon="114.2164158522"><ele>210.000</ele></trkpt>
      <trkpt lat="22.2710746643" lon="114.2164194511"><ele>210.000</ele></trkpt>
      <trkpt lat="22.2710755141" lon="114.2164230413"><ele>210.000</ele></trkpt>
      <trkpt lat="22.2710763947" lon="114.2164266238"><ele>210.000</ele></trkpt>
      <trkpt lat="22.2710773059" lon="114.2164301985"><ele>210.000</ele></trkpt>
      <trkpt lat="22.2710782478" lon="114.2164337635"><ele>210.000</ele></trkpt>
      <trkpt lat="22.2710792186" lon="114.2164373169"><ele>210.000</ele></trkpt>
      <trkpt lat="22.2710802220" lon="114.2164408625"><ele>210.000</ele></trkpt>
      <trkpt lat="22.2710812542" lon="114.2164443984"><ele>210.000</ele></trkpt>
      <trkpt lat="22.2710823172" lon="114.2164479227"><ele>210.000</ele></trkpt>
      <trkpt lat="22.2710834108" lon="114.2164514354"><ele>210.000</ele></trkpt>
      <trkpt lat="22.2710845334" lon="114.2164549393"><ele>210.000</ele></trkpt>
      <trkpt lat="22.2710856867" lon="114.2164584307"><ele>210.000</ele></trkpt>
      <trkpt lat="22.2710868706" lon="114.2164619094"><ele>210.000</ele></trkpt>
      <trkpt lat="22.2710880835" lon="114.2164653775"><ele>210.000</ele></trkpt>
      <trkpt lat="22.2710893253" lon="114.2164688339"><ele>210.000</ele></trkpt>
      <trkpt lat="22.2710905978" lon="114.2164722777"><ele>210.000</ele></trkpt>
      <trkpt lat="22.2710918991" lon="114.2164757079"><ele>210.000</ele></trkpt>
      <trkpt lat="22.2710932294" lon="114.2164791256"><ele>210.000</ele></trkpt>
      <trkpt lat="22.2710945886" lon="114.2164825297"><ele>210.000</ele></trkpt>
      <trkpt lat="22.2710971798" lon="114.2164887847"><ele>210.000</ele></trkpt>
      <trkpt lat="22.2710979745" lon="114.2164923904"><ele>210.000</ele></trkpt>
      <trkpt lat="22.2710986581" lon="114.2164960213"><ele>210.000</ele></trkpt>
      <trkpt lat="22.2710992280" lon="114.2164996775"><ele>210.000</ele></trkpt>
      <trkpt lat="22.2710996840" lon="114.2165033510"><ele>210.000</ele></trkpt>
      <trkpt lat="22.2711000263" lon="114.2165070391"><ele>210.000</ele></trkpt>
      <trkpt lat="22.2711002548" lon="114.2165107368"><ele>210.000</ele></trkpt>
      <trkpt lat="22.2711003677" lon="114.2165144423"><ele>210.000</ele></trkpt>
      <trkpt lat="22.2711003649" lon="114.2165181477"><ele>210.000</ele></trkpt>
      <trkpt lat="22.2711002484" lon="114.2165218521"><ele>210.000</ele></trkpt>
      <trkpt lat="22.2711000164" lon="114.2165255488"><ele>210.000</ele></trkpt>
      <trkpt lat="22.2710996687" lon="114.2165292376"><ele>210.000</ele></trkpt>
      <trkpt lat="22.2710992090" lon="114.2165329109"><ele>210.000</ele></trkpt>
      <trkpt lat="22.2710986338" lon="114.2165365648"><ele>210.000</ele></trkpt>
      <trkpt lat="22.2710979466" lon="114.2165401982"><ele>210.000</ele></trkpt>
      <trkpt lat="22.2710971474" lon="114.2165438025"><ele>210.000</ele></trkpt>
      <trkpt lat="22.2710962362" lon="114.2165473767"><ele>210.000</ele></trkpt>
      <trkpt lat="22.2710952149" lon="114.2165509169"><ele>210.000</ele></trkpt>
      <trkpt lat="22.2710940852" lon="114.2165544163"><ele>210.000</ele></trkpt>
      <trkpt lat="22.2710928453" lon="114.2165578759"><ele>210.000</ele></trkpt>
      <trkpt lat="22.2710915007" lon="114.2165612870"><ele>210.000</ele></trkpt>
      <trkpt lat="22.2710900514" lon="114.2165646476"><ele>210.000</ele></trkpt>
      <trkpt lat="22.2710884973" lon="114.2165679557"><ele>210.000</ele></trkpt>
      <trkpt lat="22.2710868430" lon="114.2165712056"><ele>210.000</ele></trkpt>
      <trkpt lat="22.2710842691" lon="114.2165758020"><ele>210.000</ele></trkpt>
      <trkpt lat="22.2710830437" lon="114.2165792655"><ele>210.000</ele></trkpt>
      <trkpt lat="22.2710817930" lon="114.2165827193"><ele>210.000</ele></trkpt>
      <trkpt lat="22.2710805170" lon="114.2165861624"><ele>210.000</ele></trkpt>
      <trkpt lat="22.2710792158" lon="114.2165895939"><ele>210.000</ele></trkpt>
      <trkpt lat="22.2710778874" lon="114.2165930127"><ele>210.000</ele></trkpt>
      <trkpt lat="22.2710765338" lon="114.2165964218"><ele>210.000</ele></trkpt>
      <trkpt lat="22.2710751531" lon="114.2165998173"><ele>210.000</ele></trkpt>
      <trkpt lat="22.2710737489" lon="114.2166032012"><ele>210.000</ele></trkpt>
      <trkpt lat="22.2710723176" lon="114.2166065715"><ele>210.000</ele></trkpt>
      <trkpt lat="22.2710708628" lon="114.2166099301"><ele>210.000</ele></trkpt>
      <trkpt lat="22.2710693810" lon="114.2166132771"><ele>210.000</ele></trkpt>
      <trkpt lat="22.2710678766" lon="114.2166166105"><ele>210.000</ele></trkpt>
      <trkpt lat="22.2710663433" lon="114.2166199284"><ele>210.000</ele></trkpt>
      <trkpt lat="22.2710647874" lon="114.2166232346"><ele>210.000</ele></trkpt>
      <trkpt lat="22.2710632062" lon="114.2166265272"><ele>210.000</ele></trkpt>
      <trkpt lat="22.2710615998" lon="114.2166298063"><ele>210.000</ele></trkpt>
      <trkpt lat="22.2710599707" lon="114.2166330707"><ele>210.000</ele></trkpt>
      <trkpt lat="22.2710583146" lon="114.2166363197"><ele>210.000</ele></trkpt>
      <trkpt lat="22.2710566359" lon="114.2166395560"><ele>210.000</ele></trkpt>
      <trkpt lat="22.2710549320" lon="114.2166427768"><ele>210.000</ele></trkpt>
      <trkpt lat="22.2710532027" lon="114.2166459821"><ele>210.000</ele></trkpt>
      <trkpt lat="22.2710514518" lon="114.2166491718"><ele>210.000</ele></trkpt>
      <trkpt lat="22.2710496765" lon="114.2166523479"><ele>210.000</ele></trkpt>
      <trkpt lat="22.2710478750" lon="114.2166555066"><ele>210.000</ele></trkpt>
      <trkpt lat="22.2710460509" lon="114.2166586497"><ele>210.000</ele></trkpt>
      <trkpt lat="22.2710442043" lon="114.2166617773"><ele>210.000</ele></trkpt>
      <trkpt lat="22.2710423324" lon="114.2166648875"><ele>210.000</ele></trkpt>
      <trkpt lat="22.2710404397" lon="114.2166679821"><ele>210.000</ele></trkpt>
      <trkpt lat="22.2710378966" lon="114.2166720506"><ele>210.000</ele></trkpt>
      <trkpt lat="22.2710175576" lon="114.2167094194"><ele>213.000</ele></trkpt>
      <trkpt lat="22.2710063632" lon="114.2167314421"><ele>213.000</ele></trkpt>
      <trkpt lat="22.2710045256" lon="114.2167345688"><ele>213.000</ele></trkpt>
      <trkpt lat="22.2710032172" lon="114.2167379934"><ele>213.000</ele></trkpt>
      <trkpt lat="22.2710024812" lon="114.2167416104"><ele>213.000</ele></trkpt>
      <trkpt lat="22.2710023358" lon="114.2167453090"><ele>213.000</ele></trkpt>
      <trkpt lat="22.2710027864" lon="114.2167489786"><ele>214.000</ele></trkpt>
      <trkpt lat="22.2710032141" lon="114.2167504361"><ele>214.000</ele></trkpt>
      <trkpt lat="22.2710038205" lon="114.2167525078"><ele>214.000</ele></trkpt>
      <trkpt lat="22.2710054054" lon="114.2167557906"><ele>214.000</ele></trkpt>
      <trkpt lat="22.2710074944" lon="114.2167587272"><ele>214.000</ele></trkpt>
      <trkpt lat="22.2710100260" lon="114.2167612312"><ele>214.000</ele></trkpt>
      <trkpt lat="22.2710129198" lon="114.2167632230"><ele>214.000</ele></trkpt>
      <trkpt lat="22.2710183476" lon="114.2167652640"><ele>214.000</ele></trkpt>
      <trkpt lat="22.2710330336" lon="114.2167749010"><ele>212.000</ele></trkpt>
      <trkpt lat="22.2710448032" lon="114.2167825713"><ele>212.000</ele></trkpt>
      <trkpt lat="22.2710595443" lon="114.2167921093"><ele>212.000</ele></trkpt>
      <trkpt lat="22.2710743170" lon="114.2168015911"><ele>216.000</ele></trkpt>
      <trkpt lat="22.2710831936" lon="114.2168072551"><ele>216.000</ele></trkpt>
      <trkpt lat="22.2710920820" lon="114.2168128958"><ele>216.000</ele></trkpt>
      <trkpt lat="22.2711009830" lon="114.2168185191"><ele>216.000</ele></trkpt>
      <trkpt lat="22.2711128655" lon="114.2168259828"><ele>216.000</ele></trkpt>
      <trkpt lat="22.2711217927" lon="114.2168315585"><ele>215.000</ele></trkpt>
      <trkpt lat="22.2711307272" lon="114.2168371129"><ele>215.000</ele></trkpt>
      <trkpt lat="22.2711396734" lon="114.2168426479"><ele>215.000</ele></trkpt>
      <trkpt lat="22.2711498918" lon="114.2168489362"><ele>218.000</ele></trkpt>
      <trkpt lat="22.2711526718" lon="114.2168511142"><ele>218.000</ele></trkpt>
      <trkpt lat="22.2711554112" lon="114.2168533563"><ele>218.000</ele></trkpt>
      <trkpt lat="22.2711581035" lon="114.2168556605"><ele>216.000</ele></trkpt>
      <trkpt lat="22.2711607507" lon="114.2168580248"><ele>216.000</ele></trkpt>
      <trkpt lat="22.2711633510" lon="114.2168604493"><ele>216.000</ele></trkpt>
      <trkpt lat="22.2711659042" lon="114.2168629319"><ele>216.000</ele></trkpt>
      <trkpt lat="22.2711684069" lon="114.2168654738"><ele>216.000</ele></trkpt>
      <trkpt lat="22.2711708608" lon="114.2168680699"><ele>216.000</ele></trkpt>
      <trkpt lat="22.2711732623" lon="114.2168707233"><ele>216.000</ele></trkpt>
      <trkpt lat="22.2711756096" lon="114.2168734291"><ele>216.000</ele></trkpt>
      <trkpt lat="22.2711779045" lon="114.2168761891"><ele>216.000</ele></trkpt>
      <trkpt lat="22.2711801452" lon="114.2168790006"><ele>216.000</ele></trkpt>
      <trkpt lat="22.2711823299" lon="114.2168818616"><ele>216.000</ele></trkpt>
      <trkpt lat="22.2711844586" lon="114.2168847720"><ele>216.000</ele></trkpt>
      <trkpt lat="22.2711865295" lon="114.2168877309"><ele>216.000</ele></trkpt>
      <trkpt lat="22.2711885408" lon="114.2168907345"><ele>216.000</ele></trkpt>
      <trkpt lat="22.2711921697" lon="114.2168965163"><ele>216.000</ele></trkpt>
      <trkpt lat="22.2711940347" lon="114.2168996295"><ele>216.000</ele></trkpt>
      <trkpt lat="22.2711960008" lon="114.2169026709"><ele>216.000</ele></trkpt>
      <trkpt lat="22.2711980663" lon="114.2169056327"><ele>216.000</ele></trkpt>
      <trkpt lat="22.2712002275" lon="114.2169085150"><ele>216.000</ele></trkpt>
      <trkpt lat="22.2712024845" lon="114.2169113119"><ele>216.000</ele></trkpt>
      <trkpt lat="22.2712048300" lon="114.2169140196"><ele>215.000</ele></trkpt>
      <trkpt lat="22.2712072640" lon="114.2169166362"><ele>215.000</ele></trkpt>
      <trkpt lat="22.2712097829" lon="114.2169191596"><ele>215.000</ele></trkpt>
      <trkpt lat="22.2712123849" lon="114.2169215821"><ele>215.000</ele></trkpt>
      <trkpt lat="22.2712150629" lon="114.2169239066"><ele>215.000</ele></trkpt>
      <trkpt lat="22.2712178185" lon="114.2169261245"><ele>215.000</ele></trkpt>
      <trkpt lat="22.2712206427" lon="114.2169282366"><ele>215.000</ele></trkpt>
      <trkpt lat="22.2712235375" lon="114.2169302381"><ele>215.000</ele></trkpt>
      <trkpt lat="22.2712264945" lon="114.2169321271"><ele>215.000</ele></trkpt>
      <trkpt lat="22.2712295130" lon="114.2169339035"><ele>215.000</ele></trkpt>
      <trkpt lat="22.2712325867" lon="114.2169355616"><ele>215.000</ele></trkpt>
      <trkpt lat="22.2712357145" lon="114.2169371013"><ele>215.000</ele></trkpt>
      <trkpt lat="22.2712388911" lon="114.2169385207"><ele>215.000</ele></trkpt>
      <trkpt lat="22.2712429256" lon="114.2169401228"><ele>215.000</ele></trkpt>
      <trkpt lat="22.2712459613" lon="114.2169418624"><ele>216.000</ele></trkpt>
      <trkpt lat="22.2712489753" lon="114.2169436486"><ele>216.000</ele></trkpt>
      <trkpt lat="22.2712519649" lon="114.2169454793"><ele>216.000</ele></trkpt>
      <trkpt lat="22.2712549292" lon="114.2169473547"><ele>216.000</ele></trkpt>
      <trkpt lat="22.2712578709" lon="114.2169492757"><ele>216.000</ele></trkpt>
      <trkpt lat="22.2712607855" lon="114.2169512394"><ele>216.000</ele></trkpt>
      <trkpt lat="22.2712636766" lon="114.2169532487"><ele>216.000</ele></trkpt>
      <trkpt lat="22.2712665397" lon="114.2169553006"><ele>216.000</ele></trkpt>
      <trkpt lat="22.2712693757" lon="114.2169573972"><ele>216.000</ele></trkpt>
      <trkpt lat="22.2712721837" lon="114.2169595345"><ele>216.000</ele></trkpt>
      <trkpt lat="22.2712749646" lon="114.2169617145"><ele>216.000</ele></trkpt>
      <trkpt lat="22.2712777166" lon="114.2169639372"><ele>216.000</ele></trkpt>
      <trkpt lat="22.2712804397" lon="114.2169662007"><ele>216.000</ele></trkpt>
      <trkpt lat="22.2712831321" lon="114.2169685048"><ele>216.000</ele></trkpt>
      <trkpt lat="22.2712857955" lon="114.2169708488"><ele>216.000</ele></trkpt>
      <trkpt lat="22.2712884265" lon="114.2169732335"><ele>216.000</ele></trkpt>
      <trkpt lat="22.2712910294" lon="114.2169756589"><ele>216.000</ele></trkpt>
      <trkpt lat="22.2712935962" lon="114.2169781212"><ele>216.000</ele></trkpt>
      <trkpt lat="22.2712961332" lon="114.2169806242"><ele>216.000</ele></trkpt>
      <trkpt lat="22.2712986377" lon="114.2169831632"><ele>216.000</ele></trkpt>
      <trkpt lat="22.2713011078" lon="114.2169857399"><ele>216.000</ele></trkpt>
      <trkpt lat="22.2713035437" lon="114.2169883545"><ele>216.000</ele></trkpt>
      <trkpt lat="22.2713059470" lon="114.2169910060"><ele>216.000</ele></trkpt>
      <trkpt lat="22.2713083141" lon="114.2169936952"><ele>216.000</ele></trkpt>
      <trkpt lat="22.2713106470" lon="114.2169964175"><ele>216.000</ele></trkpt>
      <trkpt lat="22.2713129437" lon="114.2169991737"><ele>216.000</ele></trkpt>
      <trkpt lat="22.2713152043" lon="114.2170019668"><ele>216.000</ele></trkpt>
      <trkpt lat="22.2713174287" lon="114.2170047928"><ele>216.000</ele></trkpt>
      <trkpt lat="22.2713196152" lon="114.2170076518"><ele>216.000</ele></trkpt>
      <trkpt lat="22.2713217665" lon="114.2170105438"><ele>216.000</ele></trkpt>
      <trkpt lat="22.2713238781" lon="114.2170134698"><ele>216.000</ele></trkpt>
      <trkpt lat="22.2713259508" lon="114.2170164248"><ele>216.000</ele></trkpt>
      <trkpt lat="22.2713299806" lon="114.2170224280"><ele>216.000</ele></trkpt>
      <trkpt lat="22.2713351202" lon="114.2170320681"><ele>216.000</ele></trkpt>
      <trkpt lat="22.2713419469" lon="114.2170449387"><ele>216.000</ele></trkpt>
      <trkpt lat="22.2713470441" lon="114.2170546030"><ele>216.000</ele></trkpt>
      <trkpt lat="22.2713538139" lon="114.2170675085"><ele>216.000</ele></trkpt>
      <trkpt lat="22.2713622319" lon="114.2170836649"><ele>216.000</ele></trkpt>
      <trkpt lat="22.2713705993" lon="114.2170998513"><ele>218.000</ele></trkpt>
      <trkpt lat="22.2713789179" lon="114.2171160687"><ele>218.000</ele></trkpt>
      <trkpt lat="22.2713858979" lon="114.2171297748"><ele>216.000</ele></trkpt>
      <trkpt lat="22.2713876608" lon="114.2171329577"><ele>216.000</ele></trkpt>
      <trkpt lat="22.2713894499" lon="114.2171361213"><ele>218.000</ele></trkpt>
      <trkpt lat="22.2713912625" lon="114.2171392713"><ele>218.000</ele></trkpt>
      <trkpt lat="22.2713931003" lon="114.2171424038"><ele>218.000</ele></trkpt>
      <trkpt lat="22.2713949617" lon="114.2171455189"><ele>218.000</ele></trkpt>
      <trkpt lat="22.2713968483" lon="114.2171486166"><ele>218.000</ele></trkpt>
      <trkpt lat="22.2713987602" lon="114.2171516987"><ele>218.000</ele></trkpt>
      <trkpt lat="22.2714006957" lon="114.2171547624"><ele>218.000</ele></trkpt>
      <trkpt lat="22.2714026536" lon="114.2171578066"><ele>218.000</ele></trkpt>
      <trkpt lat="22.2714046369" lon="114.2171608344"><ele>218.000</ele></trkpt>
      <trkpt lat="22.2714066428" lon="114.2171638448"><ele>218.000</ele></trkpt>
      <trkpt lat="22.2714086721" lon="114.2171668367"><ele>218.000</ele></trkpt>
      <trkpt lat="22.2714107250" lon="114.2171698092"><ele>218.000</ele></trkpt>
      <trkpt lat="22.2714128013" lon="114.2171727633"><ele>218.000</ele></trkpt>
      <trkpt lat="22.2714149011" lon="114.2171756980"><ele>218.000</ele></trkpt>
      <trkpt lat="22.2714170244" lon="114.2171786132"><ele>218.000</ele></trkpt>
      <trkpt lat="22.2714191693" lon="114.2171815091"><ele>218.000</ele></trkpt>
      <trkpt lat="22.2714213378" lon="114.2171843856"><ele>218.000</ele></trkpt>
      <trkpt lat="22.2714235279" lon="114.2171872427"><ele>218.000</ele></trkpt>
      <trkpt lat="22.2714257397" lon="114.2171900785"><ele>218.000</ele></trkpt>
      <trkpt lat="22.2714279750" lon="114.2171928948"><ele>218.000</ele></trkpt>
      <trkpt lat="22.2714302320" lon="114.2171956918"><ele>218.000</ele></trkpt>
      <trkpt lat="22.2714325106" lon="114.2171984683"><ele>218.000</ele></trkpt>
      <trkpt lat="22.2714348109" lon="114.2172012217"><ele>218.000</ele></trkpt>
      <trkpt lat="22.2714371329" lon="114.2172039546"><ele>218.000</ele></trkpt>
      <trkpt lat="22.2714394766" lon="114.2172066662"><ele>218.000</ele></trkpt>
      <trkpt lat="22.2714418402" lon="114.2172093564"><ele>218.000</ele></trkpt>
      <trkpt lat="22.2714442254" lon="114.2172120273"><ele>218.000</ele></trkpt>
      <trkpt lat="22.2714466323" lon="114.2172146739"><ele>218.000</ele></trkpt>
      <trkpt lat="22.2714490591" lon="114.2172172992"><ele>218.000</ele></trkpt>
      <trkpt lat="22.2714516430" lon="114.2172200458"><ele>218.000</ele></trkpt>
      <trkpt lat="22.2714544293" lon="114.2172222190"><ele>218.000</ele></trkpt>
      <trkpt lat="22.2714572536" lon="114.2172243321"><ele>218.000</ele></trkpt>
      <trkpt lat="22.2714601158" lon="114.2172263860"><ele>218.000</ele></trkpt>
      <trkpt lat="22.2714630141" lon="114.2172283817"><ele>218.000</ele></trkpt>
      <trkpt lat="22.2714659468" lon="114.2172303153"><ele>218.000</ele></trkpt>
      <trkpt lat="22.2714689138" lon="114.2172321868"><ele>218.000</ele></trkpt>
      <trkpt lat="22.2714719151" lon="114.2172339982"><ele>218.000</ele></trkpt>
      <trkpt lat="22.2714749472" lon="114.2172357436"><ele>218.000</ele></trkpt>
      <trkpt lat="22.2714780100" lon="114.2172374288"><ele>218.000</ele></trkpt>
      <trkpt lat="22.2714811034" lon="114.2172390481"><ele>218.000</ele></trkpt>
      <trkpt lat="22.2714842241" lon="114.2172406034"><ele>218.000</ele></trkpt>
      <trkpt lat="22.2714873736" lon="114.2172420927"><ele>218.000</ele></trkpt>
      <trkpt lat="22.2714905484" lon="114.2172435160"><ele>218.000</ele></trkpt>
      <trkpt lat="22.2714937485" lon="114.2172448734"><ele>218.000</ele></trkpt>
      <trkpt lat="22.2714969721" lon="114.2172461628"><ele>218.000</ele></trkpt>
      <trkpt lat="22.2715002202" lon="114.2172473863"><ele>218.000</ele></trkpt>
      <trkpt lat="22.2715037319" lon="114.2172486215"><ele>218.000</ele></trkpt>
      <trkpt lat="22.2715067731" lon="114.2172496275"><ele>218.000</ele></trkpt>
      <trkpt lat="22.2715100799" lon="114.2172506453"><ele>218.000</ele></trkpt>
      <trkpt lat="22.2715134057" lon="114.2172515962"><ele>218.000</ele></trkpt>
      <trkpt lat="22.2715167468" lon="114.2172524742"><ele>218.000</ele></trkpt>
      <trkpt lat="22.2715201015" lon="114.2172532834"><ele>218.000</ele></trkpt>
      <trkpt lat="22.2715234715" lon="114.2172540247"><ele>218.000</ele></trkpt>
      <trkpt lat="22.2715268542" lon="114.2172546923"><ele>218.000</ele></trkpt>
      <trkpt lat="22.2715310461" lon="114.2172554221"><ele>218.000</ele></trkpt>
      <trkpt lat="22.2715344704" lon="114.2172557637"><ele>218.000</ele></trkpt>
      <trkpt lat="22.2715379074" lon="114.2172558830"><ele>218.000</ele></trkpt>
      <trkpt lat="22.2715413454" lon="114.2172557773"><ele>218.000</ele></trkpt>
      <trkpt lat="22.2715447708" lon="114.2172554484"><ele>218.000</ele></trkpt>
      <trkpt lat="22.2715481701" lon="114.2172548983"><ele>218.000</ele></trkpt>
      <trkpt lat="22.2715515351" lon="114.2172541250"><ele>218.000</ele></trkpt>
      <trkpt lat="22.2715548496" lon="114.2172531372"><ele>218.000</ele></trkpt>
      <trkpt lat="22.2715581028" lon="114.2172519340"><ele>218.000</ele></trkpt>
      <trkpt lat="22.2715612819" lon="114.2172505203"><ele>218.000</ele></trkpt>
      <trkpt lat="22.2715643762" lon="114.2172489047"><ele>218.000</ele></trkpt>
      <trkpt lat="22.2715648061" lon="114.2172486458"><ele>220.000</ele></trkpt>
      <trkpt lat="22.2715673757" lon="114.2172470902"><ele>220.000</ele></trkpt>
      <trkpt lat="22.2715702669" lon="114.2172450816"><ele>220.000</ele></trkpt>
      <trkpt lat="22.2715730417" lon="114.2172428896"><ele>220.000</ele></trkpt>
      <trkpt lat="22.2715756865" lon="114.2172405210"><ele>220.000</ele></trkpt>
      <trkpt lat="22.2715781967" lon="114.2172379835"><ele>220.000</ele></trkpt>
      <trkpt lat="22.2715805571" lon="114.2172352888"><ele>220.000</ele></trkpt>
      <trkpt lat="22.2715837405" lon="114.2172310652"><ele>217.000</ele></trkpt>
      <trkpt lat="22.2715863131" lon="114.2172286034"><ele>217.000</ele></trkpt>
      <trkpt lat="22.2715890066" lon="114.2172262988"><ele>217.000</ele></trkpt>
      <trkpt lat="22.2715918138" lon="114.2172241582"><ele>217.000</ele></trkpt>
      <trkpt lat="22.2715947285" lon="114.2172221865"><ele>217.000</ele></trkpt>
      <trkpt lat="22.2715977371" lon="114.2172203924"><ele>217.000</ele></trkpt>
      <trkpt lat="22.2716008332" lon="114.2172187787"><ele>217.000</ele></trkpt>
      <trkpt lat="22.2716040087" lon="114.2172173514"><ele>217.000</ele></trkpt>
      <trkpt lat="22.2716072510" lon="114.2172161162"><ele>217.000</ele></trkpt>
      <trkpt lat="22.2716105511" lon="114.2172150751"><ele>218.000</ele></trkpt>
      <trkpt lat="22.2716167284" lon="114.2172136797"><ele>218.000</ele></trkpt>
      <trkpt lat="22.2716198877" lon="114.2172122135"><ele>218.000</ele></trkpt>
      <trkpt lat="22.2716230370" lon="114.2172107212"><ele>218.000</ele></trkpt>
      <trkpt lat="22.2716261719" lon="114.2172091978"><ele>218.000</ele></trkpt>
      <trkpt lat="22.2716292969" lon="114.2172076482"><ele>218.000</ele></trkpt>
      <trkpt lat="22.2716324111" lon="114.2172060715"><ele>218.000</ele></trkpt>
      <trkpt lat="22.2716355126" lon="114.2172044675"><ele>218.000</ele></trkpt>
      <trkpt lat="22.2716386015" lon="114.2172028364"><ele>218.000</ele></trkpt>
      <trkpt lat="22.2716416778" lon="114.2172011782"><ele>218.000</ele></trkpt>
      <trkpt lat="22.2716447414" lon="114.2171994927"><ele>218.000</ele></trkpt>
      <trkpt lat="22.2716477923" lon="114.2171977820"><ele>218.000</ele></trkpt>
      <trkpt lat="22.2716508307" lon="114.2171960423"><ele>218.000</ele></trkpt>
      <trkpt lat="22.2716538564" lon="114.2171942772"><ele>218.000</ele></trkpt>
      <trkpt lat="22.2716568677" lon="114.2171924870"><ele>220.000</ele></trkpt>
      <trkpt lat="22.2716598663" lon="114.2171906676"><ele>220.000</ele></trkpt>
      <trkpt lat="22.2716628514" lon="114.2171888230"><ele>220.000</ele></trkpt>
      <trkpt lat="22.2716658202" lon="114.2171869532"><ele>220.000</ele></trkpt>
      <trkpt lat="22.2716687755" lon="114.2171850562"><ele>220.000</ele></trkpt>
      <trkpt lat="22.2716717164" lon="114.2171831340"><ele>218.000</ele></trkpt>
      <trkpt lat="22.2716746446" lon="114.2171811865"><ele>218.000</ele></trkpt>
      <trkpt lat="22.2716775565" lon="114.2171792139"><ele>218.000</ele></trkpt>
      <trkpt lat="22.2716804541" lon="114.2171772140"><ele>218.000</ele></trkpt>
      <trkpt lat="22.2716833354" lon="114.2171751908"><ele>218.000</ele></trkpt>
      <trkpt lat="22.2716862022" lon="114.2171731415"><ele>218.000</ele></trkpt>
      <trkpt lat="22.2716890537" lon="114.2171710650"><ele>218.000</ele></trkpt>
      <trkpt lat="22.2716941470" lon="114.2171672669"><ele>218.000</ele></trkpt>
      <trkpt lat="22.2717239173" lon="114.2171461837"><ele>218.000</ele></trkpt>
      <trkpt lat="22.2717262966" lon="114.2171435065"><ele>218.000</ele></trkpt>
      <trkpt lat="22.2717287599" lon="114.2171409166"><ele>218.000</ele></trkpt>
      <trkpt lat="22.2717313008" lon="114.2171384198"><ele>218.000</ele></trkpt>
      <trkpt lat="22.2717339221" lon="114.2171360182"><ele>218.000</ele></trkpt>
      <trkpt lat="22.2717366156" lon="114.2171337146"><ele>216.000</ele></trkpt>
      <trkpt lat="22.2717393832" lon="114.2171315099"><ele>216.000</ele></trkpt>
      <trkpt lat="22.2717422175" lon="114.2171294111"><ele>216.000</ele></trkpt>
      <trkpt lat="22.2717451168" lon="114.2171274151"><ele>216.000</ele></trkpt>
      <trkpt lat="22.2717480775" lon="114.2171255288"><ele>216.000</ele></trkpt>
      <trkpt lat="22.2717510960" lon="114.2171237512"><ele>216.000</ele></trkpt>
      <trkpt lat="22.2717541705" lon="114.2171220871"><ele>216.000</ele></trkpt>
      <trkpt lat="22.2717572937" lon="114.2171205355"><ele>216.000</ele></trkpt>
      <trkpt lat="22.2717604656" lon="114.2171191004"><ele>216.000</ele></trkpt>
      <trkpt lat="22.2717636808" lon="114.2171177837"><ele>216.000</ele></trkpt>
      <trkpt lat="22.2717669367" lon="114.2171165854"><ele>216.000</ele></trkpt>
      <trkpt lat="22.2717702268" lon="114.2171155074"><ele>216.000</ele></trkpt>
      <trkpt lat="22.2717735503" lon="114.2171145517"><ele>216.000</ele></trkpt>
      <trkpt lat="22.2717769018" lon="114.2171137202"><ele>216.000</ele></trkpt>
      <trkpt lat="22.2717802785" lon="114.2171130109"><ele>216.000</ele></trkpt>
      <trkpt lat="22.2717836751" lon="114.2171124258"><ele>216.000</ele></trkpt>
      <trkpt lat="22.2717870861" lon="114.2171119679"><ele>216.000</ele></trkpt>
      <trkpt lat="22.2717905133" lon="114.2171116341"><ele>216.000</ele></trkpt>
      <trkpt lat="22.2717939459" lon="114.2171114274"><ele>216.000</ele></trkpt>
      <trkpt lat="22.2717973848" lon="114.2171113469"><ele>216.000</ele></trkpt>
      <trkpt lat="22.2718008236" lon="114.2171113925"><ele>216.000</ele></trkpt>
      <trkpt lat="22.2718050264" lon="114.2171116208"><ele>216.000</ele></trkpt>
      <trkpt lat="22.2718118881" lon="114.2171110930"><ele>216.000</ele></trkpt>
      <trkpt lat="22.2718153198" lon="114.2171108495"><ele>216.000</ele></trkpt>
      <trkpt lat="22.2718221868" lon="114.2171104012"><ele>216.000</ele></trkpt>
      <trkpt lat="22.2718256203" lon="114.2171101965"><ele>216.000</ele></trkpt>
      <trkpt lat="22.2718324909" lon="114.2171098259"><ele>216.000</ele></trkpt>
      <trkpt lat="22.2718393633" lon="114.2171095096"><ele>216.000</ele></trkpt>
      <trkpt lat="22.2718462375" lon="114.2171092477"><ele>216.000</ele></trkpt>
      <trkpt lat="22.2718496764" lon="114.2171091342"><ele>216.000</ele></trkpt>
      <trkpt lat="22.2718565524" lon="114.2171089518"><ele>216.000</ele></trkpt>
      <trkpt lat="22.2718599922" lon="114.2171088790"><ele>216.000</ele></trkpt>
      <trkpt lat="22.2718668699" lon="114.2171087743"><ele>216.000</ele></trkpt>
      <trkpt lat="22.2718742705" lon="114.2171087201"><ele>216.000</ele></trkpt>
      <trkpt lat="22.2718777094" lon="114.2171087754"><ele>216.000</ele></trkpt>
      <trkpt lat="22.2718811428" lon="114.2171089821"><ele>215.000</ele></trkpt>
      <trkpt lat="22.2718845671" lon="114.2171093343"><ele>215.000</ele></trkpt>
      <trkpt lat="22.2718879734" lon="114.2171098379"><ele>215.000</ele></trkpt>
      <trkpt lat="22.2718913597" lon="114.2171104870"><ele>215.000</ele></trkpt>
      <trkpt lat="22.2718947180" lon="114.2171112836"><ele>215.000</ele></trkpt>
      <trkpt lat="22.2718980438" lon="114.2171122238"><ele>215.000</ele></trkpt>
      <trkpt lat="22.2719013324" lon="114.2171133095"><ele>215.000</ele></trkpt>
      <trkpt lat="22.2719045769" lon="114.2171145368"><ele>215.000</ele></trkpt>
      <trkpt lat="22.2719077734" lon="114.2171159019"><ele>215.000</ele></trkpt>
      <trkpt lat="22.2719109148" lon="114.2171174067"><ele>215.000</ele></trkpt>
      <trkpt lat="22.2719139992" lon="114.2171190474"><ele>215.000</ele></trkpt>
      <trkpt lat="22.2719170186" lon="114.2171208200"><ele>215.000</ele></trkpt>
      <trkpt lat="22.2719199694" lon="114.2171227206"><ele>215.000</ele></trkpt>
      <trkpt lat="22.2719228460" lon="114.2171247493"><ele>215.000</ele></trkpt>
      <trkpt lat="22.2719256468" lon="114.2171269021"><ele>215.000</ele></trkpt>
      <trkpt lat="22.2719283636" lon="114.2171291733"><ele>215.000</ele></trkpt>
      <trkpt lat="22.2719309918" lon="114.2171315629"><ele>215.000</ele></trkpt>
      <trkpt lat="22.2719335288" lon="114.2171340630"><ele>215.000</ele></trkpt>
      <trkpt lat="22.2719364629" lon="114.2171372231"><ele>218.000</ele></trkpt>
      <trkpt lat="22.2719390722" lon="114.2171396359"><ele>218.000</ele></trkpt>
      <trkpt lat="22.2719417040" lon="114.2171420216"><ele>218.000</ele></trkpt>
      <trkpt lat="22.2719443558" lon="114.2171443811"><ele>218.000</ele></trkpt>
      <trkpt lat="22.2719470283" lon="114.2171467114"><ele>218.000</ele></trkpt>
      <trkpt lat="22.2719497224" lon="114.2171490166"><ele>218.000</ele></trkpt>
      <trkpt lat="22.2719524365" lon="114.2171512927"><ele>218.000</ele></trkpt>
      <trkpt lat="22.2719551704" lon="114.2171535406"><ele>218.000</ele></trkpt>
      <trkpt lat="22.2719579224" lon="114.2171557594"><ele>218.000</ele></trkpt>
      <trkpt lat="22.2719606961" lon="114.2171579511"><ele>218.000</ele></trkpt>
      <trkpt lat="22.2719634896" lon="114.2171601136"><ele>218.000</ele></trkpt>
      <trkpt lat="22.2719662994" lon="114.2171622471"><ele>218.000</ele></trkpt>
      <trkpt lat="22.2719691309" lon="114.2171643514"><ele>218.000</ele></trkpt>
      <trkpt lat="22.2719719786" lon="114.2171664267"><ele>218.000</ele></trkpt>
      <trkpt lat="22.2719748463" lon="114.2171684729"><ele>218.000</ele></trkpt>
      <trkpt lat="22.2719777320" lon="114.2171704909"><ele>218.000</ele></trkpt>
      <trkpt lat="22.2719806339" lon="114.2171724759"><ele>218.000</ele></trkpt>
      <trkpt lat="22.2719835539" lon="114.2171744328"><ele>218.000</ele></trkpt>
      <trkpt lat="22.2719876713" lon="114.2171771197"><ele>218.000</ele></trkpt>
      <trkpt lat="22.2719905913" lon="114.2171790746"><ele>218.000</ele></trkpt>
      <trkpt lat="22.2719936631" lon="114.2171807386"><ele>218.000</ele></trkpt>
      <trkpt lat="22.2719968614" lon="114.2171820959"><ele>218.000</ele></trkpt>
      <trkpt lat="22.2720001591" lon="114.2171831409"><ele>218.000</ele></trkpt>
      <trkpt lat="22.2720035310" lon="114.2171838608"><ele>218.000</ele></trkpt>
      <trkpt lat="22.2720069499" lon="114.2171842509"><ele>220.000</ele></trkpt>
      <trkpt lat="22.2720103888" lon="114.2171843081"><ele>220.000</ele></trkpt>
      <trkpt lat="22.2720138169" lon="114.2171840316"><ele>218.000</ele></trkpt>
      <trkpt lat="22.2720172089" lon="114.2171834252"><ele>218.000</ele></trkpt>
      <trkpt lat="22.2720205360" lon="114.2171824928"><ele>218.000</ele></trkpt>
      <trkpt lat="22.2720233683" lon="114.2171813991"><ele>218.000</ele></trkpt>
      <trkpt lat="22.2720237729" lon="114.2171812420"><ele>218.000</ele></trkpt>
      <trkpt lat="22.2720268925" lon="114.2171796808"><ele>218.000</ele></trkpt>
      <trkpt lat="22.2720298695" lon="114.2171778265"><ele>218.000</ele></trkpt>
      <trkpt lat="22.2720326803" lon="114.2171756888"><ele>218.000</ele></trkpt>
      <trkpt lat="22.2720352998" lon="114.2171732891"><ele>218.000</ele></trkpt>
      <trkpt lat="22.2720377099" lon="114.2171706449"><ele>218.000</ele></trkpt>
      <trkpt lat="22.2720398888" lon="114.2171677793"><ele>218.000</ele></trkpt>
      <trkpt lat="22.2720426768" lon="114.2171631364"><ele>218.000</ele></trkpt>
      <trkpt lat="22.2720451599" lon="114.2171605698"><ele>218.000</ele></trkpt>
      <trkpt lat="22.2720476593" lon="114.2171580226"><ele>218.000</ele></trkpt>
      <trkpt lat="22.2720501759" lon="114.2171554967"><ele>218.000</ele></trkpt>
      <trkpt lat="22.2720527114" lon="114.2171529903"><ele>218.000</ele></trkpt>
      <trkpt lat="22.2720552632" lon="114.2171505032"><ele>218.000</ele></trkpt>
      <trkpt lat="22.2720578321" lon="114.2171480375"><ele>218.000</ele></trkpt>
      <trkpt lat="22.2720604173" lon="114.2171455932"><ele>218.000</ele></trkpt>
      <trkpt lat="22.2720630206" lon="114.2171431683"><ele>218.000</ele></trkpt>
      <trkpt lat="22.2720656400" lon="114.2171407647"><ele>218.000</ele></trkpt>
      <trkpt lat="22.2720682758" lon="114.2171383825"><ele>218.000</ele></trkpt>
      <trkpt lat="22.2720709278" lon="114.2171360216"><ele>218.000</ele></trkpt>
      <trkpt lat="22.2720735960" lon="114.2171336821"><ele>216.000</ele></trkpt>
      <trkpt lat="22.2720762805" lon="114.2171313649"><ele>216.000</ele></trkpt>
      <trkpt lat="22.2720789812" lon="114.2171290671"><ele>216.000</ele></trkpt>
      <trkpt lat="22.2720816982" lon="114.2171267916"><ele>216.000</ele></trkpt>
      <trkpt lat="22.2720844305" lon="114.2171245394"><ele>216.000</ele></trkpt>
      <trkpt lat="22.2720871773" lon="114.2171223066"><ele>216.000</ele></trkpt>
      <trkpt lat="22.2720899394" lon="114.2171200991"><ele>216.000</ele></trkpt>
      <trkpt lat="22.2720927178" lon="114.2171179109"><ele>216.000</ele></trkpt>
      <trkpt lat="22.2720955106" lon="114.2171157480"><ele>216.000</ele></trkpt>
      <trkpt lat="22.2720983178" lon="114.2171136046"><ele>216.000</ele></trkpt>
      <trkpt lat="22.2721011395" lon="114.2171114863"><ele>216.000</ele></trkpt>
      <trkpt lat="22.2721039775" lon="114.2171093894"><ele>216.000</ele></trkpt>
      <trkpt lat="22.2721068281" lon="114.2171073138"><ele>218.000</ele></trkpt>
      <trkpt lat="22.2721096931" lon="114.2171052635"><ele>218.000</ele></trkpt>
      <trkpt lat="22.2721125744" lon="114.2171032364"><ele>218.000</ele></trkpt>
      <trkpt lat="22.2721154665" lon="114.2171012308"><ele>218.000</ele></trkpt>
      <trkpt lat="22.2721183749" lon="114.2170992484"><ele>218.000</ele></trkpt>
      <trkpt lat="22.2721214368" lon="114.2170971981"><ele>218.000</ele></trkpt>
      <trkpt lat="22.2721244191" lon="114.2170953515"><ele>218.000</ele></trkpt>
      <trkpt lat="22.2721273925" lon="114.2170934856"><ele>218.000</ele></trkpt>
      <trkpt lat="22.2721303532" lon="114.2170916002"><ele>218.000</ele></trkpt>
      <trkpt lat="22.2721333049" lon="114.2170896955"><ele>218.000</ele></trkpt>
      <trkpt lat="22.2721362457" lon="114.2170877732"><ele>218.000</ele></trkpt>
      <trkpt lat="22.2721391758" lon="114.2170858296"><ele>216.000</ele></trkpt>
      <trkpt lat="22.2721420949" lon="114.2170838686"><ele>216.000</ele></trkpt>
      <trkpt lat="22.2721450033" lon="114.2170818862"><ele>216.000</ele></trkpt>
      <trkpt lat="22.2721478990" lon="114.2170798863"><ele>216.000</ele></trkpt>
      <trkpt lat="22.2721507839" lon="114.2170778670"><ele>216.000</ele></trkpt>
      <trkpt lat="22.2721536580" lon="114.2170758303"><ele>216.000</ele></trkpt>
      <trkpt lat="22.2721565194" lon="114.2170737741"><ele>216.000</ele></trkpt>
      <trkpt lat="22.2721593700" lon="114.2170716986"><ele>216.000</ele></trkpt>
      <trkpt lat="22.2721622097" lon="114.2170696046"><ele>216.000</ele></trkpt>
      <trkpt lat="22.2721650368" lon="114.2170674912"><ele>216.000</ele></trkpt>
      <trkpt lat="22.2721678513" lon="114.2170653613"><ele>216.000</ele></trkpt>
      <trkpt lat="22.2721706550" lon="114.2170632119"><ele>216.000</ele></trkpt>
      <trkpt lat="22.2721734460" lon="114.2170610432"><ele>216.000</ele></trkpt>
      <trkpt lat="22.2721762243" lon="114.2170588590"><ele>216.000</ele></trkpt>
      <trkpt lat="22.2721789901" lon="114.2170566553"><ele>216.000</ele></trkpt>
      <trkpt lat="22.2721817432" lon="114.2170544322"><ele>216.000</ele></trkpt>
      <trkpt lat="22.2721844854" lon="114.2170521917"><ele>216.000</ele></trkpt>
      <trkpt lat="22.2721872132" lon="114.2170499337"><ele>216.000</ele></trkpt>
      <trkpt lat="22.2721905932" lon="114.2170470976"><ele>216.000</ele></trkpt>
      <trkpt lat="22.2721933752" lon="114.2170449172"><ele>216.000</ele></trkpt>
      <trkpt lat="22.2721962348" lon="114.2170428572"><ele>216.000</ele></trkpt>
      <trkpt lat="22.2721991684" lon="114.2170409213"><ele>218.000</ele></trkpt>
      <trkpt lat="22.2722021698" lon="114.2170391097"><ele>218.000</ele></trkpt>
      <trkpt lat="22.2722052343" lon="114.2170374282"><ele>215.000</ele></trkpt>
      <trkpt lat="22.2722083593" lon="114.2170358766"><ele>215.000</ele></trkpt>
      <trkpt lat="22.2722115366" lon="114.2170344590"><ele>215.000</ele></trkpt>
      <trkpt lat="22.2722147645" lon="114.2170331772"><ele>215.000</ele></trkpt>
      <trkpt lat="22.2722180356" lon="114.2170320352"><ele>215.000</ele></trkpt>
      <trkpt lat="22.2722213483" lon="114.2170310309"><ele>215.000</ele></trkpt>
      <trkpt lat="22.2722246935" lon="114.2170301703"><ele>215.000</ele></trkpt>
      <trkpt lat="22.2722280675" lon="114.2170294493"><ele>215.000</ele></trkpt>
      <trkpt lat="22.2722314650" lon="114.2170288740"><ele>215.000</ele></trkpt>
      <trkpt lat="22.2722348805" lon="114.2170284442"><ele>215.000</ele></trkpt>
      <trkpt lat="22.2722383086" lon="114.2170281579"><ele>215.000</ele></trkpt>
      <trkpt lat="22.2722417457" lon="114.2170280192"><ele>215.000</ele></trkpt>
      <trkpt lat="22.2722451855" lon="114.2170280241"><ele>215.000</ele></trkpt>
      <trkpt lat="22.2722486216" lon="114.2170281764"><ele>215.000</ele></trkpt>
      <trkpt lat="22.2722520496" lon="114.2170284762"><ele>215.000</ele></trkpt>
      <trkpt lat="22.2722554630" lon="114.2170289177"><ele>215.000</ele></trkpt>
      <trkpt lat="22.2722588584" lon="114.2170295067"><ele>215.000</ele></trkpt>
      <trkpt lat="22.2722622303" lon="114.2170302392"><ele>215.000</ele></trkpt>
      <trkpt lat="22.2722655714" lon="114.2170311134"><ele>215.000</ele></trkpt>
      <trkpt lat="22.2722715122" lon="114.2170330459"><ele>215.000</ele></trkpt>
      <trkpt lat="22.2722779820" lon="114.2170355569"><ele>215.000</ele></trkpt>
      <trkpt lat="22.2722844455" lon="114.2170380892"><ele>215.000</ele></trkpt>
      <trkpt lat="22.2722941272" lon="114.2170419323"><ele>216.000</ele></trkpt>
      <trkpt lat="22.2723005718" lon="114.2170445258"><ele>216.000</ele></trkpt>
      <trkpt lat="22.2723070054" lon="114.2170471386"><ele>216.000</ele></trkpt>
      <trkpt lat="22.2723134328" lon="114.2170497757"><ele>216.000</ele></trkpt>
      <trkpt lat="22.2723198529" lon="114.2170524361"><ele>216.000</ele></trkpt>
      <trkpt lat="22.2723286497" lon="114.2170561256"><ele>216.000</ele></trkpt>
      <trkpt lat="22.2723320134" lon="114.2170568941"><ele>216.000</ele></trkpt>
      <trkpt lat="22.2723354115" lon="114.2170574607"><ele>218.000</ele></trkpt>
      <trkpt lat="22.2723388322" lon="114.2170578304"><ele>218.000</ele></trkpt>
      <trkpt lat="22.2723422674" lon="114.2170579983"><ele>218.000</ele></trkpt>
      <trkpt lat="22.2723457063" lon="114.2170579643"><ele>218.000</ele></trkpt>
      <trkpt lat="22.2723491380" lon="114.2170577286"><ele>218.000</ele></trkpt>
      <trkpt lat="22.2723525535" lon="114.2170572910"><ele>218.000</ele></trkpt>
      <trkpt lat="22.2723559420" lon="114.2170566535"><ele>218.000</ele></trkpt>
      <trkpt lat="22.2723592925" lon="114.2170558200"><ele>218.000</ele></trkpt>
      <trkpt lat="22.2723625962" lon="114.2170547905"><ele>218.000</ele></trkpt>
      <trkpt lat="22.2723658439" lon="114.2170535689"><ele>218.000</ele></trkpt>
      <trkpt lat="22.2723690249" lon="114.2170521581"><ele>218.000</ele></trkpt>
      <trkpt lat="22.2723721300" lon="114.2170505629"><ele>218.000</ele></trkpt>
      <trkpt lat="22.2723751485" lon="114.2170487881"><ele>218.000</ele></trkpt>
      <trkpt lat="22.2723780758" lon="114.2170468397"><ele>220.000</ele></trkpt>
      <trkpt lat="22.2723808984" lon="114.2170447205"><ele>220.000</ele></trkpt>
      <trkpt lat="22.2723836100" lon="114.2170424392"><ele>220.000</ele></trkpt>
      <trkpt lat="22.2723862024" lon="114.2170400045"><ele>220.000</ele></trkpt>
      <trkpt lat="22.2723886684" lon="114.2170374204"><ele>216.000</ele></trkpt>
      <trkpt lat="22.2723909989" lon="114.2170346946"><ele>216.000</ele></trkpt>
      <trkpt lat="22.2723946404" lon="114.2170297570"><ele>216.000</ele></trkpt>
      <trkpt lat="22.2723971741" lon="114.2170272505"><ele>216.000</ele></trkpt>
      <trkpt lat="22.2723997413" lon="114.2170247809"><ele>216.000</ele></trkpt>
      <trkpt lat="22.2724023391" lon="114.2170223521"><ele>216.000</ele></trkpt>
      <trkpt lat="22.2724049694" lon="114.2170199621"><ele>216.000</ele></trkpt>
      <trkpt lat="22.2724076304" lon="114.2170176139"><ele>216.000</ele></trkpt>
      <trkpt lat="22.2724103203" lon="114.2170153044"><ele>216.000</ele></trkpt>
      <trkpt lat="22.2724130427" lon="114.2170130347"><ele>216.000</ele></trkpt>
      <trkpt lat="22.2724157931" lon="114.2170108088"><ele>216.000</ele></trkpt>
      <trkpt lat="22.2724185705" lon="114.2170086235"><ele>216.000</ele></trkpt>
      <trkpt lat="22.2724213778" lon="114.2170064800"><ele>216.000</ele></trkpt>
      <trkpt lat="22.2724242121" lon="114.2170043792"><ele>218.000</ele></trkpt>
      <trkpt lat="22.2724270735" lon="114.2170023221"><ele>218.000</ele></trkpt>
      <trkpt lat="22.2724299620" lon="114.2170003077"><ele>218.000</ele></trkpt>
      <trkpt lat="22.2724328758" lon="114.2169983369"><ele>218.000</ele></trkpt>
      <trkpt lat="22.2724358149" lon="114.2169964108"><ele>218.000</ele></trkpt>
      <trkpt lat="22.2724387792" lon="114.2169945312"><ele>218.000</ele></trkpt>
      <trkpt lat="22.2724417688" lon="114.2169926944"><ele>218.000</ele></trkpt>
      <trkpt lat="22.2724447800" lon="114.2169909022"><ele>218.000</ele></trkpt>
      <trkpt lat="22.2724478148" lon="114.2169891585"><ele>215.000</ele></trkpt>
      <trkpt lat="22.2724508730" lon="114.2169874595"><ele>215.000</ele></trkpt>
      <trkpt lat="22.2724539510" lon="114.2169858060"><ele>215.000</ele></trkpt>
      <trkpt lat="22.2724570507" lon="114.2169841992"><ele>215.000</ele></trkpt>
      <trkpt lat="22.2724601721" lon="114.2169826399"><ele>215.000</ele></trkpt>
      <trkpt lat="22.2724633133" lon="114.2169811291"><ele>215.000</ele></trkpt>
      <trkpt lat="22.2724664726" lon="114.2169796649"><ele>215.000</ele></trkpt>
      <trkpt lat="22.2724715881" lon="114.2169774134"><ele>216.000</ele></trkpt>
      <trkpt lat="22.2724747366" lon="114.2169759200"><ele>216.000</ele></trkpt>
      <trkpt lat="22.2724779428" lon="114.2169745761"><ele>216.000</ele></trkpt>
      <trkpt lat="22.2724811995" lon="114.2169733817"><ele>216.000</ele></trkpt>
      <trkpt lat="22.2724844996" lon="114.2169723406"><ele>216.000</ele></trkpt>
      <trkpt lat="22.2724878394" lon="114.2169714547"><ele>216.000</ele></trkpt>
      <trkpt lat="22.2724912116" lon="114.2169707241"><ele>216.000</ele></trkpt>
      <trkpt lat="22.2724946090" lon="114.2169701526"><ele>216.000</ele></trkpt>
      <trkpt lat="22.2724980263" lon="114.2169697383"><ele>216.000</ele></trkpt>
      <trkpt lat="22.2725014581" lon="114.2169694831"><ele>216.000</ele></trkpt>
      <trkpt lat="22.2725048969" lon="114.2169693890"><ele>216.000</ele></trkpt>
      <trkpt lat="22.2725083349" lon="114.2169694560"><ele>216.000</ele></trkpt>
      <trkpt lat="22.2725117674" lon="114.2169696820"><ele>216.000</ele></trkpt>
      <trkpt lat="22.2725151881" lon="114.2169700672"><ele>214.000</ele></trkpt>
      <trkpt lat="22.2725185889" lon="114.2169706116"><ele>214.000</ele></trkpt>
      <trkpt lat="22.2725219662" lon="114.2169713131"><ele>214.000</ele></trkpt>
      <trkpt lat="22.2725253118" lon="114.2169721737"><ele>214.000</ele></trkpt>
      <trkpt lat="22.2725286177" lon="114.2169731876"><ele>214.000</ele></trkpt>
      <trkpt lat="22.2725323488" lon="114.2169745354"><ele>214.000</ele></trkpt>
      <trkpt lat="22.2725384003" lon="114.2169780553"><ele>214.000</ele></trkpt>
      <trkpt lat="22.2725444825" lon="114.2169815171"><ele>214.000</ele></trkpt>
      <trkpt lat="22.2725475335" lon="114.2169832256"><ele>214.000</ele></trkpt>
      <trkpt lat="22.2725505918" lon="114.2169849186"><ele>214.000</ele></trkpt>
      <trkpt lat="22.2725567300" lon="114.2169882640"><ele>214.000</ele></trkpt>
      <trkpt lat="22.2725628953" lon="114.2169915472"><ele>217.000</ele></trkpt>
      <trkpt lat="22.2725690877" lon="114.2169947722"><ele>217.000</ele></trkpt>
      <trkpt lat="22.2725753072" lon="114.2169979371"><ele>217.000</ele></trkpt>
      <trkpt lat="22.2725784260" lon="114.2169994962"><ele>217.000</ele></trkpt>
      <trkpt lat="22.2725815521" lon="114.2170010398"><ele>217.000</ele></trkpt>
      <trkpt lat="22.2725878222" lon="114.2170040844"><ele>217.000</ele></trkpt>
      <trkpt lat="22.2725909681" lon="114.2170055834"><ele>217.000</ele></trkpt>
      <trkpt lat="22.2725950079" lon="114.2170074824"><ele>217.000</ele></trkpt>
      <trkpt lat="22.2725983509" lon="114.2170083518"><ele>217.000</ele></trkpt>
      <trkpt lat="22.2726017028" lon="114.2170091794"><ele>217.000</ele></trkpt>
      <trkpt lat="22.2726050648" lon="114.2170099653"><ele>216.000</ele></trkpt>
      <trkpt lat="22.2726084321" lon="114.2170107114"><ele>216.000</ele></trkpt>
      <trkpt lat="22.2726118094" lon="114.2170114188"><ele>216.000</ele></trkpt>
      <trkpt lat="22.2726151921" lon="114.2170120834"><ele>216.000</ele></trkpt>
      <trkpt lat="22.2726185821" lon="114.2170127092"><ele>216.000</ele></trkpt>
      <trkpt lat="22.2726219774" lon="114.2170132943"><ele>216.000</ele></trkpt>
      <trkpt lat="22.2726253800" lon="114.2170138386"><ele>216.000</ele></trkpt>
      <trkpt lat="22.2726287863" lon="114.2170143422"><ele>216.000</ele></trkpt>
      <trkpt lat="22.2726321997" lon="114.2170148050"><ele>216.000</ele></trkpt>
      <trkpt lat="22.2726356150" lon="114.2170152252"><ele>216.000</ele></trkpt>
      <trkpt lat="22.2726390376" lon="114.2170156065"><ele>216.000</ele></trkpt>
      <trkpt lat="22.2726424619" lon="114.2170159471"><ele>216.000</ele></trkpt>
      <trkpt lat="22.2726458898" lon="114.2170162449"><ele>216.000</ele></trkpt>
      <trkpt lat="22.2726493196" lon="114.2170165021"><ele>216.000</ele></trkpt>
      <trkpt lat="22.2726527530" lon="114.2170167185"><ele>216.000</ele></trkpt>
      <trkpt lat="22.2726561900" lon="114.2170168941"><ele>216.000</ele></trkpt>
      <trkpt lat="22.2726596271" lon="114.2170170290"><ele>216.000</ele></trkpt>
      <trkpt lat="22.2726630641" lon="114.2170171212"><ele>216.000</ele></trkpt>
      <trkpt lat="22.2726646698" lon="114.2170171391"><ele>216.000</ele></trkpt>
      <trkpt lat="22.2726670267" lon="114.2170171786"><ele>216.000</ele></trkpt>
      <trkpt lat="22.2726704638" lon="114.2170172824"><ele>216.000</ele></trkpt>
      <trkpt lat="22.2726739026" lon="114.2170173086"><ele>216.000</ele></trkpt>
      <trkpt lat="22.2726773415" lon="114.2170172572"><ele>216.000</ele></trkpt>
      <trkpt lat="22.2726807795" lon="114.2170171282"><ele>216.000</ele></trkpt>
      <trkpt lat="22.2726842139" lon="114.2170169215"><ele>216.000</ele></trkpt>
      <trkpt lat="22.2726876420" lon="114.2170166392"><ele>216.000</ele></trkpt>
      <trkpt lat="22.2726910665" lon="114.2170162792"><ele>216.000</ele></trkpt>
      <trkpt lat="22.2726944820" lon="114.2170158416"><ele>217.000</ele></trkpt>
      <trkpt lat="22.2726978885" lon="114.2170153283"><ele>217.000</ele></trkpt>
      <trkpt lat="22.2727012842" lon="114.2170147374"><ele>217.000</ele></trkpt>
      <trkpt lat="22.2727046681" lon="114.2170140709"><ele>217.000</ele></trkpt>
      <trkpt lat="22.2727080359" lon="114.2170133286"><ele>217.000</ele></trkpt>
      <trkpt lat="22.2727113918" lon="114.2170125106"><ele>217.000</ele></trkpt>
      <trkpt lat="22.2727147298" lon="114.2170116170"><ele>217.000</ele></trkpt>
      <trkpt lat="22.2727180497" lon="114.2170106496"><ele>217.000</ele></trkpt>
      <trkpt lat="22.2727213516" lon="114.2170096065"><ele>217.000</ele></trkpt>
      <trkpt lat="22.2727246300" lon="114.2170084897"><ele>217.000</ele></trkpt>
      <trkpt lat="22.2727278885" lon="114.2170072991"><ele>217.000</ele></trkpt>
      <trkpt lat="22.2727311227" lon="114.2170060368"><ele>217.000</ele></trkpt>
      <trkpt lat="22.2727343316" lon="114.2170047007"><ele>217.000</ele></trkpt>
      <trkpt lat="22.2727375126" lon="114.2170032927"><ele>217.000</ele></trkpt>
      <trkpt lat="22.2727406682" lon="114.2170018159"><ele>217.000</ele></trkpt>
      <trkpt lat="22.2727454144" lon="114.2169994275"><ele>217.000</ele></trkpt>
      <trkpt lat="22.2727486612" lon="114.2169982058"><ele>217.000</ele></trkpt>
      <trkpt lat="22.2727518711" lon="114.2169968736"><ele>217.000</ele></trkpt>
      <trkpt lat="22.2727550412" lon="114.2169954307"><ele>217.000</ele></trkpt>
      <trkpt lat="22.2727581662" lon="114.2169938811"><ele>217.000</ele></trkpt>
      <trkpt lat="22.2727612424" lon="114.2169922267"><ele>217.000</ele></trkpt>
      <trkpt lat="22.2727642699" lon="114.2169904656"><ele>217.000</ele></trkpt>
      <trkpt lat="22.2727672433" lon="114.2169886016"><ele>214.000</ele></trkpt>
      <trkpt lat="22.2727701607" lon="114.2169866366"><ele>214.000</ele></trkpt>
      <trkpt lat="22.2727730185" lon="114.2169845727"><ele>214.000</ele></trkpt>
      <trkpt lat="22.2727758149" lon="114.2169824136"><ele>214.000</ele></trkpt>
      <trkpt lat="22.2727785445" lon="114.2169801576"><ele>214.000</ele></trkpt>
      <trkpt lat="22.2727812055" lon="114.2169778103"><ele>214.000</ele></trkpt>
      <trkpt lat="22.2727837979" lon="114.2169753717"><ele>214.000</ele></trkpt>
      <trkpt lat="22.2727863163" lon="114.2169728468"><ele>214.000</ele></trkpt>
      <trkpt lat="22.2727887588" lon="114.2169702365"><ele>214.000</ele></trkpt>
      <trkpt lat="22.2727911219" lon="114.2169675418"><ele>214.000</ele></trkpt>
      <trkpt lat="22.2727934055" lon="114.2169647694"><ele>214.000</ele></trkpt>
      <trkpt lat="22.2727956061" lon="114.2169619213"><ele>214.000</ele></trkpt>
      <trkpt lat="22.2727977218" lon="114.2169589975"><ele>214.000</ele></trkpt>
      <trkpt lat="22.2727997490" lon="114.2169560018"><ele>214.000</ele></trkpt>
      <trkpt lat="22.2728016877" lon="114.2169529412"><ele>214.000</ele></trkpt>
      <trkpt lat="22.2728035344" lon="114.2169498126"><ele>214.000</ele></trkpt>
      <trkpt lat="22.2728063081" lon="114.2169446534"><ele>214.000</ele></trkpt>
      <trkpt lat="22.2728079867" lon="114.2169414171"><ele>212.000</ele></trkpt>
      <trkpt lat="22.2728097449" lon="114.2169382312"><ele>212.000</ele></trkpt>
      <trkpt lat="22.2728115825" lon="114.2169350977"><ele>212.000</ele></trkpt>
      <trkpt lat="22.2728135005" lon="114.2169320206"><ele>212.000</ele></trkpt>
      <trkpt lat="22.2728154925" lon="114.2169289977"><ele>212.000</ele></trkpt>
      <trkpt lat="22.2728175612" lon="114.2169260351"><ele>212.000</ele></trkpt>
      <trkpt lat="22.2728197022" lon="114.2169231346"><ele>212.000</ele></trkpt>
      <trkpt lat="22.2728219172" lon="114.2169202981"><ele>212.000</ele></trkpt>
      <trkpt lat="22.2728242027" lon="114.2169175258"><ele>212.000</ele></trkpt>
      <trkpt lat="22.2728265549" lon="114.2169148242"><ele>212.000</ele></trkpt>
      <trkpt lat="22.2728289758" lon="114.2169121887"><ele>214.000</ele></trkpt>
      <trkpt lat="22.2728314625" lon="114.2169096259"><ele>214.000</ele></trkpt>
      <trkpt lat="22.2728340107" lon="114.2169071369"><ele>214.000</ele></trkpt>
      <trkpt lat="22.2728366229" lon="114.2169047246"><ele>214.000</ele></trkpt>
      <trkpt lat="22.2728392930" lon="114.2169023860"><ele>214.000</ele></trkpt>
      <trkpt lat="22.2728420208" lon="114.2169001280"><ele>214.000</ele></trkpt>
      <trkpt lat="22.2728448064" lon="114.2168979515"><ele>214.000</ele></trkpt>
      <trkpt lat="22.2728476443" lon="114.2168958565"><ele>214.000</ele></trkpt>
      <trkpt lat="22.2728505328" lon="114.2168938450"><ele>214.000</ele></trkpt>
      <trkpt lat="22.2728534719" lon="114.2168919188"><ele>212.000</ele></trkpt>
      <trkpt lat="22.2728564579" lon="114.2168900781"><ele>212.000</ele></trkpt>
      <trkpt lat="22.2728594908" lon="114.2168883266"><ele>212.000</ele></trkpt>
      <trkpt lat="22.2728625661" lon="114.2168866654"><ele>212.000</ele></trkpt>
      <trkpt lat="22.2728665049" lon="114.2168846940"><ele>212.000</ele></trkpt>
      <trkpt lat="22.2728695197" lon="114.2168829095"><ele>212.000</ele></trkpt>
      <trkpt lat="22.2728725491" lon="114.2168811542"><ele>212.000</ele></trkpt>
      <trkpt lat="22.2728755946" lon="114.2168794280"><ele>214.000</ele></trkpt>
      <trkpt lat="22.2728786528" lon="114.2168777289"><ele>214.000</ele></trkpt>
      <trkpt lat="22.2728817236" lon="114.2168760609"><ele>214.000</ele></trkpt>
      <trkpt lat="22.2728848089" lon="114.2168744220"><ele>214.000</ele></trkpt>
      <trkpt lat="22.2728920470" lon="114.2168706594"><ele>214.000</ele></trkpt>
      <trkpt lat="22.2728952586" lon="114.2168693388"><ele>214.000</ele></trkpt>
      <trkpt lat="22.2728985677" lon="114.2168683249"><ele>214.000</ele></trkpt>
      <trkpt lat="22.2729019435" lon="114.2168676272"><ele>214.000</ele></trkpt>
      <trkpt lat="22.2729053644" lon="114.2168672498"><ele>214.000</ele></trkpt>
      <trkpt lat="22.2729088033" lon="114.2168671964"><ele>214.000</ele></trkpt>
      <trkpt lat="22.2729141674" lon="114.2168677656"><ele>214.000</ele></trkpt>
      <trkpt lat="22.2729175964" lon="114.2168674648"><ele>214.000</ele></trkpt>
      <trkpt lat="22.2729210128" lon="114.2168670330"><ele>216.000</ele></trkpt>
      <trkpt lat="22.2729244121" lon="114.2168664693"><ele>216.000</ele></trkpt>
      <trkpt lat="22.2729277897" lon="114.2168657755"><ele>216.000</ele></trkpt>
      <trkpt lat="22.2729311439" lon="114.2168649518"><ele>216.000</ele></trkpt>
      <trkpt lat="22.2729344674" lon="114.2168639979"><ele>216.000</ele></trkpt>
      <trkpt lat="22.2729377566" lon="114.2168629161"><ele>216.000</ele></trkpt>
      <trkpt lat="22.2729410097" lon="114.2168617100"><ele>216.000</ele></trkpt>
      <trkpt lat="22.2729442205" lon="114.2168603777"><ele>216.000</ele></trkpt>
      <trkpt lat="22.2729473825" lon="114.2168589213"><ele>216.000</ele></trkpt>
      <trkpt lat="22.2729541707" lon="114.2168554457"><ele>216.000</ele></trkpt>
      <trkpt lat="22.2729573535" lon="114.2168540417"><ele>216.000</ele></trkpt>
      <trkpt lat="22.2729606048" lon="114.2168528297"><ele>216.000</ele></trkpt>
      <trkpt lat="22.2729639121" lon="114.2168518197"><ele>216.000</ele></trkpt>
      <trkpt lat="22.2729672699" lon="114.2168510095"><ele>216.000</ele></trkpt>
      <trkpt lat="22.2729706629" lon="114.2168504030"><ele>216.000</ele></trkpt>
      <trkpt lat="22.2729740820" lon="114.2168500043"><ele>216.000</ele></trkpt>
      <trkpt lat="22.2729775145" lon="114.2168498112"><ele>216.000</ele></trkpt>
      <trkpt lat="22.2729809534" lon="114.2168498277"><ele>216.000</ele></trkpt>
      <trkpt lat="22.2729843868" lon="114.2168500518"><ele>216.000</ele></trkpt>
      <trkpt lat="22.2729878021" lon="114.2168504846"><ele>216.000</ele></trkpt>
      <trkpt lat="22.2729911902" lon="114.2168511211"><ele>216.000</ele></trkpt>
      <trkpt lat="22.2729945386" lon="114.2168519603"><ele>216.000</ele></trkpt>
      <trkpt lat="22.2729978381" lon="114.2168530043"><ele>216.000</ele></trkpt>
      <trkpt lat="22.2730010780" lon="114.2168542443"><ele>216.000</ele></trkpt>
      <trkpt lat="22.2730047215" lon="114.2168559103"><ele>216.000</ele></trkpt>
      <trkpt lat="22.2730078032" lon="114.2168575500"><ele>216.000</ele></trkpt>
      <trkpt lat="22.2730107648" lon="114.2168594303"><ele>216.000</ele></trkpt>
      <trkpt lat="22.2730135891" lon="114.2168615424"><ele>216.000</ele></trkpt>
      <trkpt lat="22.2730162625" lon="114.2168638757"><ele>216.000</ele></trkpt>
      <trkpt lat="22.2730187642" lon="114.2168664146"><ele>216.000</ele></trkpt>
      <trkpt lat="22.2730210844" lon="114.2168691495"><ele>216.000</ele></trkpt>
      <trkpt lat="22.2730242441" lon="114.2168736525"><ele>216.000</ele></trkpt>
      <trkpt lat="22.2730259293" lon="114.2168768801"><ele>216.000</ele></trkpt>
      <trkpt lat="22.2730279830" lon="114.2168798478"><ele>216.000</ele></trkpt>
      <trkpt lat="22.2730303737" lon="114.2168825071"><ele>216.000</ele></trkpt>
      <trkpt lat="22.2730330606" lon="114.2168848152"><ele>216.000</ele></trkpt>
      <trkpt lat="22.2730360014" lon="114.2168867333"><ele>216.000</ele></trkpt>
      <trkpt lat="22.2730391446" lon="114.2168882303"><ele>216.000</ele></trkpt>
      <trkpt lat="22.2730424415" lon="114.2168892792"><ele>216.000</ele></trkpt>
      <trkpt lat="22.2730458341" lon="114.2168898662"><ele>216.000</ele></trkpt>
      <trkpt lat="22.2730506430" lon="114.2168898928"><ele>216.000</ele></trkpt>
      <trkpt lat="22.2730540628" lon="114.2168902751"><ele>216.000</ele></trkpt>
      <trkpt lat="22.2730574401" lon="114.2168909698"><ele>215.000</ele></trkpt>
      <trkpt lat="22.2730607486" lon="114.2168919740"><ele>215.000</ele></trkpt>
      <trkpt lat="22.2730639650" lon="114.2168932809"><ele>215.000</ele></trkpt>
      <trkpt lat="22.2730670676" lon="114.2168948788"><ele>219.000</ele></trkpt>
      <trkpt lat="22.2730700291" lon="114.2168967581"><ele>219.000</ele></trkpt>
      <trkpt lat="22.2730740506" lon="114.2168999622"><ele>219.000</ele></trkpt>
      <trkpt lat="22.2730766355" lon="114.2169024051"><ele>219.000</ele></trkpt>
      <trkpt lat="22.2730794218" lon="114.2169045735"><ele>219.000</ele></trkpt>
      <trkpt lat="22.2730823834" lon="114.2169064528"><ele>219.000</ele></trkpt>
      <trkpt lat="22.2730854977" lon="114.2169080216"><ele>219.000</ele></trkpt>
      <trkpt lat="22.2730887339" lon="114.2169092665"><ele>219.000</ele></trkpt>
      <trkpt lat="22.2730920660" lon="114.2169101795"><ele>219.000</ele></trkpt>
      <trkpt lat="22.2730954632" lon="114.2169107490"><ele>219.000</ele></trkpt>
      <trkpt lat="22.2730988948" lon="114.2169109732"><ele>219.000</ele></trkpt>
      <trkpt lat="22.2731023319" lon="114.2169108461"><ele>217.000</ele></trkpt>
      <trkpt lat="22.2731057420" lon="114.2169103735"><ele>217.000</ele></trkpt>
      <trkpt lat="22.2731090962" lon="114.2169095556"><ele>217.000</ele></trkpt>
      <trkpt lat="22.2731132741" lon="114.2169080140"><ele>217.000</ele></trkpt>
      <trkpt lat="22.2731165778" lon="114.2169069787"><ele>217.000</ele></trkpt>
      <trkpt lat="22.2731198706" lon="114.2169059085"><ele>217.000</ele></trkpt>
      <trkpt lat="22.2731231544" lon="114.2169048062"><ele>217.000</ele></trkpt>
      <trkpt lat="22.2731264292" lon="114.2169036651"><ele>217.000</ele></trkpt>
      <trkpt lat="22.2731296914" lon="114.2169024949"><ele>217.000</ele></trkpt>
      <trkpt lat="22.2731329445" lon="114.2169012878"><ele>217.000</ele></trkpt>
      <trkpt lat="22.2731361868" lon="114.2169000468"><ele>217.000</ele></trkpt>
      <trkpt lat="22.2731394165" lon="114.2168987728"><ele>217.000</ele></trkpt>
      <trkpt lat="22.2731426354" lon="114.2168974658"><ele>217.000</ele></trkpt>
      <trkpt lat="22.2731458416" lon="114.2168961238"><ele>219.000</ele></trkpt>
      <trkpt lat="22.2731490369" lon="114.2168947508"><ele>219.000</ele></trkpt>
      <trkpt lat="22.2731522197" lon="114.2168933429"><ele>215.000</ele></trkpt>
      <trkpt lat="22.2731581860" lon="114.2168905968"><ele>215.000</ele></trkpt>
      <trkpt lat="22.2731615904" lon="114.2168911159"><ele>215.000</ele></trkpt>
      <trkpt lat="22.2731650184" lon="114.2168914040"><ele>215.000</ele></trkpt>
      <trkpt lat="22.2731684573" lon="114.2168914613"><ele>215.000</ele></trkpt>
      <trkpt lat="22.2731718926" lon="114.2168912876"><ele>215.000</ele></trkpt>
      <trkpt lat="22.2731753117" lon="114.2168908811"><ele>215.000</ele></trkpt>
      <trkpt lat="22.2731786983" lon="114.2168902475"><ele>215.000</ele></trkpt>
      <trkpt lat="22.2731820444" lon="114.2168893859"><ele>215.000</ele></trkpt>
      <trkpt lat="22.2731853336" lon="114.2168883011"><ele>215.000</ele></trkpt>
      <trkpt lat="22.2731885515" lon="114.2168869969"><ele>215.000</ele></trkpt>
      <trkpt lat="22.2731916892" lon="114.2168854774"><ele>216.000</ele></trkpt>
      <trkpt lat="22.2731947329" lon="114.2168837512"><ele>216.000</ele></trkpt>
      <trkpt lat="22.2731976702" lon="114.2168818231"><ele>216.000</ele></trkpt>
      <trkpt lat="22.2732015017" lon="114.2168788687"><ele>216.000</ele></trkpt>
      <trkpt lat="22.2732041175" lon="114.2168764593"><ele>216.000</ele></trkpt>
      <trkpt lat="22.2732067081" lon="114.2168740208"><ele>216.000</ele></trkpt>
      <trkpt lat="22.2732092735" lon="114.2168715512"><ele>216.000</ele></trkpt>
      <trkpt lat="22.2732118153" lon="114.2168690525"><ele>216.000</ele></trkpt>
      <trkpt lat="22.2732143319" lon="114.2168665246"><ele>216.000</ele></trkpt>
      <trkpt lat="22.2732168222" lon="114.2168639657"><ele>216.000</ele></trkpt>
      <trkpt lat="22.2732192855" lon="114.2168613797"><ele>216.000</ele></trkpt>
      <trkpt lat="22.2732217244" lon="114.2168587645"><ele>216.000</ele></trkpt>
      <trkpt lat="22.2732241381" lon="114.2168561222"><ele>216.000</ele></trkpt>
      <trkpt lat="22.2732265228" lon="114.2168534507"><ele>216.000</ele></trkpt>
      <trkpt lat="22.2732288823" lon="114.2168507540"><ele>216.000</ele></trkpt>
      <trkpt lat="22.2732312147" lon="114.2168480282"><ele>216.000</ele></trkpt>
      <trkpt lat="22.2732335182" lon="114.2168452752"><ele>216.000</ele></trkpt>
      <trkpt lat="22.2732358307" lon="114.2168424523"><ele>215.000</ele></trkpt>
      <trkpt lat="22.2732382353" lon="114.2168398022"><ele>215.000</ele></trkpt>
      <trkpt lat="22.2732407104" lon="114.2168372259"><ele>215.000</ele></trkpt>
      <trkpt lat="22.2732432504" lon="114.2168347271"><ele>215.000</ele></trkpt>
      <trkpt lat="22.2732458554" lon="114.2168323061"><ele>215.000</ele></trkpt>
      <trkpt lat="22.2732485237" lon="114.2168299646"><ele>215.000</ele></trkpt>
      <trkpt lat="22.2732512515" lon="114.2168277066"><ele>215.000</ele></trkpt>
      <trkpt lat="22.2732540389" lon="114.2168255339"><ele>215.000</ele></trkpt>
      <trkpt lat="22.2732568804" lon="114.2168234448"><ele>215.000</ele></trkpt>
      <trkpt lat="22.2732597779" lon="114.2168214449"><ele>215.000</ele></trkpt>
      <trkpt lat="22.2732627242" lon="114.2168195343"><ele>215.000</ele></trkpt>
      <trkpt lat="22.2732657210" lon="114.2168177129"><ele>215.000</ele></trkpt>
      <trkpt lat="22.2732687648" lon="114.2168159848"><ele>215.000</ele></trkpt>
      <trkpt lat="22.2732718518" lon="114.2168143517"><ele>215.000</ele></trkpt>
      <trkpt lat="22.2732749804" lon="114.2168128118"><ele>215.000</ele></trkpt>
      <trkpt lat="22.2732781487" lon="114.2168113699"><ele>215.000</ele></trkpt>
      <trkpt lat="22.2732813550" lon="114.2168100211"><ele>216.000</ele></trkpt>
      <trkpt lat="22.2732845937" lon="114.2168087743"><ele>216.000</ele></trkpt>
      <trkpt lat="22.2732898806" lon="114.2168069710"><ele>216.000</ele></trkpt>
      <trkpt lat="22.2732932348" lon="114.2168061453"><ele>216.000</ele></trkpt>
      <trkpt lat="22.2732965665" lon="114.2168052274"><ele>216.000</ele></trkpt>
      <trkpt lat="22.2732998764" lon="114.2168042164"><ele>216.000</ele></trkpt>
      <trkpt lat="22.2733031602" lon="114.2168031151"><ele>216.000</ele></trkpt>
      <trkpt lat="22.2733064170" lon="114.2168019245"><ele>216.000</ele></trkpt>
      <trkpt lat="22.2733096449" lon="114.2168006427"><ele>216.000</ele></trkpt>
      <trkpt lat="22.2733128420" lon="114.2167992736"><ele>216.000</ele></trkpt>
      <trkpt lat="22.2733160049" lon="114.2167978171"><ele>216.000</ele></trkpt>
      <trkpt lat="22.2733191317" lon="114.2167962714"><ele>214.000</ele></trkpt>
      <trkpt lat="22.2733222206" lon="114.2167946422"><ele>214.000</ele></trkpt>
      <trkpt lat="22.2733252716" lon="114.2167929276"><ele>214.000</ele></trkpt>
      <trkpt lat="22.2733282792" lon="114.2167911305"><ele>217.000</ele></trkpt>
      <trkpt lat="22.2733312444" lon="114.2167892480"><ele>217.000</ele></trkpt>
      <trkpt lat="22.2733341627" lon="114.2167872870"><ele>217.000</ele></trkpt>
      <trkpt lat="22.2733370332" lon="114.2167852444"><ele>217.000</ele></trkpt>
      <trkpt lat="22.2733398549" lon="114.2167831242"><ele>217.000</ele></trkpt>
      <trkpt lat="22.2733426260" lon="114.2167809273"><ele>217.000</ele></trkpt>
      <trkpt lat="22.2733453430" lon="114.2167786527"><ele>217.000</ele></trkpt>
      <trkpt lat="22.2733480058" lon="114.2167763054"><ele>217.000</ele></trkpt>
      <trkpt lat="22.2733506108" lon="114.2167738863"><ele>217.000</ele></trkpt>
      <trkpt lat="22.2733533315" lon="114.2167712207"><ele>217.000</ele></trkpt>
      <trkpt lat="22.2733559022" lon="114.2167687569"><ele>217.000</ele></trkpt>
      <trkpt lat="22.2733583971" lon="114.2167662039"><ele>217.000</ele></trkpt>
      <trkpt lat="22.2733608126" lon="114.2167635664"><ele>217.000</ele></trkpt>
      <trkpt lat="22.2733631486" lon="114.2167608435"><ele>217.000</ele></trkpt>
      <trkpt lat="22.2733654015" lon="114.2167580419"><ele>217.000</ele></trkpt>
      <trkpt lat="22.2733675678" lon="114.2167551628"><ele>217.000</ele></trkpt>
      <trkpt lat="22.2733696464" lon="114.2167522079"><ele>217.000</ele></trkpt>
      <trkpt lat="22.2733716330" lon="114.2167491841"><ele>220.000</ele></trkpt>
      <trkpt lat="22.2733735302" lon="114.2167460885"><ele>217.000</ele></trkpt>
      <trkpt lat="22.2733753326" lon="114.2167429317"><ele>217.000</ele></trkpt>
      <trkpt lat="22.2733770366" lon="114.2167397109"><ele>217.000</ele></trkpt>
      <trkpt lat="22.2733786421" lon="114.2167364337"><ele>217.000</ele></trkpt>
      <trkpt lat="22.2733801502" lon="114.2167331003"><ele>217.000</ele></trkpt>
      <trkpt lat="22.2733815553" lon="114.2167297183"><ele>217.000</ele></trkpt>
      <trkpt lat="22.2733828583" lon="114.2167262877"><ele>217.000</ele></trkpt>
      <trkpt lat="22.2733840566" lon="114.2167228135"><ele>217.000</ele></trkpt>
      <trkpt lat="22.2733851502" lon="114.2167192965"><ele>217.000</ele></trkpt>
      <trkpt lat="22.2733861381" lon="114.2167157456"><ele>217.000</ele></trkpt>
      <trkpt lat="22.2733870159" lon="114.2167121616"><ele>217.000</ele></trkpt>
      <trkpt lat="22.2733877862" lon="114.2167085505"><ele>217.000</ele></trkpt>
      <trkpt lat="22.2733884463" lon="114.2167049121"><ele>217.000</ele></trkpt>
      <trkpt lat="22.2733889963" lon="114.2167012524"><ele>217.000</ele></trkpt>
      <trkpt lat="22.2733894361" lon="114.2166975771"><ele>216.000</ele></trkpt>
      <trkpt lat="22.2733897648" lon="114.2166938862"><ele>216.000</ele></trkpt>
      <trkpt lat="22.2733899815" lon="114.2166901876"><ele>216.000</ele></trkpt>
      <trkpt lat="22.2733900928" lon="114.2166858680"><ele>216.000</ele></trkpt>
      <trkpt lat="22.2734379067" lon="114.2166256931"><ele>215.000</ele></trkpt>
      <trkpt lat="22.2734407772" lon="114.2166236525"><ele>215.000</ele></trkpt>
      <trkpt lat="22.2734437324" lon="114.2166217554"><ele>215.000</ele></trkpt>
      <trkpt lat="22.2734467663" lon="114.2166200079"><ele>215.000</ele></trkpt>
      <trkpt lat="22.2734498705" lon="114.2166184117"><ele>215.000</ele></trkpt>
      <trkpt lat="22.2734530406" lon="114.2166169727"><ele>215.000</ele></trkpt>
      <trkpt lat="22.2734562685" lon="114.2166156909"><ele>215.000</ele></trkpt>
      <trkpt lat="22.2734595469" lon="114.2166145721"><ele>215.000</ele></trkpt>
      <trkpt lat="22.2734628713" lon="114.2166136163"><ele>213.000</ele></trkpt>
      <trkpt lat="22.2734662300" lon="114.2166128255"><ele>213.000</ele></trkpt>
      <trkpt lat="22.2734696202" lon="114.2166122036"><ele>213.000</ele></trkpt>
      <trkpt lat="22.2734730339" lon="114.2166117504"><ele>213.000</ele></trkpt>
      <trkpt lat="22.2734764638" lon="114.2166114681"><ele>213.000</ele></trkpt>
      <trkpt lat="22.2734799018" lon="114.2166113546"><ele>213.000</ele></trkpt>
      <trkpt lat="22.2734833407" lon="114.2166114138"><ele>213.000</ele></trkpt>
      <trkpt lat="22.2734867714" lon="114.2166116418"><ele>213.000</ele></trkpt>
      <trkpt lat="22.2734901903" lon="114.2166120406"><ele>213.000</ele></trkpt>
      <trkpt lat="22.2734935893" lon="114.2166126082"><ele>213.000</ele></trkpt>
      <trkpt lat="22.2734969593" lon="114.2166133456"><ele>213.000</ele></trkpt>
      <trkpt lat="22.2735002950" lon="114.2166142479"><ele>213.000</ele></trkpt>
      <trkpt lat="22.2735035873" lon="114.2166153142"><ele>213.000</ele></trkpt>
      <trkpt lat="22.2735068308" lon="114.2166165435"><ele>213.000</ele></trkpt>
      <trkpt lat="22.2735103506" lon="114.2166180892"><ele>213.000</ele></trkpt>
      <trkpt lat="22.2735136447" lon="114.2166191555"><ele>213.000</ele></trkpt>
      <trkpt lat="22.2735169641" lon="114.2166201209"><ele>213.000</ele></trkpt>
      <trkpt lat="22.2735203089" lon="114.2166209854"><ele>213.000</ele></trkpt>
      <trkpt lat="22.2735236735" lon="114.2166217470"><ele>213.000</ele></trkpt>
      <trkpt lat="22.2735270580" lon="114.2166224058"><ele>213.000</ele></trkpt>
      <trkpt lat="22.2735304588" lon="114.2166229618"><ele>213.000</ele></trkpt>
      <trkpt lat="22.2735338723" lon="114.2166234130"><ele>213.000</ele></trkpt>
      <trkpt lat="22.2735372966" lon="114.2166237603"><ele>213.000</ele></trkpt>
      <trkpt lat="22.2735407282" lon="114.2166240009"><ele>213.000</ele></trkpt>
      <trkpt lat="22.2735441653" lon="114.2166241378"><ele>213.000</ele></trkpt>
      <trkpt lat="22.2735476041" lon="114.2166241717"><ele>213.000</ele></trkpt>
      <trkpt lat="22.2735510430" lon="114.2166240989"><ele>213.000</ele></trkpt>
      <trkpt lat="22.2735544783" lon="114.2166239214"><ele>213.000</ele></trkpt>
      <trkpt lat="22.2735579082" lon="114.2166236400"><ele>213.000</ele></trkpt>
      <trkpt lat="22.2735613273" lon="114.2166232519"><ele>213.000</ele></trkpt>
      <trkpt lat="22.2735647374" lon="114.2166227600"><ele>213.000</ele></trkpt>
      <trkpt lat="22.2735681313" lon="114.2166221652"><ele>213.000</ele></trkpt>
      <trkpt lat="22.2735715107" lon="114.2166214675"><ele>213.000</ele></trkpt>
      <trkpt lat="22.2735777693" lon="114.2166198877"><ele>213.000</ele></trkpt>
      <trkpt lat="22.2735805314" lon="114.2166176782"><ele>213.000</ele></trkpt>
      <trkpt lat="22.2735833188" lon="114.2166155056"><ele>213.000</ele></trkpt>
      <trkpt lat="22.2735861315" lon="114.2166133708"><ele>213.000</ele></trkpt>
      <trkpt lat="22.2735889676" lon="114.2166112709"><ele>213.000</ele></trkpt>
      <trkpt lat="22.2735918272" lon="114.2166092109"><ele>213.000</ele></trkpt>
      <trkpt lat="22.2735947085" lon="114.2166071877"><ele>213.000</ele></trkpt>
      <trkpt lat="22.2735976133" lon="114.2166052014"><ele>220.000</ele></trkpt>
      <trkpt lat="22.2736005415" lon="114.2166032539"><ele>220.000</ele></trkpt>
      <trkpt lat="22.2736034895" lon="114.2166013452"><ele>216.000</ele></trkpt>
      <trkpt lat="22.2736064593" lon="114.2165994744"><ele>216.000</ele></trkpt>
      <trkpt lat="22.2736094507" lon="114.2165976423"><ele>216.000</ele></trkpt>
      <trkpt lat="22.2736124619" lon="114.2165958520"><ele>216.000</ele></trkpt>
      <trkpt lat="22.2736154930" lon="114.2165940996"><ele>216.000</ele></trkpt>
      <trkpt lat="22.2736185440" lon="114.2165923860"><ele>216.000</ele></trkpt>
      <trkpt lat="22.2736216148" lon="114.2165907141"><ele>216.000</ele></trkpt>
      <trkpt lat="22.2736247046" lon="114.2165890830"><ele>216.000</ele></trkpt>
      <trkpt lat="22.2736278106" lon="114.2165874916"><ele>216.000</ele></trkpt>
      <trkpt lat="22.2736309365" lon="114.2165859410"><ele>216.000</ele></trkpt>
      <trkpt lat="22.2736340769" lon="114.2165844321"><ele>216.000</ele></trkpt>
      <trkpt lat="22.2736372361" lon="114.2165829640"><ele>216.000</ele></trkpt>
      <trkpt lat="22.2736404126" lon="114.2165815386"><ele>216.000</ele></trkpt>
      <trkpt lat="22.2736436016" lon="114.2165801539"><ele>218.000</ele></trkpt>
      <trkpt lat="22.2736468078" lon="114.2165788110"><ele>218.000</ele></trkpt>
      <trkpt lat="22.2736508377" lon="114.2165771908"><ele>218.000</ele></trkpt>
      <trkpt lat="22.2736541269" lon="114.2165761070"><ele>218.000</ele></trkpt>
      <trkpt lat="22.2736574450" lon="114.2165751299"><ele>218.000</ele></trkpt>
      <trkpt lat="22.2736607884" lon="114.2165742614"><ele>218.000</ele></trkpt>
      <trkpt lat="22.2736641552" lon="114.2165734997"><ele>218.000</ele></trkpt>
      <trkpt lat="22.2736675400" lon="114.2165728467"><ele>218.000</ele></trkpt>
      <trkpt lat="22.2736709429" lon="114.2165723024"><ele>218.000</ele></trkpt>
      <trkpt lat="22.2736743584" lon="114.2165718687"><ele>218.000</ele></trkpt>
      <trkpt lat="22.2736777847" lon="114.2165715456"><ele>218.000</ele></trkpt>
      <trkpt lat="22.2736812182" lon="114.2165713331"><ele>218.000</ele></trkpt>
      <trkpt lat="22.2736846571" lon="114.2165712331"><ele>218.000</ele></trkpt>
      <trkpt lat="22.2736880960" lon="114.2165712419"><ele>218.000</ele></trkpt>
      <trkpt lat="22.2736915330" lon="114.2165713612"><ele>218.000</ele></trkpt>
      <trkpt lat="22.2736949664" lon="114.2165715912"><ele>218.000</ele></trkpt>
      <trkpt lat="22.2736983907" lon="114.2165719337"><ele>218.000</ele></trkpt>
      <trkpt lat="22.2737018042" lon="114.2165723849"><ele>218.000</ele></trkpt>
      <trkpt lat="22.2737052032" lon="114.2165729466"><ele>218.000</ele></trkpt>
      <trkpt lat="22.2737085859" lon="114.2165736171"><ele>218.000</ele></trkpt>
      <trkpt lat="22.2737119478" lon="114.2165743962"><ele>218.000</ele></trkpt>
      <trkpt lat="22.2737152863" lon="114.2165752840"><ele>218.000</ele></trkpt>
      <trkpt lat="22.2737185985" lon="114.2165762795"><ele>218.000</ele></trkpt>
      <trkpt lat="22.2737242168" lon="114.2165782323"><ele>218.000</ele></trkpt>
      <trkpt lat="22.2737274224" lon="114.2165795683"><ele>218.000</ele></trkpt>
      <trkpt lat="22.2737306858" lon="114.2165807374"><ele>218.000</ele></trkpt>
      <trkpt lat="22.2737339980" lon="114.2165817378"><ele>218.000</ele></trkpt>
      <trkpt lat="22.2737373499" lon="114.2165825634"><ele>218.000</ele></trkpt>
      <trkpt lat="22.2737407345" lon="114.2165832164"><ele>218.000</ele></trkpt>
      <trkpt lat="22.2737441443" lon="114.2165836948"><ele>218.000</ele></trkpt>
      <trkpt lat="22.2737475723" lon="114.2165839946"><ele>218.000</ele></trkpt>
      <trkpt lat="22.2737510093" lon="114.2165841178"><ele>218.000</ele></trkpt>
      <trkpt lat="22.2737544482" lon="114.2165840625"><ele>218.000</ele></trkpt>
      <trkpt lat="22.2737578799" lon="114.2165838306"><ele>218.000</ele></trkpt>
      <trkpt lat="22.2737612990" lon="114.2165834212"><ele>218.000</ele></trkpt>
      <trkpt lat="22.2737659572" lon="114.2165825715"><ele>218.000</ele></trkpt>
      <trkpt lat="22.2737693141" lon="114.2165817574"><ele>218.000</ele></trkpt>
      <trkpt lat="22.2737726881" lon="114.2165810423"><ele>218.000</ele></trkpt>
      <trkpt lat="22.2737760793" lon="114.2165804252"><ele>218.000</ele></trkpt>
      <trkpt lat="22.2737794840" lon="114.2165799032"><ele>218.000</ele></trkpt>
      <trkpt lat="22.2737829013" lon="114.2165794811"><ele>218.000</ele></trkpt>
      <trkpt lat="22.2737863276" lon="114.2165791590"><ele>218.000</ele></trkpt>
      <trkpt lat="22.2737897611" lon="114.2165789339"><ele>218.000</ele></trkpt>
      <trkpt lat="22.2737931982" lon="114.2165788087"><ele>218.000</ele></trkpt>
      <trkpt lat="22.2737966370" lon="114.2165787835"><ele>218.000</ele></trkpt>
      <trkpt lat="22.2738000759" lon="114.2165788553"><ele>218.000</ele></trkpt>
      <trkpt lat="22.2738035111" lon="114.2165790290"><ele>218.000</ele></trkpt>
      <trkpt lat="22.2738088300" lon="114.2165794923"><ele>218.000</ele></trkpt>
      <trkpt lat="22.2738122128" lon="114.2165801628"><ele>218.000</ele></trkpt>
      <trkpt lat="22.2738155810" lon="114.2165809128"><ele>218.000</ele></trkpt>
      <trkpt lat="22.2738189330" lon="114.2165817385"><ele>218.000</ele></trkpt>
      <trkpt lat="22.2738222687" lon="114.2165826437"><ele>216.000</ele></trkpt>
      <trkpt lat="22.2738255845" lon="114.2165836246"><ele>216.000</ele></trkpt>
      <trkpt lat="22.2738288804" lon="114.2165846832"><ele>216.000</ele></trkpt>
      <trkpt lat="22.2738321528" lon="114.2165858193"><ele>216.000</ele></trkpt>
      <trkpt lat="22.2738354045" lon="114.2165870292"><ele>216.000</ele></trkpt>
      <trkpt lat="22.2738386290" lon="114.2165883167"><ele>216.000</ele></trkpt>
      <trkpt lat="22.2738418273" lon="114.2165896760"><ele>216.000</ele></trkpt>
      <trkpt lat="22.2738447836" lon="114.2165909741"><ele>216.000</ele></trkpt>
      <trkpt lat="22.2738470465" lon="114.2165919654"><ele>216.000</ele></trkpt>
      <trkpt lat="22.2738508823" lon="114.2165936470"><ele>216.000</ele></trkpt>
      <trkpt lat="22.2738550739" lon="114.2165951735"><ele>216.000</ele></trkpt>
      <trkpt lat="22.2738579165" lon="114.2165961679"><ele>216.000</ele></trkpt>
      <trkpt lat="22.2738633851" lon="114.2165978480"><ele>216.000</ele></trkpt>
      <trkpt lat="22.2738704863" lon="114.2165998837"><ele>211.000</ele></trkpt>
      <trkpt lat="22.2738738129" lon="114.2166008297"><ele>211.000</ele></trkpt>
      <trkpt lat="22.2738771595" lon="114.2166016904"><ele>211.000</ele></trkpt>
      <trkpt lat="22.2738805241" lon="114.2166024617"><ele>211.000</ele></trkpt>
      <trkpt lat="22.2738839050" lon="114.2166031457"><ele>214.000</ele></trkpt>
      <trkpt lat="22.2738873013" lon="114.2166037425"><ele>214.000</ele></trkpt>
      <trkpt lat="22.2738913496" lon="114.2166043355"><ele>214.000</ele></trkpt>
      <trkpt lat="22.2738946835" lon="114.2166052562"><ele>214.000</ele></trkpt>
      <trkpt lat="22.2738980246" lon="114.2166061363"><ele>214.000</ele></trkpt>
      <trkpt lat="22.2739013766" lon="114.2166069717"><ele>214.000</ele></trkpt>
      <trkpt lat="22.2739047376" lon="114.2166077644"><ele>214.000</ele></trkpt>
      <trkpt lat="22.2739081076" lon="114.2166085163"><ele>214.000</ele></trkpt>
      <trkpt lat="22.2739146798" lon="114.2166098533"><ele>212.000</ele></trkpt>
      <trkpt lat="22.2739180553" lon="114.2166105722"><ele>212.000</ele></trkpt>
      <trkpt lat="22.2739213991" lon="114.2166114426"><ele>212.000</ele></trkpt>
      <trkpt lat="22.2739247068" lon="114.2166124623"><ele>212.000</ele></trkpt>
      <trkpt lat="22.2739279702" lon="114.2166136314"><ele>212.000</ele></trkpt>
      <trkpt lat="22.2739311866" lon="114.2166149471"><ele>212.000</ele></trkpt>
      <trkpt lat="22.2739343497" lon="114.2166164044"><ele>212.000</ele></trkpt>
      <trkpt lat="22.2739374531" lon="114.2166180043"><ele>212.000</ele></trkpt>
      <trkpt lat="22.2739404906" lon="114.2166197400"><ele>212.000</ele></trkpt>
      <trkpt lat="22.2739434594" lon="114.2166216135"><ele>212.000</ele></trkpt>
      <trkpt lat="22.2739463523" lon="114.2166236189"><ele>212.000</ele></trkpt>
      <trkpt lat="22.2739491640" lon="114.2166257524"><ele>212.000</ele></trkpt>
      <trkpt lat="22.2739518907" lon="114.2166280100"><ele>212.000</ele></trkpt>
      <trkpt lat="22.2739545270" lon="114.2166303880"><ele>212.000</ele></trkpt>
      <trkpt lat="22.2739570694" lon="114.2166328843"><ele>212.000</ele></trkpt>
      <trkpt lat="22.2739595125" lon="114.2166354911"><ele>212.000</ele></trkpt>
      <trkpt lat="22.2739618526" lon="114.2166382066"><ele>212.000</ele></trkpt>
      <trkpt lat="22.2739647541" lon="114.2166419217"><ele>212.000</ele></trkpt>
      <trkpt lat="22.2739671448" lon="114.2166445848"><ele>212.000</ele></trkpt>
      <trkpt lat="22.2739695101" lon="114.2166472751"><ele>212.000</ele></trkpt>
      <trkpt lat="22.2739718484" lon="114.2166499926"><ele>212.000</ele></trkpt>
      <trkpt lat="22.2739741596" lon="114.2166527372"><ele>213.000</ele></trkpt>
      <trkpt lat="22.2739764436" lon="114.2166555070"><ele>213.000</ele></trkpt>
      <trkpt lat="22.2739787006" lon="114.2166583021"><ele>213.000</ele></trkpt>
      <trkpt lat="22.2739809305" lon="114.2166611224"><ele>213.000</ele></trkpt>
      <trkpt lat="22.2739831333" lon="114.2166639679"><ele>213.000</ele></trkpt>
      <trkpt lat="22.2739853072" lon="114.2166668386"><ele>213.000</ele></trkpt>
      <trkpt lat="22.2739874539" lon="114.2166697326"><ele>213.000</ele></trkpt>
      <trkpt lat="22.2739895718" lon="114.2166726518"><ele>213.000</ele></trkpt>
      <trkpt lat="22.2739916608" lon="114.2166755962"><ele>213.000</ele></trkpt>
      <trkpt lat="22.2739937208" lon="114.2166785620"><ele>213.000</ele></trkpt>
      <trkpt lat="22.2739957520" lon="114.2166815510"><ele>213.000</ele></trkpt>
      <trkpt lat="22.2739977525" lon="114.2166845633"><ele>213.000</ele></trkpt>
      <trkpt lat="22.2739997258" lon="114.2166875990"><ele>213.000</ele></trkpt>
      <trkpt lat="22.2740016684" lon="114.2166906559"><ele>213.000</ele></trkpt>
      <trkpt lat="22.2740035813" lon="114.2166937342"><ele>212.000</ele></trkpt>
      <trkpt lat="22.2740056042" lon="114.2166970706"><ele>212.000</ele></trkpt>
      <trkpt lat="22.2740094060" lon="114.2167050241"><ele>212.000</ele></trkpt>
      <trkpt lat="22.2740154130" lon="114.2167204193"><ele>212.000</ele></trkpt>
      <trkpt lat="22.2740165916" lon="114.2167238981"><ele>212.000</ele></trkpt>
      <trkpt lat="22.2740177267" lon="114.2167273954"><ele>212.000</ele></trkpt>
      <trkpt lat="22.2740188240" lon="114.2167309062"><ele>212.000</ele></trkpt>
      <trkpt lat="22.2740198797" lon="114.2167344305"><ele>212.000</ele></trkpt>
      <trkpt lat="22.2740208921" lon="114.2167379704"><ele>212.000</ele></trkpt>
      <trkpt lat="22.2740218665" lon="114.2167415219"><ele>212.000</ele></trkpt>
      <trkpt lat="22.2740227976" lon="114.2167450870"><ele>212.000</ele></trkpt>
      <trkpt lat="22.2740236872" lon="114.2167486657"><ele>214.000</ele></trkpt>
      <trkpt lat="22.2740245352" lon="114.2167522560"><ele>214.000</ele></trkpt>
      <trkpt lat="22.2740253416" lon="114.2167558559"><ele>214.000</ele></trkpt>
      <trkpt lat="22.2740261047" lon="114.2167594676"><ele>214.000</ele></trkpt>
      <trkpt lat="22.2740281593" lon="114.2167701451"><ele>214.000</ele></trkpt>
      <trkpt lat="22.2740287255" lon="114.2167737974"><ele>214.000</ele></trkpt>
      <trkpt lat="22.2740291707" lon="114.2167774691"><ele>214.000</ele></trkpt>
      <trkpt lat="22.2740294913" lon="114.2167811582"><ele>214.000</ele></trkpt>
      <trkpt lat="22.2740296909" lon="114.2167848551"><ele>214.000</ele></trkpt>
      <trkpt lat="22.2740297640" lon="114.2167885577"><ele>214.000</ele></trkpt>
      <trkpt lat="22.2740297161" lon="114.2167922603"><ele>214.000</ele></trkpt>
      <trkpt lat="22.2740295436" lon="114.2167959589"><ele>214.000</ele></trkpt>
      <trkpt lat="22.2740292483" lon="114.2167996498"><ele>214.000</ele></trkpt>
      <trkpt lat="22.2740288284" lon="114.2168033251"><ele>214.000</ele></trkpt>
      <trkpt lat="22.2740282875" lon="114.2168069830"><ele>214.000</ele></trkpt>
      <trkpt lat="22.2740271355" lon="114.2168129305"><ele>214.000</ele></trkpt>
      <trkpt lat="22.2740262803" lon="114.2168165183"><ele>214.000</ele></trkpt>
      <trkpt lat="22.2740253710" lon="114.2168200907"><ele>214.000</ele></trkpt>
      <trkpt lat="22.2740244092" lon="114.2168236455"><ele>214.000</ele></trkpt>
      <trkpt lat="22.2740233915" lon="114.2168271848"><ele>214.000</ele></trkpt>
      <trkpt lat="22.2740223214" lon="114.2168307047"><ele>214.000</ele></trkpt>
      <trkpt lat="22.2740211989" lon="114.2168342051"><ele>214.000</ele></trkpt>
      <trkpt lat="22.2740200223" lon="114.2168376842"><ele>214.000</ele></trkpt>
      <trkpt lat="22.2740187933" lon="114.2168411449"><ele>214.000</ele></trkpt>
      <trkpt lat="22.2740175137" lon="114.2168445822"><ele>214.000</ele></trkpt>
      <trkpt lat="22.2740161817" lon="114.2168479973"><ele>214.000</ele></trkpt>
      <trkpt lat="22.2740147983" lon="114.2168513870"><ele>214.000</ele></trkpt>
      <trkpt lat="22.2740133625" lon="114.2168547535"><ele>214.000</ele></trkpt>
      <trkpt lat="22.2740118770" lon="114.2168580948"><ele>214.000</ele></trkpt>
      <trkpt lat="22.2740102606" lon="114.2168615795"><ele>214.000</ele></trkpt>
      <trkpt lat="22.2740089964" lon="114.2168650237"><ele>214.000</ele></trkpt>
      <trkpt lat="22.2740077547" lon="114.2168684795"><ele>214.000</ele></trkpt>
      <trkpt lat="22.2740065383" lon="114.2168719431"><ele>214.000</ele></trkpt>
      <trkpt lat="22.2740053472" lon="114.2168754183"><ele>214.000</ele></trkpt>
      <trkpt lat="22.2740041796" lon="114.2168789013"><ele>214.000</ele></trkpt>
      <trkpt lat="22.2740030355" lon="114.2168823939"><ele>214.000</ele></trkpt>
      <trkpt lat="22.2740019166" lon="114.2168858964"><ele>217.000</ele></trkpt>
      <trkpt lat="22.2740008230" lon="114.2168894085"><ele>217.000</ele></trkpt>
      <trkpt lat="22.2739997538" lon="114.2168929284"><ele>217.000</ele></trkpt>
      <trkpt lat="22.2739987090" lon="114.2168964579"><ele>216.000</ele></trkpt>
      <trkpt lat="22.2739976886" lon="114.2168999953"><ele>216.000</ele></trkpt>
      <trkpt lat="22.2739966944" lon="114.2169035414"><ele>216.000</ele></trkpt>
      <trkpt lat="22.2739957245" lon="114.2169070933"><ele>216.000</ele></trkpt>
      <trkpt lat="22.2739947781" lon="114.2169106540"><ele>216.000</ele></trkpt>
      <trkpt lat="22.2739933101" lon="114.2169164015"><ele>216.000</ele></trkpt>
      <trkpt lat="22.2739899071" lon="114.2169321541"><ele>216.000</ele></trkpt>
      <trkpt lat="22.2739865409" lon="114.2169449473"><ele>215.000</ele></trkpt>
      <trkpt lat="22.2739839108" lon="114.2169537975"><ele>215.000</ele></trkpt>
      <trkpt lat="22.2739817413" lon="114.2169624091"><ele>215.000</ele></trkpt>
      <trkpt lat="22.2739808265" lon="114.2169659795"><ele>215.000</ele></trkpt>
      <trkpt lat="22.2739798206" lon="114.2169695207"><ele>215.000</ele></trkpt>
      <trkpt lat="22.2739787189" lon="114.2169730309"><ele>215.000</ele></trkpt>
      <trkpt lat="22.2739775287" lon="114.2169765041"><ele>215.000</ele></trkpt>
      <trkpt lat="22.2739762446" lon="114.2169799405"><ele>215.000</ele></trkpt>
      <trkpt lat="22.2739748729" lon="114.2169833361"><ele>215.000</ele></trkpt>
      <trkpt lat="22.2739734127" lon="114.2169866890"><ele>215.000</ele></trkpt>
      <trkpt lat="22.2739718640" lon="114.2169899972"><ele>215.000</ele></trkpt>
      <trkpt lat="22.2739702296" lon="114.2169932550"><ele>214.000</ele></trkpt>
      <trkpt lat="22.2739685102" lon="114.2169964642"><ele>214.000</ele></trkpt>
      <trkpt lat="22.2739667069" lon="114.2169996171"><ele>214.000</ele></trkpt>
      <trkpt lat="22.2739648206" lon="114.2170027156"><ele>214.000</ele></trkpt>
      <trkpt lat="22.2739628548" lon="114.2170057559"><ele>214.000</ele></trkpt>
      <trkpt lat="22.2739608113" lon="114.2170087341"><ele>214.000</ele></trkpt>
      <trkpt lat="22.2739586884" lon="114.2170116482"><ele>214.000</ele></trkpt>
      <trkpt lat="22.2739564896" lon="114.2170144964"><ele>216.000</ele></trkpt>
      <trkpt lat="22.2739542186" lon="114.2170172785"><ele>216.000</ele></trkpt>
      <trkpt lat="22.2739518754" lon="114.2170199888"><ele>216.000</ele></trkpt>
      <trkpt lat="22.2739494599" lon="114.2170226273"><ele>216.000</ele></trkpt>
      <trkpt lat="22.2739467988" lon="114.2170253705"><ele>216.000</ele></trkpt>
      <trkpt lat="22.2739440132" lon="114.2170275412"><ele>216.000</ele></trkpt>
      <trkpt lat="22.2739412556" lon="114.2170297546"><ele>216.000</ele></trkpt>
      <trkpt lat="22.2739385215" lon="114.2170320048"><ele>216.000</ele></trkpt>
      <trkpt lat="22.2739358172" lon="114.2170342949"><ele>216.000</ele></trkpt>
      <trkpt lat="22.2739331417" lon="114.2170366218"><ele>216.000</ele></trkpt>
      <trkpt lat="22.2739291881" lon="114.2170401816"><ele>214.000</ele></trkpt>
      <trkpt lat="22.2739263258" lon="114.2170422378"><ele>214.000</ele></trkpt>
      <trkpt lat="22.2739235673" lon="114.2170444493"><ele>214.000</ele></trkpt>
      <trkpt lat="22.2739209153" lon="114.2170468083"><ele>214.000</ele></trkpt>
      <trkpt lat="22.2739183807" lon="114.2170493138"><ele>214.000</ele></trkpt>
      <trkpt lat="22.2739159671" lon="114.2170519513"><ele>214.000</ele></trkpt>
      <trkpt lat="22.2739136834" lon="114.2170547198"><ele>214.000</ele></trkpt>
      <trkpt lat="22.2739115343" lon="114.2170576106"><ele>216.000</ele></trkpt>
      <trkpt lat="22.2739095243" lon="114.2170606189"><ele>216.000</ele></trkpt>
      <trkpt lat="22.2739061598" lon="114.2170665202"><ele>216.000</ele></trkpt>
      <trkpt lat="22.2739043258" lon="114.2170696546"><ele>216.000</ele></trkpt>
      <trkpt lat="22.2739023636" lon="114.2170726969"><ele>216.000</ele></trkpt>
      <trkpt lat="22.2739002768" lon="114.2170756401"><ele>216.000</ele></trkpt>
      <trkpt lat="22.2738980690" lon="114.2170784795"><ele>216.000</ele></trkpt>
      <trkpt lat="22.2738957438" lon="114.2170812092"><ele>216.000</ele></trkpt>
      <trkpt lat="22.2738933067" lon="114.2170838244"><ele>216.000</ele></trkpt>
      <trkpt lat="22.2738907639" lon="114.2170863173"><ele>216.000</ele></trkpt>
      <trkpt lat="22.2738881183" lon="114.2170886840"><ele>215.000</ele></trkpt>
      <trkpt lat="22.2738853778" lon="114.2170909227"><ele>215.000</ele></trkpt>
      <trkpt lat="22.2738825453" lon="114.2170930235"><ele>215.000</ele></trkpt>
      <trkpt lat="22.2738796279" lon="114.2170949865"><ele>215.000</ele></trkpt>
      <trkpt lat="22.2738766311" lon="114.2170968059"><ele>215.000</ele></trkpt>
      <trkpt lat="22.2738722741" lon="114.2170991256"><ele>215.000</ele></trkpt>
      <trkpt lat="22.2738692394" lon="114.2171008702"><ele>215.000</ele></trkpt>
      <trkpt lat="22.2738661812" lon="114.2171025664"><ele>217.000</ele></trkpt>
      <trkpt lat="22.2738631014" lon="114.2171042169"><ele>217.000</ele></trkpt>
      <trkpt lat="22.2738600016" lon="114.2171058238"><ele>217.000</ele></trkpt>
      <trkpt lat="22.2738568812" lon="114.2171073802"><ele>217.000</ele></trkpt>
      <trkpt lat="22.2738537390" lon="114.2171088910"><ele>217.000</ele></trkpt>
      <trkpt lat="22.2738446549" lon="114.2171134895"><ele>217.000</ele></trkpt>
      <trkpt lat="22.2738254119" lon="114.2171227967"><ele>217.000</ele></trkpt>
      <trkpt lat="22.2738223410" lon="114.2171244647"><ele>217.000</ele></trkpt>
      <trkpt lat="22.2738193505" lon="114.2171262958"><ele>220.000</ele></trkpt>
      <trkpt lat="22.2738164467" lon="114.2171282840"><ele>220.000</ele></trkpt>
      <trkpt lat="22.2738136376" lon="114.2171304236"><ele>220.000</ele></trkpt>
      <trkpt lat="22.2738109297" lon="114.2171327108"><ele>220.000</ele></trkpt>
      <trkpt lat="22.2738083319" lon="114.2171351377"><ele>220.000</ele></trkpt>
      <trkpt lat="22.2738058478" lon="114.2171377024"><ele>218.000</ele></trkpt>
      <trkpt lat="22.2738034829" lon="114.2171403952"><ele>218.000</ele></trkpt>
      <trkpt lat="22.2738012462" lon="114.2171432104"><ele>218.000</ele></trkpt>
      <trkpt lat="22.2737991396" lon="114.2171461419"><ele>218.000</ele></trkpt>
      <trkpt lat="22.2737971728" lon="114.2171491822"><ele>218.000</ele></trkpt>
      <trkpt lat="22.2737953451" lon="114.2171523215"><ele>218.000</ele></trkpt>
      <trkpt lat="22.2737936646" lon="114.2171555560"><ele>218.000</ele></trkpt>
      <trkpt lat="22.2737907985" lon="114.2171621686"><ele>218.000</ele></trkpt>
      <trkpt lat="22.2737891415" lon="114.2171654186"><ele>218.000</ele></trkpt>
      <trkpt lat="22.2737873905" lon="114.2171686084"><ele>218.000</ele></trkpt>
      <trkpt lat="22.2737855466" lon="114.2171717380"><ele>218.000</ele></trkpt>
      <trkpt lat="22.2737836106" lon="114.2171748016"><ele>218.000</ele></trkpt>
      <trkpt lat="22.2737815842" lon="114.2171777972"><ele>218.000</ele></trkpt>
      <trkpt lat="22.2737794713" lon="114.2171807230"><ele>218.000</ele></trkpt>
      <trkpt lat="22.2737772725" lon="114.2171835750"><ele>218.000</ele></trkpt>
      <trkpt lat="22.2737749916" lon="114.2171863493"><ele>218.000</ele></trkpt>
      <trkpt lat="22.2737726276" lon="114.2171890441"><ele>218.000</ele></trkpt>
      <trkpt lat="22.2737701877" lon="114.2171916554"><ele>218.000</ele></trkpt>
      <trkpt lat="22.2737676703" lon="114.2171941832"><ele>218.000</ele></trkpt>
      <trkpt lat="22.2737650815" lon="114.2171966237"><ele>218.000</ele></trkpt>
      <trkpt lat="22.2737624214" lon="114.2171989729"><ele>218.000</ele></trkpt>
      <trkpt lat="22.2737596909" lon="114.2172012290"><ele>218.000</ele></trkpt>
      <trkpt lat="22.2737568962" lon="114.2172033920"><ele>218.000</ele></trkpt>
      <trkpt lat="22.2737539607" lon="114.2172055122"><ele>218.000</ele></trkpt>
      <trkpt lat="22.2737509314" lon="114.2172072675"><ele>218.000</ele></trkpt>
      <trkpt lat="22.2737479617" lon="114.2172091374"><ele>218.000</ele></trkpt>
      <trkpt lat="22.2737450533" lon="114.2172111178"><ele>218.000</ele></trkpt>
      <trkpt lat="22.2737422136" lon="114.2172132089"><ele>218.000</ele></trkpt>
      <trkpt lat="22.2737394424" lon="114.2172154068"><ele>218.000</ele></trkpt>
      <trkpt lat="22.2737367471" lon="114.2172177095"><ele>218.000</ele></trkpt>
      <trkpt lat="22.2737341276" lon="114.2172201131"><ele>218.000</ele></trkpt>
      <trkpt lat="22.2737315894" lon="114.2172226137"><ele>220.000</ele></trkpt>
      <trkpt lat="22.2737291342" lon="114.2172252114"><ele>220.000</ele></trkpt>
      <trkpt lat="22.2737267657" lon="114.2172279004"><ele>220.000</ele></trkpt>
      <trkpt lat="22.2737244875" lon="114.2172306786"><ele>220.000</ele></trkpt>
      <trkpt lat="22.2737223032" lon="114.2172335403"><ele>220.000</ele></trkpt>
      <trkpt lat="22.2737202128" lon="114.2172364855"><ele>220.000</ele></trkpt>
      <trkpt lat="22.2737182198" lon="114.2172395064"><ele>220.000</ele></trkpt>
      <trkpt lat="22.2737163281" lon="114.2172426039"><ele>220.000</ele></trkpt>
      <trkpt lat="22.2737145392" lon="114.2172457695"><ele>220.000</ele></trkpt>
      <trkpt lat="22.2737128551" lon="114.2172490020"><ele>220.000</ele></trkpt>
      <trkpt lat="22.2737112784" lon="114.2172522966"><ele>220.000</ele></trkpt>
      <trkpt lat="22.2737079035" lon="114.2172601529"><ele>220.000</ele></trkpt>
      <trkpt lat="22.2737065101" lon="114.2172635408"><ele>220.000</ele></trkpt>
      <trkpt lat="22.2737051619" lon="114.2172669519"><ele>220.000</ele></trkpt>
      <trkpt lat="22.2737038616" lon="114.2172703844"><ele>220.000</ele></trkpt>
      <trkpt lat="22.2737026072" lon="114.2172738363"><ele>220.000</ele></trkpt>
      <trkpt lat="22.2737013999" lon="114.2172773076"><ele>220.000</ele></trkpt>
      <trkpt lat="22.2737002386" lon="114.2172807964"><ele>220.000</ele></trkpt>
      <trkpt lat="22.2736991269" lon="114.2172843056"><ele>220.000</ele></trkpt>
      <trkpt lat="22.2736980622" lon="114.2172878313"><ele>220.000</ele></trkpt>
      <trkpt lat="22.2736970445" lon="114.2172913715"><ele>220.000</ele></trkpt>
      <trkpt lat="22.2736960755" lon="114.2172949283"><ele>220.000</ele></trkpt>
      <trkpt lat="22.2736951562" lon="114.2172985006"><ele>220.000</ele></trkpt>
      <trkpt lat="22.2736942839" lon="114.2173020865"><ele>220.000</ele></trkpt>
      <trkpt lat="22.2736934612" lon="114.2173056841"><ele>220.000</ele></trkpt>
      <trkpt lat="22.2736926873" lon="114.2173092972"><ele>220.000</ele></trkpt>
      <trkpt lat="22.2736919621" lon="114.2173129210"><ele>220.000</ele></trkpt>
      <trkpt lat="22.2736902295" lon="114.2173225001"><ele>220.000</ele></trkpt>
      <trkpt lat="22.2736898420" lon="114.2173261812"><ele>220.000</ele></trkpt>
      <trkpt lat="22.2736897273" lon="114.2173298867"><ele>220.000</ele></trkpt>
      <trkpt lat="22.2736898853" lon="114.2173335864"><ele>220.000</ele></trkpt>
      <trkpt lat="22.2736903143" lon="114.2173372639"><ele>220.000</ele></trkpt>
      <trkpt lat="22.2736910123" lon="114.2173408910"><ele>220.000</ele></trkpt>
      <trkpt lat="22.2736919759" lon="114.2173444483"><ele>220.000</ele></trkpt>
      <trkpt lat="22.2736931978" lon="114.2173479126"><ele>220.000</ele></trkpt>
      <trkpt lat="22.2736946708" lon="114.2173512605"><ele>220.000</ele></trkpt>
      <trkpt lat="22.2736963840" lon="114.2173544707"><ele>220.000</ele></trkpt>
      <trkpt lat="22.2736983284" lon="114.2173575257"><ele>220.000</ele></trkpt>
      <trkpt lat="22.2736995065" lon="114.2173590920"><ele>220.000</ele></trkpt>
      <trkpt lat="22.2737004915" lon="114.2173604070"><ele>220.000</ele></trkpt>
      <trkpt lat="22.2737028604" lon="114.2173630906"><ele>220.000</ele></trkpt>
      <trkpt lat="22.2737054191" lon="114.2173655655"><ele>220.000</ele></trkpt>
      <trkpt lat="22.2737081512" lon="114.2173678135"><ele>220.000</ele></trkpt>
      <trkpt lat="22.2737110405" lon="114.2173698228"><ele>220.000</ele></trkpt>
      <trkpt lat="22.2737140689" lon="114.2173715760"><ele>220.000</ele></trkpt>
      <trkpt lat="22.2737172167" lon="114.2173730672"><ele>220.000</ele></trkpt>
      <trkpt lat="22.2737204638" lon="114.2173742849"><ele>220.000</ele></trkpt>
      <trkpt lat="22.2737256127" lon="114.2173756079"><ele>220.000</ele></trkpt>
      <trkpt lat="22.2737287930" lon="114.2173770216"><ele>220.000</ele></trkpt>
      <trkpt lat="22.2737319822" lon="114.2173784080"><ele>220.000</ele></trkpt>
      <trkpt lat="22.2737351805" lon="114.2173797674"><ele>222.000</ele></trkpt>
      <trkpt lat="22.2737383897" lon="114.2173810976"><ele>222.000</ele></trkpt>
      <trkpt lat="22.2737416097" lon="114.2173823987"><ele>222.000</ele></trkpt>
      <trkpt lat="22.2737448387" lon="114.2173836746"><ele>222.000</ele></trkpt>
      <trkpt lat="22.2737480786" lon="114.2173849194"><ele>222.000</ele></trkpt>
      <trkpt lat="22.2737513257" lon="114.2173861371"><ele>222.000</ele></trkpt>
      <trkpt lat="22.2737545819" lon="114.2173873276"><ele>222.000</ele></trkpt>
      <trkpt lat="22.2737578489" lon="114.2173884890"><ele>222.000</ele></trkpt>
      <trkpt lat="22.2737611231" lon="114.2173896213"><ele>222.000</ele></trkpt>
      <trkpt lat="22.2737644064" lon="114.2173907254"><ele>222.000</ele></trkpt>
      <trkpt lat="22.2737676978" lon="114.2173918005"><ele>222.000</ele></trkpt>
      <trkpt lat="22.2737709964" lon="114.2173928474"><ele>222.000</ele></trkpt>
      <trkpt lat="22.2737743032" lon="114.2173938652"><ele>222.000</ele></trkpt>
      <trkpt lat="22.2737776172" lon="114.2173948539"><ele>221.000</ele></trkpt>
      <trkpt lat="22.2737841224" lon="114.2173967051"><ele>221.000</ele></trkpt>
      <trkpt lat="22.2737874689" lon="114.2173975619"><ele>221.000</ele></trkpt>
      <trkpt lat="22.2737907902" lon="114.2173985215"><ele>221.000</ele></trkpt>
      <trkpt lat="22.2737940843" lon="114.2173995839"><ele>221.000</ele></trkpt>
      <trkpt lat="22.2737973522" lon="114.2174007434"><ele>221.000</ele></trkpt>
      <trkpt lat="22.2738005858" lon="114.2174020037"><ele>221.000</ele></trkpt>
      <trkpt lat="22.2738037850" lon="114.2174033611"><ele>221.000</ele></trkpt>
      <trkpt lat="22.2738069489" lon="114.2174048155"><ele>221.000</ele></trkpt>
      <trkpt lat="22.2738100705" lon="114.2174063659"><ele>221.000</ele></trkpt>
      <trkpt lat="22.2738131540" lon="114.2174080095"><ele>221.000</ele></trkpt>
      <trkpt lat="22.2738161888" lon="114.2174097472"><ele>221.000</ele></trkpt>
      <trkpt lat="22.2738191793" lon="114.2174115780"><ele>221.000</ele></trkpt>
      <trkpt lat="22.2738221210" lon="114.2174134991"><ele>219.000</ele></trkpt>
      <trkpt lat="22.2738250103" lon="114.2174155074"><ele>219.000</ele></trkpt>
      <trkpt lat="22.2738278454" lon="114.2174176040"><ele>219.000</ele></trkpt>
      <trkpt lat="22.2738445760" lon="114.2174302439"><ele>222.000</ele></trkpt>
      <trkpt lat="22.2738447800" lon="114.2174303914"><ele>222.000</ele></trkpt>
      <trkpt lat="22.2738478345" lon="114.2174326822"><ele>222.000</ele></trkpt>
      <trkpt lat="22.2738508881" lon="114.2174349729"><ele>222.000</ele></trkpt>
      <trkpt lat="22.2738537124" lon="114.2174371724"><ele>222.000</ele></trkpt>
      <trkpt lat="22.2738565267" lon="114.2174393020"><ele>222.000</ele></trkpt>
      <trkpt lat="22.2738593103" lon="114.2174414830"><ele>222.000</ele></trkpt>
      <trkpt lat="22.2738620578" lon="114.2174437087"><ele>222.000</ele></trkpt>
      <trkpt lat="22.2738647736" lon="114.2174459848"><ele>222.000</ele></trkpt>
      <trkpt lat="22.2738674533" lon="114.2174483065"><ele>219.000</ele></trkpt>
      <trkpt lat="22.2738700987" lon="114.2174506737"><ele>219.000</ele></trkpt>
      <trkpt lat="22.2738727080" lon="114.2174530895"><ele>219.000</ele></trkpt>
      <trkpt lat="22.2738752793" lon="114.2174555499"><ele>219.000</ele></trkpt>
      <trkpt lat="22.2738778144" lon="114.2174580540"><ele>219.000</ele></trkpt>
      <trkpt lat="22.2738803099" lon="114.2174606027"><ele>219.000</ele></trkpt>
      <trkpt lat="22.2738827683" lon="114.2174631960"><ele>219.000</ele></trkpt>
      <trkpt lat="22.2738851851" lon="114.2174658300"><ele>219.000</ele></trkpt>
      <trkpt lat="22.2738875631" lon="114.2174685067"><ele>219.000</ele></trkpt>
      <trkpt lat="22.2738898996" lon="114.2174712262"><ele>219.000</ele></trkpt>
      <trkpt lat="22.2738921963" lon="114.2174739844"><ele>219.000</ele></trkpt>
      <trkpt lat="22.2738944496" lon="114.2174767833"><ele>222.000</ele></trkpt>
      <trkpt lat="22.2738966596" lon="114.2174796211"><ele>222.000</ele></trkpt>
      <trkpt lat="22.2738988281" lon="114.2174824976"><ele>222.000</ele></trkpt>
      <trkpt lat="22.2739009513" lon="114.2174854110"><ele>222.000</ele></trkpt>
      <trkpt lat="22.2739030313" lon="114.2174883622"><ele>222.000</ele></trkpt>
      <trkpt lat="22.2739050660" lon="114.2174913484"><ele>222.000</ele></trkpt>
      <trkpt lat="22.2739070556" lon="114.2174943704"><ele>222.000</ele></trkpt>
      <trkpt lat="22.2739090000" lon="114.2174974254"><ele>222.000</ele></trkpt>
      <trkpt lat="22.2739128907" lon="114.2175037450"><ele>219.000</ele></trkpt>
      <trkpt lat="22.2739146581" lon="114.2175069222"><ele>219.000</ele></trkpt>
      <trkpt lat="22.2739162846" lon="114.2175101867"><ele>219.000</ele></trkpt>
      <trkpt lat="22.2739177648" lon="114.2175135288"><ele>219.000</ele></trkpt>
      <trkpt lat="22.2739190950" lon="114.2175169446"><ele>219.000</ele></trkpt>
      <trkpt lat="22.2739202736" lon="114.2175204244"><ele>219.000</ele></trkpt>
      <trkpt lat="22.2739216946" lon="114.2175255052"><ele>220.000</ele></trkpt>
      <trkpt lat="22.2739224116" lon="114.2175291275"><ele>220.000</ele></trkpt>
      <trkpt lat="22.2739228279" lon="114.2175328020"><ele>220.000</ele></trkpt>
      <trkpt lat="22.2739229408" lon="114.2175365027"><ele>220.000</ele></trkpt>
      <trkpt lat="22.2739227502" lon="114.2175401995"><ele>220.000</ele></trkpt>
      <trkpt lat="22.2739222544" lon="114.2175438641"><ele>220.000</ele></trkpt>
      <trkpt lat="22.2739211858" lon="114.2175484629"><ele>220.000</ele></trkpt>
      <trkpt lat="22.2739197580" lon="114.2175526376"><ele>220.000</ele></trkpt>
      <trkpt lat="22.2739191971" lon="114.2175562915"><ele>220.000</ele></trkpt>
      <trkpt lat="22.2739188016" lon="114.2175599707"><ele>220.000</ele></trkpt>
      <trkpt lat="22.2739185704" lon="114.2175636655"><ele>220.000</ele></trkpt>
      <trkpt lat="22.2739185080" lon="114.2175673681"><ele>220.000</ele></trkpt>
      <trkpt lat="22.2739186137" lon="114.2175710707"><ele>220.000</ele></trkpt>
      <trkpt lat="22.2739188855" lon="114.2175747617"><ele>222.000</ele></trkpt>
      <trkpt lat="22.2739193234" lon="114.2175784354"><ele>222.000</ele></trkpt>
      <trkpt lat="22.2739199258" lon="114.2175820819"><ele>222.000</ele></trkpt>
      <trkpt lat="22.2739206943" lon="114.2175856915"><ele>222.000</ele></trkpt>
      <trkpt lat="22.2739220503" lon="114.2175906966"><ele>222.000</ele></trkpt>
      <trkpt lat="22.2739231720" lon="114.2175941958"><ele>222.000</ele></trkpt>
      <trkpt lat="22.2739241825" lon="114.2175977376"><ele>222.000</ele></trkpt>
      <trkpt lat="22.2739250792" lon="114.2176013124"><ele>222.000</ele></trkpt>
      <trkpt lat="22.2739258604" lon="114.2176049202"><ele>222.000</ele></trkpt>
      <trkpt lat="22.2739265241" lon="114.2176085531"><ele>222.000</ele></trkpt>
      <trkpt lat="22.2739270723" lon="114.2176122093"><ele>222.000</ele></trkpt>
      <trkpt lat="22.2739275030" lon="114.2176158829"><ele>222.000</ele></trkpt>
      <trkpt lat="22.2739278173" lon="114.2176195720"><ele>222.000</ele></trkpt>
      <trkpt lat="22.2739280105" lon="114.2176232688"><ele>224.000</ele></trkpt>
      <trkpt lat="22.2739280854" lon="114.2176269714"><ele>224.000</ele></trkpt>
      <trkpt lat="22.2739280430" lon="114.2176306760"><ele>224.000</ele></trkpt>
      <trkpt lat="22.2739278813" lon="114.2176343746"><ele>224.000</ele></trkpt>
      <trkpt lat="22.2739276004" lon="114.2176380655"><ele>224.000</ele></trkpt>
      <trkpt lat="22.2739272021" lon="114.2176417447"><ele>224.000</ele></trkpt>
      <trkpt lat="22.2739266865" lon="114.2176454064"><ele>224.000</ele></trkpt>
      <trkpt lat="22.2739260534" lon="114.2176490467"><ele>224.000</ele></trkpt>
      <trkpt lat="22.2739249486" lon="114.2176541928"><ele>224.000</ele></trkpt>
      <trkpt lat="22.2739225855" lon="114.2176676848"><ele>224.000</ele></trkpt>
      <trkpt lat="22.2739220111" lon="114.2176713368"><ele>226.000</ele></trkpt>
      <trkpt lat="22.2739215027" lon="114.2176750005"><ele>226.000</ele></trkpt>
      <trkpt lat="22.2739210619" lon="114.2176786729"><ele>226.000</ele></trkpt>
      <trkpt lat="22.2739206826" lon="114.2176823530"><ele>226.000</ele></trkpt>
      <trkpt lat="22.2739203729" lon="114.2176860420"><ele>226.000</ele></trkpt>
      <trkpt lat="22.2739201263" lon="114.2176897367"><ele>226.000</ele></trkpt>
      <trkpt lat="22.2739199466" lon="114.2176934354"><ele>226.000</ele></trkpt>
      <trkpt lat="22.2739198336" lon="114.2176971360"><ele>226.000</ele></trkpt>
      <trkpt lat="22.2739197876" lon="114.2177008405"><ele>226.000</ele></trkpt>
      <trkpt lat="22.2739198065" lon="114.2177045431"><ele>226.000</ele></trkpt>
      <trkpt lat="22.2739198904" lon="114.2177082458"><ele>226.000</ele></trkpt>
      <trkpt lat="22.2739200430" lon="114.2177119465"><ele>226.000</ele></trkpt>
      <trkpt lat="22.2739202588" lon="114.2177156414"><ele>226.000</ele></trkpt>
      <trkpt lat="22.2739205433" lon="114.2177193324"><ele>226.000</ele></trkpt>
      <trkpt lat="22.2739211072" lon="114.2177250029"><ele>226.000</ele></trkpt>
      <trkpt lat="22.2739212683" lon="114.2177306859"><ele>226.000</ele></trkpt>
      <trkpt lat="22.2739213089" lon="114.2177343875"><ele>226.000</ele></trkpt>
      <trkpt lat="22.2739210533" lon="114.2177380784"><ele>226.000</ele></trkpt>
      <trkpt lat="22.2739205033" lon="114.2177417343"><ele>226.000</ele></trkpt>
      <trkpt lat="22.2739196617" lon="114.2177453241"><ele>226.000</ele></trkpt>
      <trkpt lat="22.2739185347" lon="114.2177488226"><ele>226.000</ele></trkpt>
      <trkpt lat="22.2739171323" lon="114.2177522026"><ele>226.000</ele></trkpt>
      <trkpt lat="22.2739140586" lon="114.2177577421"><ele>226.000</ele></trkpt>
      <trkpt lat="22.2739115637" lon="114.2177602912"><ele>226.000</ele></trkpt>
      <trkpt lat="22.2739093686" lon="114.2177631394"><ele>226.000</ele></trkpt>
      <trkpt lat="22.2739075020" lon="114.2177662476"><ele>226.000</ele></trkpt>
      <trkpt lat="22.2739059895" lon="114.2177695713"><ele>228.000</ele></trkpt>
      <trkpt lat="22.2739048562" lon="114.2177730660"><ele>228.000</ele></trkpt>
      <trkpt lat="22.2739041147" lon="114.2177766810"><ele>228.000</ele></trkpt>
      <trkpt lat="22.2739037761" lon="114.2177803651"><ele>228.000</ele></trkpt>
      <trkpt lat="22.2739040780" lon="114.2177862422"><ele>228.000</ele></trkpt>
      <trkpt lat="22.2739041511" lon="114.2177899448"><ele>228.000</ele></trkpt>
      <trkpt lat="22.2739042965" lon="114.2177936455"><ele>228.000</ele></trkpt>
      <trkpt lat="22.2739045159" lon="114.2177973423"><ele>228.000</ele></trkpt>
      <trkpt lat="22.2739048076" lon="114.2178010314"><ele>228.000</ele></trkpt>
      <trkpt lat="22.2739051715" lon="114.2178047147"><ele>228.000</ele></trkpt>
      <trkpt lat="22.2739056094" lon="114.2178083884"><ele>228.000</ele></trkpt>
      <trkpt lat="22.2739064902" lon="114.2178144238"><ele>228.000</ele></trkpt>
      <trkpt lat="22.2739072560" lon="114.2178180354"><ele>228.000</ele></trkpt>
      <trkpt lat="22.2739081238" lon="114.2178216179"><ele>228.000</ele></trkpt>
      <trkpt lat="22.2739090928" lon="114.2178251733"><ele>228.000</ele></trkpt>
      <trkpt lat="22.2739101612" lon="114.2178286938"><ele>228.000</ele></trkpt>
      <trkpt lat="22.2739113271" lon="114.2178321775"><ele>228.000</ele></trkpt>
      <trkpt lat="22.2739125905" lon="114.2178356223"><ele>226.000</ele></trkpt>
      <trkpt lat="22.2739139496" lon="114.2178390245"><ele>226.000</ele></trkpt>
      <trkpt lat="22.2739154045" lon="114.2178423802"><ele>226.000</ele></trkpt>
      <trkpt lat="22.2739169533" lon="114.2178456884"><ele>226.000</ele></trkpt>
      <trkpt lat="22.2739185943" lon="114.2178489441"><ele>226.000</ele></trkpt>
      <trkpt lat="22.2739203265" lon="114.2178521446"><ele>226.000</ele></trkpt>
      <trkpt lat="22.2739221472" lon="114.2178552869"><ele>226.000</ele></trkpt>
      <trkpt lat="22.2739240536" lon="114.2178583691"><ele>226.000</ele></trkpt>
      <trkpt lat="22.2739260487" lon="114.2178613873"><ele>226.000</ele></trkpt>
      <trkpt lat="22.2739281277" lon="114.2178643395"><ele>228.000</ele></trkpt>
      <trkpt lat="22.2739303909" lon="114.2178673577"><ele>228.000</ele></trkpt>
      <trkpt lat="22.2739425855" lon="114.2178830857"><ele>228.000</ele></trkpt>
      <trkpt lat="22.2739534241" lon="114.2178973132"><ele>228.000</ele></trkpt>
      <trkpt lat="22.2739553179" lon="114.2179004051"><ele>228.000</ele></trkpt>
      <trkpt lat="22.2739573870" lon="114.2179033631"><ele>226.000</ele></trkpt>
      <trkpt lat="22.2739596241" lon="114.2179061756"><ele>226.000</ele></trkpt>
      <trkpt lat="22.2739620202" lon="114.2179088349"><ele>226.000</ele></trkpt>
      <trkpt lat="22.2739645644" lon="114.2179113254"><ele>226.000</ele></trkpt>
      <trkpt lat="22.2739672495" lon="114.2179136413"><ele>226.000</ele></trkpt>
      <trkpt lat="22.2739700611" lon="114.2179157728"><ele>226.000</ele></trkpt>
      <trkpt lat="22.2739729938" lon="114.2179177123"><ele>226.000</ele></trkpt>
      <trkpt lat="22.2739760312" lon="114.2179194510"><ele>226.000</ele></trkpt>
      <trkpt lat="22.2739820233" lon="114.2179221656"><ele>226.000</ele></trkpt>
      <trkpt lat="22.2739891017" lon="114.2179249806"><ele>226.000</ele></trkpt>
      <trkpt lat="22.2739944988" lon="114.2179268878"><ele>226.000</ele></trkpt>
      <trkpt lat="22.2740017785" lon="114.2179301889"><ele>226.000</ele></trkpt>
      <trkpt lat="22.2740068673" lon="114.2179335824"><ele>224.000</ele></trkpt>
      <trkpt lat="22.2740110639" lon="114.2179367390"><ele>224.000</ele></trkpt>
      <trkpt lat="22.2740118151" lon="114.2179374379"><ele>224.000</ele></trkpt>
      <trkpt lat="22.2740244399" lon="114.2179448468"><ele>224.000</ele></trkpt>
      <trkpt lat="22.2740400511" lon="114.2179488004"><ele>224.000</ele></trkpt>
      <trkpt lat="22.2740547434" lon="114.2179507802"><ele>224.000</ele></trkpt>
      <trkpt lat="22.2740678311" lon="114.2179488104"><ele>224.000</ele></trkpt>
      <trkpt lat="22.2740763260" lon="114.2179463465"><ele>224.000</ele></trkpt>
      <trkpt lat="22.2740829844" lon="114.2179421548"><ele>224.000</ele></trkpt>
      <trkpt lat="22.2740862181" lon="114.2179394875"><ele>224.000</ele></trkpt>
      <trkpt lat="22.2740895222" lon="114.2179367620"><ele>224.000</ele></trkpt>
      <trkpt lat="22.2740907138" lon="114.2179349430"><ele>224.000</ele></trkpt>
      <trkpt lat="22.2740924564" lon="114.2179323674"><ele>224.000</ele></trkpt>
      <trkpt lat="22.2740946362" lon="114.2179295581"><ele>224.000</ele></trkpt>
      <trkpt lat="22.2740970330" lon="114.2179258135"><ele>224.000</ele></trkpt>
      <trkpt lat="22.2740985834" lon="114.2179230390"><ele>224.000</ele></trkpt>
      <trkpt lat="22.2741008454" lon="114.2179202472"><ele>224.000</ele></trkpt>
      <trkpt lat="22.2741031380" lon="114.2179174864"><ele>224.000</ele></trkpt>
      <trkpt lat="22.2741054632" lon="114.2179147567"><ele>224.000</ele></trkpt>
      <trkpt lat="22.2741078191" lon="114.2179120581"><ele>224.000</ele></trkpt>
      <trkpt lat="22.2741102056" lon="114.2179093905"><ele>224.000</ele></trkpt>
      <trkpt lat="22.2741126229" lon="114.2179067540"><ele>224.000</ele></trkpt>
      <trkpt lat="22.2741170869" lon="114.2179025306"><ele>224.000</ele></trkpt>
      <trkpt lat="22.2741179565" lon="114.2178993678"><ele>224.000</ele></trkpt>
      <trkpt lat="22.2741189994" lon="114.2178961613"><ele>224.000</ele></trkpt>
      <trkpt lat="22.2741204289" lon="114.2178927919"><ele>224.000</ele></trkpt>
      <trkpt lat="22.2741219415" lon="114.2178894643"><ele>224.000</ele></trkpt>
      <trkpt lat="22.2741235371" lon="114.2178861832"><ele>224.000</ele></trkpt>
      <trkpt lat="22.2741252122" lon="114.2178829488"><ele>224.000</ele></trkpt>
      <trkpt lat="22.2741269668" lon="114.2178797629"><ele>224.000</ele></trkpt>
      <trkpt lat="22.2741287990" lon="114.2178766275"><ele>224.000</ele></trkpt>
      <trkpt lat="22.2741307089" lon="114.2178735483"><ele>224.000</ele></trkpt>
      <trkpt lat="22.2741337822" lon="114.2178689355"><ele>224.000</ele></trkpt>
      <trkpt lat="22.2741358185" lon="114.2178659496"><ele>224.000</ele></trkpt>
      <trkpt lat="22.2741378945" lon="114.2178629957"><ele>224.000</ele></trkpt>
      <trkpt lat="22.2741400093" lon="114.2178600738"><ele>223.000</ele></trkpt>
      <trkpt lat="22.2741421620" lon="114.2178571849"><ele>223.000</ele></trkpt>
      <trkpt lat="22.2741443536" lon="114.2178543310"><ele>223.000</ele></trkpt>
      <trkpt lat="22.2741465849" lon="114.2178515110"><ele>223.000</ele></trkpt>
      <trkpt lat="22.2741488523" lon="114.2178487260"><ele>223.000</ele></trkpt>
      <trkpt lat="22.2741511558" lon="114.2178459750"><ele>223.000</ele></trkpt>
      <trkpt lat="22.2741534972" lon="114.2178432608"><ele>223.000</ele></trkpt>
      <trkpt lat="22.2741558747" lon="114.2178405854"><ele>223.000</ele></trkpt>
      <trkpt lat="22.2741582884" lon="114.2178379450"><ele>223.000</ele></trkpt>
      <trkpt lat="22.2741607364" lon="114.2178353415"><ele>223.000</ele></trkpt>
      <trkpt lat="22.2741632195" lon="114.2178327787"><ele>223.000</ele></trkpt>
      <trkpt lat="22.2741666078" lon="114.2178293934"><ele>223.000</ele></trkpt>
      <trkpt lat="22.2741692526" lon="114.2178270248"><ele>223.000</ele></trkpt>
      <trkpt lat="22.2741718720" lon="114.2178246250"><ele>223.000</ele></trkpt>
      <trkpt lat="22.2741744663" lon="114.2178221933"><ele>223.000</ele></trkpt>
      <trkpt lat="22.2741770370" lon="114.2178197305"><ele>223.000</ele></trkpt>
      <trkpt lat="22.2741795816" lon="114.2178172376"><ele>223.000</ele></trkpt>
      <trkpt lat="22.2741820990" lon="114.2178147146"><ele>222.000</ele></trkpt>
      <trkpt lat="22.2741845921" lon="114.2178121606"><ele>224.000</ele></trkpt>
      <trkpt lat="22.2741870582" lon="114.2178095784"><ele>224.000</ele></trkpt>
      <trkpt lat="22.2741894971" lon="114.2178069671"><ele>224.000</ele></trkpt>
      <trkpt lat="22.2741919089" lon="114.2178043248"><ele>224.000</ele></trkpt>
      <trkpt lat="22.2741942937" lon="114.2178016552"><ele>224.000</ele></trkpt>
      <trkpt lat="22.2741966514" lon="114.2177989585"><ele>224.000</ele></trkpt>
      <trkpt lat="22.2741989802" lon="114.2177962327"><ele>224.000</ele></trkpt>
      <trkpt lat="22.2742012819" lon="114.2177934797"><ele>224.000</ele></trkpt>
      <trkpt lat="22.2742035529" lon="114.2177906976"><ele>224.000</ele></trkpt>
      <trkpt lat="22.2742057968" lon="114.2177878912"><ele>224.000</ele></trkpt>
      <trkpt lat="22.2742080127" lon="114.2177850557"><ele>224.000</ele></trkpt>
      <trkpt lat="22.2742101980" lon="114.2177821960"><ele>224.000</ele></trkpt>
      <trkpt lat="22.2742123534" lon="114.2177793090"><ele>224.000</ele></trkpt>
      <trkpt lat="22.2742144781" lon="114.2177763988"><ele>224.000</ele></trkpt>
      <trkpt lat="22.2742175406" lon="114.2177720838"><ele>224.000</ele></trkpt>
      <trkpt lat="22.2742197268" lon="114.2177692241"><ele>224.000</ele></trkpt>
      <trkpt lat="22.2742219454" lon="114.2177663915"><ele>224.000</ele></trkpt>
      <trkpt lat="22.2742241938" lon="114.2177635880"><ele>224.000</ele></trkpt>
      <trkpt lat="22.2742264730" lon="114.2177608137"><ele>224.000</ele></trkpt>
      <trkpt lat="22.2742287819" lon="114.2177580684"><ele>224.000</ele></trkpt>
      <trkpt lat="22.2742311215" lon="114.2177553552"><ele>224.000</ele></trkpt>
      <trkpt lat="22.2742334900" lon="114.2177526692"><ele>224.000</ele></trkpt>
      <trkpt lat="22.2742358901" lon="114.2177500142"><ele>224.000</ele></trkpt>
      <trkpt lat="22.2742383182" lon="114.2177473903"><ele>224.000</ele></trkpt>
      <trkpt lat="22.2742407743" lon="114.2177447965"><ele>224.000</ele></trkpt>
      <trkpt lat="22.2742432584" lon="114.2177422357"><ele>224.000</ele></trkpt>
      <trkpt lat="22.2742457713" lon="114.2177397059"><ele>224.000</ele></trkpt>
      <trkpt lat="22.2742483132" lon="114.2177372091"><ele>224.000</ele></trkpt>
      <trkpt lat="22.2742508803" lon="114.2177347434"><ele>224.000</ele></trkpt>
      <trkpt lat="22.2742534763" lon="114.2177323126"><ele>224.000</ele></trkpt>
      <trkpt lat="22.2742560976" lon="114.2177299148"><ele>224.000</ele></trkpt>
      <trkpt lat="22.2742587442" lon="114.2177275501"><ele>224.000</ele></trkpt>
      <trkpt lat="22.2742614197" lon="114.2177252183"><ele>224.000</ele></trkpt>
      <trkpt lat="22.2742644799" lon="114.2177226188"><ele>224.000</ele></trkpt>
      <trkpt lat="22.2742666859" lon="114.2177197765"><ele>224.000</ele></trkpt>
      <trkpt lat="22.2742689750" lon="114.2177170118"><ele>223.000</ele></trkpt>
      <trkpt lat="22.2742713435" lon="114.2177143258"><ele>223.000</ele></trkpt>
      <trkpt lat="22.2742737878" lon="114.2177117213"><ele>223.000</ele></trkpt>
      <trkpt lat="22.2742763080" lon="114.2177091993"><ele>223.000</ele></trkpt>
      <trkpt lat="22.2742789004" lon="114.2177067646"><ele>223.000</ele></trkpt>
      <trkpt lat="22.2742815633" lon="114.2177044193"><ele>223.000</ele></trkpt>
      <trkpt lat="22.2742842929" lon="114.2177021651"><ele>223.000</ele></trkpt>
      <trkpt lat="22.2742870875" lon="114.2177000041"><ele>223.000</ele></trkpt>
      <trkpt lat="22.2742899417" lon="114.2176979383"><ele>223.000</ele></trkpt>
      <trkpt lat="22.2742928573" lon="114.2176959714"><ele>223.000</ele></trkpt>
      <trkpt lat="22.2742958270" lon="114.2176941035"><ele>223.000</ele></trkpt>
      <trkpt lat="22.2742988518" lon="114.2176923365"><ele>223.000</ele></trkpt>
      <trkpt lat="22.2743019254" lon="114.2176906733"><ele>223.000</ele></trkpt>
      <trkpt lat="22.2743050450" lon="114.2176891130"><ele>223.000</ele></trkpt>
      <trkpt lat="22.2743087209" lon="114.2176874394"><ele>223.000</ele></trkpt>
      <trkpt lat="22.2743202635" lon="114.2176814289"><ele>223.000</ele></trkpt>
      <trkpt lat="22.2743278939" lon="114.2176763517"><ele>223.000</ele></trkpt>
      <trkpt lat="22.2743308934" lon="114.2176745362"><ele>223.000</ele></trkpt>
      <trkpt lat="22.2743338803" lon="114.2176726984"><ele>223.000</ele></trkpt>
      <trkpt lat="22.2743368573" lon="114.2176708431"><ele>223.000</ele></trkpt>
      <trkpt lat="22.2743398234" lon="114.2176689655"><ele>222.000</ele></trkpt>
      <trkpt lat="22.2743427787" lon="114.2176670675"><ele>222.000</ele></trkpt>
      <trkpt lat="22.2743457214" lon="114.2176651491"><ele>222.000</ele></trkpt>
      <trkpt lat="22.2743486532" lon="114.2176632094"><ele>222.000</ele></trkpt>
      <trkpt lat="22.2743515724" lon="114.2176612522"><ele>222.000</ele></trkpt>
      <trkpt lat="22.2743544808" lon="114.2176592717"><ele>222.000</ele></trkpt>
      <trkpt lat="22.2743573765" lon="114.2176572738"><ele>222.000</ele></trkpt>
      <trkpt lat="22.2743602614" lon="114.2176552545"><ele>222.000</ele></trkpt>
      <trkpt lat="22.2743631337" lon="114.2176532158"><ele>222.000</ele></trkpt>
      <trkpt lat="22.2743659933" lon="114.2176511557"><ele>222.000</ele></trkpt>
      <trkpt lat="22.2743688403" lon="114.2176490782"><ele>222.000</ele></trkpt>
      <trkpt lat="22.2743716746" lon="114.2176469793"><ele>222.000</ele></trkpt>
      <trkpt lat="22.2743750780" lon="114.2176444226"><ele>222.000</ele></trkpt>
      <trkpt lat="22.2743777065" lon="114.2176420345"><ele>222.000</ele></trkpt>
      <trkpt lat="22.2743802881" lon="114.2176395863"><ele>222.000</ele></trkpt>
      <trkpt lat="22.2743828209" lon="114.2176370788"><ele>222.000</ele></trkpt>
      <trkpt lat="22.2743853014" lon="114.2176345141"><ele>222.000</ele></trkpt>
      <trkpt lat="22.2743877313" lon="114.2176318921"><ele>222.000</ele></trkpt>
      <trkpt lat="22.2743901088" lon="114.2176292129"><ele>222.000</ele></trkpt>
      <trkpt lat="22.2743924322" lon="114.2176264812"><ele>222.000</ele></trkpt>
      <trkpt lat="22.2743946996" lon="114.2176236972"><ele>222.000</ele></trkpt>
      <trkpt lat="22.2743969128" lon="114.2176208607"><ele>222.000</ele></trkpt>
      <trkpt lat="22.2743990682" lon="114.2176179738"><ele>222.000</ele></trkpt>
      <trkpt lat="22.2744015923" lon="114.2176144232"><ele>222.000</ele></trkpt>
      <trkpt lat="22.2744038985" lon="114.2176116761"><ele>222.000</ele></trkpt>
      <trkpt lat="22.2744059772" lon="114.2176087251"><ele>222.000</ele></trkpt>
      <trkpt lat="22.2744078148" lon="114.2176055955"><ele>222.000</ele></trkpt>
      <trkpt lat="22.2744093978" lon="114.2176023105"><ele>225.000</ele></trkpt>
      <trkpt lat="22.2744107171" lon="114.2175988897"><ele>225.000</ele></trkpt>
      <trkpt lat="22.2744117602" lon="114.2175953620"><ele>225.000</ele></trkpt>
      <trkpt lat="22.2744125214" lon="114.2175917508"><ele>225.000</ele></trkpt>
      <trkpt lat="22.2744129938" lon="114.2175880833"><ele>225.000</ele></trkpt>
      <trkpt lat="22.2744131735" lon="114.2175843866"><ele>225.000</ele></trkpt>
      <trkpt lat="22.2744130624" lon="114.2175806868"><ele>225.000</ele></trkpt>
      <trkpt lat="22.2744126588" lon="114.2175770083"><ele>225.000</ele></trkpt>
      <trkpt lat="22.2744119643" lon="114.2175733832"><ele>225.000</ele></trkpt>
      <trkpt lat="22.2744109863" lon="114.2175698316"><ele>223.000</ele></trkpt>
      <trkpt lat="22.2744095243" lon="114.2175658880"><ele>223.000</ele></trkpt>
      <trkpt lat="22.2744068169" lon="114.2175590777"><ele>222.000</ele></trkpt>
      <trkpt lat="22.2744027340" lon="114.2175488711"><ele>222.000</ele></trkpt>
      <trkpt lat="22.2743986276" lon="114.2175386780"><ele>222.000</ele></trkpt>
      <trkpt lat="22.2743958749" lon="114.2175318891"><ele>222.000</ele></trkpt>
      <trkpt lat="22.2743892613" lon="114.2175157144"><ele>220.000</ele></trkpt>
      <trkpt lat="22.2743863734" lon="114.2175080192"><ele>220.000</ele></trkpt>
      <trkpt lat="22.2743821370" lon="114.2174980803"><ele>220.000</ele></trkpt>
      <trkpt lat="22.2743807778" lon="114.2174946781"><ele>220.000</ele></trkpt>
      <trkpt lat="22.2743794818" lon="114.2174912478"><ele>220.000</ele></trkpt>
      <trkpt lat="22.2743782509" lon="114.2174877884"><ele>220.000</ele></trkpt>
      <trkpt lat="22.2743770814" lon="114.2174843047"><ele>220.000</ele></trkpt>
      <trkpt lat="22.2743759788" lon="114.2174807978"><ele>220.000</ele></trkpt>
      <trkpt lat="22.2743749393" lon="114.2174772656"><ele>220.000</ele></trkpt>
      <trkpt lat="22.2743739649" lon="114.2174737141"><ele>218.000</ele></trkpt>
      <trkpt lat="22.2743730573" lon="114.2174701412"><ele>218.000</ele></trkpt>
      <trkpt lat="22.2743722147" lon="114.2174665509"><ele>218.000</ele></trkpt>
      <trkpt lat="22.2743714390" lon="114.2174629432"><ele>218.000</ele></trkpt>
      <trkpt lat="22.2743707310" lon="114.2174593180"><ele>218.000</ele></trkpt>
      <trkpt lat="22.2743700880" lon="114.2174556792"><ele>218.000</ele></trkpt>
      <trkpt lat="22.2743695110" lon="114.2174520289"><ele>218.000</ele></trkpt>
      <trkpt lat="22.2743690044" lon="114.2174483649"><ele>218.000</ele></trkpt>
      <trkpt lat="22.2743685628" lon="114.2174446913"><ele>218.000</ele></trkpt>
      <trkpt lat="22.2743681917" lon="114.2174410099"><ele>218.000</ele></trkpt>
      <trkpt lat="22.2743678855" lon="114.2174373208"><ele>218.000</ele></trkpt>
      <trkpt lat="22.2743676508" lon="114.2174336259"><ele>218.000</ele></trkpt>
      <trkpt lat="22.2743674810" lon="114.2174299281"><ele>218.000</ele></trkpt>
      <trkpt lat="22.2743673808" lon="114.2174262245"><ele>219.000</ele></trkpt>
      <trkpt lat="22.2743673474" lon="114.2174225219"><ele>219.000</ele></trkpt>
      <trkpt lat="22.2743673845" lon="114.2174188173"><ele>219.000</ele></trkpt>
      <trkpt lat="22.2743674883" lon="114.2174151167"><ele>219.000</ele></trkpt>
      <trkpt lat="22.2743676608" lon="114.2174114180"><ele>219.000</ele></trkpt>
      <trkpt lat="22.2743679002" lon="114.2174077232"><ele>219.000</ele></trkpt>
      <trkpt lat="22.2743682081" lon="114.2174040343"><ele>219.000</ele></trkpt>
      <trkpt lat="22.2743685856" lon="114.2174003531"><ele>219.000</ele></trkpt>
      <trkpt lat="22.2743690309" lon="114.2173966797"><ele>219.000</ele></trkpt>
      <trkpt lat="22.2743696632" lon="114.2173922089"><ele>219.000</ele></trkpt>
      <trkpt lat="22.2743703252" lon="114.2173885744"><ele>219.000</ele></trkpt>
      <trkpt lat="22.2743709645" lon="114.2173849350"><ele>219.000</ele></trkpt>
      <trkpt lat="22.2743715768" lon="114.2173812898"><ele>219.000</ele></trkpt>
      <trkpt lat="22.2743721674" lon="114.2173776417"><ele>220.000</ele></trkpt>
      <trkpt lat="22.2743727310" lon="114.2173739878"><ele>220.000</ele></trkpt>
      <trkpt lat="22.2743732719" lon="114.2173703299"><ele>220.000</ele></trkpt>
      <trkpt lat="22.2743737885" lon="114.2173666682"><ele>220.000</ele></trkpt>
      <trkpt lat="22.2743742797" lon="114.2173630026"><ele>220.000</ele></trkpt>
      <trkpt lat="22.2743747448" lon="114.2173593332"><ele>220.000</ele></trkpt>
      <trkpt lat="22.2743751883" lon="114.2173556598"><ele>220.000</ele></trkpt>
      <trkpt lat="22.2743756055" lon="114.2173519845"><ele>220.000</ele></trkpt>
      <trkpt lat="22.2743759974" lon="114.2173483052"><ele>220.000</ele></trkpt>
      <trkpt lat="22.2743763668" lon="114.2173446221"><ele>220.000</ele></trkpt>
      <trkpt lat="22.2743767091" lon="114.2173409371"><ele>220.000</ele></trkpt>
      <trkpt lat="22.2743772480" lon="114.2173345295"><ele>220.000</ele></trkpt>
      <trkpt lat="22.2743768658" lon="114.2173281041"><ele>222.000</ele></trkpt>
      <trkpt lat="22.2743794604" lon="114.2173060590"><ele>222.000</ele></trkpt>
      <trkpt lat="22.2743824929" lon="114.2172805210"><ele>224.000</ele></trkpt>
      <trkpt lat="22.2743831386" lon="114.2172768826"><ele>224.000</ele></trkpt>
      <trkpt lat="22.2743838078" lon="114.2172732501"><ele>224.000</ele></trkpt>
      <trkpt lat="22.2743845040" lon="114.2172696233"><ele>224.000</ele></trkpt>
      <trkpt lat="22.2743852238" lon="114.2172660024"><ele>224.000</ele></trkpt>
      <trkpt lat="22.2743859670" lon="114.2172623854"><ele>224.000</ele></trkpt>
      <trkpt lat="22.2743867373" lon="114.2172587762"><ele>224.000</ele></trkpt>
      <trkpt lat="22.2743875293" lon="114.2172551728"><ele>224.000</ele></trkpt>
      <trkpt lat="22.2743883484" lon="114.2172515752"><ele>224.000</ele></trkpt>
      <trkpt lat="22.2743891909" lon="114.2172479834"><ele>224.000</ele></trkpt>
      <trkpt lat="22.2743900569" lon="114.2172443994"><ele>224.000</ele></trkpt>
      <trkpt lat="22.2743909483" lon="114.2172408213"><ele>224.000</ele></trkpt>
      <trkpt lat="22.2743918630" lon="114.2172372528"><ele>224.000</ele></trkpt>
      <trkpt lat="22.2743936528" lon="114.2172305487"><ele>224.000</ele></trkpt>
      <trkpt lat="22.2743974814" lon="114.2172175149"><ele>224.000</ele></trkpt>
      <trkpt lat="22.2743989479" lon="114.2172141640"><ele>224.000</ele></trkpt>
      <trkpt lat="22.2744002681" lon="114.2172107451"><ele>224.000</ele></trkpt>
      <trkpt lat="22.2744014466" lon="114.2172072660"><ele>224.000</ele></trkpt>
      <trkpt lat="22.2744024788" lon="114.2172037325"><ele>224.000</ele></trkpt>
      <trkpt lat="22.2744033620" lon="114.2172001524"><ele>224.000</ele></trkpt>
      <trkpt lat="22.2744040934" lon="114.2171965354"><ele>224.000</ele></trkpt>
      <trkpt lat="22.2744046723" lon="114.2171928834"><ele>224.000</ele></trkpt>
      <trkpt lat="22.2744050995" lon="114.2171892100"><ele>224.000</ele></trkpt>
      <trkpt lat="22.2744053713" lon="114.2171855172"><ele>224.000</ele></trkpt>
      <trkpt lat="22.2744054878" lon="114.2171818165"><ele>224.000</ele></trkpt>
      <trkpt lat="22.2744054490" lon="114.2171781139"><ele>224.000</ele></trkpt>
      <trkpt lat="22.2744052567" lon="114.2171744151"><ele>224.000</ele></trkpt>
      <trkpt lat="22.2744045106" lon="114.2171677306"><ele>224.000</ele></trkpt>
      <trkpt lat="22.2744038649" lon="114.2171640928"><ele>224.000</ele></trkpt>
      <trkpt lat="22.2744034667" lon="114.2171604153"><ele>224.000</ele></trkpt>
      <trkpt lat="22.2744033177" lon="114.2171567146"><ele>224.000</ele></trkpt>
      <trkpt lat="22.2744034197" lon="114.2171530150"><ele>224.000</ele></trkpt>
      <trkpt lat="22.2744037710" lon="114.2171493309"><ele>224.000</ele></trkpt>
      <trkpt lat="22.2744043716" lon="114.2171456847"><ele>224.000</ele></trkpt>
      <trkpt lat="22.2744052168" lon="114.2171420949"><ele>224.000</ele></trkpt>
      <trkpt lat="22.2744063023" lon="114.2171385808"><ele>224.000</ele></trkpt>
      <trkpt lat="22.2744076216" lon="114.2171351619"><ele>222.000</ele></trkpt>
      <trkpt lat="22.2744107170" lon="114.2171290471"><ele>225.000</ele></trkpt>
      <trkpt lat="22.2744122639" lon="114.2171257398"><ele>225.000</ele></trkpt>
      <trkpt lat="22.2744135814" lon="114.2171223190"><ele>225.000</ele></trkpt>
      <trkpt lat="22.2744146623" lon="114.2171188030"><ele>225.000</ele></trkpt>
      <trkpt lat="22.2744155004" lon="114.2171152132"><ele>225.000</ele></trkpt>
      <trkpt lat="22.2744160928" lon="114.2171115651"><ele>225.000</ele></trkpt>
      <trkpt lat="22.2744164351" lon="114.2171078800"><ele>225.000</ele></trkpt>
      <trkpt lat="22.2744165245" lon="114.2171041794"><ele>225.000</ele></trkpt>
      <trkpt lat="22.2744163430" lon="114.2171002322"><ele>225.000</ele></trkpt>
      <trkpt lat="22.2744155159" lon="114.2170928131"><ele>225.000</ele></trkpt>
      <trkpt lat="22.2744150020" lon="114.2170891511"><ele>225.000</ele></trkpt>
      <trkpt lat="22.2744145875" lon="114.2170854736"><ele>225.000</ele></trkpt>
      <trkpt lat="22.2744142724" lon="114.2170817865"><ele>225.000</ele></trkpt>
      <trkpt lat="22.2744140583" lon="114.2170780896"><ele>225.000</ele></trkpt>
      <trkpt lat="22.2744139446" lon="114.2170743889"><ele>225.000</ele></trkpt>
      <trkpt lat="22.2744139319" lon="114.2170706843"><ele>225.000</ele></trkpt>
      <trkpt lat="22.2744140196" lon="114.2170669818"><ele>225.000</ele></trkpt>
      <trkpt lat="22.2744142065" lon="114.2170632850"><ele>225.000</ele></trkpt>
      <trkpt lat="22.2744144964" lon="114.2170595941"><ele>225.000</ele></trkpt>
      <trkpt lat="22.2744148856" lon="114.2170559149"><ele>225.000</ele></trkpt>
      <trkpt lat="22.2744153742" lon="114.2170522474"><ele>225.000</ele></trkpt>
      <trkpt lat="22.2744159621" lon="114.2170486002"><ele>225.000</ele></trkpt>
      <trkpt lat="22.2744166493" lon="114.2170449706"><ele>225.000</ele></trkpt>
      <trkpt lat="22.2744175245" lon="114.2170409810"><ele>225.000</ele></trkpt>
      <trkpt lat="22.2744210086" lon="114.2170185587"><ele>224.000</ele></trkpt>
      <trkpt lat="22.2744267010" lon="114.2169843131"><ele>223.000</ele></trkpt>
      <trkpt lat="22.2744296434" lon="114.2169687971"><ele>223.000</ele></trkpt>
      <trkpt lat="22.2744300705" lon="114.2169651218"><ele>223.000</ele></trkpt>
      <trkpt lat="22.2744303957" lon="114.2169614348"><ele>223.000</ele></trkpt>
      <trkpt lat="22.2744306187" lon="114.2169577381"><ele>223.000</ele></trkpt>
      <trkpt lat="22.2744307379" lon="114.2169540375"><ele>223.000</ele></trkpt>
      <trkpt lat="22.2744307551" lon="114.2169503349"><ele>223.000</ele></trkpt>
      <trkpt lat="22.2744306675" lon="114.2169466332"><ele>223.000</ele></trkpt>
      <trkpt lat="22.2744302267" lon="114.2169396654"><ele>223.000</ele></trkpt>
      <trkpt lat="22.2744294953" lon="114.2169360470"><ele>223.000</ele></trkpt>
      <trkpt lat="22.2744289643" lon="114.2169323879"><ele>223.000</ele></trkpt>
      <trkpt lat="22.2744286383" lon="114.2169287008"><ele>223.000</ele></trkpt>
      <trkpt lat="22.2744285200" lon="114.2169250000"><ele>223.000</ele></trkpt>
      <trkpt lat="22.2744286076" lon="114.2169212975"><ele>223.000</ele></trkpt>
      <trkpt lat="22.2744289029" lon="114.2169176085"><ele>223.000</ele></trkpt>
      <trkpt lat="22.2744294023" lon="114.2169139449"><ele>223.000</ele></trkpt>
      <trkpt lat="22.2744301058" lon="114.2169103201"><ele>223.000</ele></trkpt>
      <trkpt lat="22.2744310097" lon="114.2169067477"><ele>223.000</ele></trkpt>
      <trkpt lat="22.2744321132" lon="114.2169032395"><ele>223.000</ele></trkpt>
      <trkpt lat="22.2744344111" lon="114.2168974961"><ele>223.000</ele></trkpt>
      <trkpt lat="22.2744360739" lon="114.2168928275"><ele>223.000</ele></trkpt>
      <trkpt lat="22.2744375413" lon="114.2168894785"><ele>223.000</ele></trkpt>
      <trkpt lat="22.2744388155" lon="114.2168860382"><ele>223.000</ele></trkpt>
      <trkpt lat="22.2744398892" lon="114.2168825203"><ele>223.000</ele></trkpt>
      <trkpt lat="22.2744407579" lon="114.2168789363"><ele>223.000</ele></trkpt>
      <trkpt lat="22.2744414190" lon="114.2168753037"><ele>223.000</ele></trkpt>
      <trkpt lat="22.2744418696" lon="114.2168716323"><ele>223.000</ele></trkpt>
      <trkpt lat="22.2744421089" lon="114.2168679375"><ele>223.000</ele></trkpt>
      <trkpt lat="22.2744419680" lon="114.2168608059"><ele>223.000</ele></trkpt>
      <trkpt lat="22.2744423319" lon="114.2168496991"><ele>223.000</ele></trkpt>
      <trkpt lat="22.2744417426" lon="114.2168227725"><ele>222.000</ele></trkpt>
      <trkpt lat="22.2744427533" lon="114.2167963636"><ele>221.000</ele></trkpt>
      <trkpt lat="22.2744428192" lon="114.2167926610"><ele>221.000</ele></trkpt>
      <trkpt lat="22.2744429664" lon="114.2167889603"><ele>221.000</ele></trkpt>
      <trkpt lat="22.2744431958" lon="114.2167852655"><ele>221.000</ele></trkpt>
      <trkpt lat="22.2744435010" lon="114.2167815766"><ele>221.000</ele></trkpt>
      <trkpt lat="22.2744438902" lon="114.2167778954"><ele>221.000</ele></trkpt>
      <trkpt lat="22.2744443571" lon="114.2167742260"><ele>221.000</ele></trkpt>
      <trkpt lat="22.2744449035" lon="114.2167705701"><ele>221.000</ele></trkpt>
      <trkpt lat="22.2744455311" lon="114.2167669278"><ele>221.000</ele></trkpt>
      <trkpt lat="22.2744462364" lon="114.2167633030"><ele>221.000</ele></trkpt>
      <trkpt lat="22.2744470193" lon="114.2167596976"><ele>221.000</ele></trkpt>
      <trkpt lat="22.2744478817" lon="114.2167561117"><ele>221.000</ele></trkpt>
      <trkpt lat="22.2744488218" lon="114.2167525491"><ele>221.000</ele></trkpt>
      <trkpt lat="22.2744498377" lon="114.2167490117"><ele>221.000</ele></trkpt>
      <trkpt lat="22.2744509313" lon="114.2167454996"><ele>222.000</ele></trkpt>
      <trkpt lat="22.2744521007" lon="114.2167420166"><ele>222.000</ele></trkpt>
      <trkpt lat="22.2744540309" lon="114.2167367601"><ele>222.000</ele></trkpt>
      <trkpt lat="22.2744577953" lon="114.2167277317"><ele>224.000</ele></trkpt>
      <trkpt lat="22.2744591291" lon="114.2167243186"><ele>224.000</ele></trkpt>
      <trkpt lat="22.2744603924" lon="114.2167208754"><ele>224.000</ele></trkpt>
      <trkpt lat="22.2744615853" lon="114.2167173992"><ele>224.000</ele></trkpt>
      <trkpt lat="22.2744627060" lon="114.2167138997"><ele>224.000</ele></trkpt>
      <trkpt lat="22.2744637580" lon="114.2167103740"><ele>224.000</ele></trkpt>
      <trkpt lat="22.2744647360" lon="114.2167068221"><ele>224.000</ele></trkpt>
      <trkpt lat="22.2744656417" lon="114.2167032478"><ele>224.000</ele></trkpt>
      <trkpt lat="22.2744664752" lon="114.2166996560"><ele>224.000</ele></trkpt>
      <trkpt lat="22.2744672347" lon="114.2166960429"><ele>224.000</ele></trkpt>
      <trkpt lat="22.2744679219" lon="114.2166924142"><ele>224.000</ele></trkpt>
      <trkpt lat="22.2744685360" lon="114.2166887700"><ele>224.000</ele></trkpt>
      <trkpt lat="22.2744690724" lon="114.2166851122"><ele>224.000</ele></trkpt>
      <trkpt lat="22.2744696226" lon="114.2166806781"><ele>224.000</ele></trkpt>
      <trkpt lat="22.2744709114" lon="114.2166690894"><ele>224.000</ele></trkpt>
      <trkpt lat="22.2744712518" lon="114.2166654043"><ele>224.000</ele></trkpt>
      <trkpt lat="22.2744716736" lon="114.2166617271"><ele>224.000</ele></trkpt>
      <trkpt lat="22.2744721748" lon="114.2166580634"><ele>224.000</ele></trkpt>
      <trkpt lat="22.2744727572" lon="114.2166544133"><ele>224.000</ele></trkpt>
      <trkpt lat="22.2744734201" lon="114.2166507788"><ele>224.000</ele></trkpt>
      <trkpt lat="22.2744741606" lon="114.2166471618"><ele>224.000</ele></trkpt>
      <trkpt lat="22.2744749796" lon="114.2166435662"><ele>224.000</ele></trkpt>
      <trkpt lat="22.2744758781" lon="114.2166399899"><ele>224.000</ele></trkpt>
      <trkpt lat="22.2744768552" lon="114.2166364390"><ele>224.000</ele></trkpt>
      <trkpt lat="22.2744779082" lon="114.2166329133"><ele>224.000</ele></trkpt>
      <trkpt lat="22.2744790378" lon="114.2166294147"><ele>224.000</ele></trkpt>
      <trkpt lat="22.2744802452" lon="114.2166259482"><ele>224.000</ele></trkpt>
      <trkpt lat="22.2744815266" lon="114.2166225109"><ele>224.000</ele></trkpt>
      <trkpt lat="22.2744828838" lon="114.2166191075"><ele>224.000</ele></trkpt>
      <trkpt lat="22.2744848807" lon="114.2166144643"><ele>224.000</ele></trkpt>
      <trkpt lat="22.2744862271" lon="114.2166110551"><ele>224.000</ele></trkpt>
      <trkpt lat="22.2744876295" lon="114.2166076730"><ele>224.000</ele></trkpt>
      <trkpt lat="22.2744890915" lon="114.2166043201"><ele>224.000</ele></trkpt>
      <trkpt lat="22.2744906094" lon="114.2166009964"><ele>222.000</ele></trkpt>
      <trkpt lat="22.2744921834" lon="114.2165977037"><ele>222.000</ele></trkpt>
      <trkpt lat="22.2744938133" lon="114.2165944420"><ele>222.000</ele></trkpt>
      <trkpt lat="22.2744954992" lon="114.2165912143"><ele>222.000</ele></trkpt>
      <trkpt lat="22.2744972411" lon="114.2165880197"><ele>222.000</ele></trkpt>
      <trkpt lat="22.2744990354" lon="114.2165848609"><ele>222.000</ele></trkpt>
      <trkpt lat="22.2745008838" lon="114.2165817371"><ele>221.000</ele></trkpt>
      <trkpt lat="22.2745027846" lon="114.2165786502"><ele>221.000</ele></trkpt>
      <trkpt lat="22.2745047396" lon="114.2165756021"><ele>221.000</ele></trkpt>
      <trkpt lat="22.2745067451" lon="114.2165725929"><ele>221.000</ele></trkpt>
      <trkpt lat="22.2745088012" lon="114.2165696253"><ele>221.000</ele></trkpt>
      <trkpt lat="22.2745109079" lon="114.2165666966"><ele>221.000</ele></trkpt>
      <trkpt lat="22.2745130651" lon="114.2165638097"><ele>221.000</ele></trkpt>
      <trkpt lat="22.2745152711" lon="114.2165609683"><ele>221.000</ele></trkpt>
      <trkpt lat="22.2745175240" lon="114.2165581697"><ele>221.000</ele></trkpt>
      <trkpt lat="22.2745251300" lon="114.2165490977"><ele>219.000</ele></trkpt>
      <trkpt lat="22.2745332689" lon="114.2165400763"><ele>219.000</ele></trkpt>
      <trkpt lat="22.2745393009" lon="114.2165344814"><ele>219.000</ele></trkpt>
      <trkpt lat="22.2745504087" lon="114.2165264923"><ele>217.000</ele></trkpt>
      <trkpt lat="22.2745601219" lon="114.2165199611"><ele>217.000</ele></trkpt>
      <trkpt lat="22.2745742245" lon="114.2165110239"><ele>217.000</ele></trkpt>
      <trkpt lat="22.2745772845" lon="114.2165093326"><ele>217.000</ele></trkpt>
      <trkpt lat="22.2745803788" lon="114.2165077131"><ele>217.000</ele></trkpt>
      <trkpt lat="22.2745835038" lon="114.2165061654"><ele>217.000</ele></trkpt>
      <trkpt lat="22.2745866594" lon="114.2165046895"><ele>216.000</ele></trkpt>
      <trkpt lat="22.2745898440" lon="114.2165032874"><ele>214.000</ele></trkpt>
      <trkpt lat="22.2745930556" lon="114.2165019609"><ele>214.000</ele></trkpt>
      <trkpt lat="22.2745962925" lon="114.2165007063"><ele>214.000</ele></trkpt>
      <trkpt lat="22.2746023598" lon="114.2164985811"><ele>214.000</ele></trkpt>
      <trkpt lat="22.2746057140" lon="114.2164977690"><ele>214.000</ele></trkpt>
      <trkpt lat="22.2746076773" lon="114.2164975444"><ele>214.000</ele></trkpt>
      <trkpt lat="22.2746146400" lon="114.2164972766"><ele>214.000</ele></trkpt>
      <trkpt lat="22.2746316015" lon="114.2165004504"><ele>214.000</ele></trkpt>
      <trkpt lat="22.2746433990" lon="114.2165083781"><ele>212.000</ele></trkpt>
      <trkpt lat="22.2746610927" lon="114.2165305687"><ele>212.000</ele></trkpt>
      <trkpt lat="22.2746736215" lon="114.2165614739"><ele>214.000</ele></trkpt>
      <trkpt lat="22.2746861479" lon="114.2166058497"><ele>213.000</ele></trkpt>
      <trkpt lat="22.2746986741" lon="114.2166470565"><ele>213.000</ele></trkpt>
      <trkpt lat="22.2747097254" lon="114.2166930164"><ele>214.000</ele></trkpt>
      <trkpt lat="22.2747200393" lon="114.2167334289"><ele>216.000</ele></trkpt>
      <trkpt lat="22.2747303560" lon="114.2167659190"><ele>214.000</ele></trkpt>
      <trkpt lat="22.2747355149" lon="114.2167817672"><ele>214.000</ele></trkpt>
      <trkpt lat="22.2747509981" lon="114.2167960349"><ele>214.000</ele></trkpt>
      <trkpt lat="22.2747819655" lon="114.2168198138"><ele>216.000</ele></trkpt>
      <trkpt lat="22.2748217829" lon="114.2168404273"><ele>213.000</ele></trkpt>
      <trkpt lat="22.2748697149" lon="114.2168547032"><ele>214.000</ele></trkpt>
      <trkpt lat="22.2749146956" lon="114.2168729400"><ele>212.000</ele></trkpt>
      <trkpt lat="22.2749582002" lon="114.2168935535"><ele>211.000</ele></trkpt>
      <trkpt lat="22.2750083404" lon="114.2169252623"><ele>211.000</ele></trkpt>
      <trkpt lat="22.2750422580" lon="114.2169498359"><ele>212.000</ele></trkpt>
      <trkpt lat="22.2750783855" lon="114.2169807480"><ele>212.000</ele></trkpt>
      <trkpt lat="22.2751005028" lon="114.2170084872"><ele>212.000</ele></trkpt>
      <trkpt lat="22.2751145054" lon="114.2170465237"><ele>214.000</ele></trkpt>
      <trkpt lat="22.2751203978" lon="114.2170758437"><ele>214.000</ele></trkpt>
      <trkpt lat="22.2751218657" lon="114.2171035760"><ele>214.000</ele></trkpt>
      <trkpt lat="22.2751189063" lon="114.2171400241"><ele>216.000</ele></trkpt>
      <trkpt lat="22.2751129981" lon="114.2171740942"><ele>216.000</ele></trkpt>
      <trkpt lat="22.2751063530" lon="114.2172081640"><ele>216.000</ele></trkpt>
      <trkpt lat="22.2751041344" lon="114.2172327263"><ele>216.000</ele></trkpt>
      <trkpt lat="22.2751056034" lon="114.2172557051"><ele>216.000</ele></trkpt>
      <trkpt lat="22.2751092857" lon="114.2172755157"><ele>216.000</ele></trkpt>
      <trkpt lat="22.2751151813" lon="114.2172921569"><ele>218.000</ele></trkpt>
      <trkpt lat="22.2751247654" lon="114.2173032520"><ele>218.000</ele></trkpt>
      <trkpt lat="22.2751439376" lon="114.2173135581"><ele>216.000</ele></trkpt>
      <trkpt lat="22.2751704843" lon="114.2173199047"><ele>216.000</ele></trkpt>
      <trkpt lat="22.2752014568" lon="114.2173230835"><ele>215.000</ele></trkpt>
      <trkpt lat="22.2752272684" lon="114.2173222982"><ele>216.000</ele></trkpt>
      <trkpt lat="22.2752508679" lon="114.2173199278"><ele>216.000</ele></trkpt>
      <trkpt lat="22.2752862676" lon="114.2173143918"><ele>216.000</ele></trkpt>
      <trkpt lat="22.2753238801" lon="114.2173072710"><ele>215.000</ele></trkpt>
      <trkpt lat="22.2753408427" lon="114.2173025224"><ele>215.000</ele></trkpt>
      <trkpt lat="22.2753651836" lon="114.2172819272"><ele>212.000</ele></trkpt>
      <trkpt lat="22.2753939502" lon="114.2172621269"><ele>212.000</ele></trkpt>
      <trkpt lat="22.2754219781" lon="114.2172423255"><ele>214.000</ele></trkpt>
      <trkpt lat="22.2754536943" lon="114.2172217333"><ele>213.000</ele></trkpt>
      <trkpt lat="22.2754750837" lon="114.2172098544"><ele>213.000</ele></trkpt>
      <trkpt lat="22.2754905711" lon="114.2172066889"><ele>213.000</ele></trkpt>
      <trkpt lat="22.2755038461" lon="114.2172066927"><ele>213.000</ele></trkpt>
      <trkpt lat="22.2755230192" lon="114.2172098681"><ele>213.000</ele></trkpt>
      <trkpt lat="22.2755525166" lon="114.2172146310"><ele>213.000</ele></trkpt>
      <trkpt lat="22.2755761143" lon="114.2172193913"><ele>213.000</ele></trkpt>
      <trkpt lat="22.2755967635" lon="114.2172170200"><ele>213.000</ele></trkpt>
      <trkpt lat="22.2756129887" lon="114.2172138557"><ele>213.000</ele></trkpt>
      <trkpt lat="22.2756306865" lon="114.2172194069"><ele>214.000</ele></trkpt>
      <trkpt lat="22.2756671904" lon="114.2172292979"><ele>214.000</ele></trkpt>
      <trkpt lat="22.2756673936" lon="114.2172293174"><ele>214.000</ele></trkpt>
      <trkpt lat="22.2756693884" lon="114.2172295082"><ele>214.000</ele></trkpt>
      <trkpt lat="22.2756762461" lon="114.2172301156"><ele>214.000</ele></trkpt>
      <trkpt lat="22.2756796768" lon="114.2172304009"><ele>214.000</ele></trkpt>
      <trkpt lat="22.2756855421" lon="114.2172308499"><ele>214.000</ele></trkpt>
      <trkpt lat="22.2756947246" lon="114.2172302393"><ele>214.000</ele></trkpt>
      <trkpt lat="22.2757020554" lon="114.2172310855"><ele>214.000</ele></trkpt>
      <trkpt lat="22.2757054925" lon="114.2172312204"><ele>214.000</ele></trkpt>
      <trkpt lat="22.2757089258" lon="114.2172314620"><ele>214.000</ele></trkpt>
      <trkpt lat="22.2757123520" lon="114.2172318084"><ele>214.000</ele></trkpt>
      <trkpt lat="22.2757157664" lon="114.2172322626"><ele>214.000</ele></trkpt>
      <trkpt lat="22.2757191663" lon="114.2172328215"><ele>213.000</ele></trkpt>
      <trkpt lat="22.2757225526" lon="114.2172334842"><ele>213.000</ele></trkpt>
      <trkpt lat="22.2757259181" lon="114.2172342517"><ele>218.000</ele></trkpt>
      <trkpt lat="22.2757292619" lon="114.2172351240"><ele>218.000</ele></trkpt>
      <trkpt lat="22.2757325814" lon="114.2172360971"><ele>218.000</ele></trkpt>
      <trkpt lat="22.2757358746" lon="114.2172371732"><ele>218.000</ele></trkpt>
      <trkpt lat="22.2757391352" lon="114.2172383520"><ele>218.000</ele></trkpt>
      <trkpt lat="22.2757423643" lon="114.2172396299"><ele>218.000</ele></trkpt>
      <trkpt lat="22.2757455572" lon="114.2172410067"><ele>218.000</ele></trkpt>
      <trkpt lat="22.2757487148" lon="114.2172424805"><ele>218.000</ele></trkpt>
      <trkpt lat="22.2757518291" lon="114.2172440533"><ele>218.000</ele></trkpt>
      <trkpt lat="22.2757549009" lon="114.2172457211"><ele>218.000</ele></trkpt>
      <trkpt lat="22.2757579275" lon="114.2172474821"><ele>218.000</ele></trkpt>
      <trkpt lat="22.2757637441" lon="114.2172512233"><ele>215.000</ele></trkpt>
      <trkpt lat="22.2757687444" lon="114.2172549972"><ele>215.000</ele></trkpt>
      <trkpt lat="22.2757716969" lon="114.2172568999"><ele>215.000</ele></trkpt>
      <trkpt lat="22.2757746675" lon="114.2172587666"><ele>215.000</ele></trkpt>
      <trkpt lat="22.2757776580" lon="114.2172605965"><ele>215.000</ele></trkpt>
      <trkpt lat="22.2757806693" lon="114.2172623924"><ele>215.000</ele></trkpt>
      <trkpt lat="22.2757836950" lon="114.2172641514"><ele>215.000</ele></trkpt>
      <trkpt lat="22.2757867415" lon="114.2172658755"><ele>215.000</ele></trkpt>
      <trkpt lat="22.2757898043" lon="114.2172675618"><ele>215.000</ele></trkpt>
      <trkpt lat="22.2757928852" lon="114.2172692112"><ele>215.000</ele></trkpt>
      <trkpt lat="22.2757959823" lon="114.2172708248"><ele>215.000</ele></trkpt>
      <trkpt lat="22.2757990956" lon="114.2172724024"><ele>215.000</ele></trkpt>
      <trkpt lat="22.2758022253" lon="114.2172739393"><ele>215.000</ele></trkpt>
      <trkpt lat="22.2758053703" lon="114.2172754422"><ele>215.000</ele></trkpt>
      <trkpt lat="22.2758085297" lon="114.2172769063"><ele>215.000</ele></trkpt>
      <trkpt lat="22.2758117064" lon="114.2172783316"><ele>210.000</ele></trkpt>
      <trkpt lat="22.2758148956" lon="114.2172797201"><ele>210.000</ele></trkpt>
      <trkpt lat="22.2758180994" lon="114.2172810716"><ele>210.000</ele></trkpt>
      <trkpt lat="22.2758225356" lon="114.2172831726"><ele>213.000</ele></trkpt>
      <trkpt lat="22.2758229455" lon="114.2172871296"><ele>213.000</ele></trkpt>
      <trkpt lat="22.2758236041" lon="114.2172896079"><ele>213.000</ele></trkpt>
      <trkpt lat="22.2758276592" lon="114.2172955949"><ele>213.000</ele></trkpt>
      <trkpt lat="22.2758313698" lon="114.2172996692"><ele>213.000</ele></trkpt>
      <trkpt lat="22.2758336394" lon="114.2173024517"><ele>213.000</ele></trkpt>
      <trkpt lat="22.2758357970" lon="114.2173053361"><ele>213.000</ele></trkpt>
      <trkpt lat="22.2758378372" lon="114.2173083193"><ele>213.000</ele></trkpt>
      <trkpt lat="22.2758397563" lon="114.2173113938"><ele>213.000</ele></trkpt>
      <trkpt lat="22.2758415508" lon="114.2173145536"><ele>213.000</ele></trkpt>
      <trkpt lat="22.2758432171" lon="114.2173177929"><ele>213.000</ele></trkpt>
      <trkpt lat="22.2758472703" lon="114.2173240234"><ele>213.000</ele></trkpt>
      <trkpt lat="22.2758533566" lon="114.2173327539"><ele>214.000</ele></trkpt>
      <trkpt lat="22.2758578427" lon="114.2173412142"><ele>210.000</ele></trkpt>
      <trkpt lat="22.2758607332" lon="114.2173455465"><ele>210.000</ele></trkpt>
      <trkpt lat="22.2758627029" lon="114.2173485821"><ele>210.000</ele></trkpt>
      <trkpt lat="22.2758646420" lon="114.2173516430"><ele>210.000</ele></trkpt>
      <trkpt lat="22.2758665485" lon="114.2173547252"><ele>210.000</ele></trkpt>
      <trkpt lat="22.2758684270" lon="114.2173578288"><ele>210.000</ele></trkpt>
      <trkpt lat="22.2758702693" lon="114.2173609556"><ele>210.000</ele></trkpt>
      <trkpt lat="22.2758720819" lon="114.2173641037"><ele>210.000</ele></trkpt>
      <trkpt lat="22.2758738620" lon="114.2173672732"><ele>210.000</ele></trkpt>
      <trkpt lat="22.2758756095" lon="114.2173704641"><ele>210.000</ele></trkpt>
      <trkpt lat="22.2758773245" lon="114.2173736743"><ele>210.000</ele></trkpt>
      <trkpt lat="22.2758790070" lon="114.2173769059"><ele>210.000</ele></trkpt>
      <trkpt lat="22.2758806570" lon="114.2173801569"><ele>211.000</ele></trkpt>
      <trkpt lat="22.2758822736" lon="114.2173834253"><ele>211.000</ele></trkpt>
      <trkpt lat="22.2758838558" lon="114.2173867150"><ele>211.000</ele></trkpt>
      <trkpt lat="22.2758854047" lon="114.2173900223"><ele>211.000</ele></trkpt>
      <trkpt lat="22.2758869210" lon="114.2173933469"><ele>211.000</ele></trkpt>
      <trkpt lat="22.2758884030" lon="114.2173966891"><ele>211.000</ele></trkpt>
      <trkpt lat="22.2758898488" lon="114.2174000506"><ele>211.000</ele></trkpt>
      <trkpt lat="22.2758912622" lon="114.2174034276"><ele>211.000</ele></trkpt>
      <trkpt lat="22.2758938999" lon="114.2174077423"><ele>211.000</ele></trkpt>
      <trkpt lat="22.2758955589" lon="114.2174109855"><ele>211.000</ele></trkpt>
      <trkpt lat="22.2758970156" lon="114.2174143412"><ele>211.000</ele></trkpt>
      <trkpt lat="22.2758982664" lon="114.2174177900"><ele>211.000</ele></trkpt>
      <trkpt lat="22.2758993022" lon="114.2174213222"><ele>208.000</ele></trkpt>
      <trkpt lat="22.2759002150" lon="114.2174256228"><ele>208.000</ele></trkpt>
      <trkpt lat="22.2759007758" lon="114.2174292752"><ele>208.000</ele></trkpt>
      <trkpt lat="22.2759011488" lon="114.2174329566"><ele>208.000</ele></trkpt>
      <trkpt lat="22.2759013321" lon="114.2174366554"><ele>208.000</ele></trkpt>
      <trkpt lat="22.2759013248" lon="114.2174403581"><ele>208.000</ele></trkpt>
      <trkpt lat="22.2759011261" lon="114.2174440548"><ele>208.000</ele></trkpt>
      <trkpt lat="22.2759007369" lon="114.2174477370"><ele>208.000</ele></trkpt>
      <trkpt lat="22.2759001616" lon="114.2174513861"><ele>208.000</ele></trkpt>
      <trkpt lat="22.2758993967" lon="114.2174549973"><ele>208.000</ele></trkpt>
      <trkpt lat="22.2758984494" lon="114.2174585561"><ele>212.000</ele></trkpt>
      <trkpt lat="22.2758973197" lon="114.2174620547"><ele>212.000</ele></trkpt>
      <trkpt lat="22.2758960112" lon="114.2174654794"><ele>212.000</ele></trkpt>
      <trkpt lat="22.2758924842" lon="114.2174715641"><ele>212.000</ele></trkpt>
      <trkpt lat="22.2758887927" lon="114.2174778166"><ele>212.000</ele></trkpt>
      <trkpt lat="22.2758850506" lon="114.2174840303"><ele>212.000</ele></trkpt>
      <trkpt lat="22.2758812598" lon="114.2174902119"><ele>212.000</ele></trkpt>
      <trkpt lat="22.2758788460" lon="114.2174936752"><ele>212.000</ele></trkpt>
      <trkpt lat="22.2758765334" lon="114.2174964146"><ele>212.000</ele></trkpt>
      <trkpt lat="22.2758740096" lon="114.2174989289"><ele>212.000</ele></trkpt>
      <trkpt lat="22.2758712927" lon="114.2175012005"><ele>212.000</ele></trkpt>
      <trkpt lat="22.2758684042" lon="114.2175032111"><ele>212.000</ele></trkpt>
      <trkpt lat="22.2758653640" lon="114.2175049442"><ele>212.000</ele></trkpt>
      <trkpt lat="22.2758621975" lon="114.2175063890"><ele>212.000</ele></trkpt>
      <trkpt lat="22.2758589263" lon="114.2175075340"><ele>212.000</ele></trkpt>
      <trkpt lat="22.2758557112" lon="114.2175083296"><ele>212.000</ele></trkpt>
      <trkpt lat="22.2758178461" lon="114.2175105096"><ele>212.000</ele></trkpt>
      <trkpt lat="22.2758149498" lon="114.2175112365"><ele>212.000</ele></trkpt>
      <trkpt lat="22.2758122906" lon="114.2175135858"><ele>212.000</ele></trkpt>
      <trkpt lat="22.2758095411" lon="114.2175158109"><ele>212.000</ele></trkpt>
      <trkpt lat="22.2758067058" lon="114.2175179088"><ele>215.000</ele></trkpt>
      <trkpt lat="22.2758037894" lon="114.2175198747"><ele>215.000</ele></trkpt>
      <trkpt lat="22.2758007998" lon="114.2175217068"><ele>215.000</ele></trkpt>
      <trkpt lat="22.2757977397" lon="114.2175233971"><ele>215.000</ele></trkpt>
      <trkpt lat="22.2757946148" lon="114.2175249467"><ele>214.000</ele></trkpt>
      <trkpt lat="22.2757914320" lon="114.2175263527"><ele>214.000</ele></trkpt>
      <trkpt lat="22.2757881969" lon="114.2175276112"><ele>214.000</ele></trkpt>
      <trkpt lat="22.2757849158" lon="114.2175287223"><ele>214.000</ele></trkpt>
      <trkpt lat="22.2757815914" lon="114.2175296799"><ele>214.000</ele></trkpt>
      <trkpt lat="22.2757782336" lon="114.2175304863"><ele>214.000</ele></trkpt>
      <trkpt lat="22.2757717907" lon="114.2175321223"><ele>214.000</ele></trkpt>
      <trkpt lat="22.2757676866" lon="114.2175343644"><ele>214.000</ele></trkpt>
      <trkpt lat="22.2757647133" lon="114.2175362284"><ele>214.000</ele></trkpt>
      <trkpt lat="22.2757618302" lon="114.2175382478"><ele>216.000</ele></trkpt>
      <trkpt lat="22.2757590446" lon="114.2175404204"><ele>216.000</ele></trkpt>
      <trkpt lat="22.2757563601" lon="114.2175427386"><ele>216.000</ele></trkpt>
      <trkpt lat="22.2757537876" lon="114.2175451966"><ele>216.000</ele></trkpt>
      <trkpt lat="22.2757513333" lon="114.2175477885"><ele>216.000</ele></trkpt>
      <trkpt lat="22.2757489982" lon="114.2175505086"><ele>216.000</ele></trkpt>
      <trkpt lat="22.2757467922" lon="114.2175533519"><ele>216.000</ele></trkpt>
      <trkpt lat="22.2757447198" lon="114.2175563078"><ele>216.000</ele></trkpt>
      <trkpt lat="22.2757427865" lon="114.2175593714"><ele>216.000</ele></trkpt>
      <trkpt lat="22.2757402209" lon="114.2175627919"><ele>216.000</ele></trkpt>
      <trkpt lat="22.2757371438" lon="114.2175678870"><ele>216.000</ele></trkpt>
      <trkpt lat="22.2757351672" lon="114.2175709176"><ele>216.000</ele></trkpt>
      <trkpt lat="22.2757331128" lon="114.2175738881"><ele>215.000</ele></trkpt>
      <trkpt lat="22.2757309845" lon="114.2175767964"><ele>215.000</ele></trkpt>
      <trkpt lat="22.2757287821" lon="114.2175796426"><ele>215.000</ele></trkpt>
      <trkpt lat="22.2757265102" lon="114.2175824228"><ele>215.000</ele></trkpt>
      <trkpt lat="22.2757241670" lon="114.2175851351"><ele>215.000</ele></trkpt>
      <trkpt lat="22.2757217560" lon="114.2175877775"><ele>215.000</ele></trkpt>
      <trkpt lat="22.2757192792" lon="114.2175903480"><ele>215.000</ele></trkpt>
      <trkpt lat="22.2757167373" lon="114.2175928449"><ele>216.000</ele></trkpt>
      <trkpt lat="22.2757141341" lon="114.2175952669"><ele>216.000</ele></trkpt>
      <trkpt lat="22.2757088086" lon="114.2175993882"><ele>216.000</ele></trkpt>
      <trkpt lat="22.2757059704" lon="114.2176026669"><ele>216.000</ele></trkpt>
      <trkpt lat="22.2757038456" lon="114.2176055791"><ele>216.000</ele></trkpt>
      <trkpt lat="22.2757019367" lon="114.2176086583"><ele>216.000</ele></trkpt>
      <trkpt lat="22.2757002498" lon="114.2176118860"><ele>216.000</ele></trkpt>
      <trkpt lat="22.2756987969" lon="114.2176152418"><ele>216.000</ele></trkpt>
      <trkpt lat="22.2756975895" lon="114.2176187093"><ele>216.000</ele></trkpt>
      <trkpt lat="22.2756966314" lon="114.2176222661"><ele>215.000</ele></trkpt>
      <trkpt lat="22.2756959279" lon="114.2176258890"><ele>215.000</ele></trkpt>
      <trkpt lat="22.2756954862" lon="114.2176295624"><ele>215.000</ele></trkpt>
      <trkpt lat="22.2756953047" lon="114.2176332602"><ele>215.000</ele></trkpt>
      <trkpt lat="22.2756953887" lon="114.2176369619"><ele>215.000</ele></trkpt>
      <trkpt lat="22.2756957345" lon="114.2176406452"><ele>215.000</ele></trkpt>
      <trkpt lat="22.2756963423" lon="114.2176442898"><ele>215.000</ele></trkpt>
      <trkpt lat="22.2756972083" lon="114.2176478743"><ele>215.000</ele></trkpt>
      <trkpt lat="22.2756985201" lon="114.2176530794"><ele>215.000</ele></trkpt>
      <trkpt lat="22.2757033333" lon="114.2176533932"><ele>215.000</ele></trkpt>
      <trkpt lat="22.2757090641" lon="114.2176537228"><ele>215.000</ele></trkpt>
      <trkpt lat="22.2757125030" lon="114.2176536181"><ele>215.000</ele></trkpt>
      <trkpt lat="22.2757159436" lon="114.2176536064"><ele>215.000</ele></trkpt>
      <trkpt lat="22.2757193825" lon="114.2176536899"><ele>214.000</ele></trkpt>
      <trkpt lat="22.2757228195" lon="114.2176538665"><ele>214.000</ele></trkpt>
      <trkpt lat="22.2757262511" lon="114.2176541373"><ele>214.000</ele></trkpt>
      <trkpt lat="22.2757296754" lon="114.2176545031"><ele>214.000</ele></trkpt>
      <trkpt lat="22.2757330889" lon="114.2176549601"><ele>214.000</ele></trkpt>
      <trkpt lat="22.2757397731" lon="114.2176561351"><ele>214.000</ele></trkpt>
      <trkpt lat="22.2757477866" lon="114.2176572349"><ele>214.000</ele></trkpt>
      <trkpt lat="22.2757511838" lon="114.2176578219"><ele>214.000</ele></trkpt>
      <trkpt lat="22.2757545900" lon="114.2176583566"><ele>214.000</ele></trkpt>
      <trkpt lat="22.2757553449" lon="114.2176584616"><ele>214.000</ele></trkpt>
      <trkpt lat="22.2757679648" lon="114.2176639746"><ele>216.000</ele></trkpt>
      <trkpt lat="22.2758046239" lon="114.2176669281"><ele>216.000</ele></trkpt>
      <trkpt lat="22.2758301168" lon="114.2176691992"><ele>216.000</ele></trkpt>
      <trkpt lat="22.2758722553" lon="114.2176705699"><ele>217.000</ele></trkpt>
      <trkpt lat="22.2759059650" lon="114.2176735226"><ele>215.000</ele></trkpt>
      <trkpt lat="22.2759276660" lon="114.2176757926"><ele>215.000</ele></trkpt>
      <trkpt lat="22.2759459958" lon="114.2176744395"><ele>215.000</ele></trkpt>
      <trkpt lat="22.2759601137" lon="114.2176696901"><ele>214.000</ele></trkpt>
      <trkpt lat="22.2759818167" lon="114.2176601885"><ele>214.000</ele></trkpt>
      <trkpt lat="22.2760009905" lon="114.2176567980"><ele>214.000</ele></trkpt>
      <trkpt lat="22.2760193202" lon="114.2176597462"><ele>214.000</ele></trkpt>
      <trkpt lat="22.2760382804" lon="114.2176688065"><ele>214.000</ele></trkpt>
      <trkpt lat="22.2760561845" lon="114.2176869223"><ele>216.000</ele></trkpt>
      <trkpt lat="22.2760764036" lon="114.2177140936"><ele>216.000</ele></trkpt>
      <trkpt lat="22.2760901385" lon="114.2177420354"><ele>216.000</ele></trkpt>
      <trkpt lat="22.2761043956" lon="114.2177583619"><ele>216.000</ele></trkpt>
      <trkpt lat="22.2761252243" lon="114.2177818201"><ele>218.000</ele></trkpt>
      <trkpt lat="22.2761401426" lon="114.2177971765"><ele>218.000</ele></trkpt>
      <trkpt lat="22.2761736231" lon="114.2178284570"><ele>216.000</ele></trkpt>
      <trkpt lat="22.2761953254" lon="114.2178466748"><ele>216.000</ele></trkpt>
      <trkpt lat="22.2762240025" lon="114.2178671167"><ele>217.000</ele></trkpt>
      <trkpt lat="22.2762560654" lon="114.2178862138"><ele>217.000</ele></trkpt>
      <trkpt lat="22.2762687276" lon="114.2178919733"><ele>215.000</ele></trkpt>
      <trkpt lat="22.2762855878" lon="114.2178958342"><ele>215.000</ele></trkpt>
      <trkpt lat="22.2763042068" lon="114.2178866713"><ele>215.000</ele></trkpt>
      <trkpt lat="22.2763214110" lon="114.2178832104"><ele>214.000</ele></trkpt>
      <trkpt lat="22.2763375392" lon="114.2178816743"><ele>214.000</ele></trkpt>
      <trkpt lat="22.2763543840" lon="114.2178820644"><ele>214.000</ele></trkpt>
      <trkpt lat="22.2763690780" lon="114.2178843790"><ele>214.000</ele></trkpt>
      <trkpt lat="22.2763826969" lon="114.2178890045"><ele>214.000</ele></trkpt>
      <trkpt lat="22.2764009729" lon="114.2178970963"><ele>214.000</ele></trkpt>
      <trkpt lat="22.2764210421" lon="114.2179024941"><ele>214.000</ele></trkpt>
      <trkpt lat="22.2764382450" lon="114.2179044242"><ele>214.000</ele></trkpt>
      <trkpt lat="22.2764518651" lon="114.2179040430"><ele>215.000</ele></trkpt>
      <trkpt lat="22.2764665601" lon="114.2179025074"><ele>215.000</ele></trkpt>
      <trkpt lat="22.2764780301" lon="114.2178982744"><ele>215.000</ele></trkpt>
      <trkpt lat="22.2764873494" lon="114.2178925009"><ele>216.000</ele></trkpt>
      <trkpt lat="22.2764959534" lon="114.2178832613"><ele>216.000</ele></trkpt>
      <trkpt lat="22.2765042010" lon="114.2178694001"><ele>216.000</ele></trkpt>
      <trkpt lat="22.2765117303" lon="114.2178566943"><ele>214.000</ele></trkpt>
      <trkpt lat="22.2765181840" lon="114.2178482244"><ele>214.000</ele></trkpt>
      <trkpt lat="22.2765275038" lon="114.2178401407"><ele>214.000</ele></trkpt>
      <trkpt lat="22.2765461450" lon="114.2178251278"><ele>216.000</ele></trkpt>
      <trkpt lat="22.2765701627" lon="114.2178081904"><ele>214.000</ele></trkpt>
      <trkpt lat="22.2765927458" lon="114.2177931787"><ele>215.000</ele></trkpt>
      <trkpt lat="22.2766117432" lon="114.2177839421"><ele>215.000</ele></trkpt>
      <trkpt lat="22.2766389845" lon="114.2177750931"><ele>215.000</ele></trkpt>
      <trkpt lat="22.2766554719" lon="114.2177708616"><ele>215.000</ele></trkpt>
      <trkpt lat="22.2766698085" lon="114.2177693259"><ele>214.000</ele></trkpt>
      <trkpt lat="22.2766845027" lon="114.2177708700"><ele>214.000</ele></trkpt>
      <trkpt lat="22.2767002708" lon="114.2177758804"><ele>214.000</ele></trkpt>
      <trkpt lat="22.2767128149" lon="114.2177770397"><ele>214.000</ele></trkpt>
      <trkpt lat="22.2767242841" lon="114.2177758874"><ele>214.000</ele></trkpt>
      <trkpt lat="22.2767364712" lon="114.2177716556"><ele>214.000</ele></trkpt>
      <trkpt lat="22.2767515268" lon="114.2177620326"><ele>212.000</ele></trkpt>
      <trkpt lat="22.2767622794" lon="114.2177589550"><ele>212.000</ele></trkpt>
      <trkpt lat="22.2767741073" lon="114.2177570334"><ele>212.000</ele></trkpt>
      <trkpt lat="22.2767812777" lon="114.2177497184"><ele>212.000</ele></trkpt>
      <trkpt lat="22.2767902410" lon="114.2177339323"><ele>212.000</ele></trkpt>
      <trkpt lat="22.2768031494" lon="114.2177123711"><ele>209.000</ele></trkpt>
      <trkpt lat="22.2768192836" lon="114.2176869597"><ele>209.000</ele></trkpt>
      <trkpt lat="22.2768278877" lon="114.2176773348"><ele>209.000</ele></trkpt>
      <trkpt lat="22.2768433019" lon="114.2176673267"><ele>206.000</ele></trkpt>
      <trkpt lat="22.2768619414" lon="114.2176553945"><ele>208.000</ele></trkpt>
      <trkpt lat="22.2768741299" lon="114.2176453855"><ele>208.000</ele></trkpt>
      <trkpt lat="22.2768827355" lon="114.2176299854"><ele>208.000</ele></trkpt>
      <trkpt lat="22.2768874006" lon="114.2176088060"><ele>206.000</ele></trkpt>
      <trkpt lat="22.2768917818" lon="114.2175892207"><ele>206.000</ele></trkpt>
      <trkpt lat="22.2768918387" lon="114.2175891761"><ele>206.000</ele></trkpt>
      <trkpt lat="22.2768985028" lon="114.2175838113"><ele>208.000</ele></trkpt>
      <trkpt lat="22.2769163025" lon="114.2175791687"><ele>208.000</ele></trkpt>
      <trkpt lat="22.2769419536" lon="114.2175698661"><ele>208.000</ele></trkpt>
      <trkpt lat="22.2769438578" lon="114.2175677805"><ele>208.000</ele></trkpt>
      <trkpt lat="22.2769457602" lon="114.2175656929"><ele>208.000</ele></trkpt>
      <trkpt lat="22.2769476607" lon="114.2175636034"><ele>208.000</ele></trkpt>
      <trkpt lat="22.2769495631" lon="114.2175615140"><ele>208.000</ele></trkpt>
      <trkpt lat="22.2769514637" lon="114.2175594225"><ele>208.000</ele></trkpt>
      <trkpt lat="22.2769533652" lon="114.2175573311"><ele>208.000</ele></trkpt>
      <trkpt lat="22.2769552648" lon="114.2175552377"><ele>208.000</ele></trkpt>
      <trkpt lat="22.2769571636" lon="114.2175531424"><ele>208.000</ele></trkpt>
      <trkpt lat="22.2769590633" lon="114.2175510471"><ele>208.000</ele></trkpt>
      <trkpt lat="22.2769609611" lon="114.2175489518"><ele>208.000</ele></trkpt>
      <trkpt lat="22.2769628599" lon="114.2175468526"><ele>208.000</ele></trkpt>
      <trkpt lat="22.2769647569" lon="114.2175447554"><ele>208.000</ele></trkpt>
      <trkpt lat="22.2769666538" lon="114.2175426543"><ele>208.000</ele></trkpt>
      <trkpt lat="22.2769685508" lon="114.2175405531"><ele>208.000</ele></trkpt>
      <trkpt lat="22.2769704477" lon="114.2175384520"><ele>208.000</ele></trkpt>
      <trkpt lat="22.2769723429" lon="114.2175363489"><ele>208.000</ele></trkpt>
      <trkpt lat="22.2769742381" lon="114.2175342459"><ele>208.000</ele></trkpt>
      <trkpt lat="22.2769761332" lon="114.2175321409"><ele>208.000</ele></trkpt>
      <trkpt lat="22.2769780284" lon="114.2175300358"><ele>208.000</ele></trkpt>
      <trkpt lat="22.2769799235" lon="114.2175279299"><ele>208.000</ele></trkpt>
      <trkpt lat="22.2769818169" lon="114.2175258219"><ele>208.000</ele></trkpt>
      <trkpt lat="22.2769837102" lon="114.2175237131"><ele>208.000</ele></trkpt>
      <trkpt lat="22.2769856054" lon="114.2175216042"><ele>208.000</ele></trkpt>
      <trkpt lat="22.2769874969" lon="114.2175194953"><ele>208.000</ele></trkpt>
      <trkpt lat="22.2769893903" lon="114.2175173844"><ele>208.000</ele></trkpt>
      <trkpt lat="22.2769912836" lon="114.2175152736"><ele>208.000</ele></trkpt>
      <trkpt lat="22.2769931752" lon="114.2175131618"><ele>208.000</ele></trkpt>
      <trkpt lat="22.2769950667" lon="114.2175110480"><ele>208.000</ele></trkpt>
      <trkpt lat="22.2769969583" lon="114.2175089353"><ele>208.000</ele></trkpt>
      <trkpt lat="22.2769988507" lon="114.2175068225"><ele>208.000</ele></trkpt>
      <trkpt lat="22.2770007414" lon="114.2175047078"><ele>208.000</ele></trkpt>
      <trkpt lat="22.2770026329" lon="114.2175025911"><ele>208.000</ele></trkpt>
      <trkpt lat="22.2770045226" lon="114.2175004764"><ele>208.000</ele></trkpt>
      <trkpt lat="22.2770064124" lon="114.2174983598"><ele>208.000</ele></trkpt>
      <trkpt lat="22.2770083039" lon="114.2174962431"><ele>208.000</ele></trkpt>
      <trkpt lat="22.2770101946" lon="114.2174941255"><ele>208.000</ele></trkpt>
      <trkpt lat="22.2770120834" lon="114.2174920088"><ele>208.000</ele></trkpt>
      <trkpt lat="22.2770139741" lon="114.2174898892"><ele>208.000</ele></trkpt>
      <trkpt lat="22.2770158611" lon="114.2174877706"><ele>208.000</ele></trkpt>
      <trkpt lat="22.2770177508" lon="114.2174856501"><ele>208.000</ele></trkpt>
      <trkpt lat="22.2770196406" lon="114.2174835315"><ele>208.000</ele></trkpt>
      <trkpt lat="22.2770215285" lon="114.2174814110"><ele>208.000</ele></trkpt>
      <trkpt lat="22.2770234164" lon="114.2174792904"><ele>208.000</ele></trkpt>
      <trkpt lat="22.2770253062" lon="114.2174771709"><ele>208.000</ele></trkpt>
      <trkpt lat="22.2770271941" lon="114.2174750494"><ele>208.000</ele></trkpt>
      <trkpt lat="22.2770290820" lon="114.2174729269"><ele>208.000</ele></trkpt>
      <trkpt lat="22.2770309700" lon="114.2174708044"><ele>208.000</ele></trkpt>
      <trkpt lat="22.2770328579" lon="114.2174686839"><ele>208.000</ele></trkpt>
      <trkpt lat="22.2770347459" lon="114.2174665614"><ele>208.000</ele></trkpt>
      <trkpt lat="22.2770366347" lon="114.2174644389"><ele>208.000</ele></trkpt>
      <trkpt lat="22.2770385217" lon="114.2174623164"><ele>208.000</ele></trkpt>
      <trkpt lat="22.2770404097" lon="114.2174601949"><ele>208.000</ele></trkpt>
      <trkpt lat="22.2770422976" lon="114.2174580695"><ele>208.000</ele></trkpt>
      <trkpt lat="22.2770441864" lon="114.2174559470"><ele>208.000</ele></trkpt>
      <trkpt lat="22.2770460726" lon="114.2174538246"><ele>208.000</ele></trkpt>
      <trkpt lat="22.2770479596" lon="114.2174517001"><ele>208.000</ele></trkpt>
      <trkpt lat="22.2770498475" lon="114.2174495777"><ele>208.000</ele></trkpt>
      <trkpt lat="22.2770517355" lon="114.2174474532"><ele>208.000</ele></trkpt>
      <trkpt lat="22.2770536216" lon="114.2174453308"><ele>208.000</ele></trkpt>
      <trkpt lat="22.2770555095" lon="114.2174432063"><ele>208.000</ele></trkpt>
      <trkpt lat="22.2770573975" lon="114.2174410839"><ele>208.000</ele></trkpt>
      <trkpt lat="22.2770592854" lon="114.2174389594"><ele>208.000</ele></trkpt>
      <trkpt lat="22.2770611715" lon="114.2174368369"><ele>208.000</ele></trkpt>
      <trkpt lat="22.2770630595" lon="114.2174347145"><ele>208.000</ele></trkpt>
      <trkpt lat="22.2770649483" lon="114.2174325900"><ele>208.000</ele></trkpt>
      <trkpt lat="22.2770668353" lon="114.2174304676"><ele>208.000</ele></trkpt>
      <trkpt lat="22.2770687233" lon="114.2174283451"><ele>208.000</ele></trkpt>
      <trkpt lat="22.2770706094" lon="114.2174262226"><ele>211.000</ele></trkpt>
      <trkpt lat="22.2770724973" lon="114.2174241001"><ele>211.000</ele></trkpt>
      <trkpt lat="22.2770743862" lon="114.2174219776"><ele>211.000</ele></trkpt>
      <trkpt lat="22.2770762732" lon="114.2174198552"><ele>211.000</ele></trkpt>
      <trkpt lat="22.2770781629" lon="114.2174177346"><ele>211.000</ele></trkpt>
      <trkpt lat="22.2770800518" lon="114.2174156121"><ele>211.000</ele></trkpt>
      <trkpt lat="22.2770819388" lon="114.2174134916"><ele>211.000</ele></trkpt>
      <trkpt lat="22.2770838267" lon="114.2174113711"><ele>211.000</ele></trkpt>
      <trkpt lat="22.2770857174" lon="114.2174092505"><ele>211.000</ele></trkpt>
      <trkpt lat="22.2770876044" lon="114.2174071300"><ele>211.000</ele></trkpt>
      <trkpt lat="22.2770894941" lon="114.2174050094"><ele>211.000</ele></trkpt>
      <trkpt lat="22.2770913839" lon="114.2174028908"><ele>211.000</ele></trkpt>
      <trkpt lat="22.2770932718" lon="114.2174007722"><ele>211.000</ele></trkpt>
      <trkpt lat="22.2770951616" lon="114.2173986536"><ele>211.000</ele></trkpt>
      <trkpt lat="22.2770970513" lon="114.2173965350"><ele>211.000</ele></trkpt>
      <trkpt lat="22.2770989410" lon="114.2173944184"><ele>211.000</ele></trkpt>
      <trkpt lat="22.2771008335" lon="114.2173923017"><ele>211.000</ele></trkpt>
      <trkpt lat="22.2771027223" lon="114.2173901851"><ele>211.000</ele></trkpt>
      <trkpt lat="22.2771046121" lon="114.2173880713"><ele>211.000</ele></trkpt>
      <trkpt lat="22.2771065036" lon="114.2173859556"><ele>211.000</ele></trkpt>
      <trkpt lat="22.2771083951" lon="114.2173838409"><ele>211.000</ele></trkpt>
      <trkpt lat="22.2771102867" lon="114.2173817262"><ele>211.000</ele></trkpt>
      <trkpt lat="22.2771121782" lon="114.2173796134"><ele>212.000</ele></trkpt>
      <trkpt lat="22.2771140698" lon="114.2173775016"><ele>212.000</ele></trkpt>
      <trkpt lat="22.2771159622" lon="114.2173753898"><ele>212.000</ele></trkpt>
      <trkpt lat="22.2771178556" lon="114.2173732770"><ele>212.000</ele></trkpt>
      <trkpt lat="22.2771197480" lon="114.2173711681"><ele>212.000</ele></trkpt>
      <trkpt lat="22.2771216414" lon="114.2173690573"><ele>212.000</ele></trkpt>
      <trkpt lat="22.2771235347" lon="114.2173669484"><ele>212.000</ele></trkpt>
      <trkpt lat="22.2771254281" lon="114.2173648414"><ele>212.000</ele></trkpt>
      <trkpt lat="22.2771273214" lon="114.2173627345"><ele>212.000</ele></trkpt>
      <trkpt lat="22.2771292166" lon="114.2173606275"><ele>212.000</ele></trkpt>
      <trkpt lat="22.2771311117" lon="114.2173585225"><ele>212.000</ele></trkpt>
      <trkpt lat="22.2771330069" lon="114.2173564175"><ele>212.000</ele></trkpt>
      <trkpt lat="22.2771349020" lon="114.2173543154"><ele>212.000</ele></trkpt>
      <trkpt lat="22.2771367990" lon="114.2173522113"><ele>212.000</ele></trkpt>
      <trkpt lat="22.2771386959" lon="114.2173501102"><ele>212.000</ele></trkpt>
      <trkpt lat="22.2771405911" lon="114.2173480091"><ele>212.000</ele></trkpt>
      <trkpt lat="22.2771424899" lon="114.2173459099"><ele>212.000</ele></trkpt>
      <trkpt lat="22.2771443868" lon="114.2173438107"><ele>212.000</ele></trkpt>
      <trkpt lat="22.2771462865" lon="114.2173417134"><ele>212.000</ele></trkpt>
      <trkpt lat="22.2771481853" lon="114.2173396162"><ele>212.000</ele></trkpt>
      <trkpt lat="22.2771500831" lon="114.2173375218"><ele>212.000</ele></trkpt>
      <trkpt lat="22.2771519819" lon="114.2173354275"><ele>212.000</ele></trkpt>
      <trkpt lat="22.2771538833" lon="114.2173333341"><ele>212.000</ele></trkpt>
      <trkpt lat="22.2771557830" lon="114.2173312427"><ele>212.000</ele></trkpt>
      <trkpt lat="22.2771576836" lon="114.2173291513"><ele>212.000</ele></trkpt>
      <trkpt lat="22.2771595841" lon="114.2173270618"><ele>212.000</ele></trkpt>
      <trkpt lat="22.2771614874" lon="114.2173249723"><ele>212.000</ele></trkpt>
      <trkpt lat="22.2771633889" lon="114.2173228876"><ele>212.000</ele></trkpt>
      <trkpt lat="22.2771652931" lon="114.2173208011"><ele>212.000</ele></trkpt>
      <trkpt lat="22.2771671954" lon="114.2173187164"><ele>212.000</ele></trkpt>
      <trkpt lat="22.2771690996" lon="114.2173166318"><ele>212.000</ele></trkpt>
      <trkpt lat="22.2771710038" lon="114.2173145501"><ele>212.000</ele></trkpt>
      <trkpt lat="22.2771729098" lon="114.2173124703"><ele>212.000</ele></trkpt>
      <trkpt lat="22.2771748158" lon="114.2173103905"><ele>212.000</ele></trkpt>
      <trkpt lat="22.2771767218" lon="114.2173083126"><ele>212.000</ele></trkpt>
      <trkpt lat="22.2771786295" lon="114.2173062367"><ele>212.000</ele></trkpt>
      <trkpt lat="22.2771805373" lon="114.2173041608"><ele>212.000</ele></trkpt>
      <trkpt lat="22.2771824451" lon="114.2173020888"><ele>212.000</ele></trkpt>
      <trkpt lat="22.2771843529" lon="114.2173000168"><ele>212.000</ele></trkpt>
      <trkpt lat="22.2771862625" lon="114.2172979467"><ele>212.000</ele></trkpt>
      <trkpt lat="22.2771881721" lon="114.2172958766"><ele>212.000</ele></trkpt>
      <trkpt lat="22.2771900835" lon="114.2172938104"><ele>212.000</ele></trkpt>
      <trkpt lat="22.2771919949" lon="114.2172917442"><ele>212.000</ele></trkpt>
      <trkpt lat="22.2771939063" lon="114.2172896800"><ele>212.000</ele></trkpt>
      <trkpt lat="22.2771968366" lon="114.2172865215"><ele>212.000</ele></trkpt>
      <trkpt lat="22.2772343838" lon="114.2172774628"><ele>212.000</ele></trkpt>
      <trkpt lat="22.2772798149" lon="114.2172674109"><ele>210.000</ele></trkpt>
      <trkpt lat="22.2773069846" lon="114.2172452783"><ele>210.000</ele></trkpt>
      <trkpt lat="22.2773285319" lon="114.2172296849"><ele>210.000</ele></trkpt>
      <trkpt lat="22.2773557005" lon="114.2172085575"><ele>209.000</ele></trkpt>
      <trkpt lat="22.2773898918" lon="114.2171995095"><ele>208.000</ele></trkpt>
      <trkpt lat="22.2774400111" lon="114.2171698344"><ele>206.000</ele></trkpt>
      <trkpt lat="22.2774746711" lon="114.2171572643"><ele>206.000</ele></trkpt>
      <trkpt lat="22.2775308817" lon="114.2171160171"><ele>200.000</ele></trkpt>
      <trkpt lat="22.2775365074" lon="114.2170958897"><ele>200.000</ele></trkpt>
      <trkpt lat="22.2776278453" lon="114.2170476081"><ele>190.000</ele></trkpt>
      <trkpt lat="22.2776784434" lon="114.2169731475"><ele>184.000</ele></trkpt>
      <trkpt lat="22.2777365173" lon="114.2169746729"><ele>182.000</ele></trkpt>
      <trkpt lat="22.2777641500" lon="114.2169716622"><ele>181.000</ele></trkpt>
      <trkpt lat="22.2778002222" lon="114.2169304091"><ele>178.000</ele></trkpt>
      <trkpt lat="22.2778072524" lon="114.2169092758"><ele>178.000</ele></trkpt>
      <trkpt lat="22.2778512854" lon="114.2168740632"><ele>178.000</ele></trkpt>
      <trkpt lat="22.2779028062" lon="114.2168589818"><ele>178.000</ele></trkpt>
      <trkpt lat="22.2779224777" lon="114.2168514393"><ele>178.000</ele></trkpt>
      <trkpt lat="22.2779613536" lon="114.2168373605"><ele>176.000</ele></trkpt>
      <trkpt lat="22.2780058502" lon="114.2168192575"><ele>176.000</ele></trkpt>
      <trkpt lat="22.2780480038" lon="114.2168066894"><ele>177.000</ele></trkpt>
      <trkpt lat="22.2781018674" lon="114.2167870792"><ele>174.000</ele></trkpt>
      <trkpt lat="22.2781510480" lon="114.2167659578"><ele>174.000</ele></trkpt>
      <trkpt lat="22.2781674419" lon="114.2167564020"><ele>176.000</ele></trkpt>
      <trkpt lat="22.2782124142" lon="114.2167096156"><ele>176.000</ele></trkpt>
      <trkpt lat="22.2782433317" lon="114.2166794312"><ele>175.000</ele></trkpt>
      <trkpt lat="22.2782686364" lon="114.2166205627"><ele>179.000</ele></trkpt>
      <trkpt lat="22.2782817615" lon="114.2165727610"><ele>178.000</ele></trkpt>
      <trkpt lat="22.2783019193" lon="114.2164932593"><ele>176.000</ele></trkpt>
      <trkpt lat="22.2783155059" lon="114.2164746438"><ele>176.000</ele></trkpt>
      <trkpt lat="22.2783595351" lon="114.2164510048"><ele>172.000</ele></trkpt>
      <trkpt lat="22.2784026183" lon="114.2164666167"><ele>171.000</ele></trkpt>
      <trkpt lat="22.2784424268" lon="114.2164681377"><ele>170.000</ele></trkpt>
      <trkpt lat="22.2784827095" lon="114.2164470146"><ele>168.000</ele></trkpt>
      <trkpt lat="22.2785234606" lon="114.2164233747"><ele>168.000</ele></trkpt>
      <trkpt lat="22.2785529697" lon="114.2164062735"><ele>166.000</ele></trkpt>
      <trkpt lat="22.2786267144" lon="114.2163670061"><ele>166.000</ele></trkpt>
      <trkpt lat="22.2787388338" lon="114.2162947006"><ele>168.000</ele></trkpt>
      <trkpt lat="22.2788560662" lon="114.2162304015"><ele>166.000</ele></trkpt>
      <trkpt lat="22.2790237483" lon="114.2161582942"><ele>162.000</ele></trkpt>
      <trkpt lat="22.2790276662" lon="114.2161566094"><ele>162.000</ele></trkpt>
      <trkpt lat="22.2791005215" lon="114.2161950708"><ele>160.000</ele></trkpt>
      <trkpt lat="22.2791285568" lon="114.2162077161"><ele>157.000</ele></trkpt>
      <trkpt lat="22.2791799672" lon="114.2161971317"><ele>156.000</ele></trkpt>
      <trkpt lat="22.2792352864" lon="114.2161438311"><ele>156.000</ele></trkpt>
      <trkpt lat="22.2792611359" lon="114.2161205128"><ele>153.000</ele></trkpt>
      <trkpt lat="22.2792913350" lon="114.2160953977"><ele>152.000</ele></trkpt>
      <trkpt lat="22.2793445047" lon="114.2160993860"><ele>150.000</ele></trkpt>
      <trkpt lat="22.2793434287" lon="114.2160935521"><ele>150.000</ele></trkpt>
      <trkpt lat="22.2793305882" lon="114.2160593681"><ele>152.000</ele></trkpt>
      <trkpt lat="22.2793097165" lon="114.2160071581"><ele>152.000</ele></trkpt>
      <trkpt lat="22.2792633335" lon="114.2159092234"><ele>150.000</ele></trkpt>
      <trkpt lat="22.2792621024" lon="114.2159066284"><ele>150.000</ele></trkpt>
      <trkpt lat="22.2792609453" lon="114.2159039985"><ele>150.000</ele></trkpt>
      <trkpt lat="22.2792598460" lon="114.2159013376"><ele>150.000</ele></trkpt>
      <trkpt lat="22.2792587629" lon="114.2158986670"><ele>150.000</ele></trkpt>
      <trkpt lat="22.2792576907" lon="114.2158959925"><ele>150.000</ele></trkpt>
      <trkpt lat="22.2792566222" lon="114.2158933141"><ele>150.000</ele></trkpt>
      <trkpt lat="22.2792555536" lon="114.2158906377"><ele>150.000</ele></trkpt>
      <trkpt lat="22.2792544778" lon="114.2158879632"><ele>150.000</ele></trkpt>
      <trkpt lat="22.2792533893" lon="114.2158852965"><ele>150.000</ele></trkpt>
      <trkpt lat="22.2792522828" lon="114.2158826414"><ele>150.000</ele></trkpt>
      <trkpt lat="22.2792511528" lon="114.2158799979"><ele>150.000</ele></trkpt>
      <trkpt lat="22.2792499921" lon="114.2158773699"><ele>150.000</ele></trkpt>
      <trkpt lat="22.2792487952" lon="114.2158747614"><ele>149.000</ele></trkpt>
      <trkpt lat="22.2792475587" lon="114.2158721742"><ele>149.000</ele></trkpt>
      <trkpt lat="22.2792462833" lon="114.2158696064"><ele>149.000</ele></trkpt>
      <trkpt lat="22.2792449726" lon="114.2158670560"><ele>149.000</ele></trkpt>
      <trkpt lat="22.2792436322" lon="114.2158645231"><ele>149.000</ele></trkpt>
      <trkpt lat="22.2792422692" lon="114.2158620038"><ele>149.000</ele></trkpt>
      <trkpt lat="22.2792408863" lon="114.2158594961"><ele>149.000</ele></trkpt>
      <trkpt lat="22.2792394889" lon="114.2158570020"><ele>150.000</ele></trkpt>
      <trkpt lat="22.2792380826" lon="114.2158545166"><ele>150.000</ele></trkpt>
      <trkpt lat="22.2792366093" lon="114.2158520758"><ele>150.000</ele></trkpt>
      <trkpt lat="22.2792350621" lon="114.2158496845"><ele>150.000</ele></trkpt>
      <trkpt lat="22.2792334823" lon="114.2158473146"><ele>150.000</ele></trkpt>
      <trkpt lat="22.2792319151" lon="114.2158449388"><ele>150.000</ele></trkpt>
      <trkpt lat="22.2792304076" lon="114.2158425223"><ele>150.000</ele></trkpt>
      <trkpt lat="22.2792291439" lon="114.2158399448"><ele>150.000</ele></trkpt>
      <trkpt lat="22.2792277285" lon="114.2158374633"><ele>150.000</ele></trkpt>
      <trkpt lat="22.2792261867" lon="114.2158350691"><ele>150.000</ele></trkpt>
      <trkpt lat="22.2792245247" lon="114.2158327718"><ele>150.000</ele></trkpt>
      <trkpt lat="22.2792227453" lon="114.2158305755"><ele>150.000</ele></trkpt>
      <trkpt lat="22.2792208584" lon="114.2158284849"><ele>150.000</ele></trkpt>
      <trkpt lat="22.2792188667" lon="114.2158265107"><ele>148.000</ele></trkpt>
      <trkpt lat="22.2792167774" lon="114.2158246588"><ele>148.000</ele></trkpt>
      <trkpt lat="22.2792145978" lon="114.2158229310"><ele>148.000</ele></trkpt>
      <trkpt lat="22.2792123324" lon="114.2158213352"><ele>148.000</ele></trkpt>
      <trkpt lat="22.2792099911" lon="114.2158198655"><ele>148.000</ele></trkpt>
      <trkpt lat="22.2792075604" lon="114.2158185840"><ele>148.000</ele></trkpt>
      <trkpt lat="22.2792050836" lon="114.2158174015"><ele>148.000</ele></trkpt>
      <trkpt lat="22.2792025688" lon="114.2158163159"><ele>148.000</ele></trkpt>
      <trkpt lat="22.2792000260" lon="114.2158153100"><ele>148.000</ele></trkpt>
      <trkpt lat="22.2791974814" lon="114.2158143137"><ele>148.000</ele></trkpt>
      <trkpt lat="22.2791949278" lon="114.2158133408"><ele>148.000</ele></trkpt>
      <trkpt lat="22.2791923678" lon="114.2158123891"><ele>148.000</ele></trkpt>
      <trkpt lat="22.2791897989" lon="114.2158114608"><ele>148.000</ele></trkpt>
      <trkpt lat="22.2791872262" lon="114.2158105558"><ele>148.000</ele></trkpt>
      <trkpt lat="22.2791846428" lon="114.2158096740"><ele>148.000</ele></trkpt>
      <trkpt lat="22.2791820548" lon="114.2158088155"><ele>148.000</ele></trkpt>
      <trkpt lat="22.2791794596" lon="114.2158079803"><ele>148.000</ele></trkpt>
      <trkpt lat="22.2791768572" lon="114.2158071665"><ele>148.000</ele></trkpt>
      <trkpt lat="22.2791742493" lon="114.2158063778"><ele>148.000</ele></trkpt>
      <trkpt lat="22.2791716360" lon="114.2158056125"><ele>148.000</ele></trkpt>
      <trkpt lat="22.2791690173" lon="114.2158048705"><ele>148.000</ele></trkpt>
      <trkpt lat="22.2791663914" lon="114.2158041507"><ele>148.000</ele></trkpt>
      <trkpt lat="22.2791637600" lon="114.2158034543"><ele>148.000</ele></trkpt>
      <trkpt lat="22.2791611250" lon="114.2158027840"><ele>148.000</ele></trkpt>
      <trkpt lat="22.2791584828" lon="114.2158021361"><ele>148.000</ele></trkpt>
      <trkpt lat="22.2791558370" lon="114.2158015095"><ele>148.000</ele></trkpt>
      <trkpt lat="22.2791531858" lon="114.2158009091"><ele>148.000</ele></trkpt>
      <trkpt lat="22.2791505318" lon="114.2158003301"><ele>148.000</ele></trkpt>
      <trkpt lat="22.2791478706" lon="114.2157997782"><ele>150.000</ele></trkpt>
      <trkpt lat="22.2791452049" lon="114.2157992612"><ele>150.000</ele></trkpt>
      <trkpt lat="22.2791425392" lon="114.2157987482"><ele>150.000</ele></trkpt>
      <trkpt lat="22.2791398771" lon="114.2157982050"><ele>150.000</ele></trkpt>
      <trkpt lat="22.2791372059" lon="114.2157977201"><ele>150.000</ele></trkpt>
      <trkpt lat="22.2791345185" lon="114.2157973468"><ele>150.000</ele></trkpt>
      <trkpt lat="22.2791318220" lon="114.2157970724"><ele>150.000</ele></trkpt>
      <trkpt lat="22.2791291165" lon="114.2157969008"><ele>150.000</ele></trkpt>
      <trkpt lat="22.2791264100" lon="114.2157968322"><ele>150.000</ele></trkpt>
      <trkpt lat="22.2791236999" lon="114.2157968625"><ele>150.000</ele></trkpt>
      <trkpt lat="22.2791209925" lon="114.2157969956"><ele>150.000</ele></trkpt>
      <trkpt lat="22.2791182932" lon="114.2157972316"><ele>150.000</ele></trkpt>
      <trkpt lat="22.2791156010" lon="114.2157975686"><ele>150.000</ele></trkpt>
      <trkpt lat="22.2791129225" lon="114.2157980045"><ele>150.000</ele></trkpt>
      <trkpt lat="22.2791102601" lon="114.2157985432"><ele>150.000</ele></trkpt>
      <trkpt lat="22.2791076158" lon="114.2157991810"><ele>150.000</ele></trkpt>
      <trkpt lat="22.2791049949" lon="114.2157999157"><ele>148.000</ele></trkpt>
      <trkpt lat="22.2791023993" lon="114.2158007495"><ele>148.000</ele></trkpt>
      <trkpt lat="22.2790998326" lon="114.2158016822"><ele>148.000</ele></trkpt>
      <trkpt lat="22.2790972965" lon="114.2158027081"><ele>148.000</ele></trkpt>
      <trkpt lat="22.2790947966" lon="114.2158038291"><ele>148.000</ele></trkpt>
      <trkpt lat="22.2790923544" lon="114.2158050899"><ele>148.000</ele></trkpt>
      <trkpt lat="22.2790898635" lon="114.2158062264"><ele>148.000</ele></trkpt>
      <trkpt lat="22.2790873003" lon="114.2158071766"><ele>148.000</ele></trkpt>
      <trkpt lat="22.2790847697" lon="114.2158082122"><ele>148.000</ele></trkpt>
      <trkpt lat="22.2790822553" lon="114.2158092982"><ele>148.000</ele></trkpt>
      <trkpt lat="22.2790797608" lon="114.2158104348"><ele>148.000</ele></trkpt>
      <trkpt lat="22.2790772879" lon="114.2158116217"><ele>148.000</ele></trkpt>
      <trkpt lat="22.2790748349" lon="114.2158128592"><ele>148.000</ele></trkpt>
      <trkpt lat="22.2790724053" lon="114.2158141471"><ele>148.000</ele></trkpt>
      <trkpt lat="22.2790699974" lon="114.2158154816"><ele>148.000</ele></trkpt>
      <trkpt lat="22.2790676148" lon="114.2158168665"><ele>148.000</ele></trkpt>
      <trkpt lat="22.2790652557" lon="114.2158182990"><ele>148.000</ele></trkpt>
      <trkpt lat="22.2790629236" lon="114.2158197781"><ele>148.000</ele></trkpt>
      <trkpt lat="22.2790606168" lon="114.2158213057"><ele>148.000</ele></trkpt>
      <trkpt lat="22.2790583371" lon="114.2158228780"><ele>148.000</ele></trkpt>
      <trkpt lat="22.2790560845" lon="114.2158244959"><ele>148.000</ele></trkpt>
      <trkpt lat="22.2790538626" lon="114.2158261603"><ele>148.000</ele></trkpt>
      <trkpt lat="22.2790516695" lon="114.2158278694"><ele>150.000</ele></trkpt>
      <trkpt lat="22.2790495053" lon="114.2158296212"><ele>150.000</ele></trkpt>
      <trkpt lat="22.2790473737" lon="114.2158314186"><ele>150.000</ele></trkpt>
      <trkpt lat="22.2790452754" lon="114.2158332568"><ele>150.000</ele></trkpt>
      <trkpt lat="22.2790432070" lon="114.2158351386"><ele>150.000</ele></trkpt>
      <trkpt lat="22.2790411719" lon="114.2158370612"><ele>150.000</ele></trkpt>
      <trkpt lat="22.2790391729" lon="114.2158390246"><ele>150.000</ele></trkpt>
      <trkpt lat="22.2790372065" lon="114.2158410287"><ele>150.000</ele></trkpt>
      <trkpt lat="22.2790352770" lon="114.2158430717"><ele>150.000</ele></trkpt>
      <trkpt lat="22.2790333819" lon="114.2158451515"><ele>150.000</ele></trkpt>
      <trkpt lat="22.2790315157" lon="114.2158472624"><ele>150.000</ele></trkpt>
      <trkpt lat="22.2790296585" lon="114.2158493811"><ele>150.000</ele></trkpt>
      <trkpt lat="22.2790277922" lon="114.2158514920"><ele>150.000</ele></trkpt>
      <trkpt lat="22.2790259206" lon="114.2158535951"><ele>150.000</ele></trkpt>
      <trkpt lat="22.2790240435" lon="114.2158556963"><ele>150.000</ele></trkpt>
      <trkpt lat="22.2790221628" lon="114.2158577897"><ele>150.000</ele></trkpt>
      <trkpt lat="22.2790202767" lon="114.2158598822"><ele>150.000</ele></trkpt>
      <trkpt lat="22.2790183852" lon="114.2158619639"><ele>150.000</ele></trkpt>
      <trkpt lat="22.2790164738" lon="114.2158640292"><ele>150.000</ele></trkpt>
      <trkpt lat="22.2790146816" lon="114.2158662081"><ele>150.000</ele></trkpt>
      <trkpt lat="22.2790129851" lon="114.2158684781"><ele>150.000</ele></trkpt>
      <trkpt lat="22.2790112390" lon="114.2158707045"><ele>150.000</ele></trkpt>
      <trkpt lat="22.2790094630" lon="114.2158729018"><ele>150.000</ele></trkpt>
      <trkpt lat="22.2790076609" lon="114.2158750767"><ele>150.000</ele></trkpt>
      <trkpt lat="22.2790058326" lon="114.2158772245"><ele>150.000</ele></trkpt>
      <trkpt lat="22.2790039772" lon="114.2158793451"><ele>150.000</ele></trkpt>
      <trkpt lat="22.2790020965" lon="114.2158814405"><ele>150.000</ele></trkpt>
      <trkpt lat="22.2790001887" lon="114.2158835087"><ele>150.000</ele></trkpt>
      <trkpt lat="22.2789982566" lon="114.2158855477"><ele>150.000</ele></trkpt>
      <trkpt lat="22.2789962991" lon="114.2158875616"><ele>150.000</ele></trkpt>
      <trkpt lat="22.2789943173" lon="114.2158895453"><ele>150.000</ele></trkpt>
      <trkpt lat="22.2789923112" lon="114.2158915009"><ele>150.000</ele></trkpt>
      <trkpt lat="22.2789902797" lon="114.2158934284"><ele>150.000</ele></trkpt>
      <trkpt lat="22.2789882257" lon="114.2158953258"><ele>150.000</ele></trkpt>
      <trkpt lat="22.2789861464" lon="114.2158971940"><ele>150.000</ele></trkpt>
      <trkpt lat="22.2789840481" lon="114.2158990312"><ele>150.000</ele></trkpt>
      <trkpt lat="22.2789819228" lon="114.2159008393"><ele>150.000</ele></trkpt>
      <trkpt lat="22.2789797785" lon="114.2159026173"><ele>150.000</ele></trkpt>
      <trkpt lat="22.2789776107" lon="114.2159043642"><ele>150.000</ele></trkpt>
      <trkpt lat="22.2789754213" lon="114.2159060791"><ele>150.000</ele></trkpt>
      <trkpt lat="22.2789732120" lon="114.2159077630"><ele>150.000</ele></trkpt>
      <trkpt lat="22.2789709828" lon="114.2159094197"><ele>150.000</ele></trkpt>
      <trkpt lat="22.2789687266" lon="114.2159110298"><ele>150.000</ele></trkpt>
      <trkpt lat="22.2789664595" lon="114.2159126253"><ele>150.000</ele></trkpt>
      <trkpt lat="22.2789641672" lon="114.2159141743"><ele>150.000</ele></trkpt>
      <trkpt lat="22.2789618152" lon="114.2159156213"><ele>150.000</ele></trkpt>
      <trkpt lat="22.2789594976" lon="114.2159171247"><ele>150.000</ele></trkpt>
      <trkpt lat="22.2789572991" lon="114.2159188299"><ele>150.000</ele></trkpt>
      <trkpt lat="22.2789550664" lon="114.2159204769"><ele>150.000</ele></trkpt>
      <trkpt lat="22.2789528101" lon="114.2159220889"><ele>150.000</ele></trkpt>
      <trkpt lat="22.2789505322" lon="114.2159236631"><ele>150.000</ele></trkpt>
      <trkpt lat="22.2789482308" lon="114.2159252004"><ele>151.000</ele></trkpt>
      <trkpt lat="22.2789459096" lon="114.2159266999"><ele>151.000</ele></trkpt>
      <trkpt lat="22.2789435667" lon="114.2159281625"><ele>151.000</ele></trkpt>
      <trkpt lat="22.2789412039" lon="114.2159295862"><ele>151.000</ele></trkpt>
      <trkpt lat="22.2789388222" lon="114.2159309731"><ele>151.000</ele></trkpt>
      <trkpt lat="22.2789364189" lon="114.2159323193"><ele>151.000</ele></trkpt>
      <trkpt lat="22.2789339893" lon="114.2159336091"><ele>151.000</ele></trkpt>
      <trkpt lat="22.2789315688" lon="114.2159349126"><ele>151.000</ele></trkpt>
      <trkpt lat="22.2789291844" lon="114.2159362936"><ele>151.000</ele></trkpt>
      <trkpt lat="22.2789267756" lon="114.2159376262"><ele>151.000</ele></trkpt>
      <trkpt lat="22.2789243478" lon="114.2159389189"><ele>152.000</ele></trkpt>
      <trkpt lat="22.2789218993" lon="114.2159401661"><ele>152.000</ele></trkpt>
      <trkpt lat="22.2789194337" lon="114.2159413715"><ele>152.000</ele></trkpt>
      <trkpt lat="22.2789169500" lon="114.2159425352"><ele>152.000</ele></trkpt>
      <trkpt lat="22.2789144500" lon="114.2159436562"><ele>152.000</ele></trkpt>
      <trkpt lat="22.2789119320" lon="114.2159447325"><ele>152.000</ele></trkpt>
      <trkpt lat="22.2789093996" lon="114.2159457681"><ele>152.000</ele></trkpt>
      <trkpt lat="22.2789068527" lon="114.2159467571"><ele>152.000</ele></trkpt>
      <trkpt lat="22.2789042914" lon="114.2159477044"><ele>152.000</ele></trkpt>
      <trkpt lat="22.2789017165" lon="114.2159486080"><ele>152.000</ele></trkpt>
      <trkpt lat="22.2788991263" lon="114.2159494641"><ele>152.000</ele></trkpt>
      <trkpt lat="22.2788965244" lon="114.2159502785"><ele>152.000</ele></trkpt>
      <trkpt lat="22.2788939107" lon="114.2159510462"><ele>152.000</ele></trkpt>
      <trkpt lat="22.2788912890" lon="114.2159517693"><ele>152.000</ele></trkpt>
      <trkpt lat="22.2788886528" lon="114.2159524478"><ele>152.000</ele></trkpt>
      <trkpt lat="22.2788860084" lon="114.2159530797"><ele>152.000</ele></trkpt>
      <trkpt lat="22.2788833551" lon="114.2159536670"><ele>152.000</ele></trkpt>
      <trkpt lat="22.2788806927" lon="114.2159542097"><ele>152.000</ele></trkpt>
      <trkpt lat="22.2788780169" lon="114.2159546688"><ele>151.000</ele></trkpt>
      <trkpt lat="22.2788753482" lon="114.2159551649"><ele>151.000</ele></trkpt>
      <trkpt lat="22.2788727345" lon="114.2159559288"><ele>151.000</ele></trkpt>
      <trkpt lat="22.2788701101" lon="114.2159566558"><ele>151.000</ele></trkpt>
      <trkpt lat="22.2788674766" lon="114.2159573420"><ele>151.000</ele></trkpt>
      <trkpt lat="22.2788648376" lon="114.2159579934"><ele>151.000</ele></trkpt>
      <trkpt lat="22.2788621897" lon="114.2159586097"><ele>151.000</ele></trkpt>
      <trkpt lat="22.2788595346" lon="114.2159591931"><ele>151.000</ele></trkpt>
      <trkpt lat="22.2788568740" lon="114.2159597377"><ele>151.000</ele></trkpt>
      <trkpt lat="22.2788542062" lon="114.2159602493"><ele>151.000</ele></trkpt>
      <trkpt lat="22.2788515330" lon="114.2159607240"><ele>151.000</ele></trkpt>
      <trkpt lat="22.2788488563" lon="114.2159611638"><ele>151.000</ele></trkpt>
      <trkpt lat="22.2788461723" lon="114.2159615686"><ele>151.000</ele></trkpt>
      <trkpt lat="22.2788434847" lon="114.2159619366"><ele>151.000</ele></trkpt>
      <trkpt lat="22.2788407934" lon="114.2159622696"><ele>151.000</ele></trkpt>
      <trkpt lat="22.2788380986" lon="114.2159625678"><ele>151.000</ele></trkpt>
      <trkpt lat="22.2788354002" lon="114.2159628270"><ele>151.000</ele></trkpt>
      <trkpt lat="22.2788327000" lon="114.2159630533"><ele>150.000</ele></trkpt>
      <trkpt lat="22.2788299971" lon="114.2159632428"><ele>150.000</ele></trkpt>
      <trkpt lat="22.2788272906" lon="114.2159633915"><ele>150.000</ele></trkpt>
      <trkpt lat="22.2788245831" lon="114.2159635013"><ele>150.000</ele></trkpt>
      <trkpt lat="22.2788218793" lon="114.2159636791"><ele>150.000</ele></trkpt>
      <trkpt lat="22.2788191755" lon="114.2159638763"><ele>150.000</ele></trkpt>
      <trkpt lat="22.2788164735" lon="114.2159640948"><ele>150.000</ele></trkpt>
      <trkpt lat="22.2788137751" lon="114.2159643425"><ele>150.000</ele></trkpt>
      <trkpt lat="22.2788110767" lon="114.2159646154"><ele>150.000</ele></trkpt>
      <trkpt lat="22.2788083800" lon="114.2159648970"><ele>150.000</ele></trkpt>
      <trkpt lat="22.2788056816" lon="114.2159651650"><ele>150.000</ele></trkpt>
      <trkpt lat="22.2788029832" lon="114.2159654068"><ele>150.000</ele></trkpt>
      <trkpt lat="22.2788002758" lon="114.2159654798"><ele>150.000</ele></trkpt>
      <trkpt lat="22.2787975666" lon="114.2159655024"><ele>150.000</ele></trkpt>
      <trkpt lat="22.2787948592" lon="114.2159655948"><ele>150.000</ele></trkpt>
      <trkpt lat="22.2787921518" lon="114.2159657318"><ele>150.000</ele></trkpt>
      <trkpt lat="22.2787894480" lon="114.2159659135"><ele>150.000</ele></trkpt>
      <trkpt lat="22.2787867478" lon="114.2159661398"><ele>150.000</ele></trkpt>
      <trkpt lat="22.2787840511" lon="114.2159664117"><ele>150.000</ele></trkpt>
      <trkpt lat="22.2787813563" lon="114.2159667263"><ele>150.000</ele></trkpt>
      <trkpt lat="22.2787786696" lon="114.2159670865"><ele>150.000</ele></trkpt>
      <trkpt lat="22.2787759865" lon="114.2159674913"><ele>150.000</ele></trkpt>
      <trkpt lat="22.2787733097" lon="114.2159679408"><ele>150.000</ele></trkpt>
      <trkpt lat="22.2787706383" lon="114.2159684330"><ele>150.000</ele></trkpt>
      <trkpt lat="22.2787679760" lon="114.2159689727"><ele>150.000</ele></trkpt>
      <trkpt lat="22.2787653226" lon="114.2159695542"><ele>150.000</ele></trkpt>
      <trkpt lat="22.2787626765" lon="114.2159701773"><ele>150.000</ele></trkpt>
      <trkpt lat="22.2787600403" lon="114.2159708461"><ele>150.000</ele></trkpt>
      <trkpt lat="22.2787574131" lon="114.2159715595"><ele>150.000</ele></trkpt>
      <trkpt lat="22.2787547959" lon="114.2159723157"><ele>150.000</ele></trkpt>
      <trkpt lat="22.2787521912" lon="114.2159731145"><ele>150.000</ele></trkpt>
      <trkpt lat="22.2787495974" lon="114.2159739560"><ele>152.000</ele></trkpt>
      <trkpt lat="22.2787470199" lon="114.2159748518"><ele>152.000</ele></trkpt>
      <trkpt lat="22.2787444477" lon="114.2159757671"><ele>152.000</ele></trkpt>
      <trkpt lat="22.2787418377" lon="114.2159765514"><ele>152.000</ele></trkpt>
      <trkpt lat="22.2787392403" lon="114.2159773764"><ele>152.000</ele></trkpt>
      <trkpt lat="22.2787366573" lon="114.2159782548"><ele>152.000</ele></trkpt>
      <trkpt lat="22.2787340888" lon="114.2159791797"><ele>152.000</ele></trkpt>
      <trkpt lat="22.2787315347" lon="114.2159801493"><ele>152.000</ele></trkpt>
      <trkpt lat="22.2787289977" lon="114.2159811675"><ele>152.000</ele></trkpt>
      <trkpt lat="22.2787264752" lon="114.2159822331"><ele>152.000</ele></trkpt>
      <trkpt lat="22.2787239698" lon="114.2159833415"><ele>152.000</ele></trkpt>
      <trkpt lat="22.2787214843" lon="114.2159844974"><ele>152.000</ele></trkpt>
      <trkpt lat="22.2787190151" lon="114.2159856980"><ele>152.000</ele></trkpt>
      <trkpt lat="22.2787165675" lon="114.2159869432"><ele>152.000</ele></trkpt>
      <trkpt lat="22.2787141379" lon="114.2159882330"><ele>152.000</ele></trkpt>
      <trkpt lat="22.2787117309" lon="114.2159895675"><ele>152.000</ele></trkpt>
      <trkpt lat="22.2787093438" lon="114.2159909447"><ele>152.000</ele></trkpt>
      <trkpt lat="22.2787069774" lon="114.2159923627"><ele>152.000</ele></trkpt>
      <trkpt lat="22.2787046508" lon="114.2159938544"><ele>152.000</ele></trkpt>
      <trkpt lat="22.2787023367" lon="114.2159953674"><ele>152.000</ele></trkpt>
      <trkpt lat="22.2786999938" lon="114.2159968300"><ele>152.000</ele></trkpt>
      <trkpt lat="22.2786976311" lon="114.2159982537"><ele>151.000</ele></trkpt>
      <trkpt lat="22.2786952593" lon="114.2159996639"><ele>151.000</ele></trkpt>
      <trkpt lat="22.2786928902" lon="114.2160010760"><ele>151.000</ele></trkpt>
      <trkpt lat="22.2786905320" lon="114.2160025095"><ele>151.000</ele></trkpt>
      <trkpt lat="22.2786881927" lon="114.2160039779"><ele>151.000</ele></trkpt>
      <trkpt lat="22.2786858814" lon="114.2160054929"><ele>151.000</ele></trkpt>
      <trkpt lat="22.2786835863" lon="114.2160070409"><ele>151.000</ele></trkpt>
      <trkpt lat="22.2786813066" lon="114.2160086102"><ele>151.000</ele></trkpt>
      <trkpt lat="22.2786790323" lon="114.2160101951"><ele>151.000</ele></trkpt>
      <trkpt lat="22.2786767643" lon="114.2160117877"><ele>151.000</ele></trkpt>
      <trkpt lat="22.2786744946" lon="114.2160133784"><ele>151.000</ele></trkpt>
      <trkpt lat="22.2786722203" lon="114.2160149594"><ele>151.000</ele></trkpt>
      <trkpt lat="22.2786699351" lon="114.2160165248"><ele>151.000</ele></trkpt>
      <trkpt lat="22.2786676356" lon="114.2160180612"><ele>151.000</ele></trkpt>
      <trkpt lat="22.2786653143" lon="114.2160195665"><ele>151.000</ele></trkpt>
      <trkpt lat="22.2786629841" lon="114.2160210523"><ele>151.000</ele></trkpt>
      <trkpt lat="22.2786606520" lon="114.2160225363"><ele>153.000</ele></trkpt>
      <trkpt lat="22.2786583289" lon="114.2160240348"><ele>153.000</ele></trkpt>
      <trkpt lat="22.2786560240" lon="114.2160255604"><ele>153.000</ele></trkpt>
      <trkpt lat="22.2786538454" lon="114.2160272860"><ele>153.000</ele></trkpt>
      <trkpt lat="22.2786517137" lon="114.2160290853"><ele>152.000</ele></trkpt>
      <trkpt lat="22.2786495513" lon="114.2160308371"><ele>152.000</ele></trkpt>
      <trkpt lat="22.2786473727" lon="114.2160325676"><ele>152.000</ele></trkpt>
      <trkpt lat="22.2786451797" lon="114.2160342766"><ele>152.000</ele></trkpt>
      <trkpt lat="22.2786429704" lon="114.2160359624"><ele>152.000</ele></trkpt>
      <trkpt lat="22.2786407484" lon="114.2160376269"><ele>152.000</ele></trkpt>
      <trkpt lat="22.2786385102" lon="114.2160392680"><ele>152.000</ele></trkpt>
      <trkpt lat="22.2786362576" lon="114.2160408859"><ele>152.000</ele></trkpt>
      <trkpt lat="22.2786339923" lon="114.2160424805"><ele>152.000</ele></trkpt>
      <trkpt lat="22.2786317126" lon="114.2160440537"><ele>152.000</ele></trkpt>
      <trkpt lat="22.2786294185" lon="114.2160456036"><ele>152.000</ele></trkpt>
      <trkpt lat="22.2786271099" lon="114.2160471273"><ele>152.000</ele></trkpt>
      <trkpt lat="22.2786248013" lon="114.2160486510"><ele>152.000</ele></trkpt>
      <trkpt lat="22.2786224945" lon="114.2160501796"><ele>152.000</ele></trkpt>
      <trkpt lat="22.2786201787" lon="114.2160516927"><ele>152.000</ele></trkpt>
      <trkpt lat="22.2786178412" lon="114.2160531630"><ele>152.000</ele></trkpt>
      <trkpt lat="22.2786154658" lon="114.2160545577"><ele>152.000</ele></trkpt>
      <trkpt lat="22.2786130416" lon="114.2160558533"><ele>152.000</ele></trkpt>
      <trkpt lat="22.2786105976" lon="114.2160571179"><ele>152.000</ele></trkpt>
      <trkpt lat="22.2786081699" lon="114.2160584117"><ele>152.000</ele></trkpt>
      <trkpt lat="22.2786057783" lon="114.2160597752"><ele>152.000</ele></trkpt>
      <trkpt lat="22.2786034985" lon="114.2160613465"><ele>152.000</ele></trkpt>
      <trkpt lat="22.2786010961" lon="114.2160626946"><ele>152.000</ele></trkpt>
      <trkpt lat="22.2785986160" lon="114.2160638699"><ele>152.000</ele></trkpt>
      <trkpt lat="22.2785962198" lon="114.2160652238"><ele>152.000</ele></trkpt>
      <trkpt lat="22.2785941035" lon="114.2160670610"><ele>152.000</ele></trkpt>
      <trkpt lat="22.2785919718" lon="114.2160688555"><ele>152.000</ele></trkpt>
      <trkpt lat="22.2785894719" lon="114.2160699183"><ele>152.000</ele></trkpt>
      <trkpt lat="22.2785869756" lon="114.2160709985"><ele>154.000</ele></trkpt>
      <trkpt lat="22.2785848204" lon="114.2160727823"><ele>154.000</ele></trkpt>
      <trkpt lat="22.2785823367" lon="114.2160739799"><ele>154.000</ele></trkpt>
      <trkpt lat="22.2785796744" lon="114.2160743508"><ele>154.000</ele></trkpt>
      <trkpt lat="22.2785769453" lon="114.2160743840"><ele>154.000</ele></trkpt>
      <trkpt lat="22.2785742578" lon="114.2160741776"><ele>154.000</ele></trkpt>
      <trkpt lat="22.2785717205" lon="114.2160731221"><ele>154.000</ele></trkpt>
      <trkpt lat="22.2785694957" lon="114.2160714613"><ele>154.000</ele></trkpt>
      <trkpt lat="22.2785674481" lon="114.2160695385"><ele>152.000</ele></trkpt>
      <trkpt lat="22.2785658267" lon="114.2160672219"><ele>152.000</ele></trkpt>
      <trkpt lat="22.2785643553" lon="114.2160647666"><ele>152.000</ele></trkpt>
      <trkpt lat="22.2785629164" lon="114.2160623016"><ele>153.000</ele></trkpt>
      <trkpt lat="22.2785615372" lon="114.2160597959"><ele>153.000</ele></trkpt>
      <trkpt lat="22.2785602166" lon="114.2160572533"><ele>153.000</ele></trkpt>
      <trkpt lat="22.2785589574" lon="114.2160546758"><ele>153.000</ele></trkpt>
      <trkpt lat="22.2785577588" lon="114.2160520653"><ele>153.000</ele></trkpt>
      <trkpt lat="22.2785566234" lon="114.2160494238"><ele>153.000</ele></trkpt>
      <trkpt lat="22.2785555512" lon="114.2160467493"><ele>153.000</ele></trkpt>
      <trkpt lat="22.2785545431" lon="114.2160440477"><ele>153.000</ele></trkpt>
      <trkpt lat="22.2785535983" lon="114.2160413189"><ele>153.000</ele></trkpt>
      <trkpt lat="22.2785527175" lon="114.2160385668"><ele>153.000</ele></trkpt>
      <trkpt lat="22.2785519036" lon="114.2160357905"><ele>153.000</ele></trkpt>
      <trkpt lat="22.2785511566" lon="114.2160329929"><ele>153.000</ele></trkpt>
      <trkpt lat="22.2785504746" lon="114.2160301749"><ele>153.000</ele></trkpt>
      <trkpt lat="22.2785498621" lon="114.2160273395"><ele>153.000</ele></trkpt>
      <trkpt lat="22.2785493146" lon="114.2160244886"><ele>153.000</ele></trkpt>
      <trkpt lat="22.2785488348" lon="114.2160216241"><ele>152.000</ele></trkpt>
      <trkpt lat="22.2785484237" lon="114.2160187460"><ele>152.000</ele></trkpt>
      <trkpt lat="22.2785480813" lon="114.2160158582"><ele>152.000</ele></trkpt>
      <trkpt lat="22.2785478074" lon="114.2160129627"><ele>152.000</ele></trkpt>
      <trkpt lat="22.2785476004" lon="114.2160100595"><ele>152.000</ele></trkpt>
      <trkpt lat="22.2785474639" lon="114.2160071524"><ele>152.000</ele></trkpt>
      <trkpt lat="22.2785474402" lon="114.2160042415"><ele>152.000</ele></trkpt>
      <trkpt lat="22.2785474255" lon="114.2160013305"><ele>152.000</ele></trkpt>
      <trkpt lat="22.2785473341" lon="114.2159984215"><ele>152.000</ele></trkpt>
      <trkpt lat="22.2785471994" lon="114.2159955144"><ele>152.000</ele></trkpt>
      <trkpt lat="22.2785470736" lon="114.2159926053"><ele>152.000</ele></trkpt>
      <trkpt lat="22.2785469714" lon="114.2159896963"><ele>152.000</ele></trkpt>
      <trkpt lat="22.2785468836" lon="114.2159867873"><ele>152.000</ele></trkpt>
      <trkpt lat="22.2785467994" lon="114.2159838783"><ele>152.000</ele></trkpt>
      <trkpt lat="22.2785467279" lon="114.2159809673"><ele>152.000</ele></trkpt>
      <trkpt lat="22.2785466672" lon="114.2159780583"><ele>152.000</ele></trkpt>
      <trkpt lat="22.2785466191" lon="114.2159751473"><ele>152.000</ele></trkpt>
      <trkpt lat="22.2785465783" lon="114.2159722364"><ele>152.000</ele></trkpt>
      <trkpt lat="22.2785465501" lon="114.2159693254"><ele>152.000</ele></trkpt>
      <trkpt lat="22.2785465327" lon="114.2159664154"><ele>152.000</ele></trkpt>
      <trkpt lat="22.2785465244" lon="114.2159635035"><ele>152.000</ele></trkpt>
      <trkpt lat="22.2785465269" lon="114.2159605926"><ele>152.000</ele></trkpt>
      <trkpt lat="22.2785465420" lon="114.2159576816"><ele>152.000</ele></trkpt>
      <trkpt lat="22.2785465662" lon="114.2159547707"><ele>152.000</ele></trkpt>
      <trkpt lat="22.2785465994" lon="114.2159518617"><ele>152.000</ele></trkpt>
      <trkpt lat="22.2785466417" lon="114.2159489508"><ele>152.000</ele></trkpt>
      <trkpt lat="22.2785467002" lon="114.2159460398"><ele>152.000</ele></trkpt>
      <trkpt lat="22.2785467930" lon="114.2159431318"><ele>152.000</ele></trkpt>
      <trkpt lat="22.2785469075" lon="114.2159402229"><ele>152.000</ele></trkpt>
      <trkpt lat="22.2785470436" lon="114.2159373149"><ele>152.000</ele></trkpt>
      <trkpt lat="22.2785472033" lon="114.2159344098"><ele>152.000</ele></trkpt>
      <trkpt lat="22.2785473855" lon="114.2159315047"><ele>152.000</ele></trkpt>
      <trkpt lat="22.2785475894" lon="114.2159286016"><ele>152.000</ele></trkpt>
      <trkpt lat="22.2785478158" lon="114.2159257033"><ele>152.000</ele></trkpt>
      <trkpt lat="22.2785480667" lon="114.2159228031"><ele>152.000</ele></trkpt>
      <trkpt lat="22.2785483374" lon="114.2159199058"><ele>152.000</ele></trkpt>
      <trkpt lat="22.2785486325" lon="114.2159170124"><ele>152.000</ele></trkpt>
      <trkpt lat="22.2785489493" lon="114.2159141210"><ele>152.000</ele></trkpt>
      <trkpt lat="22.2785492859" lon="114.2159112334"><ele>152.000</ele></trkpt>
      <trkpt lat="22.2785496587" lon="114.2159083498"><ele>152.000</ele></trkpt>
      <trkpt lat="22.2785500856" lon="114.2159054739"><ele>152.000</ele></trkpt>
      <trkpt lat="22.2785504403" lon="114.2159025883"><ele>152.000</ele></trkpt>
      <trkpt lat="22.2785506740" lon="114.2158996910"><ele>152.000</ele></trkpt>
      <trkpt lat="22.2785508589" lon="114.2158967859"><ele>152.000</ele></trkpt>
      <trkpt lat="22.2785510384" lon="114.2158938789"><ele>152.000</ele></trkpt>
      <trkpt lat="22.2785512522" lon="114.2158909787"><ele>152.000</ele></trkpt>
      <trkpt lat="22.2785516376" lon="114.2158880979"><ele>152.000</ele></trkpt>
      <trkpt lat="22.2785520013" lon="114.2158852123"><ele>152.000</ele></trkpt>
      <trkpt lat="22.2785522892" lon="114.2158823189"><ele>152.000</ele></trkpt>
      <trkpt lat="22.2785525139" lon="114.2158794187"><ele>152.000</ele></trkpt>
      <trkpt lat="22.2785526753" lon="114.2158765107"><ele>152.000</ele></trkpt>
      <trkpt lat="22.2785527717" lon="114.2158736017"><ele>152.000</ele></trkpt>
      <trkpt lat="22.2785528068" lon="114.2158706908"><ele>152.000</ele></trkpt>
      <trkpt lat="22.2785527777" lon="114.2158677818"><ele>152.000</ele></trkpt>
      <trkpt lat="22.2785526817" lon="114.2158648708"><ele>152.000</ele></trkpt>
      <trkpt lat="22.2785525253" lon="114.2158619656"><ele>152.000</ele></trkpt>
      <trkpt lat="22.2785523038" lon="114.2158590653"><ele>152.000</ele></trkpt>
      <trkpt lat="22.2785520210" lon="114.2158561688"><ele>152.000</ele></trkpt>
      <trkpt lat="22.2785516731" lon="114.2158532830"><ele>152.000</ele></trkpt>
      <trkpt lat="22.2785512638" lon="114.2158504050"><ele>152.000</ele></trkpt>
      <trkpt lat="22.2785507967" lon="114.2158475366"><ele>152.000</ele></trkpt>
      <trkpt lat="22.2785502384" lon="114.2158446895"><ele>152.000</ele></trkpt>
      <trkpt lat="22.2785496385" lon="114.2158418502"><ele>152.000</ele></trkpt>
      <trkpt lat="22.2785489998" lon="114.2158390206"><ele>152.000</ele></trkpt>
      <trkpt lat="22.2785482528" lon="114.2158362230"><ele>152.000</ele></trkpt>
      <trkpt lat="22.2785475003" lon="114.2158334254"><ele>152.000</ele></trkpt>
      <trkpt lat="22.2785467315" lon="114.2158306345"><ele>152.000</ele></trkpt>
      <trkpt lat="22.2785459447" lon="114.2158278495"><ele>152.000</ele></trkpt>
      <trkpt lat="22.2785451417" lon="114.2158250683"><ele>150.000</ele></trkpt>
      <trkpt lat="22.2785443224" lon="114.2158222950"><ele>150.000</ele></trkpt>
      <trkpt lat="22.2785434850" lon="114.2158195255"><ele>150.000</ele></trkpt>
      <trkpt lat="22.2785426314" lon="114.2158167637"><ele>150.000</ele></trkpt>
      <trkpt lat="22.2785417615" lon="114.2158140058"><ele>150.000</ele></trkpt>
      <trkpt lat="22.2785408753" lon="114.2158112557"><ele>150.000</ele></trkpt>
      <trkpt lat="22.2785399711" lon="114.2158085114"><ele>150.000</ele></trkpt>
      <trkpt lat="22.2785390506" lon="114.2158057749"><ele>150.000</ele></trkpt>
      <trkpt lat="22.2785381139" lon="114.2158030422"><ele>150.000</ele></trkpt>
      <trkpt lat="22.2785371609" lon="114.2158003173"><ele>150.000</ele></trkpt>
      <trkpt lat="22.2785361917" lon="114.2157976001"><ele>150.000</ele></trkpt>
      <trkpt lat="22.2785352044" lon="114.2157948898"><ele>150.000</ele></trkpt>
      <trkpt lat="22.2785342026" lon="114.2157921852"><ele>150.000</ele></trkpt>
      <trkpt lat="22.2785331828" lon="114.2157894875"><ele>150.000</ele></trkpt>
      <trkpt lat="22.2785321467" lon="114.2157867985"><ele>150.000</ele></trkpt>
      <trkpt lat="22.2785310962" lon="114.2157841152"><ele>150.000</ele></trkpt>
      <trkpt lat="22.2785300294" lon="114.2157814388"><ele>150.000</ele></trkpt>
      <trkpt lat="22.2785289338" lon="114.2157787769"><ele>150.000</ele></trkpt>
      <trkpt lat="22.2785278200" lon="114.2157761228"><ele>150.000</ele></trkpt>
      <trkpt lat="22.2785267442" lon="114.2157734522"><ele>150.000</ele></trkpt>
      <trkpt lat="22.2785257090" lon="114.2157707603"><ele>150.000</ele></trkpt>
      <trkpt lat="22.2785246883" lon="114.2157680645"><ele>150.000</ele></trkpt>
      <trkpt lat="22.2785236613" lon="114.2157653706"><ele>150.000</ele></trkpt>
      <trkpt lat="22.2785225963" lon="114.2157626942"><ele>150.000</ele></trkpt>
      <trkpt lat="22.2785214193" lon="114.2157600721"><ele>150.000</ele></trkpt>
      <trkpt lat="22.2785201539" lon="114.2157574984"><ele>150.000</ele></trkpt>
      <trkpt lat="22.2785187945" lon="114.2157549791"><ele>150.000</ele></trkpt>
      <trkpt lat="22.2785173447" lon="114.2157525199"><ele>152.000</ele></trkpt>
      <trkpt lat="22.2785158065" lon="114.2157501248"><ele>152.000</ele></trkpt>
      <trkpt lat="22.2785141815" lon="114.2157477956"><ele>152.000</ele></trkpt>
      <trkpt lat="22.2785124735" lon="114.2157455343"><ele>152.000</ele></trkpt>
      <trkpt lat="22.2785106841" lon="114.2157433506"><ele>152.000</ele></trkpt>
      <trkpt lat="22.2785088117" lon="114.2157412445"><ele>152.000</ele></trkpt>
      <trkpt lat="22.2785069139" lon="114.2157391636"><ele>152.000</ele></trkpt>
      <trkpt lat="22.2785049620" lon="114.2157371409"><ele>152.000</ele></trkpt>
      <trkpt lat="22.2785029016" lon="114.2157352560"><ele>152.000</ele></trkpt>
      <trkpt lat="22.2785008160" lon="114.2157333963"><ele>152.000</ele></trkpt>
      <trkpt lat="22.2784987195" lon="114.2157315463"><ele>152.000</ele></trkpt>
      <trkpt lat="22.2784966068" lon="114.2157297157"><ele>150.000</ele></trkpt>
      <trkpt lat="22.2784944742" lon="114.2157279142"><ele>150.000</ele></trkpt>
      <trkpt lat="22.2784923145" lon="114.2157261535"><ele>150.000</ele></trkpt>
      <trkpt lat="22.2784901259" lon="114.2157244432"><ele>150.000</ele></trkpt>
      <trkpt lat="22.2784878975" lon="114.2157227988"><ele>150.000</ele></trkpt>
      <trkpt lat="22.2784856095" lon="114.2157212535"><ele>150.000</ele></trkpt>
      <trkpt lat="22.2784832673" lon="114.2157197915"><ele>150.000</ele></trkpt>
      <trkpt lat="22.2784808926" lon="114.2157183820"><ele>150.000</ele></trkpt>
      <trkpt lat="22.2784786714" lon="114.2157170928"><ele>150.000</ele></trkpt>
      <trkpt lat="22.2784785034" lon="114.2157169957"><ele>150.000</ele></trkpt>
      <trkpt lat="22.2784744799" lon="114.2157146076"><ele>150.000</ele></trkpt>
      <trkpt lat="22.2784843845" lon="114.2157118964"><ele>150.000</ele></trkpt>
      <trkpt lat="22.2784938290" lon="114.2157107851"><ele>150.000</ele></trkpt>
      <trkpt lat="22.2784973207" lon="114.2157090385"><ele>150.000</ele></trkpt>
      <trkpt lat="22.2784965066" lon="114.2157033454"><ele>150.000</ele></trkpt>
      <trkpt lat="22.2784871359" lon="114.2156902058"><ele>150.000</ele></trkpt>
      <trkpt lat="22.2784826567" lon="114.2156753151"><ele>147.000</ele></trkpt>
      <trkpt lat="22.2784846984" lon="114.2156569233"><ele>147.000</ele></trkpt>
      <trkpt lat="22.2784940766" lon="114.2156385336"><ele>147.000</ele></trkpt>
      <trkpt lat="22.2785083465" lon="114.2156170790"><ele>143.000</ele></trkpt>
      <trkpt lat="22.2785189470" lon="114.2156043825"><ele>142.000</ele></trkpt>
      <trkpt lat="22.2785328069" lon="114.2155903730"><ele>142.000</ele></trkpt>
      <trkpt lat="22.2785434045" lon="114.2155859969"><ele>142.000</ele></trkpt>
      <trkpt lat="22.2785633773" lon="114.2155798720"><ele>140.000</ele></trkpt>
      <trkpt lat="22.2785751992" lon="114.2155689272"><ele>139.000</ele></trkpt>
      <trkpt lat="22.2785853923" lon="114.2155527267"><ele>139.000</ele></trkpt>
      <trkpt lat="22.2785951775" lon="114.2155356509"><ele>138.000</ele></trkpt>
      <trkpt lat="22.2786061851" lon="114.2155233920"><ele>138.000</ele></trkpt>
      <trkpt lat="22.2786188217" lon="114.2155159512"><ele>136.000</ele></trkpt>
      <trkpt lat="22.2786347167" lon="114.2155150794"><ele>136.000</ele></trkpt>
      <trkpt lat="22.2786526500" lon="114.2155137705"><ele>136.000</ele></trkpt>
      <trkpt lat="22.2786652847" lon="114.2155102712"><ele>136.000</ele></trkpt>
      <trkpt lat="22.2786730303" lon="114.2155028281"><ele>136.000</ele></trkpt>
      <trkpt lat="22.2786771084" lon="114.2154918821"><ele>136.000</ele></trkpt>
      <trkpt lat="22.2786734433" lon="114.2154826845"><ele>133.000</ele></trkpt>
      <trkpt lat="22.2786526618" lon="114.2154642864"><ele>134.000</ele></trkpt>
      <trkpt lat="22.2786359548" lon="114.2154507061"><ele>134.000</ele></trkpt>
      <trkpt lat="22.2786257699" lon="114.2154323110"><ele>132.000</ele></trkpt>
      <trkpt lat="22.2786159934" lon="114.2154090984"><ele>132.000</ele></trkpt>
      <trkpt lat="22.2786043982" lon="114.2154045891"><ele>133.000</ele></trkpt>
      <trkpt lat="22.2785998323" lon="114.2154047838"><ele>133.000</ele></trkpt>
      <trkpt lat="22.2785972570" lon="114.2154037973"><ele>133.000</ele></trkpt>
      <trkpt lat="22.2785946799" lon="114.2154028981"><ele>133.000</ele></trkpt>
      <trkpt lat="22.2785921081" lon="114.2154019853"><ele>133.000</ele></trkpt>
      <trkpt lat="22.2785895419" lon="114.2154010531"><ele>133.000</ele></trkpt>
      <trkpt lat="22.2785869810" lon="114.2154000995"><ele>133.000</ele></trkpt>
      <trkpt lat="22.2785844274" lon="114.2153991266"><ele>133.000</ele></trkpt>
      <trkpt lat="22.2785818810" lon="114.2153981342"><ele>133.000</ele></trkpt>
      <trkpt lat="22.2785793400" lon="114.2153971224"><ele>133.000</ele></trkpt>
      <trkpt lat="22.2785768062" lon="114.2153960913"><ele>133.000</ele></trkpt>
      <trkpt lat="22.2785742797" lon="114.2153950426"><ele>133.000</ele></trkpt>
      <trkpt lat="22.2785717604" lon="114.2153939726"><ele>133.000</ele></trkpt>
      <trkpt lat="22.2785692492" lon="114.2153928852"><ele>133.000</ele></trkpt>
      <trkpt lat="22.2785667489" lon="114.2153917619"><ele>133.000</ele></trkpt>
      <trkpt lat="22.2785642369" lon="114.2153906696"><ele>131.000</ele></trkpt>
      <trkpt lat="22.2785616724" lon="114.2153897296"><ele>132.000</ele></trkpt>
      <trkpt lat="22.2785591169" lon="114.2153887625"><ele>132.000</ele></trkpt>
      <trkpt lat="22.2785565669" lon="114.2153877818"><ele>132.000</ele></trkpt>
      <trkpt lat="22.2785540223" lon="114.2153867855"><ele>132.000</ele></trkpt>
      <trkpt lat="22.2785514813" lon="114.2153857737"><ele>132.000</ele></trkpt>
      <trkpt lat="22.2785489458" lon="114.2153847465"><ele>132.000</ele></trkpt>
      <trkpt lat="22.2785464156" lon="114.2153837075"><ele>132.000</ele></trkpt>
      <trkpt lat="22.2785438909" lon="114.2153826511"><ele>132.000</ele></trkpt>
      <trkpt lat="22.2785413716" lon="114.2153815821"><ele>132.000</ele></trkpt>
      <trkpt lat="22.2785388587" lon="114.2153804976"><ele>132.000</ele></trkpt>
      <trkpt lat="22.2785363475" lon="114.2153793985"><ele>132.000</ele></trkpt>
      <trkpt lat="22.2785338445" lon="114.2153782839"><ele>132.000</ele></trkpt>
      <trkpt lat="22.2785313469" lon="114.2153771557"><ele>132.000</ele></trkpt>
      <trkpt lat="22.2785288574" lon="114.2153760139"><ele>132.000</ele></trkpt>
      <trkpt lat="22.2785263697" lon="114.2153748566"><ele>132.000</ele></trkpt>
      <trkpt lat="22.2785238667" lon="114.2153737110"><ele>132.000</ele></trkpt>
      <trkpt lat="22.2785216040" lon="114.2153722704"><ele>132.000</ele></trkpt>
      <trkpt lat="22.2785202256" lon="114.2153697346"><ele>132.000</ele></trkpt>
      <trkpt lat="22.2785178644" lon="114.2153682969"><ele>134.000</ele></trkpt>
      <trkpt lat="22.2785155222" lon="114.2153668350"><ele>134.000</ele></trkpt>
      <trkpt lat="22.2785131873" lon="114.2153653595"><ele>134.000</ele></trkpt>
      <trkpt lat="22.2785108577" lon="114.2153638723"><ele>134.000</ele></trkpt>
      <trkpt lat="22.2785085318" lon="114.2153623774"><ele>134.000</ele></trkpt>
      <trkpt lat="22.2785062121" lon="114.2153608747"><ele>134.000</ele></trkpt>
      <trkpt lat="22.2785038943" lon="114.2153593682"><ele>134.000</ele></trkpt>
      <trkpt lat="22.2785015801" lon="114.2153578577"><ele>134.000</ele></trkpt>
      <trkpt lat="22.2784992641" lon="114.2153563453"><ele>134.000</ele></trkpt>
      <trkpt lat="22.2784969490" lon="114.2153548329"><ele>134.000</ele></trkpt>
      <trkpt lat="22.2784946321" lon="114.2153533244"><ele>134.000</ele></trkpt>
      <trkpt lat="22.2784923134" lon="114.2153518179"><ele>134.000</ele></trkpt>
      <trkpt lat="22.2784899911" lon="114.2153503200"><ele>134.000</ele></trkpt>
      <trkpt lat="22.2784876652" lon="114.2153488261"><ele>134.000</ele></trkpt>
      <trkpt lat="22.2784853338" lon="114.2153473428"><ele>134.000</ele></trkpt>
      <trkpt lat="22.2784829952" lon="114.2153458731"><ele>134.000</ele></trkpt>
      <trkpt lat="22.2784806512" lon="114.2153444151"><ele>134.000</ele></trkpt>
      <trkpt lat="22.2784782982" lon="114.2153429725"><ele>134.000</ele></trkpt>
      <trkpt lat="22.2784759361" lon="114.2153415475"><ele>132.000</ele></trkpt>
      <trkpt lat="22.2784735632" lon="114.2153401428"><ele>132.000</ele></trkpt>
      <trkpt lat="22.2784711794" lon="114.2153387575"><ele>132.000</ele></trkpt>
      <trkpt lat="22.2784687848" lon="114.2153373984"><ele>132.000</ele></trkpt>
      <trkpt lat="22.2784663767" lon="114.2153360645"><ele>132.000</ele></trkpt>
      <trkpt lat="22.2784639559" lon="114.2153347578"><ele>132.000</ele></trkpt>
      <trkpt lat="22.2784615197" lon="114.2153334822"><ele>132.000</ele></trkpt>
      <trkpt lat="22.2784590691" lon="114.2153322395"><ele>132.000</ele></trkpt>
      <trkpt lat="22.2784566040" lon="114.2153310317"><ele>132.000</ele></trkpt>
      <trkpt lat="22.2784541236" lon="114.2153298628"><ele>132.000</ele></trkpt>
      <trkpt lat="22.2784516269" lon="114.2153287346"><ele>132.000</ele></trkpt>
      <trkpt lat="22.2784491202" lon="114.2153275870"><ele>132.000</ele></trkpt>
      <trkpt lat="22.2784464218" lon="114.2153279181"><ele>132.000</ele></trkpt>
      <trkpt lat="22.2784439693" lon="114.2153269665"><ele>132.000</ele></trkpt>
      <trkpt lat="22.2784415855" lon="114.2153255793"><ele>132.000</ele></trkpt>
      <trkpt lat="22.2784391891" lon="114.2153242192"><ele>132.000</ele></trkpt>
      <trkpt lat="22.2784367819" lon="114.2153228863"><ele>132.000</ele></trkpt>
      <trkpt lat="22.2784343620" lon="114.2153215767"><ele>132.000</ele></trkpt>
      <trkpt lat="22.2784319312" lon="114.2153202914"><ele>132.000</ele></trkpt>
      <trkpt lat="22.2784294942" lon="114.2153188372"><ele>132.000</ele></trkpt>
      <trkpt lat="22.2784270134" lon="114.2153190946"><ele>134.000</ele></trkpt>
      <trkpt lat="22.2784244469" lon="114.2153192792"><ele>134.000</ele></trkpt>
      <trkpt lat="22.2784218427" lon="114.2153183538"><ele>134.000</ele></trkpt>
      <trkpt lat="22.2784192402" lon="114.2153175438"><ele>134.000</ele></trkpt>
      <trkpt lat="22.2784166360" lon="114.2153167387"><ele>134.000</ele></trkpt>
      <trkpt lat="22.2784140317" lon="114.2153159375"><ele>134.000</ele></trkpt>
      <trkpt lat="22.2784114257" lon="114.2153151412"><ele>134.000</ele></trkpt>
      <trkpt lat="22.2784088178" lon="114.2153143506"><ele>134.000</ele></trkpt>
      <trkpt lat="22.2784062099" lon="114.2153135668"><ele>134.000</ele></trkpt>
      <trkpt lat="22.2784035985" lon="114.2153127879"><ele>134.000</ele></trkpt>
      <trkpt lat="22.2784009879" lon="114.2153120139"><ele>134.000</ele></trkpt>
      <trkpt lat="22.2783983737" lon="114.2153112466"><ele>134.000</ele></trkpt>
      <trkpt lat="22.2783957586" lon="114.2153104862"><ele>134.000</ele></trkpt>
      <trkpt lat="22.2783931417" lon="114.2153097315"><ele>134.000</ele></trkpt>
      <trkpt lat="22.2783905248" lon="114.2153089846"><ele>134.000</ele></trkpt>
      <trkpt lat="22.2783879043" lon="114.2153082416"><ele>134.000</ele></trkpt>
      <trkpt lat="22.2783852820" lon="114.2153075073"><ele>134.000</ele></trkpt>
      <trkpt lat="22.2783826606" lon="114.2153067808"><ele>132.000</ele></trkpt>
      <trkpt lat="22.2783800337" lon="114.2153060601"><ele>132.000</ele></trkpt>
      <trkpt lat="22.2783774087" lon="114.2153053491"><ele>132.000</ele></trkpt>
      <trkpt lat="22.2783747791" lon="114.2153046440"><ele>132.000</ele></trkpt>
      <trkpt lat="22.2783721496" lon="114.2153039466"><ele>132.000</ele></trkpt>
      <trkpt lat="22.2783695155" lon="114.2153032589"><ele>132.000</ele></trkpt>
      <trkpt lat="22.2783668805" lon="114.2153025789"><ele>132.000</ele></trkpt>
      <trkpt lat="22.2783642455" lon="114.2153019087"><ele>132.000</ele></trkpt>
      <trkpt lat="22.2783616069" lon="114.2153012462"><ele>132.000</ele></trkpt>
      <trkpt lat="22.2783589665" lon="114.2153005934"><ele>132.000</ele></trkpt>
      <trkpt lat="22.2783563243" lon="114.2152999484"><ele>132.000</ele></trkpt>
      <trkpt lat="22.2783536803" lon="114.2152993131"><ele>132.000</ele></trkpt>
      <trkpt lat="22.2783510354" lon="114.2152986895"><ele>132.000</ele></trkpt>
      <trkpt lat="22.2783483868" lon="114.2152980736"><ele>132.000</ele></trkpt>
      <trkpt lat="22.2783457374" lon="114.2152974693"><ele>132.000</ele></trkpt>
      <trkpt lat="22.2783430843" lon="114.2152968747"><ele>132.000</ele></trkpt>
      <trkpt lat="22.2783404313" lon="114.2152962899"><ele>132.000</ele></trkpt>
      <trkpt lat="22.2783377746" lon="114.2152957167"><ele>132.000</ele></trkpt>
      <trkpt lat="22.2783351161" lon="114.2152951551"><ele>132.000</ele></trkpt>
      <trkpt lat="22.2783324558" lon="114.2152946052"><ele>132.000</ele></trkpt>
      <trkpt lat="22.2783297937" lon="114.2152940669"><ele>132.000</ele></trkpt>
      <trkpt lat="22.2783271298" lon="114.2152935383"><ele>125.000</ele></trkpt>
      <trkpt lat="22.2783244623" lon="114.2152930233"><ele>125.000</ele></trkpt>
      <trkpt lat="22.2783217947" lon="114.2152925219"><ele>125.000</ele></trkpt>
      <trkpt lat="22.2783191236" lon="114.2152920322"><ele>125.000</ele></trkpt>
      <trkpt lat="22.2783164506" lon="114.2152915540"><ele>125.000</ele></trkpt>
      <trkpt lat="22.2783137759" lon="114.2152910924"><ele>125.000</ele></trkpt>
      <trkpt lat="22.2783110993" lon="114.2152906405"><ele>125.000</ele></trkpt>
      <trkpt lat="22.2783084209" lon="114.2152902031"><ele>125.000</ele></trkpt>
      <trkpt lat="22.2783057407" lon="114.2152897812"><ele>125.000</ele></trkpt>
      <trkpt lat="22.2783030596" lon="114.2152893730"><ele>125.000</ele></trkpt>
      <trkpt lat="22.2783003749" lon="114.2152889793"><ele>125.000</ele></trkpt>
      <trkpt lat="22.2782976875" lon="114.2152885991"><ele>125.000</ele></trkpt>
      <trkpt lat="22.2782950009" lon="114.2152882355"><ele>125.000</ele></trkpt>
      <trkpt lat="22.2782923108" lon="114.2152878874"><ele>126.000</ele></trkpt>
      <trkpt lat="22.2782896197" lon="114.2152875568"><ele>126.000</ele></trkpt>
      <trkpt lat="22.2782869251" lon="114.2152872397"><ele>126.000</ele></trkpt>
      <trkpt lat="22.2782842304" lon="114.2152869401"><ele>126.000</ele></trkpt>
      <trkpt lat="22.2782815339" lon="114.2152866580"><ele>126.000</ele></trkpt>
      <trkpt lat="22.2782788374" lon="114.2152863933"><ele>126.000</ele></trkpt>
      <trkpt lat="22.2782761382" lon="114.2152861442"><ele>126.000</ele></trkpt>
      <trkpt lat="22.2782734372" lon="114.2152859144"><ele>126.000</ele></trkpt>
      <trkpt lat="22.2782707353" lon="114.2152857041"><ele>126.000</ele></trkpt>
      <trkpt lat="22.2782680316" lon="114.2152855093"><ele>126.000</ele></trkpt>
      <trkpt lat="22.2782653260" lon="114.2152853359"><ele>126.000</ele></trkpt>
      <trkpt lat="22.2782626223" lon="114.2152851828"><ele>126.000</ele></trkpt>
      <trkpt lat="22.2782599149" lon="114.2152850452"><ele>126.000</ele></trkpt>
      <trkpt lat="22.2782572076" lon="114.2152849319"><ele>126.000</ele></trkpt>
      <trkpt lat="22.2782545011" lon="114.2152848361"><ele>126.000</ele></trkpt>
      <trkpt lat="22.2782517892" lon="114.2152847733"><ele>126.000</ele></trkpt>
      <trkpt lat="22.2782491325" lon="114.2152845406"><ele>126.000</ele></trkpt>
      <trkpt lat="22.2782468715" lon="114.2152831127"><ele>126.000</ele></trkpt>
      <trkpt lat="22.2782441893" lon="114.2152838125"><ele>126.000</ele></trkpt>
      <trkpt lat="22.2782415450" lon="114.2152844522"><ele>126.000</ele></trkpt>
      <trkpt lat="22.2782389133" lon="114.2152851462"><ele>126.000</ele></trkpt>
      <trkpt lat="22.2782362996" lon="114.2152859082"><ele>126.000</ele></trkpt>
      <trkpt lat="22.2782336986" lon="114.2152867448"><ele>126.000</ele></trkpt>
      <trkpt lat="22.2782310976" lon="114.2152873059"><ele>126.000</ele></trkpt>
      <trkpt lat="22.2782285748" lon="114.2152861477"><ele>126.000</ele></trkpt>
      <trkpt lat="22.2782259323" lon="114.2152867223"><ele>126.000</ele></trkpt>
      <trkpt lat="22.2782233078" lon="114.2152874416"><ele>126.000</ele></trkpt>
      <trkpt lat="22.2782206878" lon="114.2152882191"><ele>126.000</ele></trkpt>
      <trkpt lat="22.2782189687" lon="114.2152904969"><ele>126.000</ele></trkpt>
      <trkpt lat="22.2782165609" lon="114.2152915917"><ele>126.000</ele></trkpt>
      <trkpt lat="22.2782139310" lon="114.2152923508"><ele>126.000</ele></trkpt>
      <trkpt lat="22.2782113534" lon="114.2152932486"><ele>126.000</ele></trkpt>
      <trkpt lat="22.2782087813" lon="114.2152941629"><ele>130.000</ele></trkpt>
      <trkpt lat="22.2782062092" lon="114.2152950733"><ele>130.000</ele></trkpt>
      <trkpt lat="22.2782036361" lon="114.2152959847"><ele>130.000</ele></trkpt>
      <trkpt lat="22.2782010631" lon="114.2152968980"><ele>128.000</ele></trkpt>
      <trkpt lat="22.2781984891" lon="114.2152978094"><ele>128.000</ele></trkpt>
      <trkpt lat="22.2781959170" lon="114.2152987208"><ele>128.000</ele></trkpt>
      <trkpt lat="22.2781933430" lon="114.2152996283"><ele>128.000</ele></trkpt>
      <trkpt lat="22.2781907023" lon="114.2153004640"><ele>128.000</ele></trkpt>
      <trkpt lat="22.2781884298" lon="114.2153018412"><ele>128.000</ele></trkpt>
      <trkpt lat="22.2781869013" lon="114.2153042957"><ele>128.000</ele></trkpt>
      <trkpt lat="22.2781845042" lon="114.2153056476"><ele>128.000</ele></trkpt>
      <trkpt lat="22.2781821018" lon="114.2153069938"><ele>128.000</ele></trkpt>
      <trkpt lat="22.2781796993" lon="114.2153083399"><ele>128.000</ele></trkpt>
      <trkpt lat="22.2781772950" lon="114.2153096802"><ele>128.000</ele></trkpt>
      <trkpt lat="22.2781748835" lon="114.2153110108"><ele>128.000</ele></trkpt>
      <trkpt lat="22.2781724666" lon="114.2153123259"><ele>128.000</ele></trkpt>
      <trkpt lat="22.2781700407" lon="114.2153136216"><ele>128.000</ele></trkpt>
      <trkpt lat="22.2781676066" lon="114.2153148940"><ele>128.000</ele></trkpt>
      <trkpt lat="22.2781651563" lon="114.2153161392"><ele>128.000</ele></trkpt>
      <trkpt lat="22.2781626925" lon="114.2153173494"><ele>128.000</ele></trkpt>
      <trkpt lat="22.2781602133" lon="114.2153185209"><ele>128.000</ele></trkpt>
      <trkpt lat="22.2781577142" lon="114.2153196477"><ele>128.000</ele></trkpt>
      <trkpt lat="22.2781551962" lon="114.2153207221"><ele>126.000</ele></trkpt>
      <trkpt lat="22.2781526566" lon="114.2153217383"><ele>126.000</ele></trkpt>
      <trkpt lat="22.2781500980" lon="114.2153226885"><ele>126.000</ele></trkpt>
      <trkpt lat="22.2781475123" lon="114.2153235640"><ele>126.000</ele></trkpt>
      <trkpt lat="22.2781449041" lon="114.2153243522"><ele>126.000</ele></trkpt>
      <trkpt lat="22.2781422742" lon="114.2153250501"><ele>126.000</ele></trkpt>
      <trkpt lat="22.2781396226" lon="114.2153256412"><ele>126.000</ele></trkpt>
      <trkpt lat="22.2781369494" lon="114.2153261179"><ele>126.000</ele></trkpt>
      <trkpt lat="22.2781342609" lon="114.2153264684"><ele>126.000</ele></trkpt>
      <trkpt lat="22.2781315381" lon="114.2153267685"><ele>126.000</ele></trkpt>
      <trkpt lat="22.2781291164" lon="114.2153254715"><ele>126.000</ele></trkpt>
      <trkpt lat="22.2781265877" lon="114.2153261772"><ele>126.000</ele></trkpt>
      <trkpt lat="22.2781239686" lon="114.2153270245"><ele>126.000</ele></trkpt>
      <trkpt lat="22.2781212737" lon="114.2153275254"><ele>126.000</ele></trkpt>
      <trkpt lat="22.2781186025" lon="114.2153275742"><ele>126.000</ele></trkpt>
      <trkpt lat="22.2781165006" lon="114.2153256912"><ele>126.000</ele></trkpt>
      <trkpt lat="22.2781139397" lon="114.2153249045"><ele>126.000</ele></trkpt>
      <trkpt lat="22.2781112776" lon="114.2153242537"><ele>124.000</ele></trkpt>
      <trkpt lat="22.2781086188" lon="114.2153248681"><ele>124.000</ele></trkpt>
      <trkpt lat="22.2781060940" lon="114.2153243008"><ele>124.000</ele></trkpt>
      <trkpt lat="22.2781038765" lon="114.2153226021"><ele>124.000</ele></trkpt>
      <trkpt lat="22.2781017457" lon="114.2153206920"><ele>124.000</ele></trkpt>
      <trkpt lat="22.2780993690" lon="114.2153199364"><ele>124.000</ele></trkpt>
      <trkpt lat="22.2780967122" lon="114.2153199842"><ele>124.000</ele></trkpt>
      <trkpt lat="22.2780941640" lon="114.2153189181"><ele>124.000</ele></trkpt>
      <trkpt lat="22.2780916266" lon="114.2153178986"><ele>124.000</ele></trkpt>
      <trkpt lat="22.2780891037" lon="114.2153168344"><ele>124.000</ele></trkpt>
      <trkpt lat="22.2780865989" lon="114.2153157295"><ele>124.000</ele></trkpt>
      <trkpt lat="22.2780841085" lon="114.2153145820"><ele>124.000</ele></trkpt>
      <trkpt lat="22.2780816344" lon="114.2153133956"><ele>124.000</ele></trkpt>
      <trkpt lat="22.2780791765" lon="114.2153121704"><ele>124.000</ele></trkpt>
      <trkpt lat="22.2780767349" lon="114.2153109122"><ele>124.000</ele></trkpt>
      <trkpt lat="22.2780743078" lon="114.2153096171"><ele>124.000</ele></trkpt>
      <trkpt lat="22.2780718970" lon="114.2153082871"><ele>124.000</ele></trkpt>
      <trkpt lat="22.2780695023" lon="114.2153069280"><ele>124.000</ele></trkpt>
      <trkpt lat="22.2780671222" lon="114.2153055359"><ele>124.000</ele></trkpt>
      <trkpt lat="22.2780647583" lon="114.2153041138"><ele>124.000</ele></trkpt>
      <trkpt lat="22.2780624107" lon="114.2153026606"><ele>124.000</ele></trkpt>
      <trkpt lat="22.2780600793" lon="114.2153011793"><ele>124.000</ele></trkpt>
      <trkpt lat="22.2780577624" lon="114.2152996708"><ele>124.000</ele></trkpt>
      <trkpt lat="22.2780554600" lon="114.2152981351"><ele>124.000</ele></trkpt>
      <trkpt lat="22.2780531738" lon="114.2152965723"><ele>124.000</ele></trkpt>
      <trkpt lat="22.2780509048" lon="114.2152949842"><ele>124.000</ele></trkpt>
      <trkpt lat="22.2780486502" lon="114.2152933690"><ele>122.000</ele></trkpt>
      <trkpt lat="22.2780464128" lon="114.2152917286"><ele>122.000</ele></trkpt>
      <trkpt lat="22.2780441899" lon="114.2152900658"><ele>122.000</ele></trkpt>
      <trkpt lat="22.2780419832" lon="114.2152883740"><ele>122.000</ele></trkpt>
      <trkpt lat="22.2780397945" lon="114.2152866598"><ele>122.000</ele></trkpt>
      <trkpt lat="22.2780376222" lon="114.2152849204"><ele>122.000</ele></trkpt>
      <trkpt lat="22.2780354661" lon="114.2152831577"><ele>122.000</ele></trkpt>
      <trkpt lat="22.2780333281" lon="114.2152813718"><ele>122.000</ele></trkpt>
      <trkpt lat="22.2780312063" lon="114.2152795596"><ele>122.000</ele></trkpt>
      <trkpt lat="22.2780291044" lon="114.2152777242"><ele>122.000</ele></trkpt>
      <trkpt lat="22.2780270215" lon="114.2152758635"><ele>122.000</ele></trkpt>
      <trkpt lat="22.2780249566" lon="114.2152739777"><ele>122.000</ele></trkpt>
      <trkpt lat="22.2780229125" lon="114.2152720675"><ele>122.000</ele></trkpt>
      <trkpt lat="22.2780208892" lon="114.2152701322"><ele>124.000</ele></trkpt>
      <trkpt lat="22.2780182610" lon="114.2152675446"><ele>124.000</ele></trkpt>
      <trkpt lat="22.2780152402" lon="114.2152638741"><ele>124.000</ele></trkpt>
      <trkpt lat="22.2780137670" lon="114.2152614324"><ele>124.000</ele></trkpt>
      <trkpt lat="22.2780125141" lon="114.2152588510"><ele>124.000</ele></trkpt>
      <trkpt lat="22.2780114618" lon="114.2152561688"><ele>124.000</ele></trkpt>
      <trkpt lat="22.2780105847" lon="114.2152534148"><ele>124.000</ele></trkpt>
      <trkpt lat="22.2780098159" lon="114.2152506143"><ele>124.000</ele></trkpt>
      <trkpt lat="22.2780099783" lon="114.2152476063"><ele>124.000</ele></trkpt>
      <trkpt lat="22.2780081718" lon="114.2152455158"><ele>124.000</ele></trkpt>
      <trkpt lat="22.2780056850" lon="114.2152443604"><ele>124.000</ele></trkpt>
      <trkpt lat="22.2780032000" lon="114.2152432032"><ele>124.000</ele></trkpt>
      <trkpt lat="22.2780007142" lon="114.2152420439"><ele>124.000</ele></trkpt>
      <trkpt lat="22.2779982265" lon="114.2152408905"><ele>124.000</ele></trkpt>
      <trkpt lat="22.2779957343" lon="114.2152397468"><ele>124.000</ele></trkpt>
      <trkpt lat="22.2779932331" lon="114.2152386322"><ele>124.000</ele></trkpt>
      <trkpt lat="22.2779906885" lon="114.2152376340"><ele>124.000</ele></trkpt>
      <trkpt lat="22.2779881240" lon="114.2152366921"><ele>124.000</ele></trkpt>
      <trkpt lat="22.2779855867" lon="114.2152356726"><ele>124.000</ele></trkpt>
      <trkpt lat="22.2779830719" lon="114.2152345968"><ele>124.000</ele></trkpt>
      <trkpt lat="22.2779805571" lon="114.2152335094"><ele>124.000</ele></trkpt>
      <trkpt lat="22.2779780450" lon="114.2152324181"><ele>124.000</ele></trkpt>
      <trkpt lat="22.2779755366" lon="114.2152313190"><ele>126.000</ele></trkpt>
      <trkpt lat="22.2779730308" lon="114.2152302160"><ele>126.000</ele></trkpt>
      <trkpt lat="22.2779705233" lon="114.2152291092"><ele>126.000</ele></trkpt>
      <trkpt lat="22.2779680185" lon="114.2152279985"><ele>126.000</ele></trkpt>
      <trkpt lat="22.2779655154" lon="114.2152268878"><ele>126.000</ele></trkpt>
      <trkpt lat="22.2779630124" lon="114.2152257741"><ele>126.000</ele></trkpt>
      <trkpt lat="22.2779605112" lon="114.2152246547"><ele>126.000</ele></trkpt>
      <trkpt lat="22.2779580100" lon="114.2152235343"><ele>126.000</ele></trkpt>
      <trkpt lat="22.2779555105" lon="114.2152224100"><ele>126.000</ele></trkpt>
      <trkpt lat="22.2779530129" lon="114.2152212818"><ele>126.000</ele></trkpt>
      <trkpt lat="22.2779505171" lon="114.2152201536"><ele>126.000</ele></trkpt>
      <trkpt lat="22.2779480213" lon="114.2152190196"><ele>126.000</ele></trkpt>
      <trkpt lat="22.2779455373" lon="114.2152178623"><ele>126.000</ele></trkpt>
      <trkpt lat="22.2779430776" lon="114.2152166410"><ele>126.000</ele></trkpt>
      <trkpt lat="22.2779405863" lon="114.2152154953"><ele>126.000</ele></trkpt>
      <trkpt lat="22.2779380743" lon="114.2152144040"><ele>126.000</ele></trkpt>
      <trkpt lat="22.2779355423" lon="114.2152133670"><ele>126.000</ele></trkpt>
      <trkpt lat="22.2779329923" lon="114.2152123844"><ele>126.000</ele></trkpt>
      <trkpt lat="22.2779304242" lon="114.2152114580"><ele>126.000</ele></trkpt>
      <trkpt lat="22.2779278380" lon="114.2152105879"><ele>126.000</ele></trkpt>
      <trkpt lat="22.2779252374" lon="114.2152097741"><ele>126.000</ele></trkpt>
      <trkpt lat="22.2779226205" lon="114.2152090185"><ele>126.000</ele></trkpt>
      <trkpt lat="22.2779199909" lon="114.2152083172"><ele>126.000</ele></trkpt>
      <trkpt lat="22.2779173487" lon="114.2152076741"><ele>126.000</ele></trkpt>
      <trkpt lat="22.2779146966" lon="114.2152070893"><ele>126.000</ele></trkpt>
      <trkpt lat="22.2779120318" lon="114.2152065607"><ele>126.000</ele></trkpt>
      <trkpt lat="22.2779093570" lon="114.2152060923"><ele>126.000</ele></trkpt>
      <trkpt lat="22.2779066750" lon="114.2152056801"><ele>126.000</ele></trkpt>
      <trkpt lat="22.2779039857" lon="114.2152053262"><ele>126.000</ele></trkpt>
      <trkpt lat="22.2779012911" lon="114.2152050266"><ele>126.000</ele></trkpt>
      <trkpt lat="22.2778985837" lon="114.2152048590"><ele>126.000</ele></trkpt>
      <trkpt lat="22.2778958728" lon="114.2152047263"><ele>126.000</ele></trkpt>
      <trkpt lat="22.2778932070" lon="114.2152042530"><ele>126.000</ele></trkpt>
      <trkpt lat="22.2778905558" lon="114.2152036711"><ele>126.000</ele></trkpt>
      <trkpt lat="22.2778879099" lon="114.2152030435"><ele>126.000</ele></trkpt>
      <trkpt lat="22.2778852695" lon="114.2152023908"><ele>129.000</ele></trkpt>
      <trkpt lat="22.2778826291" lon="114.2152017263"><ele>129.000</ele></trkpt>
      <trkpt lat="22.2778799869" lon="114.2152010639"><ele>129.000</ele></trkpt>
      <trkpt lat="22.2778773447" lon="114.2152004208"><ele>129.000</ele></trkpt>
      <trkpt lat="22.2778747007" lon="114.2151997855"><ele>129.000</ele></trkpt>
      <trkpt lat="22.2778720567" lon="114.2151991483"><ele>129.000</ele></trkpt>
      <trkpt lat="22.2778694145" lon="114.2151985071"><ele>129.000</ele></trkpt>
      <trkpt lat="22.2778667722" lon="114.2151978660"><ele>129.000</ele></trkpt>
      <trkpt lat="22.2778641300" lon="114.2151972210"><ele>129.000</ele></trkpt>
      <trkpt lat="22.2778614878" lon="114.2151965741"><ele>126.000</ele></trkpt>
      <trkpt lat="22.2778588474" lon="114.2151959271"><ele>126.000</ele></trkpt>
      <trkpt lat="22.2778562070" lon="114.2151952782"><ele>126.000</ele></trkpt>
      <trkpt lat="22.2778535648" lon="114.2151946274"><ele>126.000</ele></trkpt>
      <trkpt lat="22.2778509244" lon="114.2151939746"><ele>126.000</ele></trkpt>
      <trkpt lat="22.2778482858" lon="114.2151933219"><ele>126.000</ele></trkpt>
      <trkpt lat="22.2778456454" lon="114.2151926671"><ele>126.000</ele></trkpt>
      <trkpt lat="22.2778430068" lon="114.2151920105"><ele>126.000</ele></trkpt>
      <trkpt lat="22.2778403682" lon="114.2151913500"><ele>131.000</ele></trkpt>
      <trkpt lat="22.2778377305" lon="114.2151906894"><ele>131.000</ele></trkpt>
      <trkpt lat="22.2778350910" lon="114.2151900260"><ele>131.000</ele></trkpt>
      <trkpt lat="22.2778324542" lon="114.2151893587"><ele>131.000</ele></trkpt>
      <trkpt lat="22.2778298174" lon="114.2151886923"><ele>131.000</ele></trkpt>
      <trkpt lat="22.2778271806" lon="114.2151880221"><ele>131.000</ele></trkpt>
      <trkpt lat="22.2778245439" lon="114.2151873519"><ele>131.000</ele></trkpt>
      <trkpt lat="22.2778219071" lon="114.2151866816"><ele>131.000</ele></trkpt>
      <trkpt lat="22.2778192730" lon="114.2151860095"><ele>131.000</ele></trkpt>
      <trkpt lat="22.2778166371" lon="114.2151853353"><ele>131.000</ele></trkpt>
      <trkpt lat="22.2778140003" lon="114.2151846593"><ele>131.000</ele></trkpt>
      <trkpt lat="22.2778113671" lon="114.2151839794"><ele>131.000</ele></trkpt>
      <trkpt lat="22.2778087322" lon="114.2151832975"><ele>131.000</ele></trkpt>
      <trkpt lat="22.2778060990" lon="114.2151826156"><ele>131.000</ele></trkpt>
      <trkpt lat="22.2778034658" lon="114.2151819318"><ele>131.000</ele></trkpt>
      <trkpt lat="22.2778008326" lon="114.2151812441"><ele>131.000</ele></trkpt>
      <trkpt lat="22.2777982013" lon="114.2151805583"><ele>131.000</ele></trkpt>
      <trkpt lat="22.2777955663" lon="114.2151798745"><ele>133.000</ele></trkpt>
      <trkpt lat="22.2777929331" lon="114.2151791907"><ele>133.000</ele></trkpt>
      <trkpt lat="22.2777903099" lon="114.2151784700"><ele>133.000</ele></trkpt>
      <trkpt lat="22.2777877102" lon="114.2151776465"><ele>133.000</ele></trkpt>
      <trkpt lat="22.2777851113" lon="114.2151768249"><ele>133.000</ele></trkpt>
      <trkpt lat="22.2777825125" lon="114.2151760014"><ele>133.000</ele></trkpt>
      <trkpt lat="22.2777799173" lon="114.2151751662"><ele>133.000</ele></trkpt>
      <trkpt lat="22.2777773239" lon="114.2151743252"><ele>133.000</ele></trkpt>
      <trkpt lat="22.2777747323" lon="114.2151734784"><ele>133.000</ele></trkpt>
      <trkpt lat="22.2777721407" lon="114.2151726238"><ele>133.000</ele></trkpt>
      <trkpt lat="22.2777695555" lon="114.2151717585"><ele>133.000</ele></trkpt>
      <trkpt lat="22.2777669702" lon="114.2151708894"><ele>133.000</ele></trkpt>
      <trkpt lat="22.2777643858" lon="114.2151700135"><ele>133.000</ele></trkpt>
      <trkpt lat="22.2777618051" lon="114.2151691279"><ele>133.000</ele></trkpt>
      <trkpt lat="22.2777592270" lon="114.2151682364"><ele>133.000</ele></trkpt>
      <trkpt lat="22.2777566499" lon="114.2151673372"><ele>133.000</ele></trkpt>
      <trkpt lat="22.2777540755" lon="114.2151664283"><ele>133.000</ele></trkpt>
      <trkpt lat="22.2777515020" lon="114.2151655174"><ele>133.000</ele></trkpt>
      <trkpt lat="22.2777489321" lon="114.2151645969"><ele>134.000</ele></trkpt>
      <trkpt lat="22.2777463658" lon="114.2151636647"><ele>134.000</ele></trkpt>
      <trkpt lat="22.2777437995" lon="114.2151627306"><ele>134.000</ele></trkpt>
      <trkpt lat="22.2777412368" lon="114.2151617887"><ele>134.000</ele></trkpt>
      <trkpt lat="22.2777386760" lon="114.2151608371"><ele>134.000</ele></trkpt>
      <trkpt lat="22.2777361169" lon="114.2151598816"><ele>134.000</ele></trkpt>
      <trkpt lat="22.2777335596" lon="114.2151589183"><ele>134.000</ele></trkpt>
      <trkpt lat="22.2777310087" lon="114.2151579454"><ele>134.000</ele></trkpt>
      <trkpt lat="22.2777284560" lon="114.2151569666"><ele>134.000</ele></trkpt>
      <trkpt lat="22.2777259069" lon="114.2151559820"><ele>134.000</ele></trkpt>
      <trkpt lat="22.2777233596" lon="114.2151549877"><ele>134.000</ele></trkpt>
      <trkpt lat="22.2777208177" lon="114.2151539857"><ele>134.000</ele></trkpt>
      <trkpt lat="22.2777182740" lon="114.2151529817"><ele>134.000</ele></trkpt>
      <trkpt lat="22.2777157348" lon="114.2151519661"><ele>134.000</ele></trkpt>
      <trkpt lat="22.2777131974" lon="114.2151509446"><ele>134.000</ele></trkpt>
      <trkpt lat="22.2777106637" lon="114.2151499115"><ele>134.000</ele></trkpt>
      <trkpt lat="22.2777081317" lon="114.2151488765"><ele>134.000</ele></trkpt>
      <trkpt lat="22.2777056025" lon="114.2151478356"><ele>133.000</ele></trkpt>
      <trkpt lat="22.2777030751" lon="114.2151467851"><ele>133.000</ele></trkpt>
      <trkpt lat="22.2777005531" lon="114.2151457248"><ele>133.000</ele></trkpt>
      <trkpt lat="22.2776980311" lon="114.2151446626"><ele>133.000</ele></trkpt>
      <trkpt lat="22.2776955118" lon="114.2151435907"><ele>133.000</ele></trkpt>
      <trkpt lat="22.2776929961" lon="114.2151425110"><ele>133.000</ele></trkpt>
      <trkpt lat="22.2776904822" lon="114.2151414255"><ele>133.000</ele></trkpt>
      <trkpt lat="22.2776879448" lon="114.2151403866"><ele>133.000</ele></trkpt>
      <trkpt lat="22.2776854527" lon="114.2151392545"><ele>133.000</ele></trkpt>
      <trkpt lat="22.2776831032" lon="114.2151378023"><ele>133.000</ele></trkpt>
      <trkpt lat="22.2776808170" lon="114.2151362143"><ele>133.000</ele></trkpt>
      <trkpt lat="22.2776785164" lon="114.2151346631"><ele>133.000</ele></trkpt>
      <trkpt lat="22.2776761272" lon="114.2151333234"><ele>133.000</ele></trkpt>
      <trkpt lat="22.2776736097" lon="114.2151322942"><ele>133.000</ele></trkpt>
      <trkpt lat="22.2776710091" lon="114.2151314687"><ele>133.000</ele></trkpt>
      <trkpt lat="22.2776683795" lon="114.2151307054"><ele>133.000</ele></trkpt>
      <trkpt lat="22.2776657807" lon="114.2151298644"><ele>133.000</ele></trkpt>
      <trkpt lat="22.2776632208" lon="114.2151289031"><ele>133.000</ele></trkpt>
      <trkpt lat="22.2776606716" lon="114.2151279029"><ele>133.000</ele></trkpt>
      <trkpt lat="22.2776581126" lon="114.2151269436"><ele>132.000</ele></trkpt>
      <trkpt lat="22.2776555246" lon="114.2151261026"><ele>132.000</ele></trkpt>
      <trkpt lat="22.2776528860" lon="114.2151254653"><ele>132.000</ele></trkpt>
      <trkpt lat="22.2776502103" lon="114.2151249853"><ele>132.000</ele></trkpt>
      <trkpt lat="22.2776475274" lon="114.2151245499"><ele>132.000</ele></trkpt>
      <trkpt lat="22.2776448436" lon="114.2151241397"><ele>132.000</ele></trkpt>
      <trkpt lat="22.2776421526" lon="114.2151237799"><ele>132.000</ele></trkpt>
      <trkpt lat="22.2776394724" lon="114.2151233639"><ele>132.000</ele></trkpt>
      <trkpt lat="22.2776368229" lon="114.2151227558"><ele>132.000</ele></trkpt>
      <trkpt lat="22.2776342061" lon="114.2151219245"><ele>132.000</ele></trkpt>
      <trkpt lat="22.2776315892" lon="114.2151211533"><ele>132.000</ele></trkpt>
      <trkpt lat="22.2776289342" lon="114.2151207451"><ele>132.000</ele></trkpt>
      <trkpt lat="22.2776262359" lon="114.2151208220"><ele>132.000</ele></trkpt>
      <trkpt lat="22.2776235176" lon="114.2151210813"><ele>132.000</ele></trkpt>
      <trkpt lat="22.2776208048" lon="114.2151211766"><ele>132.000</ele></trkpt>
      <trkpt lat="22.2776180938" lon="114.2151210740"><ele>132.000</ele></trkpt>
      <trkpt lat="22.2776153874" lon="114.2151208559"><ele>132.000</ele></trkpt>
      <trkpt lat="22.2776127053" lon="114.2151204923"><ele>132.000</ele></trkpt>
      <trkpt lat="22.2776100568" lon="114.2151198764"><ele>132.000</ele></trkpt>
      <trkpt lat="22.2776074345" lon="114.2151191227"><ele>132.000</ele></trkpt>
      <trkpt lat="22.2776048411" lon="114.2151182662"><ele>132.000</ele></trkpt>
      <trkpt lat="22.2776022423" lon="114.2151174582"><ele>132.000</ele></trkpt>
      <trkpt lat="22.2775995675" lon="114.2151170169"><ele>132.000</ele></trkpt>
      <trkpt lat="22.2775968701" lon="114.2151166843"><ele>132.000</ele></trkpt>
      <trkpt lat="22.2775942035" lon="114.2151161946"><ele>132.000</ele></trkpt>
      <trkpt lat="22.2775916101" lon="114.2151153439"><ele>132.000</ele></trkpt>
      <trkpt lat="22.2775889841" lon="114.2151146213"><ele>132.000</ele></trkpt>
      <trkpt lat="22.2775863437" lon="114.2151139724"><ele>132.000</ele></trkpt>
      <trkpt lat="22.2775836889" lon="114.2151133992"><ele>132.000</ele></trkpt>
      <trkpt lat="22.2775810195" lon="114.2151128997"><ele>132.000</ele></trkpt>
      <trkpt lat="22.2775783375" lon="114.2151124759"><ele>132.000</ele></trkpt>
      <trkpt lat="22.2775756483" lon="114.2151121278"><ele>132.000</ele></trkpt>
      <trkpt lat="22.2775729518" lon="114.2151118554"><ele>132.000</ele></trkpt>
      <trkpt lat="22.2775702481" lon="114.2151116606"><ele>128.000</ele></trkpt>
      <trkpt lat="22.2775675416" lon="114.2151115395"><ele>128.000</ele></trkpt>
      <trkpt lat="22.2775648315" lon="114.2151114961"><ele>128.000</ele></trkpt>
      <trkpt lat="22.2775621223" lon="114.2151115284"><ele>128.000</ele></trkpt>
      <trkpt lat="22.2775594176" lon="114.2151116392"><ele>128.000</ele></trkpt>
      <trkpt lat="22.2775567129" lon="114.2151118238"><ele>128.000</ele></trkpt>
      <trkpt lat="22.2775540154" lon="114.2151120851"><ele>128.000</ele></trkpt>
      <trkpt lat="22.2775513233" lon="114.2151124220"><ele>128.000</ele></trkpt>
      <trkpt lat="22.2775486411" lon="114.2151128346"><ele>128.000</ele></trkpt>
      <trkpt lat="22.2775459697" lon="114.2151133229"><ele>128.000</ele></trkpt>
      <trkpt lat="22.2775433137" lon="114.2151138850"><ele>128.000</ele></trkpt>
      <trkpt lat="22.2775406684" lon="114.2151145227"><ele>128.000</ele></trkpt>
      <trkpt lat="22.2775380331" lon="114.2151152090"><ele>128.000</ele></trkpt>
      <trkpt lat="22.2775354484" lon="114.2151160680"><ele>128.000</ele></trkpt>
      <trkpt lat="22.2775329286" lon="114.2151171404"><ele>128.000</ele></trkpt>
      <trkpt lat="22.2775304106" lon="114.2151182216"><ele>128.000</ele></trkpt>
      <trkpt lat="22.2775278438" lon="114.2151191456"><ele>128.000</ele></trkpt>
      <trkpt lat="22.2775252509" lon="114.2151199852"><ele>128.000</ele></trkpt>
      <trkpt lat="22.2775226454" lon="114.2151207899"><ele>122.000</ele></trkpt>
      <trkpt lat="22.2775200426" lon="114.2151216023"><ele>122.000</ele></trkpt>
      <trkpt lat="22.2775174596" lon="114.2151224768"><ele>122.000</ele></trkpt>
      <trkpt lat="22.2775149236" lon="114.2151235037"><ele>122.000</ele></trkpt>
      <trkpt lat="22.2775123731" lon="114.2151244859"><ele>122.000</ele></trkpt>
      <trkpt lat="22.2775098181" lon="114.2151254516"><ele>122.000</ele></trkpt>
      <trkpt lat="22.2775072559" lon="114.2151263999"><ele>122.000</ele></trkpt>
      <trkpt lat="22.2775046892" lon="114.2151273307"><ele>122.000</ele></trkpt>
      <trkpt lat="22.2775021179" lon="114.2151282421"><ele>122.000</ele></trkpt>
      <trkpt lat="22.2774995377" lon="114.2151291360"><ele>122.000</ele></trkpt>
      <trkpt lat="22.2774969556" lon="114.2151300115"><ele>122.000</ele></trkpt>
      <trkpt lat="22.2774943645" lon="114.2151308675"><ele>122.000</ele></trkpt>
      <trkpt lat="22.2774917707" lon="114.2151317071"><ele>122.000</ele></trkpt>
      <trkpt lat="22.2774891715" lon="114.2151325273"><ele>122.000</ele></trkpt>
      <trkpt lat="22.2774865669" lon="114.2151333300"><ele>122.000</ele></trkpt>
      <trkpt lat="22.2774839586" lon="114.2151341162"><ele>122.000</ele></trkpt>
      <trkpt lat="22.2774813450" lon="114.2151348811"><ele>122.000</ele></trkpt>
      <trkpt lat="22.2774787259" lon="114.2151356275"><ele>120.000</ele></trkpt>
      <trkpt lat="22.2774761032" lon="114.2151363574"><ele>120.000</ele></trkpt>
      <trkpt lat="22.2774734770" lon="114.2151370679"><ele>120.000</ele></trkpt>
      <trkpt lat="22.2774708453" lon="114.2151377600"><ele>120.000</ele></trkpt>
      <trkpt lat="22.2774682082" lon="114.2151384327"><ele>120.000</ele></trkpt>
      <trkpt lat="22.2774655693" lon="114.2151390889"><ele>120.000</ele></trkpt>
      <trkpt lat="22.2774629258" lon="114.2151397237"><ele>120.000</ele></trkpt>
      <trkpt lat="22.2774602788" lon="114.2151403430"><ele>120.000</ele></trkpt>
      <trkpt lat="22.2774576273" lon="114.2151409410"><ele>120.000</ele></trkpt>
      <trkpt lat="22.2774549721" lon="114.2151415224"><ele>120.000</ele></trkpt>
      <trkpt lat="22.2774523134" lon="114.2151420845"><ele>120.000</ele></trkpt>
      <trkpt lat="22.2774496528" lon="114.2151426271"><ele>120.000</ele></trkpt>
      <trkpt lat="22.2774469869" lon="114.2151431504"><ele>120.000</ele></trkpt>
      <trkpt lat="22.2774443191" lon="114.2151436562"><ele>120.000</ele></trkpt>
      <trkpt lat="22.2774416477" lon="114.2151441445"><ele>120.000</ele></trkpt>
      <trkpt lat="22.2774389745" lon="114.2151446114"><ele>120.000</ele></trkpt>
      <trkpt lat="22.2774362977" lon="114.2151450619"><ele>120.000</ele></trkpt>
      <trkpt lat="22.2774336174" lon="114.2151454910"><ele>120.000</ele></trkpt>
      <trkpt lat="22.2774309370" lon="114.2151459056"><ele>120.000</ele></trkpt>
      <trkpt lat="22.2774282828" lon="114.2151462910"><ele>120.000</ele></trkpt>
      <trkpt lat="22.2774312647" lon="114.2151268993"><ele>120.000</ele></trkpt>
      <trkpt lat="22.2774362057" lon="114.2151217444"><ele>120.000</ele></trkpt>
      <trkpt lat="22.2774411963" lon="114.2151166458"><ele>120.000</ele></trkpt>
      <trkpt lat="22.2774462357" lon="114.2151116016"><ele>120.000</ele></trkpt>
      <trkpt lat="22.2774513230" lon="114.2151066156"><ele>120.000</ele></trkpt>
      <trkpt lat="22.2774564589" lon="114.2151016840"><ele>120.000</ele></trkpt>
      <trkpt lat="22.2774616401" lon="114.2150968125"><ele>119.000</ele></trkpt>
      <trkpt lat="22.2774668699" lon="114.2150919973"><ele>119.000</ele></trkpt>
      <trkpt lat="22.2774721450" lon="114.2150872404"><ele>119.000</ele></trkpt>
      <trkpt lat="22.2774747987" lon="114.2150848852"><ele>119.000</ele></trkpt>
      <trkpt lat="22.2774801423" lon="114.2150802175"><ele>120.000</ele></trkpt>
      <trkpt lat="22.2774855311" lon="114.2150756110"><ele>120.000</ele></trkpt>
      <trkpt lat="22.2774909614" lon="114.2150710627"><ele>120.000</ele></trkpt>
      <trkpt lat="22.2774964368" lon="114.2150665755"><ele>120.000</ele></trkpt>
      <trkpt lat="22.2775163338" lon="114.2150522883"><ele>120.000</ele></trkpt>
      <trkpt lat="22.2775498783" lon="114.2150283192"><ele>118.000</ele></trkpt>
      <trkpt lat="22.2775535264" lon="114.2150255412"><ele>118.000</ele></trkpt>
      <trkpt lat="22.2775563887" lon="114.2150234869"><ele>118.000</ele></trkpt>
      <trkpt lat="22.2775592953" lon="114.2150215044"><ele>118.000</ele></trkpt>
      <trkpt lat="22.2775622433" lon="114.2150195976"><ele>118.000</ele></trkpt>
      <trkpt lat="22.2775652329" lon="114.2150177645"><ele>118.000</ele></trkpt>
      <trkpt lat="22.2775682622" lon="114.2150160071"><ele>118.000</ele></trkpt>
      <trkpt lat="22.2775713294" lon="114.2150143293"><ele>117.000</ele></trkpt>
      <trkpt lat="22.2775744309" lon="114.2150127291"><ele>117.000</ele></trkpt>
      <trkpt lat="22.2775775685" lon="114.2150112066"><ele>117.000</ele></trkpt>
      <trkpt lat="22.2775807368" lon="114.2150097656"><ele>117.000</ele></trkpt>
      <trkpt lat="22.2775839375" lon="114.2150084041"><ele>117.000</ele></trkpt>
      <trkpt lat="22.2775871654" lon="114.2150071242"><ele>117.000</ele></trkpt>
      <trkpt lat="22.2775904203" lon="114.2150059277"><ele>117.000</ele></trkpt>
      <trkpt lat="22.2775937023" lon="114.2150048147"><ele>117.000</ele></trkpt>
      <trkpt lat="22.2775970060" lon="114.2150037832"><ele>117.000</ele></trkpt>
      <trkpt lat="22.2776003331" lon="114.2150028371"><ele>117.000</ele></trkpt>
      <trkpt lat="22.2776036782" lon="114.2150019744"><ele>113.000</ele></trkpt>
      <trkpt lat="22.2776070441" lon="114.2150011972"><ele>113.000</ele></trkpt>
      <trkpt lat="22.2776104227" lon="114.2150005053"><ele>113.000</ele></trkpt>
      <trkpt lat="22.2776138174" lon="114.2149999007"><ele>113.000</ele></trkpt>
      <trkpt lat="22.2776172230" lon="114.2149993825"><ele>113.000</ele></trkpt>
      <trkpt lat="22.2776206403" lon="114.2149989488"><ele>113.000</ele></trkpt>
      <trkpt lat="22.2776272745" lon="114.2149978163"><ele>113.000</ele></trkpt>
      <trkpt lat="22.2776306773" lon="114.2149972661"><ele>113.000</ele></trkpt>
      <trkpt lat="22.2776340820" lon="114.2149967352"><ele>113.000</ele></trkpt>
      <trkpt lat="22.2776374903" lon="114.2149962258"><ele>113.000</ele></trkpt>
      <trkpt lat="22.2776409004" lon="114.2149957357"><ele>113.000</ele></trkpt>
      <trkpt lat="22.2776443123" lon="114.2149952670"><ele>113.000</ele></trkpt>
      <trkpt lat="22.2776477287" lon="114.2149948177"><ele>113.000</ele></trkpt>
      <trkpt lat="22.2776511451" lon="114.2149943898"><ele>113.000</ele></trkpt>
      <trkpt lat="22.2776545642" lon="114.2149939812"><ele>113.000</ele></trkpt>
      <trkpt lat="22.2776579869" lon="114.2149935921"><ele>113.000</ele></trkpt>
      <trkpt lat="22.2776614096" lon="114.2149932243"><ele>113.000</ele></trkpt>
      <trkpt lat="22.2776648359" lon="114.2149928759"><ele>113.000</ele></trkpt>
      <trkpt lat="22.2776682622" lon="114.2149925489"><ele>113.000</ele></trkpt>
      <trkpt lat="22.2776716903" lon="114.2149922413"><ele>113.000</ele></trkpt>
      <trkpt lat="22.2776751220" lon="114.2149919550"><ele>113.000</ele></trkpt>
      <trkpt lat="22.2776785537" lon="114.2149916881"><ele>113.000</ele></trkpt>
      <trkpt lat="22.2776819863" lon="114.2149914426"><ele>113.000</ele></trkpt>
      <trkpt lat="22.2776854207" lon="114.2149912165"><ele>113.000</ele></trkpt>
      <trkpt lat="22.2776888569" lon="114.2149910117"><ele>113.000</ele></trkpt>
      <trkpt lat="22.2776922913" lon="114.2149908263"><ele>113.000</ele></trkpt>
      <trkpt lat="22.2777301757" lon="114.2149871650"><ele>113.000</ele></trkpt>
      <trkpt lat="22.2777600244" lon="114.2149843766"><ele>113.000</ele></trkpt>
      <trkpt lat="22.2778020395" lon="114.2149805262"><ele>111.000</ele></trkpt>
      <trkpt lat="22.2778342004" lon="114.2149760453"><ele>111.000</ele></trkpt>
      <trkpt lat="22.2778576266" lon="114.2149731650"><ele>110.000</ele></trkpt>
      <trkpt lat="22.2778817445" lon="114.2149700500"><ele>110.000</ele></trkpt>
      <trkpt lat="22.2779348453" lon="114.2149599354"><ele>112.000</ele></trkpt>
      <trkpt lat="22.2779785965" lon="114.2149540943"><ele>110.000</ele></trkpt>
      <trkpt lat="22.2779973178" lon="114.2149506189"><ele>110.000</ele></trkpt>
      <trkpt lat="22.2780118647" lon="114.2149490538"><ele>110.000</ele></trkpt>
      <trkpt lat="22.2780132417" lon="114.2149460327"><ele>110.000</ele></trkpt>
      <trkpt lat="22.2780144280" lon="114.2149434151"><ele>110.000</ele></trkpt>
      <trkpt lat="22.2780156108" lon="114.2149407956"><ele>110.000</ele></trkpt>
      <trkpt lat="22.2780167890" lon="114.2149381722"><ele>110.000</ele></trkpt>
      <trkpt lat="22.2780179618" lon="114.2149355468"><ele>110.000</ele></trkpt>
      <trkpt lat="22.2780191328" lon="114.2149329195"><ele>110.000</ele></trkpt>
      <trkpt lat="22.2780203001" lon="114.2149302903"><ele>110.000</ele></trkpt>
      <trkpt lat="22.2780214621" lon="114.2149276582"><ele>110.000</ele></trkpt>
      <trkpt lat="22.2780226222" lon="114.2149250241"><ele>110.000</ele></trkpt>
      <trkpt lat="22.2780237806" lon="114.2149223890"><ele>110.000</ele></trkpt>
      <trkpt lat="22.2780249335" lon="114.2149197511"><ele>110.000</ele></trkpt>
      <trkpt lat="22.2780260864" lon="114.2149171112"><ele>110.000</ele></trkpt>
      <trkpt lat="22.2780272367" lon="114.2149144722"><ele>110.000</ele></trkpt>
      <trkpt lat="22.2780283815" lon="114.2149118294"><ele>110.000</ele></trkpt>
      <trkpt lat="22.2780295272" lon="114.2149091866"><ele>110.000</ele></trkpt>
      <trkpt lat="22.2780306711" lon="114.2149065418"><ele>110.000</ele></trkpt>
      <trkpt lat="22.2780318114" lon="114.2149038971"><ele>110.000</ele></trkpt>
      <trkpt lat="22.2780329516" lon="114.2149012514"><ele>110.000</ele></trkpt>
      <trkpt lat="22.2780340901" lon="114.2148986037"><ele>110.000</ele></trkpt>
      <trkpt lat="22.2780352286" lon="114.2148959550"><ele>110.000</ele></trkpt>
      <trkpt lat="22.2780363653" lon="114.2148933083"><ele>110.000</ele></trkpt>
      <trkpt lat="22.2780375020" lon="114.2148906597"><ele>110.000</ele></trkpt>
      <trkpt lat="22.2780386368" lon="114.2148880111"><ele>110.000</ele></trkpt>
      <trkpt lat="22.2780397717" lon="114.2148853605"><ele>110.000</ele></trkpt>
      <trkpt lat="22.2780409075" lon="114.2148827118"><ele>110.000</ele></trkpt>
      <trkpt lat="22.2780420441" lon="114.2148800632"><ele>110.000</ele></trkpt>
      <trkpt lat="22.2780431781" lon="114.2148774146"><ele>110.000</ele></trkpt>
      <trkpt lat="22.2780443157" lon="114.2148747669"><ele>110.000</ele></trkpt>
      <trkpt lat="22.2780454515" lon="114.2148721173"><ele>110.000</ele></trkpt>
      <trkpt lat="22.2780465881" lon="114.2148694686"><ele>110.000</ele></trkpt>
      <trkpt lat="22.2780477266" lon="114.2148668219"><ele>110.000</ele></trkpt>
      <trkpt lat="22.2780488669" lon="114.2148641752"><ele>110.000</ele></trkpt>
      <trkpt lat="22.2780500072" lon="114.2148615314"><ele>110.000</ele></trkpt>
      <trkpt lat="22.2780511511" lon="114.2148588857"><ele>110.000</ele></trkpt>
      <trkpt lat="22.2780522950" lon="114.2148562429"><ele>110.000</ele></trkpt>
      <trkpt lat="22.2780534425" lon="114.2148536001"><ele>110.000</ele></trkpt>
      <trkpt lat="22.2780545918" lon="114.2148509602"><ele>110.000</ele></trkpt>
      <trkpt lat="22.2780557429" lon="114.2148483203"><ele>110.000</ele></trkpt>
      <trkpt lat="22.2780568959" lon="114.2148456833"><ele>110.000</ele></trkpt>
      <trkpt lat="22.2780580524" lon="114.2148430482"><ele>110.000</ele></trkpt>
      <trkpt lat="22.2780592125" lon="114.2148404132"><ele>110.000</ele></trkpt>
      <trkpt lat="22.2780603763" lon="114.2148377820"><ele>110.000</ele></trkpt>
      <trkpt lat="22.2780615419" lon="114.2148351508"><ele>110.000</ele></trkpt>
      <trkpt lat="22.2780627111" lon="114.2148325245"><ele>110.000</ele></trkpt>
      <trkpt lat="22.2780638857" lon="114.2148298982"><ele>110.000</ele></trkpt>
      <trkpt lat="22.2780650621" lon="114.2148272748"><ele>110.000</ele></trkpt>
      <trkpt lat="22.2780662448" lon="114.2148246533"><ele>110.000</ele></trkpt>
      <trkpt lat="22.2780674311" lon="114.2148220357"><ele>110.000</ele></trkpt>
      <trkpt lat="22.2780686211" lon="114.2148194201"><ele>110.000</ele></trkpt>
      <trkpt lat="22.2780698164" lon="114.2148168084"><ele>110.000</ele></trkpt>
      <trkpt lat="22.2780710172" lon="114.2148141995"><ele>110.000</ele></trkpt>
      <trkpt lat="22.2780722216" lon="114.2148115926"><ele>110.000</ele></trkpt>
      <trkpt lat="22.2780734332" lon="114.2148089915"><ele>110.000</ele></trkpt>
      <trkpt lat="22.2780746485" lon="114.2148063905"><ele>110.000</ele></trkpt>
      <trkpt lat="22.2780758700" lon="114.2148037942"><ele>110.000</ele></trkpt>
      <trkpt lat="22.2780770970" lon="114.2148012029"><ele>110.000</ele></trkpt>
      <trkpt lat="22.2780783312" lon="114.2147986134"><ele>110.000</ele></trkpt>
      <trkpt lat="22.2780795708" lon="114.2147960298"><ele>110.000</ele></trkpt>
      <trkpt lat="22.2780808176" lon="114.2147934482"><ele>110.000</ele></trkpt>
      <trkpt lat="22.2780820698" lon="114.2147908714"><ele>110.000</ele></trkpt>
      <trkpt lat="22.2780833293" lon="114.2147882984"><ele>110.000</ele></trkpt>
      <trkpt lat="22.2780845978" lon="114.2147857323"><ele>110.000</ele></trkpt>
      <trkpt lat="22.2780858717" lon="114.2147831662"><ele>110.000</ele></trkpt>
      <trkpt lat="22.2780871529" lon="114.2147806088"><ele>110.000</ele></trkpt>
      <trkpt lat="22.2780884412" lon="114.2147780533"><ele>110.000</ele></trkpt>
      <trkpt lat="22.2780897386" lon="114.2147755047"><ele>110.000</ele></trkpt>
      <trkpt lat="22.2780910433" lon="114.2147729579"><ele>110.000</ele></trkpt>
      <trkpt lat="22.2780923578" lon="114.2147704200"><ele>110.000</ele></trkpt>
      <trkpt lat="22.2780936778" lon="114.2147678849"><ele>110.000</ele></trkpt>
      <trkpt lat="22.2780950095" lon="114.2147653557"><ele>110.000</ele></trkpt>
      <trkpt lat="22.2780963484" lon="114.2147628313"><ele>110.000</ele></trkpt>
      <trkpt lat="22.2780976964" lon="114.2147603137"><ele>110.000</ele></trkpt>
      <trkpt lat="22.2780990534" lon="114.2147578000"><ele>110.000</ele></trkpt>
      <trkpt lat="22.2781004194" lon="114.2147552930"><ele>110.000</ele></trkpt>
      <trkpt lat="22.2781017908" lon="114.2147527861"><ele>110.000</ele></trkpt>
      <trkpt lat="22.2781031605" lon="114.2147502715"><ele>110.000</ele></trkpt>
      <trkpt lat="22.2781045319" lon="114.2147477510"><ele>110.000</ele></trkpt>
      <trkpt lat="22.2781059033" lon="114.2147452246"><ele>110.000</ele></trkpt>
      <trkpt lat="22.2781072739" lon="114.2147426915"><ele>110.000</ele></trkpt>
      <trkpt lat="22.2781086426" lon="114.2147401506"><ele>110.000</ele></trkpt>
      <trkpt lat="22.2781100141" lon="114.2147376069"><ele>110.000</ele></trkpt>
      <trkpt lat="22.2781113837" lon="114.2147350553"><ele>110.000</ele></trkpt>
      <trkpt lat="22.2781127551" lon="114.2147324999"><ele>111.000</ele></trkpt>
      <trkpt lat="22.2781141248" lon="114.2147299386"><ele>111.000</ele></trkpt>
      <trkpt lat="22.2781154962" lon="114.2147273745"><ele>111.000</ele></trkpt>
      <trkpt lat="22.2781168677" lon="114.2147248025"><ele>111.000</ele></trkpt>
      <trkpt lat="22.2781182409" lon="114.2147222277"><ele>111.000</ele></trkpt>
      <trkpt lat="22.2781196124" lon="114.2147196499"><ele>111.000</ele></trkpt>
      <trkpt lat="22.2781209857" lon="114.2147170664"><ele>111.000</ele></trkpt>
      <trkpt lat="22.2781223589" lon="114.2147144799"><ele>111.000</ele></trkpt>
      <trkpt lat="22.2781237340" lon="114.2147118915"><ele>111.000</ele></trkpt>
      <trkpt lat="22.2781251091" lon="114.2147092972"><ele>112.000</ele></trkpt>
      <trkpt lat="22.2781264859" lon="114.2147067020"><ele>112.000</ele></trkpt>
      <trkpt lat="22.2781278628" lon="114.2147041029"><ele>112.000</ele></trkpt>
      <trkpt lat="22.2781292406" lon="114.2147015029"><ele>112.000</ele></trkpt>
      <trkpt lat="22.2781306202" lon="114.2146988999"><ele>112.000</ele></trkpt>
      <trkpt lat="22.2781320016" lon="114.2146962930"><ele>112.000</ele></trkpt>
      <trkpt lat="22.2781333811" lon="114.2146936852"><ele>112.000</ele></trkpt>
      <trkpt lat="22.2781347634" lon="114.2146910774"><ele>112.000</ele></trkpt>
      <trkpt lat="22.2781361475" lon="114.2146884676"><ele>112.000</ele></trkpt>
      <trkpt lat="22.2781375335" lon="114.2146858559"><ele>112.000</ele></trkpt>
      <trkpt lat="22.2781389212" lon="114.2146832423"><ele>112.000</ele></trkpt>
      <trkpt lat="22.2781403089" lon="114.2146806305"><ele>112.000</ele></trkpt>
      <trkpt lat="22.2781417002" lon="114.2146780179"><ele>112.000</ele></trkpt>
      <trkpt lat="22.2781430924" lon="114.2146754033"><ele>112.000</ele></trkpt>
      <trkpt lat="22.2781444847" lon="114.2146727896"><ele>112.000</ele></trkpt>
      <trkpt lat="22.2781458814" lon="114.2146701760"><ele>112.000</ele></trkpt>
      <trkpt lat="22.2781472782" lon="114.2146675643"><ele>112.000</ele></trkpt>
      <trkpt lat="22.2781486785" lon="114.2146649516"><ele>112.000</ele></trkpt>
      <trkpt lat="22.2781500789" lon="114.2146623409"><ele>113.000</ele></trkpt>
      <trkpt lat="22.2781514829" lon="114.2146597311"><ele>113.000</ele></trkpt>
      <trkpt lat="22.2781528886" lon="114.2146571213"><ele>113.000</ele></trkpt>
      <trkpt lat="22.2781542980" lon="114.2146545155"><ele>113.000</ele></trkpt>
      <trkpt lat="22.2781557074" lon="114.2146519096"><ele>113.000</ele></trkpt>
      <trkpt lat="22.2781571204" lon="114.2146493076"><ele>113.000</ele></trkpt>
      <trkpt lat="22.2781585352" lon="114.2146467056"><ele>122.000</ele></trkpt>
      <trkpt lat="22.2781599536" lon="114.2146441075"><ele>122.000</ele></trkpt>
      <trkpt lat="22.2781613738" lon="114.2146415132"><ele>122.000</ele></trkpt>
      <trkpt lat="22.2781627977" lon="114.2146389209"><ele>122.000</ele></trkpt>
      <trkpt lat="22.2781642233" lon="114.2146363325"><ele>122.000</ele></trkpt>
      <trkpt lat="22.2781656526" lon="114.2146337461"><ele>122.000</ele></trkpt>
      <trkpt lat="22.2781670836" lon="114.2146311654"><ele>122.000</ele></trkpt>
      <trkpt lat="22.2781685183" lon="114.2146285867"><ele>122.000</ele></trkpt>
      <trkpt lat="22.2781699566" lon="114.2146260138"><ele>122.000</ele></trkpt>
      <trkpt lat="22.2781713975" lon="114.2146234429"><ele>122.000</ele></trkpt>
      <trkpt lat="22.2781728403" lon="114.2146208797"><ele>122.000</ele></trkpt>
      <trkpt lat="22.2781742876" lon="114.2146183185"><ele>122.000</ele></trkpt>
      <trkpt lat="22.2781757385" lon="114.2146157650"><ele>122.000</ele></trkpt>
      <trkpt lat="22.2781771940" lon="114.2146132154"><ele>122.000</ele></trkpt>
      <trkpt lat="22.2781786494" lon="114.2146106717"><ele>122.000</ele></trkpt>
      <trkpt lat="22.2781801121" lon="114.2146081337"><ele>122.000</ele></trkpt>
      <trkpt lat="22.2781815747" lon="114.2146056016"><ele>122.000</ele></trkpt>
      <trkpt lat="22.2781830437" lon="114.2146030753"><ele>122.000</ele></trkpt>
      <trkpt lat="22.2781845145" lon="114.2146005568"><ele>122.000</ele></trkpt>
      <trkpt lat="22.2781859906" lon="114.2145980441"><ele>122.000</ele></trkpt>
      <trkpt lat="22.2781874704" lon="114.2145955391"><ele>122.000</ele></trkpt>
      <trkpt lat="22.2781889539" lon="114.2145930400"><ele>122.000</ele></trkpt>
      <trkpt lat="22.2781904409" lon="114.2145905486"><ele>122.000</ele></trkpt>
      <trkpt lat="22.2781919333" lon="114.2145880650"><ele>122.000</ele></trkpt>
      <trkpt lat="22.2781934294" lon="114.2145855892"><ele>122.000</ele></trkpt>
      <trkpt lat="22.2781949290" lon="114.2145831231"><ele>122.000</ele></trkpt>
      <trkpt lat="22.2781964341" lon="114.2145806627"><ele>122.000</ele></trkpt>
      <trkpt lat="22.2781979428" lon="114.2145782121"><ele>122.000</ele></trkpt>
      <trkpt lat="22.2781994551" lon="114.2145757722"><ele>122.000</ele></trkpt>
      <trkpt lat="22.2782009737" lon="114.2145733391"><ele>122.000</ele></trkpt>
      <trkpt lat="22.2782024959" lon="114.2145709147"><ele>122.000</ele></trkpt>
      <trkpt lat="22.2782040227" lon="114.2145685009"><ele>122.000</ele></trkpt>
      <trkpt lat="22.2782055530" lon="114.2145660950"><ele>124.000</ele></trkpt>
      <trkpt lat="22.2782070906" lon="114.2145637007"><ele>124.000</ele></trkpt>
      <trkpt lat="22.2782086318" lon="114.2145613161"><ele>124.000</ele></trkpt>
      <trkpt lat="22.2782101784" lon="114.2145589431"><ele>124.000</ele></trkpt>
      <trkpt lat="22.2782117286" lon="114.2145565798"><ele>124.000</ele></trkpt>
      <trkpt lat="22.2782132842" lon="114.2145542282"><ele>124.000</ele></trkpt>
      <trkpt lat="22.2782148470" lon="114.2145518863"><ele>124.000</ele></trkpt>
      <trkpt lat="22.2782164135" lon="114.2145495560"><ele>124.000</ele></trkpt>
      <trkpt lat="22.2782179854" lon="114.2145472374"><ele>124.000</ele></trkpt>
      <trkpt lat="22.2782195636" lon="114.2145449304"><ele>124.000</ele></trkpt>
      <trkpt lat="22.2782211453" lon="114.2145426351"><ele>124.000</ele></trkpt>
      <trkpt lat="22.2782227335" lon="114.2145403533"><ele>124.000</ele></trkpt>
      <trkpt lat="22.2782243270" lon="114.2145380832"><ele>124.000</ele></trkpt>
      <trkpt lat="22.2782259259" lon="114.2145358267"><ele>124.000</ele></trkpt>
      <trkpt lat="22.2782275303" lon="114.2145335818"><ele>124.000</ele></trkpt>
      <trkpt lat="22.2782291419" lon="114.2145313515"><ele>124.000</ele></trkpt>
      <trkpt lat="22.2782307589" lon="114.2145291328"><ele>124.000</ele></trkpt>
      <trkpt lat="22.2782323813" lon="114.2145269287"><ele>124.000</ele></trkpt>
      <trkpt lat="22.2782340091" lon="114.2145247382"><ele>124.000</ele></trkpt>
      <trkpt lat="22.2782356442" lon="114.2145225613"><ele>124.000</ele></trkpt>
      <trkpt lat="22.2782372847" lon="114.2145203998"><ele>124.000</ele></trkpt>
      <trkpt lat="22.2782389323" lon="114.2145182520"><ele>124.000</ele></trkpt>
      <trkpt lat="22.2782405854" lon="114.2145161197"><ele>123.000</ele></trkpt>
      <trkpt lat="22.2782422440" lon="114.2145140029"><ele>123.000</ele></trkpt>
      <trkpt lat="22.2782439097" lon="114.2145118997"><ele>123.000</ele></trkpt>
      <trkpt lat="22.2782455827" lon="114.2145098121"><ele>123.000</ele></trkpt>
      <trkpt lat="22.2782472610" lon="114.2145077419"><ele>123.000</ele></trkpt>
      <trkpt lat="22.2782489466" lon="114.2145056853"><ele>124.000</ele></trkpt>
      <trkpt lat="22.2782506394" lon="114.2145036461"><ele>124.000</ele></trkpt>
      <trkpt lat="22.2782523395" lon="114.2145016244"><ele>124.000</ele></trkpt>
      <trkpt lat="22.2782540458" lon="114.2144996183"><ele>124.000</ele></trkpt>
      <trkpt lat="22.2782557576" lon="114.2144976277"><ele>124.000</ele></trkpt>
      <trkpt lat="22.2782574775" lon="114.2144956565"><ele>124.000</ele></trkpt>
      <trkpt lat="22.2782592028" lon="114.2144937008"><ele>124.000</ele></trkpt>
      <trkpt lat="22.2782609380" lon="114.2144917645"><ele>124.000</ele></trkpt>
      <trkpt lat="22.2782626787" lon="114.2144898437"><ele>124.000</ele></trkpt>
      <trkpt lat="22.2782644274" lon="114.2144879424"><ele>124.000</ele></trkpt>
      <trkpt lat="22.2782662412" lon="114.2144861789"><ele>124.000</ele></trkpt>
      <trkpt lat="22.2782681759" lon="114.2144846637"><ele>124.000</ele></trkpt>
      <trkpt lat="22.2782702262" lon="114.2144833874"><ele>124.000</ele></trkpt>
      <trkpt lat="22.2782723847" lon="114.2144823342"><ele>124.000</ele></trkpt>
      <trkpt lat="22.2782746462" lon="114.2144814906"><ele>124.000</ele></trkpt>
      <trkpt lat="22.2782770015" lon="114.2144808440"><ele>124.000</ele></trkpt>
      <trkpt lat="22.2782794472" lon="114.2144803819"><ele>124.000</ele></trkpt>
      <trkpt lat="22.2782819758" lon="114.2144800895"><ele>124.000</ele></trkpt>
      <trkpt lat="22.2782845821" lon="114.2144799563"><ele>124.000</ele></trkpt>
      <trkpt lat="22.2782872569" lon="114.2144799696"><ele>124.000</ele></trkpt>
      <trkpt lat="22.2782899950" lon="114.2144801111"><ele>124.000</ele></trkpt>
      <trkpt lat="22.2782927926" lon="114.2144803718"><ele>124.000</ele></trkpt>
      <trkpt lat="22.2782956390" lon="114.2144807374"><ele>123.000</ele></trkpt>
      <trkpt lat="22.2782985305" lon="114.2144811962"><ele>123.000</ele></trkpt>
      <trkpt lat="22.2783014617" lon="114.2144817336"><ele>123.000</ele></trkpt>
      <trkpt lat="22.2783044236" lon="114.2144823350"><ele>123.000</ele></trkpt>
      <trkpt lat="22.2783074117" lon="114.2144829898"><ele>123.000</ele></trkpt>
      <trkpt lat="22.2783104179" lon="114.2144836853"><ele>123.000</ele></trkpt>
      <trkpt lat="22.2783134375" lon="114.2144844061"><ele>123.000</ele></trkpt>
      <trkpt lat="22.2783164626" lon="114.2144851405"><ele>123.000</ele></trkpt>
      <trkpt lat="22.2783194895" lon="114.2144858748"><ele>123.000</ele></trkpt>
      <trkpt lat="22.2783225092" lon="114.2144865956"><ele>123.000</ele></trkpt>
      <trkpt lat="22.2783255172" lon="114.2144872912"><ele>123.000</ele></trkpt>
      <trkpt lat="22.2783285034" lon="114.2144879460"><ele>123.000</ele></trkpt>
      <trkpt lat="22.2783314653" lon="114.2144885493"><ele>123.000</ele></trkpt>
      <trkpt lat="22.2783343975" lon="114.2144890867"><ele>123.000</ele></trkpt>
      <trkpt lat="22.2783372881" lon="114.2144895435"><ele>123.000</ele></trkpt>
      <trkpt lat="22.2783400134" lon="114.2144901885"><ele>118.000</ele></trkpt>
      <trkpt lat="22.2783430999" lon="114.2144908104"><ele>118.000</ele></trkpt>
      <trkpt lat="22.2783456448" lon="114.2144903201"><ele>118.000</ele></trkpt>
      <trkpt lat="22.2783456548" lon="114.2144903181"><ele>118.000</ele></trkpt>
      <trkpt lat="22.2783456701" lon="114.2144903142"><ele>118.000</ele></trkpt>
      <trkpt lat="22.2784109854" lon="114.2143642434"><ele>118.000</ele></trkpt>
      <trkpt lat="22.2784472933" lon="114.2143400224"><ele>118.000</ele></trkpt>
      <trkpt lat="22.2784770004" lon="114.2143169815"><ele>117.000</ele></trkpt>
      <trkpt lat="22.2784808527" lon="114.2143057540"><ele>117.000</ele></trkpt>
      <trkpt lat="22.2784803063" lon="114.2142903880"><ele>117.000</ele></trkpt>
      <trkpt lat="22.2784759107" lon="114.2142726572"><ele>112.000</ele></trkpt>
      <trkpt lat="22.2784572131" lon="114.2142555136"><ele>112.000</ele></trkpt>
      <trkpt lat="22.2784374158" lon="114.2142413243"><ele>112.000</ele></trkpt>
      <trkpt lat="22.2783978162" lon="114.2142306762"><ele>113.000</ele></trkpt>
      <trkpt lat="22.2783494164" lon="114.2142152974"><ele>107.000</ele></trkpt>
      <trkpt lat="22.2783186154" lon="114.2142123346"><ele>105.000</ele></trkpt>
      <trkpt lat="22.2782680127" lon="114.2142140940"><ele>104.000</ele></trkpt>
      <trkpt lat="22.2782240101" lon="114.2142134913"><ele>105.000</ele></trkpt>
      <trkpt lat="22.2781492053" lon="114.2142152442"><ele>104.000</ele></trkpt>
      <trkpt lat="22.2780942019" lon="114.2142175933"><ele>101.000</ele></trkpt>
      <trkpt lat="22.2780507496" lon="114.2142193554"><ele>98.000</ele></trkpt>
      <trkpt lat="22.2780270972" lon="114.2142205310"><ele>98.000</ele></trkpt>
      <trkpt lat="22.2780078458" lon="114.2142240714"><ele>97.000</ele></trkpt>
      <trkpt lat="22.2779902440" lon="114.2142287950"><ele>102.000</ele></trkpt>
      <trkpt lat="22.2779594392" lon="114.2142423790"><ele>102.000</ele></trkpt>
      <trkpt lat="22.2779176309" lon="114.2142660075"><ele>102.000</ele></trkpt>
      <trkpt lat="22.2778725233" lon="114.2142914079"><ele>100.000</ele></trkpt>
      <trkpt lat="22.2778554700" lon="114.2142984954"><ele>100.000</ele></trkpt>
      <trkpt lat="22.2778494211" lon="114.2142955392"><ele>100.000</ele></trkpt>
      <trkpt lat="22.2778521736" lon="114.2142837196"><ele>100.000</ele></trkpt>
      <trkpt lat="22.2778642818" lon="114.2142488547"><ele>99.000</ele></trkpt>
      <trkpt lat="22.2778906975" lon="114.2141891722"><ele>98.000</ele></trkpt>
      <trkpt lat="22.2779061059" lon="114.2141566718"><ele>90.000</ele></trkpt>
      <trkpt lat="22.2779028067" lon="114.2141501699"><ele>90.000</ele></trkpt>
      <trkpt lat="22.2778934558" lon="114.2141525320"><ele>90.000</ele></trkpt>
      <trkpt lat="22.2778725534" lon="114.2141608003"><ele>86.000</ele></trkpt>
      <trkpt lat="22.2778263459" lon="114.2141820631"><ele>89.000</ele></trkpt>
      <trkpt lat="22.2778081931" lon="114.2141873775"><ele>89.000</ele></trkpt>
      <trkpt lat="22.2777795911" lon="114.2141920972"><ele>86.000</ele></trkpt>
      <trkpt lat="22.2777542872" lon="114.2142003643"><ele>86.000</ele></trkpt>
      <trkpt lat="22.2777339317" lon="114.2142216349"><ele>84.000</ele></trkpt>
      <trkpt lat="22.2776998206" lon="114.2142594485"><ele>82.000</ele></trkpt>
      <trkpt lat="22.2776943199" lon="114.2142641753"><ele>82.000</ele></trkpt>
      <trkpt lat="22.2776866204" lon="114.2142600368"><ele>82.000</ele></trkpt>
      <trkpt lat="22.2776822210" lon="114.2142547164"><ele>82.000</ele></trkpt>
      <trkpt lat="22.2776855262" lon="114.2142310777"><ele>82.000</ele></trkpt>
      <trkpt lat="22.2776882839" lon="114.2142009377"><ele>81.000</ele></trkpt>
      <trkpt lat="22.2776926939" lon="114.2141560243"><ele>80.000</ele></trkpt>
      <trkpt lat="22.2776486920" lon="114.2141566035"><ele>78.000</ele></trkpt>
      <trkpt lat="22.2776151397" lon="114.2141560037"><ele>78.000</ele></trkpt>
      <trkpt lat="22.2775826887" lon="114.2141536314"><ele>78.000</ele></trkpt>
      <trkpt lat="22.2775672875" lon="114.2141548092"><ele>78.000</ele></trkpt>
      <trkpt lat="22.2775480361" lon="114.2141583496"><ele>78.000</ele></trkpt>
      <trkpt lat="22.2775304326" lon="114.2141666187"><ele>78.000</ele></trkpt>
      <trkpt lat="22.2775128305" lon="114.2141725242"><ele>81.000</ele></trkpt>
      <trkpt lat="22.2774974297" lon="114.2141725201"><ele>81.000</ele></trkpt>
      <trkpt lat="22.2774803796" lon="114.2141695610"><ele>81.000</ele></trkpt>
      <trkpt lat="22.2774666303" lon="114.2141624653"><ele>82.000</ele></trkpt>
      <trkpt lat="22.2774512334" lon="114.2141453227"><ele>82.000</ele></trkpt>
      <trkpt lat="22.2774275909" lon="114.2141069020"><ele>83.000</ele></trkpt>
      <trkpt lat="22.2774015286" lon="114.2140672988"><ele>82.000</ele></trkpt>
      <trkpt lat="22.2773432389" lon="114.2140064122"><ele>81.000</ele></trkpt>
      <trkpt lat="22.2773344670" lon="114.2139963264"><ele>81.000</ele></trkpt>
    </trkseg>
  </trk>
</gpx>
