<?xml version="1.0" encoding="UTF-8"?>
<gpx xmlns:xsi="http://www.w3.org/2001/XMLSchema-instance"
     xsi:schemaLocation="http://www.topografix.com/GPX/1/1 http://www.topografix.com/GPX/1/1/gpx.xsd"
     version="1.1" creator="json3d_batch_to_gpx"
     xmlns="http://www.topografix.com/GPX/1/1">
  <metadata>
    <name>YuenTunCountryTrail</name>
  </metadata>
  <trk>
    <name>YuenTunCountryTrail</name>
    <type>hike</type>
    <trkseg>
      <trkpt lat="22.3700458255" lon="114.0510531000"><ele>120.000</ele></trkpt>
      <trkpt lat="22.3700730705" lon="114.0510530755"><ele>120.000</ele></trkpt>
      <trkpt lat="22.3701060500" lon="114.0510530459"><ele>120.000</ele></trkpt>
      <trkpt lat="22.3701376066" lon="114.0510465995"><ele>120.000</ele></trkpt>
      <trkpt lat="22.3702213362" lon="114.0510215321"><ele>120.000</ele></trkpt>
      <trkpt lat="22.3703091490" lon="114.0510214532"><ele>122.000</ele></trkpt>
      <trkpt lat="22.3703831165" lon="114.0510660795"><ele>124.000</ele></trkpt>
      <trkpt lat="22.3705160699" lon="114.0511975141"><ele>126.000</ele></trkpt>
      <trkpt lat="22.3706185152" lon="114.0512987892"><ele>128.000</ele></trkpt>
      <trkpt lat="22.3706530764" lon="114.0513542306"><ele>129.000</ele></trkpt>
      <trkpt lat="22.3706925638" lon="114.0514364026"><ele>132.000</ele></trkpt>
      <trkpt lat="22.3707248547" lon="114.0514813306"><ele>133.000</ele></trkpt>
      <trkpt lat="22.3707577301" lon="114.0515102016"><ele>133.000</ele></trkpt>
      <trkpt lat="22.3707983643" lon="114.0515294327"><ele>134.000</ele></trkpt>
      <trkpt lat="22.3708856030" lon="114.0515659625"><ele>138.000</ele></trkpt>
      <trkpt lat="22.3709596950" lon="114.0515954403"><ele>139.000</ele></trkpt>
      <trkpt lat="22.3710421548" lon="114.0516319744"><ele>140.000</ele></trkpt>
      <trkpt lat="22.3711353617" lon="114.0516614342"><ele>142.000</ele></trkpt>
      <trkpt lat="22.3712082486" lon="114.0516774248"><ele>142.000</ele></trkpt>
      <trkpt lat="22.3712811255" lon="114.0516805715"><ele>145.000</ele></trkpt>
      <trkpt lat="22.3713109986" lon="114.0516888931"><ele>146.000</ele></trkpt>
      <trkpt lat="22.3713540258" lon="114.0517139033"><ele>144.000</ele></trkpt>
      <trkpt lat="22.3714191617" lon="114.0517485257"><ele>146.000</ele></trkpt>
      <trkpt lat="22.3714777211" lon="114.0517754485"><ele>146.000</ele></trkpt>
      <trkpt lat="22.3715422521" lon="114.0517997958"><ele>149.000</ele></trkpt>
      <trkpt lat="22.3716073776" lon="114.0518209317"><ele>148.000</ele></trkpt>
      <trkpt lat="22.3716790702" lon="114.0518375662"><ele>150.000</ele></trkpt>
      <trkpt lat="22.3717322388" lon="114.0518452262"><ele>150.000</ele></trkpt>
      <trkpt lat="22.3718015345" lon="114.0518522290"><ele>152.000</ele></trkpt>
      <trkpt lat="22.3718732171" lon="114.0518547342"><ele>154.000</ele></trkpt>
      <trkpt lat="22.3719496664" lon="114.0518437475"><ele>154.000</ele></trkpt>
      <trkpt lat="22.3720123715" lon="114.0518237820"><ele>154.000</ele></trkpt>
      <trkpt lat="22.3720577525" lon="114.0518025464"><ele>156.000</ele></trkpt>
      <trkpt lat="22.3721132630" lon="114.0517498329"><ele>158.000</ele></trkpt>
      <trkpt lat="22.3721442831" lon="114.0516964985"><ele>158.000</ele></trkpt>
      <trkpt lat="22.3721490223" lon="114.0516451139"><ele>160.000</ele></trkpt>
      <trkpt lat="22.3721334340" lon="114.0515706261"><ele>160.000</ele></trkpt>
      <trkpt lat="22.3721034530" lon="114.0514229359"><ele>162.000</ele></trkpt>
      <trkpt lat="22.3720836675" lon="114.0513279005"><ele>164.000</ele></trkpt>
      <trkpt lat="22.3720543016" lon="114.0512039721"><ele>166.000</ele></trkpt>
      <trkpt lat="22.3720111985" lon="114.0510813408"><ele>167.000</ele></trkpt>
      <trkpt lat="22.3719429797" lon="114.0509227668"><ele>168.000</ele></trkpt>
      <trkpt lat="22.3718639582" lon="114.0507481484"><ele>170.000</ele></trkpt>
      <trkpt lat="22.3718526265" lon="114.0507231083"><ele>170.000</ele></trkpt>
      <trkpt lat="22.3717790390" lon="114.0505741724"><ele>174.000</ele></trkpt>
      <trkpt lat="22.3717401507" lon="114.0504952113"><ele>176.000</ele></trkpt>
      <trkpt lat="22.3717108273" lon="114.0504265163"><ele>176.000</ele></trkpt>
      <trkpt lat="22.3716898641" lon="114.0503539610"><ele>176.000</ele></trkpt>
      <trkpt lat="22.3716569187" lon="114.0502358175"><ele>178.000</ele></trkpt>
      <trkpt lat="22.3716191716" lon="114.0500887770"><ele>178.000</ele></trkpt>
      <trkpt lat="22.3715784294" lon="114.0499308208"><ele>180.000</ele></trkpt>
      <trkpt lat="22.3715532618" lon="114.0498300098"><ele>181.000</ele></trkpt>
      <trkpt lat="22.3715412765" lon="114.0497805679"><ele>182.000</ele></trkpt>
      <trkpt lat="22.3715382523" lon="114.0497324015"><ele>184.000</ele></trkpt>
      <trkpt lat="22.3715471786" lon="114.0496893636"><ele>184.000</ele></trkpt>
      <trkpt lat="22.3715626739" lon="114.0496443923"><ele>186.000</ele></trkpt>
      <trkpt lat="22.3715901203" lon="114.0496051892"><ele>188.000</ele></trkpt>
      <trkpt lat="22.3716277153" lon="114.0495582714"><ele>188.000</ele></trkpt>
      <trkpt lat="22.3716874021" lon="114.0494991306"><ele>190.000</ele></trkpt>
      <trkpt lat="22.3717667971" lon="114.0494354752"><ele>190.000</ele></trkpt>
      <trkpt lat="22.3718688731" lon="114.0493499632"><ele>192.000</ele></trkpt>
      <trkpt lat="22.3719542427" lon="114.0492875868"><ele>194.000</ele></trkpt>
      <trkpt lat="22.3719876794" lon="114.0492695741"><ele>194.000</ele></trkpt>
      <trkpt lat="22.3720247104" lon="114.0492644021"><ele>194.000</ele></trkpt>
      <trkpt lat="22.3720748887" lon="114.0492682101"><ele>195.000</ele></trkpt>
      <trkpt lat="22.3721346301" lon="114.0492784313"><ele>195.000</ele></trkpt>
      <trkpt lat="22.3722140883" lon="114.0492950575"><ele>196.000</ele></trkpt>
      <trkpt lat="22.3722965429" lon="114.0493232413"><ele>197.000</ele></trkpt>
      <trkpt lat="22.3723455476" lon="114.0493527401"><ele>198.000</ele></trkpt>
      <trkpt lat="22.3723802231" lon="114.0493918859"><ele>198.000</ele></trkpt>
      <trkpt lat="22.3724143073" lon="114.0494380969"><ele>200.000</ele></trkpt>
      <trkpt lat="22.3724657394" lon="114.0495157630"><ele>200.000</ele></trkpt>
      <trkpt lat="22.3725022105" lon="114.0495587610"><ele>200.000</ele></trkpt>
      <trkpt lat="22.3725374797" lon="114.0495927680"><ele>202.000</ele></trkpt>
      <trkpt lat="22.3725763301" lon="114.0496229190"><ele>202.000</ele></trkpt>
      <trkpt lat="22.3726259313" lon="114.0496517756"><ele>204.000</ele></trkpt>
      <trkpt lat="22.3726868799" lon="114.0496780518"><ele>204.000</ele></trkpt>
      <trkpt lat="22.3727609758" lon="114.0497120246"><ele>206.000</ele></trkpt>
      <trkpt lat="22.3728541962" lon="114.0497581821"><ele>206.000</ele></trkpt>
      <trkpt lat="22.3729450326" lon="114.0498114067"><ele>206.000</ele></trkpt>
      <trkpt lat="22.3730036084" lon="114.0498588804"><ele>206.000</ele></trkpt>
      <trkpt lat="22.3730849065" lon="114.0499371618"><ele>207.000</ele></trkpt>
      <trkpt lat="22.3731572309" lon="114.0499968262"><ele>208.000</ele></trkpt>
      <trkpt lat="22.3732199862" lon="114.0500423689"><ele>208.000</ele></trkpt>
      <trkpt lat="22.3732869165" lon="114.0500789177"><ele>208.000</ele></trkpt>
      <trkpt lat="22.3733496578" lon="114.0501064772"><ele>208.000</ele></trkpt>
      <trkpt lat="22.3734153774" lon="114.0501237592"><ele>209.000</ele></trkpt>
      <trkpt lat="22.3734876669" lon="114.0501391079"><ele>210.000</ele></trkpt>
      <trkpt lat="22.3735790680" lon="114.0501512283"><ele>210.000</ele></trkpt>
      <trkpt lat="22.3736316432" lon="114.0501633830"><ele>210.000</ele></trkpt>
      <trkpt lat="22.3736770566" lon="114.0501838944"><ele>210.000</ele></trkpt>
      <trkpt lat="22.3737105327" lon="114.0502172616"><ele>210.000</ele></trkpt>
      <trkpt lat="22.3737446160" lon="114.0502615469"><ele>210.000</ele></trkpt>
      <trkpt lat="22.3737924375" lon="114.0503071034"><ele>208.000</ele></trkpt>
      <trkpt lat="22.3738492104" lon="114.0503404497"><ele>208.000</ele></trkpt>
      <trkpt lat="22.3739029830" lon="114.0503570999"><ele>208.000</ele></trkpt>
      <trkpt lat="22.3739740793" lon="114.0503743772"><ele>208.000</ele></trkpt>
      <trkpt lat="22.3740427796" lon="114.0503833064"><ele>208.000</ele></trkpt>
      <trkpt lat="22.3741078897" lon="114.0503845322"><ele>208.000</ele></trkpt>
      <trkpt lat="22.3741652280" lon="114.0503774156"><ele>208.000</ele></trkpt>
      <trkpt lat="22.3742249491" lon="114.0503619474"><ele>206.000</ele></trkpt>
      <trkpt lat="22.3742715286" lon="114.0503458483"><ele>206.000</ele></trkpt>
      <trkpt lat="22.3743276570" lon="114.0503194647"><ele>206.000</ele></trkpt>
      <trkpt lat="22.3744160295" lon="114.0502776377"><ele>206.000</ele></trkpt>
      <trkpt lat="22.3744805155" lon="114.0502441827"><ele>206.000</ele></trkpt>
      <trkpt lat="22.3745503739" lon="114.0502062261"><ele>205.000</ele></trkpt>
      <trkpt lat="22.3746345587" lon="114.0501573380"><ele>204.000</ele></trkpt>
      <trkpt lat="22.3746984423" lon="114.0501168176"><ele>204.000</ele></trkpt>
      <trkpt lat="22.3747694854" lon="114.0500672984"><ele>204.000</ele></trkpt>
      <trkpt lat="22.3748411293" lon="114.0500203488"><ele>202.000</ele></trkpt>
      <trkpt lat="22.3749073989" lon="114.0499766141"><ele>202.000</ele></trkpt>
      <trkpt lat="22.3749856078" lon="114.0499238782"><ele>200.000</ele></trkpt>
      <trkpt lat="22.3750506852" lon="114.0498833565"><ele>200.000</ele></trkpt>
      <trkpt lat="22.3750942687" lon="114.0498563422"><ele>200.000</ele></trkpt>
      <trkpt lat="22.3751492032" lon="114.0498299593"><ele>199.000</ele></trkpt>
      <trkpt lat="22.3752142891" lon="114.0498003562"><ele>200.000</ele></trkpt>
      <trkpt lat="22.3752913174" lon="114.0497656038"><ele>200.000</ele></trkpt>
      <trkpt lat="22.3753701368" lon="114.0497289223"><ele>198.000</ele></trkpt>
      <trkpt lat="22.3754388038" lon="114.0496954630"><ele>198.000</ele></trkpt>
      <trkpt lat="22.3755176136" lon="114.0496478637"><ele>198.000</ele></trkpt>
      <trkpt lat="22.3755791051" lon="114.0496041330"><ele>198.000</ele></trkpt>
      <trkpt lat="22.3756495445" lon="114.0495462652"><ele>196.000</ele></trkpt>
      <trkpt lat="22.3757480382" lon="114.0494620388"><ele>196.000</ele></trkpt>
      <trkpt lat="22.3758077249" lon="114.0494028952"><ele>196.000</ele></trkpt>
      <trkpt lat="22.3758572648" lon="114.0493540386"><ele>198.000</ele></trkpt>
      <trkpt lat="22.3758847040" lon="114.0493058430"><ele>198.000</ele></trkpt>
      <trkpt lat="22.3758954223" lon="114.0492634438"><ele>200.000</ele></trkpt>
      <trkpt lat="22.3758971759" lon="114.0492139870"><ele>201.000</ele></trkpt>
      <trkpt lat="22.3758851905" lon="114.0491658282"><ele>202.000</ele></trkpt>
      <trkpt lat="22.3758600720" lon="114.0491266728"><ele>202.000</ele></trkpt>
      <trkpt lat="22.3758206149" lon="114.0490843185"><ele>204.000</ele></trkpt>
      <trkpt lat="22.3757578613" lon="114.0490413446"><ele>205.000</ele></trkpt>
      <trkpt lat="22.3756670288" lon="114.0489932570"><ele>206.000</ele></trkpt>
      <trkpt lat="22.3755839701" lon="114.0489560820"><ele>208.000</ele></trkpt>
      <trkpt lat="22.3754620670" lon="114.0488964624"><ele>210.000</ele></trkpt>
      <trkpt lat="22.3753132766" lon="114.0488278761"><ele>214.000</ele></trkpt>
      <trkpt lat="22.3752547156" lon="114.0487983846"><ele>214.000</ele></trkpt>
      <trkpt lat="22.3752104887" lon="114.0487675964"><ele>216.000</ele></trkpt>
      <trkpt lat="22.3751692477" lon="114.0487361637"><ele>216.000</ele></trkpt>
      <trkpt lat="22.3751226211" lon="114.0486925326"><ele>218.000</ele></trkpt>
      <trkpt lat="22.3750622355" lon="114.0486225802"><ele>218.000</ele></trkpt>
      <trkpt lat="22.3749749250" lon="114.0484974192"><ele>221.000</ele></trkpt>
      <trkpt lat="22.3748971854" lon="114.0483876630"><ele>222.000</ele></trkpt>
      <trkpt lat="22.3748290176" lon="114.0482978091"><ele>224.000</ele></trkpt>
      <trkpt lat="22.3747704184" lon="114.0482214333"><ele>224.000</ele></trkpt>
      <trkpt lat="22.3747327416" lon="114.0481649492"><ele>224.000</ele></trkpt>
      <trkpt lat="22.3746854903" lon="114.0480866356"><ele>225.000</ele></trkpt>
      <trkpt lat="22.3746436200" lon="114.0480147412"><ele>226.000</ele></trkpt>
      <trkpt lat="22.3745915662" lon="114.0479068893"><ele>226.000</ele></trkpt>
      <trkpt lat="22.3745185945" lon="114.0477849270"><ele>228.000</ele></trkpt>
      <trkpt lat="22.3744504075" lon="114.0476713089"><ele>230.000</ele></trkpt>
      <trkpt lat="22.3743636842" lon="114.0475326608"><ele>232.000</ele></trkpt>
      <trkpt lat="22.3743128474" lon="114.0474530674"><ele>234.000</ele></trkpt>
      <trkpt lat="22.3742823403" lon="114.0473997881"><ele>234.000</ele></trkpt>
      <trkpt lat="22.3742464641" lon="114.0473548632"><ele>236.000</ele></trkpt>
      <trkpt lat="22.3742016266" lon="114.0473073774"><ele>236.000</ele></trkpt>
      <trkpt lat="22.3741496258" lon="114.0472663203"><ele>238.000</ele></trkpt>
      <trkpt lat="22.3740880706" lon="114.0472284840"><ele>238.000</ele></trkpt>
      <trkpt lat="22.3740121791" lon="114.0471913029"><ele>239.000</ele></trkpt>
      <trkpt lat="22.3739147774" lon="114.0471457933"><ele>240.000</ele></trkpt>
      <trkpt lat="22.3738747363" lon="114.0471201395"><ele>241.000</ele></trkpt>
      <trkpt lat="22.3738269289" lon="114.0470944938"><ele>241.000</ele></trkpt>
      <trkpt lat="22.3737826986" lon="114.0470598526"><ele>242.000</ele></trkpt>
      <trkpt lat="22.3737217284" lon="114.0470072447"><ele>242.000</ele></trkpt>
      <trkpt lat="22.3736476005" lon="114.0469340954"><ele>243.000</ele></trkpt>
      <trkpt lat="22.3735645058" lon="114.0468526062"><ele>242.000</ele></trkpt>
      <trkpt lat="22.3734652736" lon="114.0467589289"><ele>242.000</ele></trkpt>
      <trkpt lat="22.3734258187" lon="114.0467210725"><ele>242.000</ele></trkpt>
      <trkpt lat="22.3733851704" lon="114.0466838591"><ele>242.000</ele></trkpt>
      <trkpt lat="22.3733493084" lon="114.0466569179"><ele>242.000</ele></trkpt>
      <trkpt lat="22.3733176372" lon="114.0466408905"><ele>242.000</ele></trkpt>
      <trkpt lat="22.3732752153" lon="114.0466261586"><ele>242.000</ele></trkpt>
      <trkpt lat="22.3732321998" lon="114.0466165646"><ele>242.000</ele></trkpt>
      <trkpt lat="22.3731820220" lon="114.0466146839"><ele>240.000</ele></trkpt>
      <trkpt lat="22.3730894368" lon="114.0466160547"><ele>240.000</ele></trkpt>
      <trkpt lat="22.3730195488" lon="114.0466161197"><ele>239.000</ele></trkpt>
      <trkpt lat="22.3729717574" lon="114.0466103840"><ele>238.000</ele></trkpt>
      <trkpt lat="22.3729251581" lon="114.0466014362"><ele>238.000</ele></trkpt>
      <trkpt lat="22.3728839269" lon="114.0465815639"><ele>238.000</ele></trkpt>
      <trkpt lat="22.3728534423" lon="114.0465565443"><ele>238.000</ele></trkpt>
      <trkpt lat="22.3728313146" lon="114.0465238103"><ele>238.000</ele></trkpt>
      <trkpt lat="22.3728115635" lon="114.0464750173"><ele>237.000</ele></trkpt>
      <trkpt lat="22.3728067525" lon="114.0464352026"><ele>236.000</ele></trkpt>
      <trkpt lat="22.3728120957" lon="114.0463947355"><ele>236.000</ele></trkpt>
      <trkpt lat="22.3728264037" lon="114.0463600403"><ele>236.000</ele></trkpt>
      <trkpt lat="22.3728514648" lon="114.0463259768"><ele>236.000</ele></trkpt>
      <trkpt lat="22.3728944390" lon="114.0462841911"><ele>236.000</ele></trkpt>
      <trkpt lat="22.3729654647" lon="114.0462134764"><ele>236.000</ele></trkpt>
      <trkpt lat="22.3730275383" lon="114.0461536885"><ele>236.000</ele></trkpt>
      <trkpt lat="22.3730573743" lon="114.0461157677"><ele>238.000</ele></trkpt>
      <trkpt lat="22.3730746706" lon="114.0460823542"><ele>237.000</ele></trkpt>
      <trkpt lat="22.3730847970" lon="114.0460483055"><ele>238.000</ele></trkpt>
      <trkpt lat="22.3730883490" lon="114.0460084819"><ele>238.000</ele></trkpt>
      <trkpt lat="22.3730859242" lon="114.0459648111"><ele>238.000</ele></trkpt>
      <trkpt lat="22.3730757319" lon="114.0459172937"><ele>236.000</ele></trkpt>
      <trkpt lat="22.3730565588" lon="114.0458453795"><ele>236.000</ele></trkpt>
      <trkpt lat="22.3730271991" lon="114.0457342964"><ele>234.000</ele></trkpt>
      <trkpt lat="22.3729966534" lon="114.0456328483"><ele>234.000</ele></trkpt>
      <trkpt lat="22.3729505228" lon="114.0454659058"><ele>232.000</ele></trkpt>
      <trkpt lat="22.3729193800" lon="114.0453644585"><ele>230.000</ele></trkpt>
      <trkpt lat="22.3728392124" lon="114.0451904439"><ele>230.000</ele></trkpt>
      <trkpt lat="22.3728164572" lon="114.0451410507"><ele>230.000</ele></trkpt>
      <trkpt lat="22.3728146328" lon="114.0451018749"><ele>230.000</ele></trkpt>
      <trkpt lat="22.3728038497" lon="114.0450633504"><ele>230.000</ele></trkpt>
      <trkpt lat="22.3727847071" lon="114.0450293283"><ele>228.000</ele></trkpt>
      <trkpt lat="22.3727434491" lon="114.0449779876"><ele>227.000</ele></trkpt>
      <trkpt lat="22.3726968203" lon="114.0449317884"><ele>226.000</ele></trkpt>
      <trkpt lat="22.3726573686" lon="114.0448984293"><ele>226.000</ele></trkpt>
      <trkpt lat="22.3726077634" lon="114.0448657206"><ele>224.000</ele></trkpt>
      <trkpt lat="22.3725569720" lon="114.0448432897"><ele>224.000</ele></trkpt>
      <trkpt lat="22.3725103721" lon="114.0448336997"><ele>224.000</ele></trkpt>
      <trkpt lat="22.3724727381" lon="114.0448311660"><ele>223.000</ele></trkpt>
      <trkpt lat="22.3724201774" lon="114.0448363539"><ele>222.000</ele></trkpt>
      <trkpt lat="22.3723431278" lon="114.0448447759"><ele>220.000</ele></trkpt>
      <trkpt lat="22.3723240128" lon="114.0448435093"><ele>220.000</ele></trkpt>
      <trkpt lat="22.3723060848" lon="114.0448338923"><ele>220.000</ele></trkpt>
      <trkpt lat="22.3722929326" lon="114.0448204171"><ele>220.000</ele></trkpt>
      <trkpt lat="22.3722875473" lon="114.0448088619"><ele>220.000</ele></trkpt>
      <trkpt lat="22.3722911138" lon="114.0447883072"><ele>220.000</ele></trkpt>
      <trkpt lat="22.3723060229" lon="114.0447581069"><ele>220.000</ele></trkpt>
      <trkpt lat="22.3723239237" lon="114.0447343267"><ele>220.000</ele></trkpt>
      <trkpt lat="22.3723436234" lon="114.0447195359"><ele>220.000</ele></trkpt>
      <trkpt lat="22.3723704843" lon="114.0446957472"><ele>220.000</ele></trkpt>
      <trkpt lat="22.3723931641" lon="114.0446732471"><ele>220.000</ele></trkpt>
      <trkpt lat="22.3724146464" lon="114.0446462525"><ele>220.000</ele></trkpt>
      <trkpt lat="22.3724223992" lon="114.0446308312"><ele>220.000</ele></trkpt>
      <trkpt lat="22.3724283541" lon="114.0446089886"><ele>220.000</ele></trkpt>
      <trkpt lat="22.3724337085" lon="114.0445826511"><ele>220.000</ele></trkpt>
      <trkpt lat="22.3724366774" lon="114.0445601695"><ele>220.000</ele></trkpt>
      <trkpt lat="22.3724468176" lon="114.0445434613"><ele>220.000</ele></trkpt>
      <trkpt lat="22.3724617419" lon="114.0445318869"><ele>220.000</ele></trkpt>
      <trkpt lat="22.3724802495" lon="114.0445203092"><ele>220.000</ele></trkpt>
      <trkpt lat="22.3725041339" lon="114.0445087263"><ele>220.000</ele></trkpt>
      <trkpt lat="22.3725280142" lon="114.0444932887"><ele>222.000</ele></trkpt>
      <trkpt lat="22.3725530862" lon="114.0444739982"><ele>221.000</ele></trkpt>
      <trkpt lat="22.3725781590" lon="114.0444547067"><ele>222.000</ele></trkpt>
      <trkpt lat="22.3726050131" lon="114.0444238532"><ele>222.000</ele></trkpt>
      <trkpt lat="22.3726330581" lon="114.0443872184"><ele>224.000</ele></trkpt>
      <trkpt lat="22.3726796075" lon="114.0443351511"><ele>224.000</ele></trkpt>
      <trkpt lat="22.3727285449" lon="114.0442824407"><ele>224.000</ele></trkpt>
      <trkpt lat="22.3727571910" lon="114.0442509427"><ele>226.000</ele></trkpt>
      <trkpt lat="22.3727792713" lon="114.0442252320"><ele>225.000</ele></trkpt>
      <trkpt lat="22.3727941892" lon="114.0442059500"><ele>226.000</ele></trkpt>
      <trkpt lat="22.3728067230" lon="114.0441930932"><ele>226.000</ele></trkpt>
      <trkpt lat="22.3728240316" lon="114.0441763782"><ele>224.000</ele></trkpt>
      <trkpt lat="22.3728431354" lon="114.0441628724"><ele>226.000</ele></trkpt>
      <trkpt lat="22.3728598530" lon="114.0441532226"><ele>226.000</ele></trkpt>
      <trkpt lat="22.3728801538" lon="114.0441435695"><ele>226.000</ele></trkpt>
      <trkpt lat="22.3728968723" lon="114.0441352053"><ele>226.000</ele></trkpt>
      <trkpt lat="22.3729117947" lon="114.0441223453"><ele>226.000</ele></trkpt>
      <trkpt lat="22.3729267152" lon="114.0441062752"><ele>226.000</ele></trkpt>
      <trkpt lat="22.3729440186" lon="114.0440831372"><ele>226.000</ele></trkpt>
      <trkpt lat="22.3729607272" lon="114.0440625699"><ele>226.000</ele></trkpt>
      <trkpt lat="22.3729744519" lon="114.0440452154"><ele>226.000</ele></trkpt>
      <trkpt lat="22.3729863894" lon="114.0440342856"><ele>226.000</ele></trkpt>
      <trkpt lat="22.3729983312" lon="114.0440284941"><ele>226.000</ele></trkpt>
      <trkpt lat="22.3730126650" lon="114.0440259113"><ele>226.000</ele></trkpt>
      <trkpt lat="22.3730270015" lon="114.0440265405"><ele>226.000</ele></trkpt>
      <trkpt lat="22.3730413316" lon="114.0440194622"><ele>226.000</ele></trkpt>
      <trkpt lat="22.3730604386" lon="114.0440098101"><ele>226.000</ele></trkpt>
      <trkpt lat="22.3730741697" lon="114.0440001631"><ele>226.000</ele></trkpt>
      <trkpt lat="22.3730938699" lon="114.0439860149"><ele>228.000</ele></trkpt>
      <trkpt lat="22.3731171527" lon="114.0439699360"><ele>228.000</ele></trkpt>
      <trkpt lat="22.3731374514" lon="114.0439577146"><ele>228.000</ele></trkpt>
      <trkpt lat="22.3731535730" lon="114.0439493499"><ele>228.000</ele></trkpt>
      <trkpt lat="22.3731756674" lon="114.0439409796"><ele>230.000</ele></trkpt>
      <trkpt lat="22.3731995577" lon="114.0439377449"><ele>230.000</ele></trkpt>
      <trkpt lat="22.3732204616" lon="114.0439345141"><ele>230.000</ele></trkpt>
      <trkpt lat="22.3732419633" lon="114.0439312827"><ele>230.000</ele></trkpt>
      <trkpt lat="22.3732562940" lon="114.0439248461"><ele>230.000</ele></trkpt>
      <trkpt lat="22.3732682320" lon="114.0439145591"><ele>230.000</ele></trkpt>
      <trkpt lat="22.3732789690" lon="114.0438965656"><ele>230.000</ele></trkpt>
      <trkpt lat="22.3732974649" lon="114.0438708581"><ele>230.000</ele></trkpt>
      <trkpt lat="22.3733129787" lon="114.0438502909"><ele>230.000</ele></trkpt>
      <trkpt lat="22.3733284930" lon="114.0438303665"><ele>231.000</ele></trkpt>
      <trkpt lat="22.3733366744" lon="114.0438213054"><ele>230.000</ele></trkpt>
      <trkpt lat="22.3733463943" lon="114.0438128778"><ele>230.000</ele></trkpt>
      <trkpt lat="22.3733695972" lon="114.0437962639"><ele>231.000</ele></trkpt>
      <trkpt lat="22.3733911636" lon="114.0437871648"><ele>230.000</ele></trkpt>
      <trkpt lat="22.3734154589" lon="114.0437790050"><ele>230.000</ele></trkpt>
      <trkpt lat="22.3734356650" lon="114.0437749174"><ele>228.000</ele></trkpt>
      <trkpt lat="22.3734739001" lon="114.0437726867"><ele>228.000</ele></trkpt>
      <trkpt lat="22.3735028525" lon="114.0437732826"><ele>228.000</ele></trkpt>
      <trkpt lat="22.3735195099" lon="114.0437685769"><ele>228.000</ele></trkpt>
      <trkpt lat="22.3735298805" lon="114.0437619936"><ele>228.000</ele></trkpt>
      <trkpt lat="22.3735391577" lon="114.0437544705"><ele>228.000</ele></trkpt>
      <trkpt lat="22.3735498016" lon="114.0437397395"><ele>226.000</ele></trkpt>
      <trkpt lat="22.3735661593" lon="114.0437109249"><ele>226.000</ele></trkpt>
      <trkpt lat="22.3735863810" lon="114.0436919135"><ele>228.000</ele></trkpt>
      <trkpt lat="22.3736144979" lon="114.0436737296"><ele>226.000</ele></trkpt>
      <trkpt lat="22.3736404261" lon="114.0436536641"><ele>226.000</ele></trkpt>
      <trkpt lat="22.3736565190" lon="114.0436323564"><ele>229.000</ele></trkpt>
      <trkpt lat="22.3736693418" lon="114.0436207596"><ele>229.000</ele></trkpt>
      <trkpt lat="22.3736824505" lon="114.0436163680"><ele>229.000</ele></trkpt>
      <trkpt lat="22.3737042927" lon="114.0436132110"><ele>228.000</ele></trkpt>
      <trkpt lat="22.3737214995" lon="114.0436066211"><ele>228.000</ele></trkpt>
      <trkpt lat="22.3737354183" lon="114.0435990926"><ele>230.000</ele></trkpt>
      <trkpt lat="22.3737523397" lon="114.0435859295"><ele>230.000</ele></trkpt>
      <trkpt lat="22.3737700803" lon="114.0435674350"><ele>230.000</ele></trkpt>
      <trkpt lat="22.3737873247" lon="114.0435408334"><ele>232.000</ele></trkpt>
      <trkpt lat="22.3738053357" lon="114.0435239117"><ele>232.000</ele></trkpt>
      <trkpt lat="22.3738206254" lon="114.0435141874"><ele>232.000</ele></trkpt>
      <trkpt lat="22.3738331840" lon="114.0435107382"><ele>231.000</ele></trkpt>
      <trkpt lat="22.3738834308" lon="114.0435119448"><ele>230.000</ele></trkpt>
      <trkpt lat="22.3739162089" lon="114.0435087774"><ele>230.000</ele></trkpt>
      <trkpt lat="22.3739399646" lon="114.0435043756"><ele>232.000</ele></trkpt>
      <trkpt lat="22.3739616384" lon="114.0434941229"><ele>232.000</ele></trkpt>
      <trkpt lat="22.3739774712" lon="114.0434837767"><ele>232.000</ele></trkpt>
      <trkpt lat="22.3740271426" lon="114.0434442787"><ele>234.000</ele></trkpt>
      <trkpt lat="22.3740514375" lon="114.0434257779"><ele>234.000</ele></trkpt>
      <trkpt lat="22.3740618113" lon="114.0434229522"><ele>234.000</ele></trkpt>
      <trkpt lat="22.3740746446" lon="114.0434241925"><ele>234.000</ele></trkpt>
      <trkpt lat="22.3740948598" lon="114.0434301253"><ele>234.000</ele></trkpt>
      <trkpt lat="22.3741150773" lon="114.0434388759"><ele>233.000</ele></trkpt>
      <trkpt lat="22.3741410333" lon="114.0434526196"><ele>233.000</ele></trkpt>
      <trkpt lat="22.3741935376" lon="114.0434755253"><ele>230.000</ele></trkpt>
      <trkpt lat="22.3742096503" lon="114.0434783355"><ele>230.000</ele></trkpt>
      <trkpt lat="22.3742361442" lon="114.0434751740"><ele>230.000</ele></trkpt>
      <trkpt lat="22.3742582525" lon="114.0434651325"><ele>228.000</ele></trkpt>
      <trkpt lat="22.3742789989" lon="114.0434472662"><ele>230.000</ele></trkpt>
      <trkpt lat="22.3742950813" lon="114.0434131318"><ele>228.000</ele></trkpt>
      <trkpt lat="22.3742983460" lon="114.0433959026"><ele>228.000</ele></trkpt>
      <trkpt lat="22.3742991282" lon="114.0433489358"><ele>228.000</ele></trkpt>
      <trkpt lat="22.3743012950" lon="114.0433263955"><ele>228.000</ele></trkpt>
      <trkpt lat="22.3743080988" lon="114.0432960169"><ele>230.000</ele></trkpt>
      <trkpt lat="22.3743205373" lon="114.0432564475"><ele>231.000</ele></trkpt>
      <trkpt lat="22.3743371732" lon="114.0432257488"><ele>229.000</ele></trkpt>
      <trkpt lat="22.3743538159" lon="114.0432031965"><ele>230.000</ele></trkpt>
      <trkpt lat="22.3743599135" lon="114.0431902826"><ele>230.000</ele></trkpt>
      <trkpt lat="22.3743868036" lon="114.0431333402"><ele>230.000</ele></trkpt>
      <trkpt lat="22.3743960674" lon="114.0431107853"><ele>232.000</ele></trkpt>
      <trkpt lat="22.3744066970" lon="114.0430788398"><ele>232.000</ele></trkpt>
      <trkpt lat="22.3744143140" lon="114.0430512762"><ele>232.000</ele></trkpt>
      <trkpt lat="22.3744213940" lon="114.0430174601"><ele>230.000</ele></trkpt>
      <trkpt lat="22.3744322926" lon="114.0429952240"><ele>230.000</ele></trkpt>
      <trkpt lat="22.3744549449" lon="114.0429648292"><ele>231.000</ele></trkpt>
      <trkpt lat="22.3744677584" lon="114.0429518447"><ele>230.000</ele></trkpt>
      <trkpt lat="22.3744743230" lon="114.0429435084"><ele>230.000</ele></trkpt>
      <trkpt lat="22.3744782391" lon="114.0429375681"><ele>230.000</ele></trkpt>
      <trkpt lat="22.3744817251" lon="114.0429313273"><ele>230.000</ele></trkpt>
      <trkpt lat="22.3744847576" lon="114.0429248188"><ele>230.000</ele></trkpt>
      <trkpt lat="22.3744873248" lon="114.0429180807"><ele>230.000</ele></trkpt>
      <trkpt lat="22.3744894070" lon="114.0429111537"><ele>230.000</ele></trkpt>
      <trkpt lat="22.3744927826" lon="114.0428970490"><ele>230.000</ele></trkpt>
      <trkpt lat="22.3744931423" lon="114.0428951339"><ele>230.000</ele></trkpt>
      <trkpt lat="22.3744954646" lon="114.0428827750"><ele>230.000</ele></trkpt>
      <trkpt lat="22.3744964620" lon="114.0428755733"><ele>230.000</ele></trkpt>
      <trkpt lat="22.3744984253" lon="114.0428538312"><ele>230.000</ele></trkpt>
      <trkpt lat="22.3744993193" lon="114.0428320106"><ele>230.000</ele></trkpt>
      <trkpt lat="22.3744991178" lon="114.0428155450"><ele>230.000</ele></trkpt>
      <trkpt lat="22.3745013937" lon="114.0427721984"><ele>230.000</ele></trkpt>
      <trkpt lat="22.3745002813" lon="114.0427484008"><ele>230.000</ele></trkpt>
      <trkpt lat="22.3744983553" lon="114.0427333720"><ele>230.000</ele></trkpt>
      <trkpt lat="22.3744934282" lon="114.0427158389"><ele>230.000</ele></trkpt>
      <trkpt lat="22.3744857595" lon="114.0426929992"><ele>230.000</ele></trkpt>
      <trkpt lat="22.3744832938" lon="114.0426817285"><ele>230.000</ele></trkpt>
      <trkpt lat="22.3744824539" lon="114.0426598144"><ele>228.000</ele></trkpt>
      <trkpt lat="22.3744854286" lon="114.0426206695"><ele>226.000</ele></trkpt>
      <trkpt lat="22.3744840543" lon="114.0426056401"><ele>226.000</ele></trkpt>
      <trkpt lat="22.3744813030" lon="114.0425874855"><ele>226.000</ele></trkpt>
      <trkpt lat="22.3744804696" lon="114.0425733974"><ele>226.000</ele></trkpt>
      <trkpt lat="22.3744823697" lon="114.0425561705"><ele>226.000</ele></trkpt>
      <trkpt lat="22.3744932740" lon="114.0425289241"><ele>226.000</ele></trkpt>
      <trkpt lat="22.3745109100" lon="114.0425053494"><ele>226.000</ele></trkpt>
      <trkpt lat="22.3745281006" lon="114.0424912469"><ele>226.000</ele></trkpt>
      <trkpt lat="22.3745480274" lon="114.0424761961"><ele>224.000</ele></trkpt>
      <trkpt lat="22.3745534839" lon="114.0424677434"><ele>225.000</ele></trkpt>
      <trkpt lat="22.3745578458" lon="114.0424549009"><ele>225.000</ele></trkpt>
      <trkpt lat="22.3745608316" lon="114.0424292254"><ele>224.000</ele></trkpt>
      <trkpt lat="22.3745632754" lon="114.0424141924"><ele>224.000</ele></trkpt>
      <trkpt lat="22.3745728136" lon="114.0423947734"><ele>224.000</ele></trkpt>
      <trkpt lat="22.3745998231" lon="114.0423612400"><ele>223.000</ele></trkpt>
      <trkpt lat="22.3746216535" lon="114.0423330403"><ele>221.000</ele></trkpt>
      <trkpt lat="22.3746311943" lon="114.0423167478"><ele>221.000</ele></trkpt>
      <trkpt lat="22.3746344655" lon="114.0423064135"><ele>221.000</ele></trkpt>
      <trkpt lat="22.3746371597" lon="114.0422666474"><ele>220.000</ele></trkpt>
      <trkpt lat="22.3746490676" lon="114.0421866177"><ele>217.000</ele></trkpt>
      <trkpt lat="22.3746542147" lon="114.0421418400"><ele>216.000</ele></trkpt>
      <trkpt lat="22.3746595994" lon="114.0420895079"><ele>216.000</ele></trkpt>
      <trkpt lat="22.3746617419" lon="114.0420596191"><ele>216.000</ele></trkpt>
      <trkpt lat="22.3746609989" lon="114.0420349939"><ele>214.000</ele></trkpt>
      <trkpt lat="22.3746566225" lon="114.0419957124"><ele>214.000</ele></trkpt>
      <trkpt lat="22.3746493471" lon="114.0419561598"><ele>214.000</ele></trkpt>
      <trkpt lat="22.3746239372" lon="114.0418805626"><ele>213.000</ele></trkpt>
      <trkpt lat="22.3746084670" lon="114.0418252804"><ele>212.000</ele></trkpt>
      <trkpt lat="22.3745970847" lon="114.0417763230"><ele>212.000</ele></trkpt>
      <trkpt lat="22.3745796553" lon="114.0417118757"><ele>212.000</ele></trkpt>
      <trkpt lat="22.3745709460" lon="114.0416855891"><ele>210.000</ele></trkpt>
      <trkpt lat="22.3745675419" lon="114.0416623569"><ele>210.000</ele></trkpt>
      <trkpt lat="22.3745636494" lon="114.0416186453"><ele>210.000</ele></trkpt>
      <trkpt lat="22.3745589963" lon="114.0415391443"><ele>210.000</ele></trkpt>
      <trkpt lat="22.3745533750" lon="114.0414594617"><ele>210.000</ele></trkpt>
      <trkpt lat="22.3745487532" lon="114.0414055167"><ele>210.000</ele></trkpt>
      <trkpt lat="22.3745427008" lon="114.0413600012"><ele>210.000</ele></trkpt>
      <trkpt lat="22.3745335036" lon="114.0413216371"><ele>210.000</ele></trkpt>
      <trkpt lat="22.3745076054" lon="114.0412380203"><ele>210.000</ele></trkpt>
      <trkpt lat="22.3744984724" lon="114.0412105389"><ele>210.000</ele></trkpt>
      <trkpt lat="22.3744948340" lon="114.0411900645"><ele>210.000</ele></trkpt>
      <trkpt lat="22.3744950542" lon="114.0411618477"><ele>210.000</ele></trkpt>
      <trkpt lat="22.3745008167" lon="114.0411297417"><ele>210.000</ele></trkpt>
      <trkpt lat="22.3745179042" lon="114.0410683089"><ele>210.000</ele></trkpt>
      <trkpt lat="22.3745463258" lon="114.0410046435"><ele>208.000</ele></trkpt>
      <trkpt lat="22.3746253458" lon="114.0409006917"><ele>210.000</ele></trkpt>
      <trkpt lat="22.3746483063" lon="114.0408721129"><ele>210.000</ele></trkpt>
      <trkpt lat="22.3747107257" lon="114.0407652234"><ele>210.000</ele></trkpt>
      <trkpt lat="22.3747442211" lon="114.0407001741"><ele>210.000</ele></trkpt>
      <trkpt lat="22.3747507126" lon="114.0406769226"><ele>210.000</ele></trkpt>
      <trkpt lat="22.3747528710" lon="114.0406556172"><ele>210.000</ele></trkpt>
      <trkpt lat="22.3747535615" lon="114.0406177173"><ele>210.000</ele></trkpt>
      <trkpt lat="22.3747641535" lon="114.0405844996"><ele>210.000</ele></trkpt>
      <trkpt lat="22.3747745115" lon="114.0405609734"><ele>210.000</ele></trkpt>
      <trkpt lat="22.3747862306" lon="114.0405365020"><ele>210.000</ele></trkpt>
      <trkpt lat="22.3748195106" lon="114.0405074179"><ele>210.000</ele></trkpt>
      <trkpt lat="22.3748554500" lon="114.0404835842"><ele>210.000</ele></trkpt>
      <trkpt lat="22.3748733012" lon="114.0404702936"><ele>210.000</ele></trkpt>
      <trkpt lat="22.3748851221" lon="114.0404594848"><ele>210.000</ele></trkpt>
      <trkpt lat="22.3749010258" lon="114.0404370591"><ele>210.000</ele></trkpt>
      <trkpt lat="22.3749358566" lon="114.0403729599"><ele>208.000</ele></trkpt>
      <trkpt lat="22.3749529776" lon="114.0403494261"><ele>207.000</ele></trkpt>
      <trkpt lat="22.3749741949" lon="114.0403239463"><ele>208.000</ele></trkpt>
      <trkpt lat="22.3749838427" lon="114.0403170235"><ele>208.000</ele></trkpt>
      <trkpt lat="22.3750082120" lon="114.0403100767"><ele>208.000</ele></trkpt>
      <trkpt lat="22.3750263033" lon="114.0403031456"><ele>208.000</ele></trkpt>
      <trkpt lat="22.3750406720" lon="114.0402938005"><ele>208.000</ele></trkpt>
      <trkpt lat="22.3750479075" lon="114.0402854916"><ele>208.000</ele></trkpt>
      <trkpt lat="22.3750698327" lon="114.0402406497"><ele>208.000</ele></trkpt>
      <trkpt lat="22.3750968398" lon="114.0401715556"><ele>208.000</ele></trkpt>
      <trkpt lat="22.3751052158" lon="114.0401344268"><ele>208.000</ele></trkpt>
      <trkpt lat="22.3751054044" lon="114.0401117736"><ele>208.000</ele></trkpt>
      <trkpt lat="22.3751007494" lon="114.0400746557"><ele>208.000</ele></trkpt>
      <trkpt lat="22.3750996937" lon="114.0400543826"><ele>207.000</ele></trkpt>
      <trkpt lat="22.3751138826" lon="114.0399263818"><ele>206.000</ele></trkpt>
      <trkpt lat="22.3751140495" lon="114.0398781725"><ele>206.000</ele></trkpt>
      <trkpt lat="22.3751129328" lon="114.0397942983"><ele>204.000</ele></trkpt>
      <trkpt lat="22.3751082389" lon="114.0397113598"><ele>204.000</ele></trkpt>
      <trkpt lat="22.3750980963" lon="114.0396458072"><ele>203.000</ele></trkpt>
      <trkpt lat="22.3750769978" lon="114.0395547188"><ele>203.000</ele></trkpt>
      <trkpt lat="22.3750656026" lon="114.0395137546"><ele>202.000</ele></trkpt>
      <trkpt lat="22.3750399258" lon="114.0394250089"><ele>202.000</ele></trkpt>
      <trkpt lat="22.3750367602" lon="114.0394086219"><ele>202.000</ele></trkpt>
      <trkpt lat="22.3750363266" lon="114.0393977765"><ele>202.000</ele></trkpt>
      <trkpt lat="22.3750440851" lon="114.0393673966"><ele>202.000</ele></trkpt>
      <trkpt lat="22.3750654702" lon="114.0393025413"><ele>200.000</ele></trkpt>
      <trkpt lat="22.3750944124" lon="114.0392380689"><ele>198.000</ele></trkpt>
      <trkpt lat="22.3751527694" lon="114.0391319610"><ele>194.000</ele></trkpt>
      <trkpt lat="22.3751621049" lon="114.0391082773"><ele>194.000</ele></trkpt>
      <trkpt lat="22.3751681761" lon="114.0390795886"><ele>194.000</ele></trkpt>
      <trkpt lat="22.3751711106" lon="114.0390578940"><ele>194.000</ele></trkpt>
      <trkpt lat="22.3751715098" lon="114.0390388526"><ele>194.000</ele></trkpt>
      <trkpt lat="22.3751696107" lon="114.0390229401"><ele>193.000</ele></trkpt>
      <trkpt lat="22.3751647475" lon="114.0389961924"><ele>193.000</ele></trkpt>
      <trkpt lat="22.3751630555" lon="114.0389817265"><ele>192.000</ele></trkpt>
      <trkpt lat="22.3751595077" lon="114.0389088656"><ele>190.000</ele></trkpt>
      <trkpt lat="22.3751556177" lon="114.0388891780"><ele>189.000</ele></trkpt>
      <trkpt lat="22.3751483703" lon="114.0388738533"><ele>189.000</ele></trkpt>
      <trkpt lat="22.3751472274" lon="114.0388721591"><ele>189.000</ele></trkpt>
      <trkpt lat="22.3751427834" lon="114.0388603777"><ele>189.000</ele></trkpt>
      <trkpt lat="22.3751387213" lon="114.0388495767"><ele>189.000</ele></trkpt>
      <trkpt lat="22.3751346628" lon="114.0388387717"><ele>188.000</ele></trkpt>
      <trkpt lat="22.3751306043" lon="114.0388279687"><ele>188.000</ele></trkpt>
      <trkpt lat="22.3751265367" lon="114.0388171676"><ele>188.000</ele></trkpt>
      <trkpt lat="22.3751224530" lon="114.0388063743"><ele>188.000</ele></trkpt>
      <trkpt lat="22.3751183493" lon="114.0387955908"><ele>186.000</ele></trkpt>
      <trkpt lat="22.3751142204" lon="114.0387848189"><ele>186.000</ele></trkpt>
      <trkpt lat="22.3751099271" lon="114.0387740123"><ele>186.000</ele></trkpt>
      <trkpt lat="22.3751051623" lon="114.0387630546"><ele>186.000</ele></trkpt>
      <trkpt lat="22.3750999784" lon="114.0387519595"><ele>186.000</ele></trkpt>
      <trkpt lat="22.3750944439" lon="114.0387407520"><ele>184.000</ele></trkpt>
      <trkpt lat="22.3750886277" lon="114.0387294536"><ele>184.000</ele></trkpt>
      <trkpt lat="22.3750826000" lon="114.0387180874"><ele>184.000</ele></trkpt>
      <trkpt lat="22.3750764297" lon="114.0387066767"><ele>184.000</ele></trkpt>
      <trkpt lat="22.3750701871" lon="114.0386952447"><ele>183.000</ele></trkpt>
      <trkpt lat="22.3750639408" lon="114.0386838128"><ele>183.000</ele></trkpt>
      <trkpt lat="22.3750577614" lon="114.0386724021"><ele>183.000</ele></trkpt>
      <trkpt lat="22.3750517176" lon="114.0386610408"><ele>183.000</ele></trkpt>
      <trkpt lat="22.3750458778" lon="114.0386497472"><ele>182.000</ele></trkpt>
      <trkpt lat="22.3750403145" lon="114.0386385457"><ele>182.000</ele></trkpt>
      <trkpt lat="22.3750350944" lon="114.0386274603"><ele>182.000</ele></trkpt>
      <trkpt lat="22.3750302899" lon="114.0386165104"><ele>182.000</ele></trkpt>
      <trkpt lat="22.3750259677" lon="114.0386057213"><ele>182.000</ele></trkpt>
      <trkpt lat="22.3750221992" lon="114.0385951161"><ele>180.000</ele></trkpt>
      <trkpt lat="22.3750190522" lon="114.0385847181"><ele>180.000</ele></trkpt>
      <trkpt lat="22.3750165981" lon="114.0385745466"><ele>180.000</ele></trkpt>
      <trkpt lat="22.3750149045" lon="114.0385646287"><ele>180.000</ele></trkpt>
      <trkpt lat="22.3750140420" lon="114.0385549838"><ele>180.000</ele></trkpt>
      <trkpt lat="22.3750140809" lon="114.0385456371"><ele>178.000</ele></trkpt>
      <trkpt lat="22.3750150901" lon="114.0385366099"><ele>178.000</ele></trkpt>
      <trkpt lat="22.3750171723" lon="114.0385279390"><ele>178.000</ele></trkpt>
      <trkpt lat="22.3750205391" lon="114.0385196920"><ele>178.000</ele></trkpt>
      <trkpt lat="22.3750251289" lon="114.0385118517"><ele>178.000</ele></trkpt>
      <trkpt lat="22.3750308406" lon="114.0385043811"><ele>176.000</ele></trkpt>
      <trkpt lat="22.3750375749" lon="114.0384972514"><ele>176.000</ele></trkpt>
      <trkpt lat="22.3750452306" lon="114.0384904256"><ele>176.000</ele></trkpt>
      <trkpt lat="22.3750537064" lon="114.0384838728"><ele>176.000</ele></trkpt>
      <trkpt lat="22.3750629031" lon="114.0384775581"><ele>176.000</ele></trkpt>
      <trkpt lat="22.3750727204" lon="114.0384714507"><ele>176.000</ele></trkpt>
      <trkpt lat="22.3750830561" lon="114.0384655136"><ele>176.000</ele></trkpt>
      <trkpt lat="22.3750938101" lon="114.0384597159"><ele>176.000</ele></trkpt>
      <trkpt lat="22.3751048821" lon="114.0384540238"><ele>174.000</ele></trkpt>
      <trkpt lat="22.3751161727" lon="114.0384484033"><ele>174.000</ele></trkpt>
      <trkpt lat="22.3751275807" lon="114.0384428224"><ele>174.000</ele></trkpt>
      <trkpt lat="22.3751390049" lon="114.0384372455"><ele>174.000</ele></trkpt>
      <trkpt lat="22.3751503442" lon="114.0384316434"><ele>174.000</ele></trkpt>
      <trkpt lat="22.3751615011" lon="114.0384259773"><ele>174.000</ele></trkpt>
      <trkpt lat="22.3751723707" lon="114.0384202184"><ele>174.000</ele></trkpt>
      <trkpt lat="22.3751828555" lon="114.0384143316"><ele>172.000</ele></trkpt>
      <trkpt lat="22.3751928544" lon="114.0384082822"><ele>172.000</ele></trkpt>
      <trkpt lat="22.3752022660" lon="114.0384020392"><ele>171.000</ele></trkpt>
      <trkpt lat="22.3752092618" lon="114.0384007827"><ele>171.000</ele></trkpt>
      <trkpt lat="22.3752340935" lon="114.0383981559"><ele>170.000</ele></trkpt>
      <trkpt lat="22.3752726808" lon="114.0383980798"><ele>169.000</ele></trkpt>
      <trkpt lat="22.3752940899" lon="114.0384060596"><ele>169.000</ele></trkpt>
      <trkpt lat="22.3753165001" lon="114.0384229519"><ele>170.000</ele></trkpt>
      <trkpt lat="22.3753295615" lon="114.0384373503"><ele>168.000</ele></trkpt>
      <trkpt lat="22.3753453942" lon="114.0384505983"><ele>168.000</ele></trkpt>
      <trkpt lat="22.3753590571" lon="114.0384608480"><ele>170.000</ele></trkpt>
      <trkpt lat="22.3753733130" lon="114.0384675532"><ele>169.000</ele></trkpt>
      <trkpt lat="22.3753800688" lon="114.0384686175"><ele>169.000</ele></trkpt>
      <trkpt lat="22.3753898230" lon="114.0384701517"><ele>169.000</ele></trkpt>
      <trkpt lat="22.3754024935" lon="114.0384709053"><ele>169.000</ele></trkpt>
      <trkpt lat="22.3754168587" lon="114.0384681432"><ele>170.000</ele></trkpt>
      <trkpt lat="22.3754313671" lon="114.0384523310"><ele>169.000</ele></trkpt>
      <trkpt lat="22.3754414583" lon="114.0384370668"><ele>169.000</ele></trkpt>
      <trkpt lat="22.3754510416" lon="114.0384182310"><ele>169.000</ele></trkpt>
      <trkpt lat="22.3754545928" lon="114.0383975426"><ele>170.000</ele></trkpt>
      <trkpt lat="22.3754520986" lon="114.0383743968"><ele>168.000</ele></trkpt>
      <trkpt lat="22.3754435780" lon="114.0383476256"><ele>168.000</ele></trkpt>
      <trkpt lat="22.3754367361" lon="114.0383196855"><ele>168.000</ele></trkpt>
      <trkpt lat="22.3754309953" lon="114.0382911637"><ele>168.000</ele></trkpt>
      <trkpt lat="22.3754275839" lon="114.0382514257"><ele>168.000</ele></trkpt>
      <trkpt lat="22.3754284370" lon="114.0382247685"><ele>168.000</ele></trkpt>
      <trkpt lat="22.3754342570" lon="114.0381981869"><ele>168.000</ele></trkpt>
      <trkpt lat="22.3754444601" lon="114.0381734362"><ele>168.000</ele></trkpt>
      <trkpt lat="22.3754556960" lon="114.0381546268"><ele>168.000</ele></trkpt>
      <trkpt lat="22.3754696791" lon="114.0381370382"><ele>168.000</ele></trkpt>
      <trkpt lat="22.3754864148" lon="114.0381194856"><ele>168.000</ele></trkpt>
      <trkpt lat="22.3755098128" lon="114.0380972852"><ele>168.000</ele></trkpt>
      <trkpt lat="22.3755292777" lon="114.0380821380"><ele>168.000</ele></trkpt>
      <trkpt lat="22.3755498117" lon="114.0380699706"><ele>168.000</ele></trkpt>
      <trkpt lat="22.3755670002" lon="114.0380613118"><ele>166.000</ele></trkpt>
      <trkpt lat="22.3755830345" lon="114.0380567905"><ele>166.000</ele></trkpt>
      <trkpt lat="22.3756028918" lon="114.0380558698"><ele>167.000</ele></trkpt>
      <trkpt lat="22.3756238087" lon="114.0380585192"><ele>167.000</ele></trkpt>
      <trkpt lat="22.3756441828" lon="114.0380599749"><ele>168.000</ele></trkpt>
      <trkpt lat="22.3756557686" lon="114.0380595362"><ele>168.000</ele></trkpt>
      <trkpt lat="22.3756723372" lon="114.0380567913"><ele>168.000</ele></trkpt>
      <trkpt lat="22.3756873029" lon="114.0380486979"><ele>168.000</ele></trkpt>
      <trkpt lat="22.3757206752" lon="114.0380224773"><ele>168.000</ele></trkpt>
      <trkpt lat="22.3757461670" lon="114.0380103750"><ele>166.000</ele></trkpt>
      <trkpt lat="22.3757677441" lon="114.0380035576"><ele>166.000</ele></trkpt>
      <trkpt lat="22.3757959339" lon="114.0379974125"><ele>167.000</ele></trkpt>
      <trkpt lat="22.3758163586" lon="114.0379947210"><ele>167.000</ele></trkpt>
      <trkpt lat="22.3758725992" lon="114.0379931039"><ele>168.000</ele></trkpt>
      <trkpt lat="22.3759171874" lon="114.0379984389"><ele>168.000</ele></trkpt>
      <trkpt lat="22.3759304083" lon="114.0379986200"><ele>168.000</ele></trkpt>
      <trkpt lat="22.3759381716" lon="114.0379951663"><ele>168.000</ele></trkpt>
      <trkpt lat="22.3759443148" lon="114.0379875476"><ele>168.000</ele></trkpt>
      <trkpt lat="22.3759466275" lon="114.0379780967"><ele>168.000</ele></trkpt>
      <trkpt lat="22.3759566729" lon="114.0379189828"><ele>166.000</ele></trkpt>
      <trkpt lat="22.3759660344" lon="114.0378711136"><ele>164.000</ele></trkpt>
      <trkpt lat="22.3759741500" lon="114.0378362646"><ele>164.000</ele></trkpt>
      <trkpt lat="22.3759822235" lon="114.0378049713"><ele>163.000</ele></trkpt>
      <trkpt lat="22.3759913465" lon="114.0377823247"><ele>163.000</ele></trkpt>
      <trkpt lat="22.3759924332" lon="114.0377796291"><ele>163.000</ele></trkpt>
      <trkpt lat="22.3760042535" lon="114.0377578566"><ele>162.000</ele></trkpt>
      <trkpt lat="22.3760148405" lon="114.0377405509"><ele>162.000</ele></trkpt>
      <trkpt lat="22.3760252981" lon="114.0377492531"><ele>162.000</ele></trkpt>
      <trkpt lat="22.3760384187" lon="114.0377589102"><ele>162.000</ele></trkpt>
      <trkpt lat="22.3760636253" lon="114.0377722770"><ele>163.000</ele></trkpt>
      <trkpt lat="22.3761146905" lon="114.0377895487"><ele>166.000</ele></trkpt>
      <trkpt lat="22.3761483459" lon="114.0377995378"><ele>168.000</ele></trkpt>
      <trkpt lat="22.3761698446" lon="114.0378066250"><ele>168.000</ele></trkpt>
      <trkpt lat="22.3761933272" lon="114.0378104847"><ele>168.000</ele></trkpt>
      <trkpt lat="22.3762276457" lon="114.0378133665"><ele>166.000</ele></trkpt>
      <trkpt lat="22.3762637710" lon="114.0378172136"><ele>166.000</ele></trkpt>
      <trkpt lat="22.3762845420" lon="114.0378181649"><ele>166.000</ele></trkpt>
      <trkpt lat="22.3763053097" lon="114.0378152303"><ele>166.000</ele></trkpt>
      <trkpt lat="22.3763657990" lon="114.0377976944"><ele>163.000</ele></trkpt>
      <trkpt lat="22.3763845813" lon="114.0377963260"><ele>163.000</ele></trkpt>
      <trkpt lat="22.3764071729" lon="114.0377909729"><ele>164.000</ele></trkpt>
      <trkpt lat="22.3764253416" lon="114.0377796913"><ele>164.000</ele></trkpt>
      <trkpt lat="22.3764424035" lon="114.0377624985"><ele>162.000</ele></trkpt>
      <trkpt lat="22.3764561507" lon="114.0377447148"><ele>162.000</ele></trkpt>
      <trkpt lat="22.3764693728" lon="114.0377358171"><ele>162.000</ele></trkpt>
      <trkpt lat="22.3765002411" lon="114.0377381576"><ele>162.000</ele></trkpt>
      <trkpt lat="22.3765101540" lon="114.0377351862"><ele>162.000</ele></trkpt>
      <trkpt lat="22.3765108272" lon="114.0377346612"><ele>162.000</ele></trkpt>
      <trkpt lat="22.3765200629" lon="114.0377274764"><ele>162.000</ele></trkpt>
      <trkpt lat="22.3765431868" lon="114.0377132284"><ele>161.000</ele></trkpt>
      <trkpt lat="22.3765641168" lon="114.0376995856"><ele>161.000</ele></trkpt>
      <trkpt lat="22.3765866091" lon="114.0376932314"><ele>162.000</ele></trkpt>
      <trkpt lat="22.3766197817" lon="114.0376983466"><ele>162.000</ele></trkpt>
      <trkpt lat="22.3766379696" lon="114.0376989208"><ele>162.000</ele></trkpt>
      <trkpt lat="22.3766489933" lon="114.0376959386"><ele>162.000</ele></trkpt>
      <trkpt lat="22.3766611040" lon="114.0376852651"><ele>162.000</ele></trkpt>
      <trkpt lat="22.3766754168" lon="114.0376751817"><ele>161.000</ele></trkpt>
      <trkpt lat="22.3766952366" lon="114.0376621313"><ele>161.000</ele></trkpt>
      <trkpt lat="22.3767211248" lon="114.0376490748"><ele>162.000</ele></trkpt>
      <trkpt lat="22.3767384896" lon="114.0376437929"><ele>162.000</ele></trkpt>
      <trkpt lat="22.3767426118" lon="114.0376425381"><ele>162.000</ele></trkpt>
      <trkpt lat="22.3767508686" lon="114.0376354125"><ele>162.000</ele></trkpt>
      <trkpt lat="22.3767596417" lon="114.0376069732"><ele>162.000</ele></trkpt>
      <trkpt lat="22.3767678873" lon="114.0375868266"><ele>164.000</ele></trkpt>
      <trkpt lat="22.3767783334" lon="114.0375737855"><ele>162.000</ele></trkpt>
      <trkpt lat="22.3768323144" lon="114.0375488549"><ele>164.000</ele></trkpt>
      <trkpt lat="22.3768603909" lon="114.0375286799"><ele>164.000</ele></trkpt>
      <trkpt lat="22.3768774523" lon="114.0375108928"><ele>164.000</ele></trkpt>
      <trkpt lat="22.3768912098" lon="114.0374925176"><ele>164.000</ele></trkpt>
      <trkpt lat="22.3769038688" lon="114.0374788819"><ele>164.000</ele></trkpt>
      <trkpt lat="22.3769292003" lon="114.0374705644"><ele>164.000</ele></trkpt>
      <trkpt lat="22.3769567573" lon="114.0374658005"><ele>166.000</ele></trkpt>
      <trkpt lat="22.3769721753" lon="114.0374586678"><ele>166.000</ele></trkpt>
      <trkpt lat="22.3769963957" lon="114.0374373206"><ele>168.000</ele></trkpt>
      <trkpt lat="22.3770173061" lon="114.0374124229"><ele>167.000</ele></trkpt>
      <trkpt lat="22.3770382030" lon="114.0373792339"><ele>168.000</ele></trkpt>
      <trkpt lat="22.3770590930" lon="114.0373401102"><ele>168.000</ele></trkpt>
      <trkpt lat="22.3770724854" lon="114.0373182961"><ele>166.000</ele></trkpt>
      <trkpt lat="22.3770842124" lon="114.0373046905"><ele>168.000</ele></trkpt>
      <trkpt lat="22.3770995585" lon="114.0372969072"><ele>168.000</ele></trkpt>
      <trkpt lat="22.3771394802" lon="114.0372849456"><ele>168.000</ele></trkpt>
      <trkpt lat="22.3771747371" lon="114.0372766181"><ele>170.000</ele></trkpt>
      <trkpt lat="22.3771925518" lon="114.0372715706"><ele>170.000</ele></trkpt>
      <trkpt lat="22.3772069930" lon="114.0372628172"><ele>170.000</ele></trkpt>
      <trkpt lat="22.3772340695" lon="114.0372453123"><ele>171.000</ele></trkpt>
      <trkpt lat="22.3772593473" lon="114.0372365501"><ele>170.000</ele></trkpt>
      <trkpt lat="22.3772846302" lon="114.0372336129"><ele>170.000</ele></trkpt>
      <trkpt lat="22.3773162420" lon="114.0372394063"><ele>170.000</ele></trkpt>
      <trkpt lat="22.3773442450" lon="114.0372490903"><ele>173.000</ele></trkpt>
      <trkpt lat="22.3773975325" lon="114.0372577761"><ele>173.000</ele></trkpt>
      <trkpt lat="22.3774219131" lon="114.0372558098"><ele>173.000</ele></trkpt>
      <trkpt lat="22.3774471918" lon="114.0372480186"><ele>174.000</ele></trkpt>
      <trkpt lat="22.3774760753" lon="114.0372295418"><ele>172.000</ele></trkpt>
      <trkpt lat="22.3775157987" lon="114.0372159072"><ele>174.000</ele></trkpt>
      <trkpt lat="22.3775383741" lon="114.0372149147"><ele>175.000</ele></trkpt>
      <trkpt lat="22.3775577119" lon="114.0372199339"><ele>175.000</ele></trkpt>
      <trkpt lat="22.3775913502" lon="114.0372299716"><ele>176.000</ele></trkpt>
      <trkpt lat="22.3776227881" lon="114.0372435633"><ele>178.000</ele></trkpt>
      <trkpt lat="22.3776580805" lon="114.0372553665"><ele>178.000</ele></trkpt>
      <trkpt lat="22.3776757155" lon="114.0372535720"><ele>178.000</ele></trkpt>
      <trkpt lat="22.3776960922" lon="114.0372476286"><ele>178.000</ele></trkpt>
      <trkpt lat="22.3777203461" lon="114.0372452352"><ele>178.000</ele></trkpt>
      <trkpt lat="22.3777407406" lon="114.0372493629"><ele>178.000</ele></trkpt>
      <trkpt lat="22.3777661175" lon="114.0372611751"><ele>180.000</ele></trkpt>
      <trkpt lat="22.3778003152" lon="114.0372800958"><ele>178.000</ele></trkpt>
      <trkpt lat="22.3778179711" lon="114.0372931090"><ele>181.000</ele></trkpt>
      <trkpt lat="22.3778411548" lon="114.0373167783"><ele>181.000</ele></trkpt>
      <trkpt lat="22.3778516342" lon="114.0373215063"><ele>181.000</ele></trkpt>
      <trkpt lat="22.3778863657" lon="114.0373321255"><ele>181.000</ele></trkpt>
      <trkpt lat="22.3779326884" lon="114.0373486660"><ele>184.000</ele></trkpt>
      <trkpt lat="22.3779475732" lon="114.0373516127"><ele>184.000</ele></trkpt>
      <trkpt lat="22.3779597040" lon="114.0373527852"><ele>184.000</ele></trkpt>
      <trkpt lat="22.3779878160" lon="114.0373527572"><ele>184.000</ele></trkpt>
      <trkpt lat="22.3780207270" lon="114.0373571833"><ele>184.000</ele></trkpt>
      <trkpt lat="22.3780433083" lon="114.0373629868"><ele>184.000</ele></trkpt>
      <trkpt lat="22.3780722167" lon="114.0373755810"><ele>184.000</ele></trkpt>
      <trkpt lat="22.3781092544" lon="114.0373901110"><ele>187.000</ele></trkpt>
      <trkpt lat="22.3781354570" lon="114.0374065919"><ele>187.000</ele></trkpt>
      <trkpt lat="22.3781526284" lon="114.0374221128"><ele>187.000</ele></trkpt>
      <trkpt lat="22.3781779355" lon="114.0374473336"><ele>188.000</ele></trkpt>
      <trkpt lat="22.3782104704" lon="114.0374764332"><ele>188.000</ele></trkpt>
      <trkpt lat="22.3782443256" lon="114.0375076755"><ele>189.000</ele></trkpt>
      <trkpt lat="22.3782610856" lon="114.0375278479"><ele>188.000</ele></trkpt>
      <trkpt lat="22.3782782676" lon="114.0375579319"><ele>188.000</ele></trkpt>
      <trkpt lat="22.3783062998" lon="114.0376006301"><ele>186.000</ele></trkpt>
      <trkpt lat="22.3783638852" lon="114.0376725630"><ele>186.000</ele></trkpt>
      <trkpt lat="22.3783658800" lon="114.0376778588"><ele>184.000</ele></trkpt>
      <trkpt lat="22.3784015807" lon="114.0377254898"><ele>184.000</ele></trkpt>
      <trkpt lat="22.3784315401" lon="114.0377631253"><ele>184.000</ele></trkpt>
      <trkpt lat="22.3784435191" lon="114.0377789194"><ele>182.000</ele></trkpt>
      <trkpt lat="22.3784555936" lon="114.0377964690"><ele>182.000</ele></trkpt>
      <trkpt lat="22.3784811026" lon="114.0378359654"><ele>180.000</ele></trkpt>
      <trkpt lat="22.3785035879" lon="114.0378688271"><ele>180.000</ele></trkpt>
      <trkpt lat="22.3785361708" lon="114.0379139892"><ele>180.000</ele></trkpt>
      <trkpt lat="22.3785435075" lon="114.0379227850"><ele>182.000</ele></trkpt>
      <trkpt lat="22.3785497882" lon="114.0379279853"><ele>182.000</ele></trkpt>
      <trkpt lat="22.3785581269" lon="114.0379321320"><ele>182.000</ele></trkpt>
      <trkpt lat="22.3785671184" lon="114.0379350603"><ele>182.000</ele></trkpt>
      <trkpt lat="22.3785886532" lon="114.0379401154"><ele>180.000</ele></trkpt>
      <trkpt lat="22.3785965858" lon="114.0379424166"><ele>180.000</ele></trkpt>
      <trkpt lat="22.3786247802" lon="114.0379542640"><ele>178.000</ele></trkpt>
      <trkpt lat="22.3786334678" lon="114.0379587686"><ele>178.000</ele></trkpt>
      <trkpt lat="22.3786415727" lon="114.0379639904"><ele>178.000</ele></trkpt>
      <trkpt lat="22.3786478461" lon="114.0379692120"><ele>179.000</ele></trkpt>
      <trkpt lat="22.3786534104" lon="114.0379752064"><ele>179.000</ele></trkpt>
      <trkpt lat="22.3786600808" lon="114.0379841029"><ele>178.000</ele></trkpt>
      <trkpt lat="22.3786675432" lon="114.0379962758"><ele>178.000</ele></trkpt>
      <trkpt lat="22.3786818987" lon="114.0380233332"><ele>178.000</ele></trkpt>
      <trkpt lat="22.3786909911" lon="114.0380396526"><ele>178.000</ele></trkpt>
      <trkpt lat="22.3787041056" lon="114.0380653246"><ele>178.000</ele></trkpt>
      <trkpt lat="22.3787105574" lon="114.0380763974"><ele>178.000</ele></trkpt>
      <trkpt lat="22.3787162265" lon="114.0380844589"><ele>178.000</ele></trkpt>
      <trkpt lat="22.3787216647" lon="114.0380908718"><ele>178.000</ele></trkpt>
      <trkpt lat="22.3787285321" lon="114.0380979048"><ele>178.000</ele></trkpt>
      <trkpt lat="22.3787510201" lon="114.0381192466"><ele>176.000</ele></trkpt>
      <trkpt lat="22.3787575627" lon="114.0381265790"><ele>176.000</ele></trkpt>
      <trkpt lat="22.3787626491" lon="114.0381333214"><ele>176.000</ele></trkpt>
      <trkpt lat="22.3787718210" lon="114.0381476900"><ele>176.000</ele></trkpt>
      <trkpt lat="22.3787915186" lon="114.0381827161"><ele>176.000</ele></trkpt>
      <trkpt lat="22.3788048285" lon="114.0382089278"><ele>176.000</ele></trkpt>
      <trkpt lat="22.3788092002" lon="114.0382162624"><ele>176.000</ele></trkpt>
      <trkpt lat="22.3788141527" lon="114.0382228040"><ele>176.000</ele></trkpt>
      <trkpt lat="22.3788179180" lon="114.0382265386"><ele>176.000</ele></trkpt>
      <trkpt lat="22.3788223679" lon="114.0382293832"><ele>176.000</ele></trkpt>
      <trkpt lat="22.3788300744" lon="114.0382322788"><ele>176.000</ele></trkpt>
      <trkpt lat="22.3788492392" lon="114.0382367886"><ele>174.000</ele></trkpt>
      <trkpt lat="22.3788615072" lon="114.0382379864"><ele>174.000</ele></trkpt>
      <trkpt lat="22.3788654254" lon="114.0382388894"><ele>174.000</ele></trkpt>
      <trkpt lat="22.3788691311" lon="114.0382404879"><ele>174.000</ele></trkpt>
      <trkpt lat="22.3788738961" lon="114.0382431729"><ele>174.000</ele></trkpt>
      <trkpt lat="22.3788885358" lon="114.0382530587"><ele>174.000</ele></trkpt>
      <trkpt lat="22.3788888542" lon="114.0382536449"><ele>174.000</ele></trkpt>
      <trkpt lat="22.3788889536" lon="114.0382536953"><ele>174.000</ele></trkpt>
      <trkpt lat="22.3788890547" lon="114.0382537457"><ele>174.000</ele></trkpt>
      <trkpt lat="22.3788891541" lon="114.0382537961"><ele>174.000</ele></trkpt>
      <trkpt lat="22.3788892562" lon="114.0382538465"><ele>174.000</ele></trkpt>
      <trkpt lat="22.3788893565" lon="114.0382538969"><ele>174.000</ele></trkpt>
      <trkpt lat="22.3788894559" lon="114.0382539473"><ele>174.000</ele></trkpt>
      <trkpt lat="22.3788895571" lon="114.0382539967"><ele>174.000</ele></trkpt>
      <trkpt lat="22.3788896582" lon="114.0382540461"><ele>174.000</ele></trkpt>
      <trkpt lat="22.3788897594" lon="114.0382540946"><ele>174.000</ele></trkpt>
      <trkpt lat="22.3788898606" lon="114.0382541430"><ele>174.000</ele></trkpt>
      <trkpt lat="22.3788899618" lon="114.0382541915"><ele>174.000</ele></trkpt>
      <trkpt lat="22.3788900630" lon="114.0382542399"><ele>174.000</ele></trkpt>
      <trkpt lat="22.3788901642" lon="114.0382542884"><ele>174.000</ele></trkpt>
      <trkpt lat="22.3788902653" lon="114.0382543349"><ele>174.000</ele></trkpt>
      <trkpt lat="22.3788903683" lon="114.0382543833"><ele>174.000</ele></trkpt>
      <trkpt lat="22.3788904704" lon="114.0382544308"><ele>174.000</ele></trkpt>
      <trkpt lat="22.3788905725" lon="114.0382544763"><ele>174.000</ele></trkpt>
      <trkpt lat="22.3788906737" lon="114.0382545228"><ele>174.000</ele></trkpt>
      <trkpt lat="22.3788907776" lon="114.0382545674"><ele>174.000</ele></trkpt>
      <trkpt lat="22.3788908778" lon="114.0382546139"><ele>174.000</ele></trkpt>
      <trkpt lat="22.3788909808" lon="114.0382546614"><ele>174.000</ele></trkpt>
      <trkpt lat="22.3788910847" lon="114.0382547050"><ele>174.000</ele></trkpt>
      <trkpt lat="22.3788911868" lon="114.0382547496"><ele>174.000</ele></trkpt>
      <trkpt lat="22.3788912880" lon="114.0382547941"><ele>174.000</ele></trkpt>
      <trkpt lat="22.3788913910" lon="114.0382548387"><ele>174.000</ele></trkpt>
      <trkpt lat="22.3788914940" lon="114.0382548832"><ele>174.000</ele></trkpt>
      <trkpt lat="22.3788915969" lon="114.0382549259"><ele>174.000</ele></trkpt>
      <trkpt lat="22.3788916999" lon="114.0382549704"><ele>174.000</ele></trkpt>
      <trkpt lat="22.3788918047" lon="114.0382550131"><ele>174.000</ele></trkpt>
      <trkpt lat="22.3788919077" lon="114.0382550557"><ele>174.000</ele></trkpt>
      <trkpt lat="22.3788920116" lon="114.0382550983"><ele>174.000</ele></trkpt>
      <trkpt lat="22.3788921155" lon="114.0382551409"><ele>174.000</ele></trkpt>
      <trkpt lat="22.3788922185" lon="114.0382551835"><ele>174.000</ele></trkpt>
      <trkpt lat="22.3788923214" lon="114.0382552242"><ele>174.000</ele></trkpt>
      <trkpt lat="22.3788924262" lon="114.0382552649"><ele>174.000</ele></trkpt>
      <trkpt lat="22.3788925292" lon="114.0382553075"><ele>174.000</ele></trkpt>
      <trkpt lat="22.3788926340" lon="114.0382553482"><ele>174.000</ele></trkpt>
      <trkpt lat="22.3788927388" lon="114.0382553899"><ele>174.000</ele></trkpt>
      <trkpt lat="22.3788928436" lon="114.0382554276"><ele>174.000</ele></trkpt>
      <trkpt lat="22.3788929466" lon="114.0382554683"><ele>174.000</ele></trkpt>
      <trkpt lat="22.3788930514" lon="114.0382555080"><ele>174.000</ele></trkpt>
      <trkpt lat="22.3788931561" lon="114.0382555477"><ele>174.000</ele></trkpt>
      <trkpt lat="22.3788932609" lon="114.0382555864"><ele>174.000</ele></trkpt>
      <trkpt lat="22.3788933657" lon="114.0382556252"><ele>174.000</ele></trkpt>
      <trkpt lat="22.3788934705" lon="114.0382556639"><ele>174.000</ele></trkpt>
      <trkpt lat="22.3788935753" lon="114.0382557007"><ele>174.000</ele></trkpt>
      <trkpt lat="22.3788936801" lon="114.0382557395"><ele>174.000</ele></trkpt>
      <trkpt lat="22.3788937867" lon="114.0382557762"><ele>174.000</ele></trkpt>
      <trkpt lat="22.3788938915" lon="114.0382558160"><ele>174.000</ele></trkpt>
      <trkpt lat="22.3788939962" lon="114.0382558518"><ele>174.000</ele></trkpt>
      <trkpt lat="22.3788941010" lon="114.0382558886"><ele>174.000</ele></trkpt>
      <trkpt lat="22.3788942076" lon="114.0382559234"><ele>174.000</ele></trkpt>
      <trkpt lat="22.3788943124" lon="114.0382559602"><ele>174.000</ele></trkpt>
      <trkpt lat="22.3788944199" lon="114.0382559951"><ele>174.000</ele></trkpt>
      <trkpt lat="22.3788945238" lon="114.0382560328"><ele>174.000</ele></trkpt>
      <trkpt lat="22.3788946304" lon="114.0382560667"><ele>174.000</ele></trkpt>
      <trkpt lat="22.3788947370" lon="114.0382561016"><ele>174.000</ele></trkpt>
      <trkpt lat="22.3788948417" lon="114.0382561364"><ele>174.000</ele></trkpt>
      <trkpt lat="22.3788949483" lon="114.0382561693"><ele>174.000</ele></trkpt>
      <trkpt lat="22.3788950549" lon="114.0382562042"><ele>174.000</ele></trkpt>
      <trkpt lat="22.3788951615" lon="114.0382562371"><ele>174.000</ele></trkpt>
      <trkpt lat="22.3788952681" lon="114.0382562719"><ele>174.000</ele></trkpt>
      <trkpt lat="22.3788953747" lon="114.0382563048"><ele>174.000</ele></trkpt>
      <trkpt lat="22.3788954813" lon="114.0382563378"><ele>174.000</ele></trkpt>
      <trkpt lat="22.3788955879" lon="114.0382563687"><ele>174.000</ele></trkpt>
      <trkpt lat="22.3788956944" lon="114.0382564016"><ele>174.000</ele></trkpt>
      <trkpt lat="22.3788958010" lon="114.0382564326"><ele>174.000</ele></trkpt>
      <trkpt lat="22.3788959076" lon="114.0382564665"><ele>174.000</ele></trkpt>
      <trkpt lat="22.3788960142" lon="114.0382564965"><ele>174.000</ele></trkpt>
      <trkpt lat="22.3788961208" lon="114.0382565274"><ele>174.000</ele></trkpt>
      <trkpt lat="22.3788962292" lon="114.0382565584"><ele>174.000</ele></trkpt>
      <trkpt lat="22.3788963358" lon="114.0382565874"><ele>174.000</ele></trkpt>
      <trkpt lat="22.3788964433" lon="114.0382566184"><ele>174.000</ele></trkpt>
      <trkpt lat="22.3788965507" lon="114.0382566484"><ele>174.000</ele></trkpt>
      <trkpt lat="22.3788966582" lon="114.0382566784"><ele>174.000</ele></trkpt>
      <trkpt lat="22.3788967657" lon="114.0382567074"><ele>174.000</ele></trkpt>
      <trkpt lat="22.3788968723" lon="114.0382567345"><ele>174.000</ele></trkpt>
      <trkpt lat="22.3788969807" lon="114.0382567635"><ele>174.000</ele></trkpt>
      <trkpt lat="22.3788970873" lon="114.0382567925"><ele>174.000</ele></trkpt>
      <trkpt lat="22.3788971957" lon="114.0382568196"><ele>174.000</ele></trkpt>
      <trkpt lat="22.3788973041" lon="114.0382568467"><ele>174.000</ele></trkpt>
      <trkpt lat="22.3788974106" lon="114.0382568757"><ele>174.000</ele></trkpt>
      <trkpt lat="22.3788975199" lon="114.0382569028"><ele>174.000</ele></trkpt>
      <trkpt lat="22.3788976274" lon="114.0382569279"><ele>174.000</ele></trkpt>
      <trkpt lat="22.3788977358" lon="114.0382569560"><ele>174.000</ele></trkpt>
      <trkpt lat="22.3788978442" lon="114.0382569802"><ele>174.000</ele></trkpt>
      <trkpt lat="22.3788979508" lon="114.0382570072"><ele>174.000</ele></trkpt>
      <trkpt lat="22.3788980592" lon="114.0382570334"><ele>174.000</ele></trkpt>
      <trkpt lat="22.3788981676" lon="114.0382570575"><ele>174.000</ele></trkpt>
      <trkpt lat="22.3788982768" lon="114.0382570827"><ele>174.000</ele></trkpt>
      <trkpt lat="22.3788983843" lon="114.0382571078"><ele>174.000</ele></trkpt>
      <trkpt lat="22.3788984927" lon="114.0382571310"><ele>174.000</ele></trkpt>
      <trkpt lat="22.3788986029" lon="114.0382571542"><ele>174.000</ele></trkpt>
      <trkpt lat="22.3788987113" lon="114.0382571793"><ele>174.000</ele></trkpt>
      <trkpt lat="22.3788988197" lon="114.0382572025"><ele>174.000</ele></trkpt>
      <trkpt lat="22.3788989281" lon="114.0382572257"><ele>174.000</ele></trkpt>
      <trkpt lat="22.3788990365" lon="114.0382572470"><ele>174.000</ele></trkpt>
      <trkpt lat="22.3788991448" lon="114.0382572702"><ele>174.000</ele></trkpt>
      <trkpt lat="22.3788992559" lon="114.0382572914"><ele>174.000</ele></trkpt>
      <trkpt lat="22.3788993634" lon="114.0382573146"><ele>174.000</ele></trkpt>
      <trkpt lat="22.3788994718" lon="114.0382573359"><ele>174.000</ele></trkpt>
      <trkpt lat="22.3788995820" lon="114.0382573571"><ele>174.000</ele></trkpt>
      <trkpt lat="22.3788996904" lon="114.0382573784"><ele>174.000</ele></trkpt>
      <trkpt lat="22.3788998006" lon="114.0382573977"><ele>174.000</ele></trkpt>
      <trkpt lat="22.3788999089" lon="114.0382574190"><ele>174.000</ele></trkpt>
      <trkpt lat="22.3789000191" lon="114.0382574383"><ele>174.000</ele></trkpt>
      <trkpt lat="22.3789001275" lon="114.0382574585"><ele>174.000</ele></trkpt>
      <trkpt lat="22.3789002377" lon="114.0382574769"><ele>174.000</ele></trkpt>
      <trkpt lat="22.3789003461" lon="114.0382574962"><ele>174.000</ele></trkpt>
      <trkpt lat="22.3789004563" lon="114.0382575155"><ele>174.000</ele></trkpt>
      <trkpt lat="22.3789005647" lon="114.0382575329"><ele>174.000</ele></trkpt>
      <trkpt lat="22.3789006749" lon="114.0382575522"><ele>174.000</ele></trkpt>
      <trkpt lat="22.3789007850" lon="114.0382575705"><ele>174.000</ele></trkpt>
      <trkpt lat="22.3789008934" lon="114.0382575869"><ele>174.000</ele></trkpt>
      <trkpt lat="22.3789010045" lon="114.0382576053"><ele>174.000</ele></trkpt>
      <trkpt lat="22.3789011138" lon="114.0382576197"><ele>174.000</ele></trkpt>
      <trkpt lat="22.3789012240" lon="114.0382576371"><ele>174.000</ele></trkpt>
      <trkpt lat="22.3789013324" lon="114.0382576525"><ele>174.000</ele></trkpt>
      <trkpt lat="22.3789014425" lon="114.0382576699"><ele>174.000</ele></trkpt>
      <trkpt lat="22.3789015527" lon="114.0382576853"><ele>174.000</ele></trkpt>
      <trkpt lat="22.3789016638" lon="114.0382577008"><ele>174.000</ele></trkpt>
      <trkpt lat="22.3789017731" lon="114.0382577142"><ele>174.000</ele></trkpt>
      <trkpt lat="22.3789018833" lon="114.0382577306"><ele>174.000</ele></trkpt>
      <trkpt lat="22.3789019917" lon="114.0382577432"><ele>174.000</ele></trkpt>
      <trkpt lat="22.3789021018" lon="114.0382577586"><ele>174.000</ele></trkpt>
      <trkpt lat="22.3789022120" lon="114.0382577721"><ele>174.000</ele></trkpt>
      <trkpt lat="22.3789023231" lon="114.0382577865"><ele>174.000</ele></trkpt>
      <trkpt lat="22.3789024324" lon="114.0382577990"><ele>174.000</ele></trkpt>
      <trkpt lat="22.3789025426" lon="114.0382578106"><ele>174.000</ele></trkpt>
      <trkpt lat="22.3789026528" lon="114.0382578241"><ele>174.000</ele></trkpt>
      <trkpt lat="22.3789027629" lon="114.0382578356"><ele>174.000</ele></trkpt>
      <trkpt lat="22.3789028731" lon="114.0382578471"><ele>174.000</ele></trkpt>
      <trkpt lat="22.3789029833" lon="114.0382578587"><ele>174.000</ele></trkpt>
      <trkpt lat="22.3789030935" lon="114.0382578702"><ele>174.000</ele></trkpt>
      <trkpt lat="22.3789032055" lon="114.0382578818"><ele>174.000</ele></trkpt>
      <trkpt lat="22.3789033157" lon="114.0382578914"><ele>174.000</ele></trkpt>
      <trkpt lat="22.3789034258" lon="114.0382579029"><ele>174.000</ele></trkpt>
      <trkpt lat="22.3789035360" lon="114.0382579125"><ele>174.000</ele></trkpt>
      <trkpt lat="22.3789036462" lon="114.0382579221"><ele>174.000</ele></trkpt>
      <trkpt lat="22.3789037564" lon="114.0382579327"><ele>174.000</ele></trkpt>
      <trkpt lat="22.3789203905" lon="114.0382599388"><ele>174.000</ele></trkpt>
      <trkpt lat="22.3789205097" lon="114.0382599795"><ele>174.000</ele></trkpt>
      <trkpt lat="22.3789206145" lon="114.0382600143"><ele>174.000</ele></trkpt>
      <trkpt lat="22.3789207193" lon="114.0382600511"><ele>174.000</ele></trkpt>
      <trkpt lat="22.3789208259" lon="114.0382600908"><ele>174.000</ele></trkpt>
      <trkpt lat="22.3789209307" lon="114.0382601286"><ele>174.000</ele></trkpt>
      <trkpt lat="22.3789210355" lon="114.0382601673"><ele>174.000</ele></trkpt>
      <trkpt lat="22.3789211403" lon="114.0382602061"><ele>174.000</ele></trkpt>
      <trkpt lat="22.3789212432" lon="114.0382602468"><ele>174.000</ele></trkpt>
      <trkpt lat="22.3789213480" lon="114.0382602865"><ele>174.000</ele></trkpt>
      <trkpt lat="22.3789214528" lon="114.0382603281"><ele>174.000</ele></trkpt>
      <trkpt lat="22.3789215558" lon="114.0382603688"><ele>174.000</ele></trkpt>
      <trkpt lat="22.3789216588" lon="114.0382604124"><ele>174.000</ele></trkpt>
      <trkpt lat="22.3789217636" lon="114.0382604560"><ele>174.000</ele></trkpt>
      <trkpt lat="22.3789218666" lon="114.0382604986"><ele>174.000</ele></trkpt>
      <trkpt lat="22.3789219695" lon="114.0382605432"><ele>174.000</ele></trkpt>
      <trkpt lat="22.3789220707" lon="114.0382605877"><ele>174.000</ele></trkpt>
      <trkpt lat="22.3789221737" lon="114.0382606342"><ele>174.000</ele></trkpt>
      <trkpt lat="22.3789222767" lon="114.0382606788"><ele>174.000</ele></trkpt>
      <trkpt lat="22.3789223779" lon="114.0382607273"><ele>174.000</ele></trkpt>
      <trkpt lat="22.3789224791" lon="114.0382607738"><ele>174.000</ele></trkpt>
      <trkpt lat="22.3789225802" lon="114.0382608222"><ele>174.000</ele></trkpt>
      <trkpt lat="22.3789226814" lon="114.0382608707"><ele>174.000</ele></trkpt>
      <trkpt lat="22.3789227826" lon="114.0382609191"><ele>174.000</ele></trkpt>
      <trkpt lat="22.3789228838" lon="114.0382609695"><ele>174.000</ele></trkpt>
      <trkpt lat="22.3789229850" lon="114.0382610199"><ele>174.000</ele></trkpt>
      <trkpt lat="22.3789230844" lon="114.0382610703"><ele>174.000</ele></trkpt>
      <trkpt lat="22.3789231837" lon="114.0382611226"><ele>174.000</ele></trkpt>
      <trkpt lat="22.3789232831" lon="114.0382611750"><ele>174.000</ele></trkpt>
      <trkpt lat="22.3789233825" lon="114.0382612273"><ele>174.000</ele></trkpt>
      <trkpt lat="22.3789234819" lon="114.0382612806"><ele>174.000</ele></trkpt>
      <trkpt lat="22.3789235813" lon="114.0382613339"><ele>174.000</ele></trkpt>
      <trkpt lat="22.3789236788" lon="114.0382613882"><ele>174.000</ele></trkpt>
      <trkpt lat="22.3789237782" lon="114.0382614444"><ele>174.000</ele></trkpt>
      <trkpt lat="22.3789238758" lon="114.0382615006"><ele>174.000</ele></trkpt>
      <trkpt lat="22.3789239734" lon="114.0382615569"><ele>174.000</ele></trkpt>
      <trkpt lat="22.3789240710" lon="114.0382616131"><ele>174.000</ele></trkpt>
      <trkpt lat="22.3789241685" lon="114.0382616712"><ele>174.000</ele></trkpt>
      <trkpt lat="22.3789242643" lon="114.0382617275"><ele>174.000</ele></trkpt>
      <trkpt lat="22.3789243619" lon="114.0382617876"><ele>174.000</ele></trkpt>
      <trkpt lat="22.3789244586" lon="114.0382618457"><ele>174.000</ele></trkpt>
      <trkpt lat="22.3789245534" lon="114.0382619059"><ele>174.000</ele></trkpt>
      <trkpt lat="22.3789246492" lon="114.0382619669"><ele>174.000</ele></trkpt>
      <trkpt lat="22.3789247459" lon="114.0382620280"><ele>174.000</ele></trkpt>
      <trkpt lat="22.3789248390" lon="114.0382620881"><ele>174.000</ele></trkpt>
      <trkpt lat="22.3789249329" lon="114.0382621502"><ele>174.000</ele></trkpt>
      <trkpt lat="22.3789250287" lon="114.0382622142"><ele>174.000</ele></trkpt>
      <trkpt lat="22.3789251227" lon="114.0382622762"><ele>174.000</ele></trkpt>
      <trkpt lat="22.3789252148" lon="114.0382623402"><ele>174.000</ele></trkpt>
      <trkpt lat="22.3789253088" lon="114.0382624042"><ele>174.000</ele></trkpt>
      <trkpt lat="22.3789254028" lon="114.0382624682"><ele>174.000</ele></trkpt>
      <trkpt lat="22.3789254950" lon="114.0382625341"><ele>174.000</ele></trkpt>
      <trkpt lat="22.3789255880" lon="114.0382626001"><ele>174.000</ele></trkpt>
      <trkpt lat="22.3789256802" lon="114.0382626660"><ele>174.000</ele></trkpt>
      <trkpt lat="22.3789257697" lon="114.0382627339"><ele>174.000</ele></trkpt>
      <trkpt lat="22.3789258627" lon="114.0382628018"><ele>174.000</ele></trkpt>
      <trkpt lat="22.3789259522" lon="114.0382628706"><ele>174.000</ele></trkpt>
      <trkpt lat="22.3789260425" lon="114.0382629375"><ele>174.000</ele></trkpt>
      <trkpt lat="22.3789261329" lon="114.0382630074"><ele>174.000</ele></trkpt>
      <trkpt lat="22.3789262233" lon="114.0382630772"><ele>174.000</ele></trkpt>
      <trkpt lat="22.3789263136" lon="114.0382631470"><ele>174.000</ele></trkpt>
      <trkpt lat="22.3789264022" lon="114.0382632188"><ele>174.000</ele></trkpt>
      <trkpt lat="22.3789264908" lon="114.0382632886"><ele>174.000</ele></trkpt>
      <trkpt lat="22.3789265793" lon="114.0382633623"><ele>174.000</ele></trkpt>
      <trkpt lat="22.3789266679" lon="114.0382634341"><ele>174.000</ele></trkpt>
      <trkpt lat="22.3789267546" lon="114.0382635058"><ele>174.000</ele></trkpt>
      <trkpt lat="22.3789268432" lon="114.0382635795"><ele>174.000</ele></trkpt>
      <trkpt lat="22.3789269300" lon="114.0382636533"><ele>174.000</ele></trkpt>
      <trkpt lat="22.3789270167" lon="114.0382637270"><ele>174.000</ele></trkpt>
      <trkpt lat="22.3789271035" lon="114.0382638007"><ele>174.000</ele></trkpt>
      <trkpt lat="22.3789271902" lon="114.0382638744"><ele>174.000</ele></trkpt>
      <trkpt lat="22.3789272770" lon="114.0382639500"><ele>174.000</ele></trkpt>
      <trkpt lat="22.3789273619" lon="114.0382640267"><ele>174.000</ele></trkpt>
      <trkpt lat="22.3789274496" lon="114.0382641013"><ele>174.000</ele></trkpt>
      <trkpt lat="22.3789275336" lon="114.0382641770"><ele>174.000</ele></trkpt>
      <trkpt lat="22.3789276186" lon="114.0382642527"><ele>174.000</ele></trkpt>
      <trkpt lat="22.3789277036" lon="114.0382643302"><ele>174.000</ele></trkpt>
      <trkpt lat="22.3789277885" lon="114.0382644059"><ele>174.000</ele></trkpt>
      <trkpt lat="22.3789278716" lon="114.0382644835"><ele>174.000</ele></trkpt>
      <trkpt lat="22.3789279566" lon="114.0382645611"><ele>174.000</ele></trkpt>
      <trkpt lat="22.3789280397" lon="114.0382646387"><ele>174.000</ele></trkpt>
      <trkpt lat="22.3789281247" lon="114.0382647182"><ele>174.000</ele></trkpt>
      <trkpt lat="22.3789282079" lon="114.0382647958"><ele>174.000</ele></trkpt>
      <trkpt lat="22.3789282892" lon="114.0382648754"><ele>174.000</ele></trkpt>
      <trkpt lat="22.3789283723" lon="114.0382649549"><ele>174.000</ele></trkpt>
      <trkpt lat="22.3789284555" lon="114.0382650345"><ele>174.000</ele></trkpt>
      <trkpt lat="22.3789285368" lon="114.0382651140"><ele>174.000</ele></trkpt>
      <trkpt lat="22.3789286182" lon="114.0382651955"><ele>174.000</ele></trkpt>
      <trkpt lat="22.3789286995" lon="114.0382652750"><ele>174.000</ele></trkpt>
      <trkpt lat="22.3789287818" lon="114.0382653565"><ele>174.000</ele></trkpt>
      <trkpt lat="22.3789288622" lon="114.0382654380"><ele>174.000</ele></trkpt>
      <trkpt lat="22.3789289445" lon="114.0382655195"><ele>174.000</ele></trkpt>
      <trkpt lat="22.3789290231" lon="114.0382656039"><ele>174.000</ele></trkpt>
      <trkpt lat="22.3789291044" lon="114.0382656844"><ele>174.000</ele></trkpt>
      <trkpt lat="22.3789291840" lon="114.0382657678"><ele>174.000</ele></trkpt>
      <trkpt lat="22.3789292644" lon="114.0382658493"><ele>174.000</ele></trkpt>
      <trkpt lat="22.3789293413" lon="114.0382659337"><ele>174.000</ele></trkpt>
      <trkpt lat="22.3789294217" lon="114.0382660181"><ele>174.000</ele></trkpt>
      <trkpt lat="22.3789295003" lon="114.0382661015"><ele>174.000</ele></trkpt>
      <trkpt lat="22.3789295781" lon="114.0382661859"><ele>174.000</ele></trkpt>
      <trkpt lat="22.3789296567" lon="114.0382662703"><ele>174.000</ele></trkpt>
      <trkpt lat="22.3789297335" lon="114.0382663557"><ele>174.000</ele></trkpt>
      <trkpt lat="22.3789298113" lon="114.0382664411"><ele>174.000</ele></trkpt>
      <trkpt lat="22.3789298872" lon="114.0382665264"><ele>174.000</ele></trkpt>
      <trkpt lat="22.3789299649" lon="114.0382666128"><ele>174.000</ele></trkpt>
      <trkpt lat="22.3789300409" lon="114.0382666991"><ele>174.000</ele></trkpt>
      <trkpt lat="22.3789301168" lon="114.0382667845"><ele>174.000</ele></trkpt>
      <trkpt lat="22.3789301927" lon="114.0382668728"><ele>174.000</ele></trkpt>
      <trkpt lat="22.3789302687" lon="114.0382669591"><ele>174.000</ele></trkpt>
      <trkpt lat="22.3789303428" lon="114.0382670474"><ele>174.000</ele></trkpt>
      <trkpt lat="22.3789304187" lon="114.0382671338"><ele>174.000</ele></trkpt>
      <trkpt lat="22.3789304928" lon="114.0382672230"><ele>174.000</ele></trkpt>
      <trkpt lat="22.3789305670" lon="114.0382673103"><ele>174.000</ele></trkpt>
      <trkpt lat="22.3789306411" lon="114.0382673996"><ele>174.000</ele></trkpt>
      <trkpt lat="22.3789307152" lon="114.0382674898"><ele>174.000</ele></trkpt>
      <trkpt lat="22.3789307875" lon="114.0382675781"><ele>174.000</ele></trkpt>
      <trkpt lat="22.3789308617" lon="114.0382676674"><ele>174.000</ele></trkpt>
      <trkpt lat="22.3789309340" lon="114.0382677586"><ele>174.000</ele></trkpt>
      <trkpt lat="22.3789310063" lon="114.0382678479"><ele>174.000</ele></trkpt>
      <trkpt lat="22.3789310786" lon="114.0382679391"><ele>174.000</ele></trkpt>
      <trkpt lat="22.3789311491" lon="114.0382680303"><ele>174.000</ele></trkpt>
      <trkpt lat="22.3789312215" lon="114.0382681215"><ele>174.000</ele></trkpt>
      <trkpt lat="22.3789312920" lon="114.0382682127"><ele>174.000</ele></trkpt>
      <trkpt lat="22.3789313625" lon="114.0382683039"><ele>174.000</ele></trkpt>
      <trkpt lat="22.3789314330" lon="114.0382683951"><ele>174.000</ele></trkpt>
      <trkpt lat="22.3789315035" lon="114.0382684882"><ele>174.000</ele></trkpt>
      <trkpt lat="22.3789315741" lon="114.0382685814"><ele>174.000</ele></trkpt>
      <trkpt lat="22.3789316428" lon="114.0382686745"><ele>174.000</ele></trkpt>
      <trkpt lat="22.3789317115" lon="114.0382687677"><ele>174.000</ele></trkpt>
      <trkpt lat="22.3789317802" lon="114.0382688608"><ele>174.000</ele></trkpt>
      <trkpt lat="22.3789318489" lon="114.0382689549"><ele>174.000</ele></trkpt>
      <trkpt lat="22.3789319176" lon="114.0382690471"><ele>174.000</ele></trkpt>
      <trkpt lat="22.3789319845" lon="114.0382691422"><ele>174.000</ele></trkpt>
      <trkpt lat="22.3789320514" lon="114.0382692373"><ele>174.000</ele></trkpt>
      <trkpt lat="22.3789321192" lon="114.0382693324"><ele>174.000</ele></trkpt>
      <trkpt lat="22.3789321852" lon="114.0382694275"><ele>174.000</ele></trkpt>
      <trkpt lat="22.3789322521" lon="114.0382695226"><ele>174.000</ele></trkpt>
      <trkpt lat="22.3789323191" lon="114.0382696177"><ele>174.000</ele></trkpt>
      <trkpt lat="22.3789323842" lon="114.0382697147"><ele>174.000</ele></trkpt>
      <trkpt lat="22.3789324493" lon="114.0382698098"><ele>174.000</ele></trkpt>
      <trkpt lat="22.3789325144" lon="114.0382699068"><ele>174.000</ele></trkpt>
      <trkpt lat="22.3789325795" lon="114.0382700039"><ele>174.000</ele></trkpt>
      <trkpt lat="22.3789326428" lon="114.0382701009"><ele>174.000</ele></trkpt>
      <trkpt lat="22.3789327079" lon="114.0382701979"><ele>174.000</ele></trkpt>
      <trkpt lat="22.3789327721" lon="114.0382702950"><ele>174.000</ele></trkpt>
      <trkpt lat="22.3789328345" lon="114.0382703940"><ele>174.000</ele></trkpt>
      <trkpt lat="22.3789328978" lon="114.0382704910"><ele>174.000</ele></trkpt>
      <trkpt lat="22.3789329592" lon="114.0382705900"><ele>174.000</ele></trkpt>
      <trkpt lat="22.3789330225" lon="114.0382706890"><ele>174.000</ele></trkpt>
      <trkpt lat="22.3789330840" lon="114.0382707879"><ele>174.000</ele></trkpt>
      <trkpt lat="22.3789331455" lon="114.0382708869"><ele>174.000</ele></trkpt>
      <trkpt lat="22.3789332070" lon="114.0382709859"><ele>174.000</ele></trkpt>
      <trkpt lat="22.3789332667" lon="114.0382710859"><ele>174.000</ele></trkpt>
      <trkpt lat="22.3789333282" lon="114.0382711858"><ele>174.000</ele></trkpt>
      <trkpt lat="22.3789333879" lon="114.0382712848"><ele>174.000</ele></trkpt>
      <trkpt lat="22.3789334476" lon="114.0382713857"><ele>174.000</ele></trkpt>
      <trkpt lat="22.3789335073" lon="114.0382714867"><ele>174.000</ele></trkpt>
      <trkpt lat="22.3789335651" lon="114.0382715876"><ele>174.000</ele></trkpt>
      <trkpt lat="22.3789336248" lon="114.0382716895"><ele>174.000</ele></trkpt>
      <trkpt lat="22.3789336827" lon="114.0382717894"><ele>174.000</ele></trkpt>
      <trkpt lat="22.3789337406" lon="114.0382718904"><ele>174.000</ele></trkpt>
      <trkpt lat="22.3789337985" lon="114.0382719932"><ele>174.000</ele></trkpt>
      <trkpt lat="22.3789338573" lon="114.0382720942"><ele>174.000</ele></trkpt>
      <trkpt lat="22.3789339124" lon="114.0382721970"><ele>174.000</ele></trkpt>
      <trkpt lat="22.3789339685" lon="114.0382722999"><ele>174.000</ele></trkpt>
      <trkpt lat="22.3789340246" lon="114.0382724028"><ele>174.000</ele></trkpt>
      <trkpt lat="22.3789340807" lon="114.0382725056"><ele>174.000</ele></trkpt>
      <trkpt lat="22.3789341367" lon="114.0382726085"><ele>174.000</ele></trkpt>
      <trkpt lat="22.3789341910" lon="114.0382727114"><ele>174.000</ele></trkpt>
      <trkpt lat="22.3789342453" lon="114.0382728162"><ele>174.000</ele></trkpt>
      <trkpt lat="22.3789342996" lon="114.0382729191"><ele>174.000</ele></trkpt>
      <trkpt lat="22.3789343538" lon="114.0382730239"><ele>174.000</ele></trkpt>
      <trkpt lat="22.3789344081" lon="114.0382731287"><ele>174.000</ele></trkpt>
      <trkpt lat="22.3789344606" lon="114.0382732316"><ele>174.000</ele></trkpt>
      <trkpt lat="22.3789345130" lon="114.0382733374"><ele>174.000</ele></trkpt>
      <trkpt lat="22.3789345655" lon="114.0382734432"><ele>174.000</ele></trkpt>
      <trkpt lat="22.3789346180" lon="114.0382735480"><ele>174.000</ele></trkpt>
      <trkpt lat="22.3789346704" lon="114.0382736528"><ele>174.000</ele></trkpt>
      <trkpt lat="22.3789347211" lon="114.0382737576"><ele>174.000</ele></trkpt>
      <trkpt lat="22.3789347718" lon="114.0382738644"><ele>174.000</ele></trkpt>
      <trkpt lat="22.3789348224" lon="114.0382739711"><ele>174.000</ele></trkpt>
      <trkpt lat="22.3789348731" lon="114.0382740759"><ele>174.000</ele></trkpt>
      <trkpt lat="22.3789349228" lon="114.0382741827"><ele>174.000</ele></trkpt>
      <trkpt lat="22.3789349708" lon="114.0382742904"><ele>174.000</ele></trkpt>
      <trkpt lat="22.3789350206" lon="114.0382743962"><ele>174.000</ele></trkpt>
      <trkpt lat="22.3789350685" lon="114.0382745030"><ele>174.000</ele></trkpt>
      <trkpt lat="22.3789351174" lon="114.0382746117"><ele>174.000</ele></trkpt>
      <trkpt lat="22.3789351644" lon="114.0382747185"><ele>174.000</ele></trkpt>
      <trkpt lat="22.3789352133" lon="114.0382748252"><ele>174.000</ele></trkpt>
      <trkpt lat="22.3789352603" lon="114.0382749339"><ele>174.000</ele></trkpt>
      <trkpt lat="22.3789353056" lon="114.0382750426"><ele>174.000</ele></trkpt>
      <trkpt lat="22.3789353535" lon="114.0382751494"><ele>174.000</ele></trkpt>
      <trkpt lat="22.3789353979" lon="114.0382752581"><ele>174.000</ele></trkpt>
      <trkpt lat="22.3789354449" lon="114.0382753668"><ele>174.000</ele></trkpt>
      <trkpt lat="22.3789354911" lon="114.0382754755"><ele>174.000</ele></trkpt>
      <trkpt lat="22.3789355336" lon="114.0382755862"><ele>174.000</ele></trkpt>
      <trkpt lat="22.3789355789" lon="114.0382756949"><ele>174.000</ele></trkpt>
      <trkpt lat="22.3789356223" lon="114.0382758036"><ele>174.000</ele></trkpt>
      <trkpt lat="22.3789356657" lon="114.0382759142"><ele>174.000</ele></trkpt>
      <trkpt lat="22.3789357092" lon="114.0382760230"><ele>174.000</ele></trkpt>
      <trkpt lat="22.3789357526" lon="114.0382761336"><ele>174.000</ele></trkpt>
      <trkpt lat="22.3789357943" lon="114.0382762423"><ele>174.000</ele></trkpt>
      <trkpt lat="22.3789358359" lon="114.0382763530"><ele>174.000</ele></trkpt>
      <trkpt lat="22.3789358775" lon="114.0382764646"><ele>174.000</ele></trkpt>
      <trkpt lat="22.3789359192" lon="114.0382765743"><ele>174.000</ele></trkpt>
      <trkpt lat="22.3789359608" lon="114.0382766849"><ele>174.000</ele></trkpt>
      <trkpt lat="22.3789360006" lon="114.0382767956"><ele>174.000</ele></trkpt>
      <trkpt lat="22.3789360404" lon="114.0382769062"><ele>174.000</ele></trkpt>
      <trkpt lat="22.3789360803" lon="114.0382770188"><ele>174.000</ele></trkpt>
      <trkpt lat="22.3789361201" lon="114.0382771295"><ele>174.000</ele></trkpt>
      <trkpt lat="22.3789361581" lon="114.0382772431"><ele>174.000</ele></trkpt>
      <trkpt lat="22.3789361962" lon="114.0382773528"><ele>174.000</ele></trkpt>
      <trkpt lat="22.3789362342" lon="114.0382774654"><ele>174.000</ele></trkpt>
      <trkpt lat="22.3789362722" lon="114.0382775780"><ele>174.000</ele></trkpt>
      <trkpt lat="22.3789363102" lon="114.0382776886"><ele>174.000</ele></trkpt>
      <trkpt lat="22.3789363464" lon="114.0382778012"><ele>174.000</ele></trkpt>
      <trkpt lat="22.3789363827" lon="114.0382779138"><ele>174.000</ele></trkpt>
      <trkpt lat="22.3789364198" lon="114.0382780264"><ele>174.000</ele></trkpt>
      <trkpt lat="22.3789364551" lon="114.0382781390"><ele>174.000</ele></trkpt>
      <trkpt lat="22.3789364895" lon="114.0382782536"><ele>174.000</ele></trkpt>
      <trkpt lat="22.3789365257" lon="114.0382783662"><ele>174.000</ele></trkpt>
      <trkpt lat="22.3789365601" lon="114.0382784788"><ele>174.000</ele></trkpt>
      <trkpt lat="22.3789365928" lon="114.0382785933"><ele>174.000</ele></trkpt>
      <trkpt lat="22.3789366272" lon="114.0382787059"><ele>174.000</ele></trkpt>
      <trkpt lat="22.3789366598" lon="114.0382788214"><ele>174.000</ele></trkpt>
      <trkpt lat="22.3789366924" lon="114.0382789331"><ele>174.000</ele></trkpt>
      <trkpt lat="22.3789367250" lon="114.0382790476"><ele>174.000</ele></trkpt>
      <trkpt lat="22.3789367576" lon="114.0382791622"><ele>174.000</ele></trkpt>
      <trkpt lat="22.3789367884" lon="114.0382792748"><ele>174.000</ele></trkpt>
      <trkpt lat="22.3789368210" lon="114.0382793893"><ele>174.000</ele></trkpt>
      <trkpt lat="22.3789368518" lon="114.0382795039"><ele>174.000</ele></trkpt>
      <trkpt lat="22.3789368808" lon="114.0382796184"><ele>174.000</ele></trkpt>
      <trkpt lat="22.3789369116" lon="114.0382797330"><ele>174.000</ele></trkpt>
      <trkpt lat="22.3789369406" lon="114.0382798494"><ele>174.000</ele></trkpt>
      <trkpt lat="22.3789369696" lon="114.0382799640"><ele>174.000</ele></trkpt>
      <trkpt lat="22.3789369986" lon="114.0382800786"><ele>174.000</ele></trkpt>
      <trkpt lat="22.3789370285" lon="114.0382801931"><ele>174.000</ele></trkpt>
      <trkpt lat="22.3789370548" lon="114.0382803096"><ele>174.000</ele></trkpt>
      <trkpt lat="22.3789370820" lon="114.0382804241"><ele>174.000</ele></trkpt>
      <trkpt lat="22.3789371092" lon="114.0382805406"><ele>174.000</ele></trkpt>
      <trkpt lat="22.3789371364" lon="114.0382806552"><ele>174.000</ele></trkpt>
      <trkpt lat="22.3789371617" lon="114.0382807717"><ele>174.000</ele></trkpt>
      <trkpt lat="22.3789371889" lon="114.0382808882"><ele>174.000</ele></trkpt>
      <trkpt lat="22.3789372143" lon="114.0382810027"><ele>174.000</ele></trkpt>
      <trkpt lat="22.3789372397" lon="114.0382811192"><ele>174.000</ele></trkpt>
      <trkpt lat="22.3789372642" lon="114.0382812357"><ele>174.000</ele></trkpt>
      <trkpt lat="22.3789372869" lon="114.0382813532"><ele>174.000</ele></trkpt>
      <trkpt lat="22.3789373122" lon="114.0382814687"><ele>174.000</ele></trkpt>
      <trkpt lat="22.3789373340" lon="114.0382815852"><ele>174.000</ele></trkpt>
      <trkpt lat="22.3789373576" lon="114.0382817017"><ele>174.000</ele></trkpt>
      <trkpt lat="22.3789373794" lon="114.0382818182"><ele>174.000</ele></trkpt>
      <trkpt lat="22.3789374029" lon="114.0382819357"><ele>174.000</ele></trkpt>
      <trkpt lat="22.3789374247" lon="114.0382820512"><ele>174.000</ele></trkpt>
      <trkpt lat="22.3789374447" lon="114.0382821677"><ele>174.000</ele></trkpt>
      <trkpt lat="22.3789374674" lon="114.0382822862"><ele>174.000</ele></trkpt>
      <trkpt lat="22.3789374873" lon="114.0382824027"><ele>174.000</ele></trkpt>
      <trkpt lat="22.3789375073" lon="114.0382825192"><ele>174.000</ele></trkpt>
      <trkpt lat="22.3789375264" lon="114.0382826376"><ele>174.000</ele></trkpt>
      <trkpt lat="22.3789375445" lon="114.0382827541"><ele>174.000</ele></trkpt>
      <trkpt lat="22.3789375645" lon="114.0382828725"><ele>174.000</ele></trkpt>
      <trkpt lat="22.3789375827" lon="114.0382829891"><ele>174.000</ele></trkpt>
      <trkpt lat="22.3789376008" lon="114.0382831075"><ele>174.000</ele></trkpt>
      <trkpt lat="22.3789376181" lon="114.0382832240"><ele>174.000</ele></trkpt>
      <trkpt lat="22.3789376353" lon="114.0382833424"><ele>174.000</ele></trkpt>
      <trkpt lat="22.3789376517" lon="114.0382834609"><ele>174.000</ele></trkpt>
      <trkpt lat="22.3789376680" lon="114.0382835774"><ele>174.000</ele></trkpt>
      <trkpt lat="22.3789376844" lon="114.0382836968"><ele>174.000</ele></trkpt>
      <trkpt lat="22.3789376989" lon="114.0382838153"><ele>174.000</ele></trkpt>
      <trkpt lat="22.3789377135" lon="114.0382839327"><ele>174.000</ele></trkpt>
      <trkpt lat="22.3789377280" lon="114.0382840512"><ele>174.000</ele></trkpt>
      <trkpt lat="22.3789377435" lon="114.0382841677"><ele>174.000</ele></trkpt>
      <trkpt lat="22.3789377571" lon="114.0382842861"><ele>174.000</ele></trkpt>
      <trkpt lat="22.3789377699" lon="114.0382844046"><ele>174.000</ele></trkpt>
      <trkpt lat="22.3789377826" lon="114.0382845240"><ele>174.000</ele></trkpt>
      <trkpt lat="22.3789377954" lon="114.0382846415"><ele>174.000</ele></trkpt>
      <trkpt lat="22.3789378063" lon="114.0382847599"><ele>174.000</ele></trkpt>
      <trkpt lat="22.3789378191" lon="114.0382848784"><ele>174.000</ele></trkpt>
      <trkpt lat="22.3789378300" lon="114.0382849968"><ele>174.000</ele></trkpt>
      <trkpt lat="22.3789378418" lon="114.0382851153"><ele>174.000</ele></trkpt>
      <trkpt lat="22.3789378519" lon="114.0382852338"><ele>174.000</ele></trkpt>
      <trkpt lat="22.3789378619" lon="114.0382853522"><ele>174.000</ele></trkpt>
      <trkpt lat="22.3789378701" lon="114.0382854726"><ele>174.000</ele></trkpt>
      <trkpt lat="22.3789378793" lon="114.0382855911"><ele>174.000</ele></trkpt>
      <trkpt lat="22.3789378884" lon="114.0382857095"><ele>174.000</ele></trkpt>
      <trkpt lat="22.3789378957" lon="114.0382858289"><ele>174.000</ele></trkpt>
      <trkpt lat="22.3789379049" lon="114.0382859464"><ele>174.000</ele></trkpt>
      <trkpt lat="22.3789379122" lon="114.0382860678"><ele>174.000</ele></trkpt>
      <trkpt lat="22.3789379177" lon="114.0382861853"><ele>174.000</ele></trkpt>
      <trkpt lat="22.3789379250" lon="114.0382863037"><ele>174.000</ele></trkpt>
      <trkpt lat="22.3789379306" lon="114.0382864222"><ele>174.000</ele></trkpt>
      <trkpt lat="22.3789379361" lon="114.0382865426"><ele>174.000</ele></trkpt>
      <trkpt lat="22.3789379416" lon="114.0382866610"><ele>174.000</ele></trkpt>
      <trkpt lat="22.3789379480" lon="114.0382867795"><ele>174.000</ele></trkpt>
      <trkpt lat="22.3789379508" lon="114.0382868999"><ele>174.000</ele></trkpt>
      <trkpt lat="22.3789379545" lon="114.0382870184"><ele>174.000</ele></trkpt>
      <trkpt lat="22.3789379583" lon="114.0382871368"><ele>174.000</ele></trkpt>
      <trkpt lat="22.3789379620" lon="114.0382872572"><ele>174.000</ele></trkpt>
      <trkpt lat="22.3789379639" lon="114.0382873757"><ele>174.000</ele></trkpt>
      <trkpt lat="22.3789379676" lon="114.0382874941"><ele>174.000</ele></trkpt>
      <trkpt lat="22.3789379677" lon="114.0382876145"><ele>174.000</ele></trkpt>
      <trkpt lat="22.3789379696" lon="114.0382877330"><ele>174.000</ele></trkpt>
      <trkpt lat="22.3789379715" lon="114.0382878515"><ele>174.000</ele></trkpt>
      <trkpt lat="22.3789379716" lon="114.0382879719"><ele>174.000</ele></trkpt>
      <trkpt lat="22.3789379717" lon="114.0382880903"><ele>174.000</ele></trkpt>
      <trkpt lat="22.3789379718" lon="114.0382882088"><ele>174.000</ele></trkpt>
      <trkpt lat="22.3789379701" lon="114.0382883292"><ele>174.000</ele></trkpt>
      <trkpt lat="22.3789379702" lon="114.0382884477"><ele>174.000</ele></trkpt>
      <trkpt lat="22.3789379685" lon="114.0382885661"><ele>174.000</ele></trkpt>
      <trkpt lat="22.3789379668" lon="114.0382886865"><ele>174.000</ele></trkpt>
      <trkpt lat="22.3789379633" lon="114.0382888050"><ele>174.000</ele></trkpt>
      <trkpt lat="22.3789379616" lon="114.0382889235"><ele>174.000</ele></trkpt>
      <trkpt lat="22.3789379581" lon="114.0382890439"><ele>174.000</ele></trkpt>
      <trkpt lat="22.3789379546" lon="114.0382891623"><ele>174.000</ele></trkpt>
      <trkpt lat="22.3789379502" lon="114.0382892808"><ele>174.000</ele></trkpt>
      <trkpt lat="22.3789379457" lon="114.0382894012"><ele>174.000</ele></trkpt>
      <trkpt lat="22.3789379404" lon="114.0382895197"><ele>174.000</ele></trkpt>
      <trkpt lat="22.3789379351" lon="114.0382896382"><ele>174.000</ele></trkpt>
      <trkpt lat="22.3789379307" lon="114.0382897576"><ele>174.000</ele></trkpt>
      <trkpt lat="22.3789379227" lon="114.0382898770"><ele>174.000</ele></trkpt>
      <trkpt lat="22.3789379156" lon="114.0382899965"><ele>174.000</ele></trkpt>
      <trkpt lat="22.3789379084" lon="114.0382901140"><ele>174.000</ele></trkpt>
      <trkpt lat="22.3789379013" lon="114.0382902324"><ele>174.000</ele></trkpt>
      <trkpt lat="22.3789378942" lon="114.0382903529"><ele>174.000</ele></trkpt>
      <trkpt lat="22.3789378853" lon="114.0382904713"><ele>174.000</ele></trkpt>
      <trkpt lat="22.3789378763" lon="114.0382905898"><ele>174.000</ele></trkpt>
      <trkpt lat="22.3789378674" lon="114.0382907083"><ele>174.000</ele></trkpt>
      <trkpt lat="22.3789378567" lon="114.0382908268"><ele>174.000</ele></trkpt>
      <trkpt lat="22.3789378477" lon="114.0382909452"><ele>174.000</ele></trkpt>
      <trkpt lat="22.3789378370" lon="114.0382910637"><ele>174.000</ele></trkpt>
      <trkpt lat="22.3789378272" lon="114.0382911822"><ele>174.000</ele></trkpt>
      <trkpt lat="22.3789378155" lon="114.0382913016"><ele>174.000</ele></trkpt>
      <trkpt lat="22.3789378030" lon="114.0382914191"><ele>174.000</ele></trkpt>
      <trkpt lat="22.3789377904" lon="114.0382915376"><ele>174.000</ele></trkpt>
      <trkpt lat="22.3789377779" lon="114.0382916561"><ele>174.000</ele></trkpt>
      <trkpt lat="22.3789377654" lon="114.0382917745"><ele>174.000</ele></trkpt>
      <trkpt lat="22.3789377510" lon="114.0382918930"><ele>174.000</ele></trkpt>
      <trkpt lat="22.3789377385" lon="114.0382920115"><ele>174.000</ele></trkpt>
      <trkpt lat="22.3789377241" lon="114.0382921300"><ele>174.000</ele></trkpt>
      <trkpt lat="22.3789377107" lon="114.0382922484"><ele>174.000</ele></trkpt>
      <trkpt lat="22.3789376918" lon="114.0382923650"><ele>174.000</ele></trkpt>
      <trkpt lat="22.3789377171" lon="114.0382923747"><ele>174.000</ele></trkpt>
      <trkpt lat="22.3789355525" lon="114.0383166636"><ele>172.000</ele></trkpt>
      <trkpt lat="22.3789339323" lon="114.0383439117"><ele>172.000</ele></trkpt>
      <trkpt lat="22.3789334195" lon="114.0383693817"><ele>172.000</ele></trkpt>
      <trkpt lat="22.3789361980" lon="114.0383871484"><ele>172.000</ele></trkpt>
      <trkpt lat="22.3789450864" lon="114.0384321575"><ele>172.000</ele></trkpt>
      <trkpt lat="22.3789578116" lon="114.0384641299"><ele>172.000</ele></trkpt>
      <trkpt lat="22.3789617297" lon="114.0385061832"><ele>172.000</ele></trkpt>
      <trkpt lat="22.3789683613" lon="114.0385203913"><ele>172.000</ele></trkpt>
      <trkpt lat="22.3789788614" lon="114.0385387426"><ele>172.000</ele></trkpt>
      <trkpt lat="22.3789926687" lon="114.0385594532"><ele>172.000</ele></trkpt>
      <trkpt lat="22.3790075770" lon="114.0385783916"><ele>172.000</ele></trkpt>
      <trkpt lat="22.3790302057" lon="114.0385985089"><ele>172.000</ele></trkpt>
      <trkpt lat="22.3790338689" lon="114.0386010804"><ele>172.000</ele></trkpt>
      <trkpt lat="22.3790605493" lon="114.0386198032"><ele>172.000</ele></trkpt>
      <trkpt lat="22.3790913054" lon="114.0386398640"><ele>172.000</ele></trkpt>
      <trkpt lat="22.3791085437" lon="114.0386493735"><ele>172.000</ele></trkpt>
      <trkpt lat="22.3791272850" lon="114.0386528992"><ele>172.000</ele></trkpt>
      <trkpt lat="22.3791432062" lon="114.0386534175"><ele>172.000</ele></trkpt>
      <trkpt lat="22.3791449221" lon="114.0386534741"><ele>172.000</ele></trkpt>
      <trkpt lat="22.3791620209" lon="114.0386581967"><ele>172.000</ele></trkpt>
      <trkpt lat="22.3791763588" lon="114.0386658817"><ele>172.000</ele></trkpt>
      <trkpt lat="22.3791857452" lon="114.0386806822"><ele>172.000</ele></trkpt>
      <trkpt lat="22.3792083898" lon="114.0387079064"><ele>172.000</ele></trkpt>
      <trkpt lat="22.3792208271" lon="114.0387211979"><ele>172.000</ele></trkpt>
      <trkpt lat="22.3792674477" lon="114.0387694412"><ele>172.000</ele></trkpt>
      <trkpt lat="22.3792733168" lon="114.0387750148"><ele>172.000</ele></trkpt>
      <trkpt lat="22.3792812667" lon="114.0387954914"><ele>174.000</ele></trkpt>
      <trkpt lat="22.3792845951" lon="114.0388120730"><ele>174.000</ele></trkpt>
      <trkpt lat="22.3792857225" lon="114.0388316183"><ele>174.000</ele></trkpt>
      <trkpt lat="22.3792923636" lon="114.0388454972"><ele>176.000</ele></trkpt>
      <trkpt lat="22.3792968168" lon="114.0388520859"><ele>176.000</ele></trkpt>
      <trkpt lat="22.3792986500" lon="114.0388542029"><ele>176.000</ele></trkpt>
      <trkpt lat="22.3793169154" lon="114.0388694045"><ele>176.000</ele></trkpt>
      <trkpt lat="22.3793326148" lon="114.0388809576"><ele>176.000</ele></trkpt>
      <trkpt lat="22.3793396334" lon="114.0388852620"><ele>176.000</ele></trkpt>
      <trkpt lat="22.3793468908" lon="114.0388890223"><ele>176.000</ele></trkpt>
      <trkpt lat="22.3793582290" lon="114.0388937341"><ele>176.000</ele></trkpt>
      <trkpt lat="22.3793725302" lon="114.0388985285"><ele>176.000</ele></trkpt>
      <trkpt lat="22.3793973454" lon="114.0389061770"><ele>177.000</ele></trkpt>
      <trkpt lat="22.3794315066" lon="114.0389154572"><ele>178.000</ele></trkpt>
      <trkpt lat="22.3794458382" lon="114.0389198107"><ele>178.000</ele></trkpt>
      <trkpt lat="22.3794599806" lon="114.0389248344"><ele>178.000</ele></trkpt>
      <trkpt lat="22.3794918760" lon="114.0389371134"><ele>178.000</ele></trkpt>
      <trkpt lat="22.3795047537" lon="114.0389416266"><ele>180.000</ele></trkpt>
      <trkpt lat="22.3795443131" lon="114.0389525601"><ele>180.000</ele></trkpt>
      <trkpt lat="22.3795610325" lon="114.0389582813"><ele>180.000</ele></trkpt>
      <trkpt lat="22.3795733379" lon="114.0389640525"><ele>180.000</ele></trkpt>
      <trkpt lat="22.3795875373" lon="114.0389723601"><ele>180.000</ele></trkpt>
      <trkpt lat="22.3795990587" lon="114.0389800440"><ele>180.000</ele></trkpt>
      <trkpt lat="22.3796354870" lon="114.0390056885"><ele>182.000</ele></trkpt>
      <trkpt lat="22.3796513491" lon="114.0390152801"><ele>182.000</ele></trkpt>
      <trkpt lat="22.3796833352" lon="114.0390344066"><ele>182.000</ele></trkpt>
      <trkpt lat="22.3797043064" lon="114.0390477510"><ele>182.000</ele></trkpt>
      <trkpt lat="22.3797422205" lon="114.0390736980"><ele>182.000</ele></trkpt>
      <trkpt lat="22.3797534507" lon="114.0390819959"><ele>182.000</ele></trkpt>
      <trkpt lat="22.3797632085" lon="114.0390898524"><ele>184.000</ele></trkpt>
      <trkpt lat="22.3797754869" lon="114.0391011070"><ele>184.000</ele></trkpt>
      <trkpt lat="22.3797847791" lon="114.0391114634"><ele>184.000</ele></trkpt>
      <trkpt lat="22.3797937879" lon="114.0391241671"><ele>182.000</ele></trkpt>
      <trkpt lat="22.3798117513" lon="114.0391537420"><ele>184.000</ele></trkpt>
      <trkpt lat="22.3798205436" lon="114.0391667216"><ele>184.000</ele></trkpt>
      <trkpt lat="22.3798304764" lon="114.0391785213"><ele>184.000</ele></trkpt>
      <trkpt lat="22.3798471967" lon="114.0391959074"><ele>184.000</ele></trkpt>
      <trkpt lat="22.3798565345" lon="114.0392046820"><ele>184.000</ele></trkpt>
      <trkpt lat="22.3798651134" lon="114.0392120552"><ele>184.000</ele></trkpt>
      <trkpt lat="22.3798739565" lon="114.0392189077"><ele>184.000</ele></trkpt>
      <trkpt lat="22.3798819080" lon="114.0392243803"><ele>184.000</ele></trkpt>
      <trkpt lat="22.3798900577" lon="114.0392292885"><ele>184.000</ele></trkpt>
      <trkpt lat="22.3798984543" lon="114.0392335391"><ele>184.000</ele></trkpt>
      <trkpt lat="22.3799071970" lon="114.0392371203"><ele>184.000</ele></trkpt>
      <trkpt lat="22.3799162265" lon="114.0392401255"><ele>184.000</ele></trkpt>
      <trkpt lat="22.3799294908" lon="114.0392436081"><ele>186.000</ele></trkpt>
      <trkpt lat="22.3799457313" lon="114.0392468858"><ele>186.000</ele></trkpt>
      <trkpt lat="22.3800010637" lon="114.0392562046"><ele>186.000</ele></trkpt>
      <trkpt lat="22.3800241648" lon="114.0392594872"><ele>186.000</ele></trkpt>
      <trkpt lat="22.3800404444" lon="114.0392609948"><ele>186.000</ele></trkpt>
      <trkpt lat="22.3800552820" lon="114.0392615123"><ele>186.000</ele></trkpt>
      <trkpt lat="22.3800686540" lon="114.0392610738"><ele>186.000</ele></trkpt>
      <trkpt lat="22.3800819005" lon="114.0392595577"><ele>186.000</ele></trkpt>
      <trkpt lat="22.3800977299" lon="114.0392561688"><ele>186.000</ele></trkpt>
      <trkpt lat="22.3801160606" lon="114.0392505014"><ele>187.000</ele></trkpt>
      <trkpt lat="22.3801354590" lon="114.0392430386"><ele>187.000</ele></trkpt>
      <trkpt lat="22.3801620332" lon="114.0392315603"><ele>188.000</ele></trkpt>
      <trkpt lat="22.3801706104" lon="114.0392272930"><ele>186.000</ele></trkpt>
      <trkpt lat="22.3801789857" lon="114.0392224792"><ele>186.000</ele></trkpt>
      <trkpt lat="22.3802058936" lon="114.0392050900"><ele>187.000</ele></trkpt>
      <trkpt lat="22.3802165278" lon="114.0391986358"><ele>187.000</ele></trkpt>
      <trkpt lat="22.3802262024" lon="114.0391935499"><ele>187.000</ele></trkpt>
      <trkpt lat="22.3802349371" lon="114.0391897698"><ele>187.000</ele></trkpt>
      <trkpt lat="22.3802482039" lon="114.0391845483"><ele>188.000</ele></trkpt>
      <trkpt lat="22.3802578376" lon="114.0391812567"><ele>188.000</ele></trkpt>
      <trkpt lat="22.3802675097" lon="114.0391786702"><ele>186.000</ele></trkpt>
      <trkpt lat="22.3802756685" lon="114.0391772872"><ele>186.000</ele></trkpt>
      <trkpt lat="22.3802835627" lon="114.0391769104"><ele>186.000</ele></trkpt>
      <trkpt lat="22.3802898430" lon="114.0391775276"><ele>186.000</ele></trkpt>
      <trkpt lat="22.3802957883" lon="114.0391791667"><ele>186.000</ele></trkpt>
      <trkpt lat="22.3803014709" lon="114.0391820042"><ele>188.000</ele></trkpt>
      <trkpt lat="22.3803058587" lon="114.0391850159"><ele>188.000</ele></trkpt>
      <trkpt lat="22.3803101259" lon="114.0391885617"><ele>188.000</ele></trkpt>
      <trkpt lat="22.3803193820" lon="114.0391979093"><ele>188.000</ele></trkpt>
      <trkpt lat="22.3803447809" lon="114.0392262284"><ele>188.000</ele></trkpt>
      <trkpt lat="22.3803642812" lon="114.0392515265"><ele>189.000</ele></trkpt>
      <trkpt lat="22.3803706155" lon="114.0392592389"><ele>189.000</ele></trkpt>
      <trkpt lat="22.3803763054" lon="114.0392653527"><ele>189.000</ele></trkpt>
      <trkpt lat="22.3803823424" lon="114.0392708174"><ele>189.000</ele></trkpt>
      <trkpt lat="22.3803899695" lon="114.0392761156"><ele>189.000</ele></trkpt>
      <trkpt lat="22.3803972968" lon="114.0392791506"><ele>190.000</ele></trkpt>
      <trkpt lat="22.3804080197" lon="114.0392813510"><ele>190.000</ele></trkpt>
      <trkpt lat="22.3804278017" lon="114.0392832717"><ele>190.000</ele></trkpt>
      <trkpt lat="22.3804360477" lon="114.0392845570"><ele>190.000</ele></trkpt>
      <trkpt lat="22.3804450372" lon="114.0392873000"><ele>190.000</ele></trkpt>
      <trkpt lat="22.3804519560" lon="114.0392911860"><ele>190.000</ele></trkpt>
      <trkpt lat="22.3804593606" lon="114.0392970136"><ele>190.000</ele></trkpt>
      <trkpt lat="22.3804672202" lon="114.0393048497"><ele>190.000</ele></trkpt>
      <trkpt lat="22.3804919911" lon="114.0393348881"><ele>191.000</ele></trkpt>
      <trkpt lat="22.3805211324" lon="114.0393666681"><ele>190.000</ele></trkpt>
      <trkpt lat="22.3805273141" lon="114.0393722473"><ele>190.000</ele></trkpt>
      <trkpt lat="22.3805327095" lon="114.0393761970"><ele>192.000</ele></trkpt>
      <trkpt lat="22.3805372297" lon="114.0393787667"><ele>192.000</ele></trkpt>
      <trkpt lat="22.3805421980" lon="114.0393805563"><ele>192.000</ele></trkpt>
      <trkpt lat="22.3805490097" lon="114.0393816429"><ele>192.000</ele></trkpt>
      <trkpt lat="22.3805561420" lon="114.0393816146"><ele>194.000</ele></trkpt>
      <trkpt lat="22.3805646025" lon="114.0393803536"><ele>194.000</ele></trkpt>
      <trkpt lat="22.3805723866" lon="114.0393780233"><ele>194.000</ele></trkpt>
      <trkpt lat="22.3805785124" lon="114.0393753305"><ele>194.000</ele></trkpt>
      <trkpt lat="22.3805856811" lon="114.0393713733"><ele>192.000</ele></trkpt>
      <trkpt lat="22.3806056184" lon="114.0393583411"><ele>193.000</ele></trkpt>
      <trkpt lat="22.3806139854" lon="114.0393533302"><ele>193.000</ele></trkpt>
      <trkpt lat="22.3806402559" lon="114.0393403200"><ele>193.000</ele></trkpt>
      <trkpt lat="22.3806504844" lon="114.0393356510"><ele>194.000</ele></trkpt>
      <trkpt lat="22.3806594921" lon="114.0393321940"><ele>194.000</ele></trkpt>
      <trkpt lat="22.3806672401" lon="114.0393299288"><ele>194.000</ele></trkpt>
      <trkpt lat="22.3806749970" lon="114.0393285074"><ele>194.000</ele></trkpt>
      <trkpt lat="22.3806754169" lon="114.0393284836"><ele>194.000</ele></trkpt>
      <trkpt lat="22.3806906068" lon="114.0393270607"><ele>194.000</ele></trkpt>
      <trkpt lat="22.3807112401" lon="114.0393285756"><ele>194.000</ele></trkpt>
      <trkpt lat="22.3807302898" lon="114.0393336771"><ele>194.000</ele></trkpt>
      <trkpt lat="22.3807515655" lon="114.0393430421"><ele>194.000</ele></trkpt>
      <trkpt lat="22.3807722241" lon="114.0393530874"><ele>194.000</ele></trkpt>
      <trkpt lat="22.3807895453" lon="114.0393517857"><ele>194.000</ele></trkpt>
      <trkpt lat="22.3808068616" lon="114.0393447035"><ele>194.000</ele></trkpt>
      <trkpt lat="22.3808253672" lon="114.0393311979"><ele>194.000</ele></trkpt>
      <trkpt lat="22.3808420789" lon="114.0393151237"><ele>195.000</ele></trkpt>
      <trkpt lat="22.3808504186" lon="114.0392874968"><ele>195.000</ele></trkpt>
      <trkpt lat="22.3808587453" lon="114.0392457396"><ele>195.000</ele></trkpt>
      <trkpt lat="22.3808658837" lon="114.0392104068"><ele>195.000</ele></trkpt>
      <trkpt lat="22.3808754052" lon="114.0391686484"><ele>196.000</ele></trkpt>
      <trkpt lat="22.3808926947" lon="114.0391300945"><ele>196.000</ele></trkpt>
      <trkpt lat="22.3809076142" lon="114.0391133802"><ele>194.000</ele></trkpt>
      <trkpt lat="22.3809231317" lon="114.0390979500"><ele>196.000</ele></trkpt>
      <trkpt lat="22.3809434333" lon="114.0390895802"><ele>196.000</ele></trkpt>
      <trkpt lat="22.3809744908" lon="114.0390850538"><ele>196.000</ele></trkpt>
      <trkpt lat="22.3810061483" lon="114.0390830951"><ele>196.000</ele></trkpt>
      <trkpt lat="22.3810348196" lon="114.0390824241"><ele>198.000</ele></trkpt>
      <trkpt lat="22.3810640839" lon="114.0390772576"><ele>197.000</ele></trkpt>
      <trkpt lat="22.3810879701" lon="114.0390682424"><ele>197.000</ele></trkpt>
      <trkpt lat="22.3811076709" lon="114.0390553764"><ele>199.000</ele></trkpt>
      <trkpt lat="22.3811273603" lon="114.0390290239"><ele>197.000</ele></trkpt>
      <trkpt lat="22.3811339128" lon="114.0390078210"><ele>197.000</ele></trkpt>
      <trkpt lat="22.3811368784" lon="114.0389834114"><ele>198.000</ele></trkpt>
      <trkpt lat="22.3811368505" lon="114.0389506540"><ele>198.000</ele></trkpt>
      <trkpt lat="22.3811368286" lon="114.0389249627"><ele>198.000</ele></trkpt>
      <trkpt lat="22.3811397967" lon="114.0389024796"><ele>198.000</ele></trkpt>
      <trkpt lat="22.3811469434" lon="114.0388780659"><ele>198.000</ele></trkpt>
      <trkpt lat="22.3811552852" lon="114.0388530082"><ele>198.000</ele></trkpt>
      <trkpt lat="22.3811695932" lon="114.0388202367"><ele>198.000</ele></trkpt>
      <trkpt lat="22.3811779455" lon="114.0388086674"><ele>198.000</ele></trkpt>
      <trkpt lat="22.3811821568" lon="114.0388439891"><ele>198.000</ele></trkpt>
      <trkpt lat="22.3811827754" lon="114.0388683961"><ele>198.000</ele></trkpt>
      <trkpt lat="22.3811845884" lon="114.0388934438"><ele>198.000</ele></trkpt>
      <trkpt lat="22.3811875956" lon="114.0389178475"><ele>200.000</ele></trkpt>
      <trkpt lat="22.3811923998" lon="114.0389473881"><ele>200.000</ele></trkpt>
      <trkpt lat="22.3811954102" lon="114.0389756458"><ele>200.000</ele></trkpt>
      <trkpt lat="22.3811936443" lon="114.0390058356"><ele>201.000</ele></trkpt>
      <trkpt lat="22.3811918773" lon="114.0390347408"><ele>202.000</ele></trkpt>
      <trkpt lat="22.3811895064" lon="114.0390565805"><ele>202.000</ele></trkpt>
      <trkpt lat="22.3811793800" lon="114.0390899898"><ele>202.000</ele></trkpt>
      <trkpt lat="22.3811638849" lon="114.0391317541"><ele>203.000</ele></trkpt>
      <trkpt lat="22.3811519674" lon="114.0391658070"><ele>203.000</ele></trkpt>
      <trkpt lat="22.3811412496" lon="114.0392056402"><ele>204.000</ele></trkpt>
      <trkpt lat="22.3811287392" lon="114.0392454741"><ele>205.000</ele></trkpt>
      <trkpt lat="22.3811215861" lon="114.0392634654"><ele>205.000</ele></trkpt>
      <trkpt lat="22.3811078611" lon="114.0392788939"><ele>206.000</ele></trkpt>
      <trkpt lat="22.3810893566" lon="114.0392936852"><ele>206.000</ele></trkpt>
      <trkpt lat="22.3810792204" lon="114.0393155335"><ele>206.000</ele></trkpt>
      <trkpt lat="22.3810732746" lon="114.0393482958"><ele>206.000</ele></trkpt>
      <trkpt lat="22.3810679331" lon="114.0393887655"><ele>206.000</ele></trkpt>
      <trkpt lat="22.3810607978" lon="114.0394266676"><ele>208.000</ele></trkpt>
      <trkpt lat="22.3810614236" lon="114.0394607081"><ele>208.000</ele></trkpt>
      <trkpt lat="22.3810650301" lon="114.0394870386"><ele>208.000</ele></trkpt>
      <trkpt lat="22.3810674447" lon="114.0395165816"><ele>208.000</ele></trkpt>
      <trkpt lat="22.3810686721" lon="114.0395551183"><ele>208.000</ele></trkpt>
      <trkpt lat="22.3810734910" lon="114.0396032850"><ele>208.000</ele></trkpt>
      <trkpt lat="22.3810824968" lon="114.0396572291"><ele>208.000</ele></trkpt>
      <trkpt lat="22.3810944803" lon="114.0397008929"><ele>208.000</ele></trkpt>
      <trkpt lat="22.3810992859" lon="114.0397323610"><ele>205.000</ele></trkpt>
      <trkpt lat="22.3810963186" lon="114.0397548440"><ele>208.000</ele></trkpt>
      <trkpt lat="22.3810873852" lon="114.0397863246"><ele>206.000</ele></trkpt>
      <trkpt lat="22.3810724825" lon="114.0398229506"><ele>206.000</ele></trkpt>
      <trkpt lat="22.3810623489" lon="114.0398480100"><ele>206.000</ele></trkpt>
      <trkpt lat="22.3810587846" lon="114.0398704936"><ele>206.000</ele></trkpt>
      <trkpt lat="22.3810576209" lon="114.0399071052"><ele>206.000</ele></trkpt>
      <trkpt lat="22.3810534769" lon="114.0399520695"><ele>206.000</ele></trkpt>
      <trkpt lat="22.3810517135" lon="114.0399854705"><ele>207.000</ele></trkpt>
      <trkpt lat="22.3810547209" lon="114.0400092323"><ele>206.000</ele></trkpt>
      <trkpt lat="22.3810601141" lon="114.0400297807"><ele>206.000</ele></trkpt>
      <trkpt lat="22.3810690845" lon="114.0400419747"><ele>206.000</ele></trkpt>
      <trkpt lat="22.3810828302" lon="114.0400509539"><ele>206.000</ele></trkpt>
      <trkpt lat="22.3811055314" lon="114.0400535011"><ele>208.000</ele></trkpt>
      <trkpt lat="22.3811276294" lon="114.0400496255"><ele>207.000</ele></trkpt>
      <trkpt lat="22.3811467407" lon="114.0400463946"><ele>208.000</ele></trkpt>
      <trkpt lat="22.3811873408" lon="114.0400238758"><ele>208.000</ele></trkpt>
      <trkpt lat="22.3812303269" lon="114.0399981414"><ele>208.000</ele></trkpt>
      <trkpt lat="22.3812589851" lon="114.0399820556"><ele>210.000</ele></trkpt>
      <trkpt lat="22.3812751067" lon="114.0399749756"><ele>210.000</ele></trkpt>
      <trkpt lat="22.3812888452" lon="114.0399743194"><ele>210.000</ele></trkpt>
      <trkpt lat="22.3813073649" lon="114.0399775125"><ele>210.000</ele></trkpt>
      <trkpt lat="22.3813246959" lon="114.0399877728"><ele>210.000</ele></trkpt>
      <trkpt lat="22.3813599563" lon="114.0400089339"><ele>212.000</ele></trkpt>
      <trkpt lat="22.3813689196" lon="114.0400127791"><ele>212.000</ele></trkpt>
      <trkpt lat="22.3813802686" lon="114.0400121252"><ele>212.000</ele></trkpt>
      <trkpt lat="22.3813934032" lon="114.0400044053"><ele>212.000</ele></trkpt>
      <trkpt lat="22.3814417640" lon="114.0399773810"><ele>212.000</ele></trkpt>
      <trkpt lat="22.3814668392" lon="114.0399625843"><ele>212.000</ele></trkpt>
      <trkpt lat="22.3814889339" lon="114.0399548547"><ele>212.000</ele></trkpt>
      <trkpt lat="22.3815122291" lon="114.0399529054"><ele>211.000</ele></trkpt>
      <trkpt lat="22.3815379153" lon="114.0399548068"><ele>212.000</ele></trkpt>
      <trkpt lat="22.3815653960" lon="114.0399579920"><ele>212.000</ele></trkpt>
      <trkpt lat="22.3815910909" lon="114.0399701698"><ele>212.000</ele></trkpt>
      <trkpt lat="22.3816126104" lon="114.0399881331"><ele>212.000</ele></trkpt>
      <trkpt lat="22.3816377106" lon="114.0400028817"><ele>212.000</ele></trkpt>
      <trkpt lat="22.3816657925" lon="114.0400112041"><ele>214.000</ele></trkpt>
      <trkpt lat="22.3817028342" lon="114.0400201596"><ele>213.000</ele></trkpt>
      <trkpt lat="22.3817273271" lon="114.0400227050"><ele>213.000</ele></trkpt>
      <trkpt lat="22.3817476400" lon="114.0400265392"><ele>213.000</ele></trkpt>
      <trkpt lat="22.3817888644" lon="114.0400374181"><ele>213.000</ele></trkpt>
      <trkpt lat="22.3818181449" lon="114.0400502351"><ele>213.000</ele></trkpt>
      <trkpt lat="22.3818372706" lon="114.0400630622"><ele>216.000</ele></trkpt>
      <trkpt lat="22.3818546043" lon="114.0400765338"><ele>216.000</ele></trkpt>
      <trkpt lat="22.3818584183" lon="114.0400823611"><ele>216.000</ele></trkpt>
      <trkpt lat="22.3818611116" lon="114.0400903024"><ele>216.000</ele></trkpt>
      <trkpt lat="22.3818616807" lon="114.0400979555"><ele>216.000</ele></trkpt>
      <trkpt lat="22.3818616428" lon="114.0400979798"><ele>216.000</ele></trkpt>
      <trkpt lat="22.3818606563" lon="114.0400986139"><ele>216.000</ele></trkpt>
      <trkpt lat="22.3818600326" lon="114.0400990126"><ele>216.000</ele></trkpt>
      <trkpt lat="22.3818594080" lon="114.0400994104"><ele>216.000</ele></trkpt>
      <trkpt lat="22.3818587844" lon="114.0400998062"><ele>216.000</ele></trkpt>
      <trkpt lat="22.3818581589" lon="114.0401001991"><ele>216.000</ele></trkpt>
      <trkpt lat="22.3818575325" lon="114.0401005920"><ele>216.000</ele></trkpt>
      <trkpt lat="22.3818569043" lon="114.0401009849"><ele>216.000</ele></trkpt>
      <trkpt lat="22.3818562779" lon="114.0401013739"><ele>216.000</ele></trkpt>
      <trkpt lat="22.3818556479" lon="114.0401017630"><ele>216.000</ele></trkpt>
      <trkpt lat="22.3818550197" lon="114.0401021510"><ele>216.000</ele></trkpt>
      <trkpt lat="22.3818543897" lon="114.0401025371"><ele>216.000</ele></trkpt>
      <trkpt lat="22.3818537579" lon="114.0401029223"><ele>216.000</ele></trkpt>
      <trkpt lat="22.3818531279" lon="114.0401033055"><ele>216.000</ele></trkpt>
      <trkpt lat="22.3818524943" lon="114.0401036867"><ele>216.000</ele></trkpt>
      <trkpt lat="22.3818518625" lon="114.0401040661"><ele>216.000</ele></trkpt>
      <trkpt lat="22.3818512288" lon="114.0401044454"><ele>216.000</ele></trkpt>
      <trkpt lat="22.3818505934" lon="114.0401048228"><ele>216.000</ele></trkpt>
      <trkpt lat="22.3818499580" lon="114.0401052011"><ele>216.000</ele></trkpt>
      <trkpt lat="22.3818493225" lon="114.0401055736"><ele>216.000</ele></trkpt>
      <trkpt lat="22.3818486871" lon="114.0401059471"><ele>216.000</ele></trkpt>
      <trkpt lat="22.3818480499" lon="114.0401063187"><ele>216.000</ele></trkpt>
      <trkpt lat="22.3818474108" lon="114.0401066912"><ele>216.000</ele></trkpt>
      <trkpt lat="22.3818467718" lon="114.0401070598"><ele>216.000</ele></trkpt>
      <trkpt lat="22.3818461327" lon="114.0401074275"><ele>216.000</ele></trkpt>
      <trkpt lat="22.3818454919" lon="114.0401077942"><ele>216.000</ele></trkpt>
      <trkpt lat="22.3818448528" lon="114.0401081570"><ele>216.000</ele></trkpt>
      <trkpt lat="22.3818442102" lon="114.0401085208"><ele>216.000</ele></trkpt>
      <trkpt lat="22.3818435675" lon="114.0401088837"><ele>216.000</ele></trkpt>
      <trkpt lat="22.3818429248" lon="114.0401092445"><ele>216.000</ele></trkpt>
      <trkpt lat="22.3818422822" lon="114.0401096025"><ele>216.000</ele></trkpt>
      <trkpt lat="22.3818416386" lon="114.0401099605"><ele>216.000</ele></trkpt>
      <trkpt lat="22.3818409932" lon="114.0401103175"><ele>216.000</ele></trkpt>
      <trkpt lat="22.3818403478" lon="114.0401106725"><ele>216.000</ele></trkpt>
      <trkpt lat="22.3818397006" lon="114.0401110247"><ele>216.000</ele></trkpt>
      <trkpt lat="22.3818390543" lon="114.0401113768"><ele>216.000</ele></trkpt>
      <trkpt lat="22.3818384063" lon="114.0401117299"><ele>216.000</ele></trkpt>
      <trkpt lat="22.3818377582" lon="114.0401120772"><ele>216.000</ele></trkpt>
      <trkpt lat="22.3818371083" lon="114.0401124264"><ele>216.000</ele></trkpt>
      <trkpt lat="22.3818364584" lon="114.0401127718"><ele>216.000</ele></trkpt>
      <trkpt lat="22.3818358084" lon="114.0401131162"><ele>216.000</ele></trkpt>
      <trkpt lat="22.3818351567" lon="114.0401134596"><ele>216.000</ele></trkpt>
      <trkpt lat="22.3818345050" lon="114.0401138011"><ele>216.000</ele></trkpt>
      <trkpt lat="22.3818338533" lon="114.0401141416"><ele>216.000</ele></trkpt>
      <trkpt lat="22.3818331998" lon="114.0401144801"><ele>216.000</ele></trkpt>
      <trkpt lat="22.3818325472" lon="114.0401148187"><ele>216.000</ele></trkpt>
      <trkpt lat="22.3818318927" lon="114.0401151553"><ele>216.000</ele></trkpt>
      <trkpt lat="22.3818312374" lon="114.0401154909"><ele>216.000</ele></trkpt>
      <trkpt lat="22.3818305821" lon="114.0401158227"><ele>216.000</ele></trkpt>
      <trkpt lat="22.3818299267" lon="114.0401161554"><ele>216.000</ele></trkpt>
      <trkpt lat="22.3818292696" lon="114.0401164843"><ele>216.000</ele></trkpt>
      <trkpt lat="22.3818286125" lon="114.0401168131"><ele>216.000</ele></trkpt>
      <trkpt lat="22.3818279535" lon="114.0401171429"><ele>216.000</ele></trkpt>
      <trkpt lat="22.3818272946" lon="114.0401174669"><ele>216.000</ele></trkpt>
      <trkpt lat="22.3818266356" lon="114.0401177919"><ele>216.000</ele></trkpt>
      <trkpt lat="22.3818259766" lon="114.0401181149"><ele>216.000</ele></trkpt>
      <trkpt lat="22.3818253159" lon="114.0401184360"><ele>216.000</ele></trkpt>
      <trkpt lat="22.3818246533" lon="114.0401187571"><ele>216.000</ele></trkpt>
      <trkpt lat="22.3818239925" lon="114.0401190743"><ele>216.000</ele></trkpt>
      <trkpt lat="22.3818233300" lon="114.0401193925"><ele>216.000</ele></trkpt>
      <trkpt lat="22.3818226674" lon="114.0401197087"><ele>216.000</ele></trkpt>
      <trkpt lat="22.3818220030" lon="114.0401200220"><ele>216.000</ele></trkpt>
      <trkpt lat="22.3818213386" lon="114.0401203353"><ele>216.000</ele></trkpt>
      <trkpt lat="22.3818206743" lon="114.0401206467"><ele>216.000</ele></trkpt>
      <trkpt lat="22.3818200099" lon="114.0401209562"><ele>216.000</ele></trkpt>
      <trkpt lat="22.3818193437" lon="114.0401212636"><ele>216.000</ele></trkpt>
      <trkpt lat="22.3818186757" lon="114.0401215721"><ele>216.000</ele></trkpt>
      <trkpt lat="22.3818180095" lon="114.0401218767"><ele>216.000</ele></trkpt>
      <trkpt lat="22.3818173415" lon="114.0401221803"><ele>216.000</ele></trkpt>
      <trkpt lat="22.3818166735" lon="114.0401224839"><ele>216.000</ele></trkpt>
      <trkpt lat="22.3818160037" lon="114.0401227837"><ele>216.000</ele></trkpt>
      <trkpt lat="22.3818153357" lon="114.0401230834"><ele>216.000</ele></trkpt>
      <trkpt lat="22.3818146641" lon="114.0401233812"><ele>216.000</ele></trkpt>
      <trkpt lat="22.3818139943" lon="114.0401236770"><ele>216.000</ele></trkpt>
      <trkpt lat="22.3818133226" lon="114.0401239729"><ele>216.000</ele></trkpt>
      <trkpt lat="22.3818126510" lon="114.0401242668"><ele>216.000</ele></trkpt>
      <trkpt lat="22.3818119821" lon="114.0401245675"><ele>216.000</ele></trkpt>
      <trkpt lat="22.3818113150" lon="114.0401248721"><ele>216.000</ele></trkpt>
      <trkpt lat="22.3818106488" lon="114.0401251815"><ele>216.000</ele></trkpt>
      <trkpt lat="22.3818099862" lon="114.0401254968"><ele>216.000</ele></trkpt>
      <trkpt lat="22.3818093255" lon="114.0401258159"><ele>216.000</ele></trkpt>
      <trkpt lat="22.3818086647" lon="114.0401261418"><ele>216.000</ele></trkpt>
      <trkpt lat="22.3818080076" lon="114.0401264697"><ele>216.000</ele></trkpt>
      <trkpt lat="22.3818073522" lon="114.0401268044"><ele>216.000</ele></trkpt>
      <trkpt lat="22.3818067005" lon="114.0401271429"><ele>216.000</ele></trkpt>
      <trkpt lat="22.3818060488" lon="114.0401274873"><ele>216.000</ele></trkpt>
      <trkpt lat="22.3818054016" lon="114.0401278356"><ele>216.000</ele></trkpt>
      <trkpt lat="22.3818047544" lon="114.0401281877"><ele>216.000</ele></trkpt>
      <trkpt lat="22.3818041100" lon="114.0401285457"><ele>216.000</ele></trkpt>
      <trkpt lat="22.3818034673" lon="114.0401289075"><ele>216.000</ele></trkpt>
      <trkpt lat="22.3818028282" lon="114.0401292752"><ele>216.000</ele></trkpt>
      <trkpt lat="22.3818021910" lon="114.0401296468"><ele>216.000</ele></trkpt>
      <trkpt lat="22.3818015556" lon="114.0401300242"><ele>216.000</ele></trkpt>
      <trkpt lat="22.3818009220" lon="114.0401304035"><ele>216.000</ele></trkpt>
      <trkpt lat="22.3818002920" lon="114.0401307906"><ele>216.000</ele></trkpt>
      <trkpt lat="22.3817996638" lon="114.0401311796"><ele>216.000</ele></trkpt>
      <trkpt lat="22.3817990392" lon="114.0401315754"><ele>216.000</ele></trkpt>
      <trkpt lat="22.3817984164" lon="114.0401319732"><ele>216.000</ele></trkpt>
      <trkpt lat="22.3817977955" lon="114.0401323777"><ele>216.000</ele></trkpt>
      <trkpt lat="22.3817971781" lon="114.0401327861"><ele>216.000</ele></trkpt>
      <trkpt lat="22.3817965626" lon="114.0401331985"><ele>216.000</ele></trkpt>
      <trkpt lat="22.3817959516" lon="114.0401336166"><ele>216.000</ele></trkpt>
      <trkpt lat="22.3817953406" lon="114.0401340367"><ele>216.000</ele></trkpt>
      <trkpt lat="22.3817947341" lon="114.0401344645"><ele>216.000</ele></trkpt>
      <trkpt lat="22.3817941294" lon="114.0401348943"><ele>216.000</ele></trkpt>
      <trkpt lat="22.3817935265" lon="114.0401353299"><ele>216.000</ele></trkpt>
      <trkpt lat="22.3817929273" lon="114.0401357675"><ele>216.000</ele></trkpt>
      <trkpt lat="22.3817923316" lon="114.0401362128"><ele>216.000</ele></trkpt>
      <trkpt lat="22.3817917378" lon="114.0401366600"><ele>216.000</ele></trkpt>
      <trkpt lat="22.3817911476" lon="114.0401371131"><ele>216.000</ele></trkpt>
      <trkpt lat="22.3817905592" lon="114.0401375681"><ele>216.000</ele></trkpt>
      <trkpt lat="22.3817899744" lon="114.0401380290"><ele>216.000</ele></trkpt>
      <trkpt lat="22.3817893932" lon="114.0401384956"><ele>216.000</ele></trkpt>
      <trkpt lat="22.3817888139" lon="114.0401389642"><ele>216.000</ele></trkpt>
      <trkpt lat="22.3817882381" lon="114.0401394367"><ele>216.000</ele></trkpt>
      <trkpt lat="22.3817876642" lon="114.0401399150"><ele>216.000</ele></trkpt>
      <trkpt lat="22.3817870966" lon="114.0401403972"><ele>216.000</ele></trkpt>
      <trkpt lat="22.3817865272" lon="114.0401408833"><ele>216.000</ele></trkpt>
      <trkpt lat="22.3817859641" lon="114.0401413732"><ele>216.000</ele></trkpt>
      <trkpt lat="22.3817854028" lon="114.0401418670"><ele>216.000</ele></trkpt>
      <trkpt lat="22.3817848451" lon="114.0401423657"><ele>216.000</ele></trkpt>
      <trkpt lat="22.3817842911" lon="114.0401428683"><ele>216.000</ele></trkpt>
      <trkpt lat="22.3817837461" lon="114.0401433815"><ele>216.000</ele></trkpt>
      <trkpt lat="22.3817832083" lon="114.0401439064"><ele>216.000</ele></trkpt>
      <trkpt lat="22.3817826823" lon="114.0401444410"><ele>216.000</ele></trkpt>
      <trkpt lat="22.3817821617" lon="114.0401449853"><ele>216.000</ele></trkpt>
      <trkpt lat="22.3817816510" lon="114.0401455373"><ele>216.000</ele></trkpt>
      <trkpt lat="22.3817811494" lon="114.0401461020"><ele>216.000</ele></trkpt>
      <trkpt lat="22.3817806568" lon="114.0401466744"><ele>216.000</ele></trkpt>
      <trkpt lat="22.3817801751" lon="114.0401472555"><ele>216.000</ele></trkpt>
      <trkpt lat="22.3817797006" lon="114.0401478464"><ele>216.000</ele></trkpt>
      <trkpt lat="22.3817792369" lon="114.0401484450"><ele>216.000</ele></trkpt>
      <trkpt lat="22.3817787823" lon="114.0401490533"><ele>214.000</ele></trkpt>
      <trkpt lat="22.3817783385" lon="114.0401496693"><ele>214.000</ele></trkpt>
      <trkpt lat="22.3817779056" lon="114.0401502951"><ele>214.000</ele></trkpt>
      <trkpt lat="22.3817774817" lon="114.0401509267"><ele>214.000</ele></trkpt>
      <trkpt lat="22.3817770668" lon="114.0401515680"><ele>214.000</ele></trkpt>
      <trkpt lat="22.3817766646" lon="114.0401522151"><ele>214.000</ele></trkpt>
      <trkpt lat="22.3817762714" lon="114.0401528719"><ele>214.000</ele></trkpt>
      <trkpt lat="22.3817758918" lon="114.0401535345"><ele>214.000</ele></trkpt>
      <trkpt lat="22.3817755203" lon="114.0401542039"><ele>214.000</ele></trkpt>
      <trkpt lat="22.3817751587" lon="114.0401548810"><ele>214.000</ele></trkpt>
      <trkpt lat="22.3817748107" lon="114.0401555630"><ele>216.000</ele></trkpt>
      <trkpt lat="22.3817744718" lon="114.0401562538"><ele>216.000</ele></trkpt>
      <trkpt lat="22.3817741455" lon="114.0401569503"><ele>216.000</ele></trkpt>
      <trkpt lat="22.3817738300" lon="114.0401576517"><ele>216.000</ele></trkpt>
      <trkpt lat="22.3817735253" lon="114.0401583589"><ele>216.000</ele></trkpt>
      <trkpt lat="22.3817732343" lon="114.0401590739"><ele>216.000</ele></trkpt>
      <trkpt lat="22.3817729522" lon="114.0401597927"><ele>216.000</ele></trkpt>
      <trkpt lat="22.3817726837" lon="114.0401605154"><ele>216.000</ele></trkpt>
      <trkpt lat="22.3817724270" lon="114.0401612439"><ele>216.000</ele></trkpt>
      <trkpt lat="22.3817721811" lon="114.0401619783"><ele>216.000</ele></trkpt>
      <trkpt lat="22.3817719469" lon="114.0401627165"><ele>216.000</ele></trkpt>
      <trkpt lat="22.3817717254" lon="114.0401634586"><ele>216.000</ele></trkpt>
      <trkpt lat="22.3817715165" lon="114.0401642055"><ele>216.000</ele></trkpt>
      <trkpt lat="22.3817713184" lon="114.0401649563"><ele>216.000</ele></trkpt>
      <trkpt lat="22.3817711331" lon="114.0401657100"><ele>216.000</ele></trkpt>
      <trkpt lat="22.3817709603" lon="114.0401664656"><ele>216.000</ele></trkpt>
      <trkpt lat="22.3817707858" lon="114.0401672232"><ele>216.000</ele></trkpt>
      <trkpt lat="22.3817706121" lon="114.0401679808"><ele>216.000</ele></trkpt>
      <trkpt lat="22.3817704385" lon="114.0401687364"><ele>216.000</ele></trkpt>
      <trkpt lat="22.3817702657" lon="114.0401694940"><ele>216.000</ele></trkpt>
      <trkpt lat="22.3817700948" lon="114.0401702515"><ele>216.000</ele></trkpt>
      <trkpt lat="22.3817699238" lon="114.0401710091"><ele>216.000</ele></trkpt>
      <trkpt lat="22.3817697538" lon="114.0401717667"><ele>216.000</ele></trkpt>
      <trkpt lat="22.3817695820" lon="114.0401725262"><ele>216.000</ele></trkpt>
      <trkpt lat="22.3817694128" lon="114.0401732837"><ele>216.000</ele></trkpt>
      <trkpt lat="22.3817692437" lon="114.0401740413"><ele>216.000</ele></trkpt>
      <trkpt lat="22.3817690764" lon="114.0401748008"><ele>216.000</ele></trkpt>
      <trkpt lat="22.3817689072" lon="114.0401755584"><ele>216.000</ele></trkpt>
      <trkpt lat="22.3817687399" lon="114.0401763179"><ele>216.000</ele></trkpt>
      <trkpt lat="22.3817685744" lon="114.0401770764"><ele>216.000</ele></trkpt>
      <trkpt lat="22.3817684089" lon="114.0401778349"><ele>216.000</ele></trkpt>
      <trkpt lat="22.3817682433" lon="114.0401785944"><ele>216.000</ele></trkpt>
      <trkpt lat="22.3817680796" lon="114.0401793540"><ele>216.000</ele></trkpt>
      <trkpt lat="22.3817679141" lon="114.0401801144"><ele>216.000</ele></trkpt>
      <trkpt lat="22.3817677522" lon="114.0401808730"><ele>216.000</ele></trkpt>
      <trkpt lat="22.3817675894" lon="114.0401816325"><ele>216.000</ele></trkpt>
      <trkpt lat="22.3817674266" lon="114.0401823920"><ele>216.000</ele></trkpt>
      <trkpt lat="22.3817672647" lon="114.0401831534"><ele>216.000</ele></trkpt>
      <trkpt lat="22.3817671046" lon="114.0401839129"><ele>216.000</ele></trkpt>
      <trkpt lat="22.3817669445" lon="114.0401846724"><ele>216.000</ele></trkpt>
      <trkpt lat="22.3817667844" lon="114.0401854338"><ele>216.000</ele></trkpt>
      <trkpt lat="22.3817666261" lon="114.0401861953"><ele>216.000</ele></trkpt>
      <trkpt lat="22.3817664678" lon="114.0401869548"><ele>216.000</ele></trkpt>
      <trkpt lat="22.3817663095" lon="114.0401877162"><ele>216.000</ele></trkpt>
      <trkpt lat="22.3817661530" lon="114.0401884777"><ele>216.000</ele></trkpt>
      <trkpt lat="22.3817659947" lon="114.0401892391"><ele>216.000</ele></trkpt>
      <trkpt lat="22.3817658400" lon="114.0401900005"><ele>216.000</ele></trkpt>
      <trkpt lat="22.3817656835" lon="114.0401907620"><ele>216.000</ele></trkpt>
      <trkpt lat="22.3817655289" lon="114.0401915234"><ele>216.000</ele></trkpt>
      <trkpt lat="22.3817653760" lon="114.0401922848"><ele>216.000</ele></trkpt>
      <trkpt lat="22.3817652213" lon="114.0401930482"><ele>216.000</ele></trkpt>
      <trkpt lat="22.3817650702" lon="114.0401938097"><ele>216.000</ele></trkpt>
      <trkpt lat="22.3817649183" lon="114.0401945730"><ele>216.000</ele></trkpt>
      <trkpt lat="22.3817647663" lon="114.0401953354"><ele>216.000</ele></trkpt>
      <trkpt lat="22.3817646152" lon="114.0401960978"><ele>216.000</ele></trkpt>
      <trkpt lat="22.3817644641" lon="114.0401968593"><ele>216.000</ele></trkpt>
      <trkpt lat="22.3817643149" lon="114.0401976236"><ele>214.000</ele></trkpt>
      <trkpt lat="22.3817641656" lon="114.0401983860"><ele>214.000</ele></trkpt>
      <trkpt lat="22.3817640164" lon="114.0401991494"><ele>214.000</ele></trkpt>
      <trkpt lat="22.3817638689" lon="114.0401999128"><ele>214.000</ele></trkpt>
      <trkpt lat="22.3817637214" lon="114.0402006761"><ele>214.000</ele></trkpt>
      <trkpt lat="22.3817635758" lon="114.0402014405"><ele>214.000</ele></trkpt>
      <trkpt lat="22.3817634283" lon="114.0402022029"><ele>214.000</ele></trkpt>
      <trkpt lat="22.3817632845" lon="114.0402029662"><ele>214.000</ele></trkpt>
      <trkpt lat="22.3817631389" lon="114.0402037316"><ele>214.000</ele></trkpt>
      <trkpt lat="22.3817629950" lon="114.0402044949"><ele>214.000</ele></trkpt>
      <trkpt lat="22.3817628512" lon="114.0402052583"><ele>214.000</ele></trkpt>
      <trkpt lat="22.3817627100" lon="114.0402060236"><ele>214.000</ele></trkpt>
      <trkpt lat="22.3817625653" lon="114.0402067889"><ele>214.000</ele></trkpt>
      <trkpt lat="22.3817624251" lon="114.0402075532"><ele>214.000</ele></trkpt>
      <trkpt lat="22.3817622830" lon="114.0402083176"><ele>214.000</ele></trkpt>
      <trkpt lat="22.3817621428" lon="114.0402090829"><ele>214.000</ele></trkpt>
      <trkpt lat="22.3817620026" lon="114.0402098482"><ele>214.000</ele></trkpt>
      <trkpt lat="22.3817618650" lon="114.0402106135"><ele>214.000</ele></trkpt>
      <trkpt lat="22.3817617257" lon="114.0402113788"><ele>214.000</ele></trkpt>
      <trkpt lat="22.3817615873" lon="114.0402121441"><ele>214.000</ele></trkpt>
      <trkpt lat="22.3817614507" lon="114.0402129094"><ele>214.000</ele></trkpt>
      <trkpt lat="22.3817613141" lon="114.0402136747"><ele>214.000</ele></trkpt>
      <trkpt lat="22.3817611774" lon="114.0402144400"><ele>214.000</ele></trkpt>
      <trkpt lat="22.3817610426" lon="114.0402152073"><ele>214.000</ele></trkpt>
      <trkpt lat="22.3817609078" lon="114.0402159735"><ele>214.000</ele></trkpt>
      <trkpt lat="22.3817607730" lon="114.0402167398"><ele>214.000</ele></trkpt>
      <trkpt lat="22.3817606400" lon="114.0402175051"><ele>214.000</ele></trkpt>
      <trkpt lat="22.3817605070" lon="114.0402182723"><ele>214.000</ele></trkpt>
      <trkpt lat="22.3817603740" lon="114.0402190376"><ele>214.000</ele></trkpt>
      <trkpt lat="22.3817602428" lon="114.0402198049"><ele>214.000</ele></trkpt>
      <trkpt lat="22.3817601116" lon="114.0402205721"><ele>214.000</ele></trkpt>
      <trkpt lat="22.3817599804" lon="114.0402213394"><ele>214.000</ele></trkpt>
      <trkpt lat="22.3817598519" lon="114.0402221066"><ele>214.000</ele></trkpt>
      <trkpt lat="22.3817597225" lon="114.0402228738"><ele>214.000</ele></trkpt>
      <trkpt lat="22.3817595922" lon="114.0402236411"><ele>214.000</ele></trkpt>
      <trkpt lat="22.3817594646" lon="114.0402244083"><ele>214.000</ele></trkpt>
      <trkpt lat="22.3817593371" lon="114.0402251755"><ele>214.000</ele></trkpt>
      <trkpt lat="22.3817592113" lon="114.0402259428"><ele>214.000</ele></trkpt>
      <trkpt lat="22.3817590864" lon="114.0402267100"><ele>214.000</ele></trkpt>
      <trkpt lat="22.3817589597" lon="114.0402274792"><ele>214.000</ele></trkpt>
      <trkpt lat="22.3817588339" lon="114.0402282474"><ele>214.000</ele></trkpt>
      <trkpt lat="22.3817587100" lon="114.0402290156"><ele>214.000</ele></trkpt>
      <trkpt lat="22.3817585860" lon="114.0402297838"><ele>214.000</ele></trkpt>
      <trkpt lat="22.3817584638" lon="114.0402305520"><ele>214.000</ele></trkpt>
      <trkpt lat="22.3817583417" lon="114.0402313192"><ele>214.000</ele></trkpt>
      <trkpt lat="22.3817582195" lon="114.0402320884"><ele>214.000</ele></trkpt>
      <trkpt lat="22.3817580991" lon="114.0402328576"><ele>214.000</ele></trkpt>
      <trkpt lat="22.3817547880" lon="114.0402578871"><ele>214.000</ele></trkpt>
      <trkpt lat="22.3817531889" lon="114.0402741028"><ele>214.000</ele></trkpt>
      <trkpt lat="22.3817471368" lon="114.0403149987"><ele>213.000</ele></trkpt>
      <trkpt lat="22.3817416349" lon="114.0403357462"><ele>213.000</ele></trkpt>
      <trkpt lat="22.3817339293" lon="114.0403541158"><ele>212.000</ele></trkpt>
      <trkpt lat="22.3817240183" lon="114.0403701183"><ele>214.000</ele></trkpt>
      <trkpt lat="22.3817041947" lon="114.0403896746"><ele>214.000</ele></trkpt>
      <trkpt lat="22.3816832774" lon="114.0404175344"><ele>215.000</ele></trkpt>
      <trkpt lat="22.3816706146" lon="114.0404376858"><ele>215.000</ele></trkpt>
      <trkpt lat="22.3816722677" lon="114.0404489481"><ele>216.000</ele></trkpt>
      <trkpt lat="22.3816805286" lon="114.0404572520"><ele>216.000</ele></trkpt>
      <trkpt lat="22.3817047599" lon="114.0404708810"><ele>214.000</ele></trkpt>
      <trkpt lat="22.3817174280" lon="114.0404785903"><ele>214.000</ele></trkpt>
      <trkpt lat="22.3817416619" lon="114.0404963763"><ele>214.000</ele></trkpt>
      <trkpt lat="22.3817873703" lon="114.0405236477"><ele>213.000</ele></trkpt>
      <trkpt lat="22.3818154586" lon="114.0405384673"><ele>214.000</ele></trkpt>
      <trkpt lat="22.3818446511" lon="114.0405562592"><ele>213.000</ele></trkpt>
      <trkpt lat="22.3818765954" lon="114.0405817467"><ele>212.000</ele></trkpt>
      <trkpt lat="22.3819019264" lon="114.0406036789"><ele>213.000</ele></trkpt>
      <trkpt lat="22.3819201062" lon="114.0406268008"><ele>212.000</ele></trkpt>
      <trkpt lat="22.3819366322" lon="114.0406505089"><ele>212.000</ele></trkpt>
      <trkpt lat="22.3819526085" lon="114.0406843045"><ele>212.000</ele></trkpt>
      <trkpt lat="22.3819575625" lon="114.0407003023"><ele>210.000</ele></trkpt>
      <trkpt lat="22.3819575745" lon="114.0407370576"><ele>210.000</ele></trkpt>
      <trkpt lat="22.3819542751" lon="114.0407761748"><ele>212.000</ele></trkpt>
      <trkpt lat="22.3819443694" lon="114.0408200351"><ele>212.000</ele></trkpt>
      <trkpt lat="22.3819355705" lon="114.0408828614"><ele>210.000</ele></trkpt>
      <trkpt lat="22.3819289625" lon="114.0409178345"><ele>210.000</ele></trkpt>
      <trkpt lat="22.3819135496" lon="114.0409634810"><ele>210.000</ele></trkpt>
      <trkpt lat="22.3818981378" lon="114.0409996270"><ele>210.000</ele></trkpt>
      <trkpt lat="22.3818750151" lon="114.0410393450"><ele>210.000</ele></trkpt>
      <trkpt lat="22.3818618053" lon="114.0410630509"><ele>210.000</ele></trkpt>
      <trkpt lat="22.3818601845" lon="114.0410685757"><ele>210.000</ele></trkpt>
      <trkpt lat="22.3818606458" lon="114.0410695230"><ele>210.000</ele></trkpt>
      <trkpt lat="22.3818649287" lon="114.0410831948"><ele>210.000</ele></trkpt>
      <trkpt lat="22.3818694214" lon="114.0411015020"><ele>210.000</ele></trkpt>
      <trkpt lat="22.3818732952" lon="114.0411215888"><ele>210.000</ele></trkpt>
      <trkpt lat="22.3818765761" lon="114.0411432105"><ele>210.000</ele></trkpt>
      <trkpt lat="22.3818772207" lon="114.0411505867"><ele>210.000</ele></trkpt>
      <trkpt lat="22.3818773671" lon="114.0411582276"><ele>210.000</ele></trkpt>
      <trkpt lat="22.3818764769" lon="114.0411907734"><ele>210.000</ele></trkpt>
      <trkpt lat="22.3818768333" lon="114.0411980364"><ele>210.000</ele></trkpt>
      <trkpt lat="22.3818766269" lon="114.0412038025"><ele>210.000</ele></trkpt>
      <trkpt lat="22.3818796666" lon="114.0412383429"><ele>212.000</ele></trkpt>
      <trkpt lat="22.3818897534" lon="114.0412703693"><ele>213.000</ele></trkpt>
      <trkpt lat="22.3818994421" lon="114.0412874189"><ele>213.000</ele></trkpt>
      <trkpt lat="22.3819102853" lon="114.0413007212"><ele>213.000</ele></trkpt>
      <trkpt lat="22.3819213311" lon="114.0413079272"><ele>214.000</ele></trkpt>
      <trkpt lat="22.3819218635" lon="114.0413084549"><ele>214.000</ele></trkpt>
      <trkpt lat="22.3819334335" lon="114.0413108227"><ele>214.000</ele></trkpt>
      <trkpt lat="22.3819411405" lon="114.0413155646"><ele>214.000</ele></trkpt>
      <trkpt lat="22.3819482997" lon="114.0413238687"><ele>214.000</ele></trkpt>
      <trkpt lat="22.3819582185" lon="114.0413386886"><ele>214.000</ele></trkpt>
      <trkpt lat="22.3819741902" lon="114.0413552874"><ele>214.000</ele></trkpt>
      <trkpt lat="22.3820138471" lon="114.0413825563"><ele>216.000</ele></trkpt>
      <trkpt lat="22.3820259652" lon="114.0414021205"><ele>216.000</ele></trkpt>
      <trkpt lat="22.3820346548" lon="114.0414274365"><ele>218.000</ele></trkpt>
      <trkpt lat="22.3820353256" lon="114.0414293877"><ele>218.000</ele></trkpt>
      <trkpt lat="22.3820397398" lon="114.0414489516"><ele>218.000</ele></trkpt>
      <trkpt lat="22.3820457986" lon="114.0414815431"><ele>218.000</ele></trkpt>
      <trkpt lat="22.3820474548" lon="114.0415064387"><ele>218.000</ele></trkpt>
      <trkpt lat="22.3820452564" lon="114.0415372632"><ele>219.000</ele></trkpt>
      <trkpt lat="22.3820392090" lon="114.0415840921"><ele>220.000</ele></trkpt>
      <trkpt lat="22.3820287560" lon="114.0416433641"><ele>220.000</ele></trkpt>
      <trkpt lat="22.3820205000" lon="114.0416937413"><ele>220.000</ele></trkpt>
      <trkpt lat="22.3820084547" lon="114.0417852432"><ele>220.000</ele></trkpt>
      <trkpt lat="22.3820078505" lon="114.0417862070"><ele>220.000</ele></trkpt>
      <trkpt lat="22.3819951854" lon="114.0418134760"><ele>220.000</ele></trkpt>
      <trkpt lat="22.3819753640" lon="114.0418466655"><ele>220.000</ele></trkpt>
      <trkpt lat="22.3819192052" lon="114.0419160122"><ele>220.000</ele></trkpt>
      <trkpt lat="22.3818864992" lon="114.0419515640"><ele>220.000</ele></trkpt>
      <trkpt lat="22.3818691511" lon="114.0419714576"><ele>220.000</ele></trkpt>
      <trkpt lat="22.3818562341" lon="114.0419902206"><ele>222.000</ele></trkpt>
      <trkpt lat="22.3818355187" lon="114.0420147979"><ele>220.000</ele></trkpt>
      <trkpt lat="22.3817818322" lon="114.0420600431"><ele>220.000</ele></trkpt>
      <trkpt lat="22.3816699510" lon="114.0421571613"><ele>221.000</ele></trkpt>
      <trkpt lat="22.3816524089" lon="114.0421708045"><ele>221.000</ele></trkpt>
      <trkpt lat="22.3816266099" lon="114.0421896148"><ele>222.000</ele></trkpt>
      <trkpt lat="22.3815311352" lon="114.0422561734"><ele>224.000</ele></trkpt>
      <trkpt lat="22.3815176991" lon="114.0422686756"><ele>224.000</ele></trkpt>
      <trkpt lat="22.3815129262" lon="114.0422737927"><ele>224.000</ele></trkpt>
      <trkpt lat="22.3815073702" lon="114.0422819051"><ele>224.000</ele></trkpt>
      <trkpt lat="22.3815027776" lon="114.0422909643"><ele>226.000</ele></trkpt>
      <trkpt lat="22.3814992637" lon="114.0423005517"><ele>226.000</ele></trkpt>
      <trkpt lat="22.3814967300" lon="114.0423117744"><ele>226.000</ele></trkpt>
      <trkpt lat="22.3814952725" lon="114.0423248555"><ele>226.000</ele></trkpt>
      <trkpt lat="22.3814949036" lon="114.0423395232"><ele>225.000</ele></trkpt>
      <trkpt lat="22.3814951372" lon="114.0423467639"><ele>225.000</ele></trkpt>
      <trkpt lat="22.3814959843" lon="114.0423554411"><ele>225.000</ele></trkpt>
      <trkpt lat="22.3815011718" lon="114.0423885471"><ele>224.000</ele></trkpt>
      <trkpt lat="22.3815094493" lon="114.0424343133"><ele>222.000</ele></trkpt>
      <trkpt lat="22.3815143181" lon="114.0424555935"><ele>222.000</ele></trkpt>
      <trkpt lat="22.3815168247" lon="114.0424639244"><ele>222.000</ele></trkpt>
      <trkpt lat="22.3815203224" lon="114.0424717126"><ele>222.000</ele></trkpt>
      <trkpt lat="22.3815240444" lon="114.0424777662"><ele>222.000</ele></trkpt>
      <trkpt lat="22.3815333623" lon="114.0424911594"><ele>224.000</ele></trkpt>
      <trkpt lat="22.3815707395" lon="114.0425357072"><ele>224.000</ele></trkpt>
      <trkpt lat="22.3815893121" lon="114.0425569004"><ele>224.000</ele></trkpt>
      <trkpt lat="22.3816086092" lon="114.0425773511"><ele>224.000</ele></trkpt>
      <trkpt lat="22.3816637834" lon="114.0426334157"><ele>225.000</ele></trkpt>
      <trkpt lat="22.3816808015" lon="114.0426521266"><ele>225.000</ele></trkpt>
      <trkpt lat="22.3816925051" lon="114.0426662749"><ele>224.000</ele></trkpt>
      <trkpt lat="22.3817019098" lon="114.0426787630"><ele>226.000</ele></trkpt>
      <trkpt lat="22.3817116708" lon="114.0426928083"><ele>226.000</ele></trkpt>
      <trkpt lat="22.3817216769" lon="114.0427083759"><ele>226.000</ele></trkpt>
      <trkpt lat="22.3817281827" lon="114.0427195015"><ele>226.000</ele></trkpt>
      <trkpt lat="22.3817333387" lon="114.0427299157"><ele>225.000</ele></trkpt>
      <trkpt lat="22.3817371321" lon="114.0427393271"><ele>225.000</ele></trkpt>
      <trkpt lat="22.3817400478" lon="114.0427489162"><ele>225.000</ele></trkpt>
      <trkpt lat="22.3817412836" lon="114.0427559714"><ele>225.000</ele></trkpt>
      <trkpt lat="22.3817418821" lon="114.0427676601"><ele>225.000</ele></trkpt>
      <trkpt lat="22.3817413634" lon="114.0427911507"><ele>225.000</ele></trkpt>
      <trkpt lat="22.3817397137" lon="114.0428011917"><ele>225.000</ele></trkpt>
      <trkpt lat="22.3817364866" lon="114.0428125568"><ele>225.000</ele></trkpt>
      <trkpt lat="22.3817339947" lon="114.0428175755"><ele>225.000</ele></trkpt>
      <trkpt lat="22.3817322662" lon="114.0428196765"><ele>224.000</ele></trkpt>
      <trkpt lat="22.3817300805" lon="114.0428214284"><ele>225.000</ele></trkpt>
      <trkpt lat="22.3817213499" lon="114.0428259326"><ele>225.000</ele></trkpt>
      <trkpt lat="22.3817123566" lon="114.0428294680"><ele>225.000</ele></trkpt>
      <trkpt lat="22.3817057402" lon="114.0428308435"><ele>225.000</ele></trkpt>
      <trkpt lat="22.3816935858" lon="114.0428316980"><ele>225.000</ele></trkpt>
      <trkpt lat="22.3816826787" lon="114.0428315453"><ele>226.000</ele></trkpt>
      <trkpt lat="22.3816732211" lon="114.0428305949"><ele>226.000</ele></trkpt>
      <trkpt lat="22.3816491569" lon="114.0428265882"><ele>226.000</ele></trkpt>
      <trkpt lat="22.3816251553" lon="114.0428217745"><ele>227.000</ele></trkpt>
      <trkpt lat="22.3816012930" lon="114.0428162247"><ele>228.000</ele></trkpt>
      <trkpt lat="22.3815736293" lon="114.0428090267"><ele>228.000</ele></trkpt>
      <trkpt lat="22.3815539147" lon="114.0428034661"><ele>228.000</ele></trkpt>
      <trkpt lat="22.3815382842" lon="114.0427985366"><ele>228.000</ele></trkpt>
      <trkpt lat="22.3815241509" lon="114.0427934872"><ele>228.000</ele></trkpt>
      <trkpt lat="22.3815102735" lon="114.0427877928"><ele>228.000</ele></trkpt>
      <trkpt lat="22.3814991508" lon="114.0427825075"><ele>228.000</ele></trkpt>
      <trkpt lat="22.3814881992" lon="114.0427767385"><ele>228.000</ele></trkpt>
      <trkpt lat="22.3814401452" lon="114.0427495065"><ele>230.000</ele></trkpt>
      <trkpt lat="22.3814279146" lon="114.0427434066"><ele>230.000</ele></trkpt>
      <trkpt lat="22.3814227550" lon="114.0427417113"><ele>230.000</ele></trkpt>
      <trkpt lat="22.3814145888" lon="114.0427406616"><ele>230.000</ele></trkpt>
      <trkpt lat="22.3814037448" lon="114.0427405167"><ele>230.000</ele></trkpt>
      <trkpt lat="22.3813929144" lon="114.0427415253"><ele>230.000</ele></trkpt>
      <trkpt lat="22.3813794932" lon="114.0427436200"><ele>230.000</ele></trkpt>
      <trkpt lat="22.3813688735" lon="114.0427460189"><ele>232.000</ele></trkpt>
      <trkpt lat="22.3813597461" lon="114.0427488941"><ele>232.000</ele></trkpt>
      <trkpt lat="22.3813523441" lon="114.0427525017"><ele>232.000</ele></trkpt>
      <trkpt lat="22.3813480041" lon="114.0427559375"><ele>232.000</ele></trkpt>
      <trkpt lat="22.3813442139" lon="114.0427602000"><ele>232.000</ele></trkpt>
      <trkpt lat="22.3813400303" lon="114.0427659117"><ele>232.000</ele></trkpt>
      <trkpt lat="22.3813290215" lon="114.0427825462"><ele>232.000</ele></trkpt>
      <trkpt lat="22.3813146148" lon="114.0428072745"><ele>233.000</ele></trkpt>
      <trkpt lat="22.3813061525" lon="114.0428238852"><ele>233.000</ele></trkpt>
      <trkpt lat="22.3812972258" lon="114.0428466526"><ele>233.000</ele></trkpt>
      <trkpt lat="22.3812801875" lon="114.0428973991"><ele>234.000</ele></trkpt>
      <trkpt lat="22.3812721213" lon="114.0429190198"><ele>234.000</ele></trkpt>
      <trkpt lat="22.3812618227" lon="114.0429427634"><ele>234.000</ele></trkpt>
      <trkpt lat="22.3812403587" lon="114.0429882628"><ele>232.000</ele></trkpt>
      <trkpt lat="22.3812314962" lon="114.0430079229"><ele>235.000</ele></trkpt>
      <trkpt lat="22.3812189276" lon="114.0430385901"><ele>234.000</ele></trkpt>
      <trkpt lat="22.3812069408" lon="114.0430695947"><ele>233.000</ele></trkpt>
      <trkpt lat="22.3811934717" lon="114.0431077144"><ele>233.000</ele></trkpt>
      <trkpt lat="22.3811890599" lon="114.0431214216"><ele>235.000</ele></trkpt>
      <trkpt lat="22.3811874710" lon="114.0431284670"><ele>235.000</ele></trkpt>
      <trkpt lat="22.3811864300" lon="114.0431386637"><ele>235.000</ele></trkpt>
      <trkpt lat="22.3811859575" lon="114.0431547365"><ele>235.000</ele></trkpt>
      <trkpt lat="22.3811873090" lon="114.0431794798"><ele>234.000</ele></trkpt>
      <trkpt lat="22.3811881127" lon="114.0431837622"><ele>234.000</ele></trkpt>
      <trkpt lat="22.3811920529" lon="114.0432091760"><ele>231.000</ele></trkpt>
      <trkpt lat="22.3811938432" lon="114.0432162957"><ele>231.000</ele></trkpt>
      <trkpt lat="22.3811960949" lon="114.0432222343"><ele>231.000</ele></trkpt>
      <trkpt lat="22.3811994112" lon="114.0432281369"><ele>231.000</ele></trkpt>
      <trkpt lat="22.3812035972" lon="114.0432329453"><ele>231.000</ele></trkpt>
      <trkpt lat="22.3812075816" lon="114.0432352758"><ele>231.000</ele></trkpt>
      <trkpt lat="22.3812121895" lon="114.0432358793"><ele>231.000</ele></trkpt>
      <trkpt lat="22.3812162321" lon="114.0432355142"><ele>231.000</ele></trkpt>
      <trkpt lat="22.3812266111" lon="114.0432336060"><ele>231.000</ele></trkpt>
      <trkpt lat="22.3812385772" lon="114.0432322147"><ele>230.000</ele></trkpt>
      <trkpt lat="22.3812452347" lon="114.0432302391"><ele>230.000</ele></trkpt>
      <trkpt lat="22.3812667201" lon="114.0432193490"><ele>230.000</ele></trkpt>
      <trkpt lat="22.3813144605" lon="114.0431928216"><ele>228.000</ele></trkpt>
      <trkpt lat="22.3813334856" lon="114.0431836234"><ele>226.000</ele></trkpt>
      <trkpt lat="22.3813404829" lon="114.0431797870"><ele>226.000</ele></trkpt>
      <trkpt lat="22.3813550959" lon="114.0431707454"><ele>226.000</ele></trkpt>
      <trkpt lat="22.3813612538" lon="114.0431675691"><ele>226.000</ele></trkpt>
      <trkpt lat="22.3813662543" lon="114.0431656650"><ele>226.000</ele></trkpt>
      <trkpt lat="22.3813700599" lon="114.0431647331"><ele>226.000</ele></trkpt>
      <trkpt lat="22.3813778410" lon="114.0431642382"><ele>225.000</ele></trkpt>
      <trkpt lat="22.3813857493" lon="114.0431645783"><ele>225.000</ele></trkpt>
      <trkpt lat="22.3813950896" lon="114.0431656977"><ele>225.000</ele></trkpt>
      <trkpt lat="22.3814058574" lon="114.0431677207"><ele>225.000</ele></trkpt>
      <trkpt lat="22.3814180077" lon="114.0431706300"><ele>224.000</ele></trkpt>
      <trkpt lat="22.3814459885" lon="114.0431780141"><ele>224.000</ele></trkpt>
      <trkpt lat="22.3814483303" lon="114.0431792820"><ele>224.000</ele></trkpt>
      <trkpt lat="22.3814522909" lon="114.0431835099"><ele>224.000</ele></trkpt>
      <trkpt lat="22.3814868614" lon="114.0432118289"><ele>222.000</ele></trkpt>
      <trkpt lat="22.3814958455" lon="114.0432201905"><ele>222.000</ele></trkpt>
      <trkpt lat="22.3815027700" lon="114.0432277171"><ele>222.000</ele></trkpt>
      <trkpt lat="22.3815141768" lon="114.0432423551"><ele>220.000</ele></trkpt>
      <trkpt lat="22.3815255127" lon="114.0432585682"><ele>220.000</ele></trkpt>
      <trkpt lat="22.3815373904" lon="114.0432771229"><ele>220.000</ele></trkpt>
      <trkpt lat="22.3815514468" lon="114.0433005869"><ele>220.000</ele></trkpt>
      <trkpt lat="22.3815614578" lon="114.0433177878"><ele>218.000</ele></trkpt>
      <trkpt lat="22.3815662463" lon="114.0433271556"><ele>218.000</ele></trkpt>
      <trkpt lat="22.3815715884" lon="114.0433398690"><ele>218.000</ele></trkpt>
      <trkpt lat="22.3815767067" lon="114.0433549286"><ele>218.000</ele></trkpt>
      <trkpt lat="22.3815820418" lon="114.0433734079"><ele>218.000</ele></trkpt>
      <trkpt lat="22.3815854619" lon="114.0433890838"><ele>218.000</ele></trkpt>
      <trkpt lat="22.3815871357" lon="114.0434027261"><ele>219.000</ele></trkpt>
      <trkpt lat="22.3815869241" lon="114.0434143922"><ele>219.000</ele></trkpt>
      <trkpt lat="22.3815856849" lon="114.0434250757"><ele>219.000</ele></trkpt>
      <trkpt lat="22.3815799006" lon="114.0434631697"><ele>220.000</ele></trkpt>
      <trkpt lat="22.3815769190" lon="114.0434788818"><ele>220.000</ele></trkpt>
      <trkpt lat="22.3815737189" lon="114.0434923180"><ele>220.000</ele></trkpt>
      <trkpt lat="22.3815642456" lon="114.0435249214"><ele>223.000</ele></trkpt>
      <trkpt lat="22.3815325869" lon="114.0436240573"><ele>228.000</ele></trkpt>
      <trkpt lat="22.3815253085" lon="114.0436506140"><ele>230.000</ele></trkpt>
      <trkpt lat="22.3815234993" lon="114.0436600075"><ele>230.000</ele></trkpt>
      <trkpt lat="22.3815222799" lon="114.0436706569"><ele>230.000</ele></trkpt>
      <trkpt lat="22.3815216773" lon="114.0436824661"><ele>230.000</ele></trkpt>
      <trkpt lat="22.3815216536" lon="114.0436952653"><ele>233.000</ele></trkpt>
      <trkpt lat="22.3815221275" lon="114.0437027592"><ele>233.000</ele></trkpt>
      <trkpt lat="22.3815230674" lon="114.0437102274"><ele>233.000</ele></trkpt>
      <trkpt lat="22.3815260748" lon="114.0437237140"><ele>233.000</ele></trkpt>
      <trkpt lat="22.3815309447" lon="114.0437376883"><ele>233.000</ele></trkpt>
      <trkpt lat="22.3815404922" lon="114.0437600963"><ele>234.000</ele></trkpt>
      <trkpt lat="22.3815469129" lon="114.0437733767"><ele>234.000</ele></trkpt>
      <trkpt lat="22.3815566298" lon="114.0437910062"><ele>234.000</ele></trkpt>
      <trkpt lat="22.3815605908" lon="114.0437956750"><ele>234.000</ele></trkpt>
      <trkpt lat="22.3815686708" lon="114.0438016352"><ele>234.000</ele></trkpt>
      <trkpt lat="22.3815956547" lon="114.0438179286"><ele>234.000</ele></trkpt>
      <trkpt lat="22.3816227815" lon="114.0438377448"><ele>230.000</ele></trkpt>
      <trkpt lat="22.3816454822" lon="114.0438550754"><ele>229.000</ele></trkpt>
      <trkpt lat="22.3816637693" lon="114.0438697769"><ele>229.000</ele></trkpt>
      <trkpt lat="22.3816738256" lon="114.0438784794"><ele>229.000</ele></trkpt>
      <trkpt lat="22.3816832829" lon="114.0438880136"><ele>231.000</ele></trkpt>
      <trkpt lat="22.3816919769" lon="114.0438982798"><ele>228.000</ele></trkpt>
      <trkpt lat="22.3816981426" lon="114.0439066306"><ele>228.000</ele></trkpt>
      <trkpt lat="22.3817039582" lon="114.0439153284"><ele>228.000</ele></trkpt>
      <trkpt lat="22.3817110729" lon="114.0439269642"><ele>228.000</ele></trkpt>
      <trkpt lat="22.3817161619" lon="114.0439360987"><ele>228.000</ele></trkpt>
      <trkpt lat="22.3817217063" lon="114.0439521562"><ele>228.000</ele></trkpt>
      <trkpt lat="22.3817330677" lon="114.0439886249"><ele>230.000</ele></trkpt>
      <trkpt lat="22.3817356561" lon="114.0439955585"><ele>228.000</ele></trkpt>
      <trkpt lat="22.3817387988" lon="114.0440022469"><ele>228.000</ele></trkpt>
      <trkpt lat="22.3817472921" lon="114.0440167013"><ele>228.000</ele></trkpt>
      <trkpt lat="22.3817724143" lon="114.0440565672"><ele>230.000</ele></trkpt>
      <trkpt lat="22.3817792167" lon="114.0440683092"><ele>228.000</ele></trkpt>
      <trkpt lat="22.3817825236" lon="114.0440748188"><ele>228.000</ele></trkpt>
      <trkpt lat="22.3817846399" lon="114.0440819557"><ele>229.000</ele></trkpt>
      <trkpt lat="22.3817872790" lon="114.0440956360"><ele>229.000</ele></trkpt>
      <trkpt lat="22.3817907711" lon="114.0441231720"><ele>229.000</ele></trkpt>
      <trkpt lat="22.3817916170" lon="114.0441393427"><ele>230.000</ele></trkpt>
      <trkpt lat="22.3817909512" lon="114.0441434614"><ele>230.000</ele></trkpt>
      <trkpt lat="22.3817896024" lon="114.0441461825"><ele>230.000</ele></trkpt>
      <trkpt lat="22.3817876385" lon="114.0441486663"><ele>230.000</ele></trkpt>
      <trkpt lat="22.3817845923" lon="114.0441516212"><ele>230.000</ele></trkpt>
      <trkpt lat="22.3817681084" lon="114.0441654011"><ele>232.000</ele></trkpt>
      <trkpt lat="22.3817566267" lon="114.0441738259"><ele>232.000</ele></trkpt>
      <trkpt lat="22.3817477629" lon="114.0441787963"><ele>230.000</ele></trkpt>
      <trkpt lat="22.3817421892" lon="114.0441809339"><ele>230.000</ele></trkpt>
      <trkpt lat="22.3817362514" lon="114.0441817747"><ele>230.000</ele></trkpt>
      <trkpt lat="22.3817134230" lon="114.0441804019"><ele>230.000</ele></trkpt>
      <trkpt lat="22.3816896474" lon="114.0441782095"><ele>232.000</ele></trkpt>
      <trkpt lat="22.3816679646" lon="114.0441753238"><ele>233.000</ele></trkpt>
      <trkpt lat="22.3815709168" lon="114.0441581413"><ele>234.000</ele></trkpt>
      <trkpt lat="22.3815374978" lon="114.0441528342"><ele>234.000</ele></trkpt>
      <trkpt lat="22.3815177361" lon="114.0441503011"><ele>234.000</ele></trkpt>
      <trkpt lat="22.3815127604" lon="114.0441504651"><ele>234.000</ele></trkpt>
      <trkpt lat="22.3815049919" lon="114.0441521465"><ele>234.000</ele></trkpt>
      <trkpt lat="22.3814635065" lon="114.0441639935"><ele>234.000</ele></trkpt>
      <trkpt lat="22.3814461223" lon="114.0441678145"><ele>234.000</ele></trkpt>
      <trkpt lat="22.3814412534" lon="114.0441683512"><ele>234.000</ele></trkpt>
      <trkpt lat="22.3814372852" lon="114.0441681219"><ele>234.000</ele></trkpt>
      <trkpt lat="22.3814323122" lon="114.0441671440"><ele>234.000</ele></trkpt>
      <trkpt lat="22.3814264590" lon="114.0441652793"><ele>234.000</ele></trkpt>
      <trkpt lat="22.3814032208" lon="114.0441554620"><ele>234.000</ele></trkpt>
      <trkpt lat="22.3813950918" lon="114.0441512972"><ele>234.000</ele></trkpt>
      <trkpt lat="22.3813873180" lon="114.0441465562"><ele>234.000</ele></trkpt>
      <trkpt lat="22.3813800241" lon="114.0441411215"><ele>234.000</ele></trkpt>
      <trkpt lat="22.3813682232" lon="114.0441314186"><ele>234.000</ele></trkpt>
      <trkpt lat="22.3813476220" lon="114.0441127809"><ele>236.000</ele></trkpt>
      <trkpt lat="22.3813280736" lon="114.0440928604"><ele>236.000</ele></trkpt>
      <trkpt lat="22.3813177675" lon="114.0440813383"><ele>236.000</ele></trkpt>
      <trkpt lat="22.3813119117" lon="114.0440741408"><ele>236.000</ele></trkpt>
      <trkpt lat="22.3813010373" lon="114.0440589216"><ele>236.000</ele></trkpt>
      <trkpt lat="22.3812764975" lon="114.0440211468"><ele>238.000</ele></trkpt>
      <trkpt lat="22.3812621711" lon="114.0440163286"><ele>238.000</ele></trkpt>
      <trkpt lat="22.3812519186" lon="114.0440226403"><ele>238.000</ele></trkpt>
      <trkpt lat="22.3812455944" lon="114.0440367785"><ele>236.000</ele></trkpt>
      <trkpt lat="22.3812447192" lon="114.0440509320"><ele>236.000</ele></trkpt>
      <trkpt lat="22.3812453750" lon="114.0440654880"><ele>236.000</ele></trkpt>
      <trkpt lat="22.3812469819" lon="114.0440802169"><ele>236.000</ele></trkpt>
      <trkpt lat="22.3812490420" lon="114.0440948415"><ele>236.000</ele></trkpt>
      <trkpt lat="22.3812513529" lon="114.0441091745"><ele>236.000</ele></trkpt>
      <trkpt lat="22.3812543013" lon="114.0441233836"><ele>236.000</ele></trkpt>
      <trkpt lat="22.3812575802" lon="114.0441375380"><ele>234.000</ele></trkpt>
      <trkpt lat="22.3812608428" lon="114.0441517002"><ele>234.000</ele></trkpt>
      <trkpt lat="22.3812637370" lon="114.0441659327"><ele>234.000</ele></trkpt>
      <trkpt lat="22.3812671353" lon="114.0441804249"><ele>232.000</ele></trkpt>
      <trkpt lat="22.3812711081" lon="114.0441951166"><ele>232.000</ele></trkpt>
      <trkpt lat="22.3812736522" lon="114.0442096407"><ele>232.000</ele></trkpt>
      <trkpt lat="22.3812727552" lon="114.0442236243"><ele>232.000</ele></trkpt>
      <trkpt lat="22.3812684369" lon="114.0442370528"><ele>232.000</ele></trkpt>
      <trkpt lat="22.3812632409" lon="114.0442503559"><ele>232.000</ele></trkpt>
      <trkpt lat="22.3812573566" lon="114.0442635674"><ele>232.000</ele></trkpt>
      <trkpt lat="22.3812509394" lon="114.0442767017"><ele>230.000</ele></trkpt>
      <trkpt lat="22.3812441357" lon="114.0442897810"><ele>230.000</ele></trkpt>
      <trkpt lat="22.3812370990" lon="114.0443028237"><ele>230.000</ele></trkpt>
      <trkpt lat="22.3812299792" lon="114.0443158519"><ele>232.000</ele></trkpt>
      <trkpt lat="22.3812229280" lon="114.0443288838"><ele>232.000</ele></trkpt>
      <trkpt lat="22.3812160954" lon="114.0443419389"><ele>232.000</ele></trkpt>
      <trkpt lat="22.3812096330" lon="114.0443550383"><ele>232.000</ele></trkpt>
      <trkpt lat="22.3812036927" lon="114.0443682023"><ele>232.000</ele></trkpt>
      <trkpt lat="22.3811984243" lon="114.0443814472"><ele>230.000</ele></trkpt>
      <trkpt lat="22.3811939796" lon="114.0443947971"><ele>230.000</ele></trkpt>
      <trkpt lat="22.3811905093" lon="114.0444082694"><ele>232.000</ele></trkpt>
      <trkpt lat="22.3811881626" lon="114.0444218883"><ele>232.000</ele></trkpt>
      <trkpt lat="22.3811870344" lon="114.0444358003"><ele>232.000</ele></trkpt>
      <trkpt lat="22.3811870406" lon="114.0444500112"><ele>232.000</ele></trkpt>
      <trkpt lat="22.3811880710" lon="114.0444644425"><ele>232.000</ele></trkpt>
      <trkpt lat="22.3811900155" lon="114.0444790216"><ele>230.000</ele></trkpt>
      <trkpt lat="22.3811927619" lon="114.0444936717"><ele>228.000</ele></trkpt>
      <trkpt lat="22.3811962000" lon="114.0445083173"><ele>228.000</ele></trkpt>
      <trkpt lat="22.3812002179" lon="114.0445228827"><ele>227.000</ele></trkpt>
      <trkpt lat="22.3812047034" lon="114.0445372924"><ele>227.000</ele></trkpt>
      <trkpt lat="22.3812095481" lon="114.0445514686"><ele>227.000</ele></trkpt>
      <trkpt lat="22.3812146400" lon="114.0445653397"><ele>227.000</ele></trkpt>
      <trkpt lat="22.3812198689" lon="114.0445788281"><ele>226.000</ele></trkpt>
      <trkpt lat="22.3812254207" lon="114.0445919627"><ele>226.000</ele></trkpt>
      <trkpt lat="22.3812316723" lon="114.0446048986"><ele>226.000</ele></trkpt>
      <trkpt lat="22.3812385179" lon="114.0446176592"><ele>222.000</ele></trkpt>
      <trkpt lat="22.3812458519" lon="114.0446302697"><ele>222.000</ele></trkpt>
      <trkpt lat="22.3812535616" lon="114.0446427556"><ele>222.000</ele></trkpt>
      <trkpt lat="22.3812615393" lon="114.0446551384"><ele>222.000</ele></trkpt>
      <trkpt lat="22.3812696723" lon="114.0446674413"><ele>219.000</ele></trkpt>
      <trkpt lat="22.3812778531" lon="114.0446796898"><ele>219.000</ele></trkpt>
      <trkpt lat="22.3812859707" lon="114.0446919054"><ele>216.000</ele></trkpt>
      <trkpt lat="22.3812939148" lon="114.0447041163"><ele>216.000</ele></trkpt>
      <trkpt lat="22.3813015773" lon="114.0447163411"><ele>213.000</ele></trkpt>
      <trkpt lat="22.3813088478" lon="114.0447286079"><ele>213.000</ele></trkpt>
      <trkpt lat="22.3813156145" lon="114.0447409374"><ele>213.000</ele></trkpt>
      <trkpt lat="22.3813217708" lon="114.0447533530"><ele>213.000</ele></trkpt>
      <trkpt lat="22.3813272048" lon="114.0447658828"><ele>212.000</ele></trkpt>
      <trkpt lat="22.3813318062" lon="114.0447785435"><ele>210.000</ele></trkpt>
      <trkpt lat="22.3813342774" lon="114.0447923763"><ele>210.000</ele></trkpt>
      <trkpt lat="22.3813329627" lon="114.0448080305"><ele>210.000</ele></trkpt>
      <trkpt lat="22.3813283718" lon="114.0448238431"><ele>210.000</ele></trkpt>
      <trkpt lat="22.3813210390" lon="114.0448381221"><ele>210.000</ele></trkpt>
      <trkpt lat="22.3813114964" lon="114.0448491814"><ele>210.000</ele></trkpt>
      <trkpt lat="22.3813003403" lon="114.0448560667"><ele>210.000</ele></trkpt>
      <trkpt lat="22.3812882603" lon="114.0448616382"><ele>210.000</ele></trkpt>
      <trkpt lat="22.3812754301" lon="114.0448664879"><ele>210.000</ele></trkpt>
      <trkpt lat="22.3812619636" lon="114.0448707149"><ele>210.000</ele></trkpt>
      <trkpt lat="22.3812479730" lon="114.0448744277"><ele>210.000</ele></trkpt>
      <trkpt lat="22.3812335720" lon="114.0448777301"><ele>213.000</ele></trkpt>
      <trkpt lat="22.3812188746" lon="114.0448807202"><ele>213.000</ele></trkpt>
      <trkpt lat="22.3812039928" lon="114.0448835074"><ele>213.000</ele></trkpt>
      <trkpt lat="22.3811890404" lon="114.0448861938"><ele>216.000</ele></trkpt>
      <trkpt lat="22.3811741324" lon="114.0448888820"><ele>216.000</ele></trkpt>
      <trkpt lat="22.3811593779" lon="114.0448916779"><ele>216.000</ele></trkpt>
      <trkpt lat="22.3811448936" lon="114.0448946833"><ele>221.000</ele></trkpt>
      <trkpt lat="22.3811307906" lon="114.0448980020"><ele>221.000</ele></trkpt>
      <trkpt lat="22.3811171847" lon="114.0449017377"><ele>221.000</ele></trkpt>
      <trkpt lat="22.3811041861" lon="114.0449059953"><ele>221.000</ele></trkpt>
      <trkpt lat="22.3810919104" lon="114.0449108775"><ele>222.000</ele></trkpt>
      <trkpt lat="22.3810804715" lon="114.0449164872"><ele>222.000</ele></trkpt>
      <trkpt lat="22.3810699797" lon="114.0449229311"><ele>222.000</ele></trkpt>
      <trkpt lat="22.3810605488" lon="114.0449303100"><ele>222.000</ele></trkpt>
      <trkpt lat="22.3810522945" lon="114.0449387269"><ele>227.000</ele></trkpt>
      <trkpt lat="22.3810453199" lon="114.0449482650"><ele>227.000</ele></trkpt>
      <trkpt lat="22.3810396086" lon="114.0449588273"><ele>225.000</ele></trkpt>
      <trkpt lat="22.3810350549" lon="114.0449703149"><ele>225.000</ele></trkpt>
      <trkpt lat="22.3810315421" lon="114.0449826502"><ele>225.000</ele></trkpt>
      <trkpt lat="22.3810289646" lon="114.0449957459"><ele>225.000</ele></trkpt>
      <trkpt lat="22.3810272077" lon="114.0450095186"><ele>223.000</ele></trkpt>
      <trkpt lat="22.3810261628" lon="114.0450238849"><ele>223.000</ele></trkpt>
      <trkpt lat="22.3810257180" lon="114.0450387633"><ele>223.000</ele></trkpt>
      <trkpt lat="22.3810257630" lon="114.0450540685"><ele>221.000</ele></trkpt>
      <trkpt lat="22.3810261839" lon="114.0450697171"><ele>221.000</ele></trkpt>
      <trkpt lat="22.3810268723" lon="114.0450856256"><ele>221.000</ele></trkpt>
      <trkpt lat="22.3810277171" lon="114.0451017108"><ele>219.000</ele></trkpt>
      <trkpt lat="22.3810286054" lon="114.0451178891"><ele>219.000</ele></trkpt>
      <trkpt lat="22.3810294277" lon="114.0451340753"><ele>219.000</ele></trkpt>
      <trkpt lat="22.3810300711" lon="114.0451501898"><ele>219.000</ele></trkpt>
      <trkpt lat="22.3810304273" lon="114.0451661433"><ele>218.000</ele></trkpt>
      <trkpt lat="22.3810303823" lon="114.0451818584"><ele>218.000</ele></trkpt>
      <trkpt lat="22.3810298277" lon="114.0451972477"><ele>218.000</ele></trkpt>
      <trkpt lat="22.3810286514" lon="114.0452122277"><ele>217.000</ele></trkpt>
      <trkpt lat="22.3810267415" lon="114.0452267172"><ele>217.000</ele></trkpt>
      <trkpt lat="22.3810239049" lon="114.0452409084"><ele>217.000</ele></trkpt>
      <trkpt lat="22.3810196618" lon="114.0452558526"><ele>215.000</ele></trkpt>
      <trkpt lat="22.3810139921" lon="114.0452708951"><ele>215.000</ele></trkpt>
      <trkpt lat="22.3810069436" lon="114.0452851447"><ele>219.000</ele></trkpt>
      <trkpt lat="22.3809985609" lon="114.0452977079"><ele>216.000</ele></trkpt>
      <trkpt lat="22.3809888919" lon="114.0453076952"><ele>216.000</ele></trkpt>
      <trkpt lat="22.3809779829" lon="114.0453142113"><ele>216.000</ele></trkpt>
      <trkpt lat="22.3809655524" lon="114.0453175662"><ele>221.000</ele></trkpt>
      <trkpt lat="22.3809512930" lon="114.0453194877"><ele>221.000</ele></trkpt>
      <trkpt lat="22.3809355715" lon="114.0453202210"><ele>221.000</ele></trkpt>
      <trkpt lat="22.3809187619" lon="114.0453199892"><ele>224.000</ele></trkpt>
      <trkpt lat="22.3809012419" lon="114.0453190065"><ele>224.000</ele></trkpt>
      <trkpt lat="22.3808833856" lon="114.0453174988"><ele>224.000</ele></trkpt>
      <trkpt lat="22.3808655669" lon="114.0453156861"><ele>226.000</ele></trkpt>
      <trkpt lat="22.3808481618" lon="114.0453137857"><ele>226.000</ele></trkpt>
      <trkpt lat="22.3808315478" lon="114.0453120185"><ele>226.000</ele></trkpt>
      <trkpt lat="22.3808160973" lon="114.0453106066"><ele>228.000</ele></trkpt>
      <trkpt lat="22.3808021860" lon="114.0453097681"><ele>228.000</ele></trkpt>
      <trkpt lat="22.3807901917" lon="114.0453097259"><ele>228.000</ele></trkpt>
      <trkpt lat="22.3807804874" lon="114.0453106973"><ele>230.000</ele></trkpt>
      <trkpt lat="22.3807734463" lon="114.0453129043"><ele>230.000</ele></trkpt>
      <trkpt lat="22.3807694469" lon="114.0453165668"><ele>230.000</ele></trkpt>
      <trkpt lat="22.3807687106" lon="114.0453217664"><ele>230.000</ele></trkpt>
      <trkpt lat="22.3807705506" lon="114.0453278724"><ele>230.000</ele></trkpt>
      <trkpt lat="22.3807746380" lon="114.0453347278"><ele>230.000</ele></trkpt>
      <trkpt lat="22.3807807397" lon="114.0453422669"><ele>230.000</ele></trkpt>
      <trkpt lat="22.3807886281" lon="114.0453504345"><ele>228.000</ele></trkpt>
      <trkpt lat="22.3807980721" lon="114.0453591639"><ele>228.000</ele></trkpt>
      <trkpt lat="22.3808088395" lon="114.0453683979"><ele>228.000</ele></trkpt>
      <trkpt lat="22.3808206981" lon="114.0453780717"><ele>228.000</ele></trkpt>
      <trkpt lat="22.3808334221" lon="114.0453881292"><ele>226.000</ele></trkpt>
      <trkpt lat="22.3808467749" lon="114.0453985046"><ele>224.000</ele></trkpt>
      <trkpt lat="22.3808605280" lon="114.0454091380"><ele>224.000</ele></trkpt>
      <trkpt lat="22.3808744528" lon="114.0454199693"><ele>224.000</ele></trkpt>
      <trkpt lat="22.3808883163" lon="114.0454309366"><ele>220.000</ele></trkpt>
      <trkpt lat="22.3809018891" lon="114.0454419799"><ele>219.000</ele></trkpt>
      <trkpt lat="22.3809149381" lon="114.0454530372"><ele>219.000</ele></trkpt>
      <trkpt lat="22.3809272340" lon="114.0454640468"><ele>216.000</ele></trkpt>
      <trkpt lat="22.3809385472" lon="114.0454749485"><ele>216.000</ele></trkpt>
      <trkpt lat="22.3809486448" lon="114.0454856805"><ele>216.000</ele></trkpt>
      <trkpt lat="22.3809574208" lon="114.0454968992"><ele>214.000</ele></trkpt>
      <trkpt lat="22.3809648792" lon="114.0455114847"><ele>214.000</ele></trkpt>
      <trkpt lat="22.3809698573" lon="114.0455277291"><ele>212.000</ele></trkpt>
      <trkpt lat="22.3809710529" lon="114.0455432818"><ele>210.000</ele></trkpt>
      <trkpt lat="22.3809671637" lon="114.0455557844"><ele>210.000</ele></trkpt>
      <trkpt lat="22.3809589462" lon="114.0455649819"><ele>213.000</ele></trkpt>
      <trkpt lat="22.3809494078" lon="114.0455734504"><ele>213.000</ele></trkpt>
      <trkpt lat="22.3809387961" lon="114.0455813567"><ele>213.000</ele></trkpt>
      <trkpt lat="22.3809273136" lon="114.0455888220"><ele>211.000</ele></trkpt>
      <trkpt lat="22.3809151571" lon="114.0455959616"><ele>214.000</ele></trkpt>
      <trkpt lat="22.3809025254" lon="114.0456029007"><ele>214.000</ele></trkpt>
      <trkpt lat="22.3808896210" lon="114.0456097547"><ele>214.000</ele></trkpt>
      <trkpt lat="22.3808766407" lon="114.0456166417"><ele>214.000</ele></trkpt>
      <trkpt lat="22.3808637851" lon="114.0456236859"><ele>217.000</ele></trkpt>
      <trkpt lat="22.3808512513" lon="114.0456310016"><ele>217.000</ele></trkpt>
      <trkpt lat="22.3808392434" lon="114.0456387111"><ele>215.000</ele></trkpt>
      <trkpt lat="22.3808279565" lon="114.0456469327"><ele>220.000</ele></trkpt>
      <trkpt lat="22.3808175912" lon="114.0456557845"><ele>220.000</ele></trkpt>
      <trkpt lat="22.3808087819" lon="114.0456657710"><ele>220.000</ele></trkpt>
      <trkpt lat="22.3808034011" lon="114.0456785546"><ele>220.000</ele></trkpt>
      <trkpt lat="22.3808003697" lon="114.0456932937"><ele>218.000</ele></trkpt>
      <trkpt lat="22.3807981969" lon="114.0457087874"><ele>218.000</ele></trkpt>
      <trkpt lat="22.3807953898" lon="114.0457238330"><ele>218.000</ele></trkpt>
      <trkpt lat="22.3807904591" lon="114.0457372319"><ele>214.000</ele></trkpt>
      <trkpt lat="22.3807825682" lon="114.0457483264"><ele>219.000</ele></trkpt>
      <trkpt lat="22.3807728467" lon="114.0457580477"><ele>219.000</ele></trkpt>
      <trkpt lat="22.3807619197" lon="114.0457668689"><ele>219.000</ele></trkpt>
      <trkpt lat="22.3807503692" lon="114.0457752218"><ele>219.000</ele></trkpt>
      <trkpt lat="22.3807387699" lon="114.0457835378"><ele>220.000</ele></trkpt>
      <trkpt lat="22.3807277038" lon="114.0457922543"><ele>220.000</ele></trkpt>
      <trkpt lat="22.3807054148" lon="114.0458213980"><ele>220.000</ele></trkpt>
      <trkpt lat="22.3806974974" lon="114.0458310107"><ele>217.000</ele></trkpt>
      <trkpt lat="22.3806882090" lon="114.0458404480"><ele>221.000</ele></trkpt>
      <trkpt lat="22.3806771338" lon="114.0458491452"><ele>221.000</ele></trkpt>
      <trkpt lat="22.3806644852" lon="114.0458574048"><ele>221.000</ele></trkpt>
      <trkpt lat="22.3806495032" lon="114.0458658823"><ele>224.000</ele></trkpt>
      <trkpt lat="22.3806009757" lon="114.0458912402"><ele>224.000</ele></trkpt>
      <trkpt lat="22.3805684465" lon="114.0459074478"><ele>224.000</ele></trkpt>
      <trkpt lat="22.3805542114" lon="114.0459149574"><ele>228.000</ele></trkpt>
      <trkpt lat="22.3805455734" lon="114.0459200701"><ele>228.000</ele></trkpt>
      <trkpt lat="22.3805412857" lon="114.0459245864"><ele>228.000</ele></trkpt>
      <trkpt lat="22.3805338773" lon="114.0459360262"><ele>224.000</ele></trkpt>
      <trkpt lat="22.3805248285" lon="114.0459513874"><ele>224.000</ele></trkpt>
      <trkpt lat="22.3805152812" lon="114.0459688989"><ele>228.000</ele></trkpt>
      <trkpt lat="22.3805123364" lon="114.0459756891"><ele>228.000</ele></trkpt>
      <trkpt lat="22.3805084477" lon="114.0459900444"><ele>225.000</ele></trkpt>
      <trkpt lat="22.3804966426" lon="114.0460430322"><ele>222.000</ele></trkpt>
      <trkpt lat="22.3804912201" lon="114.0460647124"><ele>222.000</ele></trkpt>
      <trkpt lat="22.3804760513" lon="114.0461080310"><ele>220.000</ele></trkpt>
      <trkpt lat="22.3804693462" lon="114.0461247990"><ele>221.000</ele></trkpt>
      <trkpt lat="22.3804622595" lon="114.0461387106"><ele>221.000</ele></trkpt>
      <trkpt lat="22.3804584210" lon="114.0461447879"><ele>221.000</ele></trkpt>
      <trkpt lat="22.3804536185" lon="114.0461514283"><ele>221.000</ele></trkpt>
      <trkpt lat="22.3804422725" lon="114.0461647108"><ele>221.000</ele></trkpt>
      <trkpt lat="22.3804260883" lon="114.0461807652"><ele>220.000</ele></trkpt>
      <trkpt lat="22.3803966584" lon="114.0462083171"><ele>222.000</ele></trkpt>
      <trkpt lat="22.3803704423" lon="114.0462299720"><ele>222.000</ele></trkpt>
      <trkpt lat="22.3803611835" lon="114.0462380750"><ele>222.000</ele></trkpt>
      <trkpt lat="22.3803525176" lon="114.0462467368"><ele>222.000</ele></trkpt>
      <trkpt lat="22.3803459515" lon="114.0462545752"><ele>222.000</ele></trkpt>
      <trkpt lat="22.3803393794" lon="114.0462638001"><ele>222.000</ele></trkpt>
      <trkpt lat="22.3803322419" lon="114.0462752823"><ele>223.000</ele></trkpt>
      <trkpt lat="22.3803062143" lon="114.0463236166"><ele>222.000</ele></trkpt>
      <trkpt lat="22.3802723482" lon="114.0463808372"><ele>222.000</ele></trkpt>
      <trkpt lat="22.3802649036" lon="114.0463922264"><ele>222.000</ele></trkpt>
      <trkpt lat="22.3802576015" lon="114.0464022638"><ele>222.000</ele></trkpt>
      <trkpt lat="22.3802504355" lon="114.0464109339"><ele>222.000</ele></trkpt>
      <trkpt lat="22.3802434537" lon="114.0464182890"><ele>222.000</ele></trkpt>
      <trkpt lat="22.3802306125" lon="114.0464297706"><ele>222.000</ele></trkpt>
      <trkpt lat="22.3802159920" lon="114.0464408335"><ele>222.000</ele></trkpt>
      <trkpt lat="22.3802006936" lon="114.0464511201"><ele>222.000</ele></trkpt>
      <trkpt lat="22.3801653409" lon="114.0464735466"><ele>222.000</ele></trkpt>
      <trkpt lat="22.3801479474" lon="114.0464838206"><ele>222.000</ele></trkpt>
      <trkpt lat="22.3801070832" lon="114.0465059046"><ele>222.000</ele></trkpt>
      <trkpt lat="22.3800861010" lon="114.0465163004"><ele>222.000</ele></trkpt>
      <trkpt lat="22.3800804599" lon="114.0465188167"><ele>222.000</ele></trkpt>
      <trkpt lat="22.3800759864" lon="114.0465213319"><ele>222.000</ele></trkpt>
      <trkpt lat="22.3800750193" lon="114.0465247984"><ele>222.000</ele></trkpt>
      <trkpt lat="22.3800827266" lon="114.0465525681"><ele>222.000</ele></trkpt>
      <trkpt lat="22.3800902192" lon="114.0465648600"><ele>220.000</ele></trkpt>
      <trkpt lat="22.3801002831" lon="114.0465742258"><ele>220.000</ele></trkpt>
      <trkpt lat="22.3801120632" lon="114.0465817732"><ele>219.000</ele></trkpt>
      <trkpt lat="22.3801232551" lon="114.0465901057"><ele>219.000</ele></trkpt>
      <trkpt lat="22.3801342037" lon="114.0465990716"><ele>219.000</ele></trkpt>
      <trkpt lat="22.3801450532" lon="114.0466083930"><ele>219.000</ele></trkpt>
      <trkpt lat="22.3801558595" lon="114.0466178581"><ele>218.000</ele></trkpt>
      <trkpt lat="22.3801666784" lon="114.0466272659"><ele>218.000</ele></trkpt>
      <trkpt lat="22.3801775675" lon="114.0466364018"><ele>218.000</ele></trkpt>
      <trkpt lat="22.3801885827" lon="114.0466450627"><ele>218.000</ele></trkpt>
      <trkpt lat="22.3801997797" lon="114.0466530379"><ele>218.000</ele></trkpt>
      <trkpt lat="22.3802112144" lon="114.0466601235"><ele>218.000</ele></trkpt>
      <trkpt lat="22.3802229426" lon="114.0466661096"><ele>218.000</ele></trkpt>
      <trkpt lat="22.3802352813" lon="114.0466698666"><ele>218.000</ele></trkpt>
      <trkpt lat="22.3802488266" lon="114.0466692588"><ele>218.000</ele></trkpt>
      <trkpt lat="22.3802630706" lon="114.0466660742"><ele>218.000</ele></trkpt>
      <trkpt lat="22.3802774279" lon="114.0466623632"><ele>218.000</ele></trkpt>
      <trkpt lat="22.3802913151" lon="114.0466601772"><ele>218.000</ele></trkpt>
      <trkpt lat="22.3803041468" lon="114.0466615664"><ele>218.000</ele></trkpt>
      <trkpt lat="22.3803156783" lon="114.0466677294"><ele>218.000</ele></trkpt>
      <trkpt lat="22.3803267262" lon="114.0466767078"><ele>218.000</ele></trkpt>
      <trkpt lat="22.3803374380" lon="114.0466877121"><ele>218.000</ele></trkpt>
      <trkpt lat="22.3803478854" lon="114.0467001071"><ele>218.000</ele></trkpt>
      <trkpt lat="22.3803581438" lon="114.0467132626"><ele>220.000</ele></trkpt>
      <trkpt lat="22.3803682840" lon="114.0467265523"><ele>220.000</ele></trkpt>
      <trkpt lat="22.3803783787" lon="114.0467393409"><ele>220.000</ele></trkpt>
      <trkpt lat="22.3803885022" lon="114.0467509992"><ele>221.000</ele></trkpt>
      <trkpt lat="22.3803987291" lon="114.0467608960"><ele>224.000</ele></trkpt>
      <trkpt lat="22.3804091311" lon="114.0467684021"><ele>224.000</ele></trkpt>
      <trkpt lat="22.3804197816" lon="114.0467728880"><ele>224.000</ele></trkpt>
      <trkpt lat="22.3804307544" lon="114.0467737187"><ele>224.000</ele></trkpt>
      <trkpt lat="22.3804420260" lon="114.0467711311"><ele>224.000</ele></trkpt>
      <trkpt lat="22.3804533276" lon="114.0467676249"><ele>224.000</ele></trkpt>
      <trkpt lat="22.3804646376" lon="114.0467634488"><ele>224.000</ele></trkpt>
      <trkpt lat="22.3804759562" lon="114.0467586414"><ele>224.000</ele></trkpt>
      <trkpt lat="22.3804872879" lon="114.0467532476"><ele>224.000</ele></trkpt>
      <trkpt lat="22.3804986317" lon="114.0467473099"><ele>221.000</ele></trkpt>
      <trkpt lat="22.3805099888" lon="114.0467408673"><ele>221.000</ele></trkpt>
      <trkpt lat="22.3805213635" lon="114.0467339654"><ele>222.000</ele></trkpt>
      <trkpt lat="22.3805327559" lon="114.0467266441"><ele>222.000</ele></trkpt>
      <trkpt lat="22.3805441679" lon="114.0467189449"><ele>222.000</ele></trkpt>
      <trkpt lat="22.3805556022" lon="114.0467109117"><ele>222.000</ele></trkpt>
      <trkpt lat="22.3805670561" lon="114.0467025853"><ele>220.000</ele></trkpt>
      <trkpt lat="22.3805785369" lon="114.0466940102"><ele>220.000</ele></trkpt>
      <trkpt lat="22.3805900410" lon="114.0466852254"><ele>220.000</ele></trkpt>
      <trkpt lat="22.3806015757" lon="114.0466762735"><ele>220.000</ele></trkpt>
      <trkpt lat="22.3806131365" lon="114.0466671973"><ele>222.000</ele></trkpt>
      <trkpt lat="22.3806247288" lon="114.0466580405"><ele>222.000</ele></trkpt>
      <trkpt lat="22.3806363545" lon="114.0466488409"><ele>218.000</ele></trkpt>
      <trkpt lat="22.3806480127" lon="114.0466396443"><ele>218.000</ele></trkpt>
      <trkpt lat="22.3806597080" lon="114.0466304912"><ele>221.000</ele></trkpt>
      <trkpt lat="22.3806714376" lon="114.0466214236"><ele>221.000</ele></trkpt>
      <trkpt lat="22.3806832080" lon="114.0466124851"><ele>221.000</ele></trkpt>
      <trkpt lat="22.3806950192" lon="114.0466037155"><ele>217.000</ele></trkpt>
      <trkpt lat="22.3807068703" lon="114.0465951595"><ele>218.000</ele></trkpt>
      <trkpt lat="22.3807187658" lon="114.0465868559"><ele>218.000</ele></trkpt>
      <trkpt lat="22.3807307067" lon="114.0465788504"><ele>218.000</ele></trkpt>
      <trkpt lat="22.3807426949" lon="114.0465711808"><ele>220.000</ele></trkpt>
      <trkpt lat="22.3807547303" lon="114.0465638928"><ele>220.000</ele></trkpt>
      <trkpt lat="22.3807668166" lon="114.0465570281"><ele>218.000</ele></trkpt>
      <trkpt lat="22.3807789539" lon="114.0465506022"><ele>218.000</ele></trkpt>
      <trkpt lat="22.3807911346" lon="114.0465443123"><ele>219.000</ele></trkpt>
      <trkpt lat="22.3808033568" lon="114.0465380650"><ele>219.000</ele></trkpt>
      <trkpt lat="22.3808156189" lon="114.0465318643"><ele>219.000</ele></trkpt>
      <trkpt lat="22.3808279216" lon="114.0465257111"><ele>219.000</ele></trkpt>
      <trkpt lat="22.3808402587" lon="114.0465196065"><ele>221.000</ele></trkpt>
      <trkpt lat="22.3808526347" lon="114.0465135552"><ele>221.000</ele></trkpt>
      <trkpt lat="22.3808650468" lon="114.0465075622"><ele>218.000</ele></trkpt>
      <trkpt lat="22.3808774933" lon="114.0465016283"><ele>220.000</ele></trkpt>
      <trkpt lat="22.3808899723" lon="114.0464957527"><ele>220.000</ele></trkpt>
      <trkpt lat="22.3809024839" lon="114.0464899441"><ele>220.000</ele></trkpt>
      <trkpt lat="22.3809150290" lon="114.0464842033"><ele>220.000</ele></trkpt>
      <trkpt lat="22.3809276012" lon="114.0464785306"><ele>220.000</ele></trkpt>
      <trkpt lat="22.3809402060" lon="114.0464729335"><ele>220.000</ele></trkpt>
      <trkpt lat="22.3809528361" lon="114.0464674112"><ele>220.000</ele></trkpt>
      <trkpt lat="22.3809654943" lon="114.0464619646"><ele>220.000</ele></trkpt>
      <trkpt lat="22.3809781779" lon="114.0464566005"><ele>218.000</ele></trkpt>
      <trkpt lat="22.3809908868" lon="114.0464513228"><ele>218.000</ele></trkpt>
      <trkpt lat="22.3810036192" lon="114.0464461286"><ele>218.000</ele></trkpt>
      <trkpt lat="22.3810163752" lon="114.0464410276"><ele>219.000</ele></trkpt>
      <trkpt lat="22.3810291511" lon="114.0464360159"><ele>219.000</ele></trkpt>
      <trkpt lat="22.3810419488" lon="114.0464311003"><ele>219.000</ele></trkpt>
      <trkpt lat="22.3810547665" lon="114.0464262818"><ele>219.000</ele></trkpt>
      <trkpt lat="22.3810676031" lon="114.0464215643"><ele>219.000</ele></trkpt>
      <trkpt lat="22.3810804543" lon="114.0464169516"><ele>219.000</ele></trkpt>
      <trkpt lat="22.3810933237" lon="114.0464124438"><ele>216.000</ele></trkpt>
      <trkpt lat="22.3811062067" lon="114.0464080457"><ele>216.000</ele></trkpt>
      <trkpt lat="22.3811191033" lon="114.0464037582"><ele>216.000</ele></trkpt>
      <trkpt lat="22.3811320154" lon="114.0463995863"><ele>216.000</ele></trkpt>
      <trkpt lat="22.3811449366" lon="114.0463955329"><ele>216.000</ele></trkpt>
      <trkpt lat="22.3811578705" lon="114.0463915979"><ele>216.000</ele></trkpt>
      <trkpt lat="22.3811708136" lon="114.0463877872"><ele>216.000</ele></trkpt>
      <trkpt lat="22.3811837838" lon="114.0463841008"><ele>216.000</ele></trkpt>
      <trkpt lat="22.3811970125" lon="114.0463805539"><ele>216.000</ele></trkpt>
      <trkpt lat="22.3812105266" lon="114.0463771777"><ele>216.000</ele></trkpt>
      <trkpt lat="22.3812242757" lon="114.0463740110"><ele>216.000</ele></trkpt>
      <trkpt lat="22.3812382129" lon="114.0463710878"><ele>216.000</ele></trkpt>
      <trkpt lat="22.3812522875" lon="114.0463684461"><ele>216.000</ele></trkpt>
      <trkpt lat="22.3812664491" lon="114.0463661219"><ele>216.000</ele></trkpt>
      <trkpt lat="22.3812806507" lon="114.0463641511"><ele>216.000</ele></trkpt>
      <trkpt lat="22.3812948399" lon="114.0463625706"><ele>211.000</ele></trkpt>
      <trkpt lat="22.3813089708" lon="114.0463614175"><ele>211.000</ele></trkpt>
      <trkpt lat="22.3813229902" lon="114.0463607266"><ele>211.000</ele></trkpt>
      <trkpt lat="22.3813368518" lon="114.0463605350"><ele>211.000</ele></trkpt>
      <trkpt lat="22.3813505044" lon="114.0463608777"><ele>211.000</ele></trkpt>
      <trkpt lat="22.3813638992" lon="114.0463617954"><ele>211.000</ele></trkpt>
      <trkpt lat="22.3813769857" lon="114.0463633194"><ele>211.000</ele></trkpt>
      <trkpt lat="22.3813897168" lon="114.0463654884"><ele>214.000</ele></trkpt>
      <trkpt lat="22.3814020412" lon="114.0463683395"><ele>214.000</ele></trkpt>
      <trkpt lat="22.3814139093" lon="114.0463719077"><ele>214.000</ele></trkpt>
      <trkpt lat="22.3814247749" lon="114.0463775955"><ele>214.000</ele></trkpt>
      <trkpt lat="22.3814343172" lon="114.0463863491"><ele>214.000</ele></trkpt>
      <trkpt lat="22.3814428294" lon="114.0463975216"><ele>214.000</ele></trkpt>
      <trkpt lat="22.3814506006" lon="114.0464104678"><ele>214.000</ele></trkpt>
      <trkpt lat="22.3814579231" lon="114.0464245428"><ele>219.000</ele></trkpt>
      <trkpt lat="22.3814650888" lon="114.0464391005"><ele>219.000</ele></trkpt>
      <trkpt lat="22.3814723880" lon="114.0464534979"><ele>219.000</ele></trkpt>
      <trkpt lat="22.3814801128" lon="114.0464670860"><ele>222.000</ele></trkpt>
      <trkpt lat="22.3814885553" lon="114.0464792218"><ele>222.000</ele></trkpt>
      <trkpt lat="22.3814980057" lon="114.0464892592"><ele>222.000</ele></trkpt>
      <trkpt lat="22.3815087560" lon="114.0464965533"><ele>222.000</ele></trkpt>
      <trkpt lat="22.3815207505" lon="114.0465012118"><ele>220.000</ele></trkpt>
      <trkpt lat="22.3815330245" lon="114.0465052971"><ele>220.000</ele></trkpt>
      <trkpt lat="22.3815454913" lon="114.0465090025"><ele>220.000</ele></trkpt>
      <trkpt lat="22.3815581386" lon="114.0465123505"><ele>223.000</ele></trkpt>
      <trkpt lat="22.3815709517" lon="114.0465153653"><ele>223.000</ele></trkpt>
      <trkpt lat="22.3815839217" lon="114.0465180711"><ele>223.000</ele></trkpt>
      <trkpt lat="22.3815970359" lon="114.0465204903"><ele>223.000</ele></trkpt>
      <trkpt lat="22.3816102845" lon="114.0465226473"><ele>221.000</ele></trkpt>
      <trkpt lat="22.3816236503" lon="114.0465245652"><ele>221.000</ele></trkpt>
      <trkpt lat="22.3816371252" lon="114.0465262694"><ele>221.000</ele></trkpt>
      <trkpt lat="22.3816506974" lon="114.0465277813"><ele>221.000</ele></trkpt>
      <trkpt lat="22.3816643527" lon="114.0465291242"><ele>221.000</ele></trkpt>
      <trkpt lat="22.3816780818" lon="114.0465303252"><ele>221.000</ele></trkpt>
      <trkpt lat="22.3816918732" lon="114.0465314037"><ele>221.000</ele></trkpt>
      <trkpt lat="22.3817057114" lon="114.0465323852"><ele>221.000</ele></trkpt>
      <trkpt lat="22.3817195866" lon="114.0465332947"><ele>221.000</ele></trkpt>
      <trkpt lat="22.3817334870" lon="114.0465341538"><ele>221.000</ele></trkpt>
      <trkpt lat="22.3817474028" lon="114.0465349866"><ele>220.000</ele></trkpt>
      <trkpt lat="22.3817613168" lon="114.0465358155"><ele>220.000</ele></trkpt>
      <trkpt lat="22.3817752209" lon="114.0465366668"><ele>220.000</ele></trkpt>
      <trkpt lat="22.3817891033" lon="114.0465375627"><ele>220.000</ele></trkpt>
      <trkpt lat="22.3818029514" lon="114.0465385267"><ele>220.000</ele></trkpt>
      <trkpt lat="22.3818167536" lon="114.0465395820"><ele>220.000</ele></trkpt>
      <trkpt lat="22.3818304963" lon="114.0465407538"><ele>218.000</ele></trkpt>
      <trkpt lat="22.3818441695" lon="114.0465420636"><ele>218.000</ele></trkpt>
      <trkpt lat="22.3818577616" lon="114.0465435366"><ele>218.000</ele></trkpt>
      <trkpt lat="22.3818712581" lon="114.0465451962"><ele>218.000</ele></trkpt>
      <trkpt lat="22.3819118831" lon="114.0465590577"><ele>216.000</ele></trkpt>
      <trkpt lat="22.3819470840" lon="114.0465859059"><ele>215.000</ele></trkpt>
      <trkpt lat="22.3819471554" lon="114.0465859602"><ele>215.000</ele></trkpt>
      <trkpt lat="22.3819290036" lon="114.0465954990"><ele>215.000</ele></trkpt>
      <trkpt lat="22.3819097287" lon="114.0466132858"><ele>214.000</ele></trkpt>
      <trkpt lat="22.3818893547" lon="114.0466364055"><ele>214.000</ele></trkpt>
      <trkpt lat="22.3818777819" lon="114.0466530014"><ele>214.000</ele></trkpt>
      <trkpt lat="22.3818469466" lon="114.0466802674"><ele>214.000</ele></trkpt>
      <trkpt lat="22.3818309645" lon="114.0467051697"><ele>213.000</ele></trkpt>
      <trkpt lat="22.3818232459" lon="114.0467306664"><ele>214.000</ele></trkpt>
      <trkpt lat="22.3818127641" lon="114.0467923266"><ele>212.000</ele></trkpt>
      <trkpt lat="22.3818033909" lon="114.0468154458"><ele>211.000</ele></trkpt>
      <trkpt lat="22.3817813656" lon="114.0468379747"><ele>211.000</ele></trkpt>
      <trkpt lat="22.3817505212" lon="114.0468652406"><ele>210.000</ele></trkpt>
      <trkpt lat="22.3817378562" lon="114.0468824299"><ele>210.000</ele></trkpt>
      <trkpt lat="22.3817306874" lon="114.0469067433"><ele>210.000</ele></trkpt>
      <trkpt lat="22.3817383787" lon="114.0469393529"><ele>210.000</ele></trkpt>
      <trkpt lat="22.3817378141" lon="114.0469672219"><ele>208.000</ele></trkpt>
      <trkpt lat="22.3817317489" lon="114.0469939026"><ele>210.000</ele></trkpt>
      <trkpt lat="22.3817168714" lon="114.0470223588"><ele>208.000</ele></trkpt>
      <trkpt lat="22.3816992444" lon="114.0470454865"><ele>208.000</ele></trkpt>
      <trkpt lat="22.3816717170" lon="114.0470650384"><ele>209.000</ele></trkpt>
      <trkpt lat="22.3816100411" lon="114.0470928942"><ele>210.000</ele></trkpt>
      <trkpt lat="22.3815819624" lon="114.0471005913"><ele>211.000</ele></trkpt>
      <trkpt lat="22.3815577416" lon="114.0470994000"><ele>211.000</ele></trkpt>
      <trkpt lat="22.3815373797" lon="114.0470905029"><ele>214.000</ele></trkpt>
      <trkpt lat="22.3815082078" lon="114.0470750819"><ele>217.000</ele></trkpt>
      <trkpt lat="22.3814839966" lon="114.0470632190"><ele>217.000</ele></trkpt>
      <trkpt lat="22.3814553684" lon="114.0470614268"><ele>218.000</ele></trkpt>
      <trkpt lat="22.3814338986" lon="114.0470673506"><ele>218.000</ele></trkpt>
      <trkpt lat="22.3813942480" lon="114.0470928379"><ele>220.000</ele></trkpt>
      <trkpt lat="22.3813645111" lon="114.0471070618"><ele>221.000</ele></trkpt>
      <trkpt lat="22.3813342328" lon="114.0471082338"><ele>221.000</ele></trkpt>
      <trkpt lat="22.3813061593" lon="114.0471111923"><ele>222.000</ele></trkpt>
      <trkpt lat="22.3812786357" lon="114.0471129656"><ele>222.000</ele></trkpt>
      <trkpt lat="22.3812472490" lon="114.0471171119"><ele>222.000</ele></trkpt>
      <trkpt lat="22.3812125681" lon="114.0471236285"><ele>223.000</ele></trkpt>
      <trkpt lat="22.3811674245" lon="114.0471348760"><ele>224.000</ele></trkpt>
      <trkpt lat="22.3811426420" lon="114.0471425797"><ele>222.000</ele></trkpt>
      <trkpt lat="22.3811211689" lon="114.0471579903"><ele>222.000</ele></trkpt>
      <trkpt lat="22.3810644478" lon="114.0471911839"><ele>221.000</ele></trkpt>
      <trkpt lat="22.3810286646" lon="114.0472083633"><ele>222.000</ele></trkpt>
      <trkpt lat="22.3809978250" lon="114.0472190343"><ele>222.000</ele></trkpt>
      <trkpt lat="22.3809570907" lon="114.0472219851"><ele>223.000</ele></trkpt>
      <trkpt lat="22.3809312183" lon="114.0472219780"><ele>223.000</ele></trkpt>
      <trkpt lat="22.3809031358" lon="114.0472261211"><ele>224.000</ele></trkpt>
      <trkpt lat="22.3808827683" lon="114.0472338305"><ele>224.000</ele></trkpt>
      <trkpt lat="22.3808755999" lon="114.0472474605"><ele>224.000</ele></trkpt>
      <trkpt lat="22.3808728426" lon="114.0472639763"><ele>224.000</ele></trkpt>
      <trkpt lat="22.3808711872" lon="114.0472672793"><ele>224.000</ele></trkpt>
      <trkpt lat="22.3808699015" lon="114.0472698440"><ele>224.000</ele></trkpt>
      <trkpt lat="22.3808686158" lon="114.0472724087"><ele>224.000</ele></trkpt>
      <trkpt lat="22.3808673302" lon="114.0472749743"><ele>224.000</ele></trkpt>
      <trkpt lat="22.3808660445" lon="114.0472775361"><ele>224.000</ele></trkpt>
      <trkpt lat="22.3808647569" lon="114.0472800988"><ele>224.000</ele></trkpt>
      <trkpt lat="22.3808634703" lon="114.0472826635"><ele>224.000</ele></trkpt>
      <trkpt lat="22.3808621819" lon="114.0472852263"><ele>224.000</ele></trkpt>
      <trkpt lat="22.3808608944" lon="114.0472877890"><ele>222.000</ele></trkpt>
      <trkpt lat="22.3808596069" lon="114.0472903518"><ele>222.000</ele></trkpt>
      <trkpt lat="22.3808583176" lon="114.0472929155"><ele>222.000</ele></trkpt>
      <trkpt lat="22.3808570283" lon="114.0472954772"><ele>222.000</ele></trkpt>
      <trkpt lat="22.3808557408" lon="114.0472980400"><ele>222.000</ele></trkpt>
      <trkpt lat="22.3808544515" lon="114.0473006027"><ele>222.000</ele></trkpt>
      <trkpt lat="22.3808531622" lon="114.0473031655"><ele>222.000</ele></trkpt>
      <trkpt lat="22.3808518729" lon="114.0473057282"><ele>222.000</ele></trkpt>
      <trkpt lat="22.3808505836" lon="114.0473082890"><ele>222.000</ele></trkpt>
      <trkpt lat="22.3808492951" lon="114.0473108518"><ele>222.000</ele></trkpt>
      <trkpt lat="22.3808480067" lon="114.0473134145"><ele>222.000</ele></trkpt>
      <trkpt lat="22.3808467174" lon="114.0473159773"><ele>222.000</ele></trkpt>
      <trkpt lat="22.3808454281" lon="114.0473185400"><ele>222.000</ele></trkpt>
      <trkpt lat="22.3808441388" lon="114.0473211028"><ele>222.000</ele></trkpt>
      <trkpt lat="22.3808428522" lon="114.0473236655"><ele>222.000</ele></trkpt>
      <trkpt lat="22.3808415620" lon="114.0473262292"><ele>222.000</ele></trkpt>
      <trkpt lat="22.3808402745" lon="114.0473287910"><ele>222.000</ele></trkpt>
      <trkpt lat="22.3808389870" lon="114.0473313537"><ele>222.000</ele></trkpt>
      <trkpt lat="22.3808376995" lon="114.0473339165"><ele>222.000</ele></trkpt>
      <trkpt lat="22.3808364120" lon="114.0473364812"><ele>222.000</ele></trkpt>
      <trkpt lat="22.3808351263" lon="114.0473390439"><ele>222.000</ele></trkpt>
      <trkpt lat="22.3808338406" lon="114.0473416086"><ele>222.000</ele></trkpt>
      <trkpt lat="22.3808325549" lon="114.0473441733"><ele>222.000</ele></trkpt>
      <trkpt lat="22.3808312692" lon="114.0473467380"><ele>222.000</ele></trkpt>
      <trkpt lat="22.3808299853" lon="114.0473493026"><ele>222.000</ele></trkpt>
      <trkpt lat="22.3808286996" lon="114.0473518673"><ele>222.000</ele></trkpt>
      <trkpt lat="22.3808274175" lon="114.0473544330"><ele>222.000</ele></trkpt>
      <trkpt lat="22.3808261336" lon="114.0473569986"><ele>222.000</ele></trkpt>
      <trkpt lat="22.3808248524" lon="114.0473595633"><ele>222.000</ele></trkpt>
      <trkpt lat="22.3808235712" lon="114.0473621299"><ele>222.000</ele></trkpt>
      <trkpt lat="22.3808222892" lon="114.0473646966"><ele>222.000</ele></trkpt>
      <trkpt lat="22.3808210107" lon="114.0473672651"><ele>222.000</ele></trkpt>
      <trkpt lat="22.3808197304" lon="114.0473698317"><ele>222.000</ele></trkpt>
      <trkpt lat="22.3808184537" lon="114.0473724003"><ele>222.000</ele></trkpt>
      <trkpt lat="22.3808171753" lon="114.0473749689"><ele>222.000</ele></trkpt>
      <trkpt lat="22.3808158986" lon="114.0473775403"><ele>222.000</ele></trkpt>
      <trkpt lat="22.3808146247" lon="114.0473801079"><ele>222.000</ele></trkpt>
      <trkpt lat="22.3808133489" lon="114.0473826784"><ele>222.000</ele></trkpt>
      <trkpt lat="22.3808120758" lon="114.0473852489"><ele>224.000</ele></trkpt>
      <trkpt lat="22.3808108046" lon="114.0473878214"><ele>224.000</ele></trkpt>
      <trkpt lat="22.3808095334" lon="114.0473903928"><ele>224.000</ele></trkpt>
      <trkpt lat="22.3808082621" lon="114.0473929643"><ele>224.000</ele></trkpt>
      <trkpt lat="22.3808070089" lon="114.0473955464"><ele>224.000</ele></trkpt>
      <trkpt lat="22.3808058280" lon="114.0473981693"><ele>224.000</ele></trkpt>
      <trkpt lat="22.3808047140" lon="114.0474008270"><ele>224.000</ele></trkpt>
      <trkpt lat="22.3808036505" lon="114.0474035109"><ele>224.000</ele></trkpt>
      <trkpt lat="22.3808026268" lon="114.0474062084"><ele>224.000</ele></trkpt>
      <trkpt lat="22.3808016564" lon="114.0474089243"><ele>224.000</ele></trkpt>
      <trkpt lat="22.3808007782" lon="114.0474116828"><ele>224.000</ele></trkpt>
      <trkpt lat="22.3807999496" lon="114.0474144597"><ele>224.000</ele></trkpt>
      <trkpt lat="22.3807991029" lon="114.0474172716"><ele>224.000</ele></trkpt>
      <trkpt lat="22.3808010457" lon="114.0474187923"><ele>224.000</ele></trkpt>
      <trkpt lat="22.3808035535" lon="114.0474199183"><ele>224.000</ele></trkpt>
      <trkpt lat="22.3808060838" lon="114.0474209744"><ele>224.000</ele></trkpt>
      <trkpt lat="22.3808086645" lon="114.0474218265"><ele>224.000</ele></trkpt>
      <trkpt lat="22.3808112929" lon="114.0474225116"><ele>224.000</ele></trkpt>
      <trkpt lat="22.3808139520" lon="114.0474230995"><ele>224.000</ele></trkpt>
      <trkpt lat="22.3808166308" lon="114.0474235864"><ele>224.000</ele></trkpt>
      <trkpt lat="22.3808193204" lon="114.0474239694"><ele>224.000</ele></trkpt>
      <trkpt lat="22.3808220153" lon="114.0474242689"><ele>224.000</ele></trkpt>
      <trkpt lat="22.3808247121" lon="114.0474245830"><ele>224.000</ele></trkpt>
      <trkpt lat="22.3808274098" lon="114.0474249165"><ele>224.000</ele></trkpt>
      <trkpt lat="22.3808301075" lon="114.0474252674"><ele>224.000</ele></trkpt>
      <trkpt lat="22.3808328070" lon="114.0474256320"><ele>224.000</ele></trkpt>
      <trkpt lat="22.3808355065" lon="114.0474260121"><ele>222.000</ele></trkpt>
      <trkpt lat="22.3808382069" lon="114.0474264018"><ele>222.000</ele></trkpt>
      <trkpt lat="22.3808409074" lon="114.0474268014"><ele>222.000</ele></trkpt>
      <trkpt lat="22.3808436096" lon="114.0474272086"><ele>222.000</ele></trkpt>
      <trkpt lat="22.3808463119" lon="114.0474276217"><ele>222.000</ele></trkpt>
      <trkpt lat="22.3808490142" lon="114.0474280348"><ele>222.000</ele></trkpt>
      <trkpt lat="22.3808517164" lon="114.0474284518"><ele>222.000</ele></trkpt>
      <trkpt lat="22.3808544205" lon="114.0474288668"><ele>222.000</ele></trkpt>
      <trkpt lat="22.3808571245" lon="114.0474292780"><ele>222.000</ele></trkpt>
      <trkpt lat="22.3808598268" lon="114.0474296853"><ele>222.000</ele></trkpt>
      <trkpt lat="22.3808625318" lon="114.0474300848"><ele>222.000</ele></trkpt>
      <trkpt lat="22.3808652349" lon="114.0474304765"><ele>222.000</ele></trkpt>
      <trkpt lat="22.3808679371" lon="114.0474308546"><ele>222.000</ele></trkpt>
      <trkpt lat="22.3808706394" lon="114.0474312211"><ele>222.000</ele></trkpt>
      <trkpt lat="22.3808733443" lon="114.0474315721"><ele>222.000</ele></trkpt>
      <trkpt lat="22.3808760438" lon="114.0474319056"><ele>222.000</ele></trkpt>
      <trkpt lat="22.3808787459" lon="114.0474322196"><ele>222.000</ele></trkpt>
      <trkpt lat="22.3808814463" lon="114.0474325104"><ele>222.000</ele></trkpt>
      <trkpt lat="22.3808841466" lon="114.0474327798"><ele>222.000</ele></trkpt>
      <trkpt lat="22.3808868469" lon="114.0474330239"><ele>222.000</ele></trkpt>
      <trkpt lat="22.3808895454" lon="114.0474332389"><ele>222.000</ele></trkpt>
      <trkpt lat="22.3808922421" lon="114.0474334267"><ele>222.000</ele></trkpt>
      <trkpt lat="22.3808949387" lon="114.0474335815"><ele>222.000</ele></trkpt>
      <trkpt lat="22.3808976335" lon="114.0474337014"><ele>222.000</ele></trkpt>
      <trkpt lat="22.3809003283" lon="114.0474337873"><ele>222.000</ele></trkpt>
      <trkpt lat="22.3809030212" lon="114.0474338343"><ele>222.000</ele></trkpt>
      <trkpt lat="22.3809057123" lon="114.0474338415"><ele>222.000</ele></trkpt>
      <trkpt lat="22.3809084016" lon="114.0474338080"><ele>222.000</ele></trkpt>
      <trkpt lat="22.3809110908" lon="114.0474337297"><ele>222.000</ele></trkpt>
      <trkpt lat="22.3809137782" lon="114.0474336059"><ele>222.000</ele></trkpt>
      <trkpt lat="22.3809164619" lon="114.0474334335"><ele>222.000</ele></trkpt>
      <trkpt lat="22.3809191456" lon="114.0474332193"><ele>222.000</ele></trkpt>
      <trkpt lat="22.3809218293" lon="114.0474329780"><ele>222.000</ele></trkpt>
      <trkpt lat="22.3809245111" lon="114.0474327123"><ele>222.000</ele></trkpt>
      <trkpt lat="22.3809271912" lon="114.0474324224"><ele>222.000</ele></trkpt>
      <trkpt lat="22.3809298730" lon="114.0474321063"><ele>222.000</ele></trkpt>
      <trkpt lat="22.3809325530" lon="114.0474317698"><ele>222.000</ele></trkpt>
      <trkpt lat="22.3809352311" lon="114.0474314100"><ele>222.000</ele></trkpt>
      <trkpt lat="22.3809379111" lon="114.0474310307"><ele>222.000</ele></trkpt>
      <trkpt lat="22.3809405892" lon="114.0474306302"><ele>222.000</ele></trkpt>
      <trkpt lat="22.3809432673" lon="114.0474302121"><ele>222.000</ele></trkpt>
      <trkpt lat="22.3809459436" lon="114.0474297736"><ele>222.000</ele></trkpt>
      <trkpt lat="22.3809486199" lon="114.0474293177"><ele>222.000</ele></trkpt>
      <trkpt lat="22.3809512962" lon="114.0474288472"><ele>222.000</ele></trkpt>
      <trkpt lat="22.3809539724" lon="114.0474283592"><ele>222.000</ele></trkpt>
      <trkpt lat="22.3809566468" lon="114.0474278557"><ele>222.000</ele></trkpt>
      <trkpt lat="22.3809593213" lon="114.0474273385"><ele>222.000</ele></trkpt>
      <trkpt lat="22.3809619957" lon="114.0474268098"><ele>222.000</ele></trkpt>
      <trkpt lat="22.3809646701" lon="114.0474262674"><ele>222.000</ele></trkpt>
      <trkpt lat="22.3809673445" lon="114.0474257134"><ele>222.000</ele></trkpt>
      <trkpt lat="22.3809700171" lon="114.0474251497"><ele>222.000</ele></trkpt>
      <trkpt lat="22.3809726896" lon="114.0474245763"><ele>222.000</ele></trkpt>
      <trkpt lat="22.3809753640" lon="114.0474239931"><ele>222.000</ele></trkpt>
      <trkpt lat="22.3809780366" lon="114.0474234022"><ele>222.000</ele></trkpt>
      <trkpt lat="22.3809807073" lon="114.0474228055"><ele>222.000</ele></trkpt>
      <trkpt lat="22.3809833798" lon="114.0474222010"><ele>222.000</ele></trkpt>
      <trkpt lat="22.3809860524" lon="114.0474215926"><ele>222.000</ele></trkpt>
      <trkpt lat="22.3809887249" lon="114.0474209784"><ele>222.000</ele></trkpt>
      <trkpt lat="22.3809913957" lon="114.0474203622"><ele>222.000</ele></trkpt>
      <trkpt lat="22.3809940682" lon="114.0474197422"><ele>222.000</ele></trkpt>
      <trkpt lat="22.3809967389" lon="114.0474191202"><ele>222.000</ele></trkpt>
      <trkpt lat="22.3809994097" lon="114.0474184982"><ele>222.000</ele></trkpt>
      <trkpt lat="22.3810020831" lon="114.0474178762"><ele>222.000</ele></trkpt>
      <trkpt lat="22.3810047529" lon="114.0474172542"><ele>222.000</ele></trkpt>
      <trkpt lat="22.3810074264" lon="114.0474166342"><ele>222.000</ele></trkpt>
      <trkpt lat="22.3810100962" lon="114.0474160161"><ele>222.000</ele></trkpt>
      <trkpt lat="22.3810127669" lon="114.0474154019"><ele>222.000</ele></trkpt>
      <trkpt lat="22.3810154395" lon="114.0474147935"><ele>222.000</ele></trkpt>
      <trkpt lat="22.3810181102" lon="114.0474141890"><ele>222.000</ele></trkpt>
      <trkpt lat="22.3810207827" lon="114.0474135903"><ele>222.000</ele></trkpt>
      <trkpt lat="22.3810234553" lon="114.0474129974"><ele>222.000</ele></trkpt>
      <trkpt lat="22.3810261261" lon="114.0474124143"><ele>222.000</ele></trkpt>
      <trkpt lat="22.3810287986" lon="114.0474118389"><ele>222.000</ele></trkpt>
      <trkpt lat="22.3810314712" lon="114.0474112733"><ele>222.000</ele></trkpt>
      <trkpt lat="22.3810341456" lon="114.0474107173"><ele>222.000</ele></trkpt>
      <trkpt lat="22.3810368182" lon="114.0474101730"><ele>222.000</ele></trkpt>
      <trkpt lat="22.3810394908" lon="114.0474096423"><ele>222.000</ele></trkpt>
      <trkpt lat="22.3810421652" lon="114.0474091232"><ele>222.000</ele></trkpt>
      <trkpt lat="22.3810448397" lon="114.0474086178"><ele>222.000</ele></trkpt>
      <trkpt lat="22.3810475150" lon="114.0474081279"><ele>222.000</ele></trkpt>
      <trkpt lat="22.3810501886" lon="114.0474076535"><ele>222.000</ele></trkpt>
      <trkpt lat="22.3810528648" lon="114.0474071956"><ele>222.000</ele></trkpt>
      <trkpt lat="22.3810555402" lon="114.0474067532"><ele>222.000</ele></trkpt>
      <trkpt lat="22.3810582156" lon="114.0474063313"><ele>222.000</ele></trkpt>
      <trkpt lat="22.3810608919" lon="114.0474059268"><ele>222.000</ele></trkpt>
      <trkpt lat="22.3810635710" lon="114.0474055437"><ele>222.000</ele></trkpt>
      <trkpt lat="22.3810662482" lon="114.0474051819"><ele>222.000</ele></trkpt>
      <trkpt lat="22.3810689273" lon="114.0474048415"><ele>222.000</ele></trkpt>
      <trkpt lat="22.3810716046" lon="114.0474045225"><ele>222.000</ele></trkpt>
      <trkpt lat="22.3810763836" lon="114.0474046210"><ele>222.000</ele></trkpt>
      <trkpt lat="22.3810790946" lon="114.0474046661"><ele>222.000</ele></trkpt>
      <trkpt lat="22.3810818074" lon="114.0474046995"><ele>222.000</ele></trkpt>
      <trkpt lat="22.3810845202" lon="114.0474047281"><ele>222.000</ele></trkpt>
      <trkpt lat="22.3810872348" lon="114.0474047498"><ele>222.000</ele></trkpt>
      <trkpt lat="22.3810899512" lon="114.0474047619"><ele>222.000</ele></trkpt>
      <trkpt lat="22.3810926676" lon="114.0474047710"><ele>222.000</ele></trkpt>
      <trkpt lat="22.3810953840" lon="114.0474047724"><ele>222.000</ele></trkpt>
      <trkpt lat="22.3810981021" lon="114.0474047699"><ele>222.000</ele></trkpt>
      <trkpt lat="22.3811008221" lon="114.0474047615"><ele>222.000</ele></trkpt>
      <trkpt lat="22.3811035403" lon="114.0474047474"><ele>222.000</ele></trkpt>
      <trkpt lat="22.3811062603" lon="114.0474047322"><ele>221.000</ele></trkpt>
      <trkpt lat="22.3811089802" lon="114.0474047113"><ele>221.000</ele></trkpt>
      <trkpt lat="22.3811117020" lon="114.0474046893"><ele>221.000</ele></trkpt>
      <trkpt lat="22.3811144238" lon="114.0474046635"><ele>221.000</ele></trkpt>
      <trkpt lat="22.3811171438" lon="114.0474046357"><ele>221.000</ele></trkpt>
      <trkpt lat="22.3811198655" lon="114.0474046080"><ele>221.000</ele></trkpt>
      <trkpt lat="22.3811225882" lon="114.0474045783"><ele>221.000</ele></trkpt>
      <trkpt lat="22.3811253109" lon="114.0474045466"><ele>221.000</ele></trkpt>
      <trkpt lat="22.3811280327" lon="114.0474045169"><ele>221.000</ele></trkpt>
      <trkpt lat="22.3811307544" lon="114.0474044872"><ele>221.000</ele></trkpt>
      <trkpt lat="22.3811334762" lon="114.0474044575"><ele>221.000</ele></trkpt>
      <trkpt lat="22.3811361989" lon="114.0474044297"><ele>221.000</ele></trkpt>
      <trkpt lat="22.3811389179" lon="114.0474044020"><ele>221.000</ele></trkpt>
      <trkpt lat="22.3811416397" lon="114.0474043781"><ele>221.000</ele></trkpt>
      <trkpt lat="22.3811443597" lon="114.0474043581"><ele>221.000</ele></trkpt>
      <trkpt lat="22.3811470797" lon="114.0474043401"><ele>221.000</ele></trkpt>
      <trkpt lat="22.3811497996" lon="114.0474043259"><ele>220.000</ele></trkpt>
      <trkpt lat="22.3811525196" lon="114.0474043156"><ele>220.000</ele></trkpt>
      <trkpt lat="22.3811552387" lon="114.0474043092"><ele>220.000</ele></trkpt>
      <trkpt lat="22.3811579542" lon="114.0474043106"><ele>220.000</ele></trkpt>
      <trkpt lat="22.3811606724" lon="114.0474043158"><ele>220.000</ele></trkpt>
      <trkpt lat="22.3811633869" lon="114.0474043269"><ele>220.000</ele></trkpt>
      <trkpt lat="22.3811661033" lon="114.0474043438"><ele>220.000</ele></trkpt>
      <trkpt lat="22.3811688170" lon="114.0474043685"><ele>220.000</ele></trkpt>
      <trkpt lat="22.3811715307" lon="114.0474044009"><ele>220.000</ele></trkpt>
      <trkpt lat="22.3811742417" lon="114.0474044412"><ele>220.000</ele></trkpt>
      <trkpt lat="22.3811769527" lon="114.0474044921"><ele>220.000</ele></trkpt>
      <trkpt lat="22.3811796619" lon="114.0474045488"><ele>220.000</ele></trkpt>
      <trkpt lat="22.3811823702" lon="114.0474046162"><ele>220.000</ele></trkpt>
      <trkpt lat="22.3811850767" lon="114.0474046914"><ele>220.000</ele></trkpt>
      <trkpt lat="22.3811877823" lon="114.0474047801"><ele>220.000</ele></trkpt>
      <trkpt lat="22.3811904870" lon="114.0474048767"><ele>220.000</ele></trkpt>
      <trkpt lat="22.3811931881" lon="114.0474049868"><ele>220.000</ele></trkpt>
      <trkpt lat="22.3811958884" lon="114.0474051086"><ele>219.000</ele></trkpt>
      <trkpt lat="22.3811985868" lon="114.0474052401"><ele>219.000</ele></trkpt>
      <trkpt lat="22.3812012834" lon="114.0474053881"><ele>219.000</ele></trkpt>
      <trkpt lat="22.3812039782" lon="114.0474055468"><ele>219.000</ele></trkpt>
      <trkpt lat="22.3812066713" lon="114.0474057182"><ele>219.000</ele></trkpt>
      <trkpt lat="22.3812093625" lon="114.0474059060"><ele>219.000</ele></trkpt>
      <trkpt lat="22.3812120502" lon="114.0474061084"><ele>219.000</ele></trkpt>
      <trkpt lat="22.3812147378" lon="114.0474063244"><ele>219.000</ele></trkpt>
      <trkpt lat="22.3812174219" lon="114.0474065550"><ele>219.000</ele></trkpt>
      <trkpt lat="22.3812201050" lon="114.0474068049"><ele>219.000</ele></trkpt>
      <trkpt lat="22.3812227846" lon="114.0474070685"><ele>219.000</ele></trkpt>
      <trkpt lat="22.3812254624" lon="114.0474073496"><ele>219.000</ele></trkpt>
      <trkpt lat="22.3812281365" lon="114.0474076481"><ele>219.000</ele></trkpt>
      <trkpt lat="22.3812308098" lon="114.0474079661"><ele>219.000</ele></trkpt>
      <trkpt lat="22.3812334795" lon="114.0474083015"><ele>219.000</ele></trkpt>
      <trkpt lat="22.3812361474" lon="114.0474086603"><ele>219.000</ele></trkpt>
      <trkpt lat="22.3812388171" lon="114.0474090559"><ele>219.000</ele></trkpt>
      <trkpt lat="22.3812414896" lon="114.0474094836"><ele>218.000</ele></trkpt>
      <trkpt lat="22.3812441585" lon="114.0474099443"><ele>218.000</ele></trkpt>
      <trkpt lat="22.3812468283" lon="114.0474104371"><ele>218.000</ele></trkpt>
      <trkpt lat="22.3812494982" lon="114.0474109609"><ele>218.000</ele></trkpt>
      <trkpt lat="22.3812521680" lon="114.0474115139"><ele>218.000</ele></trkpt>
      <trkpt lat="22.3812548352" lon="114.0474120979"><ele>218.000</ele></trkpt>
      <trkpt lat="22.3812575006" lon="114.0474127111"><ele>218.000</ele></trkpt>
      <trkpt lat="22.3812601633" lon="114.0474133514"><ele>218.000</ele></trkpt>
      <trkpt lat="22.3812628242" lon="114.0474140190"><ele>218.000</ele></trkpt>
      <trkpt lat="22.3812654815" lon="114.0474147137"><ele>218.000</ele></trkpt>
      <trkpt lat="22.3812681371" lon="114.0474154337"><ele>218.000</ele></trkpt>
      <trkpt lat="22.3812707872" lon="114.0474161789"><ele>218.000</ele></trkpt>
      <trkpt lat="22.3812734338" lon="114.0474169455"><ele>218.000</ele></trkpt>
      <trkpt lat="22.3812760749" lon="114.0474177374"><ele>218.000</ele></trkpt>
      <trkpt lat="22.3812787107" lon="114.0474185526"><ele>218.000</ele></trkpt>
      <trkpt lat="22.3812813410" lon="114.0474193881"><ele>218.000</ele></trkpt>
      <trkpt lat="22.3812839660" lon="114.0474202450"><ele>218.000</ele></trkpt>
      <trkpt lat="22.3812865864" lon="114.0474211204"><ele>218.000</ele></trkpt>
      <trkpt lat="22.3812891970" lon="114.0474220152"><ele>218.000</ele></trkpt>
      <trkpt lat="22.3812918012" lon="114.0474229295"><ele>218.000</ele></trkpt>
      <trkpt lat="22.3812943973" lon="114.0474238612"><ele>218.000</ele></trkpt>
      <trkpt lat="22.3812969862" lon="114.0474248114"><ele>218.000</ele></trkpt>
      <trkpt lat="22.3812995679" lon="114.0474257732"><ele>218.000</ele></trkpt>
      <trkpt lat="22.3813021397" lon="114.0474267535"><ele>218.000</ele></trkpt>
      <trkpt lat="22.3813047024" lon="114.0474277474"><ele>218.000</ele></trkpt>
      <trkpt lat="22.3813072553" lon="114.0474287549"><ele>218.000</ele></trkpt>
      <trkpt lat="22.3813097973" lon="114.0474297741"><ele>218.000</ele></trkpt>
      <trkpt lat="22.3813123302" lon="114.0474308069"><ele>218.000</ele></trkpt>
      <trkpt lat="22.3813148524" lon="114.0474318493"><ele>218.000</ele></trkpt>
      <trkpt lat="22.3813173619" lon="114.0474329035"><ele>218.000</ele></trkpt>
      <trkpt lat="22.3813198606" lon="114.0474339654"><ele>218.000</ele></trkpt>
      <trkpt lat="22.3813223476" lon="114.0474350371"><ele>218.000</ele></trkpt>
      <trkpt lat="22.3813248219" lon="114.0474361165"><ele>218.000</ele></trkpt>
      <trkpt lat="22.3813272827" lon="114.0474372037"><ele>218.000</ele></trkpt>
      <trkpt lat="22.3813297254" lon="114.0474383065"><ele>218.000</ele></trkpt>
      <trkpt lat="22.3813320509" lon="114.0474396395"><ele>218.000</ele></trkpt>
      <trkpt lat="22.3813342286" lon="114.0474412581"><ele>218.000</ele></trkpt>
      <trkpt lat="22.3813362800" lon="114.0474431167"><ele>218.000</ele></trkpt>
      <trkpt lat="22.3813382214" lon="114.0474451764"><ele>218.000</ele></trkpt>
      <trkpt lat="22.3813400744" lon="114.0474473896"><ele>218.000</ele></trkpt>
      <trkpt lat="22.3813418535" lon="114.0474497165"><ele>218.000</ele></trkpt>
      <trkpt lat="22.3813435820" lon="114.0474521114"><ele>218.000</ele></trkpt>
      <trkpt lat="22.3813452745" lon="114.0474545296"><ele>218.000</ele></trkpt>
      <trkpt lat="22.3813469506" lon="114.0474569323"><ele>218.000</ele></trkpt>
      <trkpt lat="22.3813486304" lon="114.0474592728"><ele>218.000</ele></trkpt>
      <trkpt lat="22.3813503137" lon="114.0474615474"><ele>218.000</ele></trkpt>
      <trkpt lat="22.3813519518" lon="114.0474638550"><ele>218.000</ele></trkpt>
      <trkpt lat="22.3813535503" lon="114.0474661995"><ele>218.000</ele></trkpt>
      <trkpt lat="22.3813551145" lon="114.0474685751"><ele>218.000</ele></trkpt>
      <trkpt lat="22.3813566498" lon="114.0474709740"><ele>218.000</ele></trkpt>
      <trkpt lat="22.3813581634" lon="114.0474733924"><ele>218.000</ele></trkpt>
      <trkpt lat="22.3813596608" lon="114.0474758244"><ele>218.000</ele></trkpt>
      <trkpt lat="22.3813611510" lon="114.0474782662"><ele>218.000</ele></trkpt>
      <trkpt lat="22.3813626376" lon="114.0474807079"><ele>218.000</ele></trkpt>
      <trkpt lat="22.3813641296" lon="114.0474831496"><ele>218.000</ele></trkpt>
      <trkpt lat="22.3813656306" lon="114.0474855816"><ele>218.000</ele></trkpt>
      <trkpt lat="22.3813671496" lon="114.0474879980"><ele>218.000</ele></trkpt>
      <trkpt lat="22.3813686903" lon="114.0474903970"><ele>218.000</ele></trkpt>
      <trkpt lat="22.3813702617" lon="114.0474927716"><ele>218.000</ele></trkpt>
      <trkpt lat="22.3813719108" lon="114.0474951035"><ele>218.000</ele></trkpt>
      <trkpt lat="22.3813737133" lon="114.0474973798"><ele>218.000</ele></trkpt>
      <trkpt lat="22.3813756259" lon="114.0474996143"><ele>217.000</ele></trkpt>
      <trkpt lat="22.3813776017" lon="114.0475018226"><ele>217.000</ele></trkpt>
      <trkpt lat="22.3813795920" lon="114.0475040201"><ele>217.000</ele></trkpt>
      <trkpt lat="22.3813815480" lon="114.0475062245"><ele>217.000</ele></trkpt>
      <trkpt lat="22.3813834272" lon="114.0475084483"><ele>217.000</ele></trkpt>
      <trkpt lat="22.3813851746" lon="114.0475107121"><ele>217.000</ele></trkpt>
      <trkpt lat="22.3813867478" lon="114.0475130285"><ele>217.000</ele></trkpt>
      <trkpt lat="22.3813880979" lon="114.0475154121"><ele>217.000</ele></trkpt>
      <trkpt lat="22.3813891773" lon="114.0475178833"><ele>217.000</ele></trkpt>
      <trkpt lat="22.3813899379" lon="114.0475204539"><ele>217.000</ele></trkpt>
      <trkpt lat="22.3813903825" lon="114.0475231277"><ele>217.000</ele></trkpt>
      <trkpt lat="22.3813905509" lon="114.0475258901"><ele>217.000</ele></trkpt>
      <trkpt lat="22.3813904836" lon="114.0475287245"><ele>217.000</ele></trkpt>
      <trkpt lat="22.3813902231" lon="114.0475316204"><ele>218.000</ele></trkpt>
      <trkpt lat="22.3813898083" lon="114.0475345620"><ele>218.000</ele></trkpt>
      <trkpt lat="22.3813892815" lon="114.0475375348"><ele>218.000</ele></trkpt>
      <trkpt lat="22.3813886824" lon="114.0475405242"><ele>218.000</ele></trkpt>
      <trkpt lat="22.3813880527" lon="114.0475435174"><ele>218.000</ele></trkpt>
      <trkpt lat="22.3813874319" lon="114.0475464991"><ele>218.000</ele></trkpt>
      <trkpt lat="22.3813868618" lon="114.0475494573"><ele>218.000</ele></trkpt>
      <trkpt lat="22.3813863819" lon="114.0475523747"><ele>218.000</ele></trkpt>
      <trkpt lat="22.3813859796" lon="114.0475552571"><ele>218.000</ele></trkpt>
      <trkpt lat="22.3813855557" lon="114.0475581337"><ele>218.000</ele></trkpt>
      <trkpt lat="22.3813851101" lon="114.0475610064"><ele>218.000</ele></trkpt>
      <trkpt lat="22.3813846464" lon="114.0475638752"><ele>218.000</ele></trkpt>
      <trkpt lat="22.3813841682" lon="114.0475667440"><ele>218.000</ele></trkpt>
      <trkpt lat="22.3813836793" lon="114.0475696110"><ele>218.000</ele></trkpt>
      <trkpt lat="22.3813831867" lon="114.0475724759"><ele>218.000</ele></trkpt>
      <trkpt lat="22.3813826914" lon="114.0475753429"><ele>218.000</ele></trkpt>
      <trkpt lat="22.3813821979" lon="114.0475782078"><ele>219.000</ele></trkpt>
      <trkpt lat="22.3813817108" lon="114.0475810748"><ele>219.000</ele></trkpt>
      <trkpt lat="22.3813812344" lon="114.0475839436"><ele>219.000</ele></trkpt>
      <trkpt lat="22.3813807725" lon="114.0475868124"><ele>219.000</ele></trkpt>
      <trkpt lat="22.3813803287" lon="114.0475896871"><ele>219.000</ele></trkpt>
      <trkpt lat="22.3813799084" lon="114.0475925636"><ele>219.000</ele></trkpt>
      <trkpt lat="22.3813795134" lon="114.0475954441"><ele>219.000</ele></trkpt>
      <trkpt lat="22.3813791418" lon="114.0475983283"><ele>219.000</ele></trkpt>
      <trkpt lat="22.3813787793" lon="114.0476012146"><ele>219.000</ele></trkpt>
      <trkpt lat="22.3813784258" lon="114.0476041027"><ele>219.000</ele></trkpt>
      <trkpt lat="22.3813780795" lon="114.0476069928"><ele>219.000</ele></trkpt>
      <trkpt lat="22.3813777405" lon="114.0476098839"><ele>219.000</ele></trkpt>
      <trkpt lat="22.3813774087" lon="114.0476127749"><ele>219.000</ele></trkpt>
      <trkpt lat="22.3813770841" lon="114.0476156669"><ele>219.000</ele></trkpt>
      <trkpt lat="22.3813767667" lon="114.0476185609"><ele>219.000</ele></trkpt>
      <trkpt lat="22.3813764574" lon="114.0476214548"><ele>219.000</ele></trkpt>
      <trkpt lat="22.3813761518" lon="114.0476243507"><ele>219.000</ele></trkpt>
      <trkpt lat="22.3813758525" lon="114.0476272485"><ele>220.000</ele></trkpt>
      <trkpt lat="22.3813755586" lon="114.0476301444"><ele>220.000</ele></trkpt>
      <trkpt lat="22.3813752729" lon="114.0476330422"><ele>220.000</ele></trkpt>
      <trkpt lat="22.3813749880" lon="114.0476359400"><ele>220.000</ele></trkpt>
      <trkpt lat="22.3813747095" lon="114.0476388378"><ele>222.000</ele></trkpt>
      <trkpt lat="22.3813744355" lon="114.0476417355"><ele>222.000</ele></trkpt>
      <trkpt lat="22.3813741632" lon="114.0476446333"><ele>222.000</ele></trkpt>
      <trkpt lat="22.3813738965" lon="114.0476475331"><ele>222.000</ele></trkpt>
      <trkpt lat="22.3813736333" lon="114.0476504308"><ele>222.000</ele></trkpt>
      <trkpt lat="22.3813732276" lon="114.0476535385"><ele>222.000</ele></trkpt>
      <trkpt lat="22.3813723889" lon="114.0476572932"><ele>222.000</ele></trkpt>
      <trkpt lat="22.3813714998" lon="114.0476611937"><ele>222.000</ele></trkpt>
      <trkpt lat="22.3813709915" lon="114.0476646685"><ele>222.000</ele></trkpt>
      <trkpt lat="22.3813712915" lon="114.0476671443"><ele>222.000</ele></trkpt>
      <trkpt lat="22.3813728310" lon="114.0476680518"><ele>222.000</ele></trkpt>
      <trkpt lat="22.3813752293" lon="114.0476678602"><ele>220.000</ele></trkpt>
      <trkpt lat="22.3813776493" lon="114.0476676279"><ele>220.000</ele></trkpt>
      <trkpt lat="22.3813800873" lon="114.0476673644"><ele>220.000</ele></trkpt>
      <trkpt lat="22.3813825452" lon="114.0476670698"><ele>220.000</ele></trkpt>
      <trkpt lat="22.3813850220" lon="114.0476667432"><ele>220.000</ele></trkpt>
      <trkpt lat="22.3813875142" lon="114.0476663894"><ele>220.000</ele></trkpt>
      <trkpt lat="22.3813900234" lon="114.0476660084"><ele>220.000</ele></trkpt>
      <trkpt lat="22.3813925480" lon="114.0476656002"><ele>220.000</ele></trkpt>
      <trkpt lat="22.3813950907" lon="114.0476651667"><ele>220.000</ele></trkpt>
      <trkpt lat="22.3813976478" lon="114.0476647099"><ele>220.000</ele></trkpt>
      <trkpt lat="22.3814002175" lon="114.0476642308"><ele>220.000</ele></trkpt>
      <trkpt lat="22.3814028034" lon="114.0476637302"><ele>220.000</ele></trkpt>
      <trkpt lat="22.3814054020" lon="114.0476632093"><ele>220.000</ele></trkpt>
      <trkpt lat="22.3814080150" lon="114.0476626690"><ele>220.000</ele></trkpt>
      <trkpt lat="22.3814106388" lon="114.0476621131"><ele>220.000</ele></trkpt>
      <trkpt lat="22.3814132752" lon="114.0476615397"><ele>220.000</ele></trkpt>
      <trkpt lat="22.3814159225" lon="114.0476609536"><ele>220.000</ele></trkpt>
      <trkpt lat="22.3814185815" lon="114.0476603501"><ele>220.000</ele></trkpt>
      <trkpt lat="22.3814212495" lon="114.0476597378"><ele>220.000</ele></trkpt>
      <trkpt lat="22.3814239275" lon="114.0476591149"><ele>220.000</ele></trkpt>
      <trkpt lat="22.3814266145" lon="114.0476584783"><ele>220.000</ele></trkpt>
      <trkpt lat="22.3814293105" lon="114.0476578369"><ele>220.000</ele></trkpt>
      <trkpt lat="22.3814320137" lon="114.0476571858"><ele>220.000</ele></trkpt>
      <trkpt lat="22.3814347259" lon="114.0476565307"><ele>220.000</ele></trkpt>
      <trkpt lat="22.3814374436" lon="114.0476558699"><ele>220.000</ele></trkpt>
      <trkpt lat="22.3814401685" lon="114.0476552071"><ele>220.000</ele></trkpt>
      <trkpt lat="22.3814428987" lon="114.0476545404"><ele>220.000</ele></trkpt>
      <trkpt lat="22.3814456345" lon="114.0476538736"><ele>220.000</ele></trkpt>
      <trkpt lat="22.3814483747" lon="114.0476532089"><ele>220.000</ele></trkpt>
      <trkpt lat="22.3814511185" lon="114.0476525441"><ele>220.000</ele></trkpt>
      <trkpt lat="22.3814538651" lon="114.0476518832"><ele>220.000</ele></trkpt>
      <trkpt lat="22.3814566171" lon="114.0476512272"><ele>220.000</ele></trkpt>
      <trkpt lat="22.3814593708" lon="114.0476505750"><ele>220.000</ele></trkpt>
      <trkpt lat="22.3814621246" lon="114.0476499316"><ele>220.000</ele></trkpt>
      <trkpt lat="22.3814648820" lon="114.0476492969"><ele>220.000</ele></trkpt>
      <trkpt lat="22.3814676395" lon="114.0476486700"><ele>220.000</ele></trkpt>
      <trkpt lat="22.3814703969" lon="114.0476480538"><ele>220.000</ele></trkpt>
      <trkpt lat="22.3814731543" lon="114.0476474511"><ele>220.000</ele></trkpt>
      <trkpt lat="22.3814759118" lon="114.0476468601"><ele>220.000</ele></trkpt>
      <trkpt lat="22.3814786656" lon="114.0476462847"><ele>220.000</ele></trkpt>
      <trkpt lat="22.3814814195" lon="114.0476457248"><ele>220.000</ele></trkpt>
      <trkpt lat="22.3814841706" lon="114.0476451824"><ele>220.000</ele></trkpt>
      <trkpt lat="22.3814869182" lon="114.0476446574"><ele>220.000</ele></trkpt>
      <trkpt lat="22.3814896613" lon="114.0476441538"><ele>220.000</ele></trkpt>
      <trkpt lat="22.3814924025" lon="114.0476436697"><ele>220.000</ele></trkpt>
      <trkpt lat="22.3814951366" lon="114.0476432088"><ele>220.000</ele></trkpt>
      <trkpt lat="22.3814978671" lon="114.0476427713"><ele>220.000</ele></trkpt>
      <trkpt lat="22.3815005922" lon="114.0476423600"><ele>220.000</ele></trkpt>
      <trkpt lat="22.3815033082" lon="114.0476419720"><ele>220.000</ele></trkpt>
      <trkpt lat="22.3815060207" lon="114.0476416121"><ele>220.000</ele></trkpt>
      <trkpt lat="22.3815087242" lon="114.0476412814"><ele>220.000</ele></trkpt>
      <trkpt lat="22.3815114186" lon="114.0476409818"><ele>220.000</ele></trkpt>
      <trkpt lat="22.3815141131" lon="114.0476407094"><ele>220.000</ele></trkpt>
      <trkpt lat="22.3815168112" lon="114.0476404583"><ele>220.000</ele></trkpt>
      <trkpt lat="22.3815195148" lon="114.0476402286"><ele>220.000</ele></trkpt>
      <trkpt lat="22.3815222238" lon="114.0476400202"><ele>220.000</ele></trkpt>
      <trkpt lat="22.3815249382" lon="114.0476398332"><ele>220.000</ele></trkpt>
      <trkpt lat="22.3815276563" lon="114.0476396656"><ele>220.000</ele></trkpt>
      <trkpt lat="22.3815303797" lon="114.0476395155"><ele>220.000</ele></trkpt>
      <trkpt lat="22.3815331068" lon="114.0476393848"><ele>220.000</ele></trkpt>
      <trkpt lat="22.3815358376" lon="114.0476392735"><ele>220.000</ele></trkpt>
      <trkpt lat="22.3815385737" lon="114.0476391778"><ele>220.000</ele></trkpt>
      <trkpt lat="22.3815413135" lon="114.0476390976"><ele>220.000</ele></trkpt>
      <trkpt lat="22.3815440552" lon="114.0476390349"><ele>220.000</ele></trkpt>
      <trkpt lat="22.3815468022" lon="114.0476389857"><ele>220.000</ele></trkpt>
      <trkpt lat="22.3815495520" lon="114.0476389521"><ele>220.000</ele></trkpt>
      <trkpt lat="22.3815523035" lon="114.0476389321"><ele>220.000</ele></trkpt>
      <trkpt lat="22.3815550596" lon="114.0476389237"><ele>220.000</ele></trkpt>
      <trkpt lat="22.3815578176" lon="114.0476389289"><ele>220.000</ele></trkpt>
      <trkpt lat="22.3815605773" lon="114.0476389458"><ele>220.000</ele></trkpt>
      <trkpt lat="22.3815633407" lon="114.0476389724"><ele>220.000</ele></trkpt>
      <trkpt lat="22.3815661058" lon="114.0476390106"><ele>220.000</ele></trkpt>
      <trkpt lat="22.3815688746" lon="114.0476390585"><ele>220.000</ele></trkpt>
      <trkpt lat="22.3815716434" lon="114.0476391142"><ele>220.000</ele></trkpt>
      <trkpt lat="22.3815744140" lon="114.0476391777"><ele>220.000</ele></trkpt>
      <trkpt lat="22.3815771865" lon="114.0476392509"><ele>220.000</ele></trkpt>
      <trkpt lat="22.3815799607" lon="114.0476393299"><ele>220.000</ele></trkpt>
      <trkpt lat="22.3815827349" lon="114.0476394147"><ele>220.000</ele></trkpt>
      <trkpt lat="22.3815855110" lon="114.0476395054"><ele>220.000</ele></trkpt>
      <trkpt lat="22.3815882870" lon="114.0476396019"><ele>220.000</ele></trkpt>
      <trkpt lat="22.3815910649" lon="114.0476397022"><ele>220.000</ele></trkpt>
      <trkpt lat="22.3815938410" lon="114.0476398045"><ele>220.000</ele></trkpt>
      <trkpt lat="22.3815966188" lon="114.0476399107"><ele>220.000</ele></trkpt>
      <trkpt lat="22.3815993967" lon="114.0476400189"><ele>220.000</ele></trkpt>
      <trkpt lat="22.3816021746" lon="114.0476401289"><ele>220.000</ele></trkpt>
      <trkpt lat="22.3816049524" lon="114.0476402410"><ele>220.000</ele></trkpt>
      <trkpt lat="22.3816077303" lon="114.0476403510"><ele>220.000</ele></trkpt>
      <trkpt lat="22.3816105064" lon="114.0476404611"><ele>220.000</ele></trkpt>
      <trkpt lat="22.3816132825" lon="114.0476405722"><ele>220.000</ele></trkpt>
      <trkpt lat="22.3816160567" lon="114.0476406774"><ele>220.000</ele></trkpt>
      <trkpt lat="22.3816188310" lon="114.0476407816"><ele>220.000</ele></trkpt>
      <trkpt lat="22.3816216034" lon="114.0476408839"><ele>220.000</ele></trkpt>
      <trkpt lat="22.3816243740" lon="114.0476409833"><ele>220.000</ele></trkpt>
      <trkpt lat="22.3816271429" lon="114.0476410750"><ele>220.000</ele></trkpt>
      <trkpt lat="22.3816299099" lon="114.0476411618"><ele>220.000</ele></trkpt>
      <trkpt lat="22.3816326751" lon="114.0476412447"><ele>220.000</ele></trkpt>
      <trkpt lat="22.3816354385" lon="114.0476413198"><ele>220.000</ele></trkpt>
      <trkpt lat="22.3816382001" lon="114.0476413871"><ele>220.000</ele></trkpt>
      <trkpt lat="22.3816409580" lon="114.0476414467"><ele>220.000</ele></trkpt>
      <trkpt lat="22.3816437124" lon="114.0476414986"><ele>220.000</ele></trkpt>
      <trkpt lat="22.3816464649" lon="114.0476415407"><ele>220.000</ele></trkpt>
      <trkpt lat="22.3816492156" lon="114.0476415731"><ele>220.000</ele></trkpt>
      <trkpt lat="22.3816519609" lon="114.0476415939"><ele>220.000</ele></trkpt>
      <trkpt lat="22.3816547044" lon="114.0476416050"><ele>220.000</ele></trkpt>
      <trkpt lat="22.3816574425" lon="114.0476416024"><ele>220.000</ele></trkpt>
      <trkpt lat="22.3816601787" lon="114.0476415863"><ele>220.000</ele></trkpt>
      <trkpt lat="22.3816629095" lon="114.0476415585"><ele>220.000</ele></trkpt>
      <trkpt lat="22.3816656367" lon="114.0476415172"><ele>220.000</ele></trkpt>
      <trkpt lat="22.3816683602" lon="114.0476414613"><ele>220.000</ele></trkpt>
      <trkpt lat="22.3816710784" lon="114.0476413888"><ele>220.000</ele></trkpt>
      <trkpt lat="22.3816737911" lon="114.0476412999"><ele>220.000</ele></trkpt>
      <trkpt lat="22.3816765001" lon="114.0476411945"><ele>220.000</ele></trkpt>
      <trkpt lat="22.3816792056" lon="114.0476410725"><ele>220.000</ele></trkpt>
      <trkpt lat="22.3816819038" lon="114.0476409312"><ele>220.000</ele></trkpt>
      <trkpt lat="22.3816845965" lon="114.0476407714"><ele>220.000</ele></trkpt>
      <trkpt lat="22.3816872839" lon="114.0476405922"><ele>220.000</ele></trkpt>
      <trkpt lat="22.3816899658" lon="114.0476403936"><ele>220.000</ele></trkpt>
      <trkpt lat="22.3816926422" lon="114.0476401736"><ele>222.000</ele></trkpt>
      <trkpt lat="22.3816953133" lon="114.0476399323"><ele>222.000</ele></trkpt>
      <trkpt lat="22.3816979771" lon="114.0476396696"><ele>222.000</ele></trkpt>
      <trkpt lat="22.3817006336" lon="114.0476393836"><ele>222.000</ele></trkpt>
      <trkpt lat="22.3817032847" lon="114.0476390743"><ele>222.000</ele></trkpt>
      <trkpt lat="22.3817059286" lon="114.0476387397"><ele>222.000</ele></trkpt>
      <trkpt lat="22.3817085652" lon="114.0476383800"><ele>222.000</ele></trkpt>
      <trkpt lat="22.3817111964" lon="114.0476379979"><ele>222.000</ele></trkpt>
      <trkpt lat="22.3817138185" lon="114.0476375847"><ele>222.000</ele></trkpt>
      <trkpt lat="22.3817164334" lon="114.0476371473"><ele>222.000</ele></trkpt>
      <trkpt lat="22.3817190419" lon="114.0476366827"><ele>222.000</ele></trkpt>
      <trkpt lat="22.3817216414" lon="114.0476361889"><ele>222.000</ele></trkpt>
      <trkpt lat="22.3817242328" lon="114.0476356680"><ele>222.000</ele></trkpt>
      <trkpt lat="22.3817268169" lon="114.0476351160"><ele>222.000</ele></trkpt>
      <trkpt lat="22.3817293919" lon="114.0476345330"><ele>222.000</ele></trkpt>
      <trkpt lat="22.3817319588" lon="114.0476339208"><ele>222.000</ele></trkpt>
      <trkpt lat="22.3817345148" lon="114.0476332756"><ele>222.000</ele></trkpt>
      <trkpt lat="22.3817370645" lon="114.0476326003"><ele>222.000</ele></trkpt>
      <trkpt lat="22.3817396051" lon="114.0476318891"><ele>222.000</ele></trkpt>
      <trkpt lat="22.3817421358" lon="114.0476311459"><ele>222.000</ele></trkpt>
      <trkpt lat="22.3817446556" lon="114.0476303667"><ele>222.000</ele></trkpt>
      <trkpt lat="22.3817471672" lon="114.0476295546"><ele>222.000</ele></trkpt>
      <trkpt lat="22.3817496698" lon="114.0476287055"><ele>222.000</ele></trkpt>
      <trkpt lat="22.3817521615" lon="114.0476278225"><ele>222.000</ele></trkpt>
      <trkpt lat="22.3817546441" lon="114.0476269065"><ele>222.000</ele></trkpt>
      <trkpt lat="22.3817571178" lon="114.0476259623"><ele>222.000</ele></trkpt>
      <trkpt lat="22.3817595850" lon="114.0476249890"><ele>219.000</ele></trkpt>
      <trkpt lat="22.3817620396" lon="114.0476239905"><ele>219.000</ele></trkpt>
      <trkpt lat="22.3817644879" lon="114.0476229628"><ele>219.000</ele></trkpt>
      <trkpt lat="22.3817669298" lon="114.0476219099"><ele>219.000</ele></trkpt>
      <trkpt lat="22.3817693608" lon="114.0476208298"><ele>219.000</ele></trkpt>
      <trkpt lat="22.3817717855" lon="114.0476197245"><ele>219.000</ele></trkpt>
      <trkpt lat="22.3817742012" lon="114.0476185939"><ele>219.000</ele></trkpt>
      <trkpt lat="22.3817766096" lon="114.0476174381"><ele>219.000</ele></trkpt>
      <trkpt lat="22.3817790126" lon="114.0476162590"><ele>219.000</ele></trkpt>
      <trkpt lat="22.3817814065" lon="114.0476150566"><ele>219.000</ele></trkpt>
      <trkpt lat="22.3817837932" lon="114.0476138309"><ele>219.000</ele></trkpt>
      <trkpt lat="22.3817861727" lon="114.0476125819"><ele>219.000</ele></trkpt>
      <trkpt lat="22.3817885467" lon="114.0476113096"><ele>219.000</ele></trkpt>
      <trkpt lat="22.3817909134" lon="114.0476100160"><ele>219.000</ele></trkpt>
      <trkpt lat="22.3817932748" lon="114.0476087029"><ele>219.000</ele></trkpt>
      <trkpt lat="22.3817956289" lon="114.0476073665"><ele>219.000</ele></trkpt>
      <trkpt lat="22.3817979757" lon="114.0476060127"><ele>219.000</ele></trkpt>
      <trkpt lat="22.3818003171" lon="114.0476046385"><ele>219.000</ele></trkpt>
      <trkpt lat="22.3818026531" lon="114.0476032429"><ele>219.000</ele></trkpt>
      <trkpt lat="22.3818049836" lon="114.0476018289"><ele>219.000</ele></trkpt>
      <trkpt lat="22.3818073088" lon="114.0476003974"><ele>219.000</ele></trkpt>
      <trkpt lat="22.3818096284" lon="114.0475989484"><ele>219.000</ele></trkpt>
      <trkpt lat="22.3818119427" lon="114.0475974819"><ele>219.000</ele></trkpt>
      <trkpt lat="22.3818142542" lon="114.0475959980"><ele>219.000</ele></trkpt>
      <trkpt lat="22.3818165567" lon="114.0475944995"><ele>219.000</ele></trkpt>
      <trkpt lat="22.3818188565" lon="114.0475929816"><ele>219.000</ele></trkpt>
      <trkpt lat="22.3818211535" lon="114.0475914511"><ele>219.000</ele></trkpt>
      <trkpt lat="22.3818234433" lon="114.0475899051"><ele>219.000</ele></trkpt>
      <trkpt lat="22.3818257313" lon="114.0475883454"><ele>219.000</ele></trkpt>
      <trkpt lat="22.3818280121" lon="114.0475867712"><ele>220.000</ele></trkpt>
      <trkpt lat="22.3818302901" lon="114.0475851834"><ele>220.000</ele></trkpt>
      <trkpt lat="22.3818325663" lon="114.0475835830"><ele>220.000</ele></trkpt>
      <trkpt lat="22.3818348371" lon="114.0475819690"><ele>220.000</ele></trkpt>
      <trkpt lat="22.3818371052" lon="114.0475803453"><ele>220.000</ele></trkpt>
      <trkpt lat="22.3818393696" lon="114.0475787080"><ele>220.000</ele></trkpt>
      <trkpt lat="22.3818416313" lon="114.0475770610"><ele>220.000</ele></trkpt>
      <trkpt lat="22.3818438894" lon="114.0475754043"><ele>218.000</ele></trkpt>
      <trkpt lat="22.3818461457" lon="114.0475737359"><ele>218.000</ele></trkpt>
      <trkpt lat="22.3818483984" lon="114.0475720608"><ele>218.000</ele></trkpt>
      <trkpt lat="22.3818506493" lon="114.0475703720"><ele>218.000</ele></trkpt>
      <trkpt lat="22.3818528992" lon="114.0475686784"><ele>218.000</ele></trkpt>
      <trkpt lat="22.3818551438" lon="114.0475669751"><ele>218.000</ele></trkpt>
      <trkpt lat="22.3818573874" lon="114.0475652659"><ele>218.000</ele></trkpt>
      <trkpt lat="22.3818596310" lon="114.0475635490"><ele>218.000</ele></trkpt>
      <trkpt lat="22.3818618719" lon="114.0475618253"><ele>218.000</ele></trkpt>
      <trkpt lat="22.3818641110" lon="114.0475600958"><ele>218.000</ele></trkpt>
      <trkpt lat="22.3818663473" lon="114.0475583595"><ele>218.000</ele></trkpt>
      <trkpt lat="22.3818685837" lon="114.0475566203"><ele>218.000</ele></trkpt>
      <trkpt lat="22.3818708201" lon="114.0475548752"><ele>218.000</ele></trkpt>
      <trkpt lat="22.3818730546" lon="114.0475531253"><ele>218.000</ele></trkpt>
      <trkpt lat="22.3818752892" lon="114.0475513734"><ele>218.000</ele></trkpt>
      <trkpt lat="22.3818775219" lon="114.0475496177"><ele>218.000</ele></trkpt>
      <trkpt lat="22.3818797547" lon="114.0475478610"><ele>218.000</ele></trkpt>
      <trkpt lat="22.3818819883" lon="114.0475461004"><ele>218.000</ele></trkpt>
      <trkpt lat="22.3818842202" lon="114.0475443369"><ele>218.000</ele></trkpt>
      <trkpt lat="22.3818864529" lon="114.0475425753"><ele>218.000</ele></trkpt>
      <trkpt lat="22.3818886856" lon="114.0475408118"><ele>218.000</ele></trkpt>
      <trkpt lat="22.3818909184" lon="114.0475390463"><ele>218.000</ele></trkpt>
      <trkpt lat="22.3818931529" lon="114.0475372848"><ele>218.000</ele></trkpt>
      <trkpt lat="22.3818953875" lon="114.0475355213"><ele>218.000</ele></trkpt>
      <trkpt lat="22.3818976238" lon="114.0475337597"><ele>218.000</ele></trkpt>
      <trkpt lat="22.3818998602" lon="114.0475320001"><ele>218.000</ele></trkpt>
      <trkpt lat="22.3819020965" lon="114.0475302443"><ele>218.000</ele></trkpt>
      <trkpt lat="22.3819043365" lon="114.0475284886"><ele>218.000</ele></trkpt>
      <trkpt lat="22.3819065765" lon="114.0475267387"><ele>216.000</ele></trkpt>
      <trkpt lat="22.3819088183" lon="114.0475249907"><ele>216.000</ele></trkpt>
      <trkpt lat="22.3819110646" lon="114.0475232485"><ele>216.000</ele></trkpt>
      <trkpt lat="22.3819133090" lon="114.0475215103"><ele>216.000</ele></trkpt>
      <trkpt lat="22.3819155563" lon="114.0475197778"><ele>216.000</ele></trkpt>
      <trkpt lat="22.3819178071" lon="114.0475180492"><ele>216.000</ele></trkpt>
      <trkpt lat="22.3819200597" lon="114.0475163284"><ele>216.000</ele></trkpt>
      <trkpt lat="22.3819223160" lon="114.0475146154"><ele>216.000</ele></trkpt>
      <trkpt lat="22.3819245741" lon="114.0475129082"><ele>216.000</ele></trkpt>
      <trkpt lat="22.3819268357" lon="114.0475112087"><ele>216.000</ele></trkpt>
      <trkpt lat="22.3819290992" lon="114.0475095171"><ele>216.000</ele></trkpt>
      <trkpt lat="22.3819313664" lon="114.0475078351"><ele>216.000</ele></trkpt>
      <trkpt lat="22.3819336389" lon="114.0475061638"><ele>216.000</ele></trkpt>
      <trkpt lat="22.3819359133" lon="114.0475044983"><ele>216.000</ele></trkpt>
      <trkpt lat="22.3819381921" lon="114.0475028455"><ele>216.000</ele></trkpt>
      <trkpt lat="22.3819404728" lon="114.0475012023"><ele>216.000</ele></trkpt>
      <trkpt lat="22.3819427599" lon="114.0474995708"><ele>216.000</ele></trkpt>
      <trkpt lat="22.3819450505" lon="114.0474979510"><ele>216.000</ele></trkpt>
      <trkpt lat="22.3819473448" lon="114.0474963447"><ele>216.000</ele></trkpt>
      <trkpt lat="22.3819496445" lon="114.0474947481"><ele>216.000</ele></trkpt>
      <trkpt lat="22.3819519478" lon="114.0474931671"><ele>216.000</ele></trkpt>
      <trkpt lat="22.3819542566" lon="114.0474915977"><ele>216.000</ele></trkpt>
      <trkpt lat="22.3819565707" lon="114.0474900439"><ele>216.000</ele></trkpt>
      <trkpt lat="22.3819588912" lon="114.0474885056"><ele>216.000</ele></trkpt>
      <trkpt lat="22.3819612154" lon="114.0474869809"><ele>216.000</ele></trkpt>
      <trkpt lat="22.3819635440" lon="114.0474854717"><ele>216.000</ele></trkpt>
      <trkpt lat="22.3819658799" lon="114.0474839780"><ele>216.000</ele></trkpt>
      <trkpt lat="22.3819682213" lon="114.0474825018"><ele>216.000</ele></trkpt>
      <trkpt lat="22.3819705680" lon="114.0474810431"><ele>216.000</ele></trkpt>
      <trkpt lat="22.3819729221" lon="114.0474795999"><ele>214.000</ele></trkpt>
      <trkpt lat="22.3819752815" lon="114.0474781762"><ele>214.000</ele></trkpt>
      <trkpt lat="22.3819776482" lon="114.0474767718"><ele>214.000</ele></trkpt>
      <trkpt lat="22.3819800212" lon="114.0474753849"><ele>214.000</ele></trkpt>
      <trkpt lat="22.3819823996" lon="114.0474740204"><ele>214.000</ele></trkpt>
      <trkpt lat="22.3819847862" lon="114.0474726714"><ele>214.000</ele></trkpt>
      <trkpt lat="22.3819871800" lon="114.0474713466"><ele>214.000</ele></trkpt>
      <trkpt lat="22.3819895811" lon="114.0474700422"><ele>214.000</ele></trkpt>
      <trkpt lat="22.3819919912" lon="114.0474687612"><ele>214.000</ele></trkpt>
      <trkpt lat="22.3819944195" lon="114.0474675199"><ele>214.000</ele></trkpt>
      <trkpt lat="22.3819968640" lon="114.0474663174"><ele>214.000</ele></trkpt>
      <trkpt lat="22.3819993247" lon="114.0474651519"><ele>214.000</ele></trkpt>
      <trkpt lat="22.3820018000" lon="114.0474640232"><ele>214.000</ele></trkpt>
      <trkpt lat="22.3820042915" lon="114.0474629285"><ele>214.000</ele></trkpt>
      <trkpt lat="22.3820067976" lon="114.0474618648"><ele>214.000</ele></trkpt>
      <trkpt lat="22.3820093181" lon="114.0474608352"><ele>214.000</ele></trkpt>
      <trkpt lat="22.3820118512" lon="114.0474598346"><ele>214.000</ele></trkpt>
      <trkpt lat="22.3820143970" lon="114.0474588651"><ele>214.000</ele></trkpt>
      <trkpt lat="22.3820169537" lon="114.0474579208"><ele>214.000</ele></trkpt>
      <trkpt lat="22.3820195231" lon="114.0474570067"><ele>214.000</ele></trkpt>
      <trkpt lat="22.3820221033" lon="114.0474561138"><ele>214.000</ele></trkpt>
      <trkpt lat="22.3820246943" lon="114.0474552472"><ele>214.000</ele></trkpt>
      <trkpt lat="22.3820272945" lon="114.0474544039"><ele>214.000</ele></trkpt>
      <trkpt lat="22.3820299036" lon="114.0474535800"><ele>214.000</ele></trkpt>
      <trkpt lat="22.3820325227" lon="114.0474527784"><ele>214.000</ele></trkpt>
      <trkpt lat="22.3820351473" lon="114.0474519924"><ele>214.000</ele></trkpt>
      <trkpt lat="22.3820377799" lon="114.0474512248"><ele>214.000</ele></trkpt>
      <trkpt lat="22.3820404199" lon="114.0474504747"><ele>214.000</ele></trkpt>
      <trkpt lat="22.3820430652" lon="114.0474497381"><ele>214.000</ele></trkpt>
      <trkpt lat="22.3820457178" lon="114.0474490132"><ele>214.000</ele></trkpt>
      <trkpt lat="22.3820483740" lon="114.0474483019"><ele>214.000</ele></trkpt>
      <trkpt lat="22.3820510338" lon="114.0474476022"><ele>214.000</ele></trkpt>
      <trkpt lat="22.3820536973" lon="114.0474469103"><ele>214.000</ele></trkpt>
      <trkpt lat="22.3820563644" lon="114.0474462282"><ele>214.000</ele></trkpt>
      <trkpt lat="22.3820590350" lon="114.0474455518"><ele>214.000</ele></trkpt>
      <trkpt lat="22.3820617057" lon="114.0474448813"><ele>214.000</ele></trkpt>
      <trkpt lat="22.3820643782" lon="114.0474442146"><ele>214.000</ele></trkpt>
      <trkpt lat="22.3820670525" lon="114.0474435499"><ele>214.000</ele></trkpt>
      <trkpt lat="22.3820697259" lon="114.0474428871"><ele>214.000</ele></trkpt>
      <trkpt lat="22.3820723993" lon="114.0474422263"><ele>214.000</ele></trkpt>
      <trkpt lat="22.3820750700" lon="114.0474415616"><ele>214.000</ele></trkpt>
      <trkpt lat="22.3820777407" lon="114.0474408969"><ele>214.000</ele></trkpt>
      <trkpt lat="22.3820804078" lon="114.0474402263"><ele>214.000</ele></trkpt>
      <trkpt lat="22.3820830740" lon="114.0474395519"><ele>214.000</ele></trkpt>
      <trkpt lat="22.3820857347" lon="114.0474388717"><ele>214.000</ele></trkpt>
      <trkpt lat="22.3820883909" lon="114.0474381817"><ele>214.000</ele></trkpt>
      <trkpt lat="22.3820910435" lon="114.0474374850"><ele>214.000</ele></trkpt>
      <trkpt lat="22.3820936907" lon="114.0474367747"><ele>214.000</ele></trkpt>
      <trkpt lat="22.3820963325" lon="114.0474360556"><ele>214.000</ele></trkpt>
      <trkpt lat="22.3820989670" lon="114.0474353239"><ele>214.000</ele></trkpt>
      <trkpt lat="22.3821015943" lon="114.0474345748"><ele>214.000</ele></trkpt>
      <trkpt lat="22.3821042125" lon="114.0474338111"><ele>214.000</ele></trkpt>
      <trkpt lat="22.3821068235" lon="114.0474330318"><ele>214.000</ele></trkpt>
      <trkpt lat="22.3821094282" lon="114.0474322341"><ele>214.000</ele></trkpt>
      <trkpt lat="22.3821120184" lon="114.0474314151"><ele>214.000</ele></trkpt>
      <trkpt lat="22.3821146022" lon="114.0474305757"><ele>213.000</ele></trkpt>
      <trkpt lat="22.3821171734" lon="114.0474297149"><ele>213.000</ele></trkpt>
      <trkpt lat="22.3821197338" lon="114.0474288289"><ele>213.000</ele></trkpt>
      <trkpt lat="22.3821222833" lon="114.0474279196"><ele>213.000</ele></trkpt>
      <trkpt lat="22.3821248183" lon="114.0474269831"><ele>213.000</ele></trkpt>
      <trkpt lat="22.3821273406" lon="114.0474260195"><ele>213.000</ele></trkpt>
      <trkpt lat="22.3821298503" lon="114.0474250267"><ele>213.000</ele></trkpt>
      <trkpt lat="22.3821323437" lon="114.0474240048"><ele>213.000</ele></trkpt>
      <trkpt lat="22.3821348245" lon="114.0474229519"><ele>213.000</ele></trkpt>
      <trkpt lat="22.3821372509" lon="114.0474217941"><ele>213.000</ele></trkpt>
      <trkpt lat="22.3821395616" lon="114.0474204189"><ele>213.000</ele></trkpt>
      <trkpt lat="22.3821417711" lon="114.0474188497"><ele>213.000</ele></trkpt>
      <trkpt lat="22.3821438882" lon="114.0474171076"><ele>212.000</ele></trkpt>
      <trkpt lat="22.3821459294" lon="114.0474152210"><ele>212.000</ele></trkpt>
      <trkpt lat="22.3821479055" lon="114.0474132101"><ele>212.000</ele></trkpt>
      <trkpt lat="22.3821498291" lon="114.0474111031"><ele>212.000</ele></trkpt>
      <trkpt lat="22.3821517147" lon="114.0474089204"><ele>212.000</ele></trkpt>
      <trkpt lat="22.3821535732" lon="114.0474066873"><ele>212.000</ele></trkpt>
      <trkpt lat="22.3821554173" lon="114.0474044289"><ele>212.000</ele></trkpt>
      <trkpt lat="22.3821572613" lon="114.0474021705"><ele>212.000</ele></trkpt>
      <trkpt lat="22.3821591180" lon="114.0473999354"><ele>212.000</ele></trkpt>
      <trkpt lat="22.3821610000" lon="114.0473977450"><ele>212.000</ele></trkpt>
      <trkpt lat="22.3821629200" lon="114.0473956283"><ele>212.000</ele></trkpt>
      <trkpt lat="22.3821648888" lon="114.0473936077"><ele>212.000</ele></trkpt>
      <trkpt lat="22.3822966028" lon="114.0472607274"><ele>204.000</ele></trkpt>
      <trkpt lat="22.3823342095" lon="114.0472227875"><ele>202.000</ele></trkpt>
      <trkpt lat="22.3824287099" lon="114.0471886498"><ele>202.000</ele></trkpt>
      <trkpt lat="22.3825322225" lon="114.0471789853"><ele>200.000</ele></trkpt>
      <trkpt lat="22.3826612982" lon="114.0471867690"><ele>196.000</ele></trkpt>
      <trkpt lat="22.3827626027" lon="114.0472153410"><ele>190.000</ele></trkpt>
      <trkpt lat="22.3828001447" lon="114.0472360417"><ele>186.000</ele></trkpt>
      <trkpt lat="22.3828258584" lon="114.0472679766"><ele>188.000</ele></trkpt>
      <trkpt lat="22.3828568055" lon="114.0473000668"><ele>191.000</ele></trkpt>
      <trkpt lat="22.3828980111" lon="114.0473241754"><ele>191.000</ele></trkpt>
      <trkpt lat="22.3829448407" lon="114.0473186049"><ele>192.000</ele></trkpt>
      <trkpt lat="22.3829866454" lon="114.0472968694"><ele>192.000</ele></trkpt>
      <trkpt lat="22.3830301500" lon="114.0472756683"><ele>190.000</ele></trkpt>
      <trkpt lat="22.3830864767" lon="114.0472664476"><ele>190.000</ele></trkpt>
      <trkpt lat="22.3831583924" lon="114.0472961336"><ele>192.000</ele></trkpt>
      <trkpt lat="22.3831943795" lon="114.0473238584"><ele>190.000</ele></trkpt>
      <trkpt lat="22.3832113244" lon="114.0473374896"><ele>192.000</ele></trkpt>
      <trkpt lat="22.3832188231" lon="114.0473496206"><ele>192.000</ele></trkpt>
      <trkpt lat="22.3832182495" lon="114.0473675038"><ele>192.000</ele></trkpt>
      <trkpt lat="22.3832157600" lon="114.0473914577"><ele>194.000</ele></trkpt>
      <trkpt lat="22.3832124375" lon="114.0474104251"><ele>194.000</ele></trkpt>
      <trkpt lat="22.3831998018" lon="114.0474598412"><ele>195.000</ele></trkpt>
      <trkpt lat="22.3831560610" lon="114.0476104031"><ele>200.000</ele></trkpt>
      <trkpt lat="22.3831113122" lon="114.0477858553"><ele>206.000</ele></trkpt>
      <trkpt lat="22.3831031311" lon="114.0478137588"><ele>206.000</ele></trkpt>
      <trkpt lat="22.3830991380" lon="114.0478423090"><ele>207.000</ele></trkpt>
      <trkpt lat="22.3831080127" lon="114.0478655008"><ele>207.000</ele></trkpt>
      <trkpt lat="22.3831228052" lon="114.0478842903"><ele>209.000</ele></trkpt>
      <trkpt lat="22.3832193240" lon="114.0480348520"><ele>208.000</ele></trkpt>
      <trkpt lat="22.3833366898" lon="114.0481549876"><ele>206.000</ele></trkpt>
      <trkpt lat="22.3833740143" lon="114.0482953149"><ele>211.000</ele></trkpt>
      <trkpt lat="22.3833820941" lon="114.0484492190"><ele>216.000</ele></trkpt>
      <trkpt lat="22.3834189612" lon="114.0485357280"><ele>218.000</ele></trkpt>
      <trkpt lat="22.3834745859" lon="114.0486307631"><ele>222.000</ele></trkpt>
      <trkpt lat="22.3835128773" lon="114.0486812259"><ele>223.000</ele></trkpt>
      <trkpt lat="22.3835539004" lon="114.0486918096"><ele>223.000</ele></trkpt>
      <trkpt lat="22.3836038490" lon="114.0486951916"><ele>226.000</ele></trkpt>
      <trkpt lat="22.3836527815" lon="114.0486857860"><ele>223.000</ele></trkpt>
      <trkpt lat="22.3836947102" lon="114.0486744087"><ele>225.000</ele></trkpt>
      <trkpt lat="22.3837263028" lon="114.0486360829"><ele>222.000</ele></trkpt>
      <trkpt lat="22.3837634970" lon="114.0485851177"><ele>219.000</ele></trkpt>
      <trkpt lat="22.3838466370" lon="114.0484777492"><ele>218.000</ele></trkpt>
      <trkpt lat="22.3839420956" lon="114.0483875975"><ele>218.000</ele></trkpt>
      <trkpt lat="22.3839945824" lon="114.0483508206"><ele>218.000</ele></trkpt>
      <trkpt lat="22.3840522762" lon="114.0483254272"><ele>218.000</ele></trkpt>
      <trkpt lat="22.3841151849" lon="114.0483327727"><ele>216.000</ele></trkpt>
      <trkpt lat="22.3841591973" lon="114.0483583736"><ele>216.000</ele></trkpt>
      <trkpt lat="22.3842413977" lon="114.0484678320"><ele>212.000</ele></trkpt>
      <trkpt lat="22.3842333505" lon="114.0486618479"><ele>214.000</ele></trkpt>
      <trkpt lat="22.3842331657" lon="114.0486663025"><ele>214.000</ele></trkpt>
      <trkpt lat="22.3843064881" lon="114.0487850708"><ele>214.000</ele></trkpt>
      <trkpt lat="22.3843816152" lon="114.0489021499"><ele>216.000</ele></trkpt>
      <trkpt lat="22.3844427632" lon="114.0488960599"><ele>216.000</ele></trkpt>
      <trkpt lat="22.3845165451" lon="114.0488833970"><ele>213.000</ele></trkpt>
      <trkpt lat="22.3845499702" lon="114.0488784083"><ele>212.000</ele></trkpt>
      <trkpt lat="22.3845903586" lon="114.0489085204"><ele>214.000</ele></trkpt>
      <trkpt lat="22.3846021160" lon="114.0489651877"><ele>218.000</ele></trkpt>
      <trkpt lat="22.3846352270" lon="114.0489922633"><ele>220.000</ele></trkpt>
      <trkpt lat="22.3846864620" lon="114.0489802240"><ele>218.000</ele></trkpt>
      <trkpt lat="22.3847297653" lon="114.0489348433"><ele>218.000</ele></trkpt>
      <trkpt lat="22.3847648504" lon="114.0489117227"><ele>216.000</ele></trkpt>
      <trkpt lat="22.3848602962" lon="114.0488576936"><ele>214.000</ele></trkpt>
      <trkpt lat="22.3849542199" lon="114.0488544139"><ele>216.000</ele></trkpt>
      <trkpt lat="22.3850285823" lon="114.0488632436"><ele>216.000</ele></trkpt>
      <trkpt lat="22.3851126219" lon="114.0488517929"><ele>218.000</ele></trkpt>
      <trkpt lat="22.3851650693" lon="114.0488176037"><ele>216.000</ele></trkpt>
      <trkpt lat="22.3852171832" lon="114.0487681761"><ele>216.000</ele></trkpt>
      <trkpt lat="22.3852721335" lon="114.0487336545"><ele>216.000</ele></trkpt>
      <trkpt lat="22.3853961980" lon="114.0487151579"><ele>220.000</ele></trkpt>
      <trkpt lat="22.3854701381" lon="114.0486332596"><ele>218.000</ele></trkpt>
      <trkpt lat="22.3855116809" lon="114.0485565763"><ele>218.000</ele></trkpt>
      <trkpt lat="22.3855119657" lon="114.0483988576"><ele>212.000</ele></trkpt>
      <trkpt lat="22.3854879134" lon="114.0482492986"><ele>208.000</ele></trkpt>
      <trkpt lat="22.3855054365" lon="114.0481440903"><ele>204.000</ele></trkpt>
      <trkpt lat="22.3855464013" lon="114.0480541311"><ele>203.000</ele></trkpt>
      <trkpt lat="22.3856391761" lon="114.0480120379"><ele>206.000</ele></trkpt>
      <trkpt lat="22.3857382111" lon="114.0479997892"><ele>208.000</ele></trkpt>
      <trkpt lat="22.3857800424" lon="114.0479807782"><ele>210.000</ele></trkpt>
      <trkpt lat="22.3858272296" lon="114.0479265615"><ele>210.000</ele></trkpt>
      <trkpt lat="22.3858708853" lon="114.0478953853"><ele>210.000</ele></trkpt>
      <trkpt lat="22.3859909911" lon="114.0478387902"><ele>212.000</ele></trkpt>
      <trkpt lat="22.3860144300" lon="114.0478221227"><ele>212.000</ele></trkpt>
      <trkpt lat="22.3860271863" lon="114.0477992115"><ele>212.000</ele></trkpt>
      <trkpt lat="22.3860343242" lon="114.0477655598"><ele>210.000</ele></trkpt>
      <trkpt lat="22.3860513803" lon="114.0476583228"><ele>208.000</ele></trkpt>
      <trkpt lat="22.3860545037" lon="114.0476297524"><ele>208.000</ele></trkpt>
      <trkpt lat="22.3860460913" lon="114.0476008169"><ele>207.000</ele></trkpt>
      <trkpt lat="22.3860285197" lon="114.0475623696"><ele>206.000</ele></trkpt>
      <trkpt lat="22.3859959243" lon="114.0475026661"><ele>203.000</ele></trkpt>
      <trkpt lat="22.3859848846" lon="114.0474655179"><ele>202.000</ele></trkpt>
      <trkpt lat="22.3859819613" lon="114.0474529852"><ele>202.000</ele></trkpt>
      <trkpt lat="22.3859856807" lon="114.0474401939"><ele>202.000</ele></trkpt>
      <trkpt lat="22.3859928244" lon="114.0474252039"><ele>200.000</ele></trkpt>
      <trkpt lat="22.3860110653" lon="114.0473971429"><ele>200.000</ele></trkpt>
      <trkpt lat="22.3861310624" lon="114.0473517515"><ele>202.000</ele></trkpt>
      <trkpt lat="22.3862425935" lon="114.0473234293"><ele>204.000</ele></trkpt>
      <trkpt lat="22.3863101277" lon="114.0473285426"><ele>206.000</ele></trkpt>
      <trkpt lat="22.3863928390" lon="114.0472845450"><ele>207.000</ele></trkpt>
      <trkpt lat="22.3864986095" lon="114.0472707454"><ele>204.000</ele></trkpt>
      <trkpt lat="22.3865216074" lon="114.0472695744"><ele>204.000</ele></trkpt>
      <trkpt lat="22.3865430110" lon="114.0472824949"><ele>207.000</ele></trkpt>
      <trkpt lat="22.3865972745" lon="114.0473220620"><ele>207.000</ele></trkpt>
      <trkpt lat="22.3866300501" lon="114.0473472384"><ele>208.000</ele></trkpt>
      <trkpt lat="22.3866616554" lon="114.0473656982"><ele>208.000</ele></trkpt>
      <trkpt lat="22.3866715630" lon="114.0473693887"><ele>208.000</ele></trkpt>
      <trkpt lat="22.3866828353" lon="114.0473722488"><ele>208.000</ele></trkpt>
      <trkpt lat="22.3866969218" lon="114.0473685671"><ele>208.000</ele></trkpt>
      <trkpt lat="22.3867100377" lon="114.0473617847"><ele>206.000</ele></trkpt>
      <trkpt lat="22.3867492064" lon="114.0473368077"><ele>206.000</ele></trkpt>
      <trkpt lat="22.3867761721" lon="114.0473149921"><ele>204.000</ele></trkpt>
      <trkpt lat="22.3868238499" lon="114.0472545090"><ele>202.000</ele></trkpt>
      <trkpt lat="22.3868548350" lon="114.0472371721"><ele>202.000</ele></trkpt>
      <trkpt lat="22.3868894092" lon="114.0472293366"><ele>200.000</ele></trkpt>
      <trkpt lat="22.3869221621" lon="114.0472329555"><ele>200.000</ele></trkpt>
      <trkpt lat="22.3869446633" lon="114.0472474346"><ele>200.000</ele></trkpt>
      <trkpt lat="22.3869586205" lon="114.0472808408"><ele>200.000</ele></trkpt>
      <trkpt lat="22.3869663673" lon="114.0472993848"><ele>202.000</ele></trkpt>
      <trkpt lat="22.3869751909" lon="114.0473658663"><ele>200.000</ele></trkpt>
      <trkpt lat="22.3869692177" lon="114.0474127334"><ele>204.000</ele></trkpt>
      <trkpt lat="22.3869504870" lon="114.0474560747"><ele>204.000</ele></trkpt>
      <trkpt lat="22.3869452564" lon="114.0474919769"><ele>204.000</ele></trkpt>
      <trkpt lat="22.3869478107" lon="114.0475581524"><ele>206.000</ele></trkpt>
      <trkpt lat="22.3869509858" lon="114.0476213599"><ele>206.000</ele></trkpt>
      <trkpt lat="22.3869497895" lon="114.0476432313"><ele>206.000</ele></trkpt>
      <trkpt lat="22.3869420659" lon="114.0476649456"><ele>206.000</ele></trkpt>
      <trkpt lat="22.3868964929" lon="114.0477739700"><ele>205.000</ele></trkpt>
      <trkpt lat="22.3868437816" lon="114.0478777417"><ele>206.000</ele></trkpt>
      <trkpt lat="22.3868305501" lon="114.0478981035"><ele>208.000</ele></trkpt>
      <trkpt lat="22.3868113657" lon="114.0479117859"><ele>208.000</ele></trkpt>
      <trkpt lat="22.3867413324" lon="114.0479536955"><ele>209.000</ele></trkpt>
      <trkpt lat="22.3866569829" lon="114.0479876982"><ele>209.000</ele></trkpt>
      <trkpt lat="22.3865867668" lon="114.0479963217"><ele>210.000</ele></trkpt>
      <trkpt lat="22.3865295015" lon="114.0480018183"><ele>213.000</ele></trkpt>
      <trkpt lat="22.3865067277" lon="114.0480962360"><ele>215.000</ele></trkpt>
      <trkpt lat="22.3865142613" lon="114.0481533973"><ele>214.000</ele></trkpt>
      <trkpt lat="22.3865096087" lon="114.0481964661"><ele>212.000</ele></trkpt>
      <trkpt lat="22.3864888570" lon="114.0482218590"><ele>210.000</ele></trkpt>
      <trkpt lat="22.3864491914" lon="114.0482468575"><ele>214.000</ele></trkpt>
      <trkpt lat="22.3864015057" lon="114.0483227935"><ele>214.000</ele></trkpt>
      <trkpt lat="22.3863991526" lon="114.0484095482"><ele>212.000</ele></trkpt>
      <trkpt lat="22.3864104979" lon="114.0484474868"><ele>212.000</ele></trkpt>
      <trkpt lat="22.3864120596" lon="114.0484899808"><ele>212.000</ele></trkpt>
      <trkpt lat="22.3863915374" lon="114.0485361832"><ele>212.000</ele></trkpt>
      <trkpt lat="22.3862821478" lon="114.0486907209"><ele>211.000</ele></trkpt>
      <trkpt lat="22.3862758751" lon="114.0486995825"><ele>211.000</ele></trkpt>
      <trkpt lat="22.3861862128" lon="114.0488681718"><ele>211.000</ele></trkpt>
      <trkpt lat="22.3861318352" lon="114.0489704161"><ele>210.000</ele></trkpt>
      <trkpt lat="22.3860214102" lon="114.0491240997"><ele>215.000</ele></trkpt>
      <trkpt lat="22.3859698705" lon="114.0491958298"><ele>216.000</ele></trkpt>
      <trkpt lat="22.3858514642" lon="114.0493424817"><ele>216.000</ele></trkpt>
      <trkpt lat="22.3858053780" lon="114.0493995616"><ele>217.000</ele></trkpt>
      <trkpt lat="22.3856447230" lon="114.0494882984"><ele>226.000</ele></trkpt>
      <trkpt lat="22.3856229599" lon="114.0495003192"><ele>226.000</ele></trkpt>
      <trkpt lat="22.3855073837" lon="114.0496495585"><ele>231.000</ele></trkpt>
      <trkpt lat="22.3854994667" lon="114.0496597814"><ele>231.000</ele></trkpt>
      <trkpt lat="22.3854654249" lon="114.0498017317"><ele>226.000</ele></trkpt>
      <trkpt lat="22.3853498008" lon="114.0499509280"><ele>236.000</ele></trkpt>
      <trkpt lat="22.3853191957" lon="114.0499904195"><ele>234.000</ele></trkpt>
      <trkpt lat="22.3852996733" lon="114.0500177917"><ele>241.000</ele></trkpt>
      <trkpt lat="22.3852828327" lon="114.0500446701"><ele>241.000</ele></trkpt>
      <trkpt lat="22.3852850359" lon="114.0500675014"><ele>241.000</ele></trkpt>
      <trkpt lat="22.3852932474" lon="114.0500940522"><ele>241.000</ele></trkpt>
      <trkpt lat="22.3853192894" lon="114.0501468480"><ele>236.000</ele></trkpt>
      <trkpt lat="22.3853572472" lon="114.0501789438"><ele>233.000</ele></trkpt>
      <trkpt lat="22.3853977071" lon="114.0501946810"><ele>230.000</ele></trkpt>
      <trkpt lat="22.3854522402" lon="114.0501930974"><ele>228.000</ele></trkpt>
      <trkpt lat="22.3856326557" lon="114.0501840864"><ele>224.000</ele></trkpt>
      <trkpt lat="22.3857047052" lon="114.0501804879"><ele>224.000</ele></trkpt>
      <trkpt lat="22.3858826786" lon="114.0501969920"><ele>225.000</ele></trkpt>
      <trkpt lat="22.3860034588" lon="114.0502003474"><ele>226.000</ele></trkpt>
      <trkpt lat="22.3860791211" lon="114.0501717959"><ele>225.000</ele></trkpt>
      <trkpt lat="22.3861466602" lon="114.0501255920"><ele>223.000</ele></trkpt>
      <trkpt lat="22.3863197650" lon="114.0500701878"><ele>224.000</ele></trkpt>
      <trkpt lat="22.3864254522" lon="114.0500363613"><ele>221.000</ele></trkpt>
      <trkpt lat="22.3865634397" lon="114.0500219403"><ele>222.000</ele></trkpt>
      <trkpt lat="22.3866829026" lon="114.0499899929"><ele>218.000</ele></trkpt>
      <trkpt lat="22.3866951950" lon="114.0499555304"><ele>218.000</ele></trkpt>
      <trkpt lat="22.3867002427" lon="114.0499228554"><ele>216.000</ele></trkpt>
      <trkpt lat="22.3867148112" lon="114.0498819838"><ele>213.000</ele></trkpt>
      <trkpt lat="22.3867362743" lon="114.0498536948"><ele>210.000</ele></trkpt>
      <trkpt lat="22.3868272121" lon="114.0498325441"><ele>212.000</ele></trkpt>
      <trkpt lat="22.3869042477" lon="114.0498498038"><ele>214.000</ele></trkpt>
      <trkpt lat="22.3869761456" lon="114.0498069748"><ele>216.000</ele></trkpt>
      <trkpt lat="22.3870495786" lon="114.0497501281"><ele>213.000</ele></trkpt>
      <trkpt lat="22.3870989625" lon="114.0497221943"><ele>214.000</ele></trkpt>
      <trkpt lat="22.3871512065" lon="114.0497151240"><ele>214.000</ele></trkpt>
      <trkpt lat="22.3872115930" lon="114.0497317365"><ele>212.000</ele></trkpt>
      <trkpt lat="22.3872643121" lon="114.0497235880"><ele>213.000</ele></trkpt>
      <trkpt lat="22.3873155104" lon="114.0496786142"><ele>212.000</ele></trkpt>
      <trkpt lat="22.3873882936" lon="114.0496454211"><ele>210.000</ele></trkpt>
      <trkpt lat="22.3874699211" lon="114.0496670210"><ele>211.000</ele></trkpt>
      <trkpt lat="22.3875195888" lon="114.0497037502"><ele>208.000</ele></trkpt>
      <trkpt lat="22.3875850724" lon="114.0497655574"><ele>210.000</ele></trkpt>
      <trkpt lat="22.3876481241" lon="114.0498240012"><ele>211.000</ele></trkpt>
      <trkpt lat="22.3877219562" lon="114.0498200013"><ele>211.000</ele></trkpt>
      <trkpt lat="22.3877505796" lon="114.0498457242"><ele>212.000</ele></trkpt>
      <trkpt lat="22.3877798676" lon="114.0498714484"><ele>214.000</ele></trkpt>
      <trkpt lat="22.3878035944" lon="114.0498600479"><ele>217.000</ele></trkpt>
      <trkpt lat="22.3878116465" lon="114.0498559912"><ele>217.000</ele></trkpt>
      <trkpt lat="22.3878386746" lon="114.0498086086"><ele>217.000</ele></trkpt>
      <trkpt lat="22.3878408870" lon="114.0497982054"><ele>214.000</ele></trkpt>
      <trkpt lat="22.3878281727" lon="114.0497070142"><ele>211.000</ele></trkpt>
      <trkpt lat="22.3878292999" lon="114.0496935444"><ele>211.000</ele></trkpt>
      <trkpt lat="22.3878358539" lon="114.0496677760"><ele>212.000</ele></trkpt>
      <trkpt lat="22.3878474332" lon="114.0496361960"><ele>212.000</ele></trkpt>
      <trkpt lat="22.3878566138" lon="114.0496203699"><ele>212.000</ele></trkpt>
      <trkpt lat="22.3878740891" lon="114.0496104190"><ele>210.000</ele></trkpt>
      <trkpt lat="22.3879193224" lon="114.0495983949"><ele>210.000</ele></trkpt>
      <trkpt lat="22.3879717153" lon="114.0495843152"><ele>212.000</ele></trkpt>
      <trkpt lat="22.3879869724" lon="114.0495786021"><ele>212.000</ele></trkpt>
      <trkpt lat="22.3880172629" lon="114.0495584919"><ele>212.000</ele></trkpt>
      <trkpt lat="22.3880261603" lon="114.0495487634"><ele>212.000</ele></trkpt>
      <trkpt lat="22.3880469104" lon="114.0494670677"><ele>210.000</ele></trkpt>
      <trkpt lat="22.3880553344" lon="114.0494538448"><ele>210.000</ele></trkpt>
      <trkpt lat="22.3880999967" lon="114.0494161547"><ele>208.000</ele></trkpt>
      <trkpt lat="22.3881164247" lon="114.0494065650"><ele>208.000</ele></trkpt>
      <trkpt lat="22.3881664261" lon="114.0493945752"><ele>208.000</ele></trkpt>
      <trkpt lat="22.3881849752" lon="114.0493950536"><ele>208.000</ele></trkpt>
      <trkpt lat="22.3882493109" lon="114.0494324978"><ele>211.000</ele></trkpt>
      <trkpt lat="22.3882681341" lon="114.0494372000"><ele>211.000</ele></trkpt>
      <trkpt lat="22.3882876995" lon="114.0494324628"><ele>211.000</ele></trkpt>
      <trkpt lat="22.3883197952" lon="114.0494112253"><ele>208.000</ele></trkpt>
      <trkpt lat="22.3883753329" lon="114.0493654479"><ele>207.000</ele></trkpt>
      <trkpt lat="22.3884000045" lon="114.0493543931"><ele>207.000</ele></trkpt>
      <trkpt lat="22.3884487955" lon="114.0493418412"><ele>208.000</ele></trkpt>
      <trkpt lat="22.3885282344" lon="114.0493261733"><ele>210.000</ele></trkpt>
      <trkpt lat="22.3886027503" lon="114.0493111508"><ele>208.000</ele></trkpt>
      <trkpt lat="22.3886723607" lon="114.0492923262"><ele>210.000</ele></trkpt>
      <trkpt lat="22.3887481524" lon="114.0492563370"><ele>209.000</ele></trkpt>
      <trkpt lat="22.3888265620" lon="114.0492191995"><ele>208.000</ele></trkpt>
      <trkpt lat="22.3889215788" lon="114.0491707047"><ele>207.000</ele></trkpt>
      <trkpt lat="22.3889984625" lon="114.0491224895"><ele>205.000</ele></trkpt>
      <trkpt lat="22.3890800974" lon="114.0490871735"><ele>206.000</ele></trkpt>
      <trkpt lat="22.3891217180" lon="114.0490973299"><ele>204.000</ele></trkpt>
      <trkpt lat="22.3891423001" lon="114.0491221591"><ele>204.000</ele></trkpt>
      <trkpt lat="22.3891225687" lon="114.0492025474"><ele>204.000</ele></trkpt>
      <trkpt lat="22.3891117417" lon="114.0492709115"><ele>204.000</ele></trkpt>
      <trkpt lat="22.3890977968" lon="114.0493498728"><ele>203.000</ele></trkpt>
      <trkpt lat="22.3890729094" lon="114.0494309999"><ele>206.000</ele></trkpt>
      <trkpt lat="22.3890477852" lon="114.0495094762"><ele>212.000</ele></trkpt>
      <trkpt lat="22.3890339605" lon="114.0495796782"><ele>208.000</ele></trkpt>
      <trkpt lat="22.3890060220" lon="114.0496508448"><ele>211.000</ele></trkpt>
      <trkpt lat="22.3889949753" lon="114.0497282206"><ele>208.000</ele></trkpt>
      <trkpt lat="22.3890092271" lon="114.0497878221"><ele>204.000</ele></trkpt>
      <trkpt lat="22.3890125417" lon="114.0498688457"><ele>204.000</ele></trkpt>
      <trkpt lat="22.3889937306" lon="114.0499487339"><ele>206.000</ele></trkpt>
      <trkpt lat="22.3889485847" lon="114.0500146819"><ele>206.000</ele></trkpt>
      <trkpt lat="22.3889049558" lon="114.0500344828"><ele>207.000</ele></trkpt>
      <trkpt lat="22.3888343305" lon="114.0500489382"><ele>206.000</ele></trkpt>
      <trkpt lat="22.3887743937" lon="114.0500586547"><ele>212.000</ele></trkpt>
      <trkpt lat="22.3887921511" lon="114.0500976565"><ele>207.000</ele></trkpt>
      <trkpt lat="22.3888273062" lon="114.0501313598"><ele>206.000</ele></trkpt>
      <trkpt lat="22.3888747122" lon="114.0501721798"><ele>206.000</ele></trkpt>
      <trkpt lat="22.3889381351" lon="114.0502090145"><ele>206.000</ele></trkpt>
      <trkpt lat="22.3889887537" lon="114.0502584733"><ele>205.000</ele></trkpt>
      <trkpt lat="22.3890373008" lon="114.0503266475"><ele>204.000</ele></trkpt>
      <trkpt lat="22.3890760139" lon="114.0503835468"><ele>202.000</ele></trkpt>
      <trkpt lat="22.3891269780" lon="114.0504592643"><ele>206.000</ele></trkpt>
      <trkpt lat="22.3891279816" lon="114.0504607588"><ele>206.000</ele></trkpt>
      <trkpt lat="22.3891671932" lon="114.0504853597"><ele>207.000</ele></trkpt>
      <trkpt lat="22.3892260731" lon="114.0504752072"><ele>204.000</ele></trkpt>
      <trkpt lat="22.3892608461" lon="114.0504591433"><ele>204.000</ele></trkpt>
      <trkpt lat="22.3892964766" lon="114.0504426805"><ele>206.000</ele></trkpt>
      <trkpt lat="22.3893611555" lon="114.0504112367"><ele>203.000</ele></trkpt>
      <trkpt lat="22.3894186431" lon="114.0503757792"><ele>202.000</ele></trkpt>
      <trkpt lat="22.3894635818" lon="114.0503680185"><ele>202.000</ele></trkpt>
      <trkpt lat="22.3895081885" lon="114.0503397876"><ele>202.000</ele></trkpt>
      <trkpt lat="22.3895570947" lon="114.0503129124"><ele>200.000</ele></trkpt>
      <trkpt lat="22.3896047061" lon="114.0503047026"><ele>200.000</ele></trkpt>
      <trkpt lat="22.3896582542" lon="114.0503231435"><ele>200.000</ele></trkpt>
      <trkpt lat="22.3897094079" lon="114.0503652228"><ele>200.000</ele></trkpt>
      <trkpt lat="22.3897324660" lon="114.0504155138"><ele>200.000</ele></trkpt>
      <trkpt lat="22.3897388843" lon="114.0504587114"><ele>200.000</ele></trkpt>
      <trkpt lat="22.3897428524" lon="114.0504854320"><ele>200.000</ele></trkpt>
      <trkpt lat="22.3897542744" lon="114.0505307713"><ele>200.000</ele></trkpt>
      <trkpt lat="22.3897976376" lon="114.0505523581"><ele>200.000</ele></trkpt>
      <trkpt lat="22.3898526743" lon="114.0505700899"><ele>200.000</ele></trkpt>
      <trkpt lat="22.3899032464" lon="114.0505949419"><ele>200.000</ele></trkpt>
      <trkpt lat="22.3899548608" lon="114.0506361373"><ele>198.000</ele></trkpt>
      <trkpt lat="22.3899566964" lon="114.0506138007"><ele>198.000</ele></trkpt>
      <trkpt lat="22.3899611348" lon="114.0506101570"><ele>198.000</ele></trkpt>
      <trkpt lat="22.3899655489" lon="114.0506078127"><ele>198.000</ele></trkpt>
      <trkpt lat="22.3899694202" lon="114.0506042939"><ele>198.000</ele></trkpt>
      <trkpt lat="22.3899760630" lon="114.0505995976"><ele>198.000</ele></trkpt>
      <trkpt lat="22.3899837899" lon="114.0505955024"><ele>198.000</ele></trkpt>
      <trkpt lat="22.3899904394" lon="114.0505878539"><ele>198.000</ele></trkpt>
      <trkpt lat="22.3899976416" lon="114.0505813897"><ele>198.000</ele></trkpt>
      <trkpt lat="22.3900026381" lon="114.0505743264"><ele>198.000</ele></trkpt>
      <trkpt lat="22.3900098303" lon="114.0505678612"><ele>198.000</ele></trkpt>
      <trkpt lat="22.3900137184" lon="114.0505625566"><ele>198.000</ele></trkpt>
      <trkpt lat="22.3900220200" lon="114.0505543230"><ele>198.000</ele></trkpt>
      <trkpt lat="22.3900275840" lon="114.0505442964"><ele>198.000</ele></trkpt>
      <trkpt lat="22.3900353676" lon="114.0505319177"><ele>198.000</ele></trkpt>
      <trkpt lat="22.3900409073" lon="114.0505254356"><ele>200.000</ele></trkpt>
      <trkpt lat="22.3900452950" lon="114.0505217134"><ele>200.000</ele></trkpt>
      <trkpt lat="22.3900464393" lon="114.0505207403"><ele>200.000</ele></trkpt>
      <trkpt lat="22.3900530740" lon="114.0505172296"><ele>201.000</ele></trkpt>
      <trkpt lat="22.3900071188" lon="114.0504584691"><ele>200.000</ele></trkpt>
      <trkpt lat="22.3899752174" lon="114.0504176793"><ele>200.000</ele></trkpt>
      <trkpt lat="22.3899566629" lon="114.0503605362"><ele>200.000</ele></trkpt>
      <trkpt lat="22.3899314671" lon="114.0503064618"><ele>200.000</ele></trkpt>
      <trkpt lat="22.3898938211" lon="114.0502745996"><ele>200.000</ele></trkpt>
      <trkpt lat="22.3898508818" lon="114.0502409710"><ele>200.000</ele></trkpt>
      <trkpt lat="22.3898061015" lon="114.0502088299"><ele>200.000</ele></trkpt>
      <trkpt lat="22.3897464625" lon="114.0501606211"><ele>200.000</ele></trkpt>
      <trkpt lat="22.3897187078" lon="114.0501313681"><ele>200.000</ele></trkpt>
      <trkpt lat="22.3897003391" lon="114.0501086517"><ele>200.000</ele></trkpt>
      <trkpt lat="22.3896897497" lon="114.0500898611"><ele>200.000</ele></trkpt>
      <trkpt lat="22.3896828209" lon="114.0500752915"><ele>198.000</ele></trkpt>
      <trkpt lat="22.3896756367" lon="114.0500563133"><ele>198.000</ele></trkpt>
      <trkpt lat="22.3896723588" lon="114.0500450032"><ele>198.000</ele></trkpt>
      <trkpt lat="22.3896715239" lon="114.0500293598"><ele>198.000</ele></trkpt>
      <trkpt lat="22.3896727956" lon="114.0500158800"><ele>198.000</ele></trkpt>
      <trkpt lat="22.3896747165" lon="114.0500010499"><ele>198.000</ele></trkpt>
      <trkpt lat="22.3896775500" lon="114.0499868792"><ele>198.000</ele></trkpt>
      <trkpt lat="22.3896831885" lon="114.0499682293"><ele>198.000</ele></trkpt>
      <trkpt lat="22.3896941825" lon="114.0499386111"><ele>198.000</ele></trkpt>
      <trkpt lat="22.3897011784" lon="114.0499236792"><ele>198.000</ele></trkpt>
      <trkpt lat="22.3897464752" lon="114.0498532734"><ele>198.000</ele></trkpt>
      <trkpt lat="22.3897788406" lon="114.0497970281"><ele>197.000</ele></trkpt>
      <trkpt lat="22.3898185657" lon="114.0497497197"><ele>196.000</ele></trkpt>
      <trkpt lat="22.3898544483" lon="114.0497221277"><ele>197.000</ele></trkpt>
      <trkpt lat="22.3898656444" lon="114.0497083767"><ele>200.000</ele></trkpt>
      <trkpt lat="22.3898772982" lon="114.0496451486"><ele>197.000</ele></trkpt>
      <trkpt lat="22.3898882190" lon="114.0496143747"><ele>197.000</ele></trkpt>
      <trkpt lat="22.3899024433" lon="114.0495918715"><ele>195.000</ele></trkpt>
      <trkpt lat="22.3899482879" lon="114.0495544819"><ele>195.000</ele></trkpt>
      <trkpt lat="22.3899636744" lon="114.0495296664"><ele>198.000</ele></trkpt>
      <trkpt lat="22.3899701869" lon="114.0495086268"><ele>196.000</ele></trkpt>
      <trkpt lat="22.3899770669" lon="114.0494496757"><ele>195.000</ele></trkpt>
      <trkpt lat="22.3899863636" lon="114.0494208746"><ele>195.000</ele></trkpt>
      <trkpt lat="22.3900031526" lon="114.0493881435"><ele>196.000</ele></trkpt>
      <trkpt lat="22.3900307411" lon="114.0493312225"><ele>194.000</ele></trkpt>
      <trkpt lat="22.3900393827" lon="114.0493190275"><ele>194.000</ele></trkpt>
      <trkpt lat="22.3900548691" lon="114.0493064379"><ele>193.000</ele></trkpt>
      <trkpt lat="22.3900789958" lon="114.0492913835"><ele>193.000</ele></trkpt>
      <trkpt lat="22.3900884390" lon="114.0492879275"><ele>193.000</ele></trkpt>
      <trkpt lat="22.3901005467" lon="114.0492851295"><ele>194.000</ele></trkpt>
      <trkpt lat="22.3901270767" lon="114.0492832019"><ele>194.000</ele></trkpt>
      <trkpt lat="22.3901443521" lon="114.0492832648"><ele>194.000</ele></trkpt>
      <trkpt lat="22.3901999873" lon="114.0492924676"><ele>194.000</ele></trkpt>
      <trkpt lat="22.3902089912" lon="114.0492931683"><ele>194.000</ele></trkpt>
      <trkpt lat="22.3902162122" lon="114.0492888209"><ele>194.000</ele></trkpt>
      <trkpt lat="22.3902278601" lon="114.0492755744"><ele>196.000</ele></trkpt>
      <trkpt lat="22.3902377735" lon="114.0492614361"><ele>195.000</ele></trkpt>
      <trkpt lat="22.3902431826" lon="114.0492498072"><ele>195.000</ele></trkpt>
      <trkpt lat="22.3902436705" lon="114.0492386587"><ele>195.000</ele></trkpt>
      <trkpt lat="22.3902430747" lon="114.0492274724"><ele>195.000</ele></trkpt>
      <trkpt lat="22.3902385329" lon="114.0491938099"><ele>196.000</ele></trkpt>
      <trkpt lat="22.3902272677" lon="114.0491427498"><ele>196.000</ele></trkpt>
      <trkpt lat="22.3902255033" lon="114.0491041022"><ele>194.000</ele></trkpt>
      <trkpt lat="22.3902263362" lon="114.0490724149"><ele>195.000</ele></trkpt>
      <trkpt lat="22.3902275846" lon="114.0490638003"><ele>195.000</ele></trkpt>
      <trkpt lat="22.3902307821" lon="114.0490532222"><ele>195.000</ele></trkpt>
      <trkpt lat="22.3902517074" lon="114.0489981231"><ele>194.000</ele></trkpt>
      <trkpt lat="22.3902550712" lon="114.0489923518"><ele>194.000</ele></trkpt>
      <trkpt lat="22.3902596723" lon="114.0489867832"><ele>194.000</ele></trkpt>
      <trkpt lat="22.3903032327" lon="114.0489490361"><ele>194.000</ele></trkpt>
      <trkpt lat="22.3903544584" lon="114.0489093495"><ele>192.000</ele></trkpt>
      <trkpt lat="22.3903866966" lon="114.0488742444"><ele>192.000</ele></trkpt>
      <trkpt lat="22.3903924791" lon="114.0488664995"><ele>192.000</ele></trkpt>
      <trkpt lat="22.3903969778" lon="114.0488570079"><ele>192.000</ele></trkpt>
      <trkpt lat="22.3904092654" lon="114.0488191048"><ele>193.000</ele></trkpt>
      <trkpt lat="22.3904102529" lon="114.0488117140"><ele>193.000</ele></trkpt>
      <trkpt lat="22.3904080398" lon="114.0487641716"><ele>191.000</ele></trkpt>
      <trkpt lat="22.3904089821" lon="114.0487578684"><ele>191.000</ele></trkpt>
      <trkpt lat="22.3904188978" lon="114.0487239392"><ele>189.000</ele></trkpt>
      <trkpt lat="22.3904255205" lon="114.0487053854"><ele>189.000</ele></trkpt>
      <trkpt lat="22.3904326057" lon="114.0486891908"><ele>189.000</ele></trkpt>
      <trkpt lat="22.3904500437" lon="114.0486552451"><ele>188.000</ele></trkpt>
      <trkpt lat="22.3904807226" lon="114.0486011468"><ele>188.000</ele></trkpt>
      <trkpt lat="22.3904933605" lon="114.0485609040"><ele>186.000</ele></trkpt>
      <trkpt lat="22.3904972804" lon="114.0485389247"><ele>187.000</ele></trkpt>
      <trkpt lat="22.3905034121" lon="114.0484934906"><ele>187.000</ele></trkpt>
      <trkpt lat="22.3905072378" lon="114.0484779983"><ele>186.000</ele></trkpt>
      <trkpt lat="22.3905179978" lon="114.0484497890"><ele>186.000</ele></trkpt>
      <trkpt lat="22.3905330028" lon="114.0484223993"><ele>183.000</ele></trkpt>
      <trkpt lat="22.3905682796" lon="114.0483701330"><ele>182.000</ele></trkpt>
      <trkpt lat="22.3906021748" lon="114.0483180214"><ele>183.000</ele></trkpt>
      <trkpt lat="22.3906417570" lon="114.0482631195"><ele>184.000</ele></trkpt>
      <trkpt lat="22.3906781144" lon="114.0482070533"><ele>184.000</ele></trkpt>
      <trkpt lat="22.3906986088" lon="114.0481782611"><ele>182.000</ele></trkpt>
      <trkpt lat="22.3907194126" lon="114.0481513913"><ele>180.000</ele></trkpt>
      <trkpt lat="22.3907220177" lon="114.0481453876"><ele>182.000</ele></trkpt>
      <trkpt lat="22.3907218762" lon="114.0481389494"><ele>180.000</ele></trkpt>
      <trkpt lat="22.3907174083" lon="114.0481077243"><ele>180.000</ele></trkpt>
      <trkpt lat="22.3907176312" lon="114.0481040232"><ele>180.000</ele></trkpt>
      <trkpt lat="22.3907184059" lon="114.0481004878"><ele>180.000</ele></trkpt>
      <trkpt lat="22.3907196511" lon="114.0480993029"><ele>180.000</ele></trkpt>
      <trkpt lat="22.3907556101" lon="114.0480884897"><ele>180.000</ele></trkpt>
      <trkpt lat="22.3908032787" lon="114.0480615078"><ele>182.000</ele></trkpt>
      <trkpt lat="22.3908130465" lon="114.0480462333"><ele>182.000</ele></trkpt>
      <trkpt lat="22.3908217536" lon="114.0480256867"><ele>182.000</ele></trkpt>
      <trkpt lat="22.3908273477" lon="114.0480082213"><ele>182.000</ele></trkpt>
      <trkpt lat="22.3908378980" lon="114.0479537432"><ele>180.000</ele></trkpt>
      <trkpt lat="22.3908401146" lon="114.0479487303"><ele>180.000</ele></trkpt>
      <trkpt lat="22.3908445785" lon="114.0479409769"><ele>180.000</ele></trkpt>
      <trkpt lat="22.3908484572" lon="114.0479355158"><ele>180.000</ele></trkpt>
      <trkpt lat="22.3908548188" lon="114.0479292658"><ele>180.000</ele></trkpt>
      <trkpt lat="22.3908597644" lon="114.0479254255"><ele>180.000</ele></trkpt>
      <trkpt lat="22.3908628422" lon="114.0479234134"><ele>180.000</ele></trkpt>
      <trkpt lat="22.3909203305" lon="114.0479009283"><ele>179.000</ele></trkpt>
      <trkpt lat="22.3909739726" lon="114.0478794167"><ele>180.000</ele></trkpt>
      <trkpt lat="22.3910237653" lon="114.0478663194"><ele>181.000</ele></trkpt>
      <trkpt lat="22.3910775365" lon="114.0478595119"><ele>178.000</ele></trkpt>
      <trkpt lat="22.3911280488" lon="114.0478654084"><ele>180.000</ele></trkpt>
      <trkpt lat="22.3911857533" lon="114.0478865241"><ele>178.000</ele></trkpt>
      <trkpt lat="22.3912333239" lon="114.0479076112"><ele>178.000</ele></trkpt>
      <trkpt lat="22.3912811639" lon="114.0479473625"><ele>178.000</ele></trkpt>
      <trkpt lat="22.3913274736" lon="114.0479829784"><ele>179.000</ele></trkpt>
      <trkpt lat="22.3913398675" lon="114.0479892208"><ele>179.000</ele></trkpt>
      <trkpt lat="22.3913531179" lon="114.0479926084"><ele>179.000</ele></trkpt>
      <trkpt lat="22.3913679480" lon="114.0479951380"><ele>178.000</ele></trkpt>
      <trkpt lat="22.3913772132" lon="114.0479949838"><ele>178.000</ele></trkpt>
      <trkpt lat="22.3914232999" lon="114.0479888235"><ele>178.000</ele></trkpt>
      <trkpt lat="22.3914333120" lon="114.0479853669"><ele>178.000</ele></trkpt>
      <trkpt lat="22.3914426280" lon="114.0479809884"><ele>178.000</ele></trkpt>
      <trkpt lat="22.3914528104" lon="114.0479748417"><ele>180.000</ele></trkpt>
      <trkpt lat="22.3914560483" lon="114.0479708960"><ele>180.000</ele></trkpt>
      <trkpt lat="22.3914612431" lon="114.0479612192"><ele>180.000</ele></trkpt>
      <trkpt lat="22.3914710453" lon="114.0479336213"><ele>178.000</ele></trkpt>
      <trkpt lat="22.3914731463" lon="114.0479297156"><ele>178.000</ele></trkpt>
      <trkpt lat="22.3914773415" lon="114.0479247009"><ele>178.000</ele></trkpt>
      <trkpt lat="22.3914994524" lon="114.0478960526"><ele>177.000</ele></trkpt>
      <trkpt lat="22.3915118234" lon="114.0478836598"><ele>177.000</ele></trkpt>
      <trkpt lat="22.3915501334" lon="114.0478530252"><ele>176.000</ele></trkpt>
      <trkpt lat="22.3915945634" lon="114.0478303383"><ele>176.000</ele></trkpt>
      <trkpt lat="22.3916426736" lon="114.0478124549"><ele>176.000</ele></trkpt>
      <trkpt lat="22.3916830793" lon="114.0478064357"><ele>173.000</ele></trkpt>
      <trkpt lat="22.3917041844" lon="114.0478073679"><ele>173.000</ele></trkpt>
      <trkpt lat="22.3917243814" lon="114.0478134769"><ele>174.000</ele></trkpt>
      <trkpt lat="22.3917772919" lon="114.0478484458"><ele>174.000</ele></trkpt>
      <trkpt lat="22.3917926781" lon="114.0478563655"><ele>174.000</ele></trkpt>
      <trkpt lat="22.3918107967" lon="114.0478618646"><ele>176.000</ele></trkpt>
      <trkpt lat="22.3918202706" lon="114.0478629144"><ele>176.000</ele></trkpt>
      <trkpt lat="22.3918326843" lon="114.0478589418"><ele>174.000</ele></trkpt>
      <trkpt lat="22.3918640801" lon="114.0478435297"><ele>174.000</ele></trkpt>
      <trkpt lat="22.3919105065" lon="114.0478216760"><ele>174.000</ele></trkpt>
      <trkpt lat="22.3919510843" lon="114.0478037219"><ele>171.000</ele></trkpt>
      <trkpt lat="22.3919626223" lon="114.0477999919"><ele>171.000</ele></trkpt>
      <trkpt lat="22.3919870767" lon="114.0477998431"><ele>171.000</ele></trkpt>
      <trkpt lat="22.3920111460" lon="114.0478035790"><ele>171.000</ele></trkpt>
      <trkpt lat="22.3920591760" lon="114.0478221905"><ele>172.000</ele></trkpt>
      <trkpt lat="22.3920913511" lon="114.0478328419"><ele>172.000</ele></trkpt>
      <trkpt lat="22.3921024694" lon="114.0478350069"><ele>172.000</ele></trkpt>
      <trkpt lat="22.3921188230" lon="114.0478342927"><ele>172.000</ele></trkpt>
      <trkpt lat="22.3921407187" lon="114.0478301453"><ele>170.000</ele></trkpt>
      <trkpt lat="22.3921858984" lon="114.0478190234"><ele>170.000</ele></trkpt>
      <trkpt lat="22.3922370702" lon="114.0478026229"><ele>168.000</ele></trkpt>
      <trkpt lat="22.3922884117" lon="114.0477839207"><ele>168.000</ele></trkpt>
      <trkpt lat="22.3923233637" lon="114.0477775957"><ele>168.000</ele></trkpt>
      <trkpt lat="22.3923375683" lon="114.0477770970"><ele>168.000</ele></trkpt>
      <trkpt lat="22.3923501689" lon="114.0477808921"><ele>166.000</ele></trkpt>
      <trkpt lat="22.3923620312" lon="114.0477875332"><ele>166.000</ele></trkpt>
      <trkpt lat="22.3923791445" lon="114.0477994911"><ele>166.000</ele></trkpt>
      <trkpt lat="22.3923960778" lon="114.0478235005"><ele>166.000</ele></trkpt>
      <trkpt lat="22.3924068442" lon="114.0478487790"><ele>166.000</ele></trkpt>
      <trkpt lat="22.3924149342" lon="114.0478810791"><ele>166.000</ele></trkpt>
      <trkpt lat="22.3924168547" lon="114.0479112300"><ele>165.000</ele></trkpt>
      <trkpt lat="22.3924129148" lon="114.0479306460"><ele>165.000</ele></trkpt>
      <trkpt lat="22.3924012376" lon="114.0479625584"><ele>165.000</ele></trkpt>
      <trkpt lat="22.3923915930" lon="114.0479749381"><ele>166.000</ele></trkpt>
      <trkpt lat="22.3923680031" lon="114.0479948587"><ele>166.000</ele></trkpt>
      <trkpt lat="22.3923152613" lon="114.0480231362"><ele>165.000</ele></trkpt>
      <trkpt lat="22.3923005248" lon="114.0480371821"><ele>166.000</ele></trkpt>
      <trkpt lat="22.3922795491" lon="114.0480625277"><ele>165.000</ele></trkpt>
      <trkpt lat="22.3922336777" lon="114.0481123000"><ele>165.000</ele></trkpt>
      <trkpt lat="22.3921938548" lon="114.0481483353"><ele>166.000</ele></trkpt>
      <trkpt lat="22.3921910581" lon="114.0481518338"><ele>165.000</ele></trkpt>
      <trkpt lat="22.3921882908" lon="114.0481581680"><ele>165.000</ele></trkpt>
      <trkpt lat="22.3921863846" lon="114.0481685993"><ele>165.000</ele></trkpt>
      <trkpt lat="22.3921860283" lon="114.0482088032"><ele>164.000</ele></trkpt>
      <trkpt lat="22.3922004966" lon="114.0482674637"><ele>164.000</ele></trkpt>
      <trkpt lat="22.3922026560" lon="114.0482914964"><ele>164.000</ele></trkpt>
      <trkpt lat="22.3922035915" lon="114.0483312232"><ele>164.000</ele></trkpt>
      <trkpt lat="22.3922020713" lon="114.0483398286"><ele>164.000</ele></trkpt>
      <trkpt lat="22.3921980972" lon="114.0483504075"><ele>164.000</ele></trkpt>
      <trkpt lat="22.3921930857" lon="114.0483623178"><ele>164.000</ele></trkpt>
      <trkpt lat="22.3921872317" lon="114.0483708300"><ele>164.000</ele></trkpt>
      <trkpt lat="22.3921836854" lon="114.0483742418"><ele>164.000</ele></trkpt>
      <trkpt lat="22.3921526276" lon="114.0483945275"><ele>163.000</ele></trkpt>
      <trkpt lat="22.3921318833" lon="114.0484111368"><ele>163.000</ele></trkpt>
      <trkpt lat="22.3921252023" lon="114.0484233690"><ele>163.000</ele></trkpt>
      <trkpt lat="22.3921206616" lon="114.0484379106"><ele>164.000</ele></trkpt>
      <trkpt lat="22.3921178119" lon="114.0484542568"><ele>163.000</ele></trkpt>
      <trkpt lat="22.3921146307" lon="114.0484625140"><ele>163.000</ele></trkpt>
      <trkpt lat="22.3921124875" lon="114.0484702460"><ele>163.000</ele></trkpt>
      <trkpt lat="22.3921013905" lon="114.0484948444"><ele>162.000</ele></trkpt>
      <trkpt lat="22.3920965995" lon="114.0485000937"><ele>162.000</ele></trkpt>
      <trkpt lat="22.3920906917" lon="114.0485091099"><ele>162.000</ele></trkpt>
      <trkpt lat="22.3920866258" lon="114.0485178059"><ele>162.000</ele></trkpt>
      <trkpt lat="22.3920775406" lon="114.0485285439"><ele>162.000</ele></trkpt>
      <trkpt lat="22.3920679837" lon="114.0485365934"><ele>165.000</ele></trkpt>
      <trkpt lat="22.3920605131" lon="114.0485449323"><ele>164.000</ele></trkpt>
      <trkpt lat="22.3920306743" lon="114.0485674309"><ele>166.000</ele></trkpt>
      <trkpt lat="22.3920270734" lon="114.0485703086"><ele>166.000</ele></trkpt>
      <trkpt lat="22.3920063601" lon="114.0485839424"><ele>166.000</ele></trkpt>
      <trkpt lat="22.3920011600" lon="114.0485868799"><ele>166.000</ele></trkpt>
      <trkpt lat="22.3919702581" lon="114.0486090881"><ele>169.000</ele></trkpt>
      <trkpt lat="22.3919413092" lon="114.0486366356"><ele>172.000</ele></trkpt>
      <trkpt lat="22.3919387500" lon="114.0486423383"><ele>172.000</ele></trkpt>
      <trkpt lat="22.3919374600" lon="114.0486452042"><ele>172.000</ele></trkpt>
      <trkpt lat="22.3919441872" lon="114.0486559772"><ele>170.000</ele></trkpt>
      <trkpt lat="22.3919505064" lon="114.0486646142"><ele>170.000</ele></trkpt>
      <trkpt lat="22.3919557380" lon="114.0486683772"><ele>170.000</ele></trkpt>
      <trkpt lat="22.3919703117" lon="114.0486767561"><ele>170.000</ele></trkpt>
      <trkpt lat="22.3919789858" lon="114.0486840120"><ele>170.000</ele></trkpt>
      <trkpt lat="22.3920004978" lon="114.0486970147"><ele>170.000</ele></trkpt>
      <trkpt lat="22.3920064522" lon="114.0487000682"><ele>170.000</ele></trkpt>
      <trkpt lat="22.3920104093" lon="114.0487034052"><ele>170.000</ele></trkpt>
      <trkpt lat="22.3920448733" lon="114.0487422195"><ele>169.000</ele></trkpt>
      <trkpt lat="22.3920606807" lon="114.0487575590"><ele>169.000</ele></trkpt>
      <trkpt lat="22.3920654863" lon="114.0487616245"><ele>169.000</ele></trkpt>
      <trkpt lat="22.3920787487" lon="114.0487698667"><ele>166.000</ele></trkpt>
      <trkpt lat="22.3920968162" lon="114.0487746571"><ele>166.000</ele></trkpt>
      <trkpt lat="22.3921148802" lon="114.0487783890"><ele>166.000</ele></trkpt>
      <trkpt lat="22.3921510122" lon="114.0487911084"><ele>166.000</ele></trkpt>
      <trkpt lat="22.3921871431" lon="114.0488022527"><ele>164.000</ele></trkpt>
      <trkpt lat="22.3922641563" lon="114.0488391345"><ele>160.000</ele></trkpt>
      <trkpt lat="22.3922913896" lon="114.0488585344"><ele>160.000</ele></trkpt>
      <trkpt lat="22.3922955570" lon="114.0488628608"><ele>160.000</ele></trkpt>
      <trkpt lat="22.3923065581" lon="114.0488779426"><ele>158.000</ele></trkpt>
      <trkpt lat="22.3923124614" lon="114.0488973592"><ele>159.000</ele></trkpt>
      <trkpt lat="22.3923143533" lon="114.0489167804"><ele>159.000</ele></trkpt>
      <trkpt lat="22.3923147208" lon="114.0489362021"><ele>160.000</ele></trkpt>
      <trkpt lat="22.3923118383" lon="114.0489556267"><ele>160.000</ele></trkpt>
      <trkpt lat="22.3923046360" lon="114.0489847275"><ele>160.000</ele></trkpt>
      <trkpt lat="22.3923014609" lon="114.0490007244"><ele>162.000</ele></trkpt>
      <trkpt lat="22.3922979015" lon="114.0490333294"><ele>162.000</ele></trkpt>
      <trkpt lat="22.3922966625" lon="114.0490537917"><ele>162.000</ele></trkpt>
      <trkpt lat="22.3922964512" lon="114.0490721748"><ele>162.000</ele></trkpt>
      <trkpt lat="22.3922946515" lon="114.0490915984"><ele>162.000</ele></trkpt>
      <trkpt lat="22.3922676926" lon="114.0492275790"><ele>161.000</ele></trkpt>
      <trkpt lat="22.3922658646" lon="114.0492341939"><ele>161.000</ele></trkpt>
      <trkpt lat="22.3922635629" lon="114.0492470048"><ele>161.000</ele></trkpt>
      <trkpt lat="22.3922462724" lon="114.0493101935"><ele>165.000</ele></trkpt>
      <trkpt lat="22.3922189759" lon="114.0494167305"><ele>165.000</ele></trkpt>
      <trkpt lat="22.3921939442" lon="114.0494889148"><ele>168.000</ele></trkpt>
      <trkpt lat="22.3921774668" lon="114.0495389123"><ele>168.000</ele></trkpt>
      <trkpt lat="22.3921585994" lon="114.0495813781"><ele>171.000</ele></trkpt>
      <trkpt lat="22.3921429483" lon="114.0496096980"><ele>171.000</ele></trkpt>
      <trkpt lat="22.3921344303" lon="114.0496251093"><ele>171.000</ele></trkpt>
      <trkpt lat="22.3921229208" lon="114.0496537575"><ele>171.000</ele></trkpt>
      <trkpt lat="22.3921218425" lon="114.0496708595"><ele>174.000</ele></trkpt>
      <trkpt lat="22.3921246766" lon="114.0496815585"><ele>171.000</ele></trkpt>
      <trkpt lat="22.3921368589" lon="114.0496933190"><ele>171.000</ele></trkpt>
      <trkpt lat="22.3921474617" lon="114.0496945913"><ele>171.000</ele></trkpt>
      <trkpt lat="22.3921742555" lon="114.0496903115"><ele>170.000</ele></trkpt>
      <trkpt lat="22.3922181747" lon="114.0496768821"><ele>170.000</ele></trkpt>
      <trkpt lat="22.3922356526" lon="114.0496680680"><ele>170.000</ele></trkpt>
      <trkpt lat="22.3922939574" lon="114.0496386616"><ele>168.000</ele></trkpt>
      <trkpt lat="22.3923993958" lon="114.0496169558"><ele>168.000</ele></trkpt>
      <trkpt lat="22.3924176994" lon="114.0496051111"><ele>166.000</ele></trkpt>
      <trkpt lat="22.3924749007" lon="114.0495733720"><ele>166.000</ele></trkpt>
      <trkpt lat="22.3925316344" lon="114.0495441097"><ele>165.000</ele></trkpt>
      <trkpt lat="22.3925849560" lon="114.0495282127"><ele>165.000</ele></trkpt>
      <trkpt lat="22.3926206813" lon="114.0495290542"><ele>165.000</ele></trkpt>
      <trkpt lat="22.3926208565" lon="114.0495290540"><ele>165.000</ele></trkpt>
      <trkpt lat="22.3926490592" lon="114.0495010276"><ele>162.000</ele></trkpt>
      <trkpt lat="22.3926606797" lon="114.0494884995"><ele>162.000</ele></trkpt>
      <trkpt lat="22.3926666982" lon="114.0494822790"><ele>162.000</ele></trkpt>
      <trkpt lat="22.3926815562" lon="114.0494630085"><ele>162.000</ele></trkpt>
      <trkpt lat="22.3926941749" lon="114.0494440313"><ele>162.000</ele></trkpt>
      <trkpt lat="22.3927051482" lon="114.0494226959"><ele>162.000</ele></trkpt>
      <trkpt lat="22.3927177674" lon="114.0494043209"><ele>160.000</ele></trkpt>
      <trkpt lat="22.3927293066" lon="114.0493894913"><ele>160.000</ele></trkpt>
      <trkpt lat="22.3927441401" lon="114.0493722999"><ele>160.000</ele></trkpt>
      <trkpt lat="22.3928089001" lon="114.0492721075"><ele>158.000</ele></trkpt>
      <trkpt lat="22.3928242821" lon="114.0492531278"><ele>158.000</ele></trkpt>
      <trkpt lat="22.3928517475" lon="114.0492211058"><ele>158.000</ele></trkpt>
      <trkpt lat="22.3928803137" lon="114.0491902560"><ele>158.000</ele></trkpt>
      <trkpt lat="22.3929094403" lon="114.0491600086"><ele>158.000</ele></trkpt>
      <trkpt lat="22.3929347150" lon="114.0491350864"><ele>158.000</ele></trkpt>
      <trkpt lat="22.3929416816" lon="114.0491288611"><ele>157.000</ele></trkpt>
      <trkpt lat="22.3929578463" lon="114.0491118199"><ele>156.000</ele></trkpt>
      <trkpt lat="22.3929817940" lon="114.0490897385"><ele>156.000</ele></trkpt>
      <trkpt lat="22.3930105325" lon="114.0490643528"><ele>156.000</ele></trkpt>
      <trkpt lat="22.3930366421" lon="114.0490389374"><ele>156.000</ele></trkpt>
      <trkpt lat="22.3930617108" lon="114.0490138639"><ele>156.000</ele></trkpt>
      <trkpt lat="22.3930802086" lon="114.0489894372"><ele>156.000</ele></trkpt>
      <trkpt lat="22.3930987012" lon="114.0489585877"><ele>156.000</ele></trkpt>
      <trkpt lat="22.3931124168" lon="114.0489290274"><ele>156.000</ele></trkpt>
      <trkpt lat="22.3931255270" lon="114.0488898322"><ele>158.000</ele></trkpt>
      <trkpt lat="22.3931398294" lon="114.0488474235"><ele>158.000</ele></trkpt>
      <trkpt lat="22.3931553219" lon="114.0487992338"><ele>157.000</ele></trkpt>
      <trkpt lat="22.3931732080" lon="114.0487574647"><ele>158.000</ele></trkpt>
      <trkpt lat="22.3931970682" lon="114.0487150482"><ele>156.000</ele></trkpt>
      <trkpt lat="22.3932268945" lon="114.0486642747"><ele>157.000</ele></trkpt>
      <trkpt lat="22.3932549349" lon="114.0486218544"><ele>156.000</ele></trkpt>
      <trkpt lat="22.3932859620" lon="114.0485787884"><ele>154.000</ele></trkpt>
      <trkpt lat="22.3933104283" lon="114.0485479333"><ele>156.000</ele></trkpt>
      <trkpt lat="22.3933247463" lon="114.0485254381"><ele>154.000</ele></trkpt>
      <trkpt lat="22.3933301074" lon="114.0485068054"><ele>154.000</ele></trkpt>
      <trkpt lat="22.3933324785" lon="114.0484836782"><ele>153.000</ele></trkpt>
      <trkpt lat="22.3933324576" lon="114.0484573418"><ele>153.000</ele></trkpt>
      <trkpt lat="22.3933384109" lon="114.0484316428"><ele>152.000</ele></trkpt>
      <trkpt lat="22.3933491396" lon="114.0484027269"><ele>154.000</ele></trkpt>
      <trkpt lat="22.3933682228" lon="114.0483628843"><ele>152.000</ele></trkpt>
      <trkpt lat="22.3933938654" lon="114.0483089031"><ele>152.000</ele></trkpt>
      <trkpt lat="22.3934207074" lon="114.0482619865"><ele>150.000</ele></trkpt>
      <trkpt lat="22.3934254710" lon="114.0482427124"><ele>149.000</ele></trkpt>
      <trkpt lat="22.3934320252" lon="114.0482221510"><ele>150.000</ele></trkpt>
      <trkpt lat="22.3934469376" lon="114.0481964437"><ele>149.000</ele></trkpt>
      <trkpt lat="22.3934624529" lon="114.0481771587"><ele>149.000</ele></trkpt>
      <trkpt lat="22.3934803546" lon="114.0481540173"><ele>149.000</ele></trkpt>
      <trkpt lat="22.3934970631" lon="114.0481328045"><ele>148.000</ele></trkpt>
      <trkpt lat="22.3935095966" lon="114.0481193043"><ele>148.000</ele></trkpt>
      <trkpt lat="22.3935233275" lon="114.0481102982"><ele>146.000</ele></trkpt>
      <trkpt lat="22.3935406456" lon="114.0481038584"><ele>146.000</ele></trkpt>
      <trkpt lat="22.3935555769" lon="114.0481019180"><ele>146.000</ele></trkpt>
      <trkpt lat="22.3935758865" lon="114.0481018993"><ele>146.000</ele></trkpt>
      <trkpt lat="22.3935961962" lon="114.0481031653"><ele>146.000</ele></trkpt>
      <trkpt lat="22.3936206843" lon="114.0480999313"><ele>144.000</ele></trkpt>
      <trkpt lat="22.3936493535" lon="114.0480966935"><ele>144.000</ele></trkpt>
      <trkpt lat="22.3936750344" lon="114.0480908879"><ele>143.000</ele></trkpt>
      <trkpt lat="22.3937036985" lon="114.0480812271"><ele>140.000</ele></trkpt>
      <trkpt lat="22.3937383301" lon="114.0480638512"><ele>140.000</ele></trkpt>
      <trkpt lat="22.3937729599" lon="114.0480451915"><ele>139.000</ele></trkpt>
      <trkpt lat="22.3937920635" lon="114.0480310423"><ele>139.000</ele></trkpt>
      <trkpt lat="22.3938034022" lon="114.0480175421"><ele>138.000</ele></trkpt>
      <trkpt lat="22.3938117542" lon="114.0480046876"><ele>138.000</ele></trkpt>
      <trkpt lat="22.3938260773" lon="114.0479886151"><ele>138.000</ele></trkpt>
      <trkpt lat="22.3938392118" lon="114.0479802525"><ele>136.000</ele></trkpt>
      <trkpt lat="22.3938547363" lon="114.0479725305"><ele>136.000</ele></trkpt>
      <trkpt lat="22.3938798207" lon="114.0479673682"><ele>136.000</ele></trkpt>
      <trkpt lat="22.3938977348" lon="114.0479609288"><ele>136.000</ele></trkpt>
      <trkpt lat="22.3939120629" lon="114.0479499954"><ele>134.000</ele></trkpt>
      <trkpt lat="22.3939263865" lon="114.0479345649"><ele>134.000</ele></trkpt>
      <trkpt lat="22.3939383166" lon="114.0479139993"><ele>132.000</ele></trkpt>
      <trkpt lat="22.3939556204" lon="114.0478908583"><ele>131.000</ele></trkpt>
      <trkpt lat="22.3939639718" lon="114.0478760771"><ele>131.000</ele></trkpt>
      <trkpt lat="22.3939693303" lon="114.0478555166"><ele>130.000</ele></trkpt>
      <trkpt lat="22.3939734934" lon="114.0478317458"><ele>130.000</ele></trkpt>
      <trkpt lat="22.3939782559" lon="114.0478111858"><ele>130.000</ele></trkpt>
      <trkpt lat="22.3939836179" lon="114.0477938378"><ele>128.000</ele></trkpt>
      <trkpt lat="22.3939949594" lon="114.0477848348"><ele>128.000</ele></trkpt>
      <trkpt lat="22.3940098844" lon="114.0477739009"><ele>128.000</ele></trkpt>
      <trkpt lat="22.3940248121" lon="114.0477674632"><ele>128.000</ele></trkpt>
      <trkpt lat="22.3940457128" lon="114.0477590933"><ele>128.000</ele></trkpt>
      <trkpt lat="22.3940630274" lon="114.0477494420"><ele>128.000</ele></trkpt>
      <trkpt lat="22.3940791457" lon="114.0477378650"><ele>128.000</ele></trkpt>
      <trkpt lat="22.3941006341" lon="114.0477179325"><ele>128.000</ele></trkpt>
      <trkpt lat="22.3941233117" lon="114.0476922169"><ele>126.000</ele></trkpt>
      <trkpt lat="22.3941495730" lon="114.0476658571"><ele>126.000</ele></trkpt>
      <trkpt lat="22.3941680750" lon="114.0476459263"><ele>126.000</ele></trkpt>
      <trkpt lat="22.3941818023" lon="114.0476324249"><ele>126.000</ele></trkpt>
      <trkpt lat="22.3942110566" lon="114.0476131271"><ele>125.000</ele></trkpt>
      <trkpt lat="22.3942432972" lon="114.0475938265"><ele>125.000</ele></trkpt>
      <trkpt lat="22.3942677741" lon="114.0475777455"><ele>126.000</ele></trkpt>
      <trkpt lat="22.3943012089" lon="114.0475578010"><ele>124.000</ele></trkpt>
      <trkpt lat="22.3943322563" lon="114.0475404291"><ele>124.000</ele></trkpt>
      <trkpt lat="22.3943519568" lon="114.0475262793"><ele>126.000</ele></trkpt>
      <trkpt lat="22.3943680744" lon="114.0475127746"><ele>124.000</ele></trkpt>
      <trkpt lat="22.3943835891" lon="114.0474928476"><ele>125.000</ele></trkpt>
      <trkpt lat="22.3944044792" lon="114.0474722726"><ele>125.000</ele></trkpt>
      <trkpt lat="22.3944283500" lon="114.0474446291"><ele>126.000</ele></trkpt>
      <trkpt lat="22.3944623698" lon="114.0474099114"><ele>124.000</ele></trkpt>
      <trkpt lat="22.3944874393" lon="114.0473861211"><ele>124.000</ele></trkpt>
      <trkpt lat="22.3945119101" lon="114.0473623314"><ele>122.000</ele></trkpt>
      <trkpt lat="22.3945328041" lon="114.0473456108"><ele>122.000</ele></trkpt>
      <trkpt lat="22.3945626572" lon="114.0473288819"><ele>122.000</ele></trkpt>
      <trkpt lat="22.3945925109" lon="114.0473127949"><ele>121.000</ele></trkpt>
      <trkpt lat="22.3946140066" lon="114.0473031395"><ele>120.000</ele></trkpt>
      <trkpt lat="22.3946379010" lon="114.0473050451"><ele>120.000</ele></trkpt>
      <trkpt lat="22.3946659759" lon="114.0473050191"><ele>120.000</ele></trkpt>
      <trkpt lat="22.3946916628" lon="114.0473069220"><ele>120.000</ele></trkpt>
      <trkpt lat="22.3947095798" lon="114.0473030510"><ele>118.000</ele></trkpt>
      <trkpt lat="22.3947304776" lon="114.0472921124"><ele>118.000</ele></trkpt>
      <trkpt lat="22.3947471927" lon="114.0472792491"><ele>117.000</ele></trkpt>
      <trkpt lat="22.3947633120" lon="114.0472689568"><ele>116.000</ele></trkpt>
      <trkpt lat="22.3947788369" lon="114.0472618766"><ele>116.000</ele></trkpt>
      <trkpt lat="22.3947895789" lon="114.0472496616"><ele>116.000</ele></trkpt>
      <trkpt lat="22.3948021056" lon="114.0472278105"><ele>116.000</ele></trkpt>
      <trkpt lat="22.3948098555" lon="114.0472085325"><ele>115.000</ele></trkpt>
      <trkpt lat="22.3948199943" lon="114.0471886103"><ele>115.000</ele></trkpt>
      <trkpt lat="22.3948307367" lon="114.0471770373"><ele>115.000</ele></trkpt>
      <trkpt lat="22.3948450639" lon="114.0471661038"><ele>114.000</ele></trkpt>
      <trkpt lat="22.3948575973" lon="114.0471526033"><ele>114.000</ele></trkpt>
      <trkpt lat="22.3948659436" lon="114.0471326828"><ele>114.000</ele></trkpt>
      <trkpt lat="22.3948713009" lon="114.0471095526"><ele>111.000</ele></trkpt>
      <trkpt lat="22.3948706890" lon="114.0470909252"><ele>111.000</ele></trkpt>
      <trkpt lat="22.3948748510" lon="114.0470671542"><ele>110.000</ele></trkpt>
      <trkpt lat="22.3948814087" lon="114.0470510887"><ele>110.000</ele></trkpt>
      <trkpt lat="22.3948903631" lon="114.0470440145"><ele>110.000</ele></trkpt>
      <trkpt lat="22.3949058886" lon="114.0470375771"><ele>110.000</ele></trkpt>
      <trkpt lat="22.3949184294" lon="114.0470343530"><ele>110.000</ele></trkpt>
      <trkpt lat="22.3949327595" lon="114.0470259891"><ele>106.000</ele></trkpt>
      <trkpt lat="22.3949429046" lon="114.0470150594"><ele>106.000</ele></trkpt>
      <trkpt lat="22.3949625905" lon="114.0469829234"><ele>106.000</ele></trkpt>
      <trkpt lat="22.3949810811" lon="114.0469488617"><ele>102.000</ele></trkpt>
      <trkpt lat="22.3949971880" lon="114.0469231529"><ele>101.000</ele></trkpt>
      <trkpt lat="22.3950025365" lon="114.0468891024"><ele>101.000</ele></trkpt>
      <trkpt lat="22.3950055006" lon="114.0468601943"><ele>100.000</ele></trkpt>
      <trkpt lat="22.3950072798" lon="114.0468447761"><ele>100.000</ele></trkpt>
      <trkpt lat="22.3950162264" lon="114.0468280665"><ele>98.000</ele></trkpt>
      <trkpt lat="22.3950262156" lon="114.0468163300"><ele>98.000</ele></trkpt>
      <trkpt lat="22.3950377850" lon="114.0468068236"><ele>98.000</ele></trkpt>
      <trkpt lat="22.3950477875" lon="114.0468004836"><ele>98.000</ele></trkpt>
      <trkpt lat="22.3950599478" lon="114.0467935094"><ele>96.000</ele></trkpt>
      <trkpt lat="22.3950744630" lon="114.0467863212"><ele>96.000</ele></trkpt>
      <trkpt lat="22.3950852499" lon="114.0467795580"><ele>96.000</ele></trkpt>
      <trkpt lat="22.3950899546" lon="114.0467736454"><ele>96.000</ele></trkpt>
      <trkpt lat="22.3950915197" lon="114.0467681581"><ele>96.000</ele></trkpt>
      <trkpt lat="22.3950913186" lon="114.0467618275"><ele>96.000</ele></trkpt>
      <trkpt lat="22.3950883687" lon="114.0467544449"><ele>96.000</ele></trkpt>
      <trkpt lat="22.3950856147" lon="114.0467457957"><ele>96.000</ele></trkpt>
      <trkpt lat="22.3950854121" lon="114.0467375657"><ele>94.000</ele></trkpt>
      <trkpt lat="22.3950862416" lon="114.0467303136"><ele>94.000</ele></trkpt>
      <trkpt lat="22.3950935820" lon="114.0467049596"><ele>94.000</ele></trkpt>
      <trkpt lat="22.3951239277" lon="114.0467067444"><ele>94.000</ele></trkpt>
      <trkpt lat="22.3951559719" lon="114.0467230304"><ele>94.000</ele></trkpt>
      <trkpt lat="22.3951745414" lon="114.0467556447"><ele>94.000</ele></trkpt>
      <trkpt lat="22.3951846958" lon="114.0468045836"><ele>94.000</ele></trkpt>
      <trkpt lat="22.3951948720" lon="114.0468807158"><ele>93.000</ele></trkpt>
      <trkpt lat="22.3952101446" lon="114.0470057906"><ele>94.000</ele></trkpt>
      <trkpt lat="22.3952220344" lon="114.0471163659"><ele>94.000</ele></trkpt>
      <trkpt lat="22.3952254878" lon="114.0472178846"><ele>94.000</ele></trkpt>
      <trkpt lat="22.3952272746" lon="114.0473447851"><ele>94.000</ele></trkpt>
      <trkpt lat="22.3952323703" lon="114.0473919157"><ele>94.000</ele></trkpt>
      <trkpt lat="22.3952458912" lon="114.0474354132"><ele>92.000</ele></trkpt>
      <trkpt lat="22.3952661474" lon="114.0474680261"><ele>94.000</ele></trkpt>
      <trkpt lat="22.3952931438" lon="114.0474970075"><ele>94.000</ele></trkpt>
      <trkpt lat="22.3953218165" lon="114.0475151099"><ele>94.000</ele></trkpt>
      <trkpt lat="22.3953589149" lon="114.0475277662"><ele>94.000</ele></trkpt>
      <trkpt lat="22.3954263488" lon="114.0475295160"><ele>94.000</ele></trkpt>
      <trkpt lat="22.3954904174" lon="114.0475385212"><ele>92.000</ele></trkpt>
      <trkpt lat="22.3955477493" lon="114.0475565971"><ele>92.000</ele></trkpt>
      <trkpt lat="22.3955848569" lon="114.0475819441"><ele>92.000</ele></trkpt>
      <trkpt lat="22.3956304046" lon="114.0476199719"><ele>92.000</ele></trkpt>
      <trkpt lat="22.3956725774" lon="114.0476543787"><ele>92.000</ele></trkpt>
      <trkpt lat="22.3957198125" lon="114.0476942191"><ele>90.000</ele></trkpt>
      <trkpt lat="22.3957552306" lon="114.0477141275"><ele>90.000</ele></trkpt>
      <trkpt lat="22.3957637953" lon="114.0477176710"><ele>90.000</ele></trkpt>
      <trkpt lat="22.3958151713" lon="114.0477253314"><ele>90.000</ele></trkpt>
      <trkpt lat="22.3958575852" lon="114.0477291466"><ele>90.000</ele></trkpt>
      <trkpt lat="22.3958952165" lon="114.0477284699"><ele>90.000</ele></trkpt>
      <trkpt lat="22.3959316511" lon="114.0477252238"><ele>90.000</ele></trkpt>
      <trkpt lat="22.3959621125" lon="114.0477226271"><ele>90.000</ele></trkpt>
      <trkpt lat="22.3959877994" lon="114.0477245301"><ele>90.000</ele></trkpt>
      <trkpt lat="22.3960063205" lon="114.0477296522"><ele>89.000</ele></trkpt>
      <trkpt lat="22.3960278299" lon="114.0477360553"><ele>89.000</ele></trkpt>
      <trkpt lat="22.3960517300" lon="114.0477450269"><ele>88.000</ele></trkpt>
      <trkpt lat="22.3960768313" lon="114.0477610622"><ele>89.000</ele></trkpt>
      <trkpt lat="22.3961073132" lon="114.0477841595"><ele>88.000</ele></trkpt>
      <trkpt lat="22.3961389939" lon="114.0478123940"><ele>89.000</ele></trkpt>
      <trkpt lat="22.3961682917" lon="114.0478476965"><ele>88.000</ele></trkpt>
      <trkpt lat="22.3961963866" lon="114.0478727228"><ele>86.000</ele></trkpt>
      <trkpt lat="22.3962220870" lon="114.0478926130"><ele>86.000</ele></trkpt>
      <trkpt lat="22.3962543547" lon="114.0479073570"><ele>86.000</ele></trkpt>
      <trkpt lat="22.3962860200" lon="114.0479150367"><ele>86.000</ele></trkpt>
      <trkpt lat="22.3963152912" lon="114.0479182212"><ele>86.000</ele></trkpt>
      <trkpt lat="22.3963457530" lon="114.0479149816"><ele>86.000</ele></trkpt>
      <trkpt lat="22.3963738244" lon="114.0479117432"><ele>86.000</ele></trkpt>
      <trkpt lat="22.3964126402" lon="114.0478982184"><ele>86.000</ele></trkpt>
      <trkpt lat="22.3964472739" lon="114.0478834118"><ele>86.000</ele></trkpt>
      <trkpt lat="22.3964813067" lon="114.0478647522"><ele>86.000</ele></trkpt>
      <trkpt lat="22.3965147395" lon="114.0478422377"><ele>84.000</ele></trkpt>
      <trkpt lat="22.3965541404" lon="114.0478139376"><ele>84.000</ele></trkpt>
      <trkpt lat="22.3965869769" lon="114.0477933524"><ele>84.000</ele></trkpt>
      <trkpt lat="22.3966138494" lon="114.0477836920"><ele>84.000</ele></trkpt>
      <trkpt lat="22.3966437128" lon="114.0477798101"><ele>84.000</ele></trkpt>
      <trkpt lat="22.3966646198" lon="114.0477804337"><ele>84.000</ele></trkpt>
      <trkpt lat="22.3966897120" lon="114.0477861916"><ele>82.000</ele></trkpt>
      <trkpt lat="22.3967183936" lon="114.0477983694"><ele>82.000</ele></trkpt>
      <trkpt lat="22.3967434954" lon="114.0478150477"><ele>82.000</ele></trkpt>
      <trkpt lat="22.3967638199" lon="114.0478349430"><ele>82.000</ele></trkpt>
      <trkpt lat="22.3967919158" lon="114.0478612532"><ele>82.000</ele></trkpt>
      <trkpt lat="22.3968194118" lon="114.0478849953"><ele>82.000</ele></trkpt>
      <trkpt lat="22.3968504900" lon="114.0479061645"><ele>82.000</ele></trkpt>
      <trkpt lat="22.3968803724" lon="114.0479260510"><ele>82.000</ele></trkpt>
      <trkpt lat="22.3969114480" lon="114.0479440087"><ele>80.000</ele></trkpt>
      <trkpt lat="22.3969556693" lon="114.0479677354"><ele>80.000</ele></trkpt>
      <trkpt lat="22.3970112372" lon="114.0479888821"><ele>78.000</ele></trkpt>
      <trkpt lat="22.3970709865" lon="114.0480080982"><ele>80.000</ele></trkpt>
      <trkpt lat="22.3971534382" lon="114.0480337165"><ele>78.000</ele></trkpt>
      <trkpt lat="22.3972329029" lon="114.0480586956"><ele>78.000</ele></trkpt>
      <trkpt lat="22.3973231214" lon="114.0480862345"><ele>76.000</ele></trkpt>
      <trkpt lat="22.3973995987" lon="114.0481099317"><ele>76.000</ele></trkpt>
      <trkpt lat="22.3975023671" lon="114.0481445251"><ele>74.000</ele></trkpt>
      <trkpt lat="22.3975943765" lon="114.0481701347"><ele>74.000</ele></trkpt>
      <trkpt lat="22.3977317934" lon="114.0482085498"><ele>74.000</ele></trkpt>
      <trkpt lat="22.3977891421" lon="114.0482149212"><ele>74.000</ele></trkpt>
      <trkpt lat="22.3978452919" lon="114.0482161543"><ele>72.000</ele></trkpt>
      <trkpt lat="22.3979002408" lon="114.0482083949"><ele>72.000</ele></trkpt>
      <trkpt lat="22.3979372687" lon="114.0482006529"><ele>72.000</ele></trkpt>
      <trkpt lat="22.3979790653" lon="114.0481800583"><ele>71.000</ele></trkpt>
      <trkpt lat="22.3980375739" lon="114.0481427477"><ele>70.000</ele></trkpt>
      <trkpt lat="22.3981343081" lon="114.0481002615"><ele>68.000</ele></trkpt>
      <trkpt lat="22.3982047683" lon="114.0480693629"><ele>66.000</ele></trkpt>
      <trkpt lat="22.3982620935" lon="114.0480461853"><ele>70.000</ele></trkpt>
      <trkpt lat="22.3982919467" lon="114.0480294561"><ele>70.000</ele></trkpt>
      <trkpt lat="22.3983062693" lon="114.0480127412"><ele>70.000</ele></trkpt>
    </trkseg>
  </trk>
</gpx>
