<?xml version="1.0" encoding="UTF-8"?>
<gpx xmlns:xsi="http://www.w3.org/2001/XMLSchema-instance"
     xsi:schemaLocation="http://www.topografix.com/GPX/1/1 http://www.topografix.com/GPX/1/1/gpx.xsd"
     version="1.1" creator="json3d_batch_to_gpx"
     xmlns="http://www.topografix.com/GPX/1/1">
  <metadata>
    <name>LungMunCountryTrail</name>
  </metadata>
  <trk>
    <name>LungMunCountryTrail</name>
    <type>hike</type>
    <trkseg>
      <trkpt lat="22.3901389538" lon="114.1183598692"><ele>372.000</ele></trkpt>
      <trkpt lat="22.3901938684" lon="114.1184025217"><ele>374.000</ele></trkpt>
      <trkpt lat="22.3902159761" lon="114.1184204970"><ele>374.000</ele></trkpt>
      <trkpt lat="22.3902703402" lon="114.1184391026"><ele>374.000</ele></trkpt>
      <trkpt lat="22.3903235087" lon="114.1184577078"><ele>374.000</ele></trkpt>
      <trkpt lat="22.3903736872" lon="114.1184641106"><ele>373.000</ele></trkpt>
      <trkpt lat="22.3904262552" lon="114.1184705115"><ele>372.000</ele></trkpt>
      <trkpt lat="22.3904865863" lon="114.1184730558"><ele>371.000</ele></trkpt>
      <trkpt lat="22.3905200378" lon="114.1184749695"><ele>370.000</ele></trkpt>
      <trkpt lat="22.3905475172" lon="114.1184813808"><ele>370.000</ele></trkpt>
      <trkpt lat="22.3905857510" lon="114.1184948542"><ele>368.000</ele></trkpt>
      <trkpt lat="22.3906425043" lon="114.1185128161"><ele>366.000</ele></trkpt>
      <trkpt lat="22.3906885043" lon="114.1185288549"><ele>364.000</ele></trkpt>
      <trkpt lat="22.3907362943" lon="114.1185378283"><ele>364.000</ele></trkpt>
      <trkpt lat="22.3907679551" lon="114.1185448807"><ele>364.000</ele></trkpt>
      <trkpt lat="22.3907948346" lon="114.1185429419"><ele>364.000</ele></trkpt>
      <trkpt lat="22.3908354515" lon="114.1185390707"><ele>362.000</ele></trkpt>
      <trkpt lat="22.3908689021" lon="114.1185384149"><ele>362.000</ele></trkpt>
      <trkpt lat="22.3908916014" lon="114.1185390473"><ele>362.000</ele></trkpt>
      <trkpt lat="22.3909125089" lon="114.1185416081"><ele>364.000</ele></trkpt>
      <trkpt lat="22.3909298328" lon="114.1185460980"><ele>364.000</ele></trkpt>
      <trkpt lat="22.3909477576" lon="114.1185589371"><ele>362.000</ele></trkpt>
      <trkpt lat="22.3909638933" lon="114.1185814122"><ele>362.000</ele></trkpt>
      <trkpt lat="22.3909878038" lon="114.1186276505"><ele>360.000</ele></trkpt>
      <trkpt lat="22.3910218762" lon="114.1186963664"><ele>362.000</ele></trkpt>
      <trkpt lat="22.3910517590" lon="114.1187413175"><ele>364.000</ele></trkpt>
      <trkpt lat="22.3910780601" lon="114.1187933368"><ele>361.000</ele></trkpt>
      <trkpt lat="22.3911031691" lon="114.1188530631"><ele>359.000</ele></trkpt>
      <trkpt lat="22.3911223054" lon="114.1189127930"><ele>357.000</ele></trkpt>
      <trkpt lat="22.3911354616" lon="114.1189545397"><ele>358.000</ele></trkpt>
      <trkpt lat="22.3911462225" lon="114.1189802285"><ele>358.000</ele></trkpt>
      <trkpt lat="22.3911635561" lon="114.1190091269"><ele>356.000</ele></trkpt>
      <trkpt lat="22.3911922424" lon="114.1190495824"><ele>355.000</ele></trkpt>
      <trkpt lat="22.3912227201" lon="114.1190893944"><ele>355.000</ele></trkpt>
      <trkpt lat="22.3912514076" lon="114.1191330624"><ele>352.000</ele></trkpt>
      <trkpt lat="22.3912800925" lon="114.1191696637"><ele>351.000</ele></trkpt>
      <trkpt lat="22.3913033977" lon="114.1191953474"><ele>348.000</ele></trkpt>
      <trkpt lat="22.3913231164" lon="114.1192146096"><ele>348.000</ele></trkpt>
      <trkpt lat="22.3913482106" lon="114.1192306583"><ele>348.000</ele></trkpt>
      <trkpt lat="22.3913804733" lon="114.1192492726"><ele>348.000</ele></trkpt>
      <trkpt lat="22.3913983956" lon="114.1192576156"><ele>348.000</ele></trkpt>
      <trkpt lat="22.3914234912" lon="114.1192775176"><ele>348.000</ele></trkpt>
      <trkpt lat="22.3914802554" lon="114.1193288817"><ele>347.000</ele></trkpt>
      <trkpt lat="22.3915053533" lon="114.1193552075"><ele>346.000</ele></trkpt>
      <trkpt lat="22.3915262681" lon="114.1193783227"><ele>346.000</ele></trkpt>
      <trkpt lat="22.3915447915" lon="114.1193963008"><ele>344.000</ele></trkpt>
      <trkpt lat="22.3915674959" lon="114.1194136352"><ele>344.000</ele></trkpt>
      <trkpt lat="22.3915866158" lon="114.1194277588"><ele>346.000</ele></trkpt>
      <trkpt lat="22.3916111115" lon="114.1194418801"><ele>343.000</ele></trkpt>
      <trkpt lat="22.3916373985" lon="114.1194547160"><ele>344.000</ele></trkpt>
      <trkpt lat="22.3916654789" lon="114.1194701206"><ele>344.000</ele></trkpt>
      <trkpt lat="22.3916863918" lon="114.1194880977"><ele>342.000</ele></trkpt>
      <trkpt lat="22.3917061107" lon="114.1195080020"><ele>342.000</ele></trkpt>
      <trkpt lat="22.3917258307" lon="114.1195311187"><ele>340.000</ele></trkpt>
      <trkpt lat="22.3917503325" lon="114.1195625829"><ele>340.000</ele></trkpt>
      <trkpt lat="22.3917706492" lon="114.1195824869"><ele>338.000</ele></trkpt>
      <trkpt lat="22.3917927568" lon="114.1196004636"><ele>338.000</ele></trkpt>
      <trkpt lat="22.3918232283" lon="114.1196229330"><ele>340.000</ele></trkpt>
      <trkpt lat="22.3918477252" lon="114.1196402668"><ele>339.000</ele></trkpt>
      <trkpt lat="22.3918686374" lon="114.1196563164"><ele>339.000</ele></trkpt>
      <trkpt lat="22.3918835752" lon="114.1196678731"><ele>339.000</ele></trkpt>
      <trkpt lat="22.3918931370" lon="114.1196813578"><ele>341.000</ele></trkpt>
      <trkpt lat="22.3919003113" lon="114.1196980558"><ele>341.000</ele></trkpt>
      <trkpt lat="22.3919003172" lon="114.1197147568"><ele>341.000</ele></trkpt>
      <trkpt lat="22.3918961413" lon="114.1197321023"><ele>341.000</ele></trkpt>
      <trkpt lat="22.3918895800" lon="114.1197584402"><ele>338.000</ele></trkpt>
      <trkpt lat="22.3918854089" lon="114.1197867048"><ele>338.000</ele></trkpt>
      <trkpt lat="22.3918866108" lon="114.1198072595"><ele>338.000</ele></trkpt>
      <trkpt lat="22.3918931894" lon="114.1198297387"><ele>339.000</ele></trkpt>
      <trkpt lat="22.3919027550" lon="114.1198541444"><ele>339.000</ele></trkpt>
      <trkpt lat="22.3919165064" lon="114.1198894674"><ele>338.000</ele></trkpt>
      <trkpt lat="22.3919308532" lon="114.1199202939"><ele>337.000</ele></trkpt>
      <trkpt lat="22.3919481850" lon="114.1199472659"><ele>338.000</ele></trkpt>
      <trkpt lat="22.3919720892" lon="114.1199768039"><ele>336.000</ele></trkpt>
      <trkpt lat="22.3919936006" lon="114.1199992770"><ele>338.000</ele></trkpt>
      <trkpt lat="22.3920157079" lon="114.1200166109"><ele>334.000</ele></trkpt>
      <trkpt lat="22.3920390091" lon="114.1200313758"><ele>335.000</ele></trkpt>
      <trkpt lat="22.3920599197" lon="114.1200429292"><ele>335.000</ele></trkpt>
      <trkpt lat="22.3920808287" lon="114.1200499864"><ele>336.000</ele></trkpt>
      <trkpt lat="22.3921339979" lon="114.1200685925"><ele>334.000</ele></trkpt>
      <trkpt lat="22.3921728284" lon="114.1200794968"><ele>334.000</ele></trkpt>
      <trkpt lat="22.3922158403" lon="114.1200910412"><ele>336.000</ele></trkpt>
      <trkpt lat="22.3922457107" lon="114.1201019492"><ele>336.000</ele></trkpt>
      <trkpt lat="22.3922815564" lon="114.1201173508"><ele>334.000</ele></trkpt>
      <trkpt lat="22.3923126211" lon="114.1201295431"><ele>335.000</ele></trkpt>
      <trkpt lat="22.3923424938" lon="114.1201443053"><ele>335.000</ele></trkpt>
      <trkpt lat="22.3923735616" lon="114.1201629204"><ele>334.000</ele></trkpt>
      <trkpt lat="22.3924016424" lon="114.1201821796"><ele>336.000</ele></trkpt>
      <trkpt lat="22.3924255428" lon="114.1202007976"><ele>336.000</ele></trkpt>
      <trkpt lat="22.3924476528" lon="114.1202258401"><ele>337.000</ele></trkpt>
      <trkpt lat="22.3924667756" lon="114.1202508839"><ele>337.000</ele></trkpt>
      <trkpt lat="22.3924799275" lon="114.1202817111"><ele>338.000</ele></trkpt>
      <trkpt lat="22.3924900925" lon="114.1203106129"><ele>340.000</ele></trkpt>
      <trkpt lat="22.3924972734" lon="114.1203465806"><ele>340.000</ele></trkpt>
      <trkpt lat="22.3925020661" lon="114.1203883312"><ele>340.000</ele></trkpt>
      <trkpt lat="22.3925050650" lon="114.1204217321"><ele>341.000</ele></trkpt>
      <trkpt lat="22.3925044793" lon="114.1204564192"><ele>342.000</ele></trkpt>
      <trkpt lat="22.3925009092" lon="114.1204968884"><ele>342.000</ele></trkpt>
      <trkpt lat="22.3924997285" lon="114.1205347872"><ele>343.000</ele></trkpt>
      <trkpt lat="22.3924961593" lon="114.1205778259"><ele>344.000</ele></trkpt>
      <trkpt lat="22.3924913956" lon="114.1206215071"><ele>345.000</ele></trkpt>
      <trkpt lat="22.3924848421" lon="114.1206709709"><ele>346.000</ele></trkpt>
      <trkpt lat="22.3924770913" lon="114.1207127256"><ele>345.000</ele></trkpt>
      <trkpt lat="22.3924657582" lon="114.1207602637"><ele>345.000</ele></trkpt>
      <trkpt lat="22.3924591994" lon="114.1207943113"><ele>345.000</ele></trkpt>
      <trkpt lat="22.3924532376" lon="114.1208257881"><ele>345.000</ele></trkpt>
      <trkpt lat="22.3924526504" lon="114.1208566208"><ele>344.000</ele></trkpt>
      <trkpt lat="22.3924550503" lon="114.1208868105"><ele>344.000</ele></trkpt>
      <trkpt lat="22.3924646187" lon="114.1209195658"><ele>344.000</ele></trkpt>
      <trkpt lat="22.3924789633" lon="114.1209446116"><ele>344.000</ele></trkpt>
      <trkpt lat="22.3924968885" lon="114.1209593788"><ele>344.000</ele></trkpt>
      <trkpt lat="22.3925166023" lon="114.1209651519"><ele>344.000</ele></trkpt>
      <trkpt lat="22.3925434818" lon="114.1209632145"><ele>344.000</ele></trkpt>
      <trkpt lat="22.3925649837" lon="114.1209561402"><ele>344.000</ele></trkpt>
      <trkpt lat="22.3925894694" lon="114.1209413560"><ele>344.000</ele></trkpt>
      <trkpt lat="22.3926187284" lon="114.1209130813"><ele>343.000</ele></trkpt>
      <trkpt lat="22.3926521643" lon="114.1208700306"><ele>344.000</ele></trkpt>
      <trkpt lat="22.3926760459" lon="114.1208372618"><ele>342.000</ele></trkpt>
      <trkpt lat="22.3927005237" lon="114.1207999956"><ele>344.000</ele></trkpt>
      <trkpt lat="22.3927202248" lon="114.1207691551"><ele>343.000</ele></trkpt>
      <trkpt lat="22.3927423143" lon="114.1207351022"><ele>344.000</ele></trkpt>
      <trkpt lat="22.3927596277" lon="114.1207068313"><ele>342.000</ele></trkpt>
      <trkpt lat="22.3927811214" lon="114.1206785596"><ele>344.000</ele></trkpt>
      <trkpt lat="22.3927942561" lon="114.1206599266"><ele>344.000</ele></trkpt>
      <trkpt lat="22.3928133634" lon="114.1206380787"><ele>344.000</ele></trkpt>
      <trkpt lat="22.3928324724" lon="114.1206213700"><ele>344.000</ele></trkpt>
      <trkpt lat="22.3928468037" lon="114.1206078746"><ele>342.000</ele></trkpt>
      <trkpt lat="22.3928623310" lon="114.1205982340"><ele>342.000</ele></trkpt>
      <trkpt lat="22.3928778597" lon="114.1205924458"><ele>346.000</ele></trkpt>
      <trkpt lat="22.3928975697" lon="114.1205872998"><ele>344.000</ele></trkpt>
      <trkpt lat="22.3929190733" lon="114.1205879330"><ele>344.000</ele></trkpt>
      <trkpt lat="22.3929501362" lon="114.1205924168"><ele>344.000</ele></trkpt>
      <trkpt lat="22.3929758219" lon="114.1205930493"><ele>343.000</ele></trkpt>
      <trkpt lat="22.3930146468" lon="114.1205878946"><ele>343.000</ele></trkpt>
      <trkpt lat="22.3930415241" lon="114.1205821028"><ele>342.000</ele></trkpt>
      <trkpt lat="22.3930606374" lon="114.1205775989"><ele>342.000</ele></trkpt>
      <trkpt lat="22.3930803490" lon="114.1205769481"><ele>342.000</ele></trkpt>
      <trkpt lat="22.3930994654" lon="114.1205814366"><ele>342.000</ele></trkpt>
      <trkpt lat="22.3931191808" lon="114.1205917069"><ele>342.000</ele></trkpt>
      <trkpt lat="22.3931388986" lon="114.1206090420"><ele>339.000</ele></trkpt>
      <trkpt lat="22.3931538395" lon="114.1206295914"><ele>339.000</ele></trkpt>
      <trkpt lat="22.3931675870" lon="114.1206565642"><ele>338.000</ele></trkpt>
      <trkpt lat="22.3931807398" lon="114.1206873916"><ele>338.000</ele></trkpt>
      <trkpt lat="22.3931909060" lon="114.1207227174"><ele>336.000</ele></trkpt>
      <trkpt lat="22.3931992832" lon="114.1207631811"><ele>336.000</ele></trkpt>
      <trkpt lat="22.3932022816" lon="114.1207978678"><ele>336.000</ele></trkpt>
      <trkpt lat="22.3932022978" lon="114.1208447587"><ele>334.000</ele></trkpt>
      <trkpt lat="22.3931999219" lon="114.1208839429"><ele>332.000</ele></trkpt>
      <trkpt lat="22.3931963510" lon="114.1209199161"><ele>330.000</ele></trkpt>
      <trkpt lat="22.3931927802" lon="114.1209584579"><ele>329.000</ele></trkpt>
      <trkpt lat="22.3931909978" lon="114.1209880075"><ele>328.000</ele></trkpt>
      <trkpt lat="22.3931916045" lon="114.1210137008"><ele>328.000</ele></trkpt>
      <trkpt lat="22.3931963925" lon="114.1210400354"><ele>328.000</ele></trkpt>
      <trkpt lat="22.3932065555" lon="114.1210663678"><ele>330.000</ele></trkpt>
      <trkpt lat="22.3932191071" lon="114.1210875601"><ele>328.000</ele></trkpt>
      <trkpt lat="22.3932412190" lon="114.1211183840"><ele>328.000</ele></trkpt>
      <trkpt lat="22.3932615383" lon="114.1211466390"><ele>328.000</ele></trkpt>
      <trkpt lat="22.3932752807" lon="114.1211588384"><ele>328.000</ele></trkpt>
      <trkpt lat="22.3933057524" lon="114.1211800237"><ele>328.000</ele></trkpt>
      <trkpt lat="22.3933577311" lon="114.1212114786"><ele>328.000</ele></trkpt>
      <trkpt lat="22.3934246470" lon="114.1212557734"><ele>328.000</ele></trkpt>
      <trkpt lat="22.3935011246" lon="114.1213109856"><ele>328.000</ele></trkpt>
      <trkpt lat="22.3935596789" lon="114.1213572114"><ele>326.000</ele></trkpt>
      <trkpt lat="22.3936409396" lon="114.1214246258"><ele>322.000</ele></trkpt>
      <trkpt lat="22.3936785814" lon="114.1214560865"><ele>322.000</ele></trkpt>
      <trkpt lat="22.3937078575" lon="114.1214747028"><ele>320.000</ele></trkpt>
      <trkpt lat="22.3937353390" lon="114.1214875387"><ele>320.000</ele></trkpt>
      <trkpt lat="22.3937741703" lon="114.1215010131"><ele>319.000</ele></trkpt>
      <trkpt lat="22.3938070263" lon="114.1215099926"><ele>319.000</ele></trkpt>
      <trkpt lat="22.3938512324" lon="114.1215202534"><ele>314.000</ele></trkpt>
      <trkpt lat="22.3938781176" lon="114.1215350163"><ele>314.000</ele></trkpt>
      <trkpt lat="22.3938972406" lon="114.1215587757"><ele>316.000</ele></trkpt>
      <trkpt lat="22.3939175570" lon="114.1215812499"><ele>317.000</ele></trkpt>
      <trkpt lat="22.3939360844" lon="114.1216088640"><ele>318.000</ele></trkpt>
      <trkpt lat="22.3939599868" lon="114.1216364759"><ele>320.000</ele></trkpt>
      <trkpt lat="22.3939570093" lon="114.1216628127"><ele>322.000</ele></trkpt>
      <trkpt lat="22.3939361162" lon="114.1217020053"><ele>322.000</ele></trkpt>
      <trkpt lat="22.3939110403" lon="114.1217392710"><ele>322.000</ele></trkpt>
      <trkpt lat="22.3938895517" lon="114.1217855287"><ele>322.000</ele></trkpt>
      <trkpt lat="22.3938656780" lon="114.1218420656"><ele>322.000</ele></trkpt>
      <trkpt lat="22.3938316548" lon="114.1219140219"><ele>322.000</ele></trkpt>
      <trkpt lat="22.3937946503" lon="114.1220013967"><ele>323.000</ele></trkpt>
      <trkpt lat="22.3937612276" lon="114.1220842728"><ele>324.000</ele></trkpt>
      <trkpt lat="22.3937349678" lon="114.1221510878"><ele>326.000</ele></trkpt>
      <trkpt lat="22.3937122880" lon="114.1222082660"><ele>327.000</ele></trkpt>
      <trkpt lat="22.3936973691" lon="114.1222493819"><ele>326.000</ele></trkpt>
      <trkpt lat="22.3936902113" lon="114.1222808604"><ele>326.000</ele></trkpt>
      <trkpt lat="22.3936842474" lon="114.1223071992"><ele>328.000</ele></trkpt>
      <trkpt lat="22.3936824628" lon="114.1223309669"><ele>328.000</ele></trkpt>
      <trkpt lat="22.3936860542" lon="114.1223521629"><ele>327.000</ele></trkpt>
      <trkpt lat="22.3936932286" lon="114.1223727156"><ele>327.000</ele></trkpt>
      <trkpt lat="22.3937075728" lon="114.1223945494"><ele>327.000</ele></trkpt>
      <trkpt lat="22.3937231080" lon="114.1224106026"><ele>327.000</ele></trkpt>
      <trkpt lat="22.3937404359" lon="114.1224247275"><ele>327.000</ele></trkpt>
      <trkpt lat="22.3937655284" lon="114.1224388493"><ele>326.000</ele></trkpt>
      <trkpt lat="22.3937906184" lon="114.1224459054"><ele>328.000</ele></trkpt>
      <trkpt lat="22.3938270584" lon="114.1224542418"><ele>328.000</ele></trkpt>
      <trkpt lat="22.3938682776" lon="114.1224632183"><ele>328.000</ele></trkpt>
      <trkpt lat="22.3939268214" lon="114.1224792548"><ele>330.000</ele></trkpt>
      <trkpt lat="22.3940044812" lon="114.1224984944"><ele>328.000</ele></trkpt>
      <trkpt lat="22.3940731814" lon="114.1225190233"><ele>328.000</ele></trkpt>
      <trkpt lat="22.3941365042" lon="114.1225350580"><ele>330.000</ele></trkpt>
      <trkpt lat="22.3942069953" lon="114.1225536586"><ele>330.000</ele></trkpt>
      <trkpt lat="22.3942601607" lon="114.1225619886"><ele>332.000</ele></trkpt>
      <trkpt lat="22.3943067562" lon="114.1225722488"><ele>333.000</ele></trkpt>
      <trkpt lat="22.3943706752" lon="114.1225863557"><ele>332.000</ele></trkpt>
      <trkpt lat="22.3944178693" lon="114.1226017538"><ele>334.000</ele></trkpt>
      <trkpt lat="22.3944423620" lon="114.1226075254"><ele>334.000</ele></trkpt>
      <trkpt lat="22.3944638663" lon="114.1226100866"><ele>334.000</ele></trkpt>
      <trkpt lat="22.3944949276" lon="114.1226100746"><ele>336.000</ele></trkpt>
      <trkpt lat="22.3945110566" lon="114.1226113531"><ele>336.000</ele></trkpt>
      <trkpt lat="22.3945313681" lon="114.1226196959"><ele>336.000</ele></trkpt>
      <trkpt lat="22.3945510857" lon="114.1226344618"><ele>335.000</ele></trkpt>
      <trkpt lat="22.3945708012" lon="114.1226453744"><ele>336.000</ele></trkpt>
      <trkpt lat="22.3945911127" lon="114.1226537172"><ele>336.000</ele></trkpt>
      <trkpt lat="22.3946108266" lon="114.1226575639"><ele>336.000</ele></trkpt>
      <trkpt lat="22.3946275516" lon="114.1226588422"><ele>336.000</ele></trkpt>
      <trkpt lat="22.3946466667" lon="114.1226594767"><ele>336.000</ele></trkpt>
      <trkpt lat="22.3946723543" lon="114.1226658907"><ele>337.000</ele></trkpt>
      <trkpt lat="22.3947105868" lon="114.1226767961"><ele>339.000</ele></trkpt>
      <trkpt lat="22.3947476237" lon="114.1226825629"><ele>336.000</ele></trkpt>
      <trkpt lat="22.3947786881" lon="114.1226915434"><ele>336.000</ele></trkpt>
      <trkpt lat="22.3948013901" lon="114.1227030967"><ele>338.000</ele></trkpt>
      <trkpt lat="22.3948175240" lon="114.1227191499"><ele>338.000</ele></trkpt>
      <trkpt lat="22.3948306699" lon="114.1227358461"><ele>336.000</ele></trkpt>
      <trkpt lat="22.3948366536" lon="114.1227660340"><ele>336.000</ele></trkpt>
      <trkpt lat="22.3948372630" lon="114.1228007211"><ele>334.000</ele></trkpt>
      <trkpt lat="22.3948647533" lon="114.1228398942"><ele>334.000</ele></trkpt>
      <trkpt lat="22.3949693217" lon="114.1229471277"><ele>337.000</ele></trkpt>
      <trkpt lat="22.3949717167" lon="114.1229638281"><ele>337.000</ele></trkpt>
      <trkpt lat="22.3949657553" lon="114.1229978749"><ele>338.000</ele></trkpt>
      <trkpt lat="22.3949597901" lon="114.1230235721"><ele>336.000</ele></trkpt>
      <trkpt lat="22.3949556115" lon="114.1230338511"><ele>336.000</ele></trkpt>
      <trkpt lat="22.3949382907" lon="114.1230383540"><ele>336.000</ele></trkpt>
      <trkpt lat="22.3949126061" lon="114.1230383639"><ele>335.000</ele></trkpt>
      <trkpt lat="22.3948869217" lon="114.1230415862"><ele>335.000</ele></trkpt>
      <trkpt lat="22.3948678094" lon="114.1230493014"><ele>334.000</ele></trkpt>
      <trkpt lat="22.3948475052" lon="114.1230627990"><ele>334.000</ele></trkpt>
      <trkpt lat="22.3948194371" lon="114.1230833645"><ele>332.000</ele></trkpt>
      <trkpt lat="22.3947991345" lon="114.1231045709"><ele>332.000</ele></trkpt>
      <trkpt lat="22.3947901815" lon="114.1231257719"><ele>333.000</ele></trkpt>
      <trkpt lat="22.3947848155" lon="114.1231553222"><ele>333.000</ele></trkpt>
      <trkpt lat="22.3947830336" lon="114.1231848711"><ele>333.000</ele></trkpt>
      <trkpt lat="22.3947884178" lon="114.1232099210"><ele>333.000</ele></trkpt>
      <trkpt lat="22.3947973877" lon="114.1232394658"><ele>333.000</ele></trkpt>
      <trkpt lat="22.3948099387" lon="114.1232600167"><ele>333.000</ele></trkpt>
      <trkpt lat="22.3948272691" lon="114.1232844191"><ele>334.000</ele></trkpt>
      <trkpt lat="22.3948356390" lon="114.1233075412"><ele>334.000</ele></trkpt>
      <trkpt lat="22.3948368427" lon="114.1233345194"><ele>334.000</ele></trkpt>
      <trkpt lat="22.3948350613" lon="114.1233653531"><ele>336.000</ele></trkpt>
      <trkpt lat="22.3948153635" lon="114.1234077568"><ele>334.000</ele></trkpt>
      <trkpt lat="22.3947526773" lon="114.1235118419"><ele>333.000</ele></trkpt>
      <trkpt lat="22.3947001424" lon="114.1236024343"><ele>332.000</ele></trkpt>
      <trkpt lat="22.3946774535" lon="114.1236307063"><ele>332.000</ele></trkpt>
      <trkpt lat="22.3946350526" lon="114.1236609136"><ele>332.000</ele></trkpt>
      <trkpt lat="22.3945944427" lon="114.1236866228"><ele>332.000</ele></trkpt>
      <trkpt lat="22.3945747326" lon="114.1236943391"><ele>332.000</ele></trkpt>
      <trkpt lat="22.3944970869" lon="114.1237149232"><ele>333.000</ele></trkpt>
      <trkpt lat="22.3944027162" lon="114.1237393690"><ele>333.000</ele></trkpt>
      <trkpt lat="22.3943644930" lon="114.1237567267"><ele>334.000</ele></trkpt>
      <trkpt lat="22.3943358231" lon="114.1237625187"><ele>334.000</ele></trkpt>
      <trkpt lat="22.3943059556" lon="114.1237599604"><ele>334.000</ele></trkpt>
      <trkpt lat="22.3942778798" lon="114.1237574025"><ele>334.000</ele></trkpt>
      <trkpt lat="22.3942569748" lon="114.1237619067"><ele>334.000</ele></trkpt>
      <trkpt lat="22.3942145692" lon="114.1237779811"><ele>334.000</ele></trkpt>
      <trkpt lat="22.3941530530" lon="114.1238043411"><ele>336.000</ele></trkpt>
      <trkpt lat="22.3941046763" lon="114.1238255569"><ele>336.000</ele></trkpt>
      <trkpt lat="22.3940813849" lon="114.1238396974"><ele>336.000</ele></trkpt>
      <trkpt lat="22.3940467450" lon="114.1238570546"><ele>336.000</ele></trkpt>
      <trkpt lat="22.3940228540" lon="114.1238628447"><ele>336.000</ele></trkpt>
      <trkpt lat="22.3939404278" lon="114.1238815038"><ele>336.000</ele></trkpt>
      <trkpt lat="22.3938639722" lon="114.1238905262"><ele>334.000</ele></trkpt>
      <trkpt lat="22.3937958795" lon="114.1238989026"><ele>336.000</ele></trkpt>
      <trkpt lat="22.3937355508" lon="114.1239034217"><ele>335.000</ele></trkpt>
      <trkpt lat="22.3936997139" lon="114.1239137125"><ele>335.000</ele></trkpt>
      <trkpt lat="22.3936668645" lon="114.1239246451"><ele>334.000</ele></trkpt>
      <trkpt lat="22.3936310291" lon="114.1239394332"><ele>334.000</ele></trkpt>
      <trkpt lat="22.3935987833" lon="114.1239709200"><ele>334.000</ele></trkpt>
      <trkpt lat="22.3935832612" lon="114.1239972624"><ele>334.000</ele></trkpt>
      <trkpt lat="22.3935677411" lon="114.1240268163"><ele>334.000</ele></trkpt>
      <trkpt lat="22.3935635672" lon="114.1240518696"><ele>332.000</ele></trkpt>
      <trkpt lat="22.3935677556" lon="114.1240711387"><ele>332.000</ele></trkpt>
      <trkpt lat="22.3935773211" lon="114.1240974716"><ele>332.000</ele></trkpt>
      <trkpt lat="22.3936006341" lon="114.1241494930"><ele>332.000</ele></trkpt>
      <trkpt lat="22.3936269336" lon="114.1242021561"><ele>334.000</ele></trkpt>
      <trkpt lat="22.3936343032" lon="114.1242235411"><ele>334.000</ele></trkpt>
      <trkpt lat="22.3936417374" lon="114.1242467265"><ele>333.000</ele></trkpt>
      <trkpt lat="22.3936417690" lon="114.1242467692"><ele>333.000</ele></trkpt>
      <trkpt lat="22.3936677338" lon="114.1242809193"><ele>334.000</ele></trkpt>
      <trkpt lat="22.3936765190" lon="114.1242956302"><ele>334.000</ele></trkpt>
      <trkpt lat="22.3936823217" lon="114.1243087886"><ele>334.000</ele></trkpt>
      <trkpt lat="22.3936916511" lon="114.1243392255"><ele>334.000</ele></trkpt>
      <trkpt lat="22.3936995341" lon="114.1243761326"><ele>336.000</ele></trkpt>
      <trkpt lat="22.3937076648" lon="114.1244307914"><ele>334.000</ele></trkpt>
      <trkpt lat="22.3937160612" lon="114.1244971851"><ele>334.000</ele></trkpt>
      <trkpt lat="22.3937165409" lon="114.1245117516"><ele>334.000</ele></trkpt>
      <trkpt lat="22.3937156371" lon="114.1245262856"><ele>334.000</ele></trkpt>
      <trkpt lat="22.3937135006" lon="114.1245377086"><ele>333.000</ele></trkpt>
      <trkpt lat="22.3937101259" lon="114.1245487903"><ele>333.000</ele></trkpt>
      <trkpt lat="22.3936972387" lon="114.1245776759"><ele>332.000</ele></trkpt>
      <trkpt lat="22.3936611955" lon="114.1246427480"><ele>332.000</ele></trkpt>
      <trkpt lat="22.3936531697" lon="114.1246612274"><ele>330.000</ele></trkpt>
      <trkpt lat="22.3936471454" lon="114.1246805625"><ele>330.000</ele></trkpt>
      <trkpt lat="22.3936426618" lon="114.1247003787"><ele>330.000</ele></trkpt>
      <trkpt lat="22.3936387409" lon="114.1247233004"><ele>331.000</ele></trkpt>
      <trkpt lat="22.3936256270" lon="114.1248360396"><ele>334.000</ele></trkpt>
      <trkpt lat="22.3936184370" lon="114.1248701360"><ele>335.000</ele></trkpt>
      <trkpt lat="22.3936148698" lon="114.1248779820"><ele>335.000</ele></trkpt>
      <trkpt lat="22.3936079797" lon="114.1248869537"><ele>335.000</ele></trkpt>
      <trkpt lat="22.3936030865" lon="114.1248910866"><ele>335.000</ele></trkpt>
      <trkpt lat="22.3935994518" lon="114.1248941528"><ele>335.000</ele></trkpt>
      <trkpt lat="22.3935920985" lon="114.1248978613"><ele>335.000</ele></trkpt>
      <trkpt lat="22.3935840907" lon="114.1248993209"><ele>335.000</ele></trkpt>
      <trkpt lat="22.3935732630" lon="114.1248987229"><ele>335.000</ele></trkpt>
      <trkpt lat="22.3935628462" lon="114.1248955745"><ele>336.000</ele></trkpt>
      <trkpt lat="22.3935557595" lon="114.1248912984"><ele>336.000</ele></trkpt>
      <trkpt lat="22.3935447146" lon="114.1248784683"><ele>336.000</ele></trkpt>
      <trkpt lat="22.3935249930" lon="114.1248506728"><ele>334.000</ele></trkpt>
      <trkpt lat="22.3934642041" lon="114.1247495329"><ele>332.000</ele></trkpt>
      <trkpt lat="22.3934209218" lon="114.1246935121"><ele>332.000</ele></trkpt>
      <trkpt lat="22.3933964629" lon="114.1246662700"><ele>330.000</ele></trkpt>
      <trkpt lat="22.3933838744" lon="114.1246552040"><ele>330.000</ele></trkpt>
      <trkpt lat="22.3933705151" lon="114.1246452455"><ele>332.000</ele></trkpt>
      <trkpt lat="22.3933541051" lon="114.1246350141"><ele>332.000</ele></trkpt>
      <trkpt lat="22.3933463766" lon="114.1246286281"><ele>332.000</ele></trkpt>
      <trkpt lat="22.3933220284" lon="114.1245948766"><ele>331.000</ele></trkpt>
      <trkpt lat="22.3933003172" lon="114.1245581273"><ele>328.000</ele></trkpt>
      <trkpt lat="22.3932943353" lon="114.1245439173"><ele>328.000</ele></trkpt>
      <trkpt lat="22.3932892160" lon="114.1245303412"><ele>330.000</ele></trkpt>
      <trkpt lat="22.3932843603" lon="114.1245163425"><ele>328.000</ele></trkpt>
      <trkpt lat="22.3932796959" lon="114.1245020370"><ele>328.000</ele></trkpt>
      <trkpt lat="22.3932751534" lon="114.1244875400"><ele>328.000</ele></trkpt>
      <trkpt lat="22.3932706533" lon="114.1244729712"><ele>326.000</ele></trkpt>
      <trkpt lat="22.3932661252" lon="114.1244584451"><ele>326.000</ele></trkpt>
      <trkpt lat="22.3932614987" lon="114.1244440802"><ele>326.000</ele></trkpt>
      <trkpt lat="22.3932566990" lon="114.1244299932"><ele>326.000</ele></trkpt>
      <trkpt lat="22.3932516537" lon="114.1244162986"><ele>323.000</ele></trkpt>
      <trkpt lat="22.3932462871" lon="114.1244031149"><ele>324.000</ele></trkpt>
      <trkpt lat="22.3932405306" lon="114.1243905587"><ele>324.000</ele></trkpt>
      <trkpt lat="22.3932343084" lon="114.1243787494"><ele>322.000</ele></trkpt>
      <trkpt lat="22.3932275482" lon="114.1243677969"><ele>322.000</ele></trkpt>
      <trkpt lat="22.3932201760" lon="114.1243578225"><ele>322.000</ele></trkpt>
      <trkpt lat="22.3932121198" lon="114.1243489447"><ele>322.000</ele></trkpt>
      <trkpt lat="22.3932033089" lon="114.1243412753"><ele>322.000</ele></trkpt>
      <trkpt lat="22.3931935683" lon="114.1243346482"><ele>322.000</ele></trkpt>
      <trkpt lat="22.3931828273" lon="114.1243287440"><ele>319.000</ele></trkpt>
      <trkpt lat="22.3931712015" lon="114.1243235646"><ele>319.000</ele></trkpt>
      <trkpt lat="22.3931588138" lon="114.1243191197"><ele>319.000</ele></trkpt>
      <trkpt lat="22.3931457816" lon="114.1243154111"><ele>319.000</ele></trkpt>
      <trkpt lat="22.3931322276" lon="114.1243124465"><ele>319.000</ele></trkpt>
      <trkpt lat="22.3931182694" lon="114.1243102337"><ele>319.000</ele></trkpt>
      <trkpt lat="22.3931040278" lon="114.1243087746"><ele>319.000</ele></trkpt>
      <trkpt lat="22.3930896239" lon="114.1243080770"><ele>319.000</ele></trkpt>
      <trkpt lat="22.3930751751" lon="114.1243081484"><ele>319.000</ele></trkpt>
      <trkpt lat="22.3930608042" lon="114.1243089929"><ele>318.000</ele></trkpt>
      <trkpt lat="22.3930466286" lon="114.1243106161"><ele>318.000</ele></trkpt>
      <trkpt lat="22.3930447630" lon="114.1243109392"><ele>318.000</ele></trkpt>
      <trkpt lat="22.3930327694" lon="114.1243130238"><ele>318.000</ele></trkpt>
      <trkpt lat="22.3930193475" lon="114.1243162218"><ele>318.000</ele></trkpt>
      <trkpt lat="22.3930064821" lon="114.1243202160"><ele>318.000</ele></trkpt>
      <trkpt lat="22.3929942943" lon="114.1243250149"><ele>318.000</ele></trkpt>
      <trkpt lat="22.3929826882" lon="114.1243304487"><ele>318.000</ele></trkpt>
      <trkpt lat="22.3929711364" lon="114.1243360408"><ele>320.000</ele></trkpt>
      <trkpt lat="22.3929596045" lon="114.1243417610"><ele>320.000</ele></trkpt>
      <trkpt lat="22.3929480925" lon="114.1243476056"><ele>320.000</ele></trkpt>
      <trkpt lat="22.3929366031" lon="114.1243535735"><ele>320.000</ele></trkpt>
      <trkpt lat="22.3929251300" lon="114.1243596579"><ele>320.000</ele></trkpt>
      <trkpt lat="22.3929136795" lon="114.1243658578"><ele>320.000</ele></trkpt>
      <trkpt lat="22.3929022472" lon="114.1243721685"><ele>320.000</ele></trkpt>
      <trkpt lat="22.3928908347" lon="114.1243785879"><ele>320.000</ele></trkpt>
      <trkpt lat="22.3928794421" lon="114.1243851141"><ele>320.000</ele></trkpt>
      <trkpt lat="22.3928680694" lon="114.1243917394"><ele>320.000</ele></trkpt>
      <trkpt lat="22.3928567148" lon="114.1243984656"><ele>320.000</ele></trkpt>
      <trkpt lat="22.3928453783" lon="114.1244052851"><ele>320.000</ele></trkpt>
      <trkpt lat="22.3928340617" lon="114.1244121958"><ele>320.000</ele></trkpt>
      <trkpt lat="22.3928227641" lon="114.1244191959"><ele>320.000</ele></trkpt>
      <trkpt lat="22.3928114828" lon="114.1244262814"><ele>320.000</ele></trkpt>
      <trkpt lat="22.3928002223" lon="114.1244334485"><ele>321.000</ele></trkpt>
      <trkpt lat="22.3927889789" lon="114.1244406952"><ele>320.000</ele></trkpt>
      <trkpt lat="22.3927777537" lon="114.1244480158"><ele>320.000</ele></trkpt>
      <trkpt lat="22.3927665456" lon="114.1244554101"><ele>320.000</ele></trkpt>
      <trkpt lat="22.3927553565" lon="114.1244628704"><ele>320.000</ele></trkpt>
      <trkpt lat="22.3927441819" lon="114.1244703987"><ele>320.000</ele></trkpt>
      <trkpt lat="22.3927330262" lon="114.1244779872"><ele>320.000</ele></trkpt>
      <trkpt lat="22.3927218886" lon="114.1244856369"><ele>321.000</ele></trkpt>
      <trkpt lat="22.3927107683" lon="114.1244933390"><ele>321.000</ele></trkpt>
      <trkpt lat="22.3926996623" lon="114.1245010945"><ele>320.000</ele></trkpt>
      <trkpt lat="22.3926885736" lon="114.1245088986"><ele>320.000</ele></trkpt>
      <trkpt lat="22.3926775029" lon="114.1245167473"><ele>320.000</ele></trkpt>
      <trkpt lat="22.3926664467" lon="114.1245246407"><ele>320.000</ele></trkpt>
      <trkpt lat="22.3926554086" lon="114.1245325710"><ele>320.000</ele></trkpt>
      <trkpt lat="22.3926443849" lon="114.1245405381"><ele>320.000</ele></trkpt>
      <trkpt lat="22.3926333775" lon="114.1245485364"><ele>320.000</ele></trkpt>
      <trkpt lat="22.3926223863" lon="114.1245565657"><ele>320.000</ele></trkpt>
      <trkpt lat="22.3926114096" lon="114.1245646202"><ele>320.000</ele></trkpt>
      <trkpt lat="22.3926004492" lon="114.1245726962"><ele>320.000</ele></trkpt>
      <trkpt lat="22.3925895032" lon="114.1245807915"><ele>320.000</ele></trkpt>
      <trkpt lat="22.3925785717" lon="114.1245889023"><ele>320.000</ele></trkpt>
      <trkpt lat="22.3925676565" lon="114.1245970278"><ele>320.000</ele></trkpt>
      <trkpt lat="22.3925567557" lon="114.1246051590"><ele>320.000</ele></trkpt>
      <trkpt lat="22.3925458675" lon="114.1246132970"><ele>320.000</ele></trkpt>
      <trkpt lat="22.3925349956" lon="114.1246214389"><ele>320.000</ele></trkpt>
      <trkpt lat="22.3925241381" lon="114.1246295808"><ele>320.000</ele></trkpt>
      <trkpt lat="22.3925132933" lon="114.1246377169"><ele>320.000</ele></trkpt>
      <trkpt lat="22.3925024638" lon="114.1246458471"><ele>320.000</ele></trkpt>
      <trkpt lat="22.3924916479" lon="114.1246539657"><ele>320.000</ele></trkpt>
      <trkpt lat="22.3924808437" lon="114.1246620707"><ele>320.000</ele></trkpt>
      <trkpt lat="22.3924700548" lon="114.1246701582"><ele>319.000</ele></trkpt>
      <trkpt lat="22.3924592786" lon="114.1246782262"><ele>320.000</ele></trkpt>
      <trkpt lat="22.3924485150" lon="114.1246862690"><ele>320.000</ele></trkpt>
      <trkpt lat="22.3924377650" lon="114.1246942866"><ele>320.000</ele></trkpt>
      <trkpt lat="22.3924270276" lon="114.1247022711"><ele>318.000</ele></trkpt>
      <trkpt lat="22.3924163091" lon="114.1247102323"><ele>318.000</ele></trkpt>
      <trkpt lat="22.3924060388" lon="114.1247187624"><ele>318.000</ele></trkpt>
      <trkpt lat="22.3923963918" lon="114.1247281080"><ele>320.000</ele></trkpt>
      <trkpt lat="22.3923872471" lon="114.1247381157"><ele>318.000</ele></trkpt>
      <trkpt lat="22.3923784855" lon="114.1247486282"><ele>318.000</ele></trkpt>
      <trkpt lat="22.3923699894" lon="114.1247594922"><ele>318.000</ele></trkpt>
      <trkpt lat="22.3923616398" lon="114.1247705542"><ele>320.000</ele></trkpt>
      <trkpt lat="22.3923533145" lon="114.1247816570"><ele>320.000</ele></trkpt>
      <trkpt lat="22.3923448953" lon="114.1247926453"><ele>318.000</ele></trkpt>
      <trkpt lat="22.3923362638" lon="114.1248033656"><ele>318.000</ele></trkpt>
      <trkpt lat="22.3923272998" lon="114.1248136606"><ele>318.000</ele></trkpt>
      <trkpt lat="22.3923178841" lon="114.1248233790"><ele>320.000</ele></trkpt>
      <trkpt lat="22.3923078992" lon="114.1248323616"><ele>320.000</ele></trkpt>
      <trkpt lat="22.3922975530" lon="114.1248408839"><ele>318.000</ele></trkpt>
      <trkpt lat="22.3922871652" lon="114.1248493558"><ele>318.000</ele></trkpt>
      <trkpt lat="22.3922767395" lon="114.1248577810"><ele>318.000</ele></trkpt>
      <trkpt lat="22.3922662740" lon="114.1248661578"><ele>318.000</ele></trkpt>
      <trkpt lat="22.3922557742" lon="114.1248744908"><ele>320.000</ele></trkpt>
      <trkpt lat="22.3922452383" lon="114.1248827792"><ele>318.000</ele></trkpt>
      <trkpt lat="22.3922346680" lon="114.1248910297"><ele>318.000</ele></trkpt>
      <trkpt lat="22.3922240688" lon="114.1248992394"><ele>318.000</ele></trkpt>
      <trkpt lat="22.3922134371" lon="114.1249074104"><ele>318.000</ele></trkpt>
      <trkpt lat="22.3922027783" lon="114.1249155483"><ele>318.000</ele></trkpt>
      <trkpt lat="22.3921920924" lon="114.1249236522"><ele>319.000</ele></trkpt>
      <trkpt lat="22.3921813812" lon="114.1249317211"><ele>319.000</ele></trkpt>
      <trkpt lat="22.3921706447" lon="114.1249397639"><ele>319.000</ele></trkpt>
      <trkpt lat="22.3921598865" lon="114.1249477756"><ele>318.000</ele></trkpt>
      <trkpt lat="22.3921491084" lon="114.1249557620"><ele>318.000</ele></trkpt>
      <trkpt lat="22.3921383114" lon="114.1249637252"><ele>318.000</ele></trkpt>
      <trkpt lat="22.3921274963" lon="114.1249716631"><ele>320.000</ele></trkpt>
      <trkpt lat="22.3921166640" lon="114.1249795816"><ele>319.000</ele></trkpt>
      <trkpt lat="22.3921058191" lon="114.1249874806"><ele>319.000</ele></trkpt>
      <trkpt lat="22.3920949615" lon="114.1249953632"><ele>319.000</ele></trkpt>
      <trkpt lat="22.3920849626" lon="114.1250025967"><ele>319.000</ele></trkpt>
      <trkpt lat="22.3920840913" lon="114.1250032283"><ele>319.000</ele></trkpt>
      <trkpt lat="22.3920732121" lon="114.1250110808"><ele>318.000</ele></trkpt>
      <trkpt lat="22.3920623238" lon="114.1250189225"><ele>320.000</ele></trkpt>
      <trkpt lat="22.3920514301" lon="114.1250267507"><ele>320.000</ele></trkpt>
      <trkpt lat="22.3920405292" lon="114.1250345741"><ele>320.000</ele></trkpt>
      <trkpt lat="22.3920296264" lon="114.1250423896"><ele>320.000</ele></trkpt>
      <trkpt lat="22.3920187219" lon="114.1250501994"><ele>318.000</ele></trkpt>
      <trkpt lat="22.3920078173" lon="114.1250580091"><ele>318.000</ele></trkpt>
      <trkpt lat="22.3919969128" lon="114.1250658179"><ele>320.000</ele></trkpt>
      <trkpt lat="22.3919860118" lon="114.1250736247"><ele>320.000</ele></trkpt>
      <trkpt lat="22.3919751145" lon="114.1250814344"><ele>319.000</ele></trkpt>
      <trkpt lat="22.3919642244" lon="114.1250892500"><ele>319.000</ele></trkpt>
      <trkpt lat="22.3919533397" lon="114.1250970733"><ele>319.000</ele></trkpt>
      <trkpt lat="22.3919424659" lon="114.1251049024"><ele>319.000</ele></trkpt>
      <trkpt lat="22.3919316011" lon="114.1251127432"><ele>320.000</ele></trkpt>
      <trkpt lat="22.3919207507" lon="114.1251205937"><ele>320.000</ele></trkpt>
      <trkpt lat="22.3919098696" lon="114.1251283918"><ele>320.000</ele></trkpt>
      <trkpt lat="22.3918989081" lon="114.1251360597"><ele>320.000</ele></trkpt>
      <trkpt lat="22.3918878780" lon="114.1251436131"><ele>320.000</ele></trkpt>
      <trkpt lat="22.3918767927" lon="114.1251510753"><ele>320.000</ele></trkpt>
      <trkpt lat="22.3918656604" lon="114.1251584646"><ele>320.000</ele></trkpt>
      <trkpt lat="22.3918544957" lon="114.1251657957"><ele>320.000</ele></trkpt>
      <trkpt lat="22.3918433074" lon="114.1251730927"><ele>320.000</ele></trkpt>
      <trkpt lat="22.3918321101" lon="114.1251803723"><ele>320.000</ele></trkpt>
      <trkpt lat="22.3918209146" lon="114.1251876539"><ele>320.000</ele></trkpt>
      <trkpt lat="22.3918097317" lon="114.1251949578"><ele>320.000</ele></trkpt>
      <trkpt lat="22.3917985723" lon="114.1252023005"><ele>319.000</ele></trkpt>
      <trkpt lat="22.3917874491" lon="114.1252097044"><ele>320.000</ele></trkpt>
      <trkpt lat="22.3917763819" lon="114.1252172111"><ele>320.000</ele></trkpt>
      <trkpt lat="22.3917653834" lon="114.1252248577"><ele>320.000</ele></trkpt>
      <trkpt lat="22.3917544309" lon="114.1252326053"><ele>320.000</ele></trkpt>
      <trkpt lat="22.3917435056" lon="114.1252404073"><ele>320.000</ele></trkpt>
      <trkpt lat="22.3917325884" lon="114.1252482228"><ele>320.000</ele></trkpt>
      <trkpt lat="22.3917216567" lon="114.1252560092"><ele>322.000</ele></trkpt>
      <trkpt lat="22.3917106925" lon="114.1252637238"><ele>320.000</ele></trkpt>
      <trkpt lat="22.3916996732" lon="114.1252713218"><ele>320.000</ele></trkpt>
      <trkpt lat="22.3916885798" lon="114.1252787626"><ele>320.000</ele></trkpt>
      <trkpt lat="22.3916773915" lon="114.1252859994"><ele>320.000</ele></trkpt>
      <trkpt lat="22.3916660875" lon="114.1252929936"><ele>320.000</ele></trkpt>
      <trkpt lat="22.3916546498" lon="114.1252997022"><ele>320.000</ele></trkpt>
      <trkpt lat="22.3916430115" lon="114.1253059866"><ele>322.000</ele></trkpt>
      <trkpt lat="22.3916311238" lon="114.1253117447"><ele>322.000</ele></trkpt>
      <trkpt lat="22.3916190372" lon="114.1253170844"><ele>320.000</ele></trkpt>
      <trkpt lat="22.3916068025" lon="114.1253221056"><ele>320.000</ele></trkpt>
      <trkpt lat="22.3915944692" lon="114.1253269141"><ele>320.000</ele></trkpt>
      <trkpt lat="22.3915820836" lon="114.1253316101"><ele>320.000</ele></trkpt>
      <trkpt lat="22.3915697006" lon="114.1253363011"><ele>320.000</ele></trkpt>
      <trkpt lat="22.3915573683" lon="114.1253410893"><ele>320.000</ele></trkpt>
      <trkpt lat="22.3915451100" lon="114.1253460367"><ele>320.000</ele></trkpt>
      <trkpt lat="22.3915327289" lon="114.1253507899"><ele>320.000</ele></trkpt>
      <trkpt lat="22.3915202122" lon="114.1253553198"><ele>320.000</ele></trkpt>
      <trkpt lat="22.3915076161" lon="114.1253597206"><ele>320.000</ele></trkpt>
      <trkpt lat="22.3914950018" lon="114.1253640806"><ele>320.000</ele></trkpt>
      <trkpt lat="22.3914824274" lon="114.1253684979"><ele>319.000</ele></trkpt>
      <trkpt lat="22.3914699504" lon="114.1253730608"><ele>319.000</ele></trkpt>
      <trkpt lat="22.3914576289" lon="114.1253778645"><ele>319.000</ele></trkpt>
      <trkpt lat="22.3914455207" lon="114.1253830002"><ele>319.000</ele></trkpt>
      <trkpt lat="22.3914336870" lon="114.1253885632"><ele>318.000</ele></trkpt>
      <trkpt lat="22.3914221841" lon="114.1253946455"><ele>318.000</ele></trkpt>
      <trkpt lat="22.3914113660" lon="114.1254017919"><ele>320.000</ele></trkpt>
      <trkpt lat="22.3914021932" lon="114.1254114907"><ele>320.000</ele></trkpt>
      <trkpt lat="22.3913940928" lon="114.1254228535"><ele>318.000</ele></trkpt>
      <trkpt lat="22.3913863331" lon="114.1254347464"><ele>318.000</ele></trkpt>
      <trkpt lat="22.3913828109" lon="114.1254396294"><ele>318.000</ele></trkpt>
      <trkpt lat="22.3913813083" lon="114.1254456304"><ele>318.000</ele></trkpt>
      <trkpt lat="22.3913799369" lon="114.1254522654"><ele>320.000</ele></trkpt>
      <trkpt lat="22.3913786053" lon="114.1254590675"><ele>320.000</ele></trkpt>
      <trkpt lat="22.3913772962" lon="114.1254660171"><ele>320.000</ele></trkpt>
      <trkpt lat="22.3913759963" lon="114.1254730891"><ele>320.000</ele></trkpt>
      <trkpt lat="22.3913746910" lon="114.1254802660"><ele>320.000</ele></trkpt>
      <trkpt lat="22.3913733658" lon="114.1254875225"><ele>320.000</ele></trkpt>
      <trkpt lat="22.3913720045" lon="114.1254948411"><ele>320.000</ele></trkpt>
      <trkpt lat="22.3913705908" lon="114.1255022006"><ele>321.000</ele></trkpt>
      <trkpt lat="22.3913691122" lon="114.1255095776"><ele>321.000</ele></trkpt>
      <trkpt lat="22.3913675531" lon="114.1255169507"><ele>321.000</ele></trkpt>
      <trkpt lat="22.3913658984" lon="114.1255243006"><ele>321.000</ele></trkpt>
      <trkpt lat="22.3913641307" lon="114.1255316039"><ele>321.000</ele></trkpt>
      <trkpt lat="22.3913622402" lon="114.1255388412"><ele>321.000</ele></trkpt>
      <trkpt lat="22.3913602070" lon="114.1255459911"><ele>321.000</ele></trkpt>
      <trkpt lat="22.3913580184" lon="114.1255530304"><ele>323.000</ele></trkpt>
      <trkpt lat="22.3913556600" lon="114.1255599416"><ele>323.000</ele></trkpt>
      <trkpt lat="22.3913531165" lon="114.1255666994"><ele>323.000</ele></trkpt>
      <trkpt lat="22.3913503715" lon="114.1255732844"><ele>320.000</ele></trkpt>
      <trkpt lat="22.3913474115" lon="114.1255796773"><ele>320.000</ele></trkpt>
      <trkpt lat="22.3913442393" lon="114.1255859459"><ele>320.000</ele></trkpt>
      <trkpt lat="22.3913408747" lon="114.1255921291"><ele>320.000</ele></trkpt>
      <trkpt lat="22.3913373258" lon="114.1255982328"><ele>320.000</ele></trkpt>
      <trkpt lat="22.3913336071" lon="114.1256042559"><ele>320.000</ele></trkpt>
      <trkpt lat="22.3913297295" lon="114.1256102004"><ele>320.000</ele></trkpt>
      <trkpt lat="22.3913257056" lon="114.1256160683"><ele>320.000</ele></trkpt>
      <trkpt lat="22.3913215470" lon="114.1256218653"><ele>320.000</ele></trkpt>
      <trkpt lat="22.3913172639" lon="114.1256275886"><ele>320.000</ele></trkpt>
      <trkpt lat="22.3913128696" lon="114.1256332458"><ele>320.000</ele></trkpt>
      <trkpt lat="22.3913083778" lon="114.1256388351"><ele>320.000</ele></trkpt>
      <trkpt lat="22.3913037975" lon="114.1256443604"><ele>320.000</ele></trkpt>
      <trkpt lat="22.3912991431" lon="114.1256498235"><ele>320.000</ele></trkpt>
      <trkpt lat="22.3912944263" lon="114.1256552246"><ele>320.000</ele></trkpt>
      <trkpt lat="22.3912896572" lon="114.1256605693"><ele>320.000</ele></trkpt>
      <trkpt lat="22.3912848492" lon="114.1256658577"><ele>320.000</ele></trkpt>
      <trkpt lat="22.3912800141" lon="114.1256710946"><ele>320.000</ele></trkpt>
      <trkpt lat="22.3912751655" lon="114.1256762772"><ele>320.000</ele></trkpt>
      <trkpt lat="22.3912703096" lon="114.1256814102"><ele>320.000</ele></trkpt>
      <trkpt lat="22.3912654654" lon="114.1256864966"><ele>320.000</ele></trkpt>
      <trkpt lat="22.3912606158" lon="114.1256915209"><ele>317.000</ele></trkpt>
      <trkpt lat="22.3912556488" lon="114.1256964073"><ele>320.000</ele></trkpt>
      <trkpt lat="22.3912505625" lon="114.1257011559"><ele>320.000</ele></trkpt>
      <trkpt lat="22.3912453687" lon="114.1257057841"><ele>320.000</ele></trkpt>
      <trkpt lat="22.3912400828" lon="114.1257103074"><ele>320.000</ele></trkpt>
      <trkpt lat="22.3912347146" lon="114.1257147395"><ele>320.000</ele></trkpt>
      <trkpt lat="22.3912292824" lon="114.1257190978"><ele>320.000</ele></trkpt>
      <trkpt lat="22.3912237959" lon="114.1257233979"><ele>320.000</ele></trkpt>
      <trkpt lat="22.3912182687" lon="114.1257276533"><ele>320.000</ele></trkpt>
      <trkpt lat="22.3912127145" lon="114.1257318777"><ele>317.000</ele></trkpt>
      <trkpt lat="22.3912071458" lon="114.1257360904"><ele>317.000</ele></trkpt>
      <trkpt lat="22.3912015771" lon="114.1257403050"><ele>317.000</ele></trkpt>
      <trkpt lat="22.3911960229" lon="114.1257445371"><ele>320.000</ele></trkpt>
      <trkpt lat="22.3911904940" lon="114.1257488023"><ele>320.000</ele></trkpt>
      <trkpt lat="22.3911850048" lon="114.1257531140"><ele>320.000</ele></trkpt>
      <trkpt lat="22.3911795680" lon="114.1257574898"><ele>320.000</ele></trkpt>
      <trkpt lat="22.3911741962" lon="114.1257619432"><ele>320.000</ele></trkpt>
      <trkpt lat="22.3911689040" lon="114.1257664908"><ele>317.000</ele></trkpt>
      <trkpt lat="22.3911637057" lon="114.1257711472"><ele>317.000</ele></trkpt>
      <trkpt lat="22.3911584135" lon="114.1257758512"><ele>317.000</ele></trkpt>
      <trkpt lat="22.3911527907" lon="114.1257805086"><ele>317.000</ele></trkpt>
      <trkpt lat="22.3911469151" lon="114.1257851390"><ele>317.000</ele></trkpt>
      <trkpt lat="22.3911408680" lon="114.1257897617"><ele>317.000</ele></trkpt>
      <trkpt lat="22.3911347323" lon="114.1257943941"><ele>318.000</ele></trkpt>
      <trkpt lat="22.3911285858" lon="114.1257990576"><ele>318.000</ele></trkpt>
      <trkpt lat="22.3911225116" lon="114.1258037725"><ele>316.000</ele></trkpt>
      <trkpt lat="22.3911165927" lon="114.1258085534"><ele>316.000</ele></trkpt>
      <trkpt lat="22.3911109068" lon="114.1258134265"><ele>316.000</ele></trkpt>
      <trkpt lat="22.3911055370" lon="114.1258184063"><ele>316.000</ele></trkpt>
      <trkpt lat="22.3911005628" lon="114.1258235161"><ele>316.000</ele></trkpt>
      <trkpt lat="22.3910960691" lon="114.1258287733"><ele>316.000</ele></trkpt>
      <trkpt lat="22.3910921335" lon="114.1258341973"><ele>316.000</ele></trkpt>
      <trkpt lat="22.3910888391" lon="114.1258398075"><ele>318.000</ele></trkpt>
      <trkpt lat="22.3910862654" lon="114.1258456234"><ele>318.000</ele></trkpt>
      <trkpt lat="22.3910844956" lon="114.1258516662"><ele>318.000</ele></trkpt>
      <trkpt lat="22.3910835195" lon="114.1258579271"><ele>318.000</ele></trkpt>
      <trkpt lat="22.3910830727" lon="114.1258643258"><ele>318.000</ele></trkpt>
      <trkpt lat="22.3910830965" lon="114.1258708477"><ele>318.000</ele></trkpt>
      <trkpt lat="22.3910835519" lon="114.1258774859"><ele>318.000</ele></trkpt>
      <trkpt lat="22.3910843975" lon="114.1258842318"><ele>318.000</ele></trkpt>
      <trkpt lat="22.3910855934" lon="114.1258910727"><ele>319.000</ele></trkpt>
      <trkpt lat="22.3910871037" lon="114.1258980038"><ele>319.000</ele></trkpt>
      <trkpt lat="22.3910888849" lon="114.1259050145"><ele>319.000</ele></trkpt>
      <trkpt lat="22.3910909010" lon="114.1259120988"><ele>319.000</ele></trkpt>
      <trkpt lat="22.3910931085" lon="114.1259192453"><ele>319.000</ele></trkpt>
      <trkpt lat="22.3910954695" lon="114.1259264461"><ele>319.000</ele></trkpt>
      <trkpt lat="22.3910979462" lon="114.1259336934"><ele>319.000</ele></trkpt>
      <trkpt lat="22.3911004978" lon="114.1259409776"><ele>320.000</ele></trkpt>
      <trkpt lat="22.3911030837" lon="114.1259482909"><ele>320.000</ele></trkpt>
      <trkpt lat="22.3911056651" lon="114.1259556247"><ele>320.000</ele></trkpt>
      <trkpt lat="22.3911082014" lon="114.1259629681"><ele>320.000</ele></trkpt>
      <trkpt lat="22.3911106546" lon="114.1259703145"><ele>320.000</ele></trkpt>
      <trkpt lat="22.3911129850" lon="114.1259776551"><ele>320.000</ele></trkpt>
      <trkpt lat="22.3911151537" lon="114.1259849803"><ele>320.000</ele></trkpt>
      <trkpt lat="22.3911171183" lon="114.1259922822"><ele>320.000</ele></trkpt>
      <trkpt lat="22.3911188400" lon="114.1259995531"><ele>320.000</ele></trkpt>
      <trkpt lat="22.3911202826" lon="114.1260067843"><ele>320.000</ele></trkpt>
      <trkpt lat="22.3911214020" lon="114.1260139632"><ele>320.000</ele></trkpt>
      <trkpt lat="22.3911221610" lon="114.1260210966"><ele>320.000</ele></trkpt>
      <trkpt lat="22.3911225226" lon="114.1260282845"><ele>320.000</ele></trkpt>
      <trkpt lat="22.3911225123" lon="114.1260355327"><ele>320.000</ele></trkpt>
      <trkpt lat="22.3911221669" lon="114.1260428258"><ele>320.000</ele></trkpt>
      <trkpt lat="22.3911215145" lon="114.1260501442"><ele>320.000</ele></trkpt>
      <trkpt lat="22.3911205939" lon="114.1260574724"><ele>320.000</ele></trkpt>
      <trkpt lat="22.3911194393" lon="114.1260647910"><ele>320.000</ele></trkpt>
      <trkpt lat="22.3911180789" lon="114.1260720824"><ele>320.000</ele></trkpt>
      <trkpt lat="22.3911165532" lon="114.1260793273"><ele>320.000</ele></trkpt>
      <trkpt lat="22.3911148921" lon="114.1260865121"><ele>320.000</ele></trkpt>
      <trkpt lat="22.3911131297" lon="114.1260936163"><ele>320.000</ele></trkpt>
      <trkpt lat="22.3911113015" lon="114.1261006214"><ele>320.000</ele></trkpt>
      <trkpt lat="22.3911093937" lon="114.1261074994"><ele>320.000</ele></trkpt>
      <trkpt lat="22.3911062043" lon="114.1261139253"><ele>320.000</ele></trkpt>
      <trkpt lat="22.3911017848" lon="114.1261199322"><ele>320.000</ele></trkpt>
      <trkpt lat="22.3910969346" lon="114.1261257469"><ele>320.000</ele></trkpt>
      <trkpt lat="22.3910924582" lon="114.1261316023"><ele>320.000</ele></trkpt>
      <trkpt lat="22.3910891585" lon="114.1261377272"><ele>320.000</ele></trkpt>
      <trkpt lat="22.3910877988" lon="114.1261443447"><ele>320.000</ele></trkpt>
      <trkpt lat="22.3910875048" lon="114.1261512901"><ele>320.000</ele></trkpt>
      <trkpt lat="22.3910875702" lon="114.1261583849"><ele>320.000</ele></trkpt>
      <trkpt lat="22.3910879734" lon="114.1261655999"><ele>320.000</ele></trkpt>
      <trkpt lat="22.3910886837" lon="114.1261728984"><ele>320.000</ele></trkpt>
      <trkpt lat="22.3910896776" lon="114.1261802473"><ele>319.000</ele></trkpt>
      <trkpt lat="22.3910909252" lon="114.1261876135"><ele>319.000</ele></trkpt>
      <trkpt lat="22.3910924004" lon="114.1261949603"><ele>319.000</ele></trkpt>
      <trkpt lat="22.3910940769" lon="114.1262022565"><ele>319.000</ele></trkpt>
      <trkpt lat="22.3910959295" lon="114.1262094672"><ele>319.000</ele></trkpt>
      <trkpt lat="22.3910979266" lon="114.1262165574"><ele>319.000</ele></trkpt>
      <trkpt lat="22.3911000455" lon="114.1262234960"><ele>319.000</ele></trkpt>
      <trkpt lat="22.3911023043" lon="114.1262303084"><ele>319.000</ele></trkpt>
      <trkpt lat="22.3911047384" lon="114.1262370625"><ele>319.000</ele></trkpt>
      <trkpt lat="22.3911073268" lon="114.1262437659"><ele>319.000</ele></trkpt>
      <trkpt lat="22.3911100543" lon="114.1262504267"><ele>319.000</ele></trkpt>
      <trkpt lat="22.3911128965" lon="114.1262570504"><ele>319.000</ele></trkpt>
      <trkpt lat="22.3911158325" lon="114.1262636431"><ele>319.000</ele></trkpt>
      <trkpt lat="22.3911188472" lon="114.1262702105"><ele>319.000</ele></trkpt>
      <trkpt lat="22.3911219160" lon="114.1262767604"><ele>319.000</ele></trkpt>
      <trkpt lat="22.3911250209" lon="114.1262832966"><ele>319.000</ele></trkpt>
      <trkpt lat="22.3911281439" lon="114.1262898310"><ele>322.000</ele></trkpt>
      <trkpt lat="22.3911312597" lon="114.1262963634"><ele>322.000</ele></trkpt>
      <trkpt lat="22.3911343538" lon="114.1263029055"><ele>322.000</ele></trkpt>
      <trkpt lat="22.3911374027" lon="114.1263094593"><ele>322.000</ele></trkpt>
      <trkpt lat="22.3911403866" lon="114.1263160364"><ele>322.000</ele></trkpt>
      <trkpt lat="22.3911432875" lon="114.1263226368"><ele>322.000</ele></trkpt>
      <trkpt lat="22.3911460836" lon="114.1263292723"><ele>321.000</ele></trkpt>
      <trkpt lat="22.3911487560" lon="114.1263359495"><ele>321.000</ele></trkpt>
      <trkpt lat="22.3911512830" lon="114.1263426676"><ele>321.000</ele></trkpt>
      <trkpt lat="22.3911536448" lon="114.1263494411"><ele>321.000</ele></trkpt>
      <trkpt lat="22.3911558233" lon="114.1263562739"><ele>321.000</ele></trkpt>
      <trkpt lat="22.3911578230" lon="114.1263631728"><ele>321.000</ele></trkpt>
      <trkpt lat="22.3911597126" lon="114.1263701523"><ele>321.000</ele></trkpt>
      <trkpt lat="22.3911614929" lon="114.1263772057"><ele>320.000</ele></trkpt>
      <trkpt lat="22.3911631558" lon="114.1263843194"><ele>320.000</ele></trkpt>
      <trkpt lat="22.3911647004" lon="114.1263914894"><ele>320.000</ele></trkpt>
      <trkpt lat="22.3911661187" lon="114.1263987041"><ele>320.000</ele></trkpt>
      <trkpt lat="22.3911674069" lon="114.1264059538"><ele>320.000</ele></trkpt>
      <trkpt lat="22.3911685596" lon="114.1264132327"><ele>320.000</ele></trkpt>
      <trkpt lat="22.3911695706" lon="114.1264205311"><ele>320.000</ele></trkpt>
      <trkpt lat="22.3911704317" lon="114.1264278373"><ele>321.000</ele></trkpt>
      <trkpt lat="22.3911711438" lon="114.1264351455"><ele>321.000</ele></trkpt>
      <trkpt lat="22.3911716969" lon="114.1264424440"><ele>324.000</ele></trkpt>
      <trkpt lat="22.3911720893" lon="114.1264497271"><ele>324.000</ele></trkpt>
      <trkpt lat="22.3911723119" lon="114.1264569840"><ele>324.000</ele></trkpt>
      <trkpt lat="22.3911723611" lon="114.1264642060"><ele>324.000</ele></trkpt>
      <trkpt lat="22.3911722315" lon="114.1264713844"><ele>325.000</ele></trkpt>
      <trkpt lat="22.3911718924" lon="114.1264785550"><ele>325.000</ele></trkpt>
      <trkpt lat="22.3911713347" lon="114.1264857433"><ele>322.000</ele></trkpt>
      <trkpt lat="22.3911705721" lon="114.1264929394"><ele>322.000</ele></trkpt>
      <trkpt lat="22.3911696162" lon="114.1265001413"><ele>322.000</ele></trkpt>
      <trkpt lat="22.3911684842" lon="114.1265073434"><ele>322.000</ele></trkpt>
      <trkpt lat="22.3911671897" lon="114.1265145396"><ele>322.000</ele></trkpt>
      <trkpt lat="22.3911657461" lon="114.1265217224"><ele>324.000</ele></trkpt>
      <trkpt lat="22.3911641653" lon="114.1265288925"><ele>324.000</ele></trkpt>
      <trkpt lat="22.3911624644" lon="114.1265360355"><ele>324.000</ele></trkpt>
      <trkpt lat="22.3911606551" lon="114.1265431543"><ele>324.000</ele></trkpt>
      <trkpt lat="22.3911587536" lon="114.1265502381"><ele>324.000</ele></trkpt>
      <trkpt lat="22.3911567727" lon="114.1265572841"><ele>324.000</ele></trkpt>
      <trkpt lat="22.3911547250" lon="114.1265642855"><ele>324.000</ele></trkpt>
      <trkpt lat="22.3911526266" lon="114.1265712373"><ele>324.000</ele></trkpt>
      <trkpt lat="22.3911504922" lon="114.1265781348"><ele>324.000</ele></trkpt>
      <trkpt lat="22.3911481698" lon="114.1265849605"><ele>324.000</ele></trkpt>
      <trkpt lat="22.3911454646" lon="114.1265917047"><ele>324.000</ele></trkpt>
      <trkpt lat="22.3911424396" lon="114.1265983792"><ele>324.000</ele></trkpt>
      <trkpt lat="22.3911391636" lon="114.1266049935"><ele>324.000</ele></trkpt>
      <trkpt lat="22.3911357069" lon="114.1266115613"><ele>324.000</ele></trkpt>
      <trkpt lat="22.3911321365" lon="114.1266180941"><ele>326.000</ele></trkpt>
      <trkpt lat="22.3911285227" lon="114.1266246018"><ele>326.000</ele></trkpt>
      <trkpt lat="22.3911249324" lon="114.1266310977"><ele>324.000</ele></trkpt>
      <trkpt lat="22.3911214342" lon="114.1266375956"><ele>324.000</ele></trkpt>
      <trkpt lat="22.3911180985" lon="114.1266441031"><ele>324.000</ele></trkpt>
      <trkpt lat="22.3911149922" lon="114.1266506339"><ele>324.000</ele></trkpt>
      <trkpt lat="22.3911121858" lon="114.1266572024"><ele>324.000</ele></trkpt>
      <trkpt lat="22.3911097460" lon="114.1266638135"><ele>324.000</ele></trkpt>
      <trkpt lat="22.3911077415" lon="114.1266704856"><ele>325.000</ele></trkpt>
      <trkpt lat="22.3911062409" lon="114.1266772275"><ele>325.000</ele></trkpt>
      <trkpt lat="22.3911053147" lon="114.1266840507"><ele>325.000</ele></trkpt>
      <trkpt lat="22.3911049502" lon="114.1266909456"><ele>325.000</ele></trkpt>
      <trkpt lat="22.3911050607" lon="114.1266978889"><ele>325.000</ele></trkpt>
      <trkpt lat="22.3911055939" lon="114.1267048748"><ele>325.000</ele></trkpt>
      <trkpt lat="22.3911065027" lon="114.1267119013"><ele>325.000</ele></trkpt>
      <trkpt lat="22.3911077403" lon="114.1267189607"><ele>327.000</ele></trkpt>
      <trkpt lat="22.3911092542" lon="114.1267260530"><ele>327.000</ele></trkpt>
      <trkpt lat="22.3911110011" lon="114.1267331705"><ele>327.000</ele></trkpt>
      <trkpt lat="22.3911129268" lon="114.1267403112"><ele>327.000</ele></trkpt>
      <trkpt lat="22.3911149879" lon="114.1267474694"><ele>327.000</ele></trkpt>
      <trkpt lat="22.3911171304" lon="114.1267546430"><ele>327.000</ele></trkpt>
      <trkpt lat="22.3911193108" lon="114.1267618245"><ele>327.000</ele></trkpt>
      <trkpt lat="22.3911214785" lon="114.1267690117"><ele>327.000</ele></trkpt>
      <trkpt lat="22.3911235849" lon="114.1267762010"><ele>327.000</ele></trkpt>
      <trkpt lat="22.3911255792" lon="114.1267833844"><ele>327.000</ele></trkpt>
      <trkpt lat="22.3911274164" lon="114.1267905640"><ele>330.000</ele></trkpt>
      <trkpt lat="22.3911290478" lon="114.1267977311"><ele>330.000</ele></trkpt>
      <trkpt lat="22.3911304334" lon="114.1268048827"><ele>330.000</ele></trkpt>
      <trkpt lat="22.3911319564" lon="114.1268121226"><ele>328.000</ele></trkpt>
      <trkpt lat="22.3911336871" lon="114.1268194634"><ele>328.000</ele></trkpt>
      <trkpt lat="22.3911354522" lon="114.1268268567"><ele>328.000</ele></trkpt>
      <trkpt lat="22.3911370854" lon="114.1268342520"><ele>328.000</ele></trkpt>
      <trkpt lat="22.3911384115" lon="114.1268415988"><ele>328.000</ele></trkpt>
      <trkpt lat="22.3911392590" lon="114.1268488526"><ele>328.000</ele></trkpt>
      <trkpt lat="22.3911394626" lon="114.1268559590"><ele>328.000</ele></trkpt>
      <trkpt lat="22.3911388452" lon="114.1268628734"><ele>328.000</ele></trkpt>
      <trkpt lat="22.3911373094" lon="114.1268695725"><ele>328.000</ele></trkpt>
      <trkpt lat="22.3911352308" lon="114.1268762020"><ele>328.000</ele></trkpt>
      <trkpt lat="22.3911327278" lon="114.1268827869"><ele>328.000</ele></trkpt>
      <trkpt lat="22.3911298491" lon="114.1268893175"><ele>328.000</ele></trkpt>
      <trkpt lat="22.3911266434" lon="114.1268957881"><ele>328.000</ele></trkpt>
      <trkpt lat="22.3911231587" lon="114.1269021888"><ele>326.000</ele></trkpt>
      <trkpt lat="22.3911194392" lon="114.1269085139"><ele>326.000</ele></trkpt>
      <trkpt lat="22.3911155381" lon="114.1269147536"><ele>326.000</ele></trkpt>
      <trkpt lat="22.3911114998" lon="114.1269209021"><ele>326.000</ele></trkpt>
      <trkpt lat="22.3911073729" lon="114.1269269515"><ele>326.000</ele></trkpt>
      <trkpt lat="22.3911032063" lon="114.1269328942"><ele>326.000</ele></trkpt>
      <trkpt lat="22.3910990468" lon="114.1269387222"><ele>326.000</ele></trkpt>
      <trkpt lat="22.3910948837" lon="114.1269443910"><ele>326.000</ele></trkpt>
      <trkpt lat="22.3910902282" lon="114.1269495958"><ele>326.000</ele></trkpt>
      <trkpt lat="22.3910851013" lon="114.1269543870"><ele>326.000</ele></trkpt>
      <trkpt lat="22.3910796772" lon="114.1269589201"><ele>324.000</ele></trkpt>
      <trkpt lat="22.3910741338" lon="114.1269633425"><ele>324.000</ele></trkpt>
      <trkpt lat="22.3910686446" lon="114.1269678037"><ele>324.000</ele></trkpt>
      <trkpt lat="22.3910633867" lon="114.1269724571"><ele>324.000</ele></trkpt>
      <trkpt lat="22.3910585325" lon="114.1269774522"><ele>324.000</ele></trkpt>
      <trkpt lat="22.3910542537" lon="114.1269829346"><ele>324.000</ele></trkpt>
      <trkpt lat="22.3910505793" lon="114.1269889139"><ele>324.000</ele></trkpt>
      <trkpt lat="22.3910473646" lon="114.1269952738"><ele>324.000</ele></trkpt>
      <trkpt lat="22.3910444660" lon="114.1270018919"><ele>324.000</ele></trkpt>
      <trkpt lat="22.3910417300" lon="114.1270086517"><ele>324.000</ele></trkpt>
      <trkpt lat="22.3910390148" lon="114.1270154367"><ele>324.000</ele></trkpt>
      <trkpt lat="22.3910361660" lon="114.1270221266"><ele>324.000</ele></trkpt>
      <trkpt lat="22.3910330398" lon="114.1270286049"><ele>324.000</ele></trkpt>
      <trkpt lat="22.3910295722" lon="114.1270349085"><ele>324.000</ele></trkpt>
      <trkpt lat="22.3910257840" lon="114.1270410025"><ele>324.000</ele></trkpt>
      <trkpt lat="22.3910216615" lon="114.1270467237"><ele>324.000</ele></trkpt>
      <trkpt lat="22.3910160241" lon="114.1270509218"><ele>324.000</ele></trkpt>
      <trkpt lat="22.3910092945" lon="114.1270504756"><ele>324.000</ele></trkpt>
      <trkpt lat="22.3910035490" lon="114.1270467360"><ele>324.000</ele></trkpt>
      <trkpt lat="22.3909983009" lon="114.1270421436"><ele>324.000</ele></trkpt>
      <trkpt lat="22.3909931565" lon="114.1270372968"><ele>324.000</ele></trkpt>
      <trkpt lat="22.3909879246" lon="114.1270326238"><ele>325.000</ele></trkpt>
      <trkpt lat="22.3909826475" lon="114.1270280314"><ele>325.000</ele></trkpt>
      <trkpt lat="22.3909774012" lon="114.1270233575"><ele>325.000</ele></trkpt>
      <trkpt lat="22.3909721837" lon="114.1270186126"><ele>325.000</ele></trkpt>
      <trkpt lat="22.3909669897" lon="114.1270138037"><ele>325.000</ele></trkpt>
      <trkpt lat="22.3909618191" lon="114.1270089443"><ele>325.000</ele></trkpt>
      <trkpt lat="22.3909566630" lon="114.1270040401"><ele>325.000</ele></trkpt>
      <trkpt lat="22.3909515240" lon="114.1269991011"><ele>322.000</ele></trkpt>
      <trkpt lat="22.3909463922" lon="114.1269941348"><ele>322.000</ele></trkpt>
      <trkpt lat="22.3909412668" lon="114.1269891539"><ele>324.000</ele></trkpt>
      <trkpt lat="22.3909361450" lon="114.1269841653"><ele>324.000</ele></trkpt>
      <trkpt lat="22.3909310231" lon="114.1269791777"><ele>324.000</ele></trkpt>
      <trkpt lat="22.3909258959" lon="114.1269742017"><ele>324.000</ele></trkpt>
      <trkpt lat="22.3909207596" lon="114.1269692451"><ele>324.000</ele></trkpt>
      <trkpt lat="22.3909156125" lon="114.1269643196"><ele>324.000</ele></trkpt>
      <trkpt lat="22.3909104491" lon="114.1269594310"><ele>324.000</ele></trkpt>
      <trkpt lat="22.3909052677" lon="114.1269545910"><ele>322.000</ele></trkpt>
      <trkpt lat="22.3909000629" lon="114.1269498054"><ele>323.000</ele></trkpt>
      <trkpt lat="22.3908948328" lon="114.1269450877"><ele>323.000</ele></trkpt>
      <trkpt lat="22.3908895720" lon="114.1269404459"><ele>323.000</ele></trkpt>
      <trkpt lat="22.3908842778" lon="114.1269358875"><ele>323.000</ele></trkpt>
      <trkpt lat="22.3908789457" lon="114.1269314224"><ele>323.000</ele></trkpt>
      <trkpt lat="22.3908735739" lon="114.1269270602"><ele>323.000</ele></trkpt>
      <trkpt lat="22.3908681552" lon="114.1269228088"><ele>323.000</ele></trkpt>
      <trkpt lat="22.3908626904" lon="114.1269186797"><ele>323.000</ele></trkpt>
      <trkpt lat="22.3908571734" lon="114.1269146817"><ele>323.000</ele></trkpt>
      <trkpt lat="22.3908516003" lon="114.1269108197"><ele>324.000</ele></trkpt>
      <trkpt lat="22.3908459678" lon="114.1269071083"><ele>324.000</ele></trkpt>
      <trkpt lat="22.3908402738" lon="114.1269035542"><ele>322.000</ele></trkpt>
      <trkpt lat="22.3908345131" lon="114.1269001671"><ele>322.000</ele></trkpt>
      <trkpt lat="22.3908286820" lon="114.1268969549"><ele>322.000</ele></trkpt>
      <trkpt lat="22.3908227174" lon="114.1268940865"><ele>322.000</ele></trkpt>
      <trkpt lat="22.3908165849" lon="114.1268916590"><ele>322.000</ele></trkpt>
      <trkpt lat="22.3908102973" lon="114.1268896317"><ele>322.000</ele></trkpt>
      <trkpt lat="22.3908038706" lon="114.1268879618"><ele>322.000</ele></trkpt>
      <trkpt lat="22.3907973195" lon="114.1268866104"><ele>322.000</ele></trkpt>
      <trkpt lat="22.3907906601" lon="114.1268855349"><ele>322.000</ele></trkpt>
      <trkpt lat="22.3907839086" lon="114.1268846963"><ele>322.000</ele></trkpt>
      <trkpt lat="22.3907770777" lon="114.1268840549"><ele>322.000</ele></trkpt>
      <trkpt lat="22.3907701837" lon="114.1268835631"><ele>322.000</ele></trkpt>
      <trkpt lat="22.3907632409" lon="114.1268831868"><ele>324.000</ele></trkpt>
      <trkpt lat="22.3907562683" lon="114.1268828834"><ele>324.000</ele></trkpt>
      <trkpt lat="22.3907492741" lon="114.1268826072"><ele>324.000</ele></trkpt>
      <trkpt lat="22.3907422808" lon="114.1268823242"><ele>324.000</ele></trkpt>
      <trkpt lat="22.3907352983" lon="114.1268819907"><ele>324.000</ele></trkpt>
      <trkpt lat="22.3907283474" lon="114.1268815659"><ele>324.000</ele></trkpt>
      <trkpt lat="22.3907214362" lon="114.1268810071"><ele>324.000</ele></trkpt>
      <trkpt lat="22.3907145854" lon="114.1268802754"><ele>324.000</ele></trkpt>
      <trkpt lat="22.3907078068" lon="114.1268793281"><ele>324.000</ele></trkpt>
      <trkpt lat="22.3907011184" lon="114.1268781263"><ele>324.000</ele></trkpt>
      <trkpt lat="22.3906945329" lon="114.1268766254"><ele>324.000</ele></trkpt>
      <trkpt lat="22.3906880249" lon="114.1268747196"><ele>324.000</ele></trkpt>
      <trkpt lat="22.3906815891" lon="114.1268724000"><ele>324.000</ele></trkpt>
      <trkpt lat="22.3906752416" lon="114.1268697182"><ele>324.000</ele></trkpt>
      <trkpt lat="22.3906689934" lon="114.1268667120"><ele>326.000</ele></trkpt>
      <trkpt lat="22.3906628588" lon="114.1268634251"><ele>326.000</ele></trkpt>
      <trkpt lat="22.3906568506" lon="114.1268598993"><ele>326.000</ele></trkpt>
      <trkpt lat="22.3906509833" lon="114.1268561811"><ele>324.000</ele></trkpt>
      <trkpt lat="22.3906452694" lon="114.1268523075"><ele>324.000</ele></trkpt>
      <trkpt lat="22.3906397053" lon="114.1268482076"><ele>324.000</ele></trkpt>
      <trkpt lat="22.3906342694" lon="114.1268438630"><ele>324.000</ele></trkpt>
      <trkpt lat="22.3906289346" lon="114.1268393211"><ele>325.000</ele></trkpt>
      <trkpt lat="22.3906236810" lon="114.1268346278"><ele>325.000</ele></trkpt>
      <trkpt lat="22.3906184797" lon="114.1268298344"><ele>325.000</ele></trkpt>
      <trkpt lat="22.3906133110" lon="114.1268249905"><ele>325.000</ele></trkpt>
      <trkpt lat="22.3906081494" lon="114.1268201408"><ele>325.000</ele></trkpt>
      <trkpt lat="22.3906029681" lon="114.1268153358"><ele>325.000</ele></trkpt>
      <trkpt lat="22.3905977470" lon="114.1268106240"><ele>325.000</ele></trkpt>
      <trkpt lat="22.3905924591" lon="114.1268060549"><ele>322.000</ele></trkpt>
      <trkpt lat="22.3905870828" lon="114.1268016704"><ele>322.000</ele></trkpt>
      <trkpt lat="22.3905815909" lon="114.1267975268"><ele>324.000</ele></trkpt>
      <trkpt lat="22.3905759619" lon="114.1267936668"><ele>324.000</ele></trkpt>
      <trkpt lat="22.3905701687" lon="114.1267901477"><ele>324.000</ele></trkpt>
      <trkpt lat="22.3905641389" lon="114.1267870890"><ele>324.000</ele></trkpt>
      <trkpt lat="22.3905578872" lon="114.1267844712"><ele>324.000</ele></trkpt>
      <trkpt lat="22.3905514550" lon="114.1267822274"><ele>324.000</ele></trkpt>
      <trkpt lat="22.3905448811" lon="114.1267802866"><ele>324.000</ele></trkpt>
      <trkpt lat="22.3905382052" lon="114.1267785857"><ele>326.000</ele></trkpt>
      <trkpt lat="22.3905314689" lon="114.1267770519"><ele>326.000</ele></trkpt>
      <trkpt lat="22.3905247118" lon="114.1267756209"><ele>326.000</ele></trkpt>
      <trkpt lat="22.3905179764" lon="114.1267742250"><ele>326.000</ele></trkpt>
      <trkpt lat="22.3905113024" lon="114.1267727921"><ele>326.000</ele></trkpt>
      <trkpt lat="22.3905046736" lon="114.1267713359"><ele>326.000</ele></trkpt>
      <trkpt lat="22.3904980195" lon="114.1267699603"><ele>326.000</ele></trkpt>
      <trkpt lat="22.3904913419" lon="114.1267686702"><ele>326.000</ele></trkpt>
      <trkpt lat="22.3904846454" lon="114.1267674723"><ele>326.000</ele></trkpt>
      <trkpt lat="22.3904779291" lon="114.1267663716"><ele>326.000</ele></trkpt>
      <trkpt lat="22.3904712046" lon="114.1267653718"><ele>326.000</ele></trkpt>
      <trkpt lat="22.3904644694" lon="114.1267644769"><ele>326.000</ele></trkpt>
      <trkpt lat="22.3904577324" lon="114.1267636928"><ele>326.000</ele></trkpt>
      <trkpt lat="22.3904509954" lon="114.1267630241"><ele>326.000</ele></trkpt>
      <trkpt lat="22.3904442621" lon="114.1267624759"><ele>326.000</ele></trkpt>
      <trkpt lat="22.3904375208" lon="114.1267622200"><ele>326.000</ele></trkpt>
      <trkpt lat="22.3904307614" lon="114.1267623273"><ele>326.000</ele></trkpt>
      <trkpt lat="22.3904239905" lon="114.1267626910"><ele>326.000</ele></trkpt>
      <trkpt lat="22.3904172123" lon="114.1267632023"><ele>326.000</ele></trkpt>
      <trkpt lat="22.3904104342" lon="114.1267637544"><ele>326.000</ele></trkpt>
      <trkpt lat="22.3903002768" lon="114.1267826232"><ele>328.000</ele></trkpt>
      <trkpt lat="22.3902702113" lon="114.1267907600"><ele>328.000</ele></trkpt>
      <trkpt lat="22.3902290353" lon="114.1268008061"><ele>328.000</ele></trkpt>
      <trkpt lat="22.3902147857" lon="114.1268024232"><ele>328.000</ele></trkpt>
      <trkpt lat="22.3902044631" lon="114.1268003584"><ele>328.000</ele></trkpt>
      <trkpt lat="22.3901875111" lon="114.1267947808"><ele>328.000</ele></trkpt>
      <trkpt lat="22.3901605235" lon="114.1267802047"><ele>330.000</ele></trkpt>
      <trkpt lat="22.3901426001" lon="114.1267699700"><ele>330.000</ele></trkpt>
      <trkpt lat="22.3901376632" lon="114.1267671518"><ele>330.000</ele></trkpt>
      <trkpt lat="22.3901238526" lon="114.1267575429"><ele>329.000</ele></trkpt>
      <trkpt lat="22.3901182434" lon="114.1267536412"><ele>329.000</ele></trkpt>
      <trkpt lat="22.3900943280" lon="114.1267334628"><ele>329.000</ele></trkpt>
      <trkpt lat="22.3900824190" lon="114.1267234144"><ele>330.000</ele></trkpt>
      <trkpt lat="22.3900650931" lon="114.1267059507"><ele>330.000</ele></trkpt>
      <trkpt lat="22.3900450129" lon="114.1266887212"><ele>330.000</ele></trkpt>
      <trkpt lat="22.3900261421" lon="114.1266748977"><ele>330.000</ele></trkpt>
      <trkpt lat="22.3900057402" lon="114.1266599523"><ele>330.000</ele></trkpt>
      <trkpt lat="22.3899849205" lon="114.1266486466"><ele>330.000</ele></trkpt>
      <trkpt lat="22.3899670485" lon="114.1266437976"><ele>330.000</ele></trkpt>
      <trkpt lat="22.3899466116" lon="114.1266438729"><ele>330.000</ele></trkpt>
      <trkpt lat="22.3899279825" lon="114.1266468724"><ele>330.000</ele></trkpt>
      <trkpt lat="22.3899056873" lon="114.1266504618"><ele>328.000</ele></trkpt>
      <trkpt lat="22.3898871097" lon="114.1266560173"><ele>328.000</ele></trkpt>
      <trkpt lat="22.3898847475" lon="114.1266567231"><ele>328.000</ele></trkpt>
      <trkpt lat="22.3898690642" lon="114.1266654976"><ele>330.000</ele></trkpt>
      <trkpt lat="22.3898524513" lon="114.1266759913"><ele>328.000</ele></trkpt>
      <trkpt lat="22.3898087037" lon="114.1267218917"><ele>330.000</ele></trkpt>
      <trkpt lat="22.3897880509" lon="114.1267509054"><ele>330.000</ele></trkpt>
      <trkpt lat="22.3897603776" lon="114.1267969340"><ele>330.000</ele></trkpt>
      <trkpt lat="22.3897524278" lon="114.1268166596"><ele>330.000</ele></trkpt>
      <trkpt lat="22.3897488307" lon="114.1268364127"><ele>330.000</ele></trkpt>
      <trkpt lat="22.3897486669" lon="114.1268586700"><ele>330.000</ele></trkpt>
      <trkpt lat="22.3897658364" lon="114.1269575105"><ele>331.000</ele></trkpt>
      <trkpt lat="22.3897631604" lon="114.1269770303"><ele>331.000</ele></trkpt>
      <trkpt lat="22.3897581736" lon="114.1269999885"><ele>331.000</ele></trkpt>
      <trkpt lat="22.3897518396" lon="114.1270174994"><ele>331.000</ele></trkpt>
      <trkpt lat="22.3897432206" lon="114.1270342546"><ele>331.000</ele></trkpt>
      <trkpt lat="22.3896847552" lon="114.1271134178"><ele>332.000</ele></trkpt>
      <trkpt lat="22.3896562640" lon="114.1271460757"><ele>331.000</ele></trkpt>
      <trkpt lat="22.3896305467" lon="114.1271775295"><ele>330.000</ele></trkpt>
      <trkpt lat="22.3895966955" lon="114.1272207829"><ele>332.000</ele></trkpt>
      <trkpt lat="22.3895630866" lon="114.1272618143"><ele>332.000</ele></trkpt>
      <trkpt lat="22.3895197387" lon="114.1273161219"><ele>332.000</ele></trkpt>
      <trkpt lat="22.3895044293" lon="114.1273367725"><ele>332.000</ele></trkpt>
      <trkpt lat="22.3894740707" lon="114.1273728784"><ele>332.000</ele></trkpt>
      <trkpt lat="22.3894351279" lon="114.1274215346"><ele>331.000</ele></trkpt>
      <trkpt lat="22.3894198196" lon="114.1274429223"><ele>332.000</ele></trkpt>
      <trkpt lat="22.3893689377" lon="114.1275216561"><ele>333.000</ele></trkpt>
      <trkpt lat="22.3893526290" lon="114.1275526879"><ele>332.000</ele></trkpt>
      <trkpt lat="22.3893414641" lon="114.1275718901"><ele>332.000</ele></trkpt>
      <trkpt lat="22.3893270679" lon="114.1275932881"><ele>334.000</ele></trkpt>
      <trkpt lat="22.3893166319" lon="114.1276070617"><ele>332.000</ele></trkpt>
      <trkpt lat="22.3893004361" lon="114.1276232456"><ele>332.000</ele></trkpt>
      <trkpt lat="22.3892770545" lon="114.1276477940"><ele>334.000</ele></trkpt>
      <trkpt lat="22.3892594946" lon="114.1276622402"><ele>332.000</ele></trkpt>
      <trkpt lat="22.3892372776" lon="114.1276858054"><ele>333.000</ele></trkpt>
      <trkpt lat="22.3892242530" lon="114.1277067174"><ele>331.000</ele></trkpt>
      <trkpt lat="22.3892135487" lon="114.1277261719"><ele>331.000</ele></trkpt>
      <trkpt lat="22.3892014191" lon="114.1277508027"><ele>333.000</ele></trkpt>
      <trkpt lat="22.3891897852" lon="114.1277717336"><ele>333.000</ele></trkpt>
      <trkpt lat="22.3891746842" lon="114.1277951128"><ele>332.000</ele></trkpt>
      <trkpt lat="22.3891577499" lon="114.1278179682"><ele>332.000</ele></trkpt>
      <trkpt lat="22.3891377743" lon="114.1278474863"><ele>332.000</ele></trkpt>
      <trkpt lat="22.3891263663" lon="114.1278691648"><ele>332.000</ele></trkpt>
      <trkpt lat="22.3891151666" lon="114.1278928145"><ele>333.000</ele></trkpt>
      <trkpt lat="22.3891069645" lon="114.1279150066"><ele>333.000</ele></trkpt>
      <trkpt lat="22.3890991880" lon="114.1279406652"><ele>334.000</ele></trkpt>
      <trkpt lat="22.3890936883" lon="114.1279700617"><ele>332.000</ele></trkpt>
      <trkpt lat="22.3890907343" lon="114.1279967480"><ele>332.000</ele></trkpt>
      <trkpt lat="22.3890891271" lon="114.1280274056"><ele>332.000</ele></trkpt>
      <trkpt lat="22.3890914908" lon="114.1280796197"><ele>332.000</ele></trkpt>
      <trkpt lat="22.3890886240" lon="114.1281557824"><ele>332.000</ele></trkpt>
      <trkpt lat="22.3890916477" lon="114.1281807867"><ele>332.000</ele></trkpt>
      <trkpt lat="22.3890960532" lon="114.1282063061"><ele>334.000</ele></trkpt>
      <trkpt lat="22.3891057324" lon="114.1282311128"><ele>333.000</ele></trkpt>
      <trkpt lat="22.3891129010" lon="114.1282559117"><ele>333.000</ele></trkpt>
      <trkpt lat="22.3891198095" lon="114.1282834200"><ele>332.000</ele></trkpt>
      <trkpt lat="22.3891242402" lon="114.1283057242"><ele>332.000</ele></trkpt>
      <trkpt lat="22.3891307047" lon="114.1283312516"><ele>331.000</ele></trkpt>
      <trkpt lat="22.3891326771" lon="114.1283436419"><ele>331.000</ele></trkpt>
      <trkpt lat="22.3891324720" lon="114.1283462911"><ele>331.000</ele></trkpt>
      <trkpt lat="22.3891316614" lon="114.1283567421"><ele>331.000</ele></trkpt>
      <trkpt lat="22.3891287672" lon="114.1283750198"><ele>331.000</ele></trkpt>
      <trkpt lat="22.3891240929" lon="114.1283866055"><ele>331.000</ele></trkpt>
      <trkpt lat="22.3891169071" lon="114.1283949592"><ele>331.000</ele></trkpt>
      <trkpt lat="22.3891044656" lon="114.1284002948"><ele>331.000</ele></trkpt>
      <trkpt lat="22.3890874347" lon="114.1284055930"><ele>330.000</ele></trkpt>
      <trkpt lat="22.3890667476" lon="114.1284086397"><ele>330.000</ele></trkpt>
      <trkpt lat="22.3890659015" lon="114.1284088089"><ele>330.000</ele></trkpt>
      <trkpt lat="22.3890416804" lon="114.1284136300"><ele>330.000</ele></trkpt>
      <trkpt lat="22.3890058206" lon="114.1284180317"><ele>330.000</ele></trkpt>
      <trkpt lat="22.3889520813" lon="114.1284193127"><ele>330.000</ele></trkpt>
      <trkpt lat="22.3889348427" lon="114.1284213968"><ele>330.000</ele></trkpt>
      <trkpt lat="22.3889242587" lon="114.1284235368"><ele>330.000</ele></trkpt>
      <trkpt lat="22.3889104956" lon="114.1284216965"><ele>330.000</ele></trkpt>
      <trkpt lat="22.3888889735" lon="114.1284135955"><ele>330.000</ele></trkpt>
      <trkpt lat="22.3888644544" lon="114.1284064675"><ele>327.000</ele></trkpt>
      <trkpt lat="22.3887853418" lon="114.1283917141"><ele>328.000</ele></trkpt>
      <trkpt lat="22.3887374230" lon="114.1283821656"><ele>329.000</ele></trkpt>
      <trkpt lat="22.3886986534" lon="114.1283768964"><ele>331.000</ele></trkpt>
      <trkpt lat="22.3886394132" lon="114.1283766557"><ele>331.000</ele></trkpt>
      <trkpt lat="22.3886143641" lon="114.1283789260"><ele>331.000</ele></trkpt>
      <trkpt lat="22.3885957344" lon="114.1283829721"><ele>330.000</ele></trkpt>
      <trkpt lat="22.3885812153" lon="114.1283892794"><ele>330.000</ele></trkpt>
      <trkpt lat="22.3885712753" lon="114.1283981100"><ele>330.000</ele></trkpt>
      <trkpt lat="22.3885654451" lon="114.1284099300"><ele>330.000</ele></trkpt>
      <trkpt lat="22.3885616568" lon="114.1284249839"><ele>331.000</ele></trkpt>
      <trkpt lat="22.3885610497" lon="114.1284450165"><ele>331.000</ele></trkpt>
      <trkpt lat="22.3885630909" lon="114.1284794210"><ele>332.000</ele></trkpt>
      <trkpt lat="22.3885662893" lon="114.1285120966"><ele>332.000</ele></trkpt>
      <trkpt lat="22.3885711203" lon="114.1285410718"><ele>332.000</ele></trkpt>
      <trkpt lat="22.3885771496" lon="114.1285641328"><ele>332.000</ele></trkpt>
      <trkpt lat="22.3885856820" lon="114.1285894273"><ele>332.000</ele></trkpt>
      <trkpt lat="22.3885978814" lon="114.1286169813"><ele>331.000</ele></trkpt>
      <trkpt lat="22.3886048940" lon="114.1286306516"><ele>334.000</ele></trkpt>
      <trkpt lat="22.3886114273" lon="114.1286477694"><ele>334.000</ele></trkpt>
      <trkpt lat="22.3886168145" lon="114.1286646352"><ele>332.000</ele></trkpt>
      <trkpt lat="22.3886194211" lon="114.1286842015"><ele>332.000</ele></trkpt>
      <trkpt lat="22.3886158153" lon="114.1287056829"><ele>334.000</ele></trkpt>
      <trkpt lat="22.3886052933" lon="114.1287310802"><ele>334.000</ele></trkpt>
      <trkpt lat="22.3885906179" lon="114.1287586550"><ele>333.000</ele></trkpt>
      <trkpt lat="22.3885594685" lon="114.1288088597"><ele>335.000</ele></trkpt>
      <trkpt lat="22.3885190482" lon="114.1288706145"><ele>335.000</ele></trkpt>
      <trkpt lat="22.3884986382" lon="114.1288976466"><ele>334.000</ele></trkpt>
      <trkpt lat="22.3884839455" lon="114.1289279492"><ele>335.000</ele></trkpt>
      <trkpt lat="22.3884759777" lon="114.1289486649"><ele>337.000</ele></trkpt>
      <trkpt lat="22.3884708862" lon="114.1289849849"><ele>337.000</ele></trkpt>
      <trkpt lat="22.3884714161" lon="114.1290057657"><ele>338.000</ele></trkpt>
      <trkpt lat="22.3884690354" lon="114.1290171281"><ele>338.000</ele></trkpt>
      <trkpt lat="22.3884631878" lon="114.1290314243"><ele>336.000</ele></trkpt>
      <trkpt lat="22.3884505977" lon="114.1290565503"><ele>338.000</ele></trkpt>
      <trkpt lat="22.3884456279" lon="114.1290770417"><ele>338.000</ele></trkpt>
      <trkpt lat="22.3884436641" lon="114.1290933477"><ele>338.000</ele></trkpt>
      <trkpt lat="22.3884518401" lon="114.1291968023"><ele>338.000</ele></trkpt>
      <trkpt lat="22.3884603639" lon="114.1292545104"><ele>338.000</ele></trkpt>
      <trkpt lat="22.3884672195" lon="114.1292901853"><ele>339.000</ele></trkpt>
      <trkpt lat="22.3884774548" lon="114.1293335598"><ele>339.000</ele></trkpt>
      <trkpt lat="22.3884886719" lon="114.1293685244"><ele>339.000</ele></trkpt>
      <trkpt lat="22.3885023914" lon="114.1294064888"><ele>339.000</ele></trkpt>
      <trkpt lat="22.3885249389" lon="114.1294623287"><ele>342.000</ele></trkpt>
      <trkpt lat="22.3885316293" lon="114.1294893408"><ele>342.000</ele></trkpt>
      <trkpt lat="22.3885420294" lon="114.1295406295"><ele>342.000</ele></trkpt>
      <trkpt lat="22.3885491542" lon="114.1295703711"><ele>342.000</ele></trkpt>
      <trkpt lat="22.3885492244" lon="114.1295821056"><ele>342.000</ele></trkpt>
      <trkpt lat="22.3885492586" lon="114.1295879378"><ele>342.000</ele></trkpt>
      <trkpt lat="22.3885460261" lon="114.1296200621"><ele>342.000</ele></trkpt>
      <trkpt lat="22.3885439756" lon="114.1296489911"><ele>344.000</ele></trkpt>
      <trkpt lat="22.3885377715" lon="114.1296796112"><ele>344.000</ele></trkpt>
      <trkpt lat="22.3885300383" lon="114.1297309935"><ele>345.000</ele></trkpt>
      <trkpt lat="22.3885319238" lon="114.1297555028"><ele>345.000</ele></trkpt>
      <trkpt lat="22.3885451567" lon="114.1297976624"><ele>346.000</ele></trkpt>
      <trkpt lat="22.3885526028" lon="114.1298147897"><ele>346.000</ele></trkpt>
      <trkpt lat="22.3885577551" lon="114.1298314031"><ele>350.000</ele></trkpt>
      <trkpt lat="22.3885731951" lon="114.1298861957"><ele>350.000</ele></trkpt>
      <trkpt lat="22.3885815362" lon="114.1299065467"><ele>350.000</ele></trkpt>
      <trkpt lat="22.3885857240" lon="114.1299295889"><ele>350.000</ele></trkpt>
      <trkpt lat="22.3885867494" lon="114.1299466601"><ele>350.000</ele></trkpt>
      <trkpt lat="22.3885864189" lon="114.1299592754"><ele>350.000</ele></trkpt>
      <trkpt lat="22.3885822135" lon="114.1299688895"><ele>351.000</ele></trkpt>
      <trkpt lat="22.3885777909" lon="114.1299772617"><ele>351.000</ele></trkpt>
      <trkpt lat="22.3885738623" lon="114.1299821786"><ele>351.000</ele></trkpt>
      <trkpt lat="22.3885726905" lon="114.1299836433"><ele>351.000</ele></trkpt>
      <trkpt lat="22.3885655396" lon="114.1299880447"><ele>351.000</ele></trkpt>
      <trkpt lat="22.3885549304" lon="114.1299936417"><ele>351.000</ele></trkpt>
      <trkpt lat="22.3885397336" lon="114.1299989585"><ele>350.000</ele></trkpt>
      <trkpt lat="22.3884857066" lon="114.1300079115"><ele>350.000</ele></trkpt>
      <trkpt lat="22.3884526108" lon="114.1300115923"><ele>350.000</ele></trkpt>
      <trkpt lat="22.3884296463" lon="114.1300119019"><ele>350.000</ele></trkpt>
      <trkpt lat="22.3884087583" lon="114.1300102387"><ele>350.000</ele></trkpt>
      <trkpt lat="22.3883894953" lon="114.1300071076"><ele>350.000</ele></trkpt>
      <trkpt lat="22.3883397779" lon="114.1299918590"><ele>352.000</ele></trkpt>
      <trkpt lat="22.3883010086" lon="114.1299875798"><ele>352.000</ele></trkpt>
      <trkpt lat="22.3882849341" lon="114.1299869540"><ele>352.000</ele></trkpt>
      <trkpt lat="22.3882596670" lon="114.1299877296"><ele>352.000</ele></trkpt>
      <trkpt lat="22.3882332271" lon="114.1299927103"><ele>352.000</ele></trkpt>
      <trkpt lat="22.3881855949" lon="114.1300059144"><ele>352.000</ele></trkpt>
      <trkpt lat="22.3881625607" lon="114.1300151279"><ele>352.000</ele></trkpt>
      <trkpt lat="22.3881471118" lon="114.1300231532"><ele>355.000</ele></trkpt>
      <trkpt lat="22.3881305422" lon="114.1300277228"><ele>355.000</ele></trkpt>
      <trkpt lat="22.3880622221" lon="114.1300444685"><ele>355.000</ele></trkpt>
      <trkpt lat="22.3880398742" lon="114.1300534380"><ele>355.000</ele></trkpt>
      <trkpt lat="22.3880188994" lon="114.1300641462"><ele>358.000</ele></trkpt>
      <trkpt lat="22.3879997493" lon="114.1300766017"><ele>356.000</ele></trkpt>
      <trkpt lat="22.3879498666" lon="114.1301142766"><ele>358.000</ele></trkpt>
      <trkpt lat="22.3879302122" lon="114.1301319275"><ele>358.000</ele></trkpt>
      <trkpt lat="22.3879161188" lon="114.1301429344"><ele>357.000</ele></trkpt>
      <trkpt lat="22.3879057445" lon="114.1301490362"><ele>357.000</ele></trkpt>
      <trkpt lat="22.3878937711" lon="114.1301526429"><ele>357.000</ele></trkpt>
      <trkpt lat="22.3878817979" lon="114.1301572498"><ele>357.000</ele></trkpt>
      <trkpt lat="22.3878682433" lon="114.1301578768"><ele>356.000</ele></trkpt>
      <trkpt lat="22.3878454873" lon="114.1301611559"><ele>358.000</ele></trkpt>
      <trkpt lat="22.3878167795" lon="114.1301619035"><ele>360.000</ele></trkpt>
      <trkpt lat="22.3877843526" lon="114.1301675659"><ele>360.000</ele></trkpt>
      <trkpt lat="22.3877659499" lon="114.1301726119"><ele>360.000</ele></trkpt>
      <trkpt lat="22.3877535073" lon="114.1301779472"><ele>360.000</ele></trkpt>
      <trkpt lat="22.3877431241" lon="114.1301842918"><ele>360.000</ele></trkpt>
      <trkpt lat="22.3877370940" lon="114.1301921604"><ele>360.000</ele></trkpt>
      <trkpt lat="22.3877331714" lon="114.1301992846"><ele>360.000</ele></trkpt>
      <trkpt lat="22.3877332980" lon="114.1302094458"><ele>360.000</ele></trkpt>
      <trkpt lat="22.3877373545" lon="114.1302186308"><ele>359.000</ele></trkpt>
      <trkpt lat="22.3877552620" lon="114.1302499418"><ele>360.000</ele></trkpt>
      <trkpt lat="22.3877763931" lon="114.1302803001"><ele>360.000</ele></trkpt>
      <trkpt lat="22.3878090886" lon="114.1303293002"><ele>360.000</ele></trkpt>
      <trkpt lat="22.3878170128" lon="114.1303446987"><ele>360.000</ele></trkpt>
      <trkpt lat="22.3878221997" lon="114.1303566111"><ele>360.000</ele></trkpt>
      <trkpt lat="22.3878324699" lon="114.1303965186"><ele>362.000</ele></trkpt>
      <trkpt lat="22.3878382475" lon="114.1304213082"><ele>361.000</ele></trkpt>
      <trkpt lat="22.3878463453" lon="114.1304438829"><ele>361.000</ele></trkpt>
      <trkpt lat="22.3878534698" lon="114.1304733719"><ele>361.000</ele></trkpt>
      <trkpt lat="22.3878545212" lon="114.1304867432"><ele>361.000</ele></trkpt>
      <trkpt lat="22.3878541995" lon="114.1304986098"><ele>361.000</ele></trkpt>
      <trkpt lat="22.3878518099" lon="114.1305109626"><ele>362.000</ele></trkpt>
      <trkpt lat="22.3878475961" lon="114.1305228014"><ele>362.000</ele></trkpt>
      <trkpt lat="22.3878415312" lon="114.1305353593"><ele>362.000</ele></trkpt>
      <trkpt lat="22.3878196702" lon="114.1305737239"><ele>362.000</ele></trkpt>
      <trkpt lat="22.3878153657" lon="114.1305843488"><ele>362.000</ele></trkpt>
      <trkpt lat="22.3878105927" lon="114.1305957410"><ele>362.000</ele></trkpt>
      <trkpt lat="22.3878049641" lon="114.1306214763"><ele>362.000</ele></trkpt>
      <trkpt lat="22.3878068655" lon="114.1306357989"><ele>362.000</ele></trkpt>
      <trkpt lat="22.3878126564" lon="114.1306468964"><ele>362.000</ele></trkpt>
      <trkpt lat="22.3878225850" lon="114.1306614203"><ele>362.000</ele></trkpt>
      <trkpt lat="22.3878327292" lon="114.1306714967"><ele>363.000</ele></trkpt>
      <trkpt lat="22.3878456178" lon="114.1306788337"><ele>363.000</ele></trkpt>
      <trkpt lat="22.3878695340" lon="114.1306908088"><ele>363.000</ele></trkpt>
      <trkpt lat="22.3878893421" lon="114.1307052810"><ele>362.000</ele></trkpt>
      <trkpt lat="22.3878974185" lon="114.1307161067"><ele>362.000</ele></trkpt>
      <trkpt lat="22.3879052788" lon="114.1307294166"><ele>362.000</ele></trkpt>
      <trkpt lat="22.3879048673" lon="114.1307400402"><ele>362.000</ele></trkpt>
      <trkpt lat="22.3878982877" lon="114.1307559000"><ele>364.000</ele></trkpt>
      <trkpt lat="22.3878802415" lon="114.1307762693"><ele>364.000</ele></trkpt>
      <trkpt lat="22.3878429827" lon="114.1308118227"><ele>364.000</ele></trkpt>
      <trkpt lat="22.3878194181" lon="114.1308295040"><ele>360.000</ele></trkpt>
      <trkpt lat="22.3877992939" lon="114.1308464266"><ele>364.000</ele></trkpt>
      <trkpt lat="22.3877784750" lon="114.1308626115"><ele>361.000</ele></trkpt>
      <trkpt lat="22.3877391382" lon="114.1308947193"><ele>360.000</ele></trkpt>
      <trkpt lat="22.3877009472" lon="114.1309265625"><ele>360.000</ele></trkpt>
      <trkpt lat="22.3876842535" lon="114.1309397648"><ele>360.000</ele></trkpt>
      <trkpt lat="22.3876664230" lon="114.1309564245"><ele>360.000</ele></trkpt>
      <trkpt lat="22.3876543267" lon="114.1309728007"><ele>360.000</ele></trkpt>
      <trkpt lat="22.3876468372" lon="114.1309933607"><ele>358.000</ele></trkpt>
      <trkpt lat="22.3876434640" lon="114.1310079570"><ele>358.000</ele></trkpt>
      <trkpt lat="22.3876449137" lon="114.1310252513"><ele>358.000</ele></trkpt>
      <trkpt lat="22.3876484220" lon="114.1310408067"><ele>358.000</ele></trkpt>
      <trkpt lat="22.3876556153" lon="114.1310585555"><ele>360.000</ele></trkpt>
      <trkpt lat="22.3876678659" lon="114.1310770309"><ele>360.000</ele></trkpt>
      <trkpt lat="22.3876853906" lon="114.1310964563"><ele>360.000</ele></trkpt>
      <trkpt lat="22.3877056791" lon="114.1311175898"><ele>360.000</ele></trkpt>
      <trkpt lat="22.3877268694" lon="114.1311340328"><ele>358.000</ele></trkpt>
      <trkpt lat="22.3877512553" lon="114.1311467459"><ele>360.000</ele></trkpt>
      <trkpt lat="22.3877765242" lon="114.1311520407"><ele>360.000</ele></trkpt>
      <trkpt lat="22.3878288857" lon="114.1311576742"><ele>360.000</ele></trkpt>
      <trkpt lat="22.3878833232" lon="114.1311665126"><ele>360.000</ele></trkpt>
      <trkpt lat="22.3879299596" lon="114.1311766354"><ele>360.000</ele></trkpt>
      <trkpt lat="22.3879595901" lon="114.1311814034"><ele>357.000</ele></trkpt>
      <trkpt lat="22.3879969881" lon="114.1311907426"><ele>358.000</ele></trkpt>
      <trkpt lat="22.3880057034" lon="114.1311937209"><ele>358.000</ele></trkpt>
      <trkpt lat="22.3880084581" lon="114.1311952068"><ele>358.000</ele></trkpt>
      <trkpt lat="22.3880157929" lon="114.1312021368"><ele>360.000</ele></trkpt>
      <trkpt lat="22.3880244933" lon="114.1312164767"><ele>360.000</ele></trkpt>
      <trkpt lat="22.3880265521" lon="114.1312222675"><ele>360.000</ele></trkpt>
      <trkpt lat="22.3880290664" lon="114.1312293420"><ele>359.000</ele></trkpt>
      <trkpt lat="22.3880314534" lon="114.1312398190"><ele>359.000</ele></trkpt>
      <trkpt lat="22.3880308772" lon="114.1312461409"><ele>359.000</ele></trkpt>
      <trkpt lat="22.3880253357" lon="114.1312576499"><ele>359.000</ele></trkpt>
      <trkpt lat="22.3880088966" lon="114.1312770282"><ele>356.000</ele></trkpt>
      <trkpt lat="22.3879931247" lon="114.1312926870"><ele>358.000</ele></trkpt>
      <trkpt lat="22.3879698239" lon="114.1313175346"><ele>358.000</ele></trkpt>
      <trkpt lat="22.3879520033" lon="114.1313376513"><ele>357.000</ele></trkpt>
      <trkpt lat="22.3879371523" lon="114.1313523193"><ele>357.000</ele></trkpt>
      <trkpt lat="22.3879248214" lon="114.1313662290"><ele>357.000</ele></trkpt>
      <trkpt lat="22.3879152538" lon="114.1313830899"><ele>357.000</ele></trkpt>
      <trkpt lat="22.3878833159" lon="114.1314292456"><ele>358.000</ele></trkpt>
      <trkpt lat="22.3878666321" lon="114.1314456524"><ele>356.000</ele></trkpt>
      <trkpt lat="22.3878414986" lon="114.1314722388"><ele>358.000</ele></trkpt>
      <trkpt lat="22.3878280490" lon="114.1314930823"><ele>355.000</ele></trkpt>
      <trkpt lat="22.3878117060" lon="114.1315334550"><ele>356.000</ele></trkpt>
      <trkpt lat="22.3877794725" lon="114.1316174242"><ele>355.000</ele></trkpt>
      <trkpt lat="22.3877686285" lon="114.1316555519"><ele>356.000</ele></trkpt>
      <trkpt lat="22.3877668138" lon="114.1316636493"><ele>356.000</ele></trkpt>
      <trkpt lat="22.3877611966" lon="114.1316887164"><ele>358.000</ele></trkpt>
      <trkpt lat="22.3877589996" lon="114.1317119558"><ele>358.000</ele></trkpt>
      <trkpt lat="22.3877604681" lon="114.1317317253"><ele>358.000</ele></trkpt>
      <trkpt lat="22.3877683572" lon="114.1317512025"><ele>358.000</ele></trkpt>
      <trkpt lat="22.3877780408" lon="114.1317615315"><ele>358.000</ele></trkpt>
      <trkpt lat="22.3877849318" lon="114.1317642095"><ele>356.000</ele></trkpt>
      <trkpt lat="22.3878028394" lon="114.1317646018"><ele>356.000</ele></trkpt>
      <trkpt lat="22.3878250994" lon="114.1317637304"><ele>356.000</ele></trkpt>
      <trkpt lat="22.3878574650" lon="114.1317645357"><ele>356.000</ele></trkpt>
      <trkpt lat="22.3878864095" lon="114.1317705577"><ele>357.000</ele></trkpt>
      <trkpt lat="22.3879091780" lon="114.1317800659"><ele>357.000</ele></trkpt>
      <trkpt lat="22.3879218413" lon="114.1317888888"><ele>357.000</ele></trkpt>
      <trkpt lat="22.3879430317" lon="114.1318063234"><ele>358.000</ele></trkpt>
      <trkpt lat="22.3879642511" lon="114.1318301748"><ele>356.000</ele></trkpt>
      <trkpt lat="22.3879880574" lon="114.1318663687"><ele>356.000</ele></trkpt>
      <trkpt lat="22.3880146366" lon="114.1319104663"><ele>358.000</ele></trkpt>
      <trkpt lat="22.3880269547" lon="114.1319449937"><ele>358.000</ele></trkpt>
      <trkpt lat="22.3880348918" lon="114.1319748516"><ele>358.000</ele></trkpt>
      <trkpt lat="22.3880395856" lon="114.1319997979"><ele>358.000</ele></trkpt>
      <trkpt lat="22.3880507287" lon="114.1320271679"><ele>357.000</ele></trkpt>
      <trkpt lat="22.3880655173" lon="114.1320508088"><ele>360.000</ele></trkpt>
      <trkpt lat="22.3880858054" lon="114.1320709617"><ele>357.000</ele></trkpt>
      <trkpt lat="22.3881076540" lon="114.1320812190"><ele>358.000</ele></trkpt>
      <trkpt lat="22.3881317749" lon="114.1320860278"><ele>358.000</ele></trkpt>
      <trkpt lat="22.3881524271" lon="114.1320839334"><ele>358.000</ele></trkpt>
      <trkpt lat="22.3881822353" lon="114.1320783217"><ele>358.000</ele></trkpt>
      <trkpt lat="22.3882067885" lon="114.1320754676"><ele>357.000</ele></trkpt>
      <trkpt lat="22.3882324988" lon="114.1320770520"><ele>357.000</ele></trkpt>
      <trkpt lat="22.3882605133" lon="114.1320803544"><ele>357.000</ele></trkpt>
      <trkpt lat="22.3882853204" lon="114.1320846580"><ele>359.000</ele></trkpt>
      <trkpt lat="22.3883117646" lon="114.1320951371"><ele>359.000</ele></trkpt>
      <trkpt lat="22.3883311222" lon="114.1321138144"><ele>358.000</ele></trkpt>
      <trkpt lat="22.3883486556" lon="114.1321325020"><ele>358.000</ele></trkpt>
      <trkpt lat="22.3883592528" lon="114.1321420307"><ele>358.000</ele></trkpt>
      <trkpt lat="22.3883707768" lon="114.1321523922"><ele>354.000</ele></trkpt>
      <trkpt lat="22.3883940063" lon="114.1321633871"><ele>356.000</ele></trkpt>
      <trkpt lat="22.3884194910" lon="114.1321654677"><ele>358.000</ele></trkpt>
      <trkpt lat="22.3884330093" lon="114.1321606945"><ele>358.000</ele></trkpt>
      <trkpt lat="22.3884458202" lon="114.1321517274"><ele>358.000</ele></trkpt>
      <trkpt lat="22.3884600229" lon="114.1321434881"><ele>360.000</ele></trkpt>
      <trkpt lat="22.3884946338" lon="114.1321324165"><ele>362.000</ele></trkpt>
      <trkpt lat="22.3885072297" lon="114.1321261685"><ele>362.000</ele></trkpt>
      <trkpt lat="22.3885184243" lon="114.1321144828"><ele>364.000</ele></trkpt>
      <trkpt lat="22.3885286588" lon="114.1320924264"><ele>366.000</ele></trkpt>
      <trkpt lat="22.3885386691" lon="114.1320728473"><ele>366.000</ele></trkpt>
      <trkpt lat="22.3885537734" lon="114.1320623830"><ele>366.000</ele></trkpt>
      <trkpt lat="22.3885718683" lon="114.1320543659"><ele>365.000</ele></trkpt>
      <trkpt lat="22.3886046657" lon="114.1320489950"><ele>364.000</ele></trkpt>
      <trkpt lat="22.3886225249" lon="114.1320377734"><ele>364.000</ele></trkpt>
      <trkpt lat="22.3886382983" lon="114.1320238431"><ele>364.000</ele></trkpt>
      <trkpt lat="22.3886446716" lon="114.1320189391"><ele>364.000</ele></trkpt>
      <trkpt lat="22.3886515694" lon="114.1320136328"><ele>364.000</ele></trkpt>
      <trkpt lat="22.3886692036" lon="114.1320048778"><ele>364.000</ele></trkpt>
      <trkpt lat="22.3886900722" lon="114.1320017928"><ele>366.000</ele></trkpt>
      <trkpt lat="22.3887034019" lon="114.1320039443"><ele>366.000</ele></trkpt>
      <trkpt lat="22.3887116170" lon="114.1320075560"><ele>366.000</ele></trkpt>
      <trkpt lat="22.3887167325" lon="114.1320098053"><ele>366.000</ele></trkpt>
      <trkpt lat="22.3887252499" lon="114.1320156873"><ele>366.000</ele></trkpt>
      <trkpt lat="22.3887356383" lon="114.1320274933"><ele>367.000</ele></trkpt>
      <trkpt lat="22.3887432634" lon="114.1320395603"><ele>367.000</ele></trkpt>
      <trkpt lat="22.3887447238" lon="114.1320595738"><ele>368.000</ele></trkpt>
      <trkpt lat="22.3887418395" lon="114.1320828233"><ele>368.000</ele></trkpt>
      <trkpt lat="22.3887345847" lon="114.1321036251"><ele>366.000</ele></trkpt>
      <trkpt lat="22.3887225456" lon="114.1321311298"><ele>366.000</ele></trkpt>
      <trkpt lat="22.3887123494" lon="114.1321610908"><ele>366.000</ele></trkpt>
      <trkpt lat="22.3887071531" lon="114.1321801547"><ele>366.000</ele></trkpt>
      <trkpt lat="22.3887042603" lon="114.1322019184"><ele>364.000</ele></trkpt>
      <trkpt lat="22.3887050620" lon="114.1322273691"><ele>364.000</ele></trkpt>
      <trkpt lat="22.3887111278" lon="114.1322500710"><ele>363.000</ele></trkpt>
      <trkpt lat="22.3887217815" lon="114.1322712662"><ele>363.000</ele></trkpt>
      <trkpt lat="22.3887310227" lon="114.1322855575"><ele>363.000</ele></trkpt>
      <trkpt lat="22.3887455387" lon="114.1322998083"><ele>363.000</ele></trkpt>
      <trkpt lat="22.3887662486" lon="114.1323103185"><ele>363.000</ele></trkpt>
      <trkpt lat="22.3887876175" lon="114.1323168664"><ele>364.000</ele></trkpt>
      <trkpt lat="22.3888473669" lon="114.1323330945"><ele>366.000</ele></trkpt>
      <trkpt lat="22.3888692057" lon="114.1323406319"><ele>366.000</ele></trkpt>
      <trkpt lat="22.3888809368" lon="114.1323457554"><ele>364.000</ele></trkpt>
      <trkpt lat="22.3889140949" lon="114.1323712745"><ele>364.000</ele></trkpt>
      <trkpt lat="22.3889576414" lon="114.1324093367"><ele>364.000</ele></trkpt>
      <trkpt lat="22.3889783616" lon="114.1324242944"><ele>364.000</ele></trkpt>
      <trkpt lat="22.3889933184" lon="114.1324328643"><ele>364.000</ele></trkpt>
      <trkpt lat="22.3890085196" lon="114.1324431529"><ele>365.000</ele></trkpt>
      <trkpt lat="22.3890184285" lon="114.1324519973"><ele>365.000</ele></trkpt>
      <trkpt lat="22.3890267398" lon="114.1324638117"><ele>365.000</ele></trkpt>
      <trkpt lat="22.3890436649" lon="114.1325037565"><ele>364.000</ele></trkpt>
      <trkpt lat="22.3890631094" lon="114.1325397386"><ele>366.000</ele></trkpt>
      <trkpt lat="22.3890776734" lon="114.1325648665"><ele>364.000</ele></trkpt>
      <trkpt lat="22.3891051635" lon="114.1326054868"><ele>365.000</ele></trkpt>
      <trkpt lat="22.3891121023" lon="114.1326178085"><ele>365.000</ele></trkpt>
      <trkpt lat="22.3891146983" lon="114.1326333634"><ele>365.000</ele></trkpt>
      <trkpt lat="22.3891113159" lon="114.1326482123"><ele>365.000</ele></trkpt>
      <trkpt lat="22.3890802182" lon="114.1327267436"><ele>364.000</ele></trkpt>
      <trkpt lat="22.3890718263" lon="114.1327505183"><ele>362.000</ele></trkpt>
      <trkpt lat="22.3890632482" lon="114.1327836834"><ele>362.000</ele></trkpt>
      <trkpt lat="22.3890571880" lon="114.1328141189"><ele>362.000</ele></trkpt>
      <trkpt lat="22.3890547647" lon="114.1328390958"><ele>361.000</ele></trkpt>
      <trkpt lat="22.3890583782" lon="114.1328771328"><ele>361.000</ele></trkpt>
      <trkpt lat="22.3890653842" lon="114.1329042810"><ele>360.000</ele></trkpt>
      <trkpt lat="22.3890809179" lon="114.1329417695"><ele>358.000</ele></trkpt>
      <trkpt lat="22.3890948048" lon="114.1329676347"><ele>358.000</ele></trkpt>
      <trkpt lat="22.3891116333" lon="114.1329848477"><ele>358.000</ele></trkpt>
      <trkpt lat="22.3891265996" lon="114.1329948927"><ele>358.000</ele></trkpt>
      <trkpt lat="22.3891433811" lon="114.1330017238"><ele>358.000</ele></trkpt>
      <trkpt lat="22.3891877417" lon="114.1330153148"><ele>360.000</ele></trkpt>
      <trkpt lat="22.3892079722" lon="114.1330231062"><ele>360.000</ele></trkpt>
      <trkpt lat="22.3892325932" lon="114.1330373064"><ele>357.000</ele></trkpt>
      <trkpt lat="22.3892582627" lon="114.1330550681"><ele>357.000</ele></trkpt>
      <trkpt lat="22.3892768158" lon="114.1330711628"><ele>357.000</ele></trkpt>
      <trkpt lat="22.3893018977" lon="114.1330865855"><ele>357.000</ele></trkpt>
      <trkpt lat="22.3893111290" lon="114.1330909719"><ele>357.000</ele></trkpt>
      <trkpt lat="22.3893253436" lon="114.1330964249"><ele>360.000</ele></trkpt>
      <trkpt lat="22.3893308525" lon="114.1330974234"><ele>360.000</ele></trkpt>
      <trkpt lat="22.3893368135" lon="114.1331008883"><ele>360.000</ele></trkpt>
      <trkpt lat="22.3893455212" lon="114.1331093048"><ele>360.000</ele></trkpt>
      <trkpt lat="22.3893487285" lon="114.1331147419"><ele>360.000</ele></trkpt>
      <trkpt lat="22.3893511843" lon="114.1331193421"><ele>360.000</ele></trkpt>
      <trkpt lat="22.3893555952" lon="114.1331276066"><ele>360.000</ele></trkpt>
      <trkpt lat="22.3893610722" lon="114.1331444153"><ele>360.000</ele></trkpt>
      <trkpt lat="22.3893610734" lon="114.1331488618"><ele>360.000</ele></trkpt>
      <trkpt lat="22.3893583041" lon="114.1331602244"><ele>360.000</ele></trkpt>
      <trkpt lat="22.3893532413" lon="114.1331725781"><ele>360.000</ele></trkpt>
      <trkpt lat="22.3893463361" lon="114.1331839322"><ele>360.000</ele></trkpt>
      <trkpt lat="22.3893320826" lon="114.1332051645"><ele>360.000</ele></trkpt>
      <trkpt lat="22.3893174033" lon="114.1332212016"><ele>358.000</ele></trkpt>
      <trkpt lat="22.3892968089" lon="114.1332366482"><ele>358.000</ele></trkpt>
      <trkpt lat="22.3892762334" lon="114.1332552994"><ele>356.000</ele></trkpt>
      <trkpt lat="22.3892704924" lon="114.1332643623"><ele>356.000</ele></trkpt>
      <trkpt lat="22.3892671164" lon="114.1332696839"><ele>358.000</ele></trkpt>
      <trkpt lat="22.3892625869" lon="114.1332837951"><ele>358.000</ele></trkpt>
      <trkpt lat="22.3892516271" lon="114.1332957244"><ele>358.000</ele></trkpt>
      <trkpt lat="22.3891849723" lon="114.1333272460"><ele>355.000</ele></trkpt>
      <trkpt lat="22.3891625259" lon="114.1333399741"><ele>355.000</ele></trkpt>
      <trkpt lat="22.3891410191" lon="114.1333544305"><ele>353.000</ele></trkpt>
      <trkpt lat="22.3891220415" lon="114.1333713429"><ele>354.000</ele></trkpt>
      <trkpt lat="22.3890964286" lon="114.1333929962"><ele>352.000</ele></trkpt>
      <trkpt lat="22.3890623927" lon="114.1334305099"><ele>353.000</ele></trkpt>
      <trkpt lat="22.3890505316" lon="114.1334488669"><ele>351.000</ele></trkpt>
      <trkpt lat="22.3890377963" lon="114.1334743908"><ele>352.000</ele></trkpt>
      <trkpt lat="22.3890301002" lon="114.1335001463"><ele>352.000</ele></trkpt>
      <trkpt lat="22.3890250010" lon="114.1335416906"><ele>352.000</ele></trkpt>
      <trkpt lat="22.3890207727" lon="114.1335713778"><ele>353.000</ele></trkpt>
      <trkpt lat="22.3890158403" lon="114.1335985889"><ele>353.000</ele></trkpt>
      <trkpt lat="22.3890084755" lon="114.1336478249"><ele>353.000</ele></trkpt>
      <trkpt lat="22.3890033363" lon="114.1336784942"><ele>352.000</ele></trkpt>
      <trkpt lat="22.3889977272" lon="114.1337081905"><ele>352.000</ele></trkpt>
      <trkpt lat="22.3889847681" lon="114.1337371812"><ele>352.000</ele></trkpt>
      <trkpt lat="22.3889526133" lon="114.1337853081"><ele>350.000</ele></trkpt>
      <trkpt lat="22.3889389477" lon="114.1338103467"><ele>350.000</ele></trkpt>
      <trkpt lat="22.3889287221" lon="114.1338326555"><ele>350.000</ele></trkpt>
      <trkpt lat="22.3889274268" lon="114.1338519415"><ele>350.000</ele></trkpt>
      <trkpt lat="22.3889309638" lon="114.1338746549"><ele>350.000</ele></trkpt>
      <trkpt lat="22.3889455421" lon="114.1339541614"><ele>349.000</ele></trkpt>
      <trkpt lat="22.3889511085" lon="114.1339679684"><ele>349.000</ele></trkpt>
      <trkpt lat="22.3889596545" lon="114.1339797838"><ele>349.000</ele></trkpt>
      <trkpt lat="22.3889746401" lon="114.1339945299"><ele>350.000</ele></trkpt>
      <trkpt lat="22.3889884501" lon="114.1340033537"><ele>350.000</ele></trkpt>
      <trkpt lat="22.3890043388" lon="114.1340151271"><ele>350.000</ele></trkpt>
      <trkpt lat="22.3890202737" lon="114.1340377775"><ele>351.000</ele></trkpt>
      <trkpt lat="22.3890346019" lon="114.1340596904"><ele>350.000</ele></trkpt>
      <trkpt lat="22.3890438345" lon="114.1340727389"><ele>350.000</ele></trkpt>
      <trkpt lat="22.3890562824" lon="114.1340840384"><ele>352.000</ele></trkpt>
      <trkpt lat="22.3890774523" lon="114.1340962773"><ele>352.000</ele></trkpt>
      <trkpt lat="22.3890986328" lon="114.1341112351"><ele>353.000</ele></trkpt>
      <trkpt lat="22.3891226062" lon="114.1341355631"><ele>353.000</ele></trkpt>
      <trkpt lat="22.3891385321" lon="114.1341547564"><ele>353.000</ele></trkpt>
      <trkpt lat="22.3891436487" lon="114.1341715351"><ele>354.000</ele></trkpt>
      <trkpt lat="22.3891436967" lon="114.1341824112"><ele>354.000</ele></trkpt>
      <trkpt lat="22.3891359604" lon="114.1341965428"><ele>354.000</ele></trkpt>
      <trkpt lat="22.3891279720" lon="114.1342067221"><ele>354.000</ele></trkpt>
      <trkpt lat="22.3891182319" lon="114.1342144297"><ele>354.000</ele></trkpt>
      <trkpt lat="22.3891078372" lon="114.1342226540"><ele>354.000</ele></trkpt>
      <trkpt lat="22.3890872138" lon="114.1342311669"><ele>352.000</ele></trkpt>
      <trkpt lat="22.3890592395" lon="114.1342362736"><ele>352.000</ele></trkpt>
      <trkpt lat="22.3890349106" lon="114.1342371550"><ele>350.000</ele></trkpt>
      <trkpt lat="22.3890135814" lon="114.1342404826"><ele>350.000</ele></trkpt>
      <trkpt lat="22.3890009664" lon="114.1342430306"><ele>350.000</ele></trkpt>
      <trkpt lat="22.3889890568" lon="114.1342490258"><ele>350.000</ele></trkpt>
      <trkpt lat="22.3889819791" lon="114.1342574667"><ele>350.000</ele></trkpt>
      <trkpt lat="22.3889763032" lon="114.1342705974"><ele>350.000</ele></trkpt>
      <trkpt lat="22.3889751224" lon="114.1343165783"><ele>350.000</ele></trkpt>
      <trkpt lat="22.3889690144" lon="114.1343381187"><ele>350.000</ele></trkpt>
      <trkpt lat="22.3889606121" lon="114.1343576885"><ele>349.000</ele></trkpt>
      <trkpt lat="22.3889439378" lon="114.1343770666"><ele>349.000</ele></trkpt>
      <trkpt lat="22.3889939085" lon="114.1343609606"><ele>350.000</ele></trkpt>
      <trkpt lat="22.3890351379" lon="114.1343424393"><ele>351.000</ele></trkpt>
      <trkpt lat="22.3890669754" lon="114.1343271837"><ele>352.000</ele></trkpt>
      <trkpt lat="22.3890896669" lon="114.1343186507"><ele>352.000</ele></trkpt>
      <trkpt lat="22.3891135242" lon="114.1343170315"><ele>354.000</ele></trkpt>
      <trkpt lat="22.3891344212" lon="114.1343184050"><ele>354.000</ele></trkpt>
      <trkpt lat="22.3891782839" lon="114.1343240822"><ele>356.000</ele></trkpt>
      <trkpt lat="22.3892042293" lon="114.1343268992"><ele>358.000</ele></trkpt>
      <trkpt lat="22.3892363784" lon="114.1343289481"><ele>359.000</ele></trkpt>
      <trkpt lat="22.3892657545" lon="114.1343280361"><ele>359.000</ele></trkpt>
      <trkpt lat="22.3892958071" lon="114.1343244146"><ele>361.000</ele></trkpt>
      <trkpt lat="22.3893469443" lon="114.1343144843"><ele>362.000</ele></trkpt>
      <trkpt lat="22.3893774573" lon="114.1343106004"><ele>364.000</ele></trkpt>
      <trkpt lat="22.3894075207" lon="114.1343101834"><ele>364.000</ele></trkpt>
      <trkpt lat="22.3894598615" lon="114.1343131001"><ele>366.000</ele></trkpt>
      <trkpt lat="22.3894827880" lon="114.1343058101"><ele>366.000</ele></trkpt>
      <trkpt lat="22.3895068328" lon="114.1342925669"><ele>366.000</ele></trkpt>
      <trkpt lat="22.3895308595" lon="114.1342758764"><ele>366.000</ele></trkpt>
      <trkpt lat="22.3895472981" lon="114.1342567517"><ele>366.000</ele></trkpt>
      <trkpt lat="22.3895582482" lon="114.1342418607"><ele>367.000</ele></trkpt>
      <trkpt lat="22.3895710695" lon="114.1342341270"><ele>366.000</ele></trkpt>
      <trkpt lat="22.3895889678" lon="114.1342332864"><ele>366.000</ele></trkpt>
      <trkpt lat="22.3896119336" lon="114.1342343865"><ele>368.000</ele></trkpt>
      <trkpt lat="22.3896335164" lon="114.1342374777"><ele>368.000</ele></trkpt>
      <trkpt lat="22.3896592550" lon="114.1342435197"><ele>369.000</ele></trkpt>
      <trkpt lat="22.3896845341" lon="114.1342505426"><ele>370.000</ele></trkpt>
      <trkpt lat="22.3897371677" lon="114.1342680352"><ele>371.000</ele></trkpt>
      <trkpt lat="22.3897873211" lon="114.1342946957"><ele>372.000</ele></trkpt>
      <trkpt lat="22.3898418363" lon="114.1343210829"><ele>374.000</ele></trkpt>
      <trkpt lat="22.3898944995" lon="114.1343452576"><ele>376.000</ele></trkpt>
      <trkpt lat="22.3899218844" lon="114.1343619024"><ele>376.000</ele></trkpt>
      <trkpt lat="22.3899407810" lon="114.1343798423"><ele>376.000</ele></trkpt>
      <trkpt lat="22.3899511887" lon="114.1343973381"><ele>376.000</ele></trkpt>
      <trkpt lat="22.3899789527" lon="114.1344478456"><ele>378.000</ele></trkpt>
      <trkpt lat="22.3899972400" lon="114.1344840712"><ele>378.000</ele></trkpt>
      <trkpt lat="22.3900164674" lon="114.1345240062"><ele>378.000</ele></trkpt>
      <trkpt lat="22.3900310695" lon="114.1345577859"><ele>378.000</ele></trkpt>
      <trkpt lat="22.3900521502" lon="114.1346021581"><ele>378.000</ele></trkpt>
      <trkpt lat="22.3900708971" lon="114.1346386265"><ele>378.000</ele></trkpt>
      <trkpt lat="22.3901032677" lon="114.1346930752"><ele>380.000</ele></trkpt>
      <trkpt lat="22.3901155178" lon="114.1347115416"><ele>380.000</ele></trkpt>
      <trkpt lat="22.3901275429" lon="114.1347324853"><ele>378.000</ele></trkpt>
      <trkpt lat="22.3901409499" lon="114.1347544074"><ele>380.000</ele></trkpt>
      <trkpt lat="22.3902180997" lon="114.1348666711"><ele>378.000</ele></trkpt>
      <trkpt lat="22.3902330672" lon="114.1348784556"><ele>377.000</ele></trkpt>
      <trkpt lat="22.3902574517" lon="114.1348901790"><ele>377.000</ele></trkpt>
      <trkpt lat="22.3902767896" lon="114.1349039141"><ele>378.000</ele></trkpt>
      <trkpt lat="22.3902989491" lon="114.1349334479"><ele>376.000</ele></trkpt>
      <trkpt lat="22.3903196877" lon="114.1349511252"><ele>376.000</ele></trkpt>
      <trkpt lat="22.3903406043" lon="114.1349584216"><ele>376.000</ele></trkpt>
      <trkpt lat="22.3903596590" lon="114.1349595520"><ele>376.000</ele></trkpt>
      <trkpt lat="22.3903764100" lon="114.1349574796"><ele>376.000</ele></trkpt>
      <trkpt lat="22.3903952009" lon="114.1349511900"><ele>376.000</ele></trkpt>
      <trkpt lat="22.3904157957" lon="114.1349364913"><ele>376.000</ele></trkpt>
      <trkpt lat="22.3904336169" lon="114.1349171127"><ele>378.000</ele></trkpt>
      <trkpt lat="22.3904523403" lon="114.1348942671"><ele>378.000</ele></trkpt>
      <trkpt lat="22.3904667321" lon="114.1348798518"><ele>378.000</ele></trkpt>
      <trkpt lat="22.3904891588" lon="114.1348636667"><ele>380.000</ele></trkpt>
      <trkpt lat="22.3904994847" lon="114.1348583547"><ele>380.000</ele></trkpt>
      <trkpt lat="22.3905029655" lon="114.1348566766"><ele>380.000</ele></trkpt>
      <trkpt lat="22.3905055019" lon="114.1348556562"><ele>380.000</ele></trkpt>
      <trkpt lat="22.3905080718" lon="114.1348547348"><ele>380.000</ele></trkpt>
      <trkpt lat="22.3905106723" lon="114.1348539144"><ele>380.000</ele></trkpt>
      <trkpt lat="22.3905132982" lon="114.1348531970"><ele>380.000</ele></trkpt>
      <trkpt lat="22.3905159458" lon="114.1348525825"><ele>380.000</ele></trkpt>
      <trkpt lat="22.3905186133" lon="114.1348520728"><ele>380.000</ele></trkpt>
      <trkpt lat="22.3905213657" lon="114.1348515962"><ele>380.000</ele></trkpt>
      <trkpt lat="22.3905224818" lon="114.1348514191"><ele>380.000</ele></trkpt>
      <trkpt lat="22.3905278765" lon="114.1348508853"><ele>380.000</ele></trkpt>
      <trkpt lat="22.3905360003" lon="114.1348506886"><ele>380.000</ele></trkpt>
      <trkpt lat="22.3905441107" lon="114.1348512164"><ele>380.000</ele></trkpt>
      <trkpt lat="22.3905521509" lon="114.1348524667"><ele>380.000</ele></trkpt>
      <trkpt lat="22.3905577773" lon="114.1348538634"><ele>380.000</ele></trkpt>
      <trkpt lat="22.3905600694" lon="114.1348544318"><ele>380.000</ele></trkpt>
      <trkpt lat="22.3905678074" lon="114.1348570941"><ele>380.000</ele></trkpt>
      <trkpt lat="22.3905753154" lon="114.1348604382"><ele>380.000</ele></trkpt>
      <trkpt lat="22.3905825363" lon="114.1348644418"><ele>380.000</ele></trkpt>
      <trkpt lat="22.3905894260" lon="114.1348690748"><ele>380.000</ele></trkpt>
      <trkpt lat="22.3905959329" lon="114.1348743070"><ele>378.000</ele></trkpt>
      <trkpt lat="22.3906020156" lon="114.1348801006"><ele>378.000</ele></trkpt>
      <trkpt lat="22.3906058149" lon="114.1348842558"><ele>378.000</ele></trkpt>
      <trkpt lat="22.3906089389" lon="114.1348890151"><ele>378.000</ele></trkpt>
      <trkpt lat="22.3906134054" lon="114.1348963164"><ele>378.000</ele></trkpt>
      <trkpt lat="22.3906189546" lon="114.1349063247"><ele>378.000</ele></trkpt>
      <trkpt lat="22.3906228018" lon="114.1349140223"><ele>378.000</ele></trkpt>
      <trkpt lat="22.3906263727" lon="114.1349218735"><ele>378.000</ele></trkpt>
      <trkpt lat="22.3906296654" lon="114.1349298636"><ele>378.000</ele></trkpt>
      <trkpt lat="22.3906336092" lon="114.1349407173"><ele>378.000</ele></trkpt>
      <trkpt lat="22.3906362302" lon="114.1349489892"><ele>378.000</ele></trkpt>
      <trkpt lat="22.3906385550" lon="114.1349573632"><ele>378.000</ele></trkpt>
      <trkpt lat="22.3906405818" lon="114.1349658247"><ele>378.000</ele></trkpt>
      <trkpt lat="22.3906423098" lon="114.1349743659"><ele>378.000</ele></trkpt>
      <trkpt lat="22.3906437307" lon="114.1349829693"><ele>378.000</ele></trkpt>
      <trkpt lat="22.3906448473" lon="114.1349916253"><ele>378.000</ele></trkpt>
      <trkpt lat="22.3906456587" lon="114.1350003221"><ele>378.000</ele></trkpt>
      <trkpt lat="22.3906460268" lon="114.1350061359"><ele>378.000</ele></trkpt>
      <trkpt lat="22.3906462125" lon="114.1350119595"><ele>378.000</ele></trkpt>
      <trkpt lat="22.3906465077" lon="114.1350148533"><ele>378.000</ele></trkpt>
      <trkpt lat="22.3906615064" lon="114.1351442029"><ele>376.000</ele></trkpt>
      <trkpt lat="22.3906838386" lon="114.1353369306"><ele>376.000</ele></trkpt>
      <trkpt lat="22.3907061705" lon="114.1355296583"><ele>376.000</ele></trkpt>
      <trkpt lat="22.3907092408" lon="114.1355561555"><ele>376.000</ele></trkpt>
      <trkpt lat="22.3907214472" lon="114.1356865995"><ele>376.000</ele></trkpt>
      <trkpt lat="22.3907228923" lon="114.1357229751"><ele>378.000</ele></trkpt>
      <trkpt lat="22.3907229484" lon="114.1357233713"><ele>378.000</ele></trkpt>
      <trkpt lat="22.3907300338" lon="114.1357733785"><ele>378.000</ele></trkpt>
      <trkpt lat="22.3907355533" lon="114.1358018910"><ele>376.000</ele></trkpt>
      <trkpt lat="22.3907411738" lon="114.1358228950"><ele>376.000</ele></trkpt>
      <trkpt lat="22.3907477821" lon="114.1358435589"><ele>376.000</ele></trkpt>
      <trkpt lat="22.3907697038" lon="114.1359048118"><ele>374.000</ele></trkpt>
      <trkpt lat="22.3907750244" lon="114.1359181443"><ele>374.000</ele></trkpt>
      <trkpt lat="22.3907785298" lon="114.1359242689"><ele>374.000</ele></trkpt>
      <trkpt lat="22.3907936975" lon="114.1359390144"><ele>373.000</ele></trkpt>
      <trkpt lat="22.3907993192" lon="114.1359430758"><ele>373.000</ele></trkpt>
      <trkpt lat="22.3908052188" lon="114.1359466457"><ele>373.000</ele></trkpt>
      <trkpt lat="22.3908113639" lon="114.1359497029"><ele>373.000</ele></trkpt>
      <trkpt lat="22.3908177157" lon="114.1359522297"><ele>374.000</ele></trkpt>
      <trkpt lat="22.3908242317" lon="114.1359542069"><ele>374.000</ele></trkpt>
      <trkpt lat="22.3908308731" lon="114.1359556247"><ele>374.000</ele></trkpt>
      <trkpt lat="22.3908375984" lon="114.1359564734"><ele>374.000</ele></trkpt>
      <trkpt lat="22.3908485032" lon="114.1359583483"><ele>374.000</ele></trkpt>
      <trkpt lat="22.3908552131" lon="114.1359593495"><ele>374.000</ele></trkpt>
      <trkpt lat="22.3908619357" lon="114.1359602361"><ele>374.000</ele></trkpt>
      <trkpt lat="22.3908686690" lon="114.1359610091"><ele>374.000</ele></trkpt>
      <trkpt lat="22.3908754150" lon="114.1359616674"><ele>374.000</ele></trkpt>
      <trkpt lat="22.3908821681" lon="114.1359622132"><ele>374.000</ele></trkpt>
      <trkpt lat="22.3908889312" lon="114.1359626443"><ele>374.000</ele></trkpt>
      <trkpt lat="22.3908956960" lon="114.1359629608"><ele>374.000</ele></trkpt>
      <trkpt lat="22.3909024653" lon="114.1359631628"><ele>374.000</ele></trkpt>
      <trkpt lat="22.3909092382" lon="114.1359632501"><ele>374.000</ele></trkpt>
      <trkpt lat="22.3909160111" lon="114.1359632229"><ele>374.000</ele></trkpt>
      <trkpt lat="22.3909227831" lon="114.1359630811"><ele>374.000</ele></trkpt>
      <trkpt lat="22.3909295514" lon="114.1359628247"><ele>374.000</ele></trkpt>
      <trkpt lat="22.3909363151" lon="114.1359624537"><ele>374.000</ele></trkpt>
      <trkpt lat="22.3909430734" lon="114.1359619701"><ele>374.000</ele></trkpt>
      <trkpt lat="22.3909498227" lon="114.1359613699"><ele>374.000</ele></trkpt>
      <trkpt lat="22.3909626246" lon="114.1359624946"><ele>374.000</ele></trkpt>
      <trkpt lat="22.3909693562" lon="114.1359633093"><ele>374.000</ele></trkpt>
      <trkpt lat="22.3909760697" lon="114.1359642716"><ele>374.000</ele></trkpt>
      <trkpt lat="22.3909827616" lon="114.1359653864"><ele>374.000</ele></trkpt>
      <trkpt lat="22.3909894319" lon="114.1359666508"><ele>374.000</ele></trkpt>
      <trkpt lat="22.3909960751" lon="114.1359680666"><ele>374.000</ele></trkpt>
      <trkpt lat="22.3910026894" lon="114.1359696301"><ele>374.000</ele></trkpt>
      <trkpt lat="22.3910092731" lon="114.1359713431"><ele>374.000</ele></trkpt>
      <trkpt lat="22.3910158207" lon="114.1359732018"><ele>374.000</ele></trkpt>
      <trkpt lat="22.3910223322" lon="114.1359752081"><ele>374.000</ele></trkpt>
      <trkpt lat="22.3910288022" lon="114.1359773621"><ele>374.000</ele></trkpt>
      <trkpt lat="22.3910352289" lon="114.1359796598"><ele>374.000</ele></trkpt>
      <trkpt lat="22.3910416087" lon="114.1359821012"><ele>374.000</ele></trkpt>
      <trkpt lat="22.3910479415" lon="114.1359846863"><ele>374.000</ele></trkpt>
      <trkpt lat="22.3910565064" lon="114.1359862453"><ele>374.000</ele></trkpt>
      <trkpt lat="22.3910631857" lon="114.1359874475"><ele>372.000</ele></trkpt>
      <trkpt lat="22.3910698686" lon="114.1359886381"><ele>372.000</ele></trkpt>
      <trkpt lat="22.3910765515" lon="114.1359898189"><ele>372.000</ele></trkpt>
      <trkpt lat="22.3910832361" lon="114.1359909881"><ele>372.000</ele></trkpt>
      <trkpt lat="22.3910899226" lon="114.1359921466"><ele>372.000</ele></trkpt>
      <trkpt lat="22.3910966109" lon="114.1359932935"><ele>372.000</ele></trkpt>
      <trkpt lat="22.3911033010" lon="114.1359944316"><ele>372.000</ele></trkpt>
      <trkpt lat="22.3911099929" lon="114.1359955580"><ele>372.000</ele></trkpt>
      <trkpt lat="22.3911166866" lon="114.1359966728"><ele>372.000</ele></trkpt>
      <trkpt lat="22.3911233812" lon="114.1359977779"><ele>372.000</ele></trkpt>
      <trkpt lat="22.3911300758" lon="114.1359988714"><ele>372.000</ele></trkpt>
      <trkpt lat="22.3911367749" lon="114.1359999531"><ele>372.000</ele></trkpt>
      <trkpt lat="22.3911434740" lon="114.1360010252"><ele>372.000</ele></trkpt>
      <trkpt lat="22.3911501740" lon="114.1360020856"><ele>372.000</ele></trkpt>
      <trkpt lat="22.3911568758" lon="114.1360031363"><ele>372.000</ele></trkpt>
      <trkpt lat="22.3911654967" lon="114.1360044467"><ele>372.000</ele></trkpt>
      <trkpt lat="22.3911721976" lon="114.1360055013"><ele>372.000</ele></trkpt>
      <trkpt lat="22.3911788949" lon="114.1360065831"><ele>372.000</ele></trkpt>
      <trkpt lat="22.3911855886" lon="114.1360076940"><ele>372.000</ele></trkpt>
      <trkpt lat="22.3911922787" lon="114.1360088322"><ele>372.000</ele></trkpt>
      <trkpt lat="22.3911989634" lon="114.1360100004"><ele>372.000</ele></trkpt>
      <trkpt lat="22.3912056444" lon="114.1360111958"><ele>372.000</ele></trkpt>
      <trkpt lat="22.3912123219" lon="114.1360124213"><ele>372.000</ele></trkpt>
      <trkpt lat="22.3912189949" lon="114.1360136740"><ele>372.000</ele></trkpt>
      <trkpt lat="22.3912256606" lon="114.1360149558"><ele>372.000</ele></trkpt>
      <trkpt lat="22.3912323237" lon="114.1360162649"><ele>372.000</ele></trkpt>
      <trkpt lat="22.3912389822" lon="114.1360176030"><ele>372.000</ele></trkpt>
      <trkpt lat="22.3912456335" lon="114.1360189703"><ele>372.000</ele></trkpt>
      <trkpt lat="22.3912522803" lon="114.1360203648"><ele>372.000</ele></trkpt>
      <trkpt lat="22.3912589235" lon="114.1360217885"><ele>372.000</ele></trkpt>
      <trkpt lat="22.3912670061" lon="114.1360229825"><ele>372.000</ele></trkpt>
      <trkpt lat="22.3912736547" lon="114.1360243731"><ele>372.000</ele></trkpt>
      <trkpt lat="22.3912802294" lon="114.1360261192"><ele>372.000</ele></trkpt>
      <trkpt lat="22.3912867147" lon="114.1360282177"><ele>372.000</ele></trkpt>
      <trkpt lat="22.3912930936" lon="114.1360306621"><ele>372.000</ele></trkpt>
      <trkpt lat="22.3912993506" lon="114.1360334483"><ele>372.000</ele></trkpt>
      <trkpt lat="22.3913054696" lon="114.1360365685"><ele>370.000</ele></trkpt>
      <trkpt lat="22.3913114351" lon="114.1360400142"><ele>370.000</ele></trkpt>
      <trkpt lat="22.3913172337" lon="114.1360437784"><ele>370.000</ele></trkpt>
      <trkpt lat="22.3913228481" lon="114.1360478495"><ele>370.000</ele></trkpt>
      <trkpt lat="22.3913282657" lon="114.1360522179"><ele>370.000</ele></trkpt>
      <trkpt lat="22.3913334738" lon="114.1360568737"><ele>370.000</ele></trkpt>
      <trkpt lat="22.3913384590" lon="114.1360618035"><ele>370.000</ele></trkpt>
      <trkpt lat="22.3913432059" lon="114.1360669975"><ele>370.000</ele></trkpt>
      <trkpt lat="22.3913477044" lon="114.1360724401"><ele>370.000</ele></trkpt>
      <trkpt lat="22.3913532418" lon="114.1360791682"><ele>370.000</ele></trkpt>
      <trkpt lat="22.3913576628" lon="114.1360846876"><ele>368.000</ele></trkpt>
      <trkpt lat="22.3913620241" lon="114.1360902594"><ele>368.000</ele></trkpt>
      <trkpt lat="22.3913663240" lon="114.1360958867"><ele>368.000</ele></trkpt>
      <trkpt lat="22.3913705608" lon="114.1361015683"><ele>368.000</ele></trkpt>
      <trkpt lat="22.3913747361" lon="114.1361073043"><ele>368.000</ele></trkpt>
      <trkpt lat="22.3913788483" lon="114.1361130918"><ele>368.000</ele></trkpt>
      <trkpt lat="22.3913828972" lon="114.1361189298"><ele>368.000</ele></trkpt>
      <trkpt lat="22.3913868811" lon="114.1361248174"><ele>368.000</ele></trkpt>
      <trkpt lat="22.3913908019" lon="114.1361307574"><ele>368.000</ele></trkpt>
      <trkpt lat="22.3913946576" lon="114.1361367470"><ele>368.000</ele></trkpt>
      <trkpt lat="22.3913984465" lon="114.1361427832"><ele>368.000</ele></trkpt>
      <trkpt lat="22.3914021686" lon="114.1361488670"><ele>370.000</ele></trkpt>
      <trkpt lat="22.3914048627" lon="114.1361533818"><ele>370.000</ele></trkpt>
      <trkpt lat="22.3914058266" lon="114.1361549974"><ele>370.000</ele></trkpt>
      <trkpt lat="22.3914094160" lon="114.1361611725"><ele>370.000</ele></trkpt>
      <trkpt lat="22.3914173167" lon="114.1361714541"><ele>370.000</ele></trkpt>
      <trkpt lat="22.3914233625" lon="114.1361746803"><ele>370.000</ele></trkpt>
      <trkpt lat="22.3914300183" lon="114.1361758845"><ele>370.000</ele></trkpt>
      <trkpt lat="22.3914367115" lon="114.1361749619"><ele>370.000</ele></trkpt>
      <trkpt lat="22.3914428696" lon="114.1361719944"><ele>370.000</ele></trkpt>
      <trkpt lat="22.3914560726" lon="114.1361699804"><ele>371.000</ele></trkpt>
      <trkpt lat="22.3914628227" lon="114.1361694210"><ele>371.000</ele></trkpt>
      <trkpt lat="22.3914695919" lon="114.1361691724"><ele>371.000</ele></trkpt>
      <trkpt lat="22.3914763630" lon="114.1361692384"><ele>371.000</ele></trkpt>
      <trkpt lat="22.3914831270" lon="114.1361696152"><ele>371.000</ele></trkpt>
      <trkpt lat="22.3914898693" lon="114.1361703066"><ele>371.000</ele></trkpt>
      <trkpt lat="22.3914965775" lon="114.1361713068"><ele>372.000</ele></trkpt>
      <trkpt lat="22.3915032387" lon="114.1361726178"><ele>372.000</ele></trkpt>
      <trkpt lat="22.3915125197" lon="114.1361703019"><ele>372.000</ele></trkpt>
      <trkpt lat="22.3915188723" lon="114.1361726404"><ele>372.000</ele></trkpt>
      <trkpt lat="22.3915236038" lon="114.1361777635"><ele>372.000</ele></trkpt>
      <trkpt lat="22.3915257385" lon="114.1361846062"><ele>374.000</ele></trkpt>
      <trkpt lat="22.3915248336" lon="114.1361917596"><ele>374.000</ele></trkpt>
      <trkpt lat="22.3915210767" lon="114.1361977426"><ele>374.000</ele></trkpt>
      <trkpt lat="22.3915152438" lon="114.1362013209"><ele>374.000</ele></trkpt>
      <trkpt lat="22.3915076040" lon="114.1362082111"><ele>374.000</ele></trkpt>
      <trkpt lat="22.3915026745" lon="114.1362132039"><ele>374.000</ele></trkpt>
      <trkpt lat="22.3914979655" lon="114.1362184376"><ele>374.000</ele></trkpt>
      <trkpt lat="22.3914934878" lon="114.1362239023"><ele>374.000</ele></trkpt>
      <trkpt lat="22.3914892503" lon="114.1362295825"><ele>372.000</ele></trkpt>
      <trkpt lat="22.3914852621" lon="114.1362354685"><ele>372.000</ele></trkpt>
      <trkpt lat="22.3914815340" lon="114.1362415496"><ele>372.000</ele></trkpt>
      <trkpt lat="22.3914780715" lon="114.1362478074"><ele>372.000</ele></trkpt>
      <trkpt lat="22.3914748817" lon="114.1362542311"><ele>372.000</ele></trkpt>
      <trkpt lat="22.3914719737" lon="114.1362608082"><ele>372.000</ele></trkpt>
      <trkpt lat="22.3914693529" lon="114.1362675231"><ele>372.000</ele></trkpt>
      <trkpt lat="22.3914670248" lon="114.1362743632"><ele>372.000</ele></trkpt>
      <trkpt lat="22.3914649938" lon="114.1362813101"><ele>372.000</ele></trkpt>
      <trkpt lat="22.3914632644" lon="114.1362883510"><ele>372.000</ele></trkpt>
      <trkpt lat="22.3914618430" lon="114.1362954705"><ele>372.000</ele></trkpt>
      <trkpt lat="22.3914607286" lon="114.1363026541"><ele>372.000</ele></trkpt>
      <trkpt lat="22.3914601120" lon="114.1363140899"><ele>372.000</ele></trkpt>
      <trkpt lat="22.3914599016" lon="114.1363213693"><ele>372.000</ele></trkpt>
      <trkpt lat="22.3914598320" lon="114.1363286525"><ele>372.000</ele></trkpt>
      <trkpt lat="22.3914599061" lon="114.1363359338"><ele>372.000</ele></trkpt>
      <trkpt lat="22.3914601220" lon="114.1363432130"><ele>372.000</ele></trkpt>
      <trkpt lat="22.3914604769" lon="114.1363504864"><ele>372.000</ele></trkpt>
      <trkpt lat="22.3914609754" lon="114.1363577501"><ele>372.000</ele></trkpt>
      <trkpt lat="22.3914616156" lon="114.1363650001"><ele>372.000</ele></trkpt>
      <trkpt lat="22.3914623950" lon="114.1363722346"><ele>372.000</ele></trkpt>
      <trkpt lat="22.3914633152" lon="114.1363794515"><ele>372.000</ele></trkpt>
      <trkpt lat="22.3914643763" lon="114.1363866450"><ele>372.000</ele></trkpt>
      <trkpt lat="22.3914655764" lon="114.1363938114"><ele>372.000</ele></trkpt>
      <trkpt lat="22.3914669165" lon="114.1364009505"><ele>372.000</ele></trkpt>
      <trkpt lat="22.3914683930" lon="114.1364080585"><ele>372.000</ele></trkpt>
      <trkpt lat="22.3914700094" lon="114.1364151315"><ele>372.000</ele></trkpt>
      <trkpt lat="22.3914717631" lon="114.1364221666"><ele>372.000</ele></trkpt>
      <trkpt lat="22.3914807852" lon="114.1364321410"><ele>372.000</ele></trkpt>
      <trkpt lat="22.3914855294" lon="114.1364373379"><ele>372.000</ele></trkpt>
      <trkpt lat="22.3914902897" lon="114.1364425183"><ele>372.000</ele></trkpt>
      <trkpt lat="22.3914950646" lon="114.1364476832"><ele>373.000</ele></trkpt>
      <trkpt lat="22.3914998556" lon="114.1364528305"><ele>373.000</ele></trkpt>
      <trkpt lat="22.3915046611" lon="114.1364579624"><ele>373.000</ele></trkpt>
      <trkpt lat="22.3915094829" lon="114.1364630786"><ele>373.000</ele></trkpt>
      <trkpt lat="22.3915143191" lon="114.1364681774"><ele>373.000</ele></trkpt>
      <trkpt lat="22.3915191698" lon="114.1364732588"><ele>372.000</ele></trkpt>
      <trkpt lat="22.3915240367" lon="114.1364783245"><ele>372.000</ele></trkpt>
      <trkpt lat="22.3915289180" lon="114.1364833748"><ele>372.000</ele></trkpt>
      <trkpt lat="22.3915338138" lon="114.1364884066"><ele>372.000</ele></trkpt>
      <trkpt lat="22.3915387268" lon="114.1364934218"><ele>374.000</ele></trkpt>
      <trkpt lat="22.3915436523" lon="114.1364984206"><ele>374.000</ele></trkpt>
      <trkpt lat="22.3915485933" lon="114.1365034009"><ele>374.000</ele></trkpt>
      <trkpt lat="22.3915535487" lon="114.1365083656"><ele>374.000</ele></trkpt>
      <trkpt lat="22.3915585185" lon="114.1365133149"><ele>374.000</ele></trkpt>
      <trkpt lat="22.3915635027" lon="114.1365182447"><ele>374.000</ele></trkpt>
      <trkpt lat="22.3915728567" lon="114.1365259855"><ele>372.000</ele></trkpt>
      <trkpt lat="22.3915783212" lon="114.1365302898"><ele>372.000</ele></trkpt>
      <trkpt lat="22.3915838525" lon="114.1365344911"><ele>373.000</ele></trkpt>
      <trkpt lat="22.3915894543" lon="114.1365385865"><ele>373.000</ele></trkpt>
      <trkpt lat="22.3915951192" lon="114.1365425780"><ele>373.000</ele></trkpt>
      <trkpt lat="22.3916008473" lon="114.1365464617"><ele>373.000</ele></trkpt>
      <trkpt lat="22.3916066395" lon="114.1365502376"><ele>373.000</ele></trkpt>
      <trkpt lat="22.3916124913" lon="114.1365539048"><ele>373.000</ele></trkpt>
      <trkpt lat="22.3916184000" lon="114.1365574631"><ele>373.000</ele></trkpt>
      <trkpt lat="22.3916243664" lon="114.1365609088"><ele>373.000</ele></trkpt>
      <trkpt lat="22.3916303888" lon="114.1365642437"><ele>374.000</ele></trkpt>
      <trkpt lat="22.3916364635" lon="114.1365674641"><ele>374.000</ele></trkpt>
      <trkpt lat="22.3916425888" lon="114.1365705718"><ele>372.000</ele></trkpt>
      <trkpt lat="22.3916487646" lon="114.1365735629"><ele>372.000</ele></trkpt>
      <trkpt lat="22.3916549855" lon="114.1365764375"><ele>372.000</ele></trkpt>
      <trkpt lat="22.3916612552" lon="114.1365791975"><ele>372.000</ele></trkpt>
      <trkpt lat="22.3916675663" lon="114.1365818390"><ele>372.000</ele></trkpt>
      <trkpt lat="22.3916739199" lon="114.1365843601"><ele>374.000</ele></trkpt>
      <trkpt lat="22.3916803132" lon="114.1365867646"><ele>374.000</ele></trkpt>
      <trkpt lat="22.3916867453" lon="114.1365890468"><ele>374.000</ele></trkpt>
      <trkpt lat="22.3916932117" lon="114.1365912105"><ele>374.000</ele></trkpt>
      <trkpt lat="22.3916997124" lon="114.1365932518"><ele>374.000</ele></trkpt>
      <trkpt lat="22.3917062473" lon="114.1365951708"><ele>374.000</ele></trkpt>
      <trkpt lat="22.3917128094" lon="114.1365969674"><ele>374.000</ele></trkpt>
      <trkpt lat="22.3917194021" lon="114.1365986416"><ele>374.000</ele></trkpt>
      <trkpt lat="22.3917260200" lon="114.1366001915"><ele>374.000</ele></trkpt>
      <trkpt lat="22.3917326614" lon="114.1366016181"><ele>374.000</ele></trkpt>
      <trkpt lat="22.3917393244" lon="114.1366029184"><ele>374.000</ele></trkpt>
      <trkpt lat="22.3917460091" lon="114.1366040954"><ele>374.000</ele></trkpt>
      <trkpt lat="22.3917527100" lon="114.1366051461"><ele>374.000</ele></trkpt>
      <trkpt lat="22.3917594289" lon="114.1366060726"><ele>374.000</ele></trkpt>
      <trkpt lat="22.3917661605" lon="114.1366068727"><ele>374.000</ele></trkpt>
      <trkpt lat="22.3917774114" lon="114.1366097372"><ele>374.000</ele></trkpt>
      <trkpt lat="22.3917840871" lon="114.1366109579"><ele>374.000</ele></trkpt>
      <trkpt lat="22.3917908096" lon="114.1366118386"><ele>374.000</ele></trkpt>
      <trkpt lat="22.3917975627" lon="114.1366123757"><ele>374.000</ele></trkpt>
      <trkpt lat="22.3918043339" lon="114.1366125708"><ele>374.000</ele></trkpt>
      <trkpt lat="22.3918111049" lon="114.1366124223"><ele>374.000</ele></trkpt>
      <trkpt lat="22.3918178614" lon="114.1366119289"><ele>374.000</ele></trkpt>
      <trkpt lat="22.3918245889" lon="114.1366110938"><ele>374.000</ele></trkpt>
      <trkpt lat="22.3918312712" lon="114.1366099169"><ele>374.000</ele></trkpt>
      <trkpt lat="22.3918378956" lon="114.1366084020"><ele>374.000</ele></trkpt>
      <trkpt lat="22.3918444459" lon="114.1366065531"><ele>374.000</ele></trkpt>
      <trkpt lat="22.3918509076" lon="114.1366043740"><ele>374.000</ele></trkpt>
      <trkpt lat="22.3918572663" lon="114.1366018697"><ele>374.000</ele></trkpt>
      <trkpt lat="22.3918635093" lon="114.1365990429"><ele>374.000</ele></trkpt>
      <trkpt lat="22.3918696203" lon="114.1365959045"><ele>374.000</ele></trkpt>
      <trkpt lat="22.3918755850" lon="114.1365924574"><ele>374.000</ele></trkpt>
      <trkpt lat="22.3918813943" lon="114.1365887131"><ele>374.000</ele></trkpt>
      <trkpt lat="22.3918870302" lon="114.1365846775"><ele>374.000</ele></trkpt>
      <trkpt lat="22.3918971428" lon="114.1365784479"><ele>374.000</ele></trkpt>
      <trkpt lat="22.3919030280" lon="114.1365748425"><ele>374.000</ele></trkpt>
      <trkpt lat="22.3919089186" lon="114.1365712487"><ele>374.000</ele></trkpt>
      <trkpt lat="22.3919148146" lon="114.1365676656"><ele>376.000</ele></trkpt>
      <trkpt lat="22.3919207179" lon="114.1365640941"><ele>376.000</ele></trkpt>
      <trkpt lat="22.3919266266" lon="114.1365605343"><ele>376.000</ele></trkpt>
      <trkpt lat="22.3919325416" lon="114.1365569861"><ele>376.000</ele></trkpt>
      <trkpt lat="22.3919384620" lon="114.1365534477"><ele>376.000</ele></trkpt>
      <trkpt lat="22.3919443869" lon="114.1365499228"><ele>375.000</ele></trkpt>
      <trkpt lat="22.3919503200" lon="114.1365464077"><ele>375.000</ele></trkpt>
      <trkpt lat="22.3919562567" lon="114.1365429042"><ele>375.000</ele></trkpt>
      <trkpt lat="22.3919622015" lon="114.1365394104"><ele>375.000</ele></trkpt>
      <trkpt lat="22.3919681500" lon="114.1365359302"><ele>375.000</ele></trkpt>
      <trkpt lat="22.3919741065" lon="114.1365324626"><ele>375.000</ele></trkpt>
      <trkpt lat="22.3919800649" lon="114.1365290028"><ele>375.000</ele></trkpt>
      <trkpt lat="22.3919860323" lon="114.1365255556"><ele>375.000</ele></trkpt>
      <trkpt lat="22.3919920033" lon="114.1365221201"><ele>374.000</ele></trkpt>
      <trkpt lat="22.3919979825" lon="114.1365186962"><ele>376.000</ele></trkpt>
      <trkpt lat="22.3920039661" lon="114.1365152840"><ele>376.000</ele></trkpt>
      <trkpt lat="22.3920099552" lon="114.1365118834"><ele>376.000</ele></trkpt>
      <trkpt lat="22.3920159488" lon="114.1365084926"><ele>376.000</ele></trkpt>
      <trkpt lat="22.3920219497" lon="114.1365051153"><ele>376.000</ele></trkpt>
      <trkpt lat="22.3920279550" lon="114.1365017477"><ele>376.000</ele></trkpt>
      <trkpt lat="22.3920339658" lon="114.1364983918"><ele>374.000</ele></trkpt>
      <trkpt lat="22.3920399829" lon="114.1364950476"><ele>374.000</ele></trkpt>
      <trkpt lat="22.3920460054" lon="114.1364917179"><ele>374.000</ele></trkpt>
      <trkpt lat="22.3920520334" lon="114.1364883969"><ele>374.000</ele></trkpt>
      <trkpt lat="22.3920580667" lon="114.1364850847"><ele>374.000</ele></trkpt>
      <trkpt lat="22.3920641055" lon="114.1364817870"><ele>374.000</ele></trkpt>
      <trkpt lat="22.3920701497" lon="114.1364785010"><ele>374.000</ele></trkpt>
      <trkpt lat="22.3920762002" lon="114.1364752267"><ele>374.000</ele></trkpt>
      <trkpt lat="22.3920822553" lon="114.1364719640"><ele>374.000</ele></trkpt>
      <trkpt lat="22.3920883158" lon="114.1364687119"><ele>376.000</ele></trkpt>
      <trkpt lat="22.3920947945" lon="114.1364662483"><ele>376.000</ele></trkpt>
      <trkpt lat="22.3920974476" lon="114.1364656610"><ele>376.000</ele></trkpt>
      <trkpt lat="22.3921001205" lon="114.1364651844"><ele>376.000</ele></trkpt>
      <trkpt lat="22.3921028079" lon="114.1364648204"><ele>376.000</ele></trkpt>
      <trkpt lat="22.3921055061" lon="114.1364645672"><ele>376.000</ele></trkpt>
      <trkpt lat="22.3921082116" lon="114.1364644266"><ele>376.000</ele></trkpt>
      <trkpt lat="22.3921109208" lon="114.1364643986"><ele>376.000</ele></trkpt>
      <trkpt lat="22.3921136281" lon="114.1364644833"><ele>376.000</ele></trkpt>
      <trkpt lat="22.3921163328" lon="114.1364646786"><ele>376.000</ele></trkpt>
      <trkpt lat="22.3921190249" lon="114.1364649886"><ele>376.000</ele></trkpt>
      <trkpt lat="22.3921217053" lon="114.1364654093"><ele>376.000</ele></trkpt>
      <trkpt lat="22.3921243694" lon="114.1364659407"><ele>376.000</ele></trkpt>
      <trkpt lat="22.3921270119" lon="114.1364665828"><ele>376.000</ele></trkpt>
      <trkpt lat="22.3921296291" lon="114.1364673337"><ele>376.000</ele></trkpt>
      <trkpt lat="22.3921322175" lon="114.1364681943"><ele>376.000</ele></trkpt>
      <trkpt lat="22.3921347733" lon="114.1364691598"><ele>376.000</ele></trkpt>
      <trkpt lat="22.3921372913" lon="114.1364702331"><ele>376.000</ele></trkpt>
      <trkpt lat="22.3921397696" lon="114.1364714074"><ele>376.000</ele></trkpt>
      <trkpt lat="22.3921422045" lon="114.1364726866"><ele>374.000</ele></trkpt>
      <trkpt lat="22.3921445907" lon="114.1364740649"><ele>374.000</ele></trkpt>
      <trkpt lat="22.3921469264" lon="114.1364755403"><ele>374.000</ele></trkpt>
      <trkpt lat="22.3921492088" lon="114.1364771128"><ele>374.000</ele></trkpt>
      <trkpt lat="22.3921514298" lon="114.1364787786"><ele>374.000</ele></trkpt>
      <trkpt lat="22.3921535904" lon="114.1364805357"><ele>374.000</ele></trkpt>
      <trkpt lat="22.3921556877" lon="114.1364823802"><ele>374.000</ele></trkpt>
      <trkpt lat="22.3921577146" lon="114.1364843121"><ele>374.000</ele></trkpt>
      <trkpt lat="22.3921596729" lon="114.1364863256"><ele>374.000</ele></trkpt>
      <trkpt lat="22.3921615572" lon="114.1364884187"><ele>374.000</ele></trkpt>
      <trkpt lat="22.3921633648" lon="114.1364905896"><ele>374.000</ele></trkpt>
      <trkpt lat="22.3921650911" lon="114.1364928323"><ele>374.000</ele></trkpt>
      <trkpt lat="22.3921667370" lon="114.1364951470"><ele>374.000</ele></trkpt>
      <trkpt lat="22.3921682990" lon="114.1364975276"><ele>374.000</ele></trkpt>
      <trkpt lat="22.3921697725" lon="114.1364999705"><ele>374.000</ele></trkpt>
      <trkpt lat="22.3921711584" lon="114.1365024736"><ele>374.000</ele></trkpt>
      <trkpt lat="22.3921724540" lon="114.1365050340"><ele>374.000</ele></trkpt>
      <trkpt lat="22.3921736557" lon="114.1365076440"><ele>374.000</ele></trkpt>
      <trkpt lat="22.3921747617" lon="114.1365103016"><ele>374.000</ele></trkpt>
      <trkpt lat="22.3921752791" lon="114.1365137411"><ele>374.000</ele></trkpt>
      <trkpt lat="22.3921756753" lon="114.1365166242"><ele>374.000</ele></trkpt>
      <trkpt lat="22.3921760391" lon="114.1365195111"><ele>374.000</ele></trkpt>
      <trkpt lat="22.3921763685" lon="114.1365224030"><ele>373.000</ele></trkpt>
      <trkpt lat="22.3921766654" lon="114.1365252987"><ele>373.000</ele></trkpt>
      <trkpt lat="22.3921767832" lon="114.1365265844"><ele>373.000</ele></trkpt>
      <trkpt lat="22.3921769299" lon="114.1365281983"><ele>373.000</ele></trkpt>
      <trkpt lat="22.3921771600" lon="114.1365310999"><ele>373.000</ele></trkpt>
      <trkpt lat="22.3921773584" lon="114.1365340054"><ele>373.000</ele></trkpt>
      <trkpt lat="22.3921775226" lon="114.1365369128"><ele>373.000</ele></trkpt>
      <trkpt lat="22.3921776534" lon="114.1365398242"><ele>373.000</ele></trkpt>
      <trkpt lat="22.3921777516" lon="114.1365427355"><ele>373.000</ele></trkpt>
      <trkpt lat="22.3921778183" lon="114.1365456468"><ele>373.000</ele></trkpt>
      <trkpt lat="22.3921778488" lon="114.1365485601"><ele>373.000</ele></trkpt>
      <trkpt lat="22.3921778459" lon="114.1365514734"><ele>373.000</ele></trkpt>
      <trkpt lat="22.3921778132" lon="114.1365543867"><ele>373.000</ele></trkpt>
      <trkpt lat="22.3921777444" lon="114.1365572991"><ele>373.000</ele></trkpt>
      <trkpt lat="22.3921776422" lon="114.1365602095"><ele>373.000</ele></trkpt>
      <trkpt lat="22.3921775075" lon="114.1365631190"><ele>373.000</ele></trkpt>
      <trkpt lat="22.3921773402" lon="114.1365660284"><ele>373.000</ele></trkpt>
      <trkpt lat="22.3921771387" lon="114.1365689331"><ele>372.000</ele></trkpt>
      <trkpt lat="22.3921769046" lon="114.1365718357"><ele>372.000</ele></trkpt>
      <trkpt lat="22.3921766380" lon="114.1365747336"><ele>372.000</ele></trkpt>
      <trkpt lat="22.3921763380" lon="114.1365776295"><ele>372.000</ele></trkpt>
      <trkpt lat="22.3921760037" lon="114.1365805215"><ele>372.000</ele></trkpt>
      <trkpt lat="22.3921756378" lon="114.1365834087"><ele>372.000</ele></trkpt>
      <trkpt lat="22.3921752376" lon="114.1365862882"><ele>372.000</ele></trkpt>
      <trkpt lat="22.3921748048" lon="114.1365891647"><ele>372.000</ele></trkpt>
      <trkpt lat="22.3921743395" lon="114.1365920354"><ele>372.000</ele></trkpt>
      <trkpt lat="22.3921738418" lon="114.1365948983"><ele>372.000</ele></trkpt>
      <trkpt lat="22.3921733115" lon="114.1365977555"><ele>372.000</ele></trkpt>
      <trkpt lat="22.3921727487" lon="114.1366006048"><ele>372.000</ele></trkpt>
      <trkpt lat="22.3921721534" lon="114.1366034465"><ele>372.000</ele></trkpt>
      <trkpt lat="22.3921715256" lon="114.1366062803"><ele>372.000</ele></trkpt>
      <trkpt lat="22.3921708652" lon="114.1366091064"><ele>372.000</ele></trkpt>
      <trkpt lat="22.3921701742" lon="114.1366119228"><ele>372.000</ele></trkpt>
      <trkpt lat="22.3921694488" lon="114.1366147295"><ele>372.000</ele></trkpt>
      <trkpt lat="22.3921686928" lon="114.1366175284"><ele>373.000</ele></trkpt>
      <trkpt lat="22.3921680222" lon="114.1366227104"><ele>373.000</ele></trkpt>
      <trkpt lat="22.3921646086" lon="114.1366368059"><ele>370.000</ele></trkpt>
      <trkpt lat="22.3921617693" lon="114.1366510470"><ele>370.000</ele></trkpt>
      <trkpt lat="22.3921595080" lon="114.1366654092"><ele>370.000</ele></trkpt>
      <trkpt lat="22.3921584319" lon="114.1366740708"><ele>372.000</ele></trkpt>
      <trkpt lat="22.3921575672" lon="114.1366827624"><ele>372.000</ele></trkpt>
      <trkpt lat="22.3921565937" lon="114.1366972903"><ele>372.000</ele></trkpt>
      <trkpt lat="22.3921562053" lon="114.1367118511"><ele>372.000</ele></trkpt>
      <trkpt lat="22.3921563303" lon="114.1367205852"><ele>374.000</ele></trkpt>
      <trkpt lat="22.3921569411" lon="114.1367293016"><ele>374.000</ele></trkpt>
      <trkpt lat="22.3921574606" lon="114.1367409411"><ele>374.000</ele></trkpt>
      <trkpt lat="22.3921577423" lon="114.1367555056"><ele>374.000</ele></trkpt>
      <trkpt lat="22.3921575426" lon="114.1367729816"><ele>376.000</ele></trkpt>
      <trkpt lat="22.3921567522" lon="114.1367904402"><ele>376.000</ele></trkpt>
      <trkpt lat="22.3921553767" lon="114.1368078564"><ele>376.000</ele></trkpt>
      <trkpt lat="22.3921534141" lon="114.1368252085"><ele>376.000</ele></trkpt>
      <trkpt lat="22.3921508880" lon="114.1368424764"><ele>376.000</ele></trkpt>
      <trkpt lat="22.3921499934" lon="114.1368511612"><ele>376.000</ele></trkpt>
      <trkpt lat="22.3921491812" lon="114.1368569220"><ele>376.000</ele></trkpt>
      <trkpt lat="22.3921476626" lon="114.1368655089"><ele>378.000</ele></trkpt>
      <trkpt lat="22.3921457864" lon="114.1368740124"><ele>378.000</ele></trkpt>
      <trkpt lat="22.3921427368" lon="114.1368851926"><ele>378.000</ele></trkpt>
      <trkpt lat="22.3921409772" lon="114.1368907051"><ele>378.000</ele></trkpt>
      <trkpt lat="22.3921380552" lon="114.1368988593"><ele>378.000</ele></trkpt>
      <trkpt lat="22.3921359190" lon="114.1369042126"><ele>378.000</ele></trkpt>
      <trkpt lat="22.3921324342" lon="114.1369121086"><ele>378.000</ele></trkpt>
      <trkpt lat="22.3921299304" lon="114.1369172775"><ele>378.000</ele></trkpt>
      <trkpt lat="22.3921287281" lon="114.1369195425"><ele>378.000</ele></trkpt>
      <trkpt lat="22.3921259065" lon="114.1369248688"><ele>378.000</ele></trkpt>
      <trkpt lat="22.3921200680" lon="114.1369346883"><ele>378.000</ele></trkpt>
      <trkpt lat="22.3921152700" lon="114.1369417418"><ele>378.000</ele></trkpt>
      <trkpt lat="22.3921102806" lon="114.1369486400"><ele>378.000</ele></trkpt>
      <trkpt lat="22.3921049686" lon="114.1369552566"><ele>378.000</ele></trkpt>
      <trkpt lat="22.3920981655" lon="114.1369643267"><ele>378.000</ele></trkpt>
      <trkpt lat="22.3920932456" lon="114.1369712831"><ele>378.000</ele></trkpt>
      <trkpt lat="22.3920884882" lon="114.1369783696"><ele>378.000</ele></trkpt>
      <trkpt lat="22.3920838962" lon="114.1369855785"><ele>378.000</ele></trkpt>
      <trkpt lat="22.3920780297" lon="114.1369953766"><ele>378.000</ele></trkpt>
      <trkpt lat="22.3920724278" lon="114.1370053592"><ele>378.000</ele></trkpt>
      <trkpt lat="22.3920698084" lon="114.1370104543"><ele>379.000</ele></trkpt>
      <trkpt lat="22.3920677490" lon="114.1370158464"><ele>379.000</ele></trkpt>
      <trkpt lat="22.3920660743" lon="114.1370213880"><ele>379.000</ele></trkpt>
      <trkpt lat="22.3920653778" lon="114.1370242044"><ele>379.000</ele></trkpt>
      <trkpt lat="22.3920642775" lon="114.1370299109"><ele>379.000</ele></trkpt>
      <trkpt lat="22.3920635763" lon="114.1370356901"><ele>379.000</ele></trkpt>
      <trkpt lat="22.3920632725" lon="114.1370415071"><ele>379.000</ele></trkpt>
      <trkpt lat="22.3920633643" lon="114.1370473346"><ele>379.000</ele></trkpt>
      <trkpt lat="22.3920638786" lon="114.1370531339"><ele>379.000</ele></trkpt>
      <trkpt lat="22.3920648616" lon="114.1370588670"><ele>380.000</ele></trkpt>
      <trkpt lat="22.3920668116" lon="114.1370673500"><ele>380.000</ele></trkpt>
      <trkpt lat="22.3920687220" lon="114.1370728051"><ele>380.000</ele></trkpt>
      <trkpt lat="22.3920711543" lon="114.1370780153"><ele>380.000</ele></trkpt>
      <trkpt lat="22.3920740904" lon="114.1370829166"><ele>380.000</ele></trkpt>
      <trkpt lat="22.3920757327" lon="114.1370852293"><ele>380.000</ele></trkpt>
      <trkpt lat="22.3920793568" lon="114.1370895671"><ele>382.000</ele></trkpt>
      <trkpt lat="22.3920833890" lon="114.1370934640"><ele>382.000</ele></trkpt>
      <trkpt lat="22.3920877805" lon="114.1370968752"><ele>382.000</ele></trkpt>
      <trkpt lat="22.3920924861" lon="114.1370997658"><ele>382.000</ele></trkpt>
      <trkpt lat="22.3920974480" lon="114.1371021134"><ele>382.000</ele></trkpt>
      <trkpt lat="22.3921000039" lon="114.1371031139"><ele>382.000</ele></trkpt>
      <trkpt lat="22.3921026193" lon="114.1371038687"><ele>382.000</ele></trkpt>
      <trkpt lat="22.3921052835" lon="114.1371043399"><ele>382.000</ele></trkpt>
      <trkpt lat="22.3921160626" lon="114.1371056420"><ele>382.000</ele></trkpt>
      <trkpt lat="22.3921267155" lon="114.1371077773"><ele>383.000</ele></trkpt>
      <trkpt lat="22.3921426119" lon="114.1371114261"><ele>383.000</ele></trkpt>
      <trkpt lat="22.3921480351" lon="114.1371128715"><ele>383.000</ele></trkpt>
      <trkpt lat="22.3921486772" lon="114.1371130345"><ele>383.000</ele></trkpt>
      <trkpt lat="22.3922077158" lon="114.1371379847"><ele>384.000</ele></trkpt>
      <trkpt lat="22.3922508782" lon="114.1371606477"><ele>384.000</ele></trkpt>
      <trkpt lat="22.3922902971" lon="114.1372005876"><ele>385.000</ele></trkpt>
      <trkpt lat="22.3923332835" lon="114.1372422163"><ele>386.000</ele></trkpt>
      <trkpt lat="22.3923781892" lon="114.1372667919"><ele>386.000</ele></trkpt>
      <trkpt lat="22.3924127154" lon="114.1372771535"><ele>390.000</ele></trkpt>
      <trkpt lat="22.3924557004" lon="114.1373130722"><ele>390.000</ele></trkpt>
      <trkpt lat="22.3924689384" lon="114.1373469502"><ele>389.000</ele></trkpt>
      <trkpt lat="22.3924485083" lon="114.1373714472"><ele>389.000</ele></trkpt>
      <trkpt lat="22.3924120406" lon="114.1373981725"><ele>389.000</ele></trkpt>
      <trkpt lat="22.3923896695" lon="114.1374249715"><ele>388.000</ele></trkpt>
      <trkpt lat="22.3923541873" lon="114.1374566880"><ele>390.000</ele></trkpt>
      <trkpt lat="22.3923315748" lon="114.1374931408"><ele>390.000</ele></trkpt>
      <trkpt lat="22.3923000135" lon="114.1375317597"><ele>388.000</ele></trkpt>
      <trkpt lat="22.3922735634" lon="114.1375699703"><ele>388.000</ele></trkpt>
      <trkpt lat="22.3922677870" lon="114.1376200031"><ele>388.000</ele></trkpt>
      <trkpt lat="22.3922691044" lon="114.1376904173"><ele>388.000</ele></trkpt>
      <trkpt lat="22.3922687027" lon="114.1377468773"><ele>389.000</ele></trkpt>
      <trkpt lat="22.3922403274" lon="114.1377785625"><ele>388.000</ele></trkpt>
      <trkpt lat="22.3922073564" lon="114.1378135217"><ele>387.000</ele></trkpt>
      <trkpt lat="22.3921940375" lon="114.1378555352"><ele>389.000</ele></trkpt>
      <trkpt lat="22.3921891828" lon="114.1378708508"><ele>389.000</ele></trkpt>
      <trkpt lat="22.3921900708" lon="114.1379210186"><ele>390.000</ele></trkpt>
      <trkpt lat="22.3921816372" lon="114.1379619917"><ele>391.000</ele></trkpt>
      <trkpt lat="22.3921760149" lon="114.1380150630"><ele>391.000</ele></trkpt>
      <trkpt lat="22.3921933746" lon="114.1380654098"><ele>390.000</ele></trkpt>
      <trkpt lat="22.3922187516" lon="114.1381046449"><ele>394.000</ele></trkpt>
      <trkpt lat="22.3922211455" lon="114.1381498199"><ele>394.000</ele></trkpt>
      <trkpt lat="22.3922263314" lon="114.1381975092"><ele>394.000</ele></trkpt>
      <trkpt lat="22.3922320581" lon="114.1382408673"><ele>394.000</ele></trkpt>
      <trkpt lat="22.3922126710" lon="114.1382845140"><ele>396.000</ele></trkpt>
      <trkpt lat="22.3921974815" lon="114.1383218473"><ele>399.000</ele></trkpt>
      <trkpt lat="22.3921847496" lon="114.1383645414"><ele>399.000</ele></trkpt>
      <trkpt lat="22.3921761699" lon="114.1383806572"><ele>402.000</ele></trkpt>
      <trkpt lat="22.3921750153" lon="114.1383820598"><ele>402.000</ele></trkpt>
      <trkpt lat="22.3921673270" lon="114.1383909922"><ele>400.000</ele></trkpt>
      <trkpt lat="22.3921625910" lon="114.1383967744"><ele>400.000</ele></trkpt>
      <trkpt lat="22.3921578495" lon="114.1384025528"><ele>400.000</ele></trkpt>
      <trkpt lat="22.3921531045" lon="114.1384083283"><ele>400.000</ele></trkpt>
      <trkpt lat="22.3921483558" lon="114.1384140999"><ele>404.000</ele></trkpt>
      <trkpt lat="22.3921436053" lon="114.1384198695"><ele>404.000</ele></trkpt>
      <trkpt lat="22.3921388494" lon="114.1384256353"><ele>404.000</ele></trkpt>
      <trkpt lat="22.3921340899" lon="114.1384313971"><ele>404.000</ele></trkpt>
      <trkpt lat="22.3921293285" lon="114.1384371551"><ele>404.000</ele></trkpt>
      <trkpt lat="22.3921245618" lon="114.1384429122"><ele>404.000</ele></trkpt>
      <trkpt lat="22.3921197933" lon="114.1384486634"><ele>401.000</ele></trkpt>
      <trkpt lat="22.3921150193" lon="114.1384544116"><ele>401.000</ele></trkpt>
      <trkpt lat="22.3921102435" lon="114.1384601580"><ele>401.000</ele></trkpt>
      <trkpt lat="22.3921054641" lon="114.1384658985"><ele>404.000</ele></trkpt>
      <trkpt lat="22.3921006793" lon="114.1384716371"><ele>404.000</ele></trkpt>
      <trkpt lat="22.3920958927" lon="114.1384773718"><ele>404.000</ele></trkpt>
      <trkpt lat="22.3920911025" lon="114.1384831045"><ele>404.000</ele></trkpt>
      <trkpt lat="22.3920863086" lon="114.1384888334"><ele>404.000</ele></trkpt>
      <trkpt lat="22.3920815112" lon="114.1384945564"><ele>404.000</ele></trkpt>
      <trkpt lat="22.3920767101" lon="114.1385002795"><ele>401.000</ele></trkpt>
      <trkpt lat="22.3920719054" lon="114.1385059967"><ele>401.000</ele></trkpt>
      <trkpt lat="22.3920670980" lon="114.1385117119"><ele>404.000</ele></trkpt>
      <trkpt lat="22.3920588148" lon="114.1385215379"><ele>404.000</ele></trkpt>
      <trkpt lat="22.3920537428" lon="114.1385269813"><ele>404.000</ele></trkpt>
      <trkpt lat="22.3920486256" lon="114.1385323762"><ele>404.000</ele></trkpt>
      <trkpt lat="22.3920434614" lon="114.1385377186"><ele>404.000</ele></trkpt>
      <trkpt lat="22.3920382538" lon="114.1385430126"><ele>404.000</ele></trkpt>
      <trkpt lat="22.3920330011" lon="114.1385482570"><ele>404.000</ele></trkpt>
      <trkpt lat="22.3920277033" lon="114.1385534470"><ele>401.000</ele></trkpt>
      <trkpt lat="22.3920223638" lon="114.1385585856"><ele>401.000</ele></trkpt>
      <trkpt lat="22.3920169810" lon="114.1385636737"><ele>403.000</ele></trkpt>
      <trkpt lat="22.3920115549" lon="114.1385687074"><ele>403.000</ele></trkpt>
      <trkpt lat="22.3920060854" lon="114.1385736887"><ele>403.000</ele></trkpt>
      <trkpt lat="22.3920005761" lon="114.1385786156"><ele>403.000</ele></trkpt>
      <trkpt lat="22.3919950253" lon="114.1385834911"><ele>403.000</ele></trkpt>
      <trkpt lat="22.3919894330" lon="114.1385883083"><ele>403.000</ele></trkpt>
      <trkpt lat="22.3919781326" lon="114.1385977796"><ele>402.000</ele></trkpt>
      <trkpt lat="22.3919714173" lon="114.1386004704"><ele>402.000</ele></trkpt>
      <trkpt lat="22.3919646522" lon="114.1386030127"><ele>402.000</ele></trkpt>
      <trkpt lat="22.3919578401" lon="114.1386054083"><ele>402.000</ele></trkpt>
      <trkpt lat="22.3919509856" lon="114.1386076554"><ele>402.000</ele></trkpt>
      <trkpt lat="22.3919440886" lon="114.1386097548"><ele>404.000</ele></trkpt>
      <trkpt lat="22.3919371554" lon="114.1386117047"><ele>404.000</ele></trkpt>
      <trkpt lat="22.3919301879" lon="114.1386135032"><ele>404.000</ele></trkpt>
      <trkpt lat="22.3919231888" lon="114.1386151501"><ele>404.000</ele></trkpt>
      <trkpt lat="22.3919161571" lon="114.1386166456"><ele>404.000</ele></trkpt>
      <trkpt lat="22.3919091018" lon="114.1386179876"><ele>404.000</ele></trkpt>
      <trkpt lat="22.3919020195" lon="114.1386191763"><ele>404.000</ele></trkpt>
      <trkpt lat="22.3918883351" lon="114.1386210348"><ele>404.000</ele></trkpt>
      <trkpt lat="22.3918811703" lon="114.1386211902"><ele>404.000</ele></trkpt>
      <trkpt lat="22.3918740055" lon="114.1386213456"><ele>404.000</ele></trkpt>
      <trkpt lat="22.3918668390" lon="114.1386215010"><ele>404.000</ele></trkpt>
      <trkpt lat="22.3918596742" lon="114.1386216525"><ele>404.000</ele></trkpt>
      <trkpt lat="22.3918525094" lon="114.1386218040"><ele>404.000</ele></trkpt>
      <trkpt lat="22.3918453446" lon="114.1386219545"><ele>403.000</ele></trkpt>
      <trkpt lat="22.3918381799" lon="114.1386221041"><ele>403.000</ele></trkpt>
      <trkpt lat="22.3918284414" lon="114.1386223029"><ele>403.000</ele></trkpt>
      <trkpt lat="22.3918214352" lon="114.1386208608"><ele>403.000</ele></trkpt>
      <trkpt lat="22.3918143754" lon="114.1386219542"><ele>403.000</ele></trkpt>
      <trkpt lat="22.3918080323" lon="114.1386254665"><ele>403.000</ele></trkpt>
      <trkpt lat="22.3918018979" lon="114.1386331515"><ele>402.000</ele></trkpt>
      <trkpt lat="22.3917974166" lon="114.1386391629"><ele>402.000</ele></trkpt>
      <trkpt lat="22.3917929930" lon="114.1386452276"><ele>402.000</ele></trkpt>
      <trkpt lat="22.3917886309" lon="114.1386513419"><ele>402.000</ele></trkpt>
      <trkpt lat="22.3917843266" lon="114.1386575037"><ele>405.000</ele></trkpt>
      <trkpt lat="22.3917800856" lon="114.1386637150"><ele>405.000</ele></trkpt>
      <trkpt lat="22.3917759041" lon="114.1386699739"><ele>405.000</ele></trkpt>
      <trkpt lat="22.3917717841" lon="114.1386762794"><ele>405.000</ele></trkpt>
      <trkpt lat="22.3917677255" lon="114.1386826315"><ele>405.000</ele></trkpt>
      <trkpt lat="22.3917637301" lon="114.1386890282"><ele>405.000</ele></trkpt>
      <trkpt lat="22.3917597979" lon="114.1386954716"><ele>404.000</ele></trkpt>
      <trkpt lat="22.3917559298" lon="114.1387019576"><ele>404.000</ele></trkpt>
      <trkpt lat="22.3917521232" lon="114.1387084883"><ele>407.000</ele></trkpt>
      <trkpt lat="22.3917483834" lon="114.1387150617"><ele>407.000</ele></trkpt>
      <trkpt lat="22.3917447069" lon="114.1387216759"><ele>407.000</ele></trkpt>
      <trkpt lat="22.3917410944" lon="114.1387283338"><ele>407.000</ele></trkpt>
      <trkpt lat="22.3917375497" lon="114.1387350285"><ele>407.000</ele></trkpt>
      <trkpt lat="22.3917340682" lon="114.1387417669"><ele>407.000</ele></trkpt>
      <trkpt lat="22.3917306545" lon="114.1387485423"><ele>407.000</ele></trkpt>
      <trkpt lat="22.3917273058" lon="114.1387553564"><ele>410.000</ele></trkpt>
      <trkpt lat="22.3917240257" lon="114.1387622074"><ele>410.000</ele></trkpt>
      <trkpt lat="22.3917208125" lon="114.1387690953"><ele>410.000</ele></trkpt>
      <trkpt lat="22.3917176679" lon="114.1387760201"><ele>410.000</ele></trkpt>
      <trkpt lat="22.3917145901" lon="114.1387829798"><ele>408.000</ele></trkpt>
      <trkpt lat="22.3917101297" lon="114.1387934145"><ele>408.000</ele></trkpt>
      <trkpt lat="22.3917057350" lon="114.1387994967"><ele>408.000</ele></trkpt>
      <trkpt lat="22.3917020359" lon="114.1388060915"><ele>410.000</ele></trkpt>
      <trkpt lat="22.3916990846" lon="114.1388131094"><ele>410.000</ele></trkpt>
      <trkpt lat="22.3916969226" lon="114.1388204515"><ele>410.000</ele></trkpt>
      <trkpt lat="22.3916955788" lon="114.1388280167"><ele>410.000</ele></trkpt>
      <trkpt lat="22.3916950705" lon="114.1388362498"><ele>410.000</ele></trkpt>
      <trkpt lat="22.3916939859" lon="114.1388438684"><ele>410.000</ele></trkpt>
      <trkpt lat="22.3916933511" lon="114.1388515412"><ele>412.000</ele></trkpt>
      <trkpt lat="22.3916931678" lon="114.1388592440"><ele>412.000</ele></trkpt>
      <trkpt lat="22.3916934351" lon="114.1388669457"><ele>412.000</ele></trkpt>
      <trkpt lat="22.3916941539" lon="114.1388746104"><ele>412.000</ele></trkpt>
      <trkpt lat="22.3916953224" lon="114.1388822118"><ele>412.000</ele></trkpt>
      <trkpt lat="22.3916977831" lon="114.1388929981"><ele>412.000</ele></trkpt>
      <trkpt lat="22.3916985940" lon="114.1389006560"><ele>412.000</ele></trkpt>
      <trkpt lat="22.3916994609" lon="114.1389083070"><ele>412.000</ele></trkpt>
      <trkpt lat="22.3917003820" lon="114.1389159483"><ele>412.000</ele></trkpt>
      <trkpt lat="22.3917013591" lon="114.1389235828"><ele>412.000</ele></trkpt>
      <trkpt lat="22.3917023940" lon="114.1389312076"><ele>412.000</ele></trkpt>
      <trkpt lat="22.3917034830" lon="114.1389388246"><ele>412.000</ele></trkpt>
      <trkpt lat="22.3917046290" lon="114.1389464319"><ele>412.000</ele></trkpt>
      <trkpt lat="22.3917058273" lon="114.1389540294"><ele>414.000</ele></trkpt>
      <trkpt lat="22.3917070843" lon="114.1389616172"><ele>414.000</ele></trkpt>
      <trkpt lat="22.3917083955" lon="114.1389691934"><ele>414.000</ele></trkpt>
      <trkpt lat="22.3917097609" lon="114.1389767579"><ele>414.000</ele></trkpt>
      <trkpt lat="22.3917111823" lon="114.1389843126"><ele>414.000</ele></trkpt>
      <trkpt lat="22.3917126596" lon="114.1389918538"><ele>414.000</ele></trkpt>
      <trkpt lat="22.3917141911" lon="114.1389993813"><ele>414.000</ele></trkpt>
      <trkpt lat="22.3917157787" lon="114.1390068972"><ele>414.000</ele></trkpt>
      <trkpt lat="22.3917174213" lon="114.1390143975"><ele>414.000</ele></trkpt>
      <trkpt lat="22.3917191162" lon="114.1390218861"><ele>414.000</ele></trkpt>
      <trkpt lat="22.3917208681" lon="114.1390293592"><ele>414.000</ele></trkpt>
      <trkpt lat="22.3917226741" lon="114.1390368168"><ele>414.000</ele></trkpt>
      <trkpt lat="22.3917245334" lon="114.1390442588"><ele>414.000</ele></trkpt>
      <trkpt lat="22.3917269712" lon="114.1390536778"><ele>416.000</ele></trkpt>
      <trkpt lat="22.3917292720" lon="114.1390609759"><ele>416.000</ele></trkpt>
      <trkpt lat="22.3917315693" lon="114.1390682770"><ele>416.000</ele></trkpt>
      <trkpt lat="22.3917338611" lon="114.1390755780"><ele>416.000</ele></trkpt>
      <trkpt lat="22.3917361512" lon="114.1390828801"><ele>416.000</ele></trkpt>
      <trkpt lat="22.3917384376" lon="114.1390901841"><ele>416.000</ele></trkpt>
      <trkpt lat="22.3917407186" lon="114.1390974900"><ele>416.000</ele></trkpt>
      <trkpt lat="22.3917429978" lon="114.1391047959"><ele>416.000</ele></trkpt>
      <trkpt lat="22.3917452734" lon="114.1391121038"><ele>416.000</ele></trkpt>
      <trkpt lat="22.3917475436" lon="114.1391194136"><ele>416.000</ele></trkpt>
      <trkpt lat="22.3917498119" lon="114.1391267234"><ele>416.000</ele></trkpt>
      <trkpt lat="22.3917520749" lon="114.1391340352"><ele>416.000</ele></trkpt>
      <trkpt lat="22.3917543360" lon="114.1391413489"><ele>416.000</ele></trkpt>
      <trkpt lat="22.3917565917" lon="114.1391486626"><ele>416.000</ele></trkpt>
      <trkpt lat="22.3917588438" lon="114.1391559782"><ele>416.000</ele></trkpt>
      <trkpt lat="22.3917610941" lon="114.1391632958"><ele>416.000</ele></trkpt>
      <trkpt lat="22.3917634122" lon="114.1391708513"><ele>416.000</ele></trkpt>
      <trkpt lat="22.3917659704" lon="114.1391780494"><ele>416.000</ele></trkpt>
      <trkpt lat="22.3917683472" lon="114.1391853184"><ele>416.000</ele></trkpt>
      <trkpt lat="22.3917705433" lon="114.1391926534"><ele>416.000</ele></trkpt>
      <trkpt lat="22.3917725552" lon="114.1392000507"><ele>416.000</ele></trkpt>
      <trkpt lat="22.3917743793" lon="114.1392075034"><ele>416.000</ele></trkpt>
      <trkpt lat="22.3917760192" lon="114.1392150047"><ele>416.000</ele></trkpt>
      <trkpt lat="22.3917774694" lon="114.1392225527"><ele>416.000</ele></trkpt>
      <trkpt lat="22.3917787300" lon="114.1392301376"><ele>416.000</ele></trkpt>
      <trkpt lat="22.3917798010" lon="114.1392377575"><ele>416.000</ele></trkpt>
      <trkpt lat="22.3917806806" lon="114.1392454047"><ele>416.000</ele></trkpt>
      <trkpt lat="22.3917817293" lon="114.1392583161"><ele>416.000</ele></trkpt>
      <trkpt lat="22.3917816625" lon="114.1392660208"><ele>416.000</ele></trkpt>
      <trkpt lat="22.3917813121" lon="114.1392737178"><ele>416.000</ele></trkpt>
      <trkpt lat="22.3917806772" lon="114.1392813936"><ele>416.000</ele></trkpt>
      <trkpt lat="22.3917797569" lon="114.1392890363"><ele>416.000</ele></trkpt>
      <trkpt lat="22.3917785558" lon="114.1392966336"><ele>416.000</ele></trkpt>
      <trkpt lat="22.3917770748" lon="114.1393041726"><ele>416.000</ele></trkpt>
      <trkpt lat="22.3917753156" lon="114.1393116428"><ele>416.000</ele></trkpt>
      <trkpt lat="22.3917732818" lon="114.1393190314"><ele>416.000</ele></trkpt>
      <trkpt lat="22.3917709753" lon="114.1393263269"><ele>416.000</ele></trkpt>
      <trkpt lat="22.3917684024" lon="114.1393335196"><ele>416.000</ele></trkpt>
      <trkpt lat="22.3917655639" lon="114.1393405958"><ele>416.000</ele></trkpt>
      <trkpt lat="22.3917624663" lon="114.1393475438"><ele>416.000</ele></trkpt>
      <trkpt lat="22.3917591157" lon="114.1393543560"><ele>416.000</ele></trkpt>
      <trkpt lat="22.3917555141" lon="114.1393610187"><ele>416.000</ele></trkpt>
      <trkpt lat="22.3917516686" lon="114.1393675203"><ele>416.000</ele></trkpt>
      <trkpt lat="22.3917475865" lon="114.1393738549"><ele>416.000</ele></trkpt>
      <trkpt lat="22.3917432731" lon="114.1393800089"><ele>416.000</ele></trkpt>
      <trkpt lat="22.3917374700" lon="114.1393875539"><ele>416.000</ele></trkpt>
      <trkpt lat="22.3917339461" lon="114.1393942632"><ele>416.000</ele></trkpt>
      <trkpt lat="22.3917304040" lon="114.1394009628"><ele>416.000</ele></trkpt>
      <trkpt lat="22.3917268440" lon="114.1394076507"><ele>416.000</ele></trkpt>
      <trkpt lat="22.3917232685" lon="114.1394143290"><ele>416.000</ele></trkpt>
      <trkpt lat="22.3917196732" lon="114.1394209975"><ele>416.000</ele></trkpt>
      <trkpt lat="22.3917160616" lon="114.1394276524"><ele>414.000</ele></trkpt>
      <trkpt lat="22.3917124320" lon="114.1394342976"><ele>414.000</ele></trkpt>
      <trkpt lat="22.3917087870" lon="114.1394409331"><ele>414.000</ele></trkpt>
      <trkpt lat="22.3917051240" lon="114.1394475570"><ele>414.000</ele></trkpt>
      <trkpt lat="22.3917014429" lon="114.1394541702"><ele>414.000</ele></trkpt>
      <trkpt lat="22.3916977455" lon="114.1394607698"><ele>414.000</ele></trkpt>
      <trkpt lat="22.3916940301" lon="114.1394673607"><ele>414.000</ele></trkpt>
      <trkpt lat="22.3916902993" lon="114.1394739399"><ele>414.000</ele></trkpt>
      <trkpt lat="22.3916865504" lon="114.1394805074"><ele>414.000</ele></trkpt>
      <trkpt lat="22.3916827853" lon="114.1394870653"><ele>414.000</ele></trkpt>
      <trkpt lat="22.3916790003" lon="114.1394936096"><ele>414.000</ele></trkpt>
      <trkpt lat="22.3916752000" lon="114.1395001441"><ele>414.000</ele></trkpt>
      <trkpt lat="22.3916713843" lon="114.1395066651"><ele>414.000</ele></trkpt>
      <trkpt lat="22.3916675487" lon="114.1395131763"><ele>414.000</ele></trkpt>
      <trkpt lat="22.3916636978" lon="114.1395196760"><ele>414.000</ele></trkpt>
      <trkpt lat="22.3916598306" lon="114.1395261649"><ele>414.000</ele></trkpt>
      <trkpt lat="22.3916559454" lon="114.1395326402"><ele>414.000</ele></trkpt>
      <trkpt lat="22.3916520439" lon="114.1395391049"><ele>414.000</ele></trkpt>
      <trkpt lat="22.3916481261" lon="114.1395455579"><ele>414.000</ele></trkpt>
      <trkpt lat="22.3916441921" lon="114.1395519973"><ele>414.000</ele></trkpt>
      <trkpt lat="22.3916402400" lon="114.1395584271"><ele>414.000</ele></trkpt>
      <trkpt lat="22.3916362717" lon="114.1395648432"><ele>414.000</ele></trkpt>
      <trkpt lat="22.3916322871" lon="114.1395712496"><ele>414.000</ele></trkpt>
      <trkpt lat="22.3916282845" lon="114.1395776424"><ele>414.000</ele></trkpt>
      <trkpt lat="22.3916239397" lon="114.1395845403"><ele>414.000</ele></trkpt>
      <trkpt lat="22.3916197329" lon="114.1395907798"><ele>414.000</ele></trkpt>
      <trkpt lat="22.3916154981" lon="114.1395969979"><ele>414.000</ele></trkpt>
      <trkpt lat="22.3916112371" lon="114.1396031946"><ele>414.000</ele></trkpt>
      <trkpt lat="22.3916069509" lon="114.1396093700"><ele>414.000</ele></trkpt>
      <trkpt lat="22.3916026366" lon="114.1396155220"><ele>414.000</ele></trkpt>
      <trkpt lat="22.3915982952" lon="114.1396216557"><ele>414.000</ele></trkpt>
      <trkpt lat="22.3915939286" lon="114.1396277641"><ele>414.000</ele></trkpt>
      <trkpt lat="22.3915895348" lon="114.1396338530"><ele>414.000</ele></trkpt>
      <trkpt lat="22.3915851131" lon="114.1396399187"><ele>414.000</ele></trkpt>
      <trkpt lat="22.3915806678" lon="114.1396459621"><ele>412.000</ele></trkpt>
      <trkpt lat="22.3915761955" lon="114.1396519841"><ele>412.000</ele></trkpt>
      <trkpt lat="22.3915716961" lon="114.1396579827"><ele>412.000</ele></trkpt>
      <trkpt lat="22.3915671714" lon="114.1396639581"><ele>412.000</ele></trkpt>
      <trkpt lat="22.3915626214" lon="114.1396699122"><ele>412.000</ele></trkpt>
      <trkpt lat="22.3915580442" lon="114.1396758429"><ele>412.000</ele></trkpt>
      <trkpt lat="22.3915534437" lon="114.1396817503"><ele>412.000</ele></trkpt>
      <trkpt lat="22.3915488160" lon="114.1396876345"><ele>412.000</ele></trkpt>
      <trkpt lat="22.3915441630" lon="114.1396934972"><ele>412.000</ele></trkpt>
      <trkpt lat="22.3915394847" lon="114.1396993348"><ele>412.000</ele></trkpt>
      <trkpt lat="22.3915347812" lon="114.1397051490"><ele>410.000</ele></trkpt>
      <trkpt lat="22.3915300523" lon="114.1397109399"><ele>410.000</ele></trkpt>
      <trkpt lat="22.3915228046" lon="114.1397197089"><ele>410.000</ele></trkpt>
      <trkpt lat="22.3915179032" lon="114.1397253309"><ele>411.000</ele></trkpt>
      <trkpt lat="22.3915130696" lon="114.1397310209"><ele>411.000</ele></trkpt>
      <trkpt lat="22.3915083055" lon="114.1397367798"><ele>411.000</ele></trkpt>
      <trkpt lat="22.3915036146" lon="114.1397426047"><ele>411.000</ele></trkpt>
      <trkpt lat="22.3914989923" lon="114.1397484946"><ele>411.000</ele></trkpt>
      <trkpt lat="22.3914944441" lon="114.1397544516"><ele>411.000</ele></trkpt>
      <trkpt lat="22.3914899709" lon="114.1397604687"><ele>410.000</ele></trkpt>
      <trkpt lat="22.3914855681" lon="114.1397665509"><ele>410.000</ele></trkpt>
      <trkpt lat="22.3914812421" lon="114.1397726952"><ele>410.000</ele></trkpt>
      <trkpt lat="22.3914769919" lon="114.1397788997"><ele>410.000</ele></trkpt>
      <trkpt lat="22.3914728177" lon="114.1397851644"><ele>410.000</ele></trkpt>
      <trkpt lat="22.3914687193" lon="114.1397914853"><ele>410.000</ele></trkpt>
      <trkpt lat="22.3914647003" lon="114.1397978665"><ele>410.000</ele></trkpt>
      <trkpt lat="22.3914596379" lon="114.1398061649"><ele>410.000</ele></trkpt>
      <trkpt lat="22.3914563072" lon="114.1398129887"><ele>410.000</ele></trkpt>
      <trkpt lat="22.3914531518" lon="114.1398199076"><ele>410.000</ele></trkpt>
      <trkpt lat="22.3914501751" lon="114.1398269178"><ele>410.000</ele></trkpt>
      <trkpt lat="22.3914473773" lon="114.1398340114"><ele>410.000</ele></trkpt>
      <trkpt lat="22.3914447637" lon="114.1398411865"><ele>408.000</ele></trkpt>
      <trkpt lat="22.3914423334" lon="114.1398484354"><ele>408.000</ele></trkpt>
      <trkpt lat="22.3914400874" lon="114.1398557542"><ele>408.000</ele></trkpt>
      <trkpt lat="22.3914380301" lon="114.1398631370"><ele>408.000</ele></trkpt>
      <trkpt lat="22.3914361625" lon="114.1398705771"><ele>408.000</ele></trkpt>
      <trkpt lat="22.3914344845" lon="114.1398780676"><ele>408.000</ele></trkpt>
      <trkpt lat="22.3914329998" lon="114.1398856076"><ele>408.000</ele></trkpt>
      <trkpt lat="22.3914317075" lon="114.1398931863"><ele>408.000</ele></trkpt>
      <trkpt lat="22.3914306084" lon="114.1399008020"><ele>408.000</ele></trkpt>
      <trkpt lat="22.3914297053" lon="114.1399084467"><ele>408.000</ele></trkpt>
      <trkpt lat="22.3914285904" lon="114.1399219569"><ele>408.000</ele></trkpt>
      <trkpt lat="22.3914267011" lon="114.1399293901"><ele>408.000</ele></trkpt>
      <trkpt lat="22.3914250195" lon="114.1399368816"><ele>408.000</ele></trkpt>
      <trkpt lat="22.3914235457" lon="114.1399444235"><ele>408.000</ele></trkpt>
      <trkpt lat="22.3914222813" lon="114.1399520081"><ele>408.000</ele></trkpt>
      <trkpt lat="22.3914212283" lon="114.1399596295"><ele>408.000</ele></trkpt>
      <trkpt lat="22.3914203866" lon="114.1399672839"><ele>408.000</ele></trkpt>
      <trkpt lat="22.3914193911" lon="114.1399815244"><ele>408.000</ele></trkpt>
      <trkpt lat="22.3914199383" lon="114.1399892056"><ele>408.000</ele></trkpt>
      <trkpt lat="22.3914197739" lon="114.1399969064"><ele>408.000</ele></trkpt>
      <trkpt lat="22.3914188960" lon="114.1400045531"><ele>408.000</ele></trkpt>
      <trkpt lat="22.3914173156" lon="114.1400120659"><ele>408.000</ele></trkpt>
      <trkpt lat="22.3914150470" lon="114.1400193730"><ele>406.000</ele></trkpt>
      <trkpt lat="22.3914121155" lon="114.1400264006"><ele>406.000</ele></trkpt>
      <trkpt lat="22.3914062570" lon="114.1400366841"><ele>406.000</ele></trkpt>
      <trkpt lat="22.3914033472" lon="114.1400437273"><ele>406.000</ele></trkpt>
      <trkpt lat="22.3914004111" lon="114.1400507568"><ele>405.000</ele></trkpt>
      <trkpt lat="22.3913974480" lon="114.1400577757"><ele>405.000</ele></trkpt>
      <trkpt lat="22.3913944587" lon="114.1400647791"><ele>405.000</ele></trkpt>
      <trkpt lat="22.3913914441" lon="114.1400717698"><ele>404.000</ele></trkpt>
      <trkpt lat="22.3913884051" lon="114.1400787489"><ele>404.000</ele></trkpt>
      <trkpt lat="22.3913853372" lon="114.1400857144"><ele>404.000</ele></trkpt>
      <trkpt lat="22.3913822468" lon="114.1400926663"><ele>404.000</ele></trkpt>
      <trkpt lat="22.3913791292" lon="114.1400996046"><ele>404.000</ele></trkpt>
      <trkpt lat="22.3913759845" lon="114.1401065313"><ele>404.000</ele></trkpt>
      <trkpt lat="22.3913728164" lon="114.1401134425"><ele>404.000</ele></trkpt>
      <trkpt lat="22.3913696212" lon="114.1401203429"><ele>404.000</ele></trkpt>
      <trkpt lat="22.3913664006" lon="114.1401272259"><ele>404.000</ele></trkpt>
      <trkpt lat="22.3913624616" lon="114.1401355570"><ele>404.000</ele></trkpt>
      <trkpt lat="22.3913592713" lon="114.1401362920"><ele>404.000</ele></trkpt>
      <trkpt lat="22.3913522486" lon="114.1401378301"><ele>402.000</ele></trkpt>
      <trkpt lat="22.3913452142" lon="114.1401393022"><ele>402.000</ele></trkpt>
      <trkpt lat="22.3913381671" lon="114.1401407063"><ele>402.000</ele></trkpt>
      <trkpt lat="22.3913311091" lon="114.1401420425"><ele>402.000</ele></trkpt>
      <trkpt lat="22.3913240422" lon="114.1401433106"><ele>402.000</ele></trkpt>
      <trkpt lat="22.3913169625" lon="114.1401445108"><ele>402.000</ele></trkpt>
      <trkpt lat="22.3913081436" lon="114.1401459096"><ele>402.000</ele></trkpt>
      <trkpt lat="22.3913010549" lon="114.1401470418"><ele>402.000</ele></trkpt>
      <trkpt lat="22.3912939554" lon="114.1401480963"><ele>402.000</ele></trkpt>
      <trkpt lat="22.3912868468" lon="114.1401490731"><ele>402.000</ele></trkpt>
      <trkpt lat="22.3912797291" lon="114.1401499723"><ele>402.000</ele></trkpt>
      <trkpt lat="22.3912726042" lon="114.1401507957"><ele>402.000</ele></trkpt>
      <trkpt lat="22.3912654721" lon="114.1401515395"><ele>400.000</ele></trkpt>
      <trkpt lat="22.3912583309" lon="114.1401522066"><ele>400.000</ele></trkpt>
      <trkpt lat="22.3912511861" lon="114.1401527940"><ele>400.000</ele></trkpt>
      <trkpt lat="22.3912440359" lon="114.1401533047"><ele>400.000</ele></trkpt>
      <trkpt lat="22.3912368802" lon="114.1401537378"><ele>400.000</ele></trkpt>
      <trkpt lat="22.3912297209" lon="114.1401540912"><ele>400.000</ele></trkpt>
      <trkpt lat="22.3912225598" lon="114.1401543669"><ele>400.000</ele></trkpt>
      <trkpt lat="22.3912153950" lon="114.1401545650"><ele>400.000</ele></trkpt>
      <trkpt lat="22.3912082302" lon="114.1401546853"><ele>400.000</ele></trkpt>
      <trkpt lat="22.3912010636" lon="114.1401547280"><ele>400.000</ele></trkpt>
      <trkpt lat="22.3911938970" lon="114.1401546910"><ele>400.000</ele></trkpt>
      <trkpt lat="22.3911867321" lon="114.1401545764"><ele>400.000</ele></trkpt>
      <trkpt lat="22.3911795673" lon="114.1401543840"><ele>400.000</ele></trkpt>
      <trkpt lat="22.3911724060" lon="114.1401541140"><ele>398.000</ele></trkpt>
      <trkpt lat="22.3911652466" lon="114.1401537643"><ele>398.000</ele></trkpt>
      <trkpt lat="22.3911580907" lon="114.1401533370"><ele>398.000</ele></trkpt>
      <trkpt lat="22.3911509402" lon="114.1401528320"><ele>398.000</ele></trkpt>
      <trkpt lat="22.3911437933" lon="114.1401522492"><ele>398.000</ele></trkpt>
      <trkpt lat="22.3911366537" lon="114.1401515888"><ele>398.000</ele></trkpt>
      <trkpt lat="22.3911295212" lon="114.1401508488"><ele>398.000</ele></trkpt>
      <trkpt lat="22.3911223941" lon="114.1401500330"><ele>398.000</ele></trkpt>
      <trkpt lat="22.3911149185" lon="114.1401490910"><ele>398.000</ele></trkpt>
      <trkpt lat="22.3911078274" lon="114.1401479742"><ele>398.000</ele></trkpt>
      <trkpt lat="22.3911007274" lon="114.1401469292"><ele>398.000</ele></trkpt>
      <trkpt lat="22.3910936184" lon="114.1401459542"><ele>398.000</ele></trkpt>
      <trkpt lat="22.3910865003" lon="114.1401450510"><ele>398.000</ele></trkpt>
      <trkpt lat="22.3910793769" lon="114.1401442177"><ele>398.000</ele></trkpt>
      <trkpt lat="22.3910722444" lon="114.1401434563"><ele>398.000</ele></trkpt>
      <trkpt lat="22.3910651083" lon="114.1401427668"><ele>398.000</ele></trkpt>
      <trkpt lat="22.3910579650" lon="114.1401421481"><ele>398.000</ele></trkpt>
      <trkpt lat="22.3910508164" lon="114.1401415994"><ele>398.000</ele></trkpt>
      <trkpt lat="22.3910436641" lon="114.1401411235"><ele>398.000</ele></trkpt>
      <trkpt lat="22.3910365064" lon="114.1401407194"><ele>397.000</ele></trkpt>
      <trkpt lat="22.3910293469" lon="114.1401403853"><ele>397.000</ele></trkpt>
      <trkpt lat="22.3910221839" lon="114.1401401230"><ele>397.000</ele></trkpt>
      <trkpt lat="22.3910150208" lon="114.1401399327"><ele>397.000</ele></trkpt>
      <trkpt lat="22.3910078542" lon="114.1401398141"><ele>397.000</ele></trkpt>
      <trkpt lat="22.3910006894" lon="114.1401397674"><ele>397.000</ele></trkpt>
      <trkpt lat="22.3909918304" lon="114.1401398086"><ele>396.000</ele></trkpt>
      <trkpt lat="22.3909847214" lon="114.1401388394"><ele>396.000</ele></trkpt>
      <trkpt lat="22.3909775835" lon="114.1401381557"><ele>396.000</ele></trkpt>
      <trkpt lat="22.3909704277" lon="114.1401377594"><ele>396.000</ele></trkpt>
      <trkpt lat="22.3909632628" lon="114.1401376477"><ele>396.000</ele></trkpt>
      <trkpt lat="22.3909560981" lon="114.1401378214"><ele>396.000</ele></trkpt>
      <trkpt lat="22.3909489442" lon="114.1401382836"><ele>396.000</ele></trkpt>
      <trkpt lat="22.3909418130" lon="114.1401390293"><ele>396.000</ele></trkpt>
      <trkpt lat="22.3909347107" lon="114.1401400615"><ele>396.000</ele></trkpt>
      <trkpt lat="22.3909276491" lon="114.1401413753"><ele>396.000</ele></trkpt>
      <trkpt lat="22.3909206382" lon="114.1401429717"><ele>396.000</ele></trkpt>
      <trkpt lat="22.3909136888" lon="114.1401448458"><ele>396.000</ele></trkpt>
      <trkpt lat="22.3909068062" lon="114.1401469976"><ele>396.000</ele></trkpt>
      <trkpt lat="22.3909000049" lon="114.1401494213"><ele>394.000</ele></trkpt>
      <trkpt lat="22.3908932905" lon="114.1401521168"><ele>394.000</ele></trkpt>
      <trkpt lat="22.3908811096" lon="114.1401578145"><ele>394.000</ele></trkpt>
      <trkpt lat="22.3908743264" lon="114.1401603003"><ele>394.000</ele></trkpt>
      <trkpt lat="22.3908675577" lon="114.1401628347"><ele>394.000</ele></trkpt>
      <trkpt lat="22.3908608053" lon="114.1401654138"><ele>394.000</ele></trkpt>
      <trkpt lat="22.3908540673" lon="114.1401680394"><ele>394.000</ele></trkpt>
      <trkpt lat="22.3908473456" lon="114.1401707117"><ele>394.000</ele></trkpt>
      <trkpt lat="22.3908406402" lon="114.1401734306"><ele>394.000</ele></trkpt>
      <trkpt lat="22.3908339510" lon="114.1401761951"><ele>394.000</ele></trkpt>
      <trkpt lat="22.3908272781" lon="114.1401790043"><ele>394.000</ele></trkpt>
      <trkpt lat="22.3908206214" lon="114.1401818610"><ele>394.000</ele></trkpt>
      <trkpt lat="22.3908139829" lon="114.1401847624"><ele>392.000</ele></trkpt>
      <trkpt lat="22.3908073606" lon="114.1401877095"><ele>392.000</ele></trkpt>
      <trkpt lat="22.3908007563" lon="114.1401907012"><ele>392.000</ele></trkpt>
      <trkpt lat="22.3907941702" lon="114.1401937386"><ele>392.000</ele></trkpt>
      <trkpt lat="22.3907876021" lon="114.1401968206"><ele>392.000</ele></trkpt>
      <trkpt lat="22.3907810520" lon="114.1401999492"><ele>392.000</ele></trkpt>
      <trkpt lat="22.3907745219" lon="114.1402031225"><ele>392.000</ele></trkpt>
      <trkpt lat="22.3907680098" lon="114.1402063385"><ele>392.000</ele></trkpt>
      <trkpt lat="22.3907615158" lon="114.1402096012"><ele>392.000</ele></trkpt>
      <trkpt lat="22.3907550435" lon="114.1402129084"><ele>392.000</ele></trkpt>
      <trkpt lat="22.3907485892" lon="114.1402162585"><ele>392.000</ele></trkpt>
      <trkpt lat="22.3907421566" lon="114.1402196531"><ele>392.000</ele></trkpt>
      <trkpt lat="22.3907357422" lon="114.1402230925"><ele>392.000</ele></trkpt>
      <trkpt lat="22.3907293511" lon="114.1402265765"><ele>392.000</ele></trkpt>
      <trkpt lat="22.3907229782" lon="114.1402301042"><ele>391.000</ele></trkpt>
      <trkpt lat="22.3907155073" lon="114.1402343100"><ele>391.000</ele></trkpt>
      <trkpt lat="22.3907089699" lon="114.1402374687"><ele>391.000</ele></trkpt>
      <trkpt lat="22.3907023856" lon="114.1402405109"><ele>391.000</ele></trkpt>
      <trkpt lat="22.3906957578" lon="114.1402434376"><ele>391.000</ele></trkpt>
      <trkpt lat="22.3906890849" lon="114.1402462477"><ele>391.000</ele></trkpt>
      <trkpt lat="22.3906823704" lon="114.1402489413"><ele>391.000</ele></trkpt>
      <trkpt lat="22.3906756162" lon="114.1402515175"><ele>390.000</ele></trkpt>
      <trkpt lat="22.3906688240" lon="114.1402539751"><ele>390.000</ele></trkpt>
      <trkpt lat="22.3906619938" lon="114.1402563114"><ele>390.000</ele></trkpt>
      <trkpt lat="22.3906551312" lon="114.1402585292"><ele>390.000</ele></trkpt>
      <trkpt lat="22.3906482359" lon="114.1402606267"><ele>389.000</ele></trkpt>
      <trkpt lat="22.3906413082" lon="114.1402626037"><ele>389.000</ele></trkpt>
      <trkpt lat="22.3906343533" lon="114.1402644583"><ele>389.000</ele></trkpt>
      <trkpt lat="22.3906273695" lon="114.1402661906"><ele>386.000</ele></trkpt>
      <trkpt lat="22.3906203622" lon="114.1402678035"><ele>386.000</ele></trkpt>
      <trkpt lat="22.3906133313" lon="114.1402692901"><ele>386.000</ele></trkpt>
      <trkpt lat="22.3906062779" lon="114.1402706535"><ele>386.000</ele></trkpt>
      <trkpt lat="22.3905992055" lon="114.1402718944"><ele>386.000</ele></trkpt>
      <trkpt lat="22.3905921141" lon="114.1402730111"><ele>386.000</ele></trkpt>
      <trkpt lat="22.3905850073" lon="114.1402740034"><ele>385.000</ele></trkpt>
      <trkpt lat="22.3905778860" lon="114.1402748715"><ele>385.000</ele></trkpt>
      <trkpt lat="22.3905707521" lon="114.1402756134"><ele>385.000</ele></trkpt>
      <trkpt lat="22.3905572282" lon="114.1402766773"><ele>385.000</ele></trkpt>
      <trkpt lat="22.3905500616" lon="114.1402767705"><ele>385.000</ele></trkpt>
      <trkpt lat="22.3905429023" lon="114.1402770967"><ele>382.000</ele></trkpt>
      <trkpt lat="22.3905357557" lon="114.1402776579"><ele>382.000</ele></trkpt>
      <trkpt lat="22.3905286272" lon="114.1402784522"><ele>382.000</ele></trkpt>
      <trkpt lat="22.3905215240" lon="114.1402794776"><ele>382.000</ele></trkpt>
      <trkpt lat="22.3905144552" lon="114.1402807360"><ele>382.000</ele></trkpt>
      <trkpt lat="22.3905134303" lon="114.1402809538"><ele>382.000</ele></trkpt>
      <trkpt lat="22.3904504269" lon="114.1402959415"><ele>380.000</ele></trkpt>
      <trkpt lat="22.3904288904" lon="114.1403015008"><ele>380.000</ele></trkpt>
      <trkpt lat="22.3904068840" lon="114.1403060804"><ele>380.000</ele></trkpt>
      <trkpt lat="22.3903795852" lon="114.1403077199"><ele>380.000</ele></trkpt>
      <trkpt lat="22.3903493061" lon="114.1403086300"><ele>380.000</ele></trkpt>
      <trkpt lat="22.3903284372" lon="114.1403117235"><ele>380.000</ele></trkpt>
      <trkpt lat="22.3903143776" lon="114.1403155940"><ele>378.000</ele></trkpt>
      <trkpt lat="22.3903091953" lon="114.1403170209"><ele>378.000</ele></trkpt>
      <trkpt lat="22.3902871976" lon="114.1403238243"><ele>378.000</ele></trkpt>
      <trkpt lat="22.3902562617" lon="114.1403316690"><ele>378.000</ele></trkpt>
      <trkpt lat="22.3902250889" lon="114.1403380281"><ele>378.000</ele></trkpt>
      <trkpt lat="22.3901833512" lon="114.1403439529"><ele>378.000</ele></trkpt>
      <trkpt lat="22.3901549148" lon="114.1403468347"><ele>378.000</ele></trkpt>
      <trkpt lat="22.3901251060" lon="114.1403507172"><ele>378.000</ele></trkpt>
      <trkpt lat="22.3900998938" lon="114.1403553170"><ele>378.000</ele></trkpt>
      <trkpt lat="22.3900790448" lon="114.1403621103"><ele>376.000</ele></trkpt>
      <trkpt lat="22.3900300114" lon="114.1403762330"><ele>376.000</ele></trkpt>
      <trkpt lat="22.3900050248" lon="114.1403800850"><ele>376.000</ele></trkpt>
      <trkpt lat="22.3899582390" lon="114.1403857975"><ele>376.000</ele></trkpt>
      <trkpt lat="22.3899018749" lon="114.1404012038"><ele>376.000</ele></trkpt>
      <trkpt lat="22.3898746038" lon="114.1404097672"><ele>376.000</ele></trkpt>
      <trkpt lat="22.3898205135" lon="114.1404209584"><ele>375.000</ele></trkpt>
      <trkpt lat="22.3897893227" lon="114.1404238497"><ele>375.000</ele></trkpt>
      <trkpt lat="22.3897572011" lon="114.1404232948"><ele>374.000</ele></trkpt>
      <trkpt lat="22.3897266682" lon="114.1404200108"><ele>374.000</ele></trkpt>
      <trkpt lat="22.3896949791" lon="114.1404154938"><ele>374.000</ele></trkpt>
      <trkpt lat="22.3896655930" lon="114.1404121998"><ele>374.000</ele></trkpt>
      <trkpt lat="22.3895822475" lon="114.1403990730"><ele>374.000</ele></trkpt>
      <trkpt lat="22.3895576936" lon="114.1403994581"><ele>374.000</ele></trkpt>
      <trkpt lat="22.3895274237" lon="114.1404013606"><ele>374.000</ele></trkpt>
      <trkpt lat="22.3895049576" lon="114.1404054537"><ele>374.000</ele></trkpt>
      <trkpt lat="22.3894749321" lon="114.1404135313"><ele>374.000</ele></trkpt>
      <trkpt lat="22.3894444654" lon="114.1404238424"><ele>372.000</ele></trkpt>
      <trkpt lat="22.3894146945" lon="114.1404356391"><ele>372.000</ele></trkpt>
      <trkpt lat="22.3893815115" lon="114.1404541274"><ele>372.000</ele></trkpt>
      <trkpt lat="22.3893458186" lon="114.1404751023"><ele>372.000</ele></trkpt>
      <trkpt lat="22.3892521152" lon="114.1405028413"><ele>370.000</ele></trkpt>
      <trkpt lat="22.3892081310" lon="114.1405184192"><ele>370.000</ele></trkpt>
      <trkpt lat="22.3891827124" lon="114.1405284570"><ele>370.000</ele></trkpt>
      <trkpt lat="22.3891531765" lon="114.1405417296"><ele>370.000</ele></trkpt>
      <trkpt lat="22.3890744301" lon="114.1405805156"><ele>368.000</ele></trkpt>
      <trkpt lat="22.3890032230" lon="114.1406103461"><ele>364.000</ele></trkpt>
      <trkpt lat="22.3889846754" lon="114.1406191101"><ele>364.000</ele></trkpt>
      <trkpt lat="22.3889613345" lon="114.1406320994"><ele>364.000</ele></trkpt>
      <trkpt lat="22.3889357188" lon="114.1406497991"><ele>362.000</ele></trkpt>
      <trkpt lat="22.3889162885" lon="114.1406645063"><ele>362.000</ele></trkpt>
      <trkpt lat="22.3888856343" lon="114.1406842174"><ele>362.000</ele></trkpt>
      <trkpt lat="22.3888698518" lon="114.1406932039"><ele>362.000</ele></trkpt>
      <trkpt lat="22.3888460399" lon="114.1407039793"><ele>360.000</ele></trkpt>
      <trkpt lat="22.3888240336" lon="114.1407088016"><ele>360.000</ele></trkpt>
      <trkpt lat="22.3888029579" lon="114.1407158473"><ele>360.000</ele></trkpt>
      <trkpt lat="22.3887782349" lon="114.1407271085"><ele>359.000</ele></trkpt>
      <trkpt lat="22.3887564828" lon="114.1407378736"><ele>359.000</ele></trkpt>
      <trkpt lat="22.3887393083" lon="114.1407446465"><ele>359.000</ele></trkpt>
      <trkpt lat="22.3887175746" lon="114.1407571304"><ele>358.000</ele></trkpt>
      <trkpt lat="22.3887054672" lon="114.1407685728"><ele>358.000</ele></trkpt>
      <trkpt lat="22.3886942810" lon="114.1407802675"><ele>358.000</ele></trkpt>
      <trkpt lat="22.3886816941" lon="114.1407877587"><ele>358.000</ele></trkpt>
      <trkpt lat="22.3886720974" lon="114.1407957230"><ele>357.000</ele></trkpt>
      <trkpt lat="22.3886613710" lon="114.1408081468"><ele>357.000</ele></trkpt>
      <trkpt lat="22.3886522719" lon="114.1408247643"><ele>357.000</ele></trkpt>
      <trkpt lat="22.3886430039" lon="114.1408532571"><ele>356.000</ele></trkpt>
      <trkpt lat="22.3886371581" lon="114.1408797496"><ele>356.000</ele></trkpt>
      <trkpt lat="22.3886338602" lon="114.1409086982"><ele>356.000</ele></trkpt>
      <trkpt lat="22.3886334744" lon="114.1409240316"><ele>356.000</ele></trkpt>
      <trkpt lat="22.3886300721" lon="114.1409339472"><ele>356.000</ele></trkpt>
      <trkpt lat="22.3886191492" lon="114.1409520605"><ele>356.000</ele></trkpt>
      <trkpt lat="22.3886160016" lon="114.1409661711"><ele>356.000</ele></trkpt>
      <trkpt lat="22.3886163020" lon="114.1409812518"><ele>356.000</ele></trkpt>
      <trkpt lat="22.3886205804" lon="114.1410123834"><ele>355.000</ele></trkpt>
      <trkpt lat="22.3886239375" lon="114.1410430297"><ele>354.000</ele></trkpt>
      <trkpt lat="22.3886247656" lon="114.1410717151"><ele>354.000</ele></trkpt>
      <trkpt lat="22.3886207238" lon="114.1410892926"><ele>354.000</ele></trkpt>
      <trkpt lat="22.3886166920" lon="114.1411110749"><ele>354.000</ele></trkpt>
      <trkpt lat="22.3886142578" lon="114.1411296328"><ele>354.000</ele></trkpt>
      <trkpt lat="22.3886139020" lon="114.1411501614"><ele>354.000</ele></trkpt>
      <trkpt lat="22.3886128113" lon="114.1411632713"><ele>354.000</ele></trkpt>
      <trkpt lat="22.3886071246" lon="114.1411744304"><ele>354.000</ele></trkpt>
      <trkpt lat="22.3885977713" lon="114.1411848718"><ele>353.000</ele></trkpt>
      <trkpt lat="22.3885875262" lon="114.1412017517"><ele>353.000</ele></trkpt>
      <trkpt lat="22.3885823095" lon="114.1412148830"><ele>353.000</ele></trkpt>
      <trkpt lat="22.3885753246" lon="114.1412403940"><ele>352.000</ele></trkpt>
      <trkpt lat="22.3885662731" lon="114.1412683827"><ele>352.000</ele></trkpt>
      <trkpt lat="22.3885581522" lon="114.1412978579"><ele>352.000</ele></trkpt>
      <trkpt lat="22.3885504725" lon="114.1413218930"><ele>351.000</ele></trkpt>
      <trkpt lat="22.3885386757" lon="114.1413499018"><ele>350.000</ele></trkpt>
      <trkpt lat="22.3885264092" lon="114.1413769202"><ele>350.000</ele></trkpt>
      <trkpt lat="22.3885095455" lon="114.1414010072"><ele>350.000</ele></trkpt>
      <trkpt lat="22.3884960940" lon="114.1414191318"><ele>350.000</ele></trkpt>
      <trkpt lat="22.3884762221" lon="114.1414387807"><ele>349.000</ele></trkpt>
      <trkpt lat="22.3884542817" lon="114.1414559743"><ele>350.000</ele></trkpt>
      <trkpt lat="22.3884277445" lon="114.1414719455"><ele>350.000</ele></trkpt>
      <trkpt lat="22.3884050896" lon="114.1414841965"><ele>348.000</ele></trkpt>
      <trkpt lat="22.3883817297" lon="114.1414934761"><ele>348.000</ele></trkpt>
      <trkpt lat="22.3883560572" lon="114.1414993091"><ele>348.000</ele></trkpt>
      <trkpt lat="22.3883024182" lon="114.1415097520"><ele>348.000</ele></trkpt>
      <trkpt lat="22.3882751571" lon="114.1415188190"><ele>348.000</ele></trkpt>
      <trkpt lat="22.3882499649" lon="114.1415281088"><ele>348.000</ele></trkpt>
      <trkpt lat="22.3882298098" lon="114.1415371254"><ele>346.000</ele></trkpt>
      <trkpt lat="22.3881776188" lon="114.1415619010"><ele>346.000</ele></trkpt>
      <trkpt lat="22.3881549648" lon="114.1415741519"><ele>346.000</ele></trkpt>
      <trkpt lat="22.3881311246" lon="114.1415797222"><ele>346.000</ele></trkpt>
      <trkpt lat="22.3881015411" lon="114.1415821185"><ele>344.000</ele></trkpt>
      <trkpt lat="22.3880749380" lon="114.1415854861"><ele>344.000</ele></trkpt>
      <trkpt lat="22.3880474323" lon="114.1415915807"><ele>344.000</ele></trkpt>
      <trkpt lat="22.3880238371" lon="114.1415986366"><ele>344.000</ele></trkpt>
      <trkpt lat="22.3879940660" lon="114.1416101804"><ele>344.000</ele></trkpt>
      <trkpt lat="22.3879700293" lon="114.1416216937"><ele>344.000</ele></trkpt>
      <trkpt lat="22.3879457671" lon="114.1416346927"><ele>344.000</ele></trkpt>
      <trkpt lat="22.3879178385" lon="114.1416474596"><ele>344.000</ele></trkpt>
      <trkpt lat="22.3878708650" lon="114.1416620666"><ele>344.000</ele></trkpt>
      <trkpt lat="22.3878408588" lon="114.1416723772"><ele>344.000</ele></trkpt>
      <trkpt lat="22.3878177339" lon="114.1416826473"><ele>342.000</ele></trkpt>
      <trkpt lat="22.3877914130" lon="114.1416969005"><ele>342.000</ele></trkpt>
      <trkpt lat="22.3877708262" lon="114.1417098685"><ele>341.000</ele></trkpt>
      <trkpt lat="22.3877491114" lon="114.1417260714"><ele>340.000</ele></trkpt>
      <trkpt lat="22.3877264851" lon="114.1417454887"><ele>340.000</ele></trkpt>
      <trkpt lat="22.3877057200" lon="114.1417691006"><ele>338.000</ele></trkpt>
      <trkpt lat="22.3876982096" lon="114.1417827364"><ele>338.000</ele></trkpt>
      <trkpt lat="22.3876866667" lon="114.1418154449"><ele>337.000</ele></trkpt>
      <trkpt lat="22.3876770042" lon="114.1418580384"><ele>337.000</ele></trkpt>
      <trkpt lat="22.3876704625" lon="114.1418830451"><ele>336.000</ele></trkpt>
      <trkpt lat="22.3876625665" lon="114.1419095476"><ele>336.000</ele></trkpt>
      <trkpt lat="22.3876511372" lon="114.1419669902"><ele>334.000</ele></trkpt>
      <trkpt lat="22.3876478010" lon="114.1419907424"><ele>334.000</ele></trkpt>
      <trkpt lat="22.3876394636" lon="114.1420221984"><ele>334.000</ele></trkpt>
      <trkpt lat="22.3876312413" lon="114.1420428929"><ele>334.000</ele></trkpt>
      <trkpt lat="22.3876260960" lon="114.1420529059"><ele>334.000</ele></trkpt>
      <trkpt lat="22.3876200214" lon="114.1420665413"><ele>333.000</ele></trkpt>
      <trkpt lat="22.3876089453" lon="114.1420866354"><ele>333.000</ele></trkpt>
      <trkpt lat="22.3876020054" lon="114.1421076812"><ele>332.000</ele></trkpt>
      <trkpt lat="22.3875968337" lon="114.1421208104"><ele>332.000</ele></trkpt>
      <trkpt lat="22.3875916249" lon="114.1421292503"><ele>332.000</ele></trkpt>
      <trkpt lat="22.3875874862" lon="114.1421547127"><ele>331.000</ele></trkpt>
      <trkpt lat="22.3875866291" lon="114.1421626174"><ele>331.000</ele></trkpt>
      <trkpt lat="22.3875890247" lon="114.1421741920"><ele>331.000</ele></trkpt>
      <trkpt lat="22.3875953965" lon="114.1421948645"><ele>331.000</ele></trkpt>
      <trkpt lat="22.3876028857" lon="114.1422125555"><ele>330.000</ele></trkpt>
      <trkpt lat="22.3876064653" lon="114.1422288103"><ele>330.000</ele></trkpt>
      <trkpt lat="22.3876034635" lon="114.1422537675"><ele>328.000</ele></trkpt>
      <trkpt lat="22.3875950734" lon="114.1422925930"><ele>328.000</ele></trkpt>
      <trkpt lat="22.3875900221" lon="114.1423197939"><ele>326.000</ele></trkpt>
      <trkpt lat="22.3875874346" lon="114.1423395655"><ele>326.000</ele></trkpt>
      <trkpt lat="22.3875853262" lon="114.1423620365"><ele>325.000</ele></trkpt>
      <trkpt lat="22.3875910353" lon="114.1424130745"><ele>324.000</ele></trkpt>
      <trkpt lat="22.3875911465" lon="114.1424261451"><ele>324.000</ele></trkpt>
      <trkpt lat="22.3875887013" lon="114.1424360409"><ele>324.000</ele></trkpt>
      <trkpt lat="22.3875837830" lon="114.1424516375"><ele>322.000</ele></trkpt>
      <trkpt lat="22.3875719244" lon="114.1424870455"><ele>322.000</ele></trkpt>
      <trkpt lat="22.3875699223" lon="114.1424954555"><ele>320.000</ele></trkpt>
      <trkpt lat="22.3875672966" lon="114.1425100416"><ele>320.000</ele></trkpt>
      <trkpt lat="22.3875651606" lon="114.1425295606"><ele>320.000</ele></trkpt>
      <trkpt lat="22.3875618589" lon="114.1425461279"><ele>319.000</ele></trkpt>
      <trkpt lat="22.3875611482" lon="114.1425974684"><ele>318.000</ele></trkpt>
      <trkpt lat="22.3875617561" lon="114.1426149864"><ele>318.000</ele></trkpt>
      <trkpt lat="22.3875577775" lon="114.1426332833"><ele>318.000</ele></trkpt>
      <trkpt lat="22.3875519474" lon="114.1426503745"><ele>315.000</ele></trkpt>
      <trkpt lat="22.3875431833" lon="114.1426716819"><ele>315.000</ele></trkpt>
      <trkpt lat="22.3875361785" lon="114.1426855699"><ele>315.000</ele></trkpt>
      <trkpt lat="22.3875317029" lon="114.1426982056"><ele>314.000</ele></trkpt>
      <trkpt lat="22.3875234359" lon="114.1427259219"><ele>314.000</ele></trkpt>
      <trkpt lat="22.3875198992" lon="114.1427410122"><ele>312.000</ele></trkpt>
      <trkpt lat="22.3875118123" lon="114.1427623194"><ele>312.000</ele></trkpt>
      <trkpt lat="22.3874953672" lon="114.1427985064"><ele>310.000</ele></trkpt>
      <trkpt lat="22.3874835863" lon="114.1428168906"><ele>310.000</ele></trkpt>
      <trkpt lat="22.3874770049" lon="114.1428260785"><ele>310.000</ele></trkpt>
      <trkpt lat="22.3874686080" lon="114.1428370255"><ele>308.000</ele></trkpt>
      <trkpt lat="22.3874633899" lon="114.1428447264"><ele>308.000</ele></trkpt>
      <trkpt lat="22.3874547590" lon="114.1428551772"><ele>308.000</ele></trkpt>
      <trkpt lat="22.3874463075" lon="114.1428604424"><ele>308.000</ele></trkpt>
      <trkpt lat="22.3874403465" lon="114.1428651108"><ele>308.000</ele></trkpt>
      <trkpt lat="22.3874669938" lon="114.1428910843"><ele>306.000</ele></trkpt>
      <trkpt lat="22.3874938473" lon="114.1429187047"><ele>306.000</ele></trkpt>
      <trkpt lat="22.3875309358" lon="114.1429622772"><ele>304.000</ele></trkpt>
      <trkpt lat="22.3875544042" lon="114.1429963473"><ele>302.000</ele></trkpt>
      <trkpt lat="22.3875627968" lon="114.1430120562"><ele>302.000</ele></trkpt>
      <trkpt lat="22.3875684721" lon="114.1430315054"><ele>299.000</ele></trkpt>
      <trkpt lat="22.3875747967" lon="114.1430472352"><ele>299.000</ele></trkpt>
      <trkpt lat="22.3875795507" lon="114.1430659465"><ele>299.000</ele></trkpt>
      <trkpt lat="22.3875801225" lon="114.1430797550"><ele>296.000</ele></trkpt>
      <trkpt lat="22.3875784190" lon="114.1430953216"><ele>296.000</ele></trkpt>
      <trkpt lat="22.3875675650" lon="114.1431420715"><ele>294.000</ele></trkpt>
      <trkpt lat="22.3875647517" lon="114.1431623384"><ele>294.000</ele></trkpt>
      <trkpt lat="22.3875609802" lon="114.1431779250"><ele>292.000</ele></trkpt>
      <trkpt lat="22.3875587975" lon="114.1431907727"><ele>292.000</ele></trkpt>
      <trkpt lat="22.3875594339" lon="114.1432115049"><ele>292.000</ele></trkpt>
      <trkpt lat="22.3875604847" lon="114.1432272845"><ele>290.000</ele></trkpt>
      <trkpt lat="22.3875636223" lon="114.1432465012"><ele>290.000</ele></trkpt>
      <trkpt lat="22.3875690349" lon="114.1432622410"><ele>290.000</ele></trkpt>
      <trkpt lat="22.3875752078" lon="114.1432868658"><ele>288.000</ele></trkpt>
      <trkpt lat="22.3875815879" lon="114.1433087619"><ele>288.000</ele></trkpt>
      <trkpt lat="22.3875863882" lon="114.1433331550"><ele>285.000</ele></trkpt>
      <trkpt lat="22.3875878903" lon="114.1433481858"><ele>285.000</ele></trkpt>
      <trkpt lat="22.3875884342" lon="114.1433580517"><ele>285.000</ele></trkpt>
      <trkpt lat="22.3875862424" lon="114.1433706664"><ele>282.000</ele></trkpt>
      <trkpt lat="22.3875790301" lon="114.1433857877"><ele>282.000</ele></trkpt>
      <trkpt lat="22.3875717624" lon="114.1433947427"><ele>282.000</ele></trkpt>
      <trkpt lat="22.3875613261" lon="114.1434091558"><ele>282.000</ele></trkpt>
      <trkpt lat="22.3875561357" lon="114.1434195767"><ele>278.000</ele></trkpt>
      <trkpt lat="22.3875182974" lon="114.1435050883"><ele>274.000</ele></trkpt>
      <trkpt lat="22.3875034035" lon="114.1435360883"><ele>272.000</ele></trkpt>
      <trkpt lat="22.3874982407" lon="114.1435492184"><ele>272.000</ele></trkpt>
      <trkpt lat="22.3874967258" lon="114.1435600850"><ele>272.000</ele></trkpt>
      <trkpt lat="22.3874965742" lon="114.1435694656"><ele>270.000</ele></trkpt>
      <trkpt lat="22.3874978044" lon="114.1435790789"><ele>270.000</ele></trkpt>
      <trkpt lat="22.3875011304" lon="114.1435926245"><ele>270.000</ele></trkpt>
      <trkpt lat="22.3875023522" lon="114.1436012473"><ele>270.000</ele></trkpt>
      <trkpt lat="22.3875031025" lon="114.1436093847"><ele>270.000</ele></trkpt>
      <trkpt lat="22.3875013340" lon="114.1436168041"><ele>268.000</ele></trkpt>
      <trkpt lat="22.3874954390" lon="114.1436259918"><ele>268.000</ele></trkpt>
      <trkpt lat="22.3874770115" lon="114.1436446892"><ele>268.000</ele></trkpt>
      <trkpt lat="22.3874606616" lon="114.1436658245"><ele>264.000</ele></trkpt>
      <trkpt lat="22.3874503144" lon="114.1436832664"><ele>264.000</ele></trkpt>
      <trkpt lat="22.3874421103" lon="114.1436970963"><ele>264.000</ele></trkpt>
      <trkpt lat="22.3874175067" lon="114.1437193008"><ele>261.000</ele></trkpt>
      <trkpt lat="22.3874063850" lon="114.1437339762"><ele>261.000</ele></trkpt>
      <trkpt lat="22.3874022850" lon="114.1437374731"><ele>261.000</ele></trkpt>
      <trkpt lat="22.3873981675" lon="114.1437397269"><ele>261.000</ele></trkpt>
      <trkpt lat="22.3873921981" lon="114.1437388058"><ele>261.000</ele></trkpt>
      <trkpt lat="22.3873689612" lon="114.1437318779"><ele>260.000</ele></trkpt>
      <trkpt lat="22.3873517778" lon="114.1437354953"><ele>260.000</ele></trkpt>
      <trkpt lat="22.3873335196" lon="114.1437475205"><ele>260.000</ele></trkpt>
      <trkpt lat="22.3873177449" lon="114.1437553316"><ele>260.000</ele></trkpt>
      <trkpt lat="22.3873076582" lon="114.1437571508"><ele>258.000</ele></trkpt>
      <trkpt lat="22.3871870123" lon="114.1437659859"><ele>256.000</ele></trkpt>
      <trkpt lat="22.3871744152" lon="114.1437685817"><ele>256.000</ele></trkpt>
      <trkpt lat="22.3871540437" lon="114.1437751897"><ele>256.000</ele></trkpt>
      <trkpt lat="22.3871353166" lon="114.1437857399"><ele>256.000</ele></trkpt>
      <trkpt lat="22.3871159403" lon="114.1438014768"><ele>256.000</ele></trkpt>
      <trkpt lat="22.3871081937" lon="114.1438089655"><ele>253.000</ele></trkpt>
      <trkpt lat="22.3870995349" lon="114.1438162010"><ele>253.000</ele></trkpt>
      <trkpt lat="22.3870819824" lon="114.1438301982"><ele>253.000</ele></trkpt>
      <trkpt lat="22.3870721490" lon="114.1438344829"><ele>253.000</ele></trkpt>
      <trkpt lat="22.3870629926" lon="114.1438367962"><ele>252.000</ele></trkpt>
      <trkpt lat="22.3870526801" lon="114.1438386243"><ele>252.000</ele></trkpt>
      <trkpt lat="22.3870079712" lon="114.1438444913"><ele>250.000</ele></trkpt>
      <trkpt lat="22.3869857481" lon="114.1438493995"><ele>250.000</ele></trkpt>
      <trkpt lat="22.3869546312" lon="114.1438608071"><ele>248.000</ele></trkpt>
      <trkpt lat="22.3869496108" lon="114.1438635758"><ele>248.000</ele></trkpt>
      <trkpt lat="22.3869334310" lon="114.1438777960"><ele>248.000</ele></trkpt>
      <trkpt lat="22.3869222899" lon="114.1438902477"><ele>248.000</ele></trkpt>
      <trkpt lat="22.3869075298" lon="114.1439091481"><ele>246.000</ele></trkpt>
      <trkpt lat="22.3868916300" lon="114.1439283109"><ele>246.000</ele></trkpt>
      <trkpt lat="22.3868845787" lon="114.1439355373"><ele>246.000</ele></trkpt>
      <trkpt lat="22.3868408060" lon="114.1439712536"><ele>244.000</ele></trkpt>
      <trkpt lat="22.3868328519" lon="114.1439802184"><ele>244.000</ele></trkpt>
      <trkpt lat="22.3868262612" lon="114.1439881730"><ele>244.000</ele></trkpt>
      <trkpt lat="22.3868196798" lon="114.1439971277"><ele>244.000</ele></trkpt>
      <trkpt lat="22.3868151664" lon="114.1440063063"><ele>243.000</ele></trkpt>
      <trkpt lat="22.3868121643" lon="114.1440312527"><ele>243.000</ele></trkpt>
      <trkpt lat="22.3868127174" lon="114.1440421090"><ele>243.000</ele></trkpt>
      <trkpt lat="22.3868183149" lon="114.1440795714"><ele>242.000</ele></trkpt>
      <trkpt lat="22.3868158695" lon="114.1440892146"><ele>242.000</ele></trkpt>
      <trkpt lat="22.3868145710" lon="114.1440983623"><ele>240.000</ele></trkpt>
      <trkpt lat="22.3868041347" lon="114.1441132706"><ele>240.000</ele></trkpt>
      <trkpt lat="22.3867959458" lon="114.1441217402"><ele>240.000</ele></trkpt>
      <trkpt lat="22.3867838651" lon="114.1441322217"><ele>240.000</ele></trkpt>
      <trkpt lat="22.3867763347" lon="114.1441374760"><ele>240.000</ele></trkpt>
      <trkpt lat="22.3867727063" lon="114.1441422059"><ele>240.000</ele></trkpt>
      <trkpt lat="22.3867610269" lon="114.1441724281"><ele>238.000</ele></trkpt>
      <trkpt lat="22.3867515477" lon="114.1441912787"><ele>238.000</ele></trkpt>
      <trkpt lat="22.3867472879" lon="114.1442039035"><ele>237.000</ele></trkpt>
      <trkpt lat="22.3867346224" lon="114.1442252504"><ele>237.000</ele></trkpt>
      <trkpt lat="22.3867310486" lon="114.1442368846"><ele>237.000</ele></trkpt>
      <trkpt lat="22.3867293266" lon="114.1442507227"><ele>236.000</ele></trkpt>
      <trkpt lat="22.3867285811" lon="114.1442709695"><ele>236.000</ele></trkpt>
      <trkpt lat="22.3867263431" lon="114.1442786414"><ele>236.000</ele></trkpt>
      <trkpt lat="22.3867191309" lon="114.1442942588"><ele>234.000</ele></trkpt>
      <trkpt lat="22.3867127749" lon="114.1443019695"><ele>234.000</ele></trkpt>
      <trkpt lat="22.3867054887" lon="114.1443091959"><ele>233.000</ele></trkpt>
      <trkpt lat="22.3866904372" lon="114.1443209493"><ele>233.000</ele></trkpt>
      <trkpt lat="22.3866863843" lon="114.1443298743"><ele>233.000</ele></trkpt>
      <trkpt lat="22.3866930196" lon="114.1444089367"><ele>230.000</ele></trkpt>
      <trkpt lat="22.3866956928" lon="114.1444866570"><ele>226.000</ele></trkpt>
    </trkseg>
  </trk>
</gpx>
