<?xml version="1.0" encoding="UTF-8"?>
<gpx xmlns:xsi="http://www.w3.org/2001/XMLSchema-instance"
     xsi:schemaLocation="http://www.topografix.com/GPX/1/1 http://www.topografix.com/GPX/1/1/gpx.xsd"
     version="1.1" creator="json3d_batch_to_gpx"
     xmlns="http://www.topografix.com/GPX/1/1">
  <metadata>
    <name>ChiMaWanCountryTrail</name>
  </metadata>
  <trk>
    <name>ChiMaWanCountryTrail</name>
    <type>hike</type>
    <trkseg>
      <trkpt lat="22.2384813105" lon="113.9877400217"><ele>55.000</ele></trkpt>
      <trkpt lat="22.2384813338" lon="113.9877398742"><ele>55.000</ele></trkpt>
      <trkpt lat="22.2384818262" lon="113.9877353813"><ele>55.000</ele></trkpt>
      <trkpt lat="22.2384810242" lon="113.9877306777"><ele>55.000</ele></trkpt>
      <trkpt lat="22.2384784317" lon="113.9877269378"><ele>55.000</ele></trkpt>
      <trkpt lat="22.2384698618" lon="113.9877201047"><ele>55.000</ele></trkpt>
      <trkpt lat="22.2384572063" lon="113.9877100702"><ele>57.000</ele></trkpt>
      <trkpt lat="22.2384448476" lon="113.9876982155"><ele>59.000</ele></trkpt>
      <trkpt lat="22.2384319907" lon="113.9876857746"><ele>59.000</ele></trkpt>
      <trkpt lat="22.2383889381" lon="113.9876486180"><ele>58.000</ele></trkpt>
      <trkpt lat="22.2383447066" lon="113.9876242946"><ele>60.000</ele></trkpt>
      <trkpt lat="22.2383171992" lon="113.9875986664"><ele>58.000</ele></trkpt>
      <trkpt lat="22.2382968349" lon="113.9875512125"><ele>58.000</ele></trkpt>
      <trkpt lat="22.2382728885" lon="113.9875063302"><ele>56.000</ele></trkpt>
      <trkpt lat="22.2382465714" lon="113.9874768494"><ele>57.000</ele></trkpt>
      <trkpt lat="22.2382071203" lon="113.9874538040"><ele>56.000</ele></trkpt>
      <trkpt lat="22.2381365947" lon="113.9874205335"><ele>56.000</ele></trkpt>
      <trkpt lat="22.2380887798" lon="113.9873962160"><ele>61.000</ele></trkpt>
      <trkpt lat="22.2380648617" lon="113.9873757155"><ele>61.000</ele></trkpt>
      <trkpt lat="22.2380337476" lon="113.9873308420"><ele>58.000</ele></trkpt>
      <trkpt lat="22.2380073990" lon="113.9872744138"><ele>58.000</ele></trkpt>
      <trkpt lat="22.2379941993" lon="113.9872243837"><ele>61.000</ele></trkpt>
      <trkpt lat="22.2379810026" lon="113.9871769204"><ele>56.000</ele></trkpt>
      <trkpt lat="22.2379666245" lon="113.9871410088"><ele>56.000</ele></trkpt>
      <trkpt lat="22.2379450869" lon="113.9871128051"><ele>56.000</ele></trkpt>
      <trkpt lat="22.2379175915" lon="113.9870974428"><ele>56.000</ele></trkpt>
      <trkpt lat="22.2378853289" lon="113.9870923538"><ele>60.000</ele></trkpt>
      <trkpt lat="22.2378578484" lon="113.9870898241"><ele>61.000</ele></trkpt>
      <trkpt lat="22.2378041016" lon="113.9871014457"><ele>58.000</ele></trkpt>
      <trkpt lat="22.2376918326" lon="113.9871285452"><ele>59.000</ele></trkpt>
      <trkpt lat="22.2376189827" lon="113.9871504592"><ele>62.000</ele></trkpt>
      <trkpt lat="22.2375640591" lon="113.9871774815"><ele>63.000</ele></trkpt>
      <trkpt lat="22.2375282551" lon="113.9872083280"><ele>69.000</ele></trkpt>
      <trkpt lat="22.2374912495" lon="113.9872340438"><ele>72.000</ele></trkpt>
      <trkpt lat="22.2374434875" lon="113.9872559230"><ele>72.000</ele></trkpt>
      <trkpt lat="22.2373921272" lon="113.9872649755"><ele>70.000</ele></trkpt>
      <trkpt lat="22.2373419353" lon="113.9872522105"><ele>72.000</ele></trkpt>
      <trkpt lat="22.2372893249" lon="113.9872137829"><ele>71.000</ele></trkpt>
      <trkpt lat="22.2372582063" lon="113.9871650605"><ele>70.000</ele></trkpt>
      <trkpt lat="22.2372258630" lon="113.9870906749"><ele>73.000</ele></trkpt>
      <trkpt lat="22.2372054647" lon="113.9870149890"><ele>71.000</ele></trkpt>
      <trkpt lat="22.2372101883" lon="113.9869675027"><ele>68.000</ele></trkpt>
      <trkpt lat="22.2372256607" lon="113.9869174344"><ele>67.000</ele></trkpt>
      <trkpt lat="22.2372232143" lon="113.9868686735"><ele>67.000</ele></trkpt>
      <trkpt lat="22.2372052519" lon="113.9868327660"><ele>69.000</ele></trkpt>
      <trkpt lat="22.2371729669" lon="113.9868084279"><ele>68.000</ele></trkpt>
      <trkpt lat="22.2371359203" lon="113.9867982111"><ele>68.000</ele></trkpt>
      <trkpt lat="22.2370737982" lon="113.9867995782"><ele>69.000</ele></trkpt>
      <trkpt lat="22.2370290090" lon="113.9868089421"><ele>70.000</ele></trkpt>
      <trkpt lat="22.2369931840" lon="113.9868224650"><ele>72.000</ele></trkpt>
      <trkpt lat="22.2369675146" lon="113.9868366154"><ele>72.000</ele></trkpt>
      <trkpt lat="22.2369478205" lon="113.9868520411"><ele>74.000</ele></trkpt>
      <trkpt lat="22.2369239670" lon="113.9868860794"><ele>74.000</ele></trkpt>
      <trkpt lat="22.2368899644" lon="113.9869259068"><ele>75.000</ele></trkpt>
      <trkpt lat="22.2368535763" lon="113.9869676620"><ele>75.000</ele></trkpt>
      <trkpt lat="22.2368237452" lon="113.9869985005"><ele>77.000</ele></trkpt>
      <trkpt lat="22.2367813629" lon="113.9870235812"><ele>77.000</ele></trkpt>
      <trkpt lat="22.2367103263" lon="113.9870640997"><ele>80.000</ele></trkpt>
      <trkpt lat="22.2366715186" lon="113.9870808344"><ele>79.000</ele></trkpt>
      <trkpt lat="22.2366344952" lon="113.9870905088"><ele>81.000</ele></trkpt>
      <trkpt lat="22.2365705693" lon="113.9870822536"><ele>78.000</ele></trkpt>
      <trkpt lat="22.2365233685" lon="113.9870726926"><ele>78.000</ele></trkpt>
      <trkpt lat="22.2364468910" lon="113.9870567543"><ele>78.000</ele></trkpt>
      <trkpt lat="22.2364092436" lon="113.9870439726"><ele>80.000</ele></trkpt>
      <trkpt lat="22.2363721788" lon="113.9870189989"><ele>79.000</ele></trkpt>
      <trkpt lat="22.2363321344" lon="113.9869998037"><ele>79.000</ele></trkpt>
      <trkpt lat="22.2363082366" lon="113.9869959869"><ele>80.000</ele></trkpt>
      <trkpt lat="22.2362753847" lon="113.9869973145"><ele>81.000</ele></trkpt>
      <trkpt lat="22.2362508928" lon="113.9869967053"><ele>81.000</ele></trkpt>
      <trkpt lat="22.2362263950" lon="113.9869909638"><ele>82.000</ele></trkpt>
      <trkpt lat="22.2362072671" lon="113.9869800817"><ele>81.000</ele></trkpt>
      <trkpt lat="22.2361940995" lon="113.9869576425"><ele>81.000</ele></trkpt>
      <trkpt lat="22.2361916823" lon="113.9869339055"><ele>85.000</ele></trkpt>
      <trkpt lat="22.2361970260" lon="113.9869063081"><ele>82.000</ele></trkpt>
      <trkpt lat="22.2362155038" lon="113.9868716351"><ele>83.000</ele></trkpt>
      <trkpt lat="22.2362429476" lon="113.9868427254"><ele>80.000</ele></trkpt>
      <trkpt lat="22.2362835327" lon="113.9868137971"><ele>83.000</ele></trkpt>
      <trkpt lat="22.2363205443" lon="113.9867932148"><ele>82.000</ele></trkpt>
      <trkpt lat="22.2363545572" lon="113.9867630130"><ele>80.000</ele></trkpt>
      <trkpt lat="22.2363736370" lon="113.9867334725"><ele>82.000</ele></trkpt>
      <trkpt lat="22.2363849537" lon="113.9867052247"><ele>82.000</ele></trkpt>
      <trkpt lat="22.2363920795" lon="113.9866686425"><ele>82.000</ele></trkpt>
      <trkpt lat="22.2363854592" lon="113.9866263042"><ele>80.000</ele></trkpt>
      <trkpt lat="22.2363668840" lon="113.9865775654"><ele>84.000</ele></trkpt>
      <trkpt lat="22.2363489247" lon="113.9865435836"><ele>84.000</ele></trkpt>
      <trkpt lat="22.2363411262" lon="113.9865153617"><ele>84.000</ele></trkpt>
      <trkpt lat="22.2363381081" lon="113.9864890588"><ele>84.000</ele></trkpt>
      <trkpt lat="22.2363398699" lon="113.9864627505"><ele>84.000</ele></trkpt>
      <trkpt lat="22.2363487955" lon="113.9864332227"><ele>86.000</ele></trkpt>
      <trkpt lat="22.2363613000" lon="113.9863998419"><ele>86.000</ele></trkpt>
      <trkpt lat="22.2363732038" lon="113.9863632522"><ele>86.000</ele></trkpt>
      <trkpt lat="22.2363767415" lon="113.9863234669"><ele>86.000</ele></trkpt>
      <trkpt lat="22.2363689272" lon="113.9862817714"><ele>84.000</ele></trkpt>
      <trkpt lat="22.2363497723" lon="113.9862471492"><ele>83.000</ele></trkpt>
      <trkpt lat="22.2363085142" lon="113.9862119157"><ele>86.000</ele></trkpt>
      <trkpt lat="22.2362768163" lon="113.9861792349"><ele>88.000</ele></trkpt>
      <trkpt lat="22.2362534832" lon="113.9861471850"><ele>87.000</ele></trkpt>
      <trkpt lat="22.2362426868" lon="113.9861099858"><ele>86.000</ele></trkpt>
      <trkpt lat="22.2362390365" lon="113.9860528857"><ele>85.000</ele></trkpt>
      <trkpt lat="22.2362419469" lon="113.9859880767"><ele>86.000</ele></trkpt>
      <trkpt lat="22.2362502339" lon="113.9859239026"><ele>89.000</ele></trkpt>
      <trkpt lat="22.2362620909" lon="113.9858475334"><ele>89.000</ele></trkpt>
      <trkpt lat="22.2362757231" lon="113.9857564039"><ele>84.000</ele></trkpt>
      <trkpt lat="22.2362768658" lon="113.9857121297"><ele>84.000</ele></trkpt>
      <trkpt lat="22.2362702514" lon="113.9856749239"><ele>82.000</ele></trkpt>
      <trkpt lat="22.2362570874" lon="113.9856556927"><ele>82.000</ele></trkpt>
      <trkpt lat="22.2362325797" lon="113.9856416102"><ele>83.000</ele></trkpt>
      <trkpt lat="22.2361937510" lon="113.9856403795"><ele>83.000</ele></trkpt>
      <trkpt lat="22.2361513448" lon="113.9856449292"><ele>83.000</ele></trkpt>
      <trkpt lat="22.2361161071" lon="113.9856494682"><ele>83.000</ele></trkpt>
      <trkpt lat="22.2360808717" lon="113.9856559317"><ele>83.000</ele></trkpt>
      <trkpt lat="22.2360462417" lon="113.9856688120"><ele>83.000</ele></trkpt>
      <trkpt lat="22.2360193769" lon="113.9856823220"><ele>85.000</ele></trkpt>
      <trkpt lat="22.2359972904" lon="113.9856951843"><ele>84.000</ele></trkpt>
      <trkpt lat="22.2359847618" lon="113.9857086758"><ele>84.000</ele></trkpt>
      <trkpt lat="22.2359758242" lon="113.9857279369"><ele>86.000</ele></trkpt>
      <trkpt lat="22.2359692754" lon="113.9857465527"><ele>86.000</ele></trkpt>
      <trkpt lat="22.2359639274" lon="113.9857703001"><ele>84.000</ele></trkpt>
      <trkpt lat="22.2359597816" lon="113.9858004626"><ele>84.000</ele></trkpt>
      <trkpt lat="22.2359502778" lon="113.9858466726"><ele>85.000</ele></trkpt>
      <trkpt lat="22.2359359982" lon="113.9858948135"><ele>86.000</ele></trkpt>
      <trkpt lat="22.2359169367" lon="113.9859397540"><ele>86.000</ele></trkpt>
      <trkpt lat="22.2359032314" lon="113.9859686451"><ele>86.000</ele></trkpt>
      <trkpt lat="22.2358775899" lon="113.9860065357"><ele>92.000</ele></trkpt>
      <trkpt lat="22.2358608916" lon="113.9860290152"><ele>94.000</ele></trkpt>
      <trkpt lat="22.2358382223" lon="113.9860547116"><ele>94.000</ele></trkpt>
      <trkpt lat="22.2358173380" lon="113.9860739888"><ele>96.000</ele></trkpt>
      <trkpt lat="22.2357916740" lon="113.9860926304"><ele>96.000</ele></trkpt>
      <trkpt lat="22.2357695814" lon="113.9861003593"><ele>92.000</ele></trkpt>
      <trkpt lat="22.2357528551" lon="113.9860997408"><ele>92.000</ele></trkpt>
      <trkpt lat="22.2357205836" lon="113.9860863100"><ele>90.000</ele></trkpt>
      <trkpt lat="22.2356996631" lon="113.9860754314"><ele>90.000</ele></trkpt>
      <trkpt lat="22.2356739661" lon="113.9860651995"><ele>88.000</ele></trkpt>
      <trkpt lat="22.2356464773" lon="113.9860556123"><ele>89.000</ele></trkpt>
      <trkpt lat="22.2356249682" lon="113.9860517923"><ele>89.000</ele></trkpt>
      <trkpt lat="22.2355968905" lon="113.9860499049"><ele>89.000</ele></trkpt>
      <trkpt lat="22.2355628469" lon="113.9860538009"><ele>89.000</ele></trkpt>
      <trkpt lat="22.2355407460" lon="113.9860544720"><ele>89.000</ele></trkpt>
      <trkpt lat="22.2355114708" lon="113.9860493793"><ele>88.000</ele></trkpt>
      <trkpt lat="22.2354863706" lon="113.9860397888"><ele>88.000</ele></trkpt>
      <trkpt lat="22.2354642540" lon="113.9860269864"><ele>89.000</ele></trkpt>
      <trkpt lat="22.2354463187" lon="113.9860135362"><ele>88.000</ele></trkpt>
      <trkpt lat="22.2354271862" lon="113.9859988043"><ele>88.000</ele></trkpt>
      <trkpt lat="22.2354086636" lon="113.9859943383"><ele>90.000</ele></trkpt>
      <trkpt lat="22.2353757957" lon="113.9859828338"><ele>90.000</ele></trkpt>
      <trkpt lat="22.2353512926" lon="113.9859726013"><ele>90.000</ele></trkpt>
      <trkpt lat="22.2353255858" lon="113.9859540284"><ele>91.000</ele></trkpt>
      <trkpt lat="22.2353004653" lon="113.9859271144"><ele>91.000</ele></trkpt>
      <trkpt lat="22.2352753418" lon="113.9858969917"><ele>90.000</ele></trkpt>
      <trkpt lat="22.2352460259" lon="113.9858572512"><ele>88.000</ele></trkpt>
      <trkpt lat="22.2352173106" lon="113.9858213590"><ele>92.000</ele></trkpt>
      <trkpt lat="22.2351838142" lon="113.9857822653"><ele>98.000</ele></trkpt>
      <trkpt lat="22.2351485290" lon="113.9857463820"><ele>99.000</ele></trkpt>
      <trkpt lat="22.2351144347" lon="113.9857079314"><ele>92.000</ele></trkpt>
      <trkpt lat="22.2350863286" lon="113.9856810206"><ele>92.000</ele></trkpt>
      <trkpt lat="22.2350677932" lon="113.9856656468"><ele>90.000</ele></trkpt>
      <trkpt lat="22.2350558275" lon="113.9856502641"><ele>91.000</ele></trkpt>
      <trkpt lat="22.2350516305" lon="113.9856367964"><ele>91.000</ele></trkpt>
      <trkpt lat="22.2350498215" lon="113.9856220411"><ele>90.000</ele></trkpt>
      <trkpt lat="22.2350533867" lon="113.9856066373"><ele>90.000</ele></trkpt>
      <trkpt lat="22.2350593379" lon="113.9855873803"><ele>90.000</ele></trkpt>
      <trkpt lat="22.2350706536" lon="113.9855584926"><ele>90.000</ele></trkpt>
      <trkpt lat="22.2350843625" lon="113.9855334506"><ele>90.000</ele></trkpt>
      <trkpt lat="22.2350980783" lon="113.9855135409"><ele>90.000</ele></trkpt>
      <trkpt lat="22.2351099955" lon="113.9854885014"><ele>91.000</ele></trkpt>
      <trkpt lat="22.2351159504" lon="113.9854724532"><ele>89.000</ele></trkpt>
      <trkpt lat="22.2351159315" lon="113.9854564121"><ele>89.000</ele></trkpt>
      <trkpt lat="22.2351075426" lon="113.9854346089"><ele>90.000</ele></trkpt>
      <trkpt lat="22.2350931838" lon="113.9854153795"><ele>90.000</ele></trkpt>
      <trkpt lat="22.2350764309" lon="113.9853923044"><ele>90.000</ele></trkpt>
      <trkpt lat="22.2350698383" lon="113.9853737056"><ele>90.000</ele></trkpt>
      <trkpt lat="22.2350656247" lon="113.9853461213"><ele>90.000</ele></trkpt>
      <trkpt lat="22.2350644103" lon="113.9853294407"><ele>90.000</ele></trkpt>
      <trkpt lat="22.2350739419" lon="113.9853069710"><ele>90.000</ele></trkpt>
      <trkpt lat="22.2350876628" lon="113.9852921956"><ele>90.000</ele></trkpt>
      <trkpt lat="22.2351055613" lon="113.9852735635"><ele>91.000</ele></trkpt>
      <trkpt lat="22.2351186792" lon="113.9852536556"><ele>90.000</ele></trkpt>
      <trkpt lat="22.2351377717" lon="113.9852343808"><ele>93.000</ele></trkpt>
      <trkpt lat="22.2351658219" lon="113.9852138114"><ele>90.000</ele></trkpt>
      <trkpt lat="22.2351932822" lon="113.9851983751"><ele>90.000</ele></trkpt>
      <trkpt lat="22.2352231387" lon="113.9851893512"><ele>91.000</ele></trkpt>
      <trkpt lat="22.2352685289" lon="113.9851835150"><ele>89.000</ele></trkpt>
      <trkpt lat="22.2353139124" lon="113.9851712622"><ele>88.000</ele></trkpt>
      <trkpt lat="22.2353533065" lon="113.9851449029"><ele>88.000</ele></trkpt>
      <trkpt lat="22.2353813416" lon="113.9851115002"><ele>86.000</ele></trkpt>
      <trkpt lat="22.2354141528" lon="113.9850748821"><ele>87.000</ele></trkpt>
      <trkpt lat="22.2354368014" lon="113.9850325044"><ele>86.000</ele></trkpt>
      <trkpt lat="22.2354516778" lon="113.9849837206"><ele>88.000</ele></trkpt>
      <trkpt lat="22.2354575803" lon="113.9849240412"><ele>90.000</ele></trkpt>
      <trkpt lat="22.2354712619" lon="113.9848752600"><ele>87.000</ele></trkpt>
      <trkpt lat="22.2354831533" lon="113.9848284047"><ele>87.000</ele></trkpt>
      <trkpt lat="22.2354878656" lon="113.9847719347"><ele>87.000</ele></trkpt>
      <trkpt lat="22.2354962007" lon="113.9847488254"><ele>87.000</ele></trkpt>
      <trkpt lat="22.2355087179" lon="113.9847257094"><ele>87.000</ele></trkpt>
      <trkpt lat="22.2355194311" lon="113.9846929723"><ele>86.000</ele></trkpt>
      <trkpt lat="22.2355194008" lon="113.9846673077"><ele>86.000</ele></trkpt>
      <trkpt lat="22.2355115982" lon="113.9846358783"><ele>87.000</ele></trkpt>
      <trkpt lat="22.2354894549" lon="113.9846006194"><ele>86.000</ele></trkpt>
      <trkpt lat="22.2354577575" lon="113.9845679392"><ele>88.000</ele></trkpt>
      <trkpt lat="22.2354194923" lon="113.9845384768"><ele>88.000</ele></trkpt>
      <trkpt lat="22.2353555278" lon="113.9844968583"><ele>87.000</ele></trkpt>
      <trkpt lat="22.2353202636" lon="113.9844789408"><ele>88.000</ele></trkpt>
      <trkpt lat="22.2352981590" lon="113.9844764053"><ele>88.000</ele></trkpt>
      <trkpt lat="22.2352754679" lon="113.9844834941"><ele>88.000</ele></trkpt>
      <trkpt lat="22.2352474124" lon="113.9844995725"><ele>88.000</ele></trkpt>
      <trkpt lat="22.2352157832" lon="113.9845252812"><ele>90.000</ele></trkpt>
      <trkpt lat="22.2351823654" lon="113.9845529159"><ele>90.000</ele></trkpt>
      <trkpt lat="22.2351567023" lon="113.9845721998"><ele>95.000</ele></trkpt>
      <trkpt lat="22.2351304408" lon="113.9845902012"><ele>91.000</ele></trkpt>
      <trkpt lat="22.2351095423" lon="113.9845972875"><ele>91.000</ele></trkpt>
      <trkpt lat="22.2350862460" lon="113.9845973193"><ele>89.000</ele></trkpt>
      <trkpt lat="22.2350480058" lon="113.9845890303"><ele>91.000</ele></trkpt>
      <trkpt lat="22.2350121553" lon="113.9845800969"><ele>93.000</ele></trkpt>
      <trkpt lat="22.2349703333" lon="113.9845730961"><ele>93.000</ele></trkpt>
      <trkpt lat="22.2349416489" lon="113.9845628687"><ele>90.000</ele></trkpt>
      <trkpt lat="22.2349284960" lon="113.9845539043"><ele>90.000</ele></trkpt>
      <trkpt lat="22.2349171230" lon="113.9845333876"><ele>90.000</ele></trkpt>
      <trkpt lat="22.2349123121" lon="113.9845064463"><ele>90.000</ele></trkpt>
      <trkpt lat="22.2349128627" lon="113.9844673066"><ele>90.000</ele></trkpt>
      <trkpt lat="22.2349128058" lon="113.9844191845"><ele>90.000</ele></trkpt>
      <trkpt lat="22.2349127519" lon="113.9843736300"><ele>90.000</ele></trkpt>
      <trkpt lat="22.2349079237" lon="113.9843312889"><ele>90.000</ele></trkpt>
      <trkpt lat="22.2348959413" lon="113.9843011496"><ele>90.000</ele></trkpt>
      <trkpt lat="22.2348779966" lon="113.9842806419"><ele>90.000</ele></trkpt>
      <trkpt lat="22.2348481015" lon="113.9842569427"><ele>89.000</ele></trkpt>
      <trkpt lat="22.2348122372" lon="113.9842371007"><ele>90.000</ele></trkpt>
      <trkpt lat="22.2347745796" lon="113.9842159797"><ele>90.000</ele></trkpt>
      <trkpt lat="22.2347393055" lon="113.9841897213"><ele>92.000</ele></trkpt>
      <trkpt lat="22.2347070209" lon="113.9841660254"><ele>92.000</ele></trkpt>
      <trkpt lat="22.2346831086" lon="113.9841500171"><ele>95.000</ele></trkpt>
      <trkpt lat="22.2346556159" lon="113.9841372224"><ele>95.000</ele></trkpt>
      <trkpt lat="22.2346323112" lon="113.9841301965"><ele>98.000</ele></trkpt>
      <trkpt lat="22.2346000448" lon="113.9841218995"><ele>93.000</ele></trkpt>
      <trkpt lat="22.2345621775" lon="113.9841143687"><ele>91.000</ele></trkpt>
      <trkpt lat="22.2345450246" lon="113.9841112494"><ele>91.000</ele></trkpt>
      <trkpt lat="22.2345329151" lon="113.9841117315"><ele>91.000</ele></trkpt>
      <trkpt lat="22.2345053023" lon="113.9841141652"><ele>90.000</ele></trkpt>
      <trkpt lat="22.2344841790" lon="113.9841136935"><ele>90.000</ele></trkpt>
      <trkpt lat="22.2344689550" lon="113.9841105677"><ele>90.000</ele></trkpt>
      <trkpt lat="22.2344384797" lon="113.9841009849"><ele>90.000</ele></trkpt>
      <trkpt lat="22.2344103853" lon="113.9840849833"><ele>92.000</ele></trkpt>
      <trkpt lat="22.2343840744" lon="113.9840612793"><ele>92.000</ele></trkpt>
      <trkpt lat="22.2343637334" lon="113.9840350006"><ele>92.000</ele></trkpt>
      <trkpt lat="22.2343463690" lon="113.9839997355"><ele>91.000</ele></trkpt>
      <trkpt lat="22.2343337842" lon="113.9839657462"><ele>93.000</ele></trkpt>
      <trkpt lat="22.2343271747" lon="113.9839330331"><ele>95.000</ele></trkpt>
      <trkpt lat="22.2343319187" lon="113.9839035122"><ele>95.000</ele></trkpt>
      <trkpt lat="22.2343420531" lon="113.9838861741"><ele>96.000</ele></trkpt>
      <trkpt lat="22.2343563687" lon="113.9838688311"><ele>96.000</ele></trkpt>
      <trkpt lat="22.2343784459" lon="113.9838482688"><ele>96.000</ele></trkpt>
      <trkpt lat="22.2343957410" lon="113.9838251473"><ele>93.000</ele></trkpt>
      <trkpt lat="22.2344028799" lon="113.9838001143"><ele>93.000</ele></trkpt>
      <trkpt lat="22.2343980635" lon="113.9837686810"><ele>96.000</ele></trkpt>
      <trkpt lat="22.2343866887" lon="113.9837475233"><ele>96.000</ele></trkpt>
      <trkpt lat="22.2343687486" lon="113.9837302245"><ele>98.000</ele></trkpt>
      <trkpt lat="22.2343388679" lon="113.9837187156"><ele>98.000</ele></trkpt>
      <trkpt lat="22.2343018217" lon="113.9837097841"><ele>100.000</ele></trkpt>
      <trkpt lat="22.2342677590" lon="113.9836976397"><ele>100.000</ele></trkpt>
      <trkpt lat="22.2342426557" lon="113.9836848419"><ele>102.000</ele></trkpt>
      <trkpt lat="22.2342163431" lon="113.9836604969"><ele>102.000</ele></trkpt>
      <trkpt lat="22.2341884482" lon="113.9836231356"><ele>100.000</ele></trkpt>
      <trkpt lat="22.2341836086" lon="113.9836162552"><ele>100.000</ele></trkpt>
      <trkpt lat="22.2341719931" lon="113.9835840282"><ele>100.000</ele></trkpt>
      <trkpt lat="22.2341661475" lon="113.9835589227"><ele>100.000</ele></trkpt>
      <trkpt lat="22.2341638170" lon="113.9835508070"><ele>100.000</ele></trkpt>
      <trkpt lat="22.2341603393" lon="113.9835424406"><ele>98.000</ele></trkpt>
      <trkpt lat="22.2341494794" lon="113.9835230263"><ele>100.000</ele></trkpt>
      <trkpt lat="22.2341434827" lon="113.9835151678"><ele>100.000</ele></trkpt>
      <trkpt lat="22.2341372525" lon="113.9835082990"><ele>100.000</ele></trkpt>
      <trkpt lat="22.2341160832" lon="113.9834918962"><ele>97.000</ele></trkpt>
      <trkpt lat="22.2341096373" lon="113.9834860171"><ele>100.000</ele></trkpt>
      <trkpt lat="22.2340967351" lon="113.9834730173"><ele>100.000</ele></trkpt>
      <trkpt lat="22.2340928079" lon="113.9834663879"><ele>100.000</ele></trkpt>
      <trkpt lat="22.2340848941" lon="113.9834410428"><ele>96.000</ele></trkpt>
      <trkpt lat="22.2340692018" lon="113.9833676835"><ele>94.000</ele></trkpt>
      <trkpt lat="22.2340670836" lon="113.9833558621"><ele>96.000</ele></trkpt>
      <trkpt lat="22.2340633440" lon="113.9833398621"><ele>94.000</ele></trkpt>
      <trkpt lat="22.2340594036" lon="113.9833297795"><ele>94.000</ele></trkpt>
      <trkpt lat="22.2340469261" lon="113.9833093878"><ele>94.000</ele></trkpt>
      <trkpt lat="22.2340344500" lon="113.9832902279"><ele>92.000</ele></trkpt>
      <trkpt lat="22.2340300597" lon="113.9832813778"><ele>92.000</ele></trkpt>
      <trkpt lat="22.2340219459" lon="113.9832626873"><ele>96.000</ele></trkpt>
      <trkpt lat="22.2340040585" lon="113.9832115150"><ele>94.000</ele></trkpt>
      <trkpt lat="22.2339949460" lon="113.9831731154"><ele>94.000</ele></trkpt>
      <trkpt lat="22.2339902380" lon="113.9831477563"><ele>94.000</ele></trkpt>
      <trkpt lat="22.2339804403" lon="113.9831103373"><ele>92.000</ele></trkpt>
      <trkpt lat="22.2339712904" lon="113.9830633144"><ele>97.000</ele></trkpt>
      <trkpt lat="22.2339623812" lon="113.9830212188"><ele>97.000</ele></trkpt>
      <trkpt lat="22.2339516848" lon="113.9829875065"><ele>97.000</ele></trkpt>
      <trkpt lat="22.2339282624" lon="113.9829294646"><ele>101.000</ele></trkpt>
      <trkpt lat="22.2339176058" lon="113.9829063544"><ele>96.000</ele></trkpt>
      <trkpt lat="22.2339143520" lon="113.9828965133"><ele>96.000</ele></trkpt>
      <trkpt lat="22.2339041165" lon="113.9828630429"><ele>94.000</ele></trkpt>
      <trkpt lat="22.2339015389" lon="113.9828522115"><ele>94.000</ele></trkpt>
      <trkpt lat="22.2338994054" lon="113.9828352200"><ele>94.000</ele></trkpt>
      <trkpt lat="22.2338975255" lon="113.9828263567"><ele>94.000</ele></trkpt>
      <trkpt lat="22.2338963290" lon="113.9828150288"><ele>94.000</ele></trkpt>
      <trkpt lat="22.2338853955" lon="113.9827793477"><ele>99.000</ele></trkpt>
      <trkpt lat="22.2338758127" lon="113.9827404541"><ele>97.000</ele></trkpt>
      <trkpt lat="22.2338732563" lon="113.9827323290"><ele>97.000</ele></trkpt>
      <trkpt lat="22.2338669872" lon="113.9827156051"><ele>96.000</ele></trkpt>
      <trkpt lat="22.2338595825" lon="113.9827008615"><ele>96.000</ele></trkpt>
      <trkpt lat="22.2338551947" lon="113.9826942230"><ele>96.000</ele></trkpt>
      <trkpt lat="22.2338496705" lon="113.9826888277"><ele>96.000</ele></trkpt>
      <trkpt lat="22.2338430004" lon="113.9826841809"><ele>96.000</ele></trkpt>
      <trkpt lat="22.2338365580" lon="113.9826812604"><ele>100.000</ele></trkpt>
      <trkpt lat="22.2338289875" lon="113.9826788361"><ele>100.000</ele></trkpt>
      <trkpt lat="22.2338126822" lon="113.9826747263"><ele>100.000</ele></trkpt>
      <trkpt lat="22.2337954664" lon="113.9826718594"><ele>100.000</ele></trkpt>
      <trkpt lat="22.2337635519" lon="113.9826641434"><ele>100.000</ele></trkpt>
      <trkpt lat="22.2337442657" lon="113.9826593102"><ele>103.000</ele></trkpt>
      <trkpt lat="22.2337247525" lon="113.9826534977"><ele>103.000</ele></trkpt>
      <trkpt lat="22.2336983242" lon="113.9826420493"><ele>103.000</ele></trkpt>
      <trkpt lat="22.2336842996" lon="113.9826344832"><ele>103.000</ele></trkpt>
      <trkpt lat="22.2336647654" lon="113.9826262069"><ele>103.000</ele></trkpt>
      <trkpt lat="22.2336571835" lon="113.9826218135"><ele>96.000</ele></trkpt>
      <trkpt lat="22.2336489073" lon="113.9826184008"><ele>96.000</ele></trkpt>
      <trkpt lat="22.2336102016" lon="113.9825969599"><ele>97.000</ele></trkpt>
      <trkpt lat="22.2335444540" lon="113.9825636873"><ele>96.000</ele></trkpt>
      <trkpt lat="22.2334709324" lon="113.9825233668"><ele>98.000</ele></trkpt>
      <trkpt lat="22.2334290866" lon="113.9824964759"><ele>101.000</ele></trkpt>
      <trkpt lat="22.2333812662" lon="113.9824689531"><ele>103.000</ele></trkpt>
      <trkpt lat="22.2333400243" lon="113.9824471947"><ele>103.000</ele></trkpt>
      <trkpt lat="22.2333220947" lon="113.9824395206"><ele>103.000</ele></trkpt>
      <trkpt lat="22.2333065600" lon="113.9824363332"><ele>103.000</ele></trkpt>
      <trkpt lat="22.2332892374" lon="113.9824363571"><ele>101.000</ele></trkpt>
      <trkpt lat="22.2332695244" lon="113.9824363843"><ele>101.000</ele></trkpt>
      <trkpt lat="22.2332498162" lon="113.9824396202"><ele>101.000</ele></trkpt>
      <trkpt lat="22.2332145847" lon="113.9824492922"><ele>101.000</ele></trkpt>
      <trkpt lat="22.2331817397" lon="113.9824563952"><ele>99.000</ele></trkpt>
      <trkpt lat="22.2331542721" lon="113.9824647740"><ele>99.000</ele></trkpt>
      <trkpt lat="22.2331172527" lon="113.9824782993"><ele>98.000</ele></trkpt>
      <trkpt lat="22.2330921777" lon="113.9824892415"><ele>100.000</ele></trkpt>
      <trkpt lat="22.2330706823" lon="113.9824969700"><ele>98.000</ele></trkpt>
      <trkpt lat="22.2330557538" lon="113.9825008405"><ele>98.000</ele></trkpt>
      <trkpt lat="22.2330376434" lon="113.9824998266"><ele>98.000</ele></trkpt>
      <trkpt lat="22.2330313908" lon="113.9824970028"><ele>98.000</ele></trkpt>
      <trkpt lat="22.2330190449" lon="113.9824885615"><ele>98.000</ele></trkpt>
      <trkpt lat="22.2329870304" lon="113.9824652190"><ele>97.000</ele></trkpt>
      <trkpt lat="22.2329808493" lon="113.9824617258"><ele>98.000</ele></trkpt>
      <trkpt lat="22.2329723741" lon="113.9824579836"><ele>98.000</ele></trkpt>
      <trkpt lat="22.2329654915" lon="113.9824569649"><ele>98.000</ele></trkpt>
      <trkpt lat="22.2329579235" lon="113.9824566843"><ele>98.000</ele></trkpt>
      <trkpt lat="22.2329503482" lon="113.9824578685"><ele>98.000</ele></trkpt>
      <trkpt lat="22.2329436856" lon="113.9824595655"><ele>98.000</ele></trkpt>
      <trkpt lat="22.2329361164" lon="113.9824582955"><ele>98.000</ele></trkpt>
      <trkpt lat="22.2329292410" lon="113.9824557927"><ele>98.000</ele></trkpt>
      <trkpt lat="22.2329223808" lon="113.9824508261"><ele>98.000</ele></trkpt>
      <trkpt lat="22.2329169096" lon="113.9824443831"><ele>98.000</ele></trkpt>
      <trkpt lat="22.2329125771" lon="113.9824386952"><ele>98.000</ele></trkpt>
      <trkpt lat="22.2329066584" lon="113.9824280625"><ele>96.000</ele></trkpt>
      <trkpt lat="22.2329053400" lon="113.9824077294"><ele>96.000</ele></trkpt>
      <trkpt lat="22.2329059085" lon="113.9823839889"><ele>96.000</ele></trkpt>
      <trkpt lat="22.2329076603" lon="113.9823506225"><ele>96.000</ele></trkpt>
      <trkpt lat="22.2329028383" lon="113.9823146985"><ele>96.000</ele></trkpt>
      <trkpt lat="22.2328914488" lon="113.9822807091"><ele>98.000</ele></trkpt>
      <trkpt lat="22.2328740818" lon="113.9822435192"><ele>98.000</ele></trkpt>
      <trkpt lat="22.2328405744" lon="113.9821967282"><ele>100.000</ele></trkpt>
      <trkpt lat="22.2328154442" lon="113.9821614745"><ele>98.000</ele></trkpt>
      <trkpt lat="22.2327944981" lon="113.9821294227"><ele>101.000</ele></trkpt>
      <trkpt lat="22.2327663814" lon="113.9820941722"><ele>101.000</ele></trkpt>
      <trkpt lat="22.2327233269" lon="113.9820557355"><ele>102.000</ele></trkpt>
      <trkpt lat="22.2326898471" lon="113.9820320421"><ele>102.000</ele></trkpt>
      <trkpt lat="22.2326695142" lon="113.9820128216"><ele>102.000</ele></trkpt>
      <trkpt lat="22.2326575353" lon="113.9819858907"><ele>103.000</ele></trkpt>
      <trkpt lat="22.2326365931" lon="113.9819564047"><ele>103.000</ele></trkpt>
      <trkpt lat="22.2326096833" lon="113.9819320611"><ele>103.000</ele></trkpt>
      <trkpt lat="22.2325756043" lon="113.9819064441"><ele>103.000</ele></trkpt>
      <trkpt lat="22.2325451019" lon="113.9818744057"><ele>102.000</ele></trkpt>
      <trkpt lat="22.2325241774" lon="113.9818596771"><ele>103.000</ele></trkpt>
      <trkpt lat="22.2324943042" lon="113.9818545852"><ele>103.000</ele></trkpt>
      <trkpt lat="22.2324650349" lon="113.9818552679"><ele>103.000</ele></trkpt>
      <trkpt lat="22.2324238229" lon="113.9818585326"><ele>103.000</ele></trkpt>
      <trkpt lat="22.2323987332" lon="113.9818579261"><ele>103.000</ele></trkpt>
      <trkpt lat="22.2323581066" lon="113.9818515658"><ele>98.000</ele></trkpt>
      <trkpt lat="22.2323371875" lon="113.9818413293"><ele>100.000</ele></trkpt>
      <trkpt lat="22.2323168545" lon="113.9818221089"><ele>100.000</ele></trkpt>
      <trkpt lat="22.2322929266" lon="113.9817932693"><ele>99.000</ele></trkpt>
      <trkpt lat="22.2322558557" lon="113.9817638066"><ele>102.000</ele></trkpt>
      <trkpt lat="22.2322199865" lon="113.9817394755"><ele>98.000</ele></trkpt>
      <trkpt lat="22.2321966817" lon="113.9817324501"><ele>98.000</ele></trkpt>
      <trkpt lat="22.2321538111" lon="113.9817359742"><ele>98.000</ele></trkpt>
      <trkpt lat="22.2321515170" lon="113.9817357155"><ele>98.000</ele></trkpt>
      <trkpt lat="22.2321432775" lon="113.9817327102"><ele>98.000</ele></trkpt>
      <trkpt lat="22.2321215275" lon="113.9817217503"><ele>98.000</ele></trkpt>
      <trkpt lat="22.2321116715" lon="113.9817187376"><ele>98.000</ele></trkpt>
      <trkpt lat="22.2321031896" lon="113.9817169743"><ele>98.000</ele></trkpt>
      <trkpt lat="22.2320965497" lon="113.9817149659"><ele>98.000</ele></trkpt>
      <trkpt lat="22.2320802646" lon="113.9817126604"><ele>98.000</ele></trkpt>
      <trkpt lat="22.2320731481" lon="113.9817123793"><ele>100.000</ele></trkpt>
      <trkpt lat="22.2320648856" lon="113.9817128272"><ele>100.000</ele></trkpt>
      <trkpt lat="22.2320274674" lon="113.9817168269"><ele>100.000</ele></trkpt>
      <trkpt lat="22.2319831581" lon="113.9817202929"><ele>102.000</ele></trkpt>
      <trkpt lat="22.2319370389" lon="113.9817205507"><ele>104.000</ele></trkpt>
      <trkpt lat="22.2319198336" lon="113.9817189740"><ele>104.000</ele></trkpt>
      <trkpt lat="22.2318943806" lon="113.9817151487"><ele>106.000</ele></trkpt>
      <trkpt lat="22.2318870448" lon="113.9817126466"><ele>106.000</ele></trkpt>
      <trkpt lat="22.2318806381" lon="113.9817094060"><ele>106.000</ele></trkpt>
      <trkpt lat="22.2318746915" lon="113.9817056797"><ele>101.000</ele></trkpt>
      <trkpt lat="22.2318463286" lon="113.9816850679"><ele>102.000</ele></trkpt>
      <trkpt lat="22.2318399283" lon="113.9816796060"><ele>102.000</ele></trkpt>
      <trkpt lat="22.2318323812" lon="113.9816741458"><ele>102.000</ele></trkpt>
      <trkpt lat="22.2318243743" lon="113.9816694136"><ele>102.000</ele></trkpt>
      <trkpt lat="22.2318092580" lon="113.9816626834"><ele>102.000</ele></trkpt>
      <trkpt lat="22.2317918484" lon="113.9816564220"><ele>96.000</ele></trkpt>
      <trkpt lat="22.2317826799" lon="113.9816544074"><ele>96.000</ele></trkpt>
      <trkpt lat="22.2317452901" lon="113.9816519954"><ele>98.000</ele></trkpt>
      <trkpt lat="22.2317060728" lon="113.9816468602"><ele>98.000</ele></trkpt>
      <trkpt lat="22.2316822197" lon="113.9816442646"><ele>98.000</ele></trkpt>
      <trkpt lat="22.2316553923" lon="113.9816389474"><ele>98.000</ele></trkpt>
      <trkpt lat="22.2316400287" lon="113.9816369026"><ele>98.000</ele></trkpt>
      <trkpt lat="22.2316113620" lon="113.9816340323"><ele>98.000</ele></trkpt>
      <trkpt lat="22.2315611130" lon="113.9816320455"><ele>98.000</ele></trkpt>
      <trkpt lat="22.2315356386" lon="113.9816329053"><ele>98.000</ele></trkpt>
      <trkpt lat="22.2315214149" lon="113.9816325855"><ele>98.000</ele></trkpt>
      <trkpt lat="22.2314711512" lon="113.9816333050"><ele>98.000</ele></trkpt>
      <trkpt lat="22.2314362673" lon="113.9816346046"><ele>99.000</ele></trkpt>
      <trkpt lat="22.2314195084" lon="113.9816362476"><ele>99.000</ele></trkpt>
      <trkpt lat="22.2314112456" lon="113.9816364531"><ele>99.000</ele></trkpt>
      <trkpt lat="22.2313389647" lon="113.9816368150"><ele>102.000</ele></trkpt>
      <trkpt lat="22.2313297877" lon="113.9816352855"><ele>102.000</ele></trkpt>
      <trkpt lat="22.2313011491" lon="113.9816257708"><ele>102.000</ele></trkpt>
      <trkpt lat="22.2312924330" lon="113.9816244928"><ele>102.000</ele></trkpt>
      <trkpt lat="22.2312766164" lon="113.9816212070"><ele>102.000</ele></trkpt>
      <trkpt lat="22.2312312046" lon="113.9816165267"><ele>101.000</ele></trkpt>
      <trkpt lat="22.2312190400" lon="113.9816162234"><ele>98.000</ele></trkpt>
      <trkpt lat="22.2312105436" lon="113.9816174089"><ele>98.000</ele></trkpt>
      <trkpt lat="22.2311995212" lon="113.9816207997"><ele>98.000</ele></trkpt>
      <trkpt lat="22.2311900970" lon="113.9816239555"><ele>98.000</ele></trkpt>
      <trkpt lat="22.2311825066" lon="113.9816276228"><ele>98.000</ele></trkpt>
      <trkpt lat="22.2311762816" lon="113.9816327626"><ele>98.000</ele></trkpt>
      <trkpt lat="22.2311707445" lon="113.9816391431"><ele>96.000</ele></trkpt>
      <trkpt lat="22.2311640380" lon="113.9816494633"><ele>96.000</ele></trkpt>
      <trkpt lat="22.2311568662" lon="113.9816632373"><ele>97.000</ele></trkpt>
      <trkpt lat="22.2311531556" lon="113.9816716037"><ele>97.000</ele></trkpt>
      <trkpt lat="22.2311367191" lon="113.9817011043"><ele>97.000</ele></trkpt>
      <trkpt lat="22.2311279388" lon="113.9817141239"><ele>96.000</ele></trkpt>
      <trkpt lat="22.2311217147" lon="113.9817200106"><ele>96.000</ele></trkpt>
      <trkpt lat="22.2311067467" lon="113.9817315257"><ele>96.000</ele></trkpt>
      <trkpt lat="22.2310922525" lon="113.9817390922"><ele>96.000</ele></trkpt>
      <trkpt lat="22.2310842094" lon="113.9817417611"><ele>94.000</ele></trkpt>
      <trkpt lat="22.2310587132" lon="113.9817470537"><ele>94.000</ele></trkpt>
      <trkpt lat="22.2310499907" lon="113.9817479969"><ele>94.000</ele></trkpt>
      <trkpt lat="22.2310348447" lon="113.9817466793"><ele>94.000</ele></trkpt>
      <trkpt lat="22.2310158132" lon="113.9817433786"><ele>94.000</ele></trkpt>
      <trkpt lat="22.2310089388" lon="113.9817416227"><ele>94.000</ele></trkpt>
      <trkpt lat="22.2309997772" lon="113.9817378719"><ele>94.000</ele></trkpt>
      <trkpt lat="22.2309826082" lon="113.9817289039"><ele>95.000</ele></trkpt>
      <trkpt lat="22.2309679611" lon="113.9817219306"><ele>95.000</ele></trkpt>
      <trkpt lat="22.2309514645" lon="113.9817164148"><ele>95.000</ele></trkpt>
      <trkpt lat="22.2309186835" lon="113.9817090980"><ele>98.000</ele></trkpt>
      <trkpt lat="22.2308850043" lon="113.9816983196"><ele>97.000</ele></trkpt>
      <trkpt lat="22.2308588853" lon="113.9816888111"><ele>98.000</ele></trkpt>
      <trkpt lat="22.2308497164" lon="113.9816865444"><ele>98.000</ele></trkpt>
      <trkpt lat="22.2308334401" lon="113.9816839965"><ele>98.000</ele></trkpt>
      <trkpt lat="22.2308182945" lon="113.9816829310"><ele>98.000</ele></trkpt>
      <trkpt lat="22.2308100320" lon="113.9816833790"><ele>99.000</ele></trkpt>
      <trkpt lat="22.2308010753" lon="113.9816848172"><ele>99.000</ele></trkpt>
      <trkpt lat="22.2307921107" lon="113.9816872352"><ele>99.000</ele></trkpt>
      <trkpt lat="22.2307840685" lon="113.9816906413"><ele>99.000</ele></trkpt>
      <trkpt lat="22.2307764787" lon="113.9816947936"><ele>99.000</ele></trkpt>
      <trkpt lat="22.2307635766" lon="113.9817045889"><ele>99.000</ele></trkpt>
      <trkpt lat="22.2307347802" lon="113.9817291013"><ele>102.000</ele></trkpt>
      <trkpt lat="22.2307050829" lon="113.9817479310"><ele>99.000</ele></trkpt>
      <trkpt lat="22.2306827656" lon="113.9817608820"><ele>100.000</ele></trkpt>
      <trkpt lat="22.2306652698" lon="113.9817731183"><ele>99.000</ele></trkpt>
      <trkpt lat="22.2306385550" lon="113.9817939419"><ele>99.000</ele></trkpt>
      <trkpt lat="22.2306256602" lon="113.9818022531"><ele>99.000</ele></trkpt>
      <trkpt lat="22.2306185304" lon="113.9818059198"><ele>104.000</ele></trkpt>
      <trkpt lat="22.2306109463" lon="113.9818073561"><ele>104.000</ele></trkpt>
      <trkpt lat="22.2305999367" lon="113.9818063141"><ele>104.000</ele></trkpt>
      <trkpt lat="22.2305903230" lon="113.9818020692"><ele>99.000</ele></trkpt>
      <trkpt lat="22.2305756745" lon="113.9817938640"><ele>99.000</ele></trkpt>
      <trkpt lat="22.2305690406" lon="113.9817893919"><ele>99.000</ele></trkpt>
      <trkpt lat="22.2305557883" lon="113.9817782263"><ele>99.000</ele></trkpt>
      <trkpt lat="22.2305473203" lon="113.9817730001"><ele>99.000</ele></trkpt>
      <trkpt lat="22.2305397589" lon="113.9817707409"><ele>98.000</ele></trkpt>
      <trkpt lat="22.2305221004" lon="113.9817676904"><ele>98.000</ele></trkpt>
      <trkpt lat="22.2305058090" lon="113.9817676063"><ele>98.000</ele></trkpt>
      <trkpt lat="22.2304968517" lon="113.9817685499"><ele>97.000</ele></trkpt>
      <trkpt lat="22.2304380503" lon="113.9817813088"><ele>98.000</ele></trkpt>
      <trkpt lat="22.2304111948" lon="113.9817826458"><ele>98.000</ele></trkpt>
      <trkpt lat="22.2303855018" lon="113.9817820217"><ele>99.000</ele></trkpt>
      <trkpt lat="22.2303619327" lon="113.9817752742"><ele>100.000</ele></trkpt>
      <trkpt lat="22.2303481383" lon="113.9817714424"><ele>100.000</ele></trkpt>
      <trkpt lat="22.2303140867" lon="113.9817588992"><ele>101.000</ele></trkpt>
      <trkpt lat="22.2303072066" lon="113.9817599466"><ele>101.000</ele></trkpt>
      <trkpt lat="22.2302957384" lon="113.9817605251"><ele>101.000</ele></trkpt>
      <trkpt lat="22.2302823961" lon="113.9817571874"><ele>100.000</ele></trkpt>
      <trkpt lat="22.2302718484" lon="113.9817572699"><ele>100.000</ele></trkpt>
      <trkpt lat="22.2302590105" lon="113.9817603334"><ele>102.000</ele></trkpt>
      <trkpt lat="22.2302512393" lon="113.9817638458"><ele>102.000</ele></trkpt>
      <trkpt lat="22.2302453025" lon="113.9817683256"><ele>102.000</ele></trkpt>
      <trkpt lat="22.2302325390" lon="113.9817807493"><ele>102.000</ele></trkpt>
      <trkpt lat="22.2302079782" lon="113.9818129865"><ele>102.000</ele></trkpt>
      <trkpt lat="22.2301979690" lon="113.9818253870"><ele>102.000</ele></trkpt>
      <trkpt lat="22.2301821749" lon="113.9818634707"><ele>103.000</ele></trkpt>
      <trkpt lat="22.2301740188" lon="113.9818773333"><ele>103.000</ele></trkpt>
      <trkpt lat="22.2301666889" lon="113.9818798556"><ele>103.000</ele></trkpt>
      <trkpt lat="22.2301588859" lon="113.9818794299"><ele>103.000</ele></trkpt>
      <trkpt lat="22.2301515009" lon="113.9818735718"><ele>103.000</ele></trkpt>
      <trkpt lat="22.2301454554" lon="113.9818627746"><ele>103.000</ele></trkpt>
      <trkpt lat="22.2301329677" lon="113.9818490764"><ele>102.000</ele></trkpt>
      <trkpt lat="22.2301246189" lon="113.9818378071"><ele>102.000</ele></trkpt>
      <trkpt lat="22.2301084653" lon="113.9818246378"><ele>102.000</ele></trkpt>
      <trkpt lat="22.2300987757" lon="113.9818173181"><ele>102.000</ele></trkpt>
      <trkpt lat="22.2300848949" lon="113.9818016625"><ele>102.000</ele></trkpt>
      <trkpt lat="22.2300751524" lon="113.9817879411"><ele>102.000</ele></trkpt>
      <trkpt lat="22.2300611413" lon="113.9817540404"><ele>98.000</ele></trkpt>
      <trkpt lat="22.2300573459" lon="113.9817368286"><ele>98.000</ele></trkpt>
      <trkpt lat="22.2300516854" lon="113.9817156812"><ele>98.000</ele></trkpt>
      <trkpt lat="22.2300441808" lon="113.9816930621"><ele>100.000</ele></trkpt>
      <trkpt lat="22.2300367196" lon="113.9816763694"><ele>100.000</ele></trkpt>
      <trkpt lat="22.2300186247" lon="113.9816484203"><ele>100.000</ele></trkpt>
      <trkpt lat="22.2300010798" lon="113.9816347680"><ele>103.000</ele></trkpt>
      <trkpt lat="22.2299756551" lon="113.9816093413"><ele>100.000</ele></trkpt>
      <trkpt lat="22.2299599627" lon="113.9815966563"><ele>100.000</ele></trkpt>
      <trkpt lat="22.2299079710" lon="113.9815798216"><ele>103.000</ele></trkpt>
      <trkpt lat="22.2298729989" lon="113.9815677842"><ele>103.000</ele></trkpt>
      <trkpt lat="22.2298628913" lon="113.9815658873"><ele>103.000</ele></trkpt>
      <trkpt lat="22.2298477369" lon="113.9815650256"><ele>103.000</ele></trkpt>
      <trkpt lat="22.2298289172" lon="113.9815651778"><ele>103.000</ele></trkpt>
      <trkpt lat="22.2298091962" lon="113.9815668153"><ele>103.000</ele></trkpt>
      <trkpt lat="22.2297674292" lon="113.9815666597"><ele>103.000</ele></trkpt>
      <trkpt lat="22.2297509255" lon="113.9815702424"><ele>103.000</ele></trkpt>
      <trkpt lat="22.2297252461" lon="113.9815734110"><ele>101.000</ele></trkpt>
      <trkpt lat="22.2296756779" lon="113.9815743041"><ele>103.000</ele></trkpt>
      <trkpt lat="22.2296518095" lon="113.9815740073"><ele>103.000</ele></trkpt>
      <trkpt lat="22.2296302553" lon="113.9815756570"><ele>103.000</ele></trkpt>
      <trkpt lat="22.2296109973" lon="113.9815792629"><ele>103.000</ele></trkpt>
      <trkpt lat="22.2296018342" lon="113.9815817975"><ele>103.000</ele></trkpt>
      <trkpt lat="22.2295963676" lon="113.9815867714"><ele>103.000</ele></trkpt>
      <trkpt lat="22.2295891572" lon="113.9816060547"><ele>98.000</ele></trkpt>
      <trkpt lat="22.2295801352" lon="113.9816282990"><ele>98.000</ele></trkpt>
      <trkpt lat="22.2295766218" lon="113.9816505066"><ele>98.000</ele></trkpt>
      <trkpt lat="22.2295703637" lon="113.9816732320"><ele>100.000</ele></trkpt>
      <trkpt lat="22.2295576116" lon="113.9816876246"><ele>100.000</ele></trkpt>
      <trkpt lat="22.2295420296" lon="113.9816917007"><ele>96.000</ele></trkpt>
      <trkpt lat="22.2295296181" lon="113.9816888371"><ele>96.000</ele></trkpt>
      <trkpt lat="22.2295236255" lon="113.9816844514"><ele>96.000</ele></trkpt>
      <trkpt lat="22.2295065081" lon="113.9816658613"><ele>96.000</ele></trkpt>
      <trkpt lat="22.2294967537" lon="113.9816496762"><ele>94.000</ele></trkpt>
      <trkpt lat="22.2294884031" lon="113.9816369327"><ele>94.000</ele></trkpt>
      <trkpt lat="22.2294703970" lon="113.9816227863"><ele>94.000</ele></trkpt>
      <trkpt lat="22.2294524444" lon="113.9816155364"><ele>96.000</ele></trkpt>
      <trkpt lat="22.2294363142" lon="113.9816067901"><ele>96.000</ele></trkpt>
      <trkpt lat="22.2294210823" lon="113.9815941046"><ele>96.000</ele></trkpt>
      <trkpt lat="22.2294095180" lon="113.9815823645"><ele>100.000</ele></trkpt>
      <trkpt lat="22.2294016388" lon="113.9815710947"><ele>100.000</ele></trkpt>
      <trkpt lat="22.2293923443" lon="113.9815544143"><ele>98.000</ele></trkpt>
      <trkpt lat="22.2293880780" lon="113.9815362139"><ele>98.000</ele></trkpt>
      <trkpt lat="22.2293810341" lon="113.9815135942"><ele>96.000</ele></trkpt>
      <trkpt lat="22.2293730258" lon="113.9814850784"><ele>96.000</ele></trkpt>
      <trkpt lat="22.2293646205" lon="113.9814644393"><ele>97.000</ele></trkpt>
      <trkpt lat="22.2293506424" lon="113.9814354760"><ele>97.000</ele></trkpt>
      <trkpt lat="22.2293394942" lon="113.9814168389"><ele>97.000</ele></trkpt>
      <trkpt lat="22.2293214336" lon="113.9813948067"><ele>100.000</ele></trkpt>
      <trkpt lat="22.2293047989" lon="113.9813796594"><ele>100.000</ele></trkpt>
      <trkpt lat="22.2292688061" lon="113.9813523464"><ele>103.000</ele></trkpt>
      <trkpt lat="22.2292484840" lon="113.9813347696"><ele>103.000</ele></trkpt>
      <trkpt lat="22.2292313769" lon="113.9813171690"><ele>103.000</ele></trkpt>
      <trkpt lat="22.2292281182" lon="113.9813107814"><ele>103.000</ele></trkpt>
      <trkpt lat="22.2292257169" lon="113.9812965165"><ele>103.000</ele></trkpt>
      <trkpt lat="22.2292246427" lon="113.9812743444"><ele>103.000</ele></trkpt>
      <trkpt lat="22.2292217467" lon="113.9812541536"><ele>102.000</ele></trkpt>
      <trkpt lat="22.2292133306" lon="113.9812320500"><ele>102.000</ele></trkpt>
      <trkpt lat="22.2291956872" lon="113.9812041005"><ele>100.000</ele></trkpt>
      <trkpt lat="22.2291804030" lon="113.9811854886"><ele>102.000</ele></trkpt>
      <trkpt lat="22.2291646884" lon="113.9811693507"><ele>100.000</ele></trkpt>
      <trkpt lat="22.2291461875" lon="113.9811492980"><ele>100.000</ele></trkpt>
      <trkpt lat="22.2291142891" lon="113.9811175175"><ele>101.000</ele></trkpt>
      <trkpt lat="22.2290962824" lon="113.9811028766"><ele>103.000</ele></trkpt>
      <trkpt lat="22.2290764756" lon="113.9810931850"><ele>103.000</ele></trkpt>
      <trkpt lat="22.2290548787" lon="113.9810894127"><ele>103.000</ele></trkpt>
      <trkpt lat="22.2290291903" lon="113.9810925813"><ele>103.000</ele></trkpt>
      <trkpt lat="22.2290122231" lon="113.9810937010"><ele>103.000</ele></trkpt>
      <trkpt lat="22.2289933721" lon="113.9810904001"><ele>103.000</ele></trkpt>
      <trkpt lat="22.2289772731" lon="113.9810851070"><ele>103.000</ele></trkpt>
      <trkpt lat="22.2289606589" lon="113.9810719385"><ele>102.000</ele></trkpt>
      <trkpt lat="22.2289583111" lon="113.9810645603"><ele>102.000</ele></trkpt>
      <trkpt lat="22.2289582036" lon="113.9810502728"><ele>102.000</ele></trkpt>
      <trkpt lat="22.2289649636" lon="113.9810319795"><ele>99.000</ele></trkpt>
      <trkpt lat="22.2289725823" lon="113.9810067886"><ele>99.000</ele></trkpt>
      <trkpt lat="22.2289765453" lon="113.9809830964"><ele>98.000</ele></trkpt>
      <trkpt lat="22.2289845266" lon="113.9809440926"><ele>98.000</ele></trkpt>
      <trkpt lat="22.2289871494" lon="113.9809248544"><ele>98.000</ele></trkpt>
      <trkpt lat="22.2289892912" lon="113.9809036382"><ele>98.000</ele></trkpt>
      <trkpt lat="22.2289873061" lon="113.9808824666"><ele>96.000</ele></trkpt>
      <trkpt lat="22.2289793637" lon="113.9808637960"><ele>96.000</ele></trkpt>
      <trkpt lat="22.2289640987" lon="113.9808461832"><ele>96.000</ele></trkpt>
      <trkpt lat="22.2289478826" lon="113.9808261080"><ele>97.000</ele></trkpt>
      <trkpt lat="22.2289312581" lon="113.9808119501"><ele>97.000</ele></trkpt>
      <trkpt lat="22.2289146547" lon="113.9808002560"><ele>99.000</ele></trkpt>
      <trkpt lat="22.2288961971" lon="113.9807861104"><ele>96.000</ele></trkpt>
      <trkpt lat="22.2288606983" lon="113.9807642191"><ele>98.000</ele></trkpt>
      <trkpt lat="22.2288491111" lon="113.9807485411"><ele>98.000</ele></trkpt>
      <trkpt lat="22.2288471265" lon="113.9807278544"><ele>95.000</ele></trkpt>
      <trkpt lat="22.2288492074" lon="113.9806336967"><ele>91.000</ele></trkpt>
      <trkpt lat="22.2288508772" lon="113.9806105219"><ele>91.000</ele></trkpt>
      <trkpt lat="22.2288506706" lon="113.9805814425"><ele>88.000</ele></trkpt>
      <trkpt lat="22.2288482470" lon="113.9805637246"><ele>88.000</ele></trkpt>
      <trkpt lat="22.2288444617" lon="113.9805474926"><ele>88.000</ele></trkpt>
      <trkpt lat="22.2288420700" lon="113.9805337127"><ele>87.000</ele></trkpt>
      <trkpt lat="22.2288275987" lon="113.9805003077"><ele>87.000</ele></trkpt>
      <trkpt lat="22.2288132674" lon="113.9804856423"><ele>86.000</ele></trkpt>
      <trkpt lat="22.2287873927" lon="113.9804617008"><ele>86.000</ele></trkpt>
      <trkpt lat="22.2287694190" lon="113.9804519873"><ele>86.000</ele></trkpt>
      <trkpt lat="22.2287597828" lon="113.9804515740"><ele>86.000</ele></trkpt>
      <trkpt lat="22.2287190049" lon="113.9804627466"><ele>87.000</ele></trkpt>
      <trkpt lat="22.2286984385" lon="113.9804747446"><ele>87.000</ele></trkpt>
      <trkpt lat="22.2286838323" lon="113.9804866858"><ele>86.000</ele></trkpt>
      <trkpt lat="22.2286601471" lon="113.9805110262"><ele>88.000</ele></trkpt>
      <trkpt lat="22.2286455740" lon="113.9805279045"><ele>87.000</ele></trkpt>
      <trkpt lat="22.2286378472" lon="113.9805383133"><ele>87.000</ele></trkpt>
      <trkpt lat="22.2286260380" lon="113.9805556631"><ele>92.000</ele></trkpt>
      <trkpt lat="22.2286146365" lon="113.9805666007"><ele>92.000</ele></trkpt>
      <trkpt lat="22.2285712982" lon="113.9806039078"><ele>96.000</ele></trkpt>
      <trkpt lat="22.2285584801" lon="113.9806084457"><ele>96.000</ele></trkpt>
      <trkpt lat="22.2285392425" lon="113.9806140303"><ele>95.000</ele></trkpt>
      <trkpt lat="22.2285241205" lon="113.9806176014"><ele>95.000</ele></trkpt>
      <trkpt lat="22.2284874238" lon="113.9806208534"><ele>91.000</ele></trkpt>
      <trkpt lat="22.2284640262" lon="113.9806215358"><ele>89.000</ele></trkpt>
      <trkpt lat="22.2284498049" lon="113.9806231270"><ele>89.000</ele></trkpt>
      <trkpt lat="22.2284140738" lon="113.9806332740"><ele>87.000</ele></trkpt>
      <trkpt lat="22.2283934743" lon="113.9806403349"><ele>87.000</ele></trkpt>
      <trkpt lat="22.2283463843" lon="113.9806668417"><ele>87.000</ele></trkpt>
      <trkpt lat="22.2283267186" lon="113.9806768597"><ele>84.000</ele></trkpt>
      <trkpt lat="22.2282892300" lon="113.9806973684"><ele>87.000</ele></trkpt>
      <trkpt lat="22.2282700362" lon="113.9807093547"><ele>85.000</ele></trkpt>
      <trkpt lat="22.2282517648" lon="113.9807223098"><ele>85.000</ele></trkpt>
      <trkpt lat="22.2282353145" lon="113.9807327986"><ele>85.000</ele></trkpt>
      <trkpt lat="22.2282019943" lon="113.9807577051"><ele>88.000</ele></trkpt>
      <trkpt lat="22.2281887704" lon="113.9807701390"><ele>85.000</ele></trkpt>
      <trkpt lat="22.2281686873" lon="113.9807860646"><ele>85.000</ele></trkpt>
      <trkpt lat="22.2281559017" lon="113.9807950449"><ele>88.000</ele></trkpt>
      <trkpt lat="22.2281376741" lon="113.9808144113"><ele>84.000</ele></trkpt>
      <trkpt lat="22.2281239884" lon="113.9808258565"><ele>84.000</ele></trkpt>
      <trkpt lat="22.2281034772" lon="113.9808462348"><ele>84.000</ele></trkpt>
      <trkpt lat="22.2280920955" lon="113.9808586467"><ele>84.000</ele></trkpt>
      <trkpt lat="22.2280766426" lon="113.9808799589"><ele>84.000</ele></trkpt>
      <trkpt lat="22.2280539470" lon="113.9809161216"><ele>84.000</ele></trkpt>
      <trkpt lat="22.2280444098" lon="113.9809304902"><ele>84.000</ele></trkpt>
      <trkpt lat="22.2280363096" lon="113.9809532277"><ele>84.000</ele></trkpt>
      <trkpt lat="22.2280164001" lon="113.9809933148"><ele>86.000</ele></trkpt>
      <trkpt lat="22.2279906397" lon="113.9810492107"><ele>84.000</ele></trkpt>
      <trkpt lat="22.2279747161" lon="113.9810695439"><ele>84.000</ele></trkpt>
      <trkpt lat="22.2279642356" lon="113.9810804705"><ele>82.000</ele></trkpt>
      <trkpt lat="22.2279483324" lon="113.9811027823"><ele>84.000</ele></trkpt>
      <trkpt lat="22.2279424815" lon="113.9811186008"><ele>84.000</ele></trkpt>
      <trkpt lat="22.2279371145" lon="113.9811388513"><ele>84.000</ele></trkpt>
      <trkpt lat="22.2279344905" lon="113.9811571097"><ele>84.000</ele></trkpt>
      <trkpt lat="22.2279272579" lon="113.9811729398"><ele>84.000</ele></trkpt>
      <trkpt lat="22.2278989972" lon="113.9811997790"><ele>83.000</ele></trkpt>
      <trkpt lat="22.2278880351" lon="113.9812082426"><ele>83.000</ele></trkpt>
      <trkpt lat="22.2278697948" lon="113.9812246603"><ele>80.000</ele></trkpt>
      <trkpt lat="22.2278570194" lon="113.9812346201"><ele>82.000</ele></trkpt>
      <trkpt lat="22.2278396810" lon="113.9812500374"><ele>82.000</ele></trkpt>
      <trkpt lat="22.2278264672" lon="113.9812634509"><ele>81.000</ele></trkpt>
      <trkpt lat="22.2278095882" lon="113.9812778782"><ele>83.000</ele></trkpt>
      <trkpt lat="22.2277963738" lon="113.9812907970"><ele>83.000</ele></trkpt>
      <trkpt lat="22.2277813610" lon="113.9813101395"><ele>80.000</ele></trkpt>
      <trkpt lat="22.2277713633" lon="113.9813245185"><ele>80.000</ele></trkpt>
      <trkpt lat="22.2277622981" lon="113.9813408555"><ele>80.000</ele></trkpt>
      <trkpt lat="22.2277555261" lon="113.9813566752"><ele>80.000</ele></trkpt>
      <trkpt lat="22.2277519803" lon="113.9813744498"><ele>80.000</ele></trkpt>
      <trkpt lat="22.2277479722" lon="113.9813907507"><ele>80.000</ele></trkpt>
      <trkpt lat="22.2277408057" lon="113.9814164355"><ele>77.000</ele></trkpt>
      <trkpt lat="22.2277340438" lon="113.9814332446"><ele>78.000</ele></trkpt>
      <trkpt lat="22.2277185909" lon="113.9814545663"><ele>78.000</ele></trkpt>
      <trkpt lat="22.2277080990" lon="113.9814635142"><ele>78.000</ele></trkpt>
      <trkpt lat="22.2276893722" lon="113.9814733852"><ele>79.000</ele></trkpt>
      <trkpt lat="22.2276820349" lon="113.9814847246"><ele>79.000</ele></trkpt>
      <trkpt lat="22.2276554359" lon="113.9815192338"><ele>82.000</ele></trkpt>
      <trkpt lat="22.2276384681" lon="113.9815350094"><ele>79.000</ele></trkpt>
      <trkpt lat="22.2276279220" lon="113.9815438895"><ele>79.000</ele></trkpt>
      <trkpt lat="22.2276160018" lon="113.9815591731"><ele>79.000</ele></trkpt>
      <trkpt lat="22.2275994885" lon="113.9815774118"><ele>80.000</ele></trkpt>
      <trkpt lat="22.2275935299" lon="113.9815862855"><ele>80.000</ele></trkpt>
      <trkpt lat="22.2275884834" lon="113.9815951579"><ele>80.000</ele></trkpt>
      <trkpt lat="22.2275802338" lon="113.9816138896"><ele>80.000</ele></trkpt>
      <trkpt lat="22.2275742746" lon="113.9816222783"><ele>82.000</ele></trkpt>
      <trkpt lat="22.2275632678" lon="113.9816311493"><ele>82.000</ele></trkpt>
      <trkpt lat="22.2275582292" lon="113.9816390420"><ele>80.000</ele></trkpt>
      <trkpt lat="22.2275380505" lon="113.9816656565"><ele>83.000</ele></trkpt>
      <trkpt lat="22.2275316331" lon="113.9816760149"><ele>83.000</ele></trkpt>
      <trkpt lat="22.2275174203" lon="113.9816922813"><ele>81.000</ele></trkpt>
      <trkpt lat="22.2274921941" lon="113.9817193975"><ele>82.000</ele></trkpt>
      <trkpt lat="22.2274825635" lon="113.9817312346"><ele>82.000</ele></trkpt>
      <trkpt lat="22.2274692709" lon="113.9817617970"><ele>81.000</ele></trkpt>
      <trkpt lat="22.2274656179" lon="113.9817805223"><ele>81.000</ele></trkpt>
      <trkpt lat="22.2274651684" lon="113.9817972838"><ele>81.000</ele></trkpt>
      <trkpt lat="22.2274706838" lon="113.9818179751"><ele>81.000</ele></trkpt>
      <trkpt lat="22.2274734541" lon="113.9818312791"><ele>84.000</ele></trkpt>
      <trkpt lat="22.2274831173" lon="113.9818692202"><ele>84.000</ele></trkpt>
      <trkpt lat="22.2274918476" lon="113.9818899168"><ele>84.000</ele></trkpt>
      <trkpt lat="22.2274959857" lon="113.9819066719"><ele>84.000</ele></trkpt>
      <trkpt lat="22.2274996756" lon="113.9819337675"><ele>84.000</ele></trkpt>
      <trkpt lat="22.2275015228" lon="113.9819529895"><ele>84.000</ele></trkpt>
      <trkpt lat="22.2275088846" lon="113.9819771313"><ele>82.000</ele></trkpt>
      <trkpt lat="22.2275116553" lon="113.9819983211"><ele>82.000</ele></trkpt>
      <trkpt lat="22.2275130740" lon="113.9820594363"><ele>84.000</ele></trkpt>
      <trkpt lat="22.2275121657" lon="113.9820776630"><ele>84.000</ele></trkpt>
      <trkpt lat="22.2275094216" lon="113.9821013241"><ele>84.000</ele></trkpt>
      <trkpt lat="22.2275053056" lon="113.9821180810"><ele>84.000</ele></trkpt>
      <trkpt lat="22.2275011932" lon="113.9821377963"><ele>84.000</ele></trkpt>
      <trkpt lat="22.2274938605" lon="113.9821530735"><ele>86.000</ele></trkpt>
      <trkpt lat="22.2274846945" lon="113.9821757541"><ele>86.000</ele></trkpt>
      <trkpt lat="22.2274732305" lon="113.9821949751"><ele>84.000</ele></trkpt>
      <trkpt lat="22.2274617737" lon="113.9822127218"><ele>85.000</ele></trkpt>
      <trkpt lat="22.2274420571" lon="113.9822482204"><ele>87.000</ele></trkpt>
      <trkpt lat="22.2274328894" lon="113.9822620161"><ele>87.000</ele></trkpt>
      <trkpt lat="22.2274241841" lon="113.9822773050"><ele>84.000</ele></trkpt>
      <trkpt lat="22.2274159309" lon="113.9822930782"><ele>84.000</ele></trkpt>
      <trkpt lat="22.2274076877" lon="113.9823172319"><ele>86.000</ele></trkpt>
      <trkpt lat="22.2273962411" lon="113.9823586261"><ele>87.000</ele></trkpt>
      <trkpt lat="22.2273925773" lon="113.9823758770"><ele>87.000</ele></trkpt>
      <trkpt lat="22.2273912174" lon="113.9823941141"><ele>88.000</ele></trkpt>
      <trkpt lat="22.2273948901" lon="113.9824069318"><ele>88.000</ele></trkpt>
      <trkpt lat="22.2274040917" lon="113.9824291021"><ele>88.000</ele></trkpt>
      <trkpt lat="22.2274114364" lon="113.9824389565"><ele>88.000</ele></trkpt>
      <trkpt lat="22.2274197087" lon="113.9824542219"><ele>86.000</ele></trkpt>
      <trkpt lat="22.2274220087" lon="113.9824670319"><ele>86.000</ele></trkpt>
      <trkpt lat="22.2274270684" lon="113.9824842805"><ele>86.000</ele></trkpt>
      <trkpt lat="22.2274307584" lon="113.9825039946"><ele>91.000</ele></trkpt>
      <trkpt lat="22.2274321503" lon="113.9825276500"><ele>91.000</ele></trkpt>
      <trkpt lat="22.2274294032" lon="113.9825488377"><ele>91.000</ele></trkpt>
      <trkpt lat="22.2274289613" lon="113.9825720009"><ele>91.000</ele></trkpt>
      <trkpt lat="22.2274271373" lon="113.9825872803"><ele>88.000</ele></trkpt>
      <trkpt lat="22.2274207286" lon="113.9826050296"><ele>88.000</ele></trkpt>
      <trkpt lat="22.2274133936" lon="113.9826183379"><ele>88.000</ele></trkpt>
      <trkpt lat="22.2273996263" lon="113.9826296762"><ele>88.000</ele></trkpt>
      <trkpt lat="22.2273817329" lon="113.9826341239"><ele>88.000</ele></trkpt>
      <trkpt lat="22.2273619997" lon="113.9826331423"><ele>88.000</ele></trkpt>
      <trkpt lat="22.2273463918" lon="113.9826306904"><ele>88.000</ele></trkpt>
      <trkpt lat="22.2273372178" lon="113.9826316827"><ele>88.000</ele></trkpt>
      <trkpt lat="22.2273298795" lon="113.9826346415"><ele>88.000</ele></trkpt>
      <trkpt lat="22.2273165734" lon="113.9826464739"><ele>90.000</ele></trkpt>
      <trkpt lat="22.2272867735" lon="113.9826854199"><ele>90.000</ele></trkpt>
      <trkpt lat="22.2272546695" lon="113.9827307805"><ele>90.000</ele></trkpt>
      <trkpt lat="22.2272487128" lon="113.9827337374"><ele>94.000</ele></trkpt>
      <trkpt lat="22.2272427453" lon="113.9827352199"><ele>93.000</ele></trkpt>
      <trkpt lat="22.2272317267" lon="113.9827342361"><ele>93.000</ele></trkpt>
      <trkpt lat="22.2272119879" lon="113.9827209457"><ele>90.000</ele></trkpt>
      <trkpt lat="22.2271816757" lon="113.9826938577"><ele>90.000</ele></trkpt>
      <trkpt lat="22.2271752508" lon="113.9826904038"><ele>90.000</ele></trkpt>
      <trkpt lat="22.2271536780" lon="113.9826840124"><ele>90.000</ele></trkpt>
      <trkpt lat="22.2271197174" lon="113.9826795974"><ele>87.000</ele></trkpt>
      <trkpt lat="22.2271027339" lon="113.9826746740"><ele>86.000</ele></trkpt>
      <trkpt lat="22.2270813658" lon="113.9826665577"><ele>86.000</ele></trkpt>
      <trkpt lat="22.2270187373" lon="113.9826574662"><ele>85.000</ele></trkpt>
      <trkpt lat="22.2269948681" lon="113.9826565000"><ele>85.000</ele></trkpt>
      <trkpt lat="22.2269517304" lon="113.9826579950"><ele>84.000</ele></trkpt>
      <trkpt lat="22.2269140950" lon="113.9826540700"><ele>83.000</ele></trkpt>
      <trkpt lat="22.2268961980" lon="113.9826555593"><ele>83.000</ele></trkpt>
      <trkpt lat="22.2268539795" lon="113.9826629794"><ele>82.000</ele></trkpt>
      <trkpt lat="22.2268099236" lon="113.9826669392"><ele>82.000</ele></trkpt>
      <trkpt lat="22.2267856094" lon="113.9826713860"><ele>81.000</ele></trkpt>
      <trkpt lat="22.2267677081" lon="113.9826768230"><ele>81.000</ele></trkpt>
      <trkpt lat="22.2267479808" lon="113.9826807688"><ele>80.000</ele></trkpt>
      <trkpt lat="22.2267287039" lon="113.9826837343"><ele>80.000</ele></trkpt>
      <trkpt lat="22.2267030091" lon="113.9826891723"><ele>82.000</ele></trkpt>
      <trkpt lat="22.2266851133" lon="113.9826916412"><ele>82.000</ele></trkpt>
      <trkpt lat="22.2266621688" lon="113.9826936321"><ele>82.000</ele></trkpt>
      <trkpt lat="22.2266245408" lon="113.9827034998"><ele>82.000</ele></trkpt>
      <trkpt lat="22.2266061885" lon="113.9827094224"><ele>82.000</ele></trkpt>
      <trkpt lat="22.2265846266" lon="113.9827197821"><ele>82.000</ele></trkpt>
      <trkpt lat="22.2265681140" lon="113.9827311338"><ele>80.000</ele></trkpt>
      <trkpt lat="22.2265493016" lon="113.9827449428"><ele>83.000</ele></trkpt>
      <trkpt lat="22.2265194847" lon="113.9827695915"><ele>80.000</ele></trkpt>
      <trkpt lat="22.2265098607" lon="113.9827794594"><ele>80.000</ele></trkpt>
      <trkpt lat="22.2265011453" lon="113.9827863581"><ele>82.000</ele></trkpt>
      <trkpt lat="22.2264919753" lon="113.9827981944"><ele>82.000</ele></trkpt>
      <trkpt lat="22.2264846431" lon="113.9828139662"><ele>82.000</ele></trkpt>
      <trkpt lat="22.2264791495" lon="113.9828341779"><ele>80.000</ele></trkpt>
      <trkpt lat="22.2264731900" lon="113.9828499478"><ele>80.000</ele></trkpt>
      <trkpt lat="22.2264667758" lon="113.9828706457"><ele>80.000</ele></trkpt>
      <trkpt lat="22.2264644938" lon="113.9828805036"><ele>80.000</ele></trkpt>
      <trkpt lat="22.2264644953" lon="113.9828893786"><ele>80.000</ele></trkpt>
      <trkpt lat="22.2264709376" lon="113.9829149959"><ele>80.000</ele></trkpt>
      <trkpt lat="22.2264769141" lon="113.9829361908"><ele>79.000</ele></trkpt>
      <trkpt lat="22.2264851899" lon="113.9829544145"><ele>84.000</ele></trkpt>
      <trkpt lat="22.2264907089" lon="113.9829706730"><ele>84.000</ele></trkpt>
      <trkpt lat="22.2264966854" lon="113.9829918680"><ele>82.000</ele></trkpt>
      <trkpt lat="22.2265063482" lon="113.9830298089"><ele>80.000</ele></trkpt>
      <trkpt lat="22.2265109532" lon="113.9830519757"><ele>80.000</ele></trkpt>
      <trkpt lat="22.2265141837" lon="113.9830726798"><ele>80.000</ele></trkpt>
      <trkpt lat="22.2265146509" lon="113.9830933779"><ele>80.000</ele></trkpt>
      <trkpt lat="22.2265178785" lon="113.9831116086"><ele>80.000</ele></trkpt>
      <trkpt lat="22.2265188188" lon="113.9831505412"><ele>80.000</ele></trkpt>
      <trkpt lat="22.2265151631" lon="113.9831746883"><ele>80.000</ele></trkpt>
      <trkpt lat="22.2265128914" lon="113.9832008122"><ele>80.000</ele></trkpt>
      <trkpt lat="22.2265129223" lon="113.9832495911"><ele>78.000</ele></trkpt>
      <trkpt lat="22.2265060822" lon="113.9833146552"><ele>78.000</ele></trkpt>
      <trkpt lat="22.2264987498" lon="113.9833378180"><ele>79.000</ele></trkpt>
      <trkpt lat="22.2264927914" lon="113.9833545772"><ele>79.000</ele></trkpt>
      <trkpt lat="22.2264859315" lon="113.9833802031"><ele>80.000</ele></trkpt>
      <trkpt lat="22.2264822740" lon="113.9834028759"><ele>80.000</ele></trkpt>
      <trkpt lat="22.2264841190" lon="113.9834280048"><ele>82.000</ele></trkpt>
      <trkpt lat="22.2264887271" lon="113.9834452539"><ele>82.000</ele></trkpt>
      <trkpt lat="22.2264891927" lon="113.9834570770"><ele>82.000</ele></trkpt>
      <trkpt lat="22.2264882778" lon="113.9834698913"><ele>82.000</ele></trkpt>
      <trkpt lat="22.2264818690" lon="113.9834876405"><ele>82.000</ele></trkpt>
      <trkpt lat="22.2264681123" lon="113.9835078538"><ele>78.000</ele></trkpt>
      <trkpt lat="22.2264566507" lon="113.9835216525"><ele>79.000</ele></trkpt>
      <trkpt lat="22.2264470259" lon="113.9835384168"><ele>79.000</ele></trkpt>
      <trkpt lat="22.2264383090" lon="113.9835517268"><ele>79.000</ele></trkpt>
      <trkpt lat="22.2264126339" lon="113.9835813067"><ele>76.000</ele></trkpt>
      <trkpt lat="22.2263984154" lon="113.9836005312"><ele>76.000</ele></trkpt>
      <trkpt lat="22.2263910820" lon="113.9836153233"><ele>76.000</ele></trkpt>
      <trkpt lat="22.2263823786" lon="113.9836399720"><ele>76.000</ele></trkpt>
      <trkpt lat="22.2263787175" lon="113.9836596864"><ele>77.000</ele></trkpt>
      <trkpt lat="22.2263750634" lon="113.9836853078"><ele>77.000</ele></trkpt>
      <trkpt lat="22.2263773877" lon="113.9837262172"><ele>77.000</ele></trkpt>
      <trkpt lat="22.2263773921" lon="113.9837375462"><ele>77.000</ele></trkpt>
      <trkpt lat="22.2263838413" lon="113.9837690802"><ele>77.000</ele></trkpt>
      <trkpt lat="22.2263921331" lon="113.9838237838"><ele>80.000</ele></trkpt>
      <trkpt lat="22.2264022646" lon="113.9838686205"><ele>80.000</ele></trkpt>
      <trkpt lat="22.2264220390" lon="113.9839425329"><ele>80.000</ele></trkpt>
      <trkpt lat="22.2264353766" lon="113.9839799839"><ele>80.000</ele></trkpt>
      <trkpt lat="22.2264537585" lon="113.9840218606"><ele>81.000</ele></trkpt>
      <trkpt lat="22.2264592794" lon="113.9840322025"><ele>81.000</ele></trkpt>
      <trkpt lat="22.2264666272" lon="113.9840524062"><ele>79.000</ele></trkpt>
      <trkpt lat="22.2264781338" lon="113.9840918288"><ele>78.000</ele></trkpt>
      <trkpt lat="22.2264836504" lon="113.9841061183"><ele>80.000</ele></trkpt>
      <trkpt lat="22.2264905479" lon="113.9841273023"><ele>80.000</ele></trkpt>
      <trkpt lat="22.2264960650" lon="113.9841420866"><ele>80.000</ele></trkpt>
      <trkpt lat="22.2265052493" lon="113.9841573605"><ele>80.000</ele></trkpt>
      <trkpt lat="22.2265125997" lon="113.9841721422"><ele>80.000</ele></trkpt>
      <trkpt lat="22.2265213321" lon="113.9841948077"><ele>80.000</ele></trkpt>
      <trkpt lat="22.2265286938" lon="113.9842115585"><ele>83.000</ele></trkpt>
      <trkpt lat="22.2265351266" lon="113.9842292901"><ele>83.000</ele></trkpt>
      <trkpt lat="22.2265401867" lon="113.9842470333"><ele>83.000</ele></trkpt>
      <trkpt lat="22.2265443274" lon="113.9842662521"><ele>83.000</ele></trkpt>
      <trkpt lat="22.2265461793" lon="113.9842820210"><ele>83.000</ele></trkpt>
      <trkpt lat="22.2265448137" lon="113.9843032067"><ele>82.000</ele></trkpt>
      <trkpt lat="22.2265407071" lon="113.9843357348"><ele>82.000</ele></trkpt>
      <trkpt lat="22.2265398145" lon="113.9843751646"><ele>82.000</ele></trkpt>
      <trkpt lat="22.2265375324" lon="113.9844002991"><ele>82.000</ele></trkpt>
      <trkpt lat="22.2265393761" lon="113.9844091717"><ele>82.000</ele></trkpt>
      <trkpt lat="22.2265467213" lon="113.9844195111"><ele>82.000</ele></trkpt>
      <trkpt lat="22.2265499487" lon="113.9844377418"><ele>80.000</ele></trkpt>
      <trkpt lat="22.2265596005" lon="113.9844589318"><ele>80.000</ele></trkpt>
      <trkpt lat="22.2265687887" lon="113.9844776490"><ele>80.000</ele></trkpt>
      <trkpt lat="22.2265770550" lon="113.9844879968"><ele>82.000</ele></trkpt>
      <trkpt lat="22.2265890002" lon="113.9845012980"><ele>82.000</ele></trkpt>
      <trkpt lat="22.2266009396" lon="113.9845096718"><ele>82.000</ele></trkpt>
      <trkpt lat="22.2266151684" lon="113.9845219805"><ele>82.000</ele></trkpt>
      <trkpt lat="22.2266248204" lon="113.9845357795"><ele>83.000</ele></trkpt>
      <trkpt lat="22.2266321688" lon="113.9845564682"><ele>83.000</ele></trkpt>
      <trkpt lat="22.2266344812" lon="113.9845722365"><ele>83.000</ele></trkpt>
      <trkpt lat="22.2266285285" lon="113.9845939231"><ele>84.000</ele></trkpt>
      <trkpt lat="22.2266225636" lon="113.9846052603"><ele>84.000</ele></trkpt>
      <trkpt lat="22.2266097232" lon="113.9846215342"><ele>82.000</ele></trkpt>
      <trkpt lat="22.2266010263" lon="113.9846442041"><ele>82.000</ele></trkpt>
      <trkpt lat="22.2265987416" lon="113.9846594840"><ele>82.000</ele></trkpt>
      <trkpt lat="22.2265987477" lon="113.9846722971"><ele>82.000</ele></trkpt>
      <trkpt lat="22.2266111694" lon="113.9847220678"><ele>84.000</ele></trkpt>
      <trkpt lat="22.2266111755" lon="113.9847348809"><ele>84.000</ele></trkpt>
      <trkpt lat="22.2266102762" lon="113.9847610030"><ele>84.000</ele></trkpt>
      <trkpt lat="22.2266079897" lon="113.9847747988"><ele>84.000</ele></trkpt>
      <trkpt lat="22.2266024906" lon="113.9847905680"><ele>84.000</ele></trkpt>
      <trkpt lat="22.2265983731" lon="113.9848063451"><ele>84.000</ele></trkpt>
      <trkpt lat="22.2265956324" lon="113.9848255636"><ele>84.000</ele></trkpt>
      <trkpt lat="22.2265759330" lon="113.9848837294"><ele>86.000</ele></trkpt>
      <trkpt lat="22.2265736520" lon="113.9848945668"><ele>83.000</ele></trkpt>
      <trkpt lat="22.2265722839" lon="113.9849137932"><ele>83.000</ele></trkpt>
      <trkpt lat="22.2265732164" lon="113.9849310377"><ele>82.000</ele></trkpt>
      <trkpt lat="22.2265773599" lon="113.9849527202"><ele>84.000</ele></trkpt>
      <trkpt lat="22.2265814983" lon="113.9849699700"><ele>84.000</ele></trkpt>
      <trkpt lat="22.2266109086" lon="113.9850290874"><ele>84.000</ele></trkpt>
      <trkpt lat="22.2266288265" lon="113.9850606156"><ele>87.000</ele></trkpt>
      <trkpt lat="22.2266384671" lon="113.9850724456"><ele>87.000</ele></trkpt>
      <trkpt lat="22.2266481254" lon="113.9850916570"><ele>87.000</ele></trkpt>
      <trkpt lat="22.2266614479" lon="113.9851241808"><ele>87.000</ele></trkpt>
      <trkpt lat="22.2266645924" lon="113.9851334299"><ele>90.000</ele></trkpt>
      <trkpt lat="22.2266763164" lon="113.9851659850"><ele>90.000</ele></trkpt>
      <trkpt lat="22.2266841683" lon="113.9851925898"><ele>90.000</ele></trkpt>
      <trkpt lat="22.2266851142" lon="113.9852058963"><ele>90.000</ele></trkpt>
      <trkpt lat="22.2266897378" lon="113.9852211765"><ele>90.000</ele></trkpt>
      <trkpt lat="22.2266911453" lon="113.9852354620"><ele>90.000</ele></trkpt>
      <trkpt lat="22.2266948502" lon="113.9852527124"><ele>90.000</ele></trkpt>
      <trkpt lat="22.2266962595" lon="113.9852684820"><ele>88.000</ele></trkpt>
      <trkpt lat="22.2266967471" lon="113.9852837678"><ele>88.000</ele></trkpt>
      <trkpt lat="22.2266949528" lon="113.9853015204"><ele>88.000</ele></trkpt>
      <trkpt lat="22.2266894929" lon="113.9853276583"><ele>88.000</ele></trkpt>
      <trkpt lat="22.2266881816" lon="113.9853567490"><ele>88.000</ele></trkpt>
      <trkpt lat="22.2266900503" lon="113.9853715286"><ele>88.000</ele></trkpt>
      <trkpt lat="22.2266905230" lon="113.9853818870"><ele>88.000</ele></trkpt>
      <trkpt lat="22.2266942345" lon="113.9853971587"><ele>88.000</ele></trkpt>
      <trkpt lat="22.2267030069" lon="113.9854232677"><ele>88.000</ele></trkpt>
      <trkpt lat="22.2267117416" lon="113.9854326159"><ele>90.000</ele></trkpt>
      <trkpt lat="22.2267283966" lon="113.9854961738"><ele>90.000</ele></trkpt>
      <trkpt lat="22.2267348854" lon="113.9855232752"><ele>89.000</ele></trkpt>
      <trkpt lat="22.2267432350" lon="113.9855661455"><ele>89.000</ele></trkpt>
      <trkpt lat="22.2267469386" lon="113.9855824066"><ele>89.000</ele></trkpt>
      <trkpt lat="22.2267455799" lon="113.9855942419"><ele>90.000</ele></trkpt>
      <trkpt lat="22.2267451977" lon="113.9856302277"><ele>90.000</ele></trkpt>
      <trkpt lat="22.2267438497" lon="113.9856435373"><ele>90.000</ele></trkpt>
      <trkpt lat="22.2267402080" lon="113.9856568597"><ele>90.000</ele></trkpt>
      <trkpt lat="22.2267260410" lon="113.9856894305"><ele>90.000</ele></trkpt>
      <trkpt lat="22.2267141557" lon="113.9857116392"><ele>90.000</ele></trkpt>
      <trkpt lat="22.2267095893" lon="113.9857219948"><ele>88.000</ele></trkpt>
      <trkpt lat="22.2267063973" lon="113.9857338325"><ele>88.000</ele></trkpt>
      <trkpt lat="22.2267032443" lon="113.9857634204"><ele>88.000</ele></trkpt>
      <trkpt lat="22.2267037289" lon="113.9857762425"><ele>88.000</ele></trkpt>
      <trkpt lat="22.2267033020" lon="113.9857895509"><ele>90.000</ele></trkpt>
      <trkpt lat="22.2267024021" lon="113.9857999015"><ele>90.000</ele></trkpt>
      <trkpt lat="22.2266978627" lon="113.9858255532"><ele>90.000</ele></trkpt>
      <trkpt lat="22.2266859791" lon="113.9858492362"><ele>90.000</ele></trkpt>
      <trkpt lat="22.2266777384" lon="113.9858605958"><ele>90.000</ele></trkpt>
      <trkpt lat="22.2266704153" lon="113.9858689861"><ele>90.000</ele></trkpt>
      <trkpt lat="22.2266621871" lon="113.9858833041"><ele>90.000</ele></trkpt>
      <trkpt lat="22.2266424908" lon="113.9859060276"><ele>90.000</ele></trkpt>
      <trkpt lat="22.2266319546" lon="113.9859159063"><ele>90.000</ele></trkpt>
      <trkpt lat="22.2266250945" lon="113.9859262747"><ele>90.000</ele></trkpt>
      <trkpt lat="22.2266214527" lon="113.9859395874"><ele>90.000</ele></trkpt>
      <trkpt lat="22.2266187218" lon="113.9859519192"><ele>88.000</ele></trkpt>
      <trkpt lat="22.2266173773" lon="113.9859681871"><ele>88.000</ele></trkpt>
      <trkpt lat="22.2266174138" lon="113.9859839682"><ele>88.000</ele></trkpt>
      <trkpt lat="22.2266156087" lon="113.9860002368"><ele>88.000</ele></trkpt>
      <trkpt lat="22.2266170180" lon="113.9860160160"><ele>88.000</ele></trkpt>
      <trkpt lat="22.2266225748" lon="113.9860416347"><ele>90.000</ele></trkpt>
      <trkpt lat="22.2266244811" lon="113.9860731847"><ele>90.000</ele></trkpt>
      <trkpt lat="22.2266286470" lon="113.9860909195"><ele>89.000</ele></trkpt>
      <trkpt lat="22.2266332705" lon="113.9861061900"><ele>89.000</ele></trkpt>
      <trkpt lat="22.2266411005" lon="113.9861219508"><ele>89.000</ele></trkpt>
      <trkpt lat="22.2266516826" lon="113.9861357292"><ele>88.000</ele></trkpt>
      <trkpt lat="22.2266604256" lon="113.9861445828"><ele>88.000</ele></trkpt>
      <trkpt lat="22.2266696196" lon="113.9861529508"><ele>90.000</ele></trkpt>
      <trkpt lat="22.2266898629" lon="113.9861731178"><ele>90.000</ele></trkpt>
      <trkpt lat="22.2267004391" lon="113.9861819689"><ele>88.000</ele></trkpt>
      <trkpt lat="22.2267220460" lon="113.9862021341"><ele>90.000</ele></trkpt>
      <trkpt lat="22.2267307890" lon="113.9862109877"><ele>90.000</ele></trkpt>
      <trkpt lat="22.2267381504" lon="113.9862198431"><ele>90.000</ele></trkpt>
      <trkpt lat="22.2267436808" lon="113.9862306797"><ele>89.000</ele></trkpt>
      <trkpt lat="22.2267492141" lon="113.9862439800"><ele>89.000</ele></trkpt>
      <trkpt lat="22.2267533759" lon="113.9862582715"><ele>89.000</ele></trkpt>
      <trkpt lat="22.2267538965" lon="113.9862863704"><ele>88.000</ele></trkpt>
      <trkpt lat="22.2267502856" lon="113.9863184225"><ele>88.000</ele></trkpt>
      <trkpt lat="22.2267466479" lon="113.9863351883"><ele>89.000</ele></trkpt>
      <trkpt lat="22.2267448398" lon="113.9863489931"><ele>89.000</ele></trkpt>
      <trkpt lat="22.2267416872" lon="113.9863790757"><ele>89.000</ele></trkpt>
      <trkpt lat="22.2267408015" lon="113.9863938687"><ele>89.000</ele></trkpt>
      <trkpt lat="22.2267454450" lon="113.9864184992"><ele>89.000</ele></trkpt>
      <trkpt lat="22.2267491445" lon="113.9864313170"><ele>89.000</ele></trkpt>
      <trkpt lat="22.2267519229" lon="113.9864441264"><ele>89.000</ele></trkpt>
      <trkpt lat="22.2267574585" lon="113.9864593957"><ele>92.000</ele></trkpt>
      <trkpt lat="22.2267643717" lon="113.9864712101"><ele>92.000</ele></trkpt>
      <trkpt lat="22.2267717519" lon="113.9864884459"><ele>92.000</ele></trkpt>
      <trkpt lat="22.2267749948" lon="113.9865047076"><ele>92.000</ele></trkpt>
      <trkpt lat="22.2267805452" lon="113.9865249140"><ele>90.000</ele></trkpt>
      <trkpt lat="22.2267819390" lon="113.9865352615"><ele>90.000</ele></trkpt>
      <trkpt lat="22.2267884060" lon="113.9865515189"><ele>90.000</ele></trkpt>
      <trkpt lat="22.2267948604" lon="113.9865648180"><ele>90.000</ele></trkpt>
      <trkpt lat="22.2268088084" lon="113.9865842759"><ele>92.000</ele></trkpt>
      <trkpt lat="22.2267794044" lon="113.9866072743"><ele>90.000</ele></trkpt>
      <trkpt lat="22.2267392365" lon="113.9866154179"><ele>94.000</ele></trkpt>
      <trkpt lat="22.2266678776" lon="113.9865780255"><ele>90.000</ele></trkpt>
      <trkpt lat="22.2264909191" lon="113.9865391987"><ele>87.000</ele></trkpt>
      <trkpt lat="22.2263786416" lon="113.9865145638"><ele>86.000</ele></trkpt>
      <trkpt lat="22.2263076198" lon="113.9864873846"><ele>86.000</ele></trkpt>
      <trkpt lat="22.2262677947" lon="113.9864874384"><ele>88.000</ele></trkpt>
      <trkpt lat="22.2262203508" lon="113.9865133516"><ele>88.000</ele></trkpt>
      <trkpt lat="22.2261754828" lon="113.9865565264"><ele>90.000</ele></trkpt>
      <trkpt lat="22.2261224428" lon="113.9865694595"><ele>89.000</ele></trkpt>
      <trkpt lat="22.2260035315" lon="113.9865578448"><ele>86.000</ele></trkpt>
      <trkpt lat="22.2259209450" lon="113.9865182853"><ele>88.000</ele></trkpt>
      <trkpt lat="22.2258615754" lon="113.9865165225"><ele>86.000</ele></trkpt>
      <trkpt lat="22.2258297825" lon="113.9865432002"><ele>88.000</ele></trkpt>
      <trkpt lat="22.2257407254" lon="113.9867119676"><ele>89.000</ele></trkpt>
      <trkpt lat="22.2257364858" lon="113.9867200019"><ele>89.000</ele></trkpt>
      <trkpt lat="22.2257136923" lon="113.9867431077"><ele>88.000</ele></trkpt>
      <trkpt lat="22.2256534433" lon="113.9867539650"><ele>86.000</ele></trkpt>
      <trkpt lat="22.2256257489" lon="113.9867871066"><ele>86.000</ele></trkpt>
      <trkpt lat="22.2255965056" lon="113.9868859253"><ele>90.000</ele></trkpt>
      <trkpt lat="22.2256034660" lon="113.9869768290"><ele>92.000</ele></trkpt>
      <trkpt lat="22.2256173382" lon="113.9870009911"><ele>92.000</ele></trkpt>
      <trkpt lat="22.2257316372" lon="113.9870610903"><ele>92.000</ele></trkpt>
      <trkpt lat="22.2257618007" lon="113.9870853081"><ele>92.000</ele></trkpt>
      <trkpt lat="22.2257718837" lon="113.9871203291"><ele>92.000</ele></trkpt>
      <trkpt lat="22.2257629883" lon="113.9871743671"><ele>92.000</ele></trkpt>
      <trkpt lat="22.2257399341" lon="113.9871985789"><ele>95.000</ele></trkpt>
      <trkpt lat="22.2256765727" lon="113.9872120881"><ele>95.000</ele></trkpt>
      <trkpt lat="22.2256037554" lon="113.9872094896"><ele>93.000</ele></trkpt>
      <trkpt lat="22.2255581020" lon="113.9871833236"><ele>90.000</ele></trkpt>
      <trkpt lat="22.2254869885" lon="113.9870774140"><ele>88.000</ele></trkpt>
      <trkpt lat="22.2253644753" lon="113.9869430572"><ele>85.000</ele></trkpt>
      <trkpt lat="22.2253077884" lon="113.9869186521"><ele>88.000</ele></trkpt>
      <trkpt lat="22.2252709647" lon="113.9869369852"><ele>88.000</ele></trkpt>
      <trkpt lat="22.2252335172" lon="113.9869934475"><ele>88.000</ele></trkpt>
      <trkpt lat="22.2252336474" lon="113.9871050296"><ele>90.000</ele></trkpt>
      <trkpt lat="22.2251604381" lon="113.9871844792"><ele>86.000</ele></trkpt>
      <trkpt lat="22.2250013733" lon="113.9871754786"><ele>87.000</ele></trkpt>
      <trkpt lat="22.2249727122" lon="113.9871851399"><ele>86.000</ele></trkpt>
      <trkpt lat="22.2249595753" lon="113.9871890073"><ele>86.000</ele></trkpt>
      <trkpt lat="22.2249458355" lon="113.9871877426"><ele>84.000</ele></trkpt>
      <trkpt lat="22.2249320880" lon="113.9871807037"><ele>84.000</ele></trkpt>
      <trkpt lat="22.2249141504" lon="113.9871659721"><ele>84.000</ele></trkpt>
      <trkpt lat="22.2249003904" lon="113.9871473843"><ele>82.000</ele></trkpt>
      <trkpt lat="22.2248818280" lon="113.9871095563"><ele>82.000</ele></trkpt>
      <trkpt lat="22.2248572802" lon="113.9870601883"><ele>84.000</ele></trkpt>
      <trkpt lat="22.2248267584" lon="113.9870114695"><ele>84.000</ele></trkpt>
      <trkpt lat="22.2247878720" lon="113.9869608376"><ele>84.000</ele></trkpt>
      <trkpt lat="22.2247555705" lon="113.9869223861"><ele>86.000</ele></trkpt>
      <trkpt lat="22.2247328450" lon="113.9868993195"><ele>84.000</ele></trkpt>
      <trkpt lat="22.2247131194" lon="113.9868877979"><ele>84.000</ele></trkpt>
      <trkpt lat="22.2246850305" lon="113.9868762877"><ele>84.000</ele></trkpt>
      <trkpt lat="22.2246485808" lon="113.9868660709"><ele>86.000</ele></trkpt>
      <trkpt lat="22.2246133243" lon="113.9868545703"><ele>84.000</ele></trkpt>
      <trkpt lat="22.2245870310" lon="113.9868456241"><ele>85.000</ele></trkpt>
      <trkpt lat="22.2245709015" lon="113.9868450037"><ele>85.000</ele></trkpt>
      <trkpt lat="22.2245517887" lon="113.9868463127"><ele>85.000</ele></trkpt>
      <trkpt lat="22.2245338743" lon="113.9868514698"><ele>84.000</ele></trkpt>
      <trkpt lat="22.2245099922" lon="113.9868611257"><ele>86.000</ele></trkpt>
      <trkpt lat="22.2244801364" lon="113.9868707896"><ele>86.000</ele></trkpt>
      <trkpt lat="22.2244490798" lon="113.9868753222"><ele>84.000</ele></trkpt>
      <trkpt lat="22.2244287692" lon="113.9868747075"><ele>84.000</ele></trkpt>
      <trkpt lat="22.2244036721" lon="113.9868670429"><ele>84.000</ele></trkpt>
      <trkpt lat="22.2243690066" lon="113.9868504086"><ele>82.000</ele></trkpt>
      <trkpt lat="22.2243385154" lon="113.9868279947"><ele>84.000</ele></trkpt>
      <trkpt lat="22.2243062305" lon="113.9868030167"><ele>83.000</ele></trkpt>
      <trkpt lat="22.2242840922" lon="113.9867716089"><ele>83.000</ele></trkpt>
      <trkpt lat="22.2242589410" lon="113.9867183923"><ele>84.000</ele></trkpt>
      <trkpt lat="22.2242325923" lon="113.9866619697"><ele>83.000</ele></trkpt>
      <trkpt lat="22.2242008548" lon="113.9865946475"><ele>84.000</ele></trkpt>
      <trkpt lat="22.2241727231" lon="113.9865465669"><ele>84.000</ele></trkpt>
      <trkpt lat="22.2241428080" lon="113.9865055470"><ele>84.000</ele></trkpt>
      <trkpt lat="22.2241015328" lon="113.9864549177"><ele>84.000</ele></trkpt>
      <trkpt lat="22.2240638470" lon="113.9864094175"><ele>84.000</ele></trkpt>
      <trkpt lat="22.2240267694" lon="113.9863735392"><ele>82.000</ele></trkpt>
      <trkpt lat="22.2239938888" lon="113.9863504866"><ele>83.000</ele></trkpt>
      <trkpt lat="22.2239532503" lon="113.9863338615"><ele>83.000</ele></trkpt>
      <trkpt lat="22.2239233660" lon="113.9863191453"><ele>80.000</ele></trkpt>
      <trkpt lat="22.2238922756" lon="113.9862948070"><ele>82.000</ele></trkpt>
      <trkpt lat="22.2238456423" lon="113.9862602259"><ele>81.000</ele></trkpt>
      <trkpt lat="22.2238002075" lon="113.9862288498"><ele>82.000</ele></trkpt>
      <trkpt lat="22.2237595607" lon="113.9862051666"><ele>81.000</ele></trkpt>
      <trkpt lat="22.2237362501" lon="113.9861930080"><ele>81.000</ele></trkpt>
      <trkpt lat="22.2237147401" lon="113.9861885463"><ele>82.000</ele></trkpt>
      <trkpt lat="22.2236992085" lon="113.9861879261"><ele>82.000</ele></trkpt>
      <trkpt lat="22.2236818896" lon="113.9861911571"><ele>83.000</ele></trkpt>
      <trkpt lat="22.2236621881" lon="113.9862001653"><ele>83.000</ele></trkpt>
      <trkpt lat="22.2236377142" lon="113.9862149549"><ele>84.000</ele></trkpt>
      <trkpt lat="22.2236132396" lon="113.9862291025"><ele>86.000</ele></trkpt>
      <trkpt lat="22.2235917455" lon="113.9862381141"><ele>84.000</ele></trkpt>
      <trkpt lat="22.2235606942" lon="113.9862471376"><ele>84.000</ele></trkpt>
      <trkpt lat="22.2235254497" lon="113.9862459020"><ele>82.000</ele></trkpt>
      <trkpt lat="22.2234937826" lon="113.9862388876"><ele>82.000</ele></trkpt>
      <trkpt lat="22.2234591140" lon="113.9862196871"><ele>80.000</ele></trkpt>
      <trkpt lat="22.2234328087" lon="113.9862004753"><ele>80.000</ele></trkpt>
      <trkpt lat="22.2233951423" lon="113.9861716563"><ele>80.000</ele></trkpt>
      <trkpt lat="22.2233329638" lon="113.9861249053"><ele>78.000</ele></trkpt>
      <trkpt lat="22.2233174217" lon="113.9861146615"><ele>78.000</ele></trkpt>
      <trkpt lat="22.2233000907" lon="113.9861082689"><ele>78.000</ele></trkpt>
      <trkpt lat="22.2232779831" lon="113.9861031669"><ele>78.000</ele></trkpt>
      <trkpt lat="22.2232660297" lon="113.9860974081"><ele>78.000</ele></trkpt>
      <trkpt lat="22.2232098181" lon="113.9860448761"><ele>74.000</ele></trkpt>
      <trkpt lat="22.2231649666" lon="113.9860019514"><ele>72.000</ele></trkpt>
      <trkpt lat="22.2231494207" lon="113.9859891412"><ele>72.000</ele></trkpt>
      <trkpt lat="22.2231153559" lon="113.9859750729"><ele>70.000</ele></trkpt>
      <trkpt lat="22.2230974332" lon="113.9859731719"><ele>70.000</ele></trkpt>
      <trkpt lat="22.2230526308" lon="113.9859713082"><ele>71.000</ele></trkpt>
      <trkpt lat="22.2230185788" lon="113.9859681467"><ele>71.000</ele></trkpt>
      <trkpt lat="22.2229815371" lon="113.9859630639"><ele>72.000</ele></trkpt>
      <trkpt lat="22.2229397151" lon="113.9859560633"><ele>74.000</ele></trkpt>
      <trkpt lat="22.2229235798" lon="113.9859496691"><ele>74.000</ele></trkpt>
      <trkpt lat="22.2229128232" lon="113.9859464761"><ele>75.000</ele></trkpt>
      <trkpt lat="22.2229014639" lon="113.9859375100"><ele>72.000</ele></trkpt>
      <trkpt lat="22.2228841231" lon="113.9859227770"><ele>72.000</ele></trkpt>
      <trkpt lat="22.2228590056" lon="113.9858977897"><ele>75.000</ele></trkpt>
      <trkpt lat="22.2228213317" lon="113.9858625548"><ele>74.000</ele></trkpt>
      <trkpt lat="22.2228075774" lon="113.9858497413"><ele>74.000</ele></trkpt>
      <trkpt lat="22.2227878563" lon="113.9858420697"><ele>74.000</ele></trkpt>
      <trkpt lat="22.2227466253" lon="113.9858292944"><ele>72.000</ele></trkpt>
      <trkpt lat="22.2227292981" lon="113.9858261103"><ele>72.000</ele></trkpt>
      <trkpt lat="22.2226773249" lon="113.9858223310"><ele>72.000</ele></trkpt>
      <trkpt lat="22.2226241584" lon="113.9858198366"><ele>74.000</ele></trkpt>
      <trkpt lat="22.2225907080" lon="113.9858198819"><ele>74.000</ele></trkpt>
      <trkpt lat="22.2225483009" lon="113.9858237890"><ele>74.000</ele></trkpt>
      <trkpt lat="22.2225029067" lon="113.9858270580"><ele>74.000</ele></trkpt>
      <trkpt lat="22.2224724555" lon="113.9858380060"><ele>74.000</ele></trkpt>
      <trkpt lat="22.2224258861" lon="113.9858579574"><ele>76.000</ele></trkpt>
      <trkpt lat="22.2223906710" lon="113.9858817430"><ele>75.000</ele></trkpt>
      <trkpt lat="22.2223447113" lon="113.9859126003"><ele>76.000</ele></trkpt>
      <trkpt lat="22.2222862163" lon="113.9859505317"><ele>78.000</ele></trkpt>
      <trkpt lat="22.2222766660" lon="113.9859563185"><ele>78.000</ele></trkpt>
      <trkpt lat="22.2222683012" lon="113.9859550466"><ele>78.000</ele></trkpt>
      <trkpt lat="22.2222587282" lon="113.9859415874"><ele>78.000</ele></trkpt>
      <trkpt lat="22.2222473454" lon="113.9859133741"><ele>76.000</ele></trkpt>
      <trkpt lat="22.2222383445" lon="113.9858787416"><ele>76.000</ele></trkpt>
      <trkpt lat="22.2222329219" lon="113.9858389715"><ele>75.000</ele></trkpt>
      <trkpt lat="22.2222316789" lon="113.9857979134"><ele>75.000</ele></trkpt>
      <trkpt lat="22.2222256654" lon="113.9857632769"><ele>74.000</ele></trkpt>
      <trkpt lat="22.2222214563" lon="113.9857395447"><ele>73.000</ele></trkpt>
      <trkpt lat="22.2222112704" lon="113.9857132542"><ele>73.000</ele></trkpt>
      <trkpt lat="22.2221926964" lon="113.9856658036"><ele>74.000</ele></trkpt>
      <trkpt lat="22.2221825113" lon="113.9856401552"><ele>72.000</ele></trkpt>
      <trkpt lat="22.2221795022" lon="113.9856209121"><ele>72.000</ele></trkpt>
      <trkpt lat="22.2221800692" lon="113.9855946070"><ele>72.000</ele></trkpt>
      <trkpt lat="22.2221818209" lon="113.9855606021"><ele>72.000</ele></trkpt>
      <trkpt lat="22.2221805839" lon="113.9855246759"><ele>72.000</ele></trkpt>
      <trkpt lat="22.2221775560" lon="113.9854893942"><ele>72.000</ele></trkpt>
      <trkpt lat="22.2221757462" lon="113.9854739992"><ele>72.000</ele></trkpt>
      <trkpt lat="22.2221685625" lon="113.9854611778"><ele>72.000</ele></trkpt>
      <trkpt lat="22.2221464187" lon="113.9854252800"><ele>72.000</ele></trkpt>
      <trkpt lat="22.2221242793" lon="113.9853932318"><ele>72.000</ele></trkpt>
      <trkpt lat="22.2221099273" lon="113.9853797781"><ele>72.000</ele></trkpt>
      <trkpt lat="22.2220943858" lon="113.9853708177"><ele>72.000</ele></trkpt>
      <trkpt lat="22.2220764609" lon="113.9853669924"><ele>72.000</ele></trkpt>
      <trkpt lat="22.2220543547" lon="113.9853631728"><ele>73.000</ele></trkpt>
      <trkpt lat="22.2220352352" lon="113.9853587080"><ele>73.000</ele></trkpt>
      <trkpt lat="22.2220220876" lon="113.9853542351"><ele>70.000</ele></trkpt>
      <trkpt lat="22.2220059446" lon="113.9853414260"><ele>72.000</ele></trkpt>
      <trkpt lat="22.2219879985" lon="113.9853196368"><ele>72.000</ele></trkpt>
      <trkpt lat="22.2219676533" lon="113.9852888694"><ele>71.000</ele></trkpt>
      <trkpt lat="22.2219514860" lon="113.9852561711"><ele>70.000</ele></trkpt>
      <trkpt lat="22.2219388963" lon="113.9852170529"><ele>70.000</ele></trkpt>
      <trkpt lat="22.2219281171" lon="113.9851946129"><ele>70.000</ele></trkpt>
      <trkpt lat="22.2219107703" lon="113.9851741071"><ele>70.000</ele></trkpt>
      <trkpt lat="22.2218838459" lon="113.9851369327"><ele>68.000</ele></trkpt>
      <trkpt lat="22.2218521508" lon="113.9851061808"><ele>69.000</ele></trkpt>
      <trkpt lat="22.2218180716" lon="113.9850799229"><ele>70.000</ele></trkpt>
      <trkpt lat="22.2217732410" lon="113.9850549628"><ele>70.000</ele></trkpt>
      <trkpt lat="22.2217439535" lon="113.9850402472"><ele>70.000</ele></trkpt>
      <trkpt lat="22.2217212481" lon="113.9850345032"><ele>70.000</ele></trkpt>
      <trkpt lat="22.2217057157" lon="113.9850332411"><ele>70.000</ele></trkpt>
      <trkpt lat="22.2216913841" lon="113.9850371102"><ele>70.000</ele></trkpt>
      <trkpt lat="22.2216818353" lon="113.9850441803"><ele>70.000</ele></trkpt>
      <trkpt lat="22.2216645399" lon="113.9850673005"><ele>70.000</ele></trkpt>
      <trkpt lat="22.2216299543" lon="113.9851186727"><ele>70.000</ele></trkpt>
      <trkpt lat="22.2216072941" lon="113.9851520648"><ele>70.000</ele></trkpt>
      <trkpt lat="22.2215965581" lon="113.9851655516"><ele>73.000</ele></trkpt>
      <trkpt lat="22.2215846228" lon="113.9851751914"><ele>73.000</ele></trkpt>
      <trkpt lat="22.2215720791" lon="113.9851758505"><ele>73.000</ele></trkpt>
      <trkpt lat="22.2215583400" lon="113.9851752271"><ele>73.000</ele></trkpt>
      <trkpt lat="22.2215374233" lon="113.9851669152"><ele>73.000</ele></trkpt>
      <trkpt lat="22.2215111283" lon="113.9851573274"><ele>70.000</ele></trkpt>
      <trkpt lat="22.2214800598" lon="113.9851509545"><ele>70.000</ele></trkpt>
      <trkpt lat="22.2214537738" lon="113.9851490650"><ele>70.000</ele></trkpt>
      <trkpt lat="22.2214256925" lon="113.9851433292"><ele>70.000</ele></trkpt>
      <trkpt lat="22.2213862477" lon="113.9851267022"><ele>70.000</ele></trkpt>
      <trkpt lat="22.2213647341" lon="113.9851183911"><ele>70.000</ele></trkpt>
      <trkpt lat="22.2213408324" lon="113.9851120086"><ele>68.000</ele></trkpt>
      <trkpt lat="22.2213031945" lon="113.9851075680"><ele>68.000</ele></trkpt>
      <trkpt lat="22.2212703395" lon="113.9851063295"><ele>68.000</ele></trkpt>
      <trkpt lat="22.2212464432" lon="113.9851037966"><ele>68.000</ele></trkpt>
      <trkpt lat="22.2212207452" lon="113.9850935659"><ele>71.000</ele></trkpt>
      <trkpt lat="22.2211878705" lon="113.9850756468"><ele>72.000</ele></trkpt>
      <trkpt lat="22.2211717312" lon="113.9850666873"><ele>70.000</ele></trkpt>
      <trkpt lat="22.2211472228" lon="113.9850513232"><ele>70.000</ele></trkpt>
      <trkpt lat="22.2211316844" lon="113.9850449283"><ele>70.000</ele></trkpt>
      <trkpt lat="22.2211149534" lon="113.9850404604"><ele>70.000</ele></trkpt>
      <trkpt lat="22.2210904555" lon="113.9850347198"><ele>70.000</ele></trkpt>
      <trkpt lat="22.2210689485" lon="113.9850328247"><ele>70.000</ele></trkpt>
      <trkpt lat="22.2210474424" lon="113.9850309287"><ele>71.000</ele></trkpt>
      <trkpt lat="22.2210229490" lon="113.9850290377"><ele>71.000</ele></trkpt>
      <trkpt lat="22.2209942752" lon="113.9850277935"><ele>72.000</ele></trkpt>
      <trkpt lat="22.2209715773" lon="113.9850291075"><ele>72.000</ele></trkpt>
      <trkpt lat="22.2209458968" lon="113.9850329920"><ele>72.000</ele></trkpt>
      <trkpt lat="22.2209255899" lon="113.9850355851"><ele>70.000</ele></trkpt>
      <trkpt lat="22.2209070786" lon="113.9850407430"><ele>70.000</ele></trkpt>
      <trkpt lat="22.2208933462" lon="113.9850465356"><ele>70.000</ele></trkpt>
      <trkpt lat="22.2208796162" lon="113.9850536113"><ele>70.000</ele></trkpt>
      <trkpt lat="22.2208700619" lon="113.9850568328"><ele>70.000</ele></trkpt>
      <trkpt lat="22.2208581153" lon="113.9850568490"><ele>70.000</ele></trkpt>
      <trkpt lat="22.2208419821" lon="113.9850523793"><ele>70.000</ele></trkpt>
      <trkpt lat="22.2208228556" lon="113.9850427818"><ele>70.000</ele></trkpt>
      <trkpt lat="22.2208037253" lon="113.9850299769"><ele>70.000</ele></trkpt>
      <trkpt lat="22.2207636715" lon="113.9850030862"><ele>68.000</ele></trkpt>
      <trkpt lat="22.2207295968" lon="113.9849806781"><ele>69.000</ele></trkpt>
      <trkpt lat="22.2207074830" lon="113.9849704436"><ele>66.000</ele></trkpt>
      <trkpt lat="22.2206692475" lon="113.9849653628"><ele>66.000</ele></trkpt>
      <trkpt lat="22.2206369872" lon="113.9849621992"><ele>66.000</ele></trkpt>
      <trkpt lat="22.2205885944" lon="113.9849552070"><ele>66.000</ele></trkpt>
      <trkpt lat="22.2205593235" lon="113.9849546057"><ele>68.000</ele></trkpt>
      <trkpt lat="22.2205204962" lon="113.9849546585"><ele>68.000</ele></trkpt>
      <trkpt lat="22.2204936165" lon="113.9849546950"><ele>68.000</ele></trkpt>
      <trkpt lat="22.2204476191" lon="113.9849534744"><ele>68.000</ele></trkpt>
      <trkpt lat="22.2204135716" lon="113.9849541628"><ele>68.000</ele></trkpt>
      <trkpt lat="22.2203878865" lon="113.9849548388"><ele>68.000</ele></trkpt>
      <trkpt lat="22.2203663879" lon="113.9849600009"><ele>68.000</ele></trkpt>
      <trkpt lat="22.2203460871" lon="113.9849670855"><ele>68.000</ele></trkpt>
      <trkpt lat="22.2203299722" lon="113.9849780141"><ele>68.000</ele></trkpt>
      <trkpt lat="22.2203126645" lon="113.9849915097"><ele>68.000</ele></trkpt>
      <trkpt lat="22.2202971495" lon="113.9850050038"><ele>66.000</ele></trkpt>
      <trkpt lat="22.2202816398" lon="113.9850229886"><ele>68.000</ele></trkpt>
      <trkpt lat="22.2202625504" lon="113.9850441857"><ele>68.000</ele></trkpt>
      <trkpt lat="22.2202452489" lon="113.9850628140"><ele>66.000</ele></trkpt>
      <trkpt lat="22.2202285407" lon="113.9850769509"><ele>66.000</ele></trkpt>
      <trkpt lat="22.2202148144" lon="113.9850878761"><ele>66.000</ele></trkpt>
      <trkpt lat="22.2202022759" lon="113.9850930259"><ele>67.000</ele></trkpt>
      <trkpt lat="22.2201891307" lon="113.9850898363"><ele>67.000</ele></trkpt>
      <trkpt lat="22.2201777742" lon="113.9850840769"><ele>67.000</ele></trkpt>
      <trkpt lat="22.2201640087" lon="113.9850610002"><ele>64.000</ele></trkpt>
      <trkpt lat="22.2201478491" lon="113.9850340771"><ele>66.000</ele></trkpt>
      <trkpt lat="22.2201346757" lon="113.9850077911"><ele>64.000</ele></trkpt>
      <trkpt lat="22.2201203192" lon="113.9849904881"><ele>64.000</ele></trkpt>
      <trkpt lat="22.2201089408" lon="113.9849654828"><ele>64.000</ele></trkpt>
      <trkpt lat="22.2200879772" lon="113.9849173951"><ele>62.000</ele></trkpt>
      <trkpt lat="22.2200652301" lon="113.9848770081"><ele>64.000</ele></trkpt>
      <trkpt lat="22.2200419050" lon="113.9848526602"><ele>62.000</ele></trkpt>
      <trkpt lat="22.2200161979" lon="113.9848347325"><ele>64.000</ele></trkpt>
      <trkpt lat="22.2199863134" lon="113.9848200170"><ele>64.000</ele></trkpt>
      <trkpt lat="22.2199528562" lon="113.9848142887"><ele>64.000</ele></trkpt>
      <trkpt lat="22.2199259732" lon="113.9848124000"><ele>62.000</ele></trkpt>
      <trkpt lat="22.2199038724" lon="113.9848130722"><ele>62.000</ele></trkpt>
      <trkpt lat="22.2198823715" lon="113.9848163089"><ele>61.000</ele></trkpt>
      <trkpt lat="22.2198268414" lon="113.9848349902"><ele>62.000</ele></trkpt>
      <trkpt lat="22.2197808667" lon="113.9848530155"><ele>62.000</ele></trkpt>
      <trkpt lat="22.2197504156" lon="113.9848639635"><ele>62.000</ele></trkpt>
      <trkpt lat="22.2197217516" lon="113.9848710595"><ele>62.000</ele></trkpt>
      <trkpt lat="22.2197032312" lon="113.9848685193"><ele>62.000</ele></trkpt>
      <trkpt lat="22.2196823106" lon="113.9848576412"><ele>62.000</ele></trkpt>
      <trkpt lat="22.2196655623" lon="113.9848377751"><ele>62.000</ele></trkpt>
      <trkpt lat="22.2196601560" lon="113.9848127619"><ele>61.000</ele></trkpt>
      <trkpt lat="22.2196565272" lon="113.9847742742"><ele>60.000</ele></trkpt>
      <trkpt lat="22.2196529013" lon="113.9847389940"><ele>60.000</ele></trkpt>
      <trkpt lat="22.2196552643" lon="113.9847165365"><ele>61.000</ele></trkpt>
      <trkpt lat="22.2196665881" lon="113.9846953490"><ele>60.000</ele></trkpt>
      <trkpt lat="22.2196844759" lon="113.9846677386"><ele>63.000</ele></trkpt>
      <trkpt lat="22.2197196705" lon="113.9846266307"><ele>62.000</ele></trkpt>
      <trkpt lat="22.2197477156" lon="113.9846009307"><ele>62.000</ele></trkpt>
      <trkpt lat="22.2197757612" lon="113.9845765129"><ele>61.000</ele></trkpt>
      <trkpt lat="22.2198014145" lon="113.9845488919"><ele>60.000</ele></trkpt>
      <trkpt lat="22.2198169166" lon="113.9845244912"><ele>61.000</ele></trkpt>
      <trkpt lat="22.2198353879" lon="113.9844846901"><ele>62.000</ele></trkpt>
      <trkpt lat="22.2198526551" lon="113.9844378327"><ele>62.000</ele></trkpt>
      <trkpt lat="22.2198657715" lon="113.9844166437"><ele>62.000</ele></trkpt>
      <trkpt lat="22.2198776969" lon="113.9843986638"><ele>62.000</ele></trkpt>
      <trkpt lat="22.2198950052" lon="113.9843858093"><ele>62.000</ele></trkpt>
      <trkpt lat="22.2199141066" lon="113.9843748766"><ele>62.000</ele></trkpt>
      <trkpt lat="22.2199391796" lon="113.9843613694"><ele>61.000</ele></trkpt>
      <trkpt lat="22.2199672359" lon="113.9843459339"><ele>61.000</ele></trkpt>
      <trkpt lat="22.2199946900" lon="113.9843260085"><ele>62.000</ele></trkpt>
      <trkpt lat="22.2200185591" lon="113.9843048048"><ele>62.000</ele></trkpt>
      <trkpt lat="22.2200406349" lon="113.9842829614"><ele>62.000</ele></trkpt>
      <trkpt lat="22.2200585400" lon="113.9842707481"><ele>62.000</ele></trkpt>
      <trkpt lat="22.2200961513" lon="113.9842527331"><ele>60.000</ele></trkpt>
      <trkpt lat="22.2201331664" lon="113.9842353600"><ele>61.000</ele></trkpt>
      <trkpt lat="22.2201630191" lon="113.9842231304"><ele>60.000</ele></trkpt>
      <trkpt lat="22.2201833130" lon="113.9842096297"><ele>60.000</ele></trkpt>
      <trkpt lat="22.2202024053" lon="113.9841909989"><ele>60.000</ele></trkpt>
      <trkpt lat="22.2202262653" lon="113.9841620960"><ele>60.000</ele></trkpt>
      <trkpt lat="22.2202477342" lon="113.9841325552"><ele>62.000</ele></trkpt>
      <trkpt lat="22.2202644188" lon="113.9840978882"><ele>60.000</ele></trkpt>
      <trkpt lat="22.2202793178" lon="113.9840683564"><ele>60.000</ele></trkpt>
      <trkpt lat="22.2202983926" lon="113.9840349694"><ele>60.000</ele></trkpt>
      <trkpt lat="22.2203192690" lon="113.9840092790"><ele>60.000</ele></trkpt>
      <trkpt lat="22.2203383576" lon="113.9839867975"><ele>60.000</ele></trkpt>
      <trkpt lat="22.2203556620" lon="113.9839713765"><ele>58.000</ele></trkpt>
      <trkpt lat="22.2203741588" lon="113.9839540296"><ele>58.000</ele></trkpt>
      <trkpt lat="22.2203824970" lon="113.9839328470"><ele>58.000</ele></trkpt>
      <trkpt lat="22.2203854553" lon="113.9839091054"><ele>58.000</ele></trkpt>
      <trkpt lat="22.2203830338" lon="113.9838821627"><ele>58.000</ele></trkpt>
      <trkpt lat="22.2203800086" lon="113.9838494479"><ele>58.000</ele></trkpt>
      <trkpt lat="22.2203799827" lon="113.9838276346"><ele>58.000</ele></trkpt>
      <trkpt lat="22.2203775681" lon="113.9838064667"><ele>58.000</ele></trkpt>
      <trkpt lat="22.2203705398" lon="113.9837762860"><ele>58.000</ele></trkpt>
      <trkpt lat="22.2203591674" lon="113.9837564126"><ele>58.000</ele></trkpt>
      <trkpt lat="22.2203376399" lon="113.9837371961"><ele>59.000</ele></trkpt>
      <trkpt lat="22.2203119319" lon="113.9837186255"><ele>59.000</ele></trkpt>
      <trkpt lat="22.2202904099" lon="113.9837032577"><ele>60.000</ele></trkpt>
      <trkpt lat="22.2202694771" lon="113.9836814740"><ele>60.000</ele></trkpt>
      <trkpt lat="22.2202425622" lon="113.9836526406"><ele>60.000</ele></trkpt>
      <trkpt lat="22.2202138609" lon="113.9836283012"><ele>60.000</ele></trkpt>
      <trkpt lat="22.2201971269" lon="113.9836212661"><ele>61.000</ele></trkpt>
      <trkpt lat="22.2201744221" lon="113.9836168065"><ele>61.000</ele></trkpt>
      <trkpt lat="22.2201355904" lon="113.9836123690"><ele>60.000</ele></trkpt>
      <trkpt lat="22.2201045240" lon="113.9836085620"><ele>60.000</ele></trkpt>
      <trkpt lat="22.2200465716" lon="113.9836003012"><ele>60.000</ele></trkpt>
      <trkpt lat="22.2200268580" lon="113.9835990450"><ele>60.000</ele></trkpt>
      <trkpt lat="22.2200071436" lon="113.9835971477"><ele>60.000</ele></trkpt>
      <trkpt lat="22.2199874239" lon="113.9835907588"><ele>60.000</ele></trkpt>
      <trkpt lat="22.2199688942" lon="113.9835811617"><ele>60.000</ele></trkpt>
      <trkpt lat="22.2199491645" lon="113.9835664326"><ele>58.000</ele></trkpt>
      <trkpt lat="22.2199312251" lon="113.9835504178"><ele>58.000</ele></trkpt>
      <trkpt lat="22.2199180623" lon="113.9835324731"><ele>58.000</ele></trkpt>
      <trkpt lat="22.2198941279" lon="113.9834978618"><ele>58.000</ele></trkpt>
      <trkpt lat="22.2198695971" lon="113.9834645346"><ele>56.000</ele></trkpt>
      <trkpt lat="22.2198480636" lon="113.9834395434"><ele>56.000</ele></trkpt>
      <trkpt lat="22.2198217570" lon="113.9834203326"><ele>54.000</ele></trkpt>
      <trkpt lat="22.2197799120" lon="113.9833940862"><ele>56.000</ele></trkpt>
      <trkpt lat="22.2197392671" lon="113.9833723297"><ele>54.000</ele></trkpt>
      <trkpt lat="22.2196974290" lon="113.9833518571"><ele>55.000</ele></trkpt>
      <trkpt lat="22.2196693352" lon="113.9833364984"><ele>55.000</ele></trkpt>
      <trkpt lat="22.2196561839" lon="113.9833281762"><ele>56.000</ele></trkpt>
      <trkpt lat="22.2196406400" lon="113.9833172909"><ele>52.000</ele></trkpt>
      <trkpt lat="22.2196304698" lon="113.9833044740"><ele>52.000</ele></trkpt>
      <trkpt lat="22.2196149221" lon="113.9832903813"><ele>54.000</ele></trkpt>
      <trkpt lat="22.2195694890" lon="113.9832609323"><ele>51.000</ele></trkpt>
      <trkpt lat="22.2195366027" lon="113.9832333905"><ele>51.000</ele></trkpt>
      <trkpt lat="22.2195132773" lon="113.9832090430"><ele>49.000</ele></trkpt>
      <trkpt lat="22.2194965318" lon="113.9831923856"><ele>49.000</ele></trkpt>
      <trkpt lat="22.2194815865" lon="113.9831821416"><ele>52.000</ele></trkpt>
      <trkpt lat="22.2194427370" lon="113.9831635902"><ele>50.000</ele></trkpt>
      <trkpt lat="22.2194188254" lon="113.9831482258"><ele>52.000</ele></trkpt>
      <trkpt lat="22.2193889263" lon="113.9831213210"><ele>52.000</ele></trkpt>
      <trkpt lat="22.2193428823" lon="113.9830809674"><ele>52.000</ele></trkpt>
      <trkpt lat="22.2192986310" lon="113.9830406104"><ele>53.000</ele></trkpt>
      <trkpt lat="22.2192502068" lon="113.9830073162"><ele>53.000</ele></trkpt>
      <trkpt lat="22.2192244980" lon="113.9829881048"><ele>53.000</ele></trkpt>
      <trkpt lat="22.2192065669" lon="113.9829791471"><ele>52.000</ele></trkpt>
      <trkpt lat="22.2191910298" lon="113.9829740367"><ele>52.000</ele></trkpt>
      <trkpt lat="22.2191635393" lon="113.9829631680"><ele>52.000</ele></trkpt>
      <trkpt lat="22.2191384413" lon="113.9829548623"><ele>52.000</ele></trkpt>
      <trkpt lat="22.2191121432" lon="113.9829420676"><ele>53.000</ele></trkpt>
      <trkpt lat="22.2190822486" lon="113.9829190124"><ele>50.000</ele></trkpt>
      <trkpt lat="22.2190499690" lon="113.9828998101"><ele>52.000</ele></trkpt>
      <trkpt lat="22.2190218761" lon="113.9828850936"><ele>51.000</ele></trkpt>
      <trkpt lat="22.2189919922" lon="113.9828710207"><ele>51.000</ele></trkpt>
      <trkpt lat="22.2189633137" lon="113.9828659274"><ele>54.000</ele></trkpt>
      <trkpt lat="22.2189322389" lon="113.9828550636"><ele>55.000</ele></trkpt>
      <trkpt lat="22.2189035520" lon="113.9828429143"><ele>55.000</ele></trkpt>
      <trkpt lat="22.2188802411" lon="113.9828307567"><ele>54.000</ele></trkpt>
      <trkpt lat="22.2188593182" lon="113.9828173126"><ele>54.000</ele></trkpt>
      <trkpt lat="22.2188365929" lon="113.9827948897"><ele>54.000</ele></trkpt>
      <trkpt lat="22.2188144653" lon="113.9827731071"><ele>52.000</ele></trkpt>
      <trkpt lat="22.2187971220" lon="113.9827558095"><ele>53.000</ele></trkpt>
      <trkpt lat="22.2187744126" lon="113.9827475006"><ele>53.000</ele></trkpt>
      <trkpt lat="22.2187493190" lon="113.9827436856"><ele>50.000</ele></trkpt>
      <trkpt lat="22.2187266167" lon="113.9827405094"><ele>50.000</ele></trkpt>
      <trkpt lat="22.2187068992" lon="113.9827360459"><ele>51.000</ele></trkpt>
      <trkpt lat="22.2186919600" lon="113.9827309337"><ele>51.000</ele></trkpt>
      <trkpt lat="22.2186805973" lon="113.9827200428"><ele>51.000</ele></trkpt>
      <trkpt lat="22.2186692238" lon="113.9827001707"><ele>54.000</ele></trkpt>
      <trkpt lat="22.2186548555" lon="113.9826732458"><ele>52.000</ele></trkpt>
      <trkpt lat="22.2186255448" lon="113.9826392834"><ele>50.000</ele></trkpt>
      <trkpt lat="22.2185848768" lon="113.9825982807"><ele>49.000</ele></trkpt>
      <trkpt lat="22.2185507872" lon="113.9825636839"><ele>50.000</ele></trkpt>
      <trkpt lat="22.2185220812" lon="113.9825354955"><ele>50.000</ele></trkpt>
      <trkpt lat="22.2184844011" lon="113.9824957710"><ele>49.000</ele></trkpt>
      <trkpt lat="22.2184640651" lon="113.9824739870"><ele>49.000</ele></trkpt>
      <trkpt lat="22.2184072815" lon="113.9824432710"><ele>48.000</ele></trkpt>
      <trkpt lat="22.2183869547" lon="113.9824291851"><ele>48.000</ele></trkpt>
      <trkpt lat="22.2183486892" lon="113.9823990847"><ele>48.000</ele></trkpt>
      <trkpt lat="22.2183080281" lon="113.9823638559"><ele>48.000</ele></trkpt>
      <trkpt lat="22.2182823207" lon="113.9823459279"><ele>48.000</ele></trkpt>
      <trkpt lat="22.2182494380" lon="113.9823222360"><ele>49.000</ele></trkpt>
      <trkpt lat="22.2182285066" lon="113.9823017351"><ele>45.000</ele></trkpt>
      <trkpt lat="22.2181986096" lon="113.9822767560"><ele>45.000</ele></trkpt>
      <trkpt lat="22.2181561498" lon="113.9822357560"><ele>42.000</ele></trkpt>
      <trkpt lat="22.2181280422" lon="113.9822088491"><ele>40.000</ele></trkpt>
      <trkpt lat="22.2180826028" lon="113.9821742691"><ele>40.000</ele></trkpt>
      <trkpt lat="22.2180622676" lon="113.9821524843"><ele>40.000</ele></trkpt>
      <trkpt lat="22.2180389206" lon="113.9821101748"><ele>39.000</ele></trkpt>
      <trkpt lat="22.2180275302" lon="113.9820761880"><ele>42.000</ele></trkpt>
      <trkpt lat="22.2180149511" lon="113.9820473365"><ele>40.000</ele></trkpt>
      <trkpt lat="22.2179957869" lon="113.9820056623"><ele>40.000</ele></trkpt>
      <trkpt lat="22.2179772264" lon="113.9819704023"><ele>42.000</ele></trkpt>
      <trkpt lat="22.2179503090" lon="113.9819390043"><ele>40.000</ele></trkpt>
      <trkpt lat="22.2179215991" lon="113.9819076077"><ele>40.000</ele></trkpt>
      <trkpt lat="22.2179024631" lon="113.9818903129"><ele>40.000</ele></trkpt>
      <trkpt lat="22.2178821294" lon="113.9818704533"><ele>38.000</ele></trkpt>
      <trkpt lat="22.2178641959" lon="113.9818595716"><ele>38.000</ele></trkpt>
      <trkpt lat="22.2178313254" lon="113.9818455032"><ele>40.000</ele></trkpt>
      <trkpt lat="22.2178133912" lon="113.9818339804"><ele>40.000</ele></trkpt>
      <trkpt lat="22.2177912657" lon="113.9818141224"><ele>42.000</ele></trkpt>
      <trkpt lat="22.2177721276" lon="113.9817942612"><ele>42.000</ele></trkpt>
      <trkpt lat="22.2177565829" lon="113.9817827352"><ele>44.000</ele></trkpt>
      <trkpt lat="22.2177434322" lon="113.9817750544"><ele>44.000</ele></trkpt>
      <trkpt lat="22.2177267042" lon="113.9817731532"><ele>44.000</ele></trkpt>
      <trkpt lat="22.2177075914" lon="113.9817751039"><ele>44.000</ele></trkpt>
      <trkpt lat="22.2176837073" lon="113.9817828359"><ele>44.000</ele></trkpt>
      <trkpt lat="22.2176604247" lon="113.9817944157"><ele>44.000</ele></trkpt>
      <trkpt lat="22.2176401356" lon="113.9818117650"><ele>44.000</ele></trkpt>
      <trkpt lat="22.2176180578" lon="113.9818316841"><ele>46.000</ele></trkpt>
      <trkpt lat="22.2175965808" lon="113.9818548088"><ele>46.000</ele></trkpt>
      <trkpt lat="22.2175608007" lon="113.9819048988"><ele>46.000</ele></trkpt>
      <trkpt lat="22.2175279987" lon="113.9819479277"><ele>46.000</ele></trkpt>
      <trkpt lat="22.2174957890" lon="113.9819871063"><ele>49.000</ele></trkpt>
      <trkpt lat="22.2174749205" lon="113.9820192123"><ele>50.000</ele></trkpt>
      <trkpt lat="22.2174552368" lon="113.9820429766"><ele>50.000</ele></trkpt>
      <trkpt lat="22.2174349522" lon="113.9820641753"><ele>48.000</ele></trkpt>
      <trkpt lat="22.2174110827" lon="113.9820840959"><ele>51.000</ele></trkpt>
      <trkpt lat="22.2173884017" lon="113.9820995242"><ele>50.000</ele></trkpt>
      <trkpt lat="22.2173663146" lon="113.9821117442"><ele>50.000</ele></trkpt>
      <trkpt lat="22.2173364637" lon="113.9821252581"><ele>52.000</ele></trkpt>
      <trkpt lat="22.2173167585" lon="113.9821310591"><ele>52.000</ele></trkpt>
      <trkpt lat="22.2172970548" lon="113.9821381432"><ele>50.000</ele></trkpt>
      <trkpt lat="22.2172809353" lon="113.9821458644"><ele>50.000</ele></trkpt>
      <trkpt lat="22.2172600491" lon="113.9821632145"><ele>49.000</ele></trkpt>
      <trkpt lat="22.2172421548" lon="113.9821850510"><ele>52.000</ele></trkpt>
      <trkpt lat="22.2172248537" lon="113.9822030382"><ele>52.000</ele></trkpt>
      <trkpt lat="22.2172057730" lon="113.9822319342"><ele>54.000</ele></trkpt>
      <trkpt lat="22.2171747957" lon="113.9823019048"><ele>56.000</ele></trkpt>
      <trkpt lat="22.2171438312" lon="113.9823834239"><ele>58.000</ele></trkpt>
      <trkpt lat="22.2171247819" lon="113.9824386222"><ele>58.000</ele></trkpt>
      <trkpt lat="22.2171081129" lon="113.9824861193"><ele>61.000</ele></trkpt>
      <trkpt lat="22.2170962038" lon="113.9825175717"><ele>62.000</ele></trkpt>
      <trkpt lat="22.2170932457" lon="113.9825413128"><ele>62.000</ele></trkpt>
      <trkpt lat="22.2170944802" lon="113.9825753124"><ele>65.000</ele></trkpt>
      <trkpt lat="22.2170963049" lon="113.9826022543"><ele>66.000</ele></trkpt>
      <trkpt lat="22.2171029162" lon="113.9826362476"><ele>66.000</ele></trkpt>
      <trkpt lat="22.2171107360" lon="113.9826817856"><ele>68.000</ele></trkpt>
      <trkpt lat="22.2171191428" lon="113.9827189838"><ele>68.000</ele></trkpt>
      <trkpt lat="22.2171281351" lon="113.9827459159"><ele>68.000</ele></trkpt>
      <trkpt lat="22.2171407217" lon="113.9827811840"><ele>70.000</ele></trkpt>
      <trkpt lat="22.2171509018" lon="113.9828029818"><ele>70.000</ele></trkpt>
      <trkpt lat="22.2171670657" lon="113.9828324704"><ele>70.000</ele></trkpt>
      <trkpt lat="22.2171766473" lon="113.9828529868"><ele>70.000</ele></trkpt>
      <trkpt lat="22.2171886270" lon="113.9828799148"><ele>72.000</ele></trkpt>
      <trkpt lat="22.2172000224" lon="113.9829190332"><ele>72.000</ele></trkpt>
      <trkpt lat="22.2172120113" lon="113.9829536601"><ele>72.000</ele></trkpt>
      <trkpt lat="22.2172233968" lon="113.9829844384"><ele>72.000</ele></trkpt>
      <trkpt lat="22.2172371696" lon="113.9830126472"><ele>75.000</ele></trkpt>
      <trkpt lat="22.2172515387" lon="113.9830402140"><ele>75.000</ele></trkpt>
      <trkpt lat="22.2172706852" lon="113.9830664910"><ele>78.000</ele></trkpt>
      <trkpt lat="22.2172832563" lon="113.9830895697"><ele>78.000</ele></trkpt>
      <trkpt lat="22.2172988307" lon="113.9831261161"><ele>78.000</ele></trkpt>
      <trkpt lat="22.2173180001" lon="113.9831716386"><ele>80.000</ele></trkpt>
      <trkpt lat="22.2173359701" lon="113.9832133144"><ele>80.000</ele></trkpt>
      <trkpt lat="22.2173491520" lon="113.9832472986"><ele>81.000</ele></trkpt>
      <trkpt lat="22.2173575480" lon="113.9832755148"><ele>81.000</ele></trkpt>
      <trkpt lat="22.2173539913" lon="113.9832979736"><ele>81.000</ele></trkpt>
      <trkpt lat="22.2173486480" lon="113.9833262086"><ele>81.000</ele></trkpt>
      <trkpt lat="22.2173320072" lon="113.9833968015"><ele>84.000</ele></trkpt>
      <trkpt lat="22.2173117917" lon="113.9834763805"><ele>86.000</ele></trkpt>
      <trkpt lat="22.2172844254" lon="113.9835700830"><ele>86.000</ele></trkpt>
      <trkpt lat="22.2172701373" lon="113.9836105198"><ele>86.000</ele></trkpt>
      <trkpt lat="22.2172600013" lon="113.9836265718"><ele>87.000</ele></trkpt>
      <trkpt lat="22.2172504609" lon="113.9836406996"><ele>87.000</ele></trkpt>
      <trkpt lat="22.2172325656" lon="113.9836618948"><ele>87.000</ele></trkpt>
      <trkpt lat="22.2172218334" lon="113.9836792308"><ele>88.000</ele></trkpt>
      <trkpt lat="22.2172146863" lon="113.9836965618"><ele>88.000</ele></trkpt>
      <trkpt lat="22.2172087392" lon="113.9837190248"><ele>91.000</ele></trkpt>
      <trkpt lat="22.2172015982" lon="113.9837414884"><ele>91.000</ele></trkpt>
      <trkpt lat="22.2171944571" lon="113.9837645932"><ele>92.000</ele></trkpt>
      <trkpt lat="22.2171819424" lon="113.9837889894"><ele>92.000</ele></trkpt>
      <trkpt lat="22.2171634538" lon="113.9838140349"><ele>92.000</ele></trkpt>
      <trkpt lat="22.2171455617" lon="113.9838371544"><ele>92.000</ele></trkpt>
      <trkpt lat="22.2171240867" lon="113.9838622039"><ele>90.000</ele></trkpt>
      <trkpt lat="22.2171061898" lon="113.9838821160"><ele>90.000</ele></trkpt>
      <trkpt lat="22.2170757577" lon="113.9839091030"><ele>88.000</ele></trkpt>
      <trkpt lat="22.2170417482" lon="113.9839418677"><ele>89.000</ele></trkpt>
      <trkpt lat="22.2170166958" lon="113.9839726958"><ele>92.000</ele></trkpt>
      <trkpt lat="22.2169892577" lon="113.9840060936"><ele>90.000</ele></trkpt>
      <trkpt lat="22.2169719686" lon="113.9840343448"><ele>93.000</ele></trkpt>
      <trkpt lat="22.2169588568" lon="113.9840593829"><ele>94.000</ele></trkpt>
      <trkpt lat="22.2169535029" lon="113.9840779955"><ele>90.000</ele></trkpt>
      <trkpt lat="22.2169517354" lon="113.9840991686"><ele>90.000</ele></trkpt>
      <trkpt lat="22.2169511620" lon="113.9841190569"><ele>92.000</ele></trkpt>
      <trkpt lat="22.2169482035" lon="113.9841434390"><ele>92.000</ele></trkpt>
      <trkpt lat="22.2169470332" lon="113.9841633291"><ele>92.000</ele></trkpt>
      <trkpt lat="22.2169404929" lon="113.9841889993"><ele>92.000</ele></trkpt>
      <trkpt lat="22.2169351403" lon="113.9842095362"><ele>95.000</ele></trkpt>
      <trkpt lat="22.2169232248" lon="113.9842358558"><ele>95.000</ele></trkpt>
      <trkpt lat="22.2169089213" lon="113.9842634608"><ele>96.000</ele></trkpt>
      <trkpt lat="22.2168969989" lon="113.9842840067"><ele>96.000</ele></trkpt>
      <trkpt lat="22.2168826825" lon="113.9843007063"><ele>97.000</ele></trkpt>
      <trkpt lat="22.2168671690" lon="113.9843154833"><ele>97.000</ele></trkpt>
      <trkpt lat="22.2168594203" lon="113.9843296077"><ele>96.000</ele></trkpt>
      <trkpt lat="22.2168594370" lon="113.9843437214"><ele>96.000</ele></trkpt>
      <trkpt lat="22.2168624477" lon="113.9843642469"><ele>96.000</ele></trkpt>
      <trkpt lat="22.2168744300" lon="113.9843943824"><ele>97.000</ele></trkpt>
      <trkpt lat="22.2168911981" lon="113.9844302860"><ele>97.000</ele></trkpt>
      <trkpt lat="22.2169079595" lon="113.9844604150"><ele>96.000</ele></trkpt>
      <trkpt lat="22.2169259117" lon="113.9844873359"><ele>98.000</ele></trkpt>
      <trkpt lat="22.2169492438" lon="113.9845174559"><ele>98.000</ele></trkpt>
      <trkpt lat="22.2169755599" lon="113.9845456486"><ele>100.000</ele></trkpt>
      <trkpt lat="22.2169875271" lon="113.9845629535"><ele>100.000</ele></trkpt>
      <trkpt lat="22.2169947138" lon="113.9845783407"><ele>100.000</ele></trkpt>
      <trkpt lat="22.2169959426" lon="113.9846072086"><ele>99.000</ele></trkpt>
      <trkpt lat="22.2169959843" lon="113.9846424931"><ele>99.000</ele></trkpt>
      <trkpt lat="22.2169972162" lon="113.9846739274"><ele>99.000</ele></trkpt>
      <trkpt lat="22.2169996360" lon="113.9846995853"><ele>99.000</ele></trkpt>
      <trkpt lat="22.2170050468" lon="113.9847290887"><ele>102.000</ele></trkpt>
      <trkpt lat="22.2170134470" lon="113.9847611543"><ele>100.000</ele></trkpt>
      <trkpt lat="22.2170200397" lon="113.9847797497"><ele>100.000</ele></trkpt>
      <trkpt lat="22.2170296258" lon="113.9848034737"><ele>98.000</ele></trkpt>
      <trkpt lat="22.2170410064" lon="113.9848304027"><ele>98.000</ele></trkpt>
      <trkpt lat="22.2170470112" lon="113.9848566988"><ele>99.000</ele></trkpt>
      <trkpt lat="22.2170560009" lon="113.9848817058"><ele>98.000</ele></trkpt>
      <trkpt lat="22.2170703666" lon="113.9849067064"><ele>98.000</ele></trkpt>
      <trkpt lat="22.2170877179" lon="113.9849310619"><ele>96.000</ele></trkpt>
      <trkpt lat="22.2171038770" lon="113.9849567012"><ele>98.000</ele></trkpt>
      <trkpt lat="22.2171248262" lon="113.9849925993"><ele>96.000</ele></trkpt>
      <trkpt lat="22.2171391903" lon="113.9850163168"><ele>98.000</ele></trkpt>
      <trkpt lat="22.2171583250" lon="113.9850336120"><ele>94.000</ele></trkpt>
      <trkpt lat="22.2171894103" lon="113.9850534583"><ele>98.000</ele></trkpt>
      <trkpt lat="22.2172067505" lon="113.9850675485"><ele>98.000</ele></trkpt>
      <trkpt lat="22.2172199093" lon="113.9850822856"><ele>94.000</ele></trkpt>
      <trkpt lat="22.2172390628" lon="113.9851156198"><ele>98.000</ele></trkpt>
      <trkpt lat="22.2172558240" lon="113.9851457499"><ele>95.000</ele></trkpt>
      <trkpt lat="22.2172737694" lon="113.9851668963"><ele>98.000</ele></trkpt>
      <trkpt lat="22.2173048607" lon="113.9851918742"><ele>96.000</ele></trkpt>
      <trkpt lat="22.2173305708" lon="113.9852123690"><ele>96.000</ele></trkpt>
      <trkpt lat="22.2173574611" lon="113.9852213136"><ele>94.000</ele></trkpt>
      <trkpt lat="22.2173897230" lon="113.9852257604"><ele>94.000</ele></trkpt>
      <trkpt lat="22.2174261608" lon="113.9852257109"><ele>94.000</ele></trkpt>
      <trkpt lat="22.2174631987" lon="113.9852275849"><ele>96.000</ele></trkpt>
      <trkpt lat="22.2174900867" lon="113.9852346062"><ele>96.000</ele></trkpt>
      <trkpt lat="22.2175140013" lon="113.9852518950"><ele>98.000</ele></trkpt>
      <trkpt lat="22.2175301503" lon="113.9852698365"><ele>97.000</ele></trkpt>
      <trkpt lat="22.2175510784" lon="113.9852877714"><ele>98.000</ele></trkpt>
      <trkpt lat="22.2175773885" lon="113.9853101896"><ele>98.000</ele></trkpt>
      <trkpt lat="22.2175995105" lon="113.9853274809"><ele>99.000</ele></trkpt>
      <trkpt lat="22.2176132738" lon="113.9853486339"><ele>99.000</ele></trkpt>
      <trkpt lat="22.2176201314" lon="113.9853729893"><ele>98.000</ele></trkpt>
      <trkpt lat="22.2176303309" lon="113.9854108264"><ele>98.000</ele></trkpt>
      <trkpt lat="22.2176321543" lon="113.9854377685"><ele>98.000</ele></trkpt>
      <trkpt lat="22.2176381733" lon="113.9854762533"><ele>102.000</ele></trkpt>
      <trkpt lat="22.2176430005" lon="113.9855179463"><ele>102.000</ele></trkpt>
      <trkpt lat="22.2176448308" lon="113.9855500220"><ele>102.000</ele></trkpt>
      <trkpt lat="22.2176466579" lon="113.9855801715"><ele>104.000</ele></trkpt>
      <trkpt lat="22.2176508647" lon="113.9856019787"><ele>104.000</ele></trkpt>
      <trkpt lat="22.2176580529" lon="113.9856186491"><ele>104.000</ele></trkpt>
      <trkpt lat="22.2176676401" lon="113.9856442975"><ele>104.000</ele></trkpt>
      <trkpt lat="22.2176802329" lon="113.9856853398"><ele>104.000</ele></trkpt>
      <trkpt lat="22.2176916278" lon="113.9857238165"><ele>101.000</ele></trkpt>
      <trkpt lat="22.2177018338" lon="113.9857680695"><ele>99.000</ele></trkpt>
      <trkpt lat="22.2177096324" lon="113.9857962867"><ele>99.000</ele></trkpt>
      <trkpt lat="22.2177132476" lon="113.9858225852"><ele>97.000</ele></trkpt>
      <trkpt lat="22.2177132905" lon="113.9858591530"><ele>97.000</ele></trkpt>
      <trkpt lat="22.2177169327" lon="113.9859085476"><ele>96.000</ele></trkpt>
      <trkpt lat="22.2177217494" lon="113.9859406173"><ele>96.000</ele></trkpt>
      <trkpt lat="22.2177295525" lon="113.9859726850"><ele>96.000</ele></trkpt>
      <trkpt lat="22.2177409299" lon="113.9859970478"><ele>94.000</ele></trkpt>
      <trkpt lat="22.2177576789" lon="113.9860169128"><ele>94.000</ele></trkpt>
      <trkpt lat="22.2177726264" lon="113.9860284411"><ele>97.000</ele></trkpt>
      <trkpt lat="22.2177917520" lon="113.9860380375"><ele>97.000</ele></trkpt>
      <trkpt lat="22.2178150567" lon="113.9860450639"><ele>96.000</ele></trkpt>
      <trkpt lat="22.2178497148" lon="113.9860552814"><ele>99.000</ele></trkpt>
      <trkpt lat="22.2178778037" lon="113.9860667910"><ele>102.000</ele></trkpt>
      <trkpt lat="22.2179088836" lon="113.9860821460"><ele>102.000</ele></trkpt>
      <trkpt lat="22.2179453440" lon="113.9861013433"><ele>100.000</ele></trkpt>
      <trkpt lat="22.2179770231" lon="113.9861186218"><ele>98.000</ele></trkpt>
      <trkpt lat="22.2179961585" lon="113.9861359182"><ele>98.000</ele></trkpt>
      <trkpt lat="22.2180152939" lon="113.9861538548"><ele>98.000</ele></trkpt>
      <trkpt lat="22.2180320444" lon="113.9861750040"><ele>98.000</ele></trkpt>
      <trkpt lat="22.2180494100" lon="113.9862109073"><ele>101.000</ele></trkpt>
      <trkpt lat="22.2180631836" lon="113.9862410408"><ele>101.000</ele></trkpt>
      <trkpt lat="22.2180769687" lon="113.9862801564"><ele>101.000</ele></trkpt>
      <trkpt lat="22.2180859680" lon="113.9863135048"><ele>97.000</ele></trkpt>
      <trkpt lat="22.2180931769" lon="113.9863487798"><ele>96.000</ele></trkpt>
      <trkpt lat="22.2180961881" lon="113.9863699476"><ele>96.000</ele></trkpt>
      <trkpt lat="22.2180991972" lon="113.9863885480"><ele>94.000</ele></trkpt>
      <trkpt lat="22.2181057829" lon="113.9864013699"><ele>94.000</ele></trkpt>
      <trkpt lat="22.2181141543" lon="113.9864090576"><ele>94.000</ele></trkpt>
      <trkpt lat="22.2181273040" lon="113.9864160968"><ele>94.000</ele></trkpt>
      <trkpt lat="22.2181422455" lon="113.9864224915"><ele>95.000</ele></trkpt>
      <trkpt lat="22.2181643546" lon="113.9864288775"><ele>95.000</ele></trkpt>
      <trkpt lat="22.2181930360" lon="113.9864365369"><ele>96.000</ele></trkpt>
      <trkpt lat="22.2182133518" lon="113.9864422842"><ele>96.000</ele></trkpt>
      <trkpt lat="22.2182271000" lon="113.9864499637"><ele>99.000</ele></trkpt>
      <trkpt lat="22.2182366669" lon="113.9864582909"><ele>99.000</ele></trkpt>
      <trkpt lat="22.2182432564" lon="113.9864743202"><ele>99.000</ele></trkpt>
      <trkpt lat="22.2182456662" lon="113.9864916393"><ele>97.000</ele></trkpt>
      <trkpt lat="22.2182450895" lon="113.9865089615"><ele>97.000</ele></trkpt>
      <trkpt lat="22.2182445164" lon="113.9865301331"><ele>97.000</ele></trkpt>
      <trkpt lat="22.2182451345" lon="113.9865474546"><ele>97.000</ele></trkpt>
      <trkpt lat="22.2182517202" lon="113.9865602765"><ele>97.000</ele></trkpt>
      <trkpt lat="22.2182624834" lon="113.9865698853"><ele>97.000</ele></trkpt>
      <trkpt lat="22.2182762339" lon="113.9865794900"><ele>98.000</ele></trkpt>
      <trkpt lat="22.2182929685" lon="113.9865871655"><ele>98.000</ele></trkpt>
      <trkpt lat="22.2183126889" lon="113.9865941959"><ele>98.000</ele></trkpt>
      <trkpt lat="22.2183503327" lon="113.9866037684"><ele>100.000</ele></trkpt>
      <trkpt lat="22.2183796080" lon="113.9866088617"><ele>102.000</ele></trkpt>
      <trkpt lat="22.2184052954" lon="113.9866101102"><ele>105.000</ele></trkpt>
      <trkpt lat="22.2184268023" lon="113.9866120055"><ele>105.000</ele></trkpt>
      <trkpt lat="22.2184441302" lon="113.9866164737"><ele>105.000</ele></trkpt>
      <trkpt lat="22.2184608641" lon="113.9866235081"><ele>108.000</ele></trkpt>
      <trkpt lat="22.2184704362" lon="113.9866363260"><ele>106.000</ele></trkpt>
      <trkpt lat="22.2184728460" lon="113.9866536441"><ele>106.000</ele></trkpt>
      <trkpt lat="22.2184710790" lon="113.9866748174"><ele>104.000</ele></trkpt>
      <trkpt lat="22.2184681209" lon="113.9866998418"><ele>104.000</ele></trkpt>
      <trkpt lat="22.2184615847" lon="113.9867293617"><ele>104.000</ele></trkpt>
      <trkpt lat="22.2184598155" lon="113.9867486107"><ele>104.000</ele></trkpt>
      <trkpt lat="22.2184628169" lon="113.9867614374"><ele>104.000</ele></trkpt>
      <trkpt lat="22.2184705974" lon="113.9867742587"><ele>106.000</ele></trkpt>
      <trkpt lat="22.2184789809" lon="113.9867915688"><ele>106.000</ele></trkpt>
      <trkpt lat="22.2184855747" lon="113.9868120897"><ele>106.000</ele></trkpt>
      <trkpt lat="22.2184885875" lon="113.9868338977"><ele>106.000</ele></trkpt>
      <trkpt lat="22.2184892174" lon="113.9868621257"><ele>106.000</ele></trkpt>
      <trkpt lat="22.2184856645" lon="113.9868890752"><ele>106.000</ele></trkpt>
      <trkpt lat="22.2184809216" lon="113.9869192337"><ele>106.000</ele></trkpt>
      <trkpt lat="22.2184773665" lon="113.9869442590"><ele>106.000</ele></trkpt>
      <trkpt lat="22.2184750077" lon="113.9869705657"><ele>106.000</ele></trkpt>
      <trkpt lat="22.2184714565" lon="113.9869981573"><ele>106.000</ele></trkpt>
      <trkpt lat="22.2184679030" lon="113.9870244657"><ele>108.000</ele></trkpt>
      <trkpt lat="22.2184643464" lon="113.9870482077"><ele>108.000</ele></trkpt>
      <trkpt lat="22.2184595905" lon="113.9870681019"><ele>110.000</ele></trkpt>
      <trkpt lat="22.2184500596" lon="113.9870905688"><ele>110.000</ele></trkpt>
      <trkpt lat="22.2184393264" lon="113.9871066224"><ele>105.000</ele></trkpt>
      <trkpt lat="22.2184244103" lon="113.9871220396"><ele>106.000</ele></trkpt>
      <trkpt lat="22.2184142681" lon="113.9871329597"><ele>106.000</ele></trkpt>
      <trkpt lat="22.2184071147" lon="113.9871451580"><ele>106.000</ele></trkpt>
      <trkpt lat="22.2184035468" lon="113.9871592767"><ele>102.000</ele></trkpt>
      <trkpt lat="22.2184041634" lon="113.9871753151"><ele>105.000</ele></trkpt>
      <trkpt lat="22.2184065746" lon="113.9871939164"><ele>105.000</ele></trkpt>
      <trkpt lat="22.2184149669" lon="113.9872195676"><ele>105.000</ele></trkpt>
      <trkpt lat="22.2184263495" lon="113.9872477802"><ele>105.000</ele></trkpt>
      <trkpt lat="22.2184395208" lon="113.9872734240"><ele>104.000</ele></trkpt>
      <trkpt lat="22.2184508952" lon="113.9872945797"><ele>106.000</ele></trkpt>
      <trkpt lat="22.2184634619" lon="113.9873144515"><ele>106.000</ele></trkpt>
      <trkpt lat="22.2184736378" lon="113.9873324003"><ele>106.000</ele></trkpt>
      <trkpt lat="22.2184790421" lon="113.9873567724"><ele>108.000</ele></trkpt>
      <trkpt lat="22.2184802653" lon="113.9873811491"><ele>108.000</ele></trkpt>
      <trkpt lat="22.2184814824" lon="113.9874003941"><ele>108.000</ele></trkpt>
      <trkpt lat="22.2184874816" lon="113.9874221990"><ele>108.000</ele></trkpt>
      <trkpt lat="22.2184970649" lon="113.9874446403"><ele>110.000</ele></trkpt>
      <trkpt lat="22.2185227956" lon="113.9874830990"><ele>109.000</ele></trkpt>
      <trkpt lat="22.2185491224" lon="113.9875209149"><ele>112.000</ele></trkpt>
      <trkpt lat="22.2185808305" lon="113.9875632142"><ele>112.000</ele></trkpt>
      <trkpt lat="22.2186053574" lon="113.9875939756"><ele>115.000</ele></trkpt>
      <trkpt lat="22.2186340730" lon="113.9876311472"><ele>118.000</ele></trkpt>
      <trkpt lat="22.2186579963" lon="113.9876561356"><ele>116.000</ele></trkpt>
      <trkpt lat="22.2186699691" lon="113.9876785737"><ele>116.000</ele></trkpt>
      <trkpt lat="22.2186867298" lon="113.9877087034"><ele>120.000</ele></trkpt>
      <trkpt lat="22.2186993077" lon="113.9877381976"><ele>120.000</ele></trkpt>
      <trkpt lat="22.2187172579" lon="113.9877638361"><ele>120.000</ele></trkpt>
      <trkpt lat="22.2187328172" lon="113.9877881937"><ele>122.000</ele></trkpt>
      <trkpt lat="22.2187447973" lon="113.9878170476"><ele>122.000</ele></trkpt>
      <trkpt lat="22.2187573888" lon="113.9878574484"><ele>122.000</ele></trkpt>
      <trkpt lat="22.2187699809" lon="113.9878984903"><ele>125.000</ele></trkpt>
      <trkpt lat="22.2187831611" lon="113.9879318333"><ele>125.000</ele></trkpt>
      <trkpt lat="22.2187933434" lon="113.9879561981"><ele>123.000</ele></trkpt>
      <trkpt lat="22.2188053163" lon="113.9879779951"><ele>123.000</ele></trkpt>
      <trkpt lat="22.2188250597" lon="113.9880049144"><ele>124.000</ele></trkpt>
      <trkpt lat="22.2188424076" lon="113.9880267033"><ele>124.000</ele></trkpt>
      <trkpt lat="22.2188525864" lon="113.9880472195"><ele>124.000</ele></trkpt>
      <trkpt lat="22.2188555922" lon="113.9880638958"><ele>124.000</ele></trkpt>
      <trkpt lat="22.2188526288" lon="113.9880837876"><ele>124.000</ele></trkpt>
      <trkpt lat="22.2188466774" lon="113.9881030422"><ele>124.000</ele></trkpt>
      <trkpt lat="22.2188335612" lon="113.9881248728"><ele>124.000</ele></trkpt>
      <trkpt lat="22.2188204429" lon="113.9881447781"><ele>126.000</ele></trkpt>
      <trkpt lat="22.2188037380" lon="113.9881627640"><ele>124.000</ele></trkpt>
      <trkpt lat="22.2187900161" lon="113.9881768963"><ele>126.000</ele></trkpt>
      <trkpt lat="22.2187756955" lon="113.9881903883"><ele>126.000</ele></trkpt>
      <trkpt lat="22.2187619719" lon="113.9882038786"><ele>125.000</ele></trkpt>
      <trkpt lat="22.2187500498" lon="113.9882250655"><ele>126.000</ele></trkpt>
      <trkpt lat="22.2187333665" lon="113.9882616569"><ele>126.000</ele></trkpt>
      <trkpt lat="22.2187136908" lon="113.9882931186"><ele>128.000</ele></trkpt>
      <trkpt lat="22.2186987858" lon="113.9883181589"><ele>128.000</ele></trkpt>
      <trkpt lat="22.2186826802" lon="113.9883374271"><ele>129.000</ele></trkpt>
      <trkpt lat="22.2186683574" lon="113.9883489939"><ele>128.000</ele></trkpt>
      <trkpt lat="22.2186504504" lon="113.9883605654"><ele>128.000</ele></trkpt>
      <trkpt lat="22.2186217914" lon="113.9883721523"><ele>129.000</ele></trkpt>
      <trkpt lat="22.2185967167" lon="113.9883837334"><ele>129.000</ele></trkpt>
      <trkpt lat="22.2185728366" lon="113.9883959550"><ele>129.000</ele></trkpt>
      <trkpt lat="22.2185447852" lon="113.9884158802"><ele>129.000</ele></trkpt>
      <trkpt lat="22.2185006153" lon="113.9884448091"><ele>130.000</ele></trkpt>
      <trkpt lat="22.2184737555" lon="113.9884628075"><ele>130.000</ele></trkpt>
      <trkpt lat="22.2184576499" lon="113.9884820756"><ele>133.000</ele></trkpt>
      <trkpt lat="22.2184510918" lon="113.9884929909"><ele>133.000</ele></trkpt>
      <trkpt lat="22.2184511111" lon="113.9885096711"><ele>133.000</ele></trkpt>
      <trkpt lat="22.2184565168" lon="113.9885353255"><ele>134.000</ele></trkpt>
      <trkpt lat="22.2184631172" lon="113.9885609792"><ele>134.000</ele></trkpt>
      <trkpt lat="22.2184744981" lon="113.9885879087"><ele>133.000</ele></trkpt>
      <trkpt lat="22.2184894690" lon="113.9886206072"><ele>132.000</ele></trkpt>
      <trkpt lat="22.2185068391" lon="113.9886616437"><ele>134.000</ele></trkpt>
      <trkpt lat="22.2185254017" lon="113.9887007533"><ele>134.000</ele></trkpt>
      <trkpt lat="22.2185415698" lon="113.9887347335"><ele>134.000</ele></trkpt>
      <trkpt lat="22.2185541528" lon="113.9887680773"><ele>132.000</ele></trkpt>
      <trkpt lat="22.2185661269" lon="113.9887917986"><ele>132.000</ele></trkpt>
      <trkpt lat="22.2185792876" lon="113.9888084614"><ele>130.000</ele></trkpt>
      <trkpt lat="22.2185942370" lon="113.9888225554"><ele>132.000</ele></trkpt>
      <trkpt lat="22.2186079962" lon="113.9888398594"><ele>132.000</ele></trkpt>
      <trkpt lat="22.2186211613" lon="113.9888603708"><ele>131.000</ele></trkpt>
      <trkpt lat="22.2186307459" lon="113.9888840953"><ele>131.000</ele></trkpt>
      <trkpt lat="22.2186445052" lon="113.9889013993"><ele>133.000</ele></trkpt>
      <trkpt lat="22.2186570645" lon="113.9889142134"><ele>130.000</ele></trkpt>
      <trkpt lat="22.2186690311" lon="113.9889315189"><ele>130.000</ele></trkpt>
      <trkpt lat="22.2186887617" lon="113.9889475318"><ele>133.000</ele></trkpt>
      <trkpt lat="22.2187102842" lon="113.9889629003"><ele>132.000</ele></trkpt>
      <trkpt lat="22.2187377774" lon="113.9889763365"><ele>134.000</ele></trkpt>
      <trkpt lat="22.2187658696" lon="113.9889916963"><ele>134.000</ele></trkpt>
      <trkpt lat="22.2188077117" lon="113.9890153779"><ele>134.000</ele></trkpt>
      <trkpt lat="22.2188453672" lon="113.9890352156"><ele>134.000</ele></trkpt>
      <trkpt lat="22.2188824234" lon="113.9890537709"><ele>131.000</ele></trkpt>
      <trkpt lat="22.2189087173" lon="113.9890633592"><ele>132.000</ele></trkpt>
      <trkpt lat="22.2189326167" lon="113.9890678180"><ele>132.000</ele></trkpt>
      <trkpt lat="22.2189577114" lon="113.9890735585"><ele>134.000</ele></trkpt>
      <trkpt lat="22.2189840054" lon="113.9890831468"><ele>134.000</ele></trkpt>
      <trkpt lat="22.2190126955" lon="113.9890985058"><ele>136.000</ele></trkpt>
      <trkpt lat="22.2190401886" lon="113.9891119421"><ele>136.000</ele></trkpt>
      <trkpt lat="22.2190796352" lon="113.9891304943"><ele>136.000</ele></trkpt>
      <trkpt lat="22.2191196770" lon="113.9891484045"><ele>134.000</ele></trkpt>
      <trkpt lat="22.2191465718" lon="113.9891605585"><ele>136.000</ele></trkpt>
      <trkpt lat="22.2191615191" lon="113.9891720863"><ele>136.000</ele></trkpt>
      <trkpt lat="22.2191764699" lon="113.9891874636"><ele>136.000</ele></trkpt>
      <trkpt lat="22.2191920238" lon="113.9892073317"><ele>136.000</ele></trkpt>
      <trkpt lat="22.2192111730" lon="113.9892368165"><ele>136.000</ele></trkpt>
      <trkpt lat="22.2192333131" lon="113.9892701488"><ele>136.000</ele></trkpt>
      <trkpt lat="22.2192590389" lon="113.9893047575"><ele>133.000</ele></trkpt>
      <trkpt lat="22.2192943388" lon="113.9893541107"><ele>134.000</ele></trkpt>
      <trkpt lat="22.2193128887" lon="113.9893823141"><ele>135.000</ele></trkpt>
      <trkpt lat="22.2193296381" lon="113.9894028218"><ele>132.000</ele></trkpt>
      <trkpt lat="22.2193703036" lon="113.9894431855"><ele>133.000</ele></trkpt>
      <trkpt lat="22.2193972160" lon="113.9894707358"><ele>133.000</ele></trkpt>
      <trkpt lat="22.2194229248" lon="113.9894905905"><ele>134.000</ele></trkpt>
      <trkpt lat="22.2194432553" lon="113.9895091682"><ele>134.000</ele></trkpt>
      <trkpt lat="22.2194564144" lon="113.9895245479"><ele>136.000</ele></trkpt>
      <trkpt lat="22.2194659931" lon="113.9895424988"><ele>135.000</ele></trkpt>
      <trkpt lat="22.2194701965" lon="113.9895617390"><ele>135.000</ele></trkpt>
      <trkpt lat="22.2194690209" lon="113.9895784210"><ele>135.000</ele></trkpt>
      <trkpt lat="22.2194672536" lon="113.9895995954"><ele>134.000</ele></trkpt>
      <trkpt lat="22.2194625174" lon="113.9896368120"><ele>134.000</ele></trkpt>
      <trkpt lat="22.2194589729" lon="113.9896714598"><ele>134.000</ele></trkpt>
      <trkpt lat="22.2194566203" lon="113.9897035405"><ele>136.000</ele></trkpt>
      <trkpt lat="22.2194500909" lon="113.9897394764"><ele>137.000</ele></trkpt>
      <trkpt lat="22.2194423646" lon="113.9897734885"><ele>135.000</ele></trkpt>
      <trkpt lat="22.2194322479" lon="113.9898068628"><ele>136.000</ele></trkpt>
      <trkpt lat="22.2194215329" lon="113.9898389546"><ele>137.000</ele></trkpt>
      <trkpt lat="22.2194090144" lon="113.9898607843"><ele>137.000</ele></trkpt>
      <trkpt lat="22.2193899243" lon="113.9898826228"><ele>138.000</ele></trkpt>
      <trkpt lat="22.2193565134" lon="113.9899179521"><ele>138.000</ele></trkpt>
      <trkpt lat="22.2193344361" lon="113.9899391524"><ele>139.000</ele></trkpt>
      <trkpt lat="22.2193087701" lon="113.9899565079"><ele>136.000</ele></trkpt>
      <trkpt lat="22.2192622223" lon="113.9899957042"><ele>138.000</ele></trkpt>
      <trkpt lat="22.2192103000" lon="113.9900361907"><ele>137.000</ele></trkpt>
      <trkpt lat="22.2191840429" lon="113.9900586806"><ele>137.000</ele></trkpt>
      <trkpt lat="22.2191697311" lon="113.9900798706"><ele>136.000</ele></trkpt>
      <trkpt lat="22.2191637786" lon="113.9900984832"><ele>136.000</ele></trkpt>
      <trkpt lat="22.2191584292" lon="113.9901215865"><ele>136.000</ele></trkpt>
      <trkpt lat="22.2191566728" lon="113.9901523832"><ele>136.000</ele></trkpt>
      <trkpt lat="22.2191584998" lon="113.9901831752"><ele>136.000</ele></trkpt>
      <trkpt lat="22.2191645030" lon="113.9902088289"><ele>136.000</ele></trkpt>
      <trkpt lat="22.2191711046" lon="113.9902357650"><ele>135.000</ele></trkpt>
      <trkpt lat="22.2191782960" lon="113.9902556443"><ele>138.000</ele></trkpt>
      <trkpt lat="22.2191878759" lon="113.9902755195"><ele>138.000</ele></trkpt>
      <trkpt lat="22.2192016394" lon="113.9902966723"><ele>138.000</ele></trkpt>
      <trkpt lat="22.2192219816" lon="113.9903255155"><ele>140.000</ele></trkpt>
      <trkpt lat="22.2192363413" lon="113.9903460255"><ele>140.000</ele></trkpt>
      <trkpt lat="22.2192536854" lon="113.9903639662"><ele>140.000</ele></trkpt>
      <trkpt lat="22.2192626572" lon="113.9903748608"><ele>140.000</ele></trkpt>
      <trkpt lat="22.2192656607" lon="113.9903889709"><ele>140.000</ele></trkpt>
      <trkpt lat="22.2192638813" lon="113.9904005209"><ele>140.000</ele></trkpt>
      <trkpt lat="22.2192567269" lon="113.9904120790"><ele>140.000</ele></trkpt>
      <trkpt lat="22.2192501709" lon="113.9904249185"><ele>140.000</ele></trkpt>
      <trkpt lat="22.2192286978" lon="113.9904525338"><ele>140.000</ele></trkpt>
      <trkpt lat="22.2192072277" lon="113.9904827145"><ele>142.000</ele></trkpt>
      <trkpt lat="22.2191827815" lon="113.9905212403"><ele>142.000</ele></trkpt>
      <trkpt lat="22.2191654927" lon="113.9905507743"><ele>142.000</ele></trkpt>
      <trkpt lat="22.2191476112" lon="113.9905847998"><ele>142.000</ele></trkpt>
      <trkpt lat="22.2191392743" lon="113.9906079070"><ele>142.000</ele></trkpt>
      <trkpt lat="22.2191315367" lon="113.9906322957"><ele>142.000</ele></trkpt>
      <trkpt lat="22.2191279761" lon="113.9906521892"><ele>140.000</ele></trkpt>
      <trkpt lat="22.2191274010" lon="113.9906720778"><ele>140.000</ele></trkpt>
      <trkpt lat="22.2191304102" lon="113.9906919617"><ele>142.000</ele></trkpt>
      <trkpt lat="22.2191387948" lon="113.9907105563"><ele>144.000</ele></trkpt>
      <trkpt lat="22.2191483732" lon="113.9907291483"><ele>144.000</ele></trkpt>
      <trkpt lat="22.2191633388" lon="113.9907567155"><ele>145.000</ele></trkpt>
      <trkpt lat="22.2191795004" lon="113.9907862054"><ele>144.000</ele></trkpt>
      <trkpt lat="22.2191902809" lon="113.9908112117"><ele>142.000</ele></trkpt>
      <trkpt lat="22.2191968780" lon="113.9908342983"><ele>142.000</ele></trkpt>
      <trkpt lat="22.2191980940" lon="113.9908529024"><ele>142.000</ele></trkpt>
      <trkpt lat="22.2191897712" lon="113.9908875563"><ele>142.000</ele></trkpt>
      <trkpt lat="22.2191784742" lon="113.9909337628"><ele>144.000</ele></trkpt>
      <trkpt lat="22.2191659834" lon="113.9909799718"><ele>143.000</ele></trkpt>
      <trkpt lat="22.2191600558" lon="113.9910203974"><ele>143.000</ele></trkpt>
      <trkpt lat="22.2191547297" lon="113.9910640296"><ele>143.000</ele></trkpt>
      <trkpt lat="22.2191500056" lon="113.9911121517"><ele>145.000</ele></trkpt>
      <trkpt lat="22.2191464864" lon="113.9911692544"><ele>146.000</ele></trkpt>
      <trkpt lat="22.2191447518" lon="113.9912192978"><ele>146.000</ele></trkpt>
      <trkpt lat="22.2191453846" lon="113.9912507335"><ele>146.000</ele></trkpt>
      <trkpt lat="22.2191495953" lon="113.9912757475"><ele>146.000</ele></trkpt>
      <trkpt lat="22.2191543953" lon="113.9912949879"><ele>149.000</ele></trkpt>
      <trkpt lat="22.2191645722" lon="113.9913142213"><ele>149.000</ele></trkpt>
      <trkpt lat="22.2191813330" lon="113.9913449936"><ele>150.000</ele></trkpt>
      <trkpt lat="22.2192016751" lon="113.9913731949"><ele>150.000</ele></trkpt>
      <trkpt lat="22.2192094603" lon="113.9913905071"><ele>150.000</ele></trkpt>
      <trkpt lat="22.2192226273" lon="113.9914129440"><ele>152.000</ele></trkpt>
      <trkpt lat="22.2192382058" lon="113.9914546245"><ele>151.000</ele></trkpt>
      <trkpt lat="22.2192501963" lon="113.9914931013"><ele>151.000</ele></trkpt>
      <trkpt lat="22.2192585967" lon="113.9915264510"><ele>150.000</ele></trkpt>
      <trkpt lat="22.2192646165" lon="113.9915668609"><ele>150.000</ele></trkpt>
      <trkpt lat="22.2192688473" lon="113.9916104806"><ele>154.000</ele></trkpt>
      <trkpt lat="22.2192754743" lon="113.9916598720"><ele>154.000</ele></trkpt>
      <trkpt lat="22.2192809006" lon="113.9917041322"><ele>154.000</ele></trkpt>
      <trkpt lat="22.2192821398" lon="113.9917432652"><ele>152.000</ele></trkpt>
      <trkpt lat="22.2192833631" lon="113.9917682832"><ele>152.000</ele></trkpt>
      <trkpt lat="22.2192863677" lon="113.9917843185"><ele>152.000</ele></trkpt>
      <trkpt lat="22.2192935509" lon="113.9917971399"><ele>152.000</ele></trkpt>
      <trkpt lat="22.2193031146" lon="113.9918029012"><ele>152.000</ele></trkpt>
      <trkpt lat="22.2193216394" lon="113.9918086508"><ele>152.000</ele></trkpt>
      <trkpt lat="22.2193479273" lon="113.9918131079"><ele>150.000</ele></trkpt>
      <trkpt lat="22.2193760033" lon="113.9918143533"><ele>152.000</ele></trkpt>
      <trkpt lat="22.2193981071" lon="113.9918162496"><ele>152.000</ele></trkpt>
      <trkpt lat="22.2194154372" lon="113.9918220007"><ele>152.000</ele></trkpt>
      <trkpt lat="22.2194333686" lon="113.9918316005"><ele>152.000</ele></trkpt>
      <trkpt lat="22.2194584683" lon="113.9918418321"><ele>154.000</ele></trkpt>
      <trkpt lat="22.2194841666" lon="113.9918527050"><ele>154.000</ele></trkpt>
      <trkpt lat="22.2195074703" lon="113.9918590904"><ele>154.000</ele></trkpt>
      <trkpt lat="22.2195313680" lon="113.9918629086"><ele>152.000</ele></trkpt>
      <trkpt lat="22.2195510801" lon="113.9918628827"><ele>152.000</ele></trkpt>
      <trkpt lat="22.2195731766" lon="113.9918583621"><ele>154.000</ele></trkpt>
      <trkpt lat="22.2195940747" lon="113.9918506366"><ele>152.000</ele></trkpt>
      <trkpt lat="22.2196239272" lon="113.9918377666"><ele>152.000</ele></trkpt>
      <trkpt lat="22.2196507897" lon="113.9918216920"><ele>152.000</ele></trkpt>
      <trkpt lat="22.2196704894" lon="113.9918107596"><ele>154.000</ele></trkpt>
      <trkpt lat="22.2196836162" lon="113.9917979115"><ele>154.000</ele></trkpt>
      <trkpt lat="22.2196943484" lon="113.9917805759"><ele>154.000</ele></trkpt>
      <trkpt lat="22.2197062639" lon="113.9917523311"><ele>156.000</ele></trkpt>
      <trkpt lat="22.2197128098" lon="113.9917305103"><ele>156.000</ele></trkpt>
      <trkpt lat="22.2197181580" lon="113.9917061238"><ele>158.000</ele></trkpt>
      <trkpt lat="22.2197223158" lon="113.9916855883"><ele>158.000</ele></trkpt>
      <trkpt lat="22.2197288588" lon="113.9916612011"><ele>158.000</ele></trkpt>
      <trkpt lat="22.2197377934" lon="113.9916387351"><ele>158.000</ele></trkpt>
      <trkpt lat="22.2197467317" lon="113.9916194766"><ele>158.000</ele></trkpt>
      <trkpt lat="22.2197550693" lon="113.9915976534"><ele>157.000</ele></trkpt>
      <trkpt lat="22.2197586317" lon="113.9915784019"><ele>157.000</ele></trkpt>
      <trkpt lat="22.2197574092" lon="113.9915540240"><ele>156.000</ele></trkpt>
      <trkpt lat="22.2197555904" lon="113.9915302889"><ele>156.000</ele></trkpt>
      <trkpt lat="22.2197453946" lon="113.9914943760"><ele>155.000</ele></trkpt>
      <trkpt lat="22.2197346054" lon="113.9914616704"><ele>154.000</ele></trkpt>
      <trkpt lat="22.2197196297" lon="113.9914251217"><ele>154.000</ele></trkpt>
      <trkpt lat="22.2197016654" lon="113.9913866517"><ele>156.000</ele></trkpt>
      <trkpt lat="22.2196908821" lon="113.9913590788"><ele>157.000</ele></trkpt>
      <trkpt lat="22.2196842872" lon="113.9913379174"><ele>157.000</ele></trkpt>
      <trkpt lat="22.2196848637" lon="113.9913199530"><ele>158.000</ele></trkpt>
      <trkpt lat="22.2196914163" lon="113.9913032639"><ele>158.000</ele></trkpt>
      <trkpt lat="22.2197021514" lon="113.9912884937"><ele>158.000</ele></trkpt>
      <trkpt lat="22.2197182653" lon="113.9912762827"><ele>160.000</ele></trkpt>
      <trkpt lat="22.2197445364" lon="113.9912659836"><ele>160.000</ele></trkpt>
      <trkpt lat="22.2197720025" lon="113.9912550409"><ele>160.000</ele></trkpt>
      <trkpt lat="22.2197976743" lon="113.9912434594"><ele>160.000</ele></trkpt>
      <trkpt lat="22.2198173771" lon="113.9912344522"><ele>160.000</ele></trkpt>
      <trkpt lat="22.2198430562" lon="113.9912292856"><ele>160.000</ele></trkpt>
      <trkpt lat="22.2198812829" lon="113.9912260279"><ele>160.000</ele></trkpt>
      <trkpt lat="22.2199356368" lon="113.9912221068"><ele>158.000</ele></trkpt>
      <trkpt lat="22.2199684910" lon="113.9912227047"><ele>156.000</ele></trkpt>
      <trkpt lat="22.2199989514" lon="113.9912194571"><ele>156.000</ele></trkpt>
      <trkpt lat="22.2200240316" lon="113.9912117250"><ele>156.000</ele></trkpt>
      <trkpt lat="22.2200479095" lon="113.9911982215"><ele>156.000</ele></trkpt>
      <trkpt lat="22.2200705883" lon="113.9911808691"><ele>156.000</ele></trkpt>
      <trkpt lat="22.2200944679" lon="113.9911680068"><ele>154.000</ele></trkpt>
      <trkpt lat="22.2201201369" lon="113.9911532178"><ele>154.000</ele></trkpt>
      <trkpt lat="22.2201476006" lon="113.9911409918"><ele>154.000</ele></trkpt>
      <trkpt lat="22.2201846104" lon="113.9911191298"><ele>155.000</ele></trkpt>
      <trkpt lat="22.2202102766" lon="113.9911017744"><ele>155.000</ele></trkpt>
      <trkpt lat="22.2202287705" lon="113.9910812200"><ele>156.000</ele></trkpt>
      <trkpt lat="22.2202442758" lon="113.9910587452"><ele>156.000</ele></trkpt>
      <trkpt lat="22.2202567902" lon="113.9910324248"><ele>156.000</ele></trkpt>
      <trkpt lat="22.2202663173" lon="113.9910061083"><ele>156.000</ele></trkpt>
      <trkpt lat="22.2202740513" lon="113.9909785120"><ele>158.000</ele></trkpt>
      <trkpt lat="22.2202805927" lon="113.9909528405"><ele>158.000</ele></trkpt>
      <trkpt lat="22.2202841484" lon="113.9909278151"><ele>159.000</ele></trkpt>
      <trkpt lat="22.2202841220" lon="113.9909047196"><ele>159.000</ele></trkpt>
      <trkpt lat="22.2202805120" lon="113.9908822700"><ele>160.000</ele></trkpt>
      <trkpt lat="22.2202739098" lon="113.9908546915"><ele>160.000</ele></trkpt>
      <trkpt lat="22.2202631293" lon="113.9908296850"><ele>160.000</ele></trkpt>
      <trkpt lat="22.2202499586" lon="113.9908040405"><ele>160.000</ele></trkpt>
      <trkpt lat="22.2202355872" lon="113.9907732639"><ele>159.000</ele></trkpt>
      <trkpt lat="22.2202230119" lon="113.9907463354"><ele>159.000</ele></trkpt>
      <trkpt lat="22.2202200130" lon="113.9907354327"><ele>159.000</ele></trkpt>
      <trkpt lat="22.2202217944" lon="113.9907264490"><ele>159.000</ele></trkpt>
      <trkpt lat="22.2202313407" lon="113.9907161719"><ele>159.000</ele></trkpt>
      <trkpt lat="22.2202480391" lon="113.9906930534"><ele>160.000</ele></trkpt>
      <trkpt lat="22.2202599653" lon="113.9906744328"><ele>158.000</ele></trkpt>
      <trkpt lat="22.2202736772" lon="113.9906513183"><ele>158.000</ele></trkpt>
      <trkpt lat="22.2202808186" lon="113.9906275713"><ele>159.000</ele></trkpt>
      <trkpt lat="22.2202885488" lon="113.9905967665"><ele>160.000</ele></trkpt>
      <trkpt lat="22.2202956820" lon="113.9905666035"><ele>160.000</ele></trkpt>
      <trkpt lat="22.2203028307" lon="113.9905492725"><ele>162.000</ele></trkpt>
      <trkpt lat="22.2203123658" lon="113.9905300130"><ele>161.000</ele></trkpt>
      <trkpt lat="22.2203231059" lon="113.9905197342"><ele>161.000</ele></trkpt>
      <trkpt lat="22.2203368378" lon="113.9905133001"><ele>161.000</ele></trkpt>
      <trkpt lat="22.2203511740" lon="113.9905132812"><ele>160.000</ele></trkpt>
      <trkpt lat="22.2203631324" lon="113.9905235300"><ele>160.000</ele></trkpt>
      <trkpt lat="22.2203733057" lon="113.9905395559"><ele>160.000</ele></trkpt>
      <trkpt lat="22.2203924510" lon="113.9905658346"><ele>156.000</ele></trkpt>
      <trkpt lat="22.2204151863" lon="113.9905978825"><ele>157.000</ele></trkpt>
      <trkpt lat="22.2204415044" lon="113.9906286424"><ele>158.000</ele></trkpt>
      <trkpt lat="22.2204612460" lon="113.9906536371"><ele>156.000</ele></trkpt>
      <trkpt lat="22.2204809823" lon="113.9906747823"><ele>156.000</ele></trkpt>
      <trkpt lat="22.2205060990" lon="113.9906997699"><ele>152.000</ele></trkpt>
      <trkpt lat="22.2205419766" lon="113.9907318005"><ele>153.000</ele></trkpt>
      <trkpt lat="22.2205646971" lon="113.9907510174"><ele>152.000</ele></trkpt>
      <trkpt lat="22.2205850216" lon="113.9907644637"><ele>152.000</ele></trkpt>
      <trkpt lat="22.2206035472" lon="113.9907708542"><ele>152.000</ele></trkpt>
      <trkpt lat="22.2206268443" lon="113.9907714656"><ele>152.000</ele></trkpt>
      <trkpt lat="22.2206447603" lon="113.9907675924"><ele>152.000</ele></trkpt>
      <trkpt lat="22.2206608720" lon="113.9907534570"><ele>152.000</ele></trkpt>
      <trkpt lat="22.2206769801" lon="113.9907361131"><ele>152.000</ele></trkpt>
      <trkpt lat="22.2207008347" lon="113.9907014373"><ele>152.000</ele></trkpt>
      <trkpt lat="22.2207193219" lon="113.9906751098"><ele>154.000</ele></trkpt>
      <trkpt lat="22.2207384129" lon="113.9906539124"><ele>154.000</ele></trkpt>
      <trkpt lat="22.2207539291" lon="113.9906410610"><ele>156.000</ele></trkpt>
      <trkpt lat="22.2207730361" lon="113.9906346207"><ele>156.000</ele></trkpt>
      <trkpt lat="22.2207927454" lon="113.9906313862"><ele>156.000</ele></trkpt>
      <trkpt lat="22.2208142544" lon="113.9906358495"><ele>156.000</ele></trkpt>
      <trkpt lat="22.2208333769" lon="113.9906422393"><ele>156.000</ele></trkpt>
      <trkpt lat="22.2208537021" lon="113.9906563266"><ele>158.000</ele></trkpt>
      <trkpt lat="22.2208734371" lon="113.9906755476"><ele>158.000</ele></trkpt>
      <trkpt lat="22.2208949659" lon="113.9906973325"><ele>160.000</ele></trkpt>
      <trkpt lat="22.2209164955" lon="113.9907191165"><ele>160.000</ele></trkpt>
      <trkpt lat="22.2209457860" lon="113.9907376837"><ele>159.000</ele></trkpt>
      <trkpt lat="22.2209720852" lon="113.9907511211"><ele>159.000</ele></trkpt>
      <trkpt lat="22.2210013676" lon="113.9907626313"><ele>154.000</ele></trkpt>
      <trkpt lat="22.2210246633" lon="113.9907619585"><ele>154.000</ele></trkpt>
      <trkpt lat="22.2210491471" lon="113.9907555112"><ele>150.000</ele></trkpt>
      <trkpt lat="22.2210718339" lon="113.9907452157"><ele>150.000</ele></trkpt>
      <trkpt lat="22.2210909410" lon="113.9907381333"><ele>153.000</ele></trkpt>
      <trkpt lat="22.2211160225" lon="113.9907323263"><ele>153.000</ele></trkpt>
      <trkpt lat="22.2211375264" lon="113.9907316569"><ele>154.000</ele></trkpt>
      <trkpt lat="22.2211626189" lon="113.9907354724"><ele>155.000</ele></trkpt>
      <trkpt lat="22.2211793570" lon="113.9907463570"><ele>152.000</ele></trkpt>
      <trkpt lat="22.2211990963" lon="113.9907700687"><ele>152.000</ele></trkpt>
      <trkpt lat="22.2212230228" lon="113.9907982656"><ele>155.000</ele></trkpt>
      <trkpt lat="22.2212469550" lon="113.9908322373"><ele>155.000</ele></trkpt>
      <trkpt lat="22.2212708893" lon="113.9908681325"><ele>156.000</ele></trkpt>
      <trkpt lat="22.2212948290" lon="113.9909078781"><ele>154.000</ele></trkpt>
      <trkpt lat="22.2213157784" lon="113.9909450614"><ele>156.000</ele></trkpt>
      <trkpt lat="22.2213277573" lon="113.9909732741"><ele>156.000</ele></trkpt>
      <trkpt lat="22.2213391502" lon="113.9910111110"><ele>155.000</ele></trkpt>
      <trkpt lat="22.2213457539" lon="113.9910399729"><ele>156.000</ele></trkpt>
      <trkpt lat="22.2213505650" lon="113.9910688361"><ele>156.000</ele></trkpt>
      <trkpt lat="22.2213482049" lon="113.9910938602"><ele>156.000</ele></trkpt>
      <trkpt lat="22.2213368831" lon="113.9911182549"><ele>155.000</ele></trkpt>
      <trkpt lat="22.2213195883" lon="113.9911426566"><ele>154.000</ele></trkpt>
      <trkpt lat="22.2213022926" lon="113.9911670591"><ele>154.000</ele></trkpt>
      <trkpt lat="22.2212832105" lon="113.9911953127"><ele>152.000</ele></trkpt>
      <trkpt lat="22.2212677125" lon="113.9912242036"><ele>152.000</ele></trkpt>
      <trkpt lat="22.2212617658" lon="113.9912479492"><ele>152.000</ele></trkpt>
      <trkpt lat="22.2212552376" lon="113.9912851677"><ele>152.000</ele></trkpt>
      <trkpt lat="22.2212558645" lon="113.9913114710"><ele>152.000</ele></trkpt>
      <trkpt lat="22.2212588840" lon="113.9913396954"><ele>150.000</ele></trkpt>
      <trkpt lat="22.2212636979" lon="113.9913711261"><ele>150.000</ele></trkpt>
      <trkpt lat="22.2212738771" lon="113.9913922840"><ele>150.000</ele></trkpt>
      <trkpt lat="22.2212858413" lon="113.9914076657"><ele>150.000</ele></trkpt>
      <trkpt lat="22.2213031779" lon="113.9914191907"><ele>150.000</ele></trkpt>
      <trkpt lat="22.2213211077" lon="113.9914281496"><ele>150.000</ele></trkpt>
      <trkpt lat="22.2213414300" lon="113.9914390296"><ele>150.000</ele></trkpt>
      <trkpt lat="22.2213557779" lon="113.9914492754"><ele>150.000</ele></trkpt>
      <trkpt lat="22.2213749121" lon="113.9914659308"><ele>150.000</ele></trkpt>
      <trkpt lat="22.2213988251" lon="113.9914832212"><ele>150.000</ele></trkpt>
      <trkpt lat="22.2214185541" lon="113.9914979516"><ele>150.000</ele></trkpt>
      <trkpt lat="22.2214394721" lon="113.9915069055"><ele>150.000</ele></trkpt>
      <trkpt lat="22.2214579931" lon="113.9915100897"><ele>150.000</ele></trkpt>
      <trkpt lat="22.2214800991" lon="113.9915139093"><ele>151.000</ele></trkpt>
      <trkpt lat="22.2214968255" lon="113.9915145294"><ele>151.000</ele></trkpt>
      <trkpt lat="22.2215105719" lon="113.9915215685"><ele>150.000</ele></trkpt>
      <trkpt lat="22.2215255190" lon="113.9915330967"><ele>150.000</ele></trkpt>
      <trkpt lat="22.2215350922" lon="113.9915471983"><ele>150.000</ele></trkpt>
      <trkpt lat="22.2215351068" lon="113.9915600294"><ele>150.000</ele></trkpt>
      <trkpt lat="22.2215327400" lon="113.9915799216"><ele>150.000</ele></trkpt>
      <trkpt lat="22.2215250044" lon="113.9916062350"><ele>150.000</ele></trkpt>
      <trkpt lat="22.2215184673" lon="113.9916357562"><ele>148.000</ele></trkpt>
      <trkpt lat="22.2215137197" lon="113.9916633489"><ele>148.000</ele></trkpt>
      <trkpt lat="22.2215149517" lon="113.9916960675"><ele>148.000</ele></trkpt>
      <trkpt lat="22.2215197643" lon="113.9917255729"><ele>148.000</ele></trkpt>
      <trkpt lat="22.2215251702" lon="113.9917518699"><ele>146.000</ele></trkpt>
      <trkpt lat="22.2215401392" lon="113.9917826452"><ele>146.000</ele></trkpt>
      <trkpt lat="22.2215580888" lon="113.9918082838"><ele>146.000</ele></trkpt>
      <trkpt lat="22.2215766280" lon="113.9918275065"><ele>146.000</ele></trkpt>
      <trkpt lat="22.2216011403" lon="113.9918460793"><ele>146.000</ele></trkpt>
      <trkpt lat="22.2216244462" lon="113.9918543891"><ele>146.000</ele></trkpt>
      <trkpt lat="22.2216441649" lon="113.9918601382"><ele>146.000</ele></trkpt>
      <trkpt lat="22.2216716395" lon="113.9918575357"><ele>146.000</ele></trkpt>
      <trkpt lat="22.2216919413" lon="113.9918510931"><ele>146.000</ele></trkpt>
      <trkpt lat="22.2217200072" lon="113.9918427159"><ele>148.000</ele></trkpt>
      <trkpt lat="22.2217456851" lon="113.9918356251"><ele>148.000</ele></trkpt>
      <trkpt lat="22.2217659926" lon="113.9918343153"><ele>148.000</ele></trkpt>
      <trkpt lat="22.2217922800" lon="113.9918374883"><ele>148.000</ele></trkpt>
      <trkpt lat="22.2218221515" lon="113.9918412988"><ele>148.000</ele></trkpt>
      <trkpt lat="22.2218550035" lon="113.9918399725"><ele>146.000</ele></trkpt>
      <trkpt lat="22.2218812893" lon="113.9918425044"><ele>146.000</ele></trkpt>
      <trkpt lat="22.2219004081" lon="113.9918456869"><ele>146.000</ele></trkpt>
      <trkpt lat="22.2219171447" lon="113.9918552885"><ele>146.000</ele></trkpt>
      <trkpt lat="22.2219320895" lon="113.9918655345"><ele>144.000</ele></trkpt>
      <trkpt lat="22.2219440398" lon="113.9918687264"><ele>144.000</ele></trkpt>
      <trkpt lat="22.2219577776" lon="113.9918674252"><ele>144.000</ele></trkpt>
      <trkpt lat="22.2219750936" lon="113.9918616285"><ele>144.000</ele></trkpt>
      <trkpt lat="22.2219983805" lon="113.9918532576"><ele>146.000</ele></trkpt>
      <trkpt lat="22.2220174825" lon="113.9918416847"><ele>146.000</ele></trkpt>
      <trkpt lat="22.2220371771" lon="113.9918262613"><ele>147.000</ele></trkpt>
      <trkpt lat="22.2220616420" lon="113.9918031325"><ele>148.000</ele></trkpt>
      <trkpt lat="22.2220759505" lon="113.9917787347"><ele>147.000</ele></trkpt>
      <trkpt lat="22.2220848851" lon="113.9917562684"><ele>146.000</ele></trkpt>
      <trkpt lat="22.2220896386" lon="113.9917338065"><ele>146.000</ele></trkpt>
      <trkpt lat="22.2220902020" lon="113.9917042939"><ele>145.000</ele></trkpt>
      <trkpt lat="22.2220895773" lon="113.9916799158"><ele>145.000</ele></trkpt>
      <trkpt lat="22.2220943328" lon="113.9916600213"><ele>148.000</ele></trkpt>
      <trkpt lat="22.2221050644" lon="113.9916414011"><ele>148.000</ele></trkpt>
      <trkpt lat="22.2221241626" lon="113.9916272618"><ele>145.000</ele></trkpt>
      <trkpt lat="22.2221438579" lon="113.9916124805"><ele>147.000</ele></trkpt>
      <trkpt lat="22.2221629527" lon="113.9915944915"><ele>144.000</ele></trkpt>
      <trkpt lat="22.2221808417" lon="113.9915668805"><ele>144.000</ele></trkpt>
      <trkpt lat="22.2221903623" lon="113.9915347897"><ele>144.000</ele></trkpt>
      <trkpt lat="22.2221992765" lon="113.9914943594"><ele>147.000</ele></trkpt>
      <trkpt lat="22.2222088038" lon="113.9914674014"><ele>148.000</ele></trkpt>
      <trkpt lat="22.2222242827" lon="113.9914224707"><ele>148.000</ele></trkpt>
      <trkpt lat="22.2222427563" lon="113.9913833110"><ele>151.000</ele></trkpt>
      <trkpt lat="22.2222588447" lon="113.9913486461"><ele>150.000</ele></trkpt>
      <trkpt lat="22.2222773182" lon="113.9913101275"><ele>150.000</ele></trkpt>
      <trkpt lat="22.2222940117" lon="113.9912818769"><ele>146.000</ele></trkpt>
      <trkpt lat="22.2223136930" lon="113.9912549056"><ele>146.000</ele></trkpt>
      <trkpt lat="22.2223387447" lon="113.9912221522"><ele>145.000</ele></trkpt>
      <trkpt lat="22.2223542419" lon="113.9911926200"><ele>145.000</ele></trkpt>
      <trkpt lat="22.2223703339" lon="113.9911611616"><ele>146.000</ele></trkpt>
      <trkpt lat="22.2223810602" lon="113.9911386928"><ele>146.000</ele></trkpt>
      <trkpt lat="22.2223995484" lon="113.9911123641"><ele>147.000</ele></trkpt>
      <trkpt lat="22.2224216193" lon="113.9910853895"><ele>147.000</ele></trkpt>
      <trkpt lat="22.2224419063" lon="113.9910661157"><ele>148.000</ele></trkpt>
      <trkpt lat="22.2224621994" lon="113.9910513335"><ele>148.000</ele></trkpt>
      <trkpt lat="22.2224842937" lon="113.9910448883"><ele>149.000</ele></trkpt>
      <trkpt lat="22.2225063975" lon="113.9910467845"><ele>149.000</ele></trkpt>
      <trkpt lat="22.2225261133" lon="113.9910499661"><ele>150.000</ele></trkpt>
      <trkpt lat="22.2225470312" lon="113.9910595621"><ele>150.000</ele></trkpt>
      <trkpt lat="22.2225661625" lon="113.9910736513"><ele>150.000</ele></trkpt>
      <trkpt lat="22.2225924694" lon="113.9910947882"><ele>150.000</ele></trkpt>
      <trkpt lat="22.2226181795" lon="113.9911159258"><ele>154.000</ele></trkpt>
      <trkpt lat="22.2226444843" lon="113.9911351384"><ele>154.000</ele></trkpt>
      <trkpt lat="22.2226683952" lon="113.9911505045"><ele>156.000</ele></trkpt>
      <trkpt lat="22.2226911034" lon="113.9911581739"><ele>156.000</ele></trkpt>
      <trkpt lat="22.2227102222" lon="113.9911613563"><ele>158.000</ele></trkpt>
      <trkpt lat="22.2227347132" lon="113.9911619652"><ele>158.000</ele></trkpt>
      <trkpt lat="22.2227556173" lon="113.9911587301"><ele>158.000</ele></trkpt>
      <trkpt lat="22.2227741251" lon="113.9911503653"><ele>158.000</ele></trkpt>
      <trkpt lat="22.2227997942" lon="113.9911355751"><ele>158.000</ele></trkpt>
      <trkpt lat="22.2228212789" lon="113.9911188669"><ele>158.000</ele></trkpt>
      <trkpt lat="22.2228433593" lon="113.9911002318"><ele>157.000</ele></trkpt>
      <trkpt lat="22.2228672301" lon="113.9910796699"><ele>157.000</ele></trkpt>
      <trkpt lat="22.2228827425" lon="113.9910642518"><ele>156.000</ele></trkpt>
      <trkpt lat="22.2228976633" lon="113.9910526842"><ele>156.000</ele></trkpt>
      <trkpt lat="22.2229137809" lon="113.9910436815"><ele>156.000</ele></trkpt>
      <trkpt lat="22.2229287054" lon="113.9910353214"><ele>151.000</ele></trkpt>
      <trkpt lat="22.2229525870" lon="113.9910250242"><ele>161.000</ele></trkpt>
      <trkpt lat="22.2229746776" lon="113.9910153725"><ele>154.000</ele></trkpt>
      <trkpt lat="22.2229925936" lon="113.9910114992"><ele>154.000</ele></trkpt>
      <trkpt lat="22.2230188728" lon="113.9910082561"><ele>150.000</ele></trkpt>
      <trkpt lat="22.2230391776" lon="113.9910037386"><ele>150.000</ele></trkpt>
      <trkpt lat="22.2230750008" lon="113.9909882937"><ele>152.000</ele></trkpt>
      <trkpt lat="22.2230929130" lon="113.9909818550"><ele>156.000</ele></trkpt>
      <trkpt lat="22.2231114276" lon="113.9909786221"><ele>158.000</ele></trkpt>
      <trkpt lat="22.2231275643" lon="113.9909863001"><ele>157.000</ele></trkpt>
      <trkpt lat="22.2231413196" lon="113.9910003964"><ele>157.000</ele></trkpt>
      <trkpt lat="22.2231497033" lon="113.9910189906"><ele>162.000</ele></trkpt>
      <trkpt lat="22.2231521118" lon="113.9910356682"><ele>168.000</ele></trkpt>
      <trkpt lat="22.2231491501" lon="113.9910581270"><ele>158.000</ele></trkpt>
      <trkpt lat="22.2231390385" lon="113.9910953516"><ele>163.000</ele></trkpt>
      <trkpt lat="22.2231336933" lon="113.9911223043"><ele>163.000</ele></trkpt>
      <trkpt lat="22.2231325352" lon="113.9911543843"><ele>161.000</ele></trkpt>
      <trkpt lat="22.2231331607" lon="113.9911794047"><ele>157.000</ele></trkpt>
      <trkpt lat="22.2231332068" lon="113.9912198235"><ele>157.000</ele></trkpt>
      <trkpt lat="22.2231320786" lon="113.9912782080"><ele>158.000</ele></trkpt>
      <trkpt lat="22.2231321211" lon="113.9913154193"><ele>158.000</ele></trkpt>
      <trkpt lat="22.2231333487" lon="113.9913442876"><ele>161.000</ele></trkpt>
      <trkpt lat="22.2231363674" lon="113.9913725134"><ele>165.000</ele></trkpt>
      <trkpt lat="22.2231405721" lon="113.9913923963"><ele>165.000</ele></trkpt>
      <trkpt lat="22.2231477639" lon="113.9914135585"><ele>165.000</ele></trkpt>
      <trkpt lat="22.2231543543" lon="113.9914308718"><ele>166.000</ele></trkpt>
      <trkpt lat="22.2231633372" lon="113.9914507493"><ele>166.000</ele></trkpt>
      <trkpt lat="22.2231747198" lon="113.9914796043"><ele>164.000</ele></trkpt>
      <trkpt lat="22.2231897004" lon="113.9915212868"><ele>160.000</ele></trkpt>
      <trkpt lat="22.2232058869" lon="113.9915719502"><ele>158.000</ele></trkpt>
      <trkpt lat="22.2232196727" lon="113.9916136332"><ele>158.000</ele></trkpt>
      <trkpt lat="22.2232328689" lon="113.9916617341"><ele>156.000</ele></trkpt>
      <trkpt lat="22.2232448631" lon="113.9917027784"><ele>156.000</ele></trkpt>
      <trkpt lat="22.2232568660" lon="113.9917521641"><ele>156.000</ele></trkpt>
      <trkpt lat="22.2232634637" lon="113.9917758935"><ele>156.000</ele></trkpt>
      <trkpt lat="22.2232688644" lon="113.9917976992"><ele>156.000</ele></trkpt>
      <trkpt lat="22.2232712955" lon="113.9918342663"><ele>154.000</ele></trkpt>
      <trkpt lat="22.2232749294" lon="113.9918778880"><ele>154.000</ele></trkpt>
      <trkpt lat="22.2232743688" lon="113.9919106084"><ele>154.000</ele></trkpt>
      <trkpt lat="22.2232738061" lon="113.9919407633"><ele>154.000</ele></trkpt>
      <trkpt lat="22.2232738302" lon="113.9919619349"><ele>154.000</ele></trkpt>
      <trkpt lat="22.2232792251" lon="113.9919786087"><ele>154.000</ele></trkpt>
      <trkpt lat="22.2232900127" lon="113.9920100309"><ele>156.000</ele></trkpt>
      <trkpt lat="22.2232948412" lon="113.9920536521"><ele>156.000</ele></trkpt>
      <trkpt lat="22.2232942981" lon="113.9921017701"><ele>157.000</ele></trkpt>
      <trkpt lat="22.2232835971" lon="113.9921466938"><ele>156.000</ele></trkpt>
      <trkpt lat="22.2232663241" lon="113.9921903439"><ele>156.000</ele></trkpt>
      <trkpt lat="22.2232406855" lon="113.9922320786"><ele>155.000</ele></trkpt>
      <trkpt lat="22.2232150375" lon="113.9922654739"><ele>156.000</ele></trkpt>
      <trkpt lat="22.2231893843" lon="113.9922943784"><ele>154.000</ele></trkpt>
      <trkpt lat="22.2231810445" lon="113.9923142777"><ele>154.000</ele></trkpt>
      <trkpt lat="22.2231756911" lon="113.9923341741"><ele>154.000</ele></trkpt>
      <trkpt lat="22.2231757166" lon="113.9923566289"><ele>154.000</ele></trkpt>
      <trkpt lat="22.2231799414" lon="113.9923951170"><ele>152.000</ele></trkpt>
      <trkpt lat="22.2231895596" lon="113.9924489966"><ele>152.000</ele></trkpt>
      <trkpt lat="22.2232057661" lon="113.9925176232"><ele>155.000</ele></trkpt>
      <trkpt lat="22.2232225790" lon="113.9925945894"><ele>152.000</ele></trkpt>
      <trkpt lat="22.2232375804" lon="113.9926548771"><ele>151.000</ele></trkpt>
      <trkpt lat="22.2232436021" lon="113.9926972135"><ele>154.000</ele></trkpt>
      <trkpt lat="22.2232502338" lon="113.9927510961"><ele>154.000</ele></trkpt>
      <trkpt lat="22.2232508924" lon="113.9928056286"><ele>154.000</ele></trkpt>
      <trkpt lat="22.2232503636" lon="113.9928659367"><ele>156.000</ele></trkpt>
      <trkpt lat="22.2232492262" lon="113.9929166228"><ele>156.000</ele></trkpt>
      <trkpt lat="22.2232474831" lon="113.9929596104"><ele>154.000</ele></trkpt>
      <trkpt lat="22.2232433358" lon="113.9929904111"><ele>154.000</ele></trkpt>
      <trkpt lat="22.2232320218" lon="113.9930212212"><ele>152.000</ele></trkpt>
      <trkpt lat="22.2232147403" lon="113.9930584550"><ele>152.000</ele></trkpt>
      <trkpt lat="22.2232028306" lon="113.9930911902"><ele>152.000</ele></trkpt>
      <trkpt lat="22.2231938994" lon="113.9931168642"><ele>152.000</ele></trkpt>
      <trkpt lat="22.2231897551" lon="113.9931495902"><ele>152.000</ele></trkpt>
      <trkpt lat="22.2231879917" lon="113.9931746138"><ele>152.000</ele></trkpt>
      <trkpt lat="22.2231868404" lon="113.9932131089"><ele>154.000</ele></trkpt>
      <trkpt lat="22.2231916619" lon="113.9932515972"><ele>154.000</ele></trkpt>
      <trkpt lat="22.2232006648" lon="113.9932894379"><ele>152.000</ele></trkpt>
      <trkpt lat="22.2232114580" lon="113.9933259931"><ele>152.000</ele></trkpt>
      <trkpt lat="22.2232228352" lon="113.9933503585"><ele>152.000</ele></trkpt>
      <trkpt lat="22.2232383893" lon="113.9933708678"><ele>152.000</ele></trkpt>
      <trkpt lat="22.2232545267" lon="113.9933785461"><ele>152.000</ele></trkpt>
      <trkpt lat="22.2232784236" lon="113.9933817226"><ele>152.000</ele></trkpt>
      <trkpt lat="22.2233005216" lon="113.9933784863"><ele>152.000</ele></trkpt>
      <trkpt lat="22.2233291853" lon="113.9933707497"><ele>152.000</ele></trkpt>
      <trkpt lat="22.2233512732" lon="113.9933585319"><ele>154.000</ele></trkpt>
      <trkpt lat="22.2233733473" lon="113.9933341230"><ele>156.000</ele></trkpt>
      <trkpt lat="22.2233882407" lon="113.9932981754"><ele>156.000</ele></trkpt>
      <trkpt lat="22.2234108799" lon="113.9932455378"><ele>156.000</ele></trkpt>
      <trkpt lat="22.2234269767" lon="113.9932179291"><ele>158.000</ele></trkpt>
      <trkpt lat="22.2234502260" lon="113.9931761966"><ele>156.000</ele></trkpt>
      <trkpt lat="22.2234722914" lon="113.9931440894"><ele>159.000</ele></trkpt>
      <trkpt lat="22.2234913812" lon="113.9931216096"><ele>159.000</ele></trkpt>
      <trkpt lat="22.2235158542" lon="113.9931055389"><ele>160.000</ele></trkpt>
      <trkpt lat="22.2235403345" lon="113.9930958834"><ele>160.000</ele></trkpt>
      <trkpt lat="22.2235612370" lon="113.9930920065"><ele>160.000</ele></trkpt>
      <trkpt lat="22.2235911070" lon="113.9930945340"><ele>160.000</ele></trkpt>
      <trkpt lat="22.2236114189" lon="113.9930970740"><ele>160.000</ele></trkpt>
      <trkpt lat="22.2236376983" lon="113.9930931901"><ele>160.000</ele></trkpt>
      <trkpt lat="22.2236609816" lon="113.9930816117"><ele>160.000</ele></trkpt>
      <trkpt lat="22.2236848488" lon="113.9930584836"><ele>160.000</ele></trkpt>
      <trkpt lat="22.2237015499" lon="113.9930366481"><ele>160.000</ele></trkpt>
      <trkpt lat="22.2237128815" lon="113.9930205945"><ele>160.000</ele></trkpt>
      <trkpt lat="22.2237272031" lon="113.9930077446"><ele>160.000</ele></trkpt>
      <trkpt lat="22.2237558530" lon="113.9929878178"><ele>162.000</ele></trkpt>
      <trkpt lat="22.2237946477" lon="113.9929588971"><ele>162.000</ele></trkpt>
      <trkpt lat="22.2238215100" lon="113.9929434644"><ele>162.000</ele></trkpt>
      <trkpt lat="22.2238525537" lon="113.9929273841"><ele>162.000</ele></trkpt>
      <trkpt lat="22.2238913505" lon="113.9929003878"><ele>158.000</ele></trkpt>
      <trkpt lat="22.2239176036" lon="113.9928740489"><ele>158.000</ele></trkpt>
      <trkpt lat="22.2239498326" lon="113.9928496276"><ele>156.000</ele></trkpt>
      <trkpt lat="22.2239772928" lon="113.9928341940"><ele>155.000</ele></trkpt>
      <trkpt lat="22.2239981953" lon="113.9928303171"><ele>155.000</ele></trkpt>
      <trkpt lat="22.2240262656" lon="113.9928257897"><ele>155.000</ele></trkpt>
      <trkpt lat="22.2240603023" lon="113.9928154794"><ele>160.000</ele></trkpt>
      <trkpt lat="22.2240955242" lon="113.9927968282"><ele>160.000</ele></trkpt>
      <trkpt lat="22.2241283596" lon="113.9927807455"><ele>160.000</ele></trkpt>
      <trkpt lat="22.2241528457" lon="113.9927762227"><ele>160.000</ele></trkpt>
      <trkpt lat="22.2241731527" lon="113.9927736298"><ele>163.000</ele></trkpt>
      <trkpt lat="22.2241934684" lon="113.9927787362"><ele>162.000</ele></trkpt>
      <trkpt lat="22.2242042327" lon="113.9927896291"><ele>162.000</ele></trkpt>
      <trkpt lat="22.2242161982" lon="113.9928062944"><ele>162.000</ele></trkpt>
      <trkpt lat="22.2242216017" lon="113.9928306667"><ele>161.000</ele></trkpt>
      <trkpt lat="22.2242168541" lon="113.9928576197"><ele>161.000</ele></trkpt>
      <trkpt lat="22.2242162896" lon="113.9928871327"><ele>161.000</ele></trkpt>
      <trkpt lat="22.2242204984" lon="113.9929115066"><ele>161.000</ele></trkpt>
      <trkpt lat="22.2242300825" lon="113.9929345912"><ele>160.000</ele></trkpt>
      <trkpt lat="22.2242438528" lon="113.9929628023"><ele>162.000</ele></trkpt>
      <trkpt lat="22.2242588230" lon="113.9929948615"><ele>160.000</ele></trkpt>
      <trkpt lat="22.2242702023" lon="113.9930217925"><ele>158.000</ele></trkpt>
      <trkpt lat="22.2242774078" lon="113.9930545040"><ele>158.000</ele></trkpt>
      <trkpt lat="22.2242798291" lon="113.9930827298"><ele>158.000</ele></trkpt>
      <trkpt lat="22.2242780750" lon="113.9931167352"><ele>158.000</ele></trkpt>
      <trkpt lat="22.2242727490" lon="113.9931610111"><ele>158.000</ele></trkpt>
      <trkpt lat="22.2242727975" lon="113.9932039967"><ele>158.000</ele></trkpt>
      <trkpt lat="22.2242800565" lon="113.9932841836"><ele>160.000</ele></trkpt>
      <trkpt lat="22.2242956678" lon="113.9933553780"><ele>162.000</ele></trkpt>
      <trkpt lat="22.2243154515" lon="113.9934188686"><ele>162.000</ele></trkpt>
      <trkpt lat="22.2243352323" lon="113.9934797919"><ele>162.000</ele></trkpt>
      <trkpt lat="22.2243448343" lon="113.9935195575"><ele>161.000</ele></trkpt>
      <trkpt lat="22.2243580409" lon="113.9935766406"><ele>160.000</ele></trkpt>
      <trkpt lat="22.2243748264" lon="113.9936305104"><ele>160.000</ele></trkpt>
      <trkpt lat="22.2243963824" lon="113.9936760346"><ele>160.000</ele></trkpt>
      <trkpt lat="22.2244161219" lon="113.9937003893"><ele>160.000</ele></trkpt>
      <trkpt lat="22.2244400356" lon="113.9937176804"><ele>160.000</ele></trkpt>
      <trkpt lat="22.2244675348" lon="113.9937368922"><ele>160.000</ele></trkpt>
      <trkpt lat="22.2245033928" lon="113.9937528845"><ele>158.000</ele></trkpt>
      <trkpt lat="22.2245392525" lon="113.9937695190"><ele>158.000</ele></trkpt>
      <trkpt lat="22.2245679342" lon="113.9937778223"><ele>160.000</ele></trkpt>
      <trkpt lat="22.2245900351" lon="113.9937771525"><ele>160.000</ele></trkpt>
      <trkpt lat="22.2246198993" lon="113.9937745472"><ele>160.000</ele></trkpt>
      <trkpt lat="22.2246491671" lon="113.9937732260"><ele>162.000</ele></trkpt>
      <trkpt lat="22.2246975517" lon="113.9937725221"><ele>164.000</ele></trkpt>
      <trkpt lat="22.2247554997" lon="113.9937782209"><ele>165.000</ele></trkpt>
      <trkpt lat="22.2247865608" lon="113.9937775385"><ele>168.000</ele></trkpt>
      <trkpt lat="22.2248211990" lon="113.9937704363"><ele>168.000</ele></trkpt>
      <trkpt lat="22.2248594155" lon="113.9937588385"><ele>170.000</ele></trkpt>
      <trkpt lat="22.2248934471" lon="113.9937440377"><ele>168.000</ele></trkpt>
      <trkpt lat="22.2249137390" lon="113.9937279724"><ele>166.000</ele></trkpt>
      <trkpt lat="22.2249405835" lon="113.9936958586"><ele>166.000</ele></trkpt>
      <trkpt lat="22.2249608687" lon="113.9936746604"><ele>164.000</ele></trkpt>
      <trkpt lat="22.2249799659" lon="113.9936585957"><ele>164.000</ele></trkpt>
      <trkpt lat="22.2249925002" lon="113.9936495977"><ele>164.000</ele></trkpt>
      <trkpt lat="22.2250251209" lon="113.9936432895"><ele>167.000</ele></trkpt>
      <trkpt lat="22.2251054321" lon="113.9936502309"><ele>168.000</ele></trkpt>
      <trkpt lat="22.2251617157" lon="113.9936726411"><ele>170.000</ele></trkpt>
      <trkpt lat="22.2251983770" lon="113.9936978876"><ele>170.000</ele></trkpt>
      <trkpt lat="22.2252428988" lon="113.9937329602"><ele>170.000</ele></trkpt>
      <trkpt lat="22.2252704006" lon="113.9937568123"><ele>170.000</ele></trkpt>
      <trkpt lat="22.2253253841" lon="113.9937876560"><ele>170.000</ele></trkpt>
      <trkpt lat="22.2253620391" lon="113.9938072808"><ele>170.000</ele></trkpt>
      <trkpt lat="22.2254392652" lon="113.9938380956"><ele>174.000</ele></trkpt>
      <trkpt lat="22.2254693831" lon="113.9938619454"><ele>174.000</ele></trkpt>
      <trkpt lat="22.2254890645" lon="113.9939125073"><ele>175.000</ele></trkpt>
      <trkpt lat="22.2254878706" lon="113.9940136839"><ele>176.000</ele></trkpt>
      <trkpt lat="22.2254853277" lon="113.9940797318"><ele>175.000</ele></trkpt>
      <trkpt lat="22.2254710106" lon="113.9941457959"><ele>172.000</ele></trkpt>
      <trkpt lat="22.2254488116" lon="113.9941837650"><ele>166.000</ele></trkpt>
      <trkpt lat="22.2254200670" lon="113.9942175272"><ele>166.000</ele></trkpt>
      <trkpt lat="22.2253991560" lon="113.9942372267"><ele>167.000</ele></trkpt>
      <trkpt lat="22.2253677833" lon="113.9942611561"><ele>167.000</ele></trkpt>
      <trkpt lat="22.2253324754" lon="113.9942766588"><ele>166.000</ele></trkpt>
      <trkpt lat="22.2253023875" lon="113.9942795087"><ele>168.000</ele></trkpt>
      <trkpt lat="22.2252747539" lon="113.9942869054"><ele>168.000</ele></trkpt>
      <trkpt lat="22.2252508965" lon="113.9942884203"><ele>168.000</ele></trkpt>
      <trkpt lat="22.2252352938" lon="113.9942904094"><ele>168.000</ele></trkpt>
      <trkpt lat="22.2252252014" lon="113.9942938755"><ele>167.000</ele></trkpt>
      <trkpt lat="22.2252068465" lon="113.9942978372"><ele>167.000</ele></trkpt>
      <trkpt lat="22.2251816097" lon="113.9943013229"><ele>164.000</ele></trkpt>
      <trkpt lat="22.2251710556" lon="113.9943038002"><ele>164.000</ele></trkpt>
      <trkpt lat="22.2251550047" lon="113.9943087483"><ele>164.000</ele></trkpt>
      <trkpt lat="22.2251467455" lon="113.9943122120"><ele>164.000</ele></trkpt>
      <trkpt lat="22.2251265679" lon="113.9943255457"><ele>164.000</ele></trkpt>
      <trkpt lat="22.2251146511" lon="113.9943368901"><ele>164.000</ele></trkpt>
      <trkpt lat="22.2251091551" lon="113.9943482358"><ele>164.000</ele></trkpt>
      <trkpt lat="22.2251022920" lon="113.9943645009"><ele>164.000</ele></trkpt>
      <trkpt lat="22.2250981805" lon="113.9943783086"><ele>166.000</ele></trkpt>
      <trkpt lat="22.2250940733" lon="113.9943960444"><ele>166.000</ele></trkpt>
      <trkpt lat="22.2250922528" lon="113.9944073854"><ele>166.000</ele></trkpt>
      <trkpt lat="22.2250863012" lon="113.9944231547"><ele>166.000</ele></trkpt>
      <trkpt lat="22.2250725673" lon="113.9944487983"><ele>166.000</ele></trkpt>
      <trkpt lat="22.2250588198" lon="113.9944704943"><ele>166.000</ele></trkpt>
      <trkpt lat="22.2250524084" lon="113.9944788829"><ele>166.000</ele></trkpt>
      <trkpt lat="22.2250359179" lon="113.9945025611"><ele>164.000</ele></trkpt>
      <trkpt lat="22.2250088821" lon="113.9945365926"><ele>164.000</ele></trkpt>
      <trkpt lat="22.2250029227" lon="113.9945454656"><ele>164.000</ele></trkpt>
      <trkpt lat="22.2249997279" lon="113.9945553243"><ele>164.000</ele></trkpt>
      <trkpt lat="22.2249974361" lon="113.9945651819"><ele>164.000</ele></trkpt>
      <trkpt lat="22.2249937818" lon="113.9945760305"><ele>164.000</ele></trkpt>
      <trkpt lat="22.2249906168" lon="113.9946124948"><ele>164.000</ele></trkpt>
      <trkpt lat="22.2249906366" lon="113.9946302350"><ele>164.000</ele></trkpt>
      <trkpt lat="22.2249929437" lon="113.9946420556"><ele>164.000</ele></trkpt>
      <trkpt lat="22.2249980084" lon="113.9946568310"><ele>164.000</ele></trkpt>
      <trkpt lat="22.2250053668" lon="113.9946716034"><ele>165.000</ele></trkpt>
      <trkpt lat="22.2250141020" lon="113.9946819414"><ele>165.000</ele></trkpt>
      <trkpt lat="22.2250223627" lon="113.9946878377"><ele>165.000</ele></trkpt>
      <trkpt lat="22.2250352221" lon="113.9946957067"><ele>165.000</ele></trkpt>
      <trkpt lat="22.2250659913" lon="113.9947133975"><ele>166.000</ele></trkpt>
      <trkpt lat="22.2250802319" lon="113.9947207701"><ele>166.000</ele></trkpt>
      <trkpt lat="22.2250889503" lon="113.9947242118"><ele>166.000</ele></trkpt>
      <trkpt lat="22.2251013476" lon="113.9947305974"><ele>166.000</ele></trkpt>
      <trkpt lat="22.2251128305" lon="113.9947350153"><ele>166.000</ele></trkpt>
      <trkpt lat="22.2251243066" lon="113.9947414021"><ele>166.000</ele></trkpt>
      <trkpt lat="22.2251334941" lon="113.9947443485"><ele>166.000</ele></trkpt>
      <trkpt lat="22.2251477251" lon="113.9947512265"><ele>168.000</ele></trkpt>
      <trkpt lat="22.2251734390" lon="113.9947625222"><ele>170.000</ele></trkpt>
      <trkpt lat="22.2251954791" lon="113.9947753067"><ele>171.000</ele></trkpt>
      <trkpt lat="22.2252078779" lon="113.9947831666"><ele>171.000</ele></trkpt>
      <trkpt lat="22.2252230317" lon="113.9947915274"><ele>171.000</ele></trkpt>
      <trkpt lat="22.2252331374" lon="113.9947998850"><ele>168.000</ele></trkpt>
      <trkpt lat="22.2252492145" lon="113.9948102135"><ele>168.000</ele></trkpt>
      <trkpt lat="22.2252749405" lon="113.9948323532"><ele>170.000</ele></trkpt>
      <trkpt lat="22.2252845872" lon="113.9948421954"><ele>168.000</ele></trkpt>
      <trkpt lat="22.2253195189" lon="113.9948835282"><ele>168.000</ele></trkpt>
      <trkpt lat="22.2253254907" lon="113.9948938698"><ele>168.000</ele></trkpt>
      <trkpt lat="22.2253342452" lon="113.9949214534"><ele>168.000</ele></trkpt>
      <trkpt lat="22.2253393077" lon="113.9949342598"><ele>168.000</ele></trkpt>
      <trkpt lat="22.2253457722" lon="113.9949652897"><ele>167.000</ele></trkpt>
      <trkpt lat="22.2253485469" lon="113.9949835114"><ele>167.000</ele></trkpt>
      <trkpt lat="22.2253554624" lon="113.9950140558"><ele>166.000</ele></trkpt>
      <trkpt lat="22.2253559340" lon="113.9950239098"><ele>166.000</ele></trkpt>
      <trkpt lat="22.2253596326" lon="113.9950445939"><ele>166.000</ele></trkpt>
      <trkpt lat="22.2253582742" lon="113.9950574087"><ele>164.000</ele></trkpt>
      <trkpt lat="22.2253514031" lon="113.9950746631"><ele>164.000</ele></trkpt>
      <trkpt lat="22.2253440744" lon="113.9950865059"><ele>164.000</ele></trkpt>
      <trkpt lat="22.2253316981" lon="113.9950988401"><ele>164.000</ele></trkpt>
      <trkpt lat="22.2253206975" lon="113.9951057506"><ele>166.000</ele></trkpt>
      <trkpt lat="22.2252927134" lon="113.9951156413"><ele>166.000</ele></trkpt>
      <trkpt lat="22.2252766501" lon="113.9951176407"><ele>166.000</ele></trkpt>
      <trkpt lat="22.2252651845" lon="113.9951206041"><ele>166.000</ele></trkpt>
      <trkpt lat="22.2252491385" lon="113.9951299944"><ele>166.000</ele></trkpt>
      <trkpt lat="22.2252399642" lon="113.9951388716"><ele>166.000</ele></trkpt>
      <trkpt lat="22.2252266747" lon="113.9951502273"><ele>166.000</ele></trkpt>
      <trkpt lat="22.2252184249" lon="113.9951620616"><ele>166.000</ele></trkpt>
      <trkpt lat="22.2252028397" lon="113.9951798219"><ele>166.000</ele></trkpt>
      <trkpt lat="22.2251941411" lon="113.9951941204"><ele>166.000</ele></trkpt>
      <trkpt lat="22.2251877417" lon="113.9952133432"><ele>166.000</ele></trkpt>
      <trkpt lat="22.2251804158" lon="113.9952276496"><ele>168.000</ele></trkpt>
      <trkpt lat="22.2251675860" lon="113.9952463860"><ele>168.000</ele></trkpt>
      <trkpt lat="22.2251597946" lon="113.9952562507"><ele>168.000</ele></trkpt>
      <trkpt lat="22.2251446694" lon="113.9952735158"><ele>168.000</ele></trkpt>
      <trkpt lat="22.2251318292" lon="113.9952829019"><ele>168.000</ele></trkpt>
      <trkpt lat="22.2251157810" lon="113.9952903136"><ele>168.000</ele></trkpt>
      <trkpt lat="22.2250997226" lon="113.9952967359"><ele>168.000</ele></trkpt>
      <trkpt lat="22.2250855048" lon="113.9953016815"><ele>166.000</ele></trkpt>
      <trkpt lat="22.2250702179" lon="113.9953083336"><ele>166.000</ele></trkpt>
      <trkpt lat="22.2250512224" lon="113.9953209683"><ele>166.000</ele></trkpt>
      <trkpt lat="22.2250350256" lon="113.9953360009"><ele>168.000</ele></trkpt>
      <trkpt lat="22.2250266551" lon="113.9953498237"><ele>168.000</ele></trkpt>
      <trkpt lat="22.2250224835" lon="113.9953543868"><ele>168.000</ele></trkpt>
      <trkpt lat="22.2249817066" lon="113.9953990518"><ele>170.000</ele></trkpt>
      <trkpt lat="22.2249560515" lon="113.9954266728"><ele>169.000</ele></trkpt>
      <trkpt lat="22.2249327851" lon="113.9954536487"><ele>168.000</ele></trkpt>
      <trkpt lat="22.2249041450" lon="113.9954825568"><ele>164.000</ele></trkpt>
      <trkpt lat="22.2248862446" lon="113.9955005441"><ele>166.000</ele></trkpt>
      <trkpt lat="22.2248659584" lon="113.9955211000"><ele>164.000</ele></trkpt>
      <trkpt lat="22.2248486464" lon="113.9955313881"><ele>164.000</ele></trkpt>
      <trkpt lat="22.2248313309" lon="113.9955378256"><ele>164.000</ele></trkpt>
      <trkpt lat="22.2248098300" lon="113.9955404197"><ele>167.000</ele></trkpt>
      <trkpt lat="22.2247835456" lon="113.9955398123"><ele>167.000</ele></trkpt>
      <trkpt lat="22.2247608456" lon="113.9955385583"><ele>163.000</ele></trkpt>
      <trkpt lat="22.2247375413" lon="113.9955315309"><ele>163.000</ele></trkpt>
      <trkpt lat="22.2247219983" lon="113.9955206439"><ele>168.000</ele></trkpt>
      <trkpt lat="22.2247130130" lon="113.9954982004"><ele>168.000</ele></trkpt>
      <trkpt lat="22.2247022261" lon="113.9954667766"><ele>171.000</ele></trkpt>
      <trkpt lat="22.2246824789" lon="113.9954353652"><ele>172.000</ele></trkpt>
      <trkpt lat="22.2246603458" lon="113.9954071636"><ele>172.000</ele></trkpt>
      <trkpt lat="22.2246358318" lon="113.9953866654"><ele>169.000</ele></trkpt>
      <trkpt lat="22.2246142935" lon="113.9953565387"><ele>169.000</ele></trkpt>
      <trkpt lat="22.2245831887" lon="113.9953180847"><ele>166.000</ele></trkpt>
      <trkpt lat="22.2245436986" lon="113.9952591099"><ele>166.000</ele></trkpt>
      <trkpt lat="22.2245239629" lon="113.9952379634"><ele>166.000</ele></trkpt>
      <trkpt lat="22.2245024396" lon="113.9952213101"><ele>169.000</ele></trkpt>
      <trkpt lat="22.2244779355" lon="113.9952097936"><ele>169.000</ele></trkpt>
      <trkpt lat="22.2244414770" lon="113.9951912352"><ele>163.000</ele></trkpt>
      <trkpt lat="22.2244133875" lon="113.9951777980"><ele>164.000</ele></trkpt>
      <trkpt lat="22.2243924720" lon="113.9951701255"><ele>164.000</ele></trkpt>
      <trkpt lat="22.2243673673" lon="113.9951560433"><ele>168.000</ele></trkpt>
      <trkpt lat="22.2243350815" lon="113.9951291391"><ele>164.000</ele></trkpt>
      <trkpt lat="22.2242938260" lon="113.9950945470"><ele>162.000</ele></trkpt>
      <trkpt lat="22.2242633346" lon="113.9950708481"><ele>164.000</ele></trkpt>
      <trkpt lat="22.2242262748" lon="113.9950484408"><ele>162.000</ele></trkpt>
      <trkpt lat="22.2241934040" lon="113.9950330855"><ele>162.000</ele></trkpt>
      <trkpt lat="22.2241647159" lon="113.9950190079"><ele>160.000</ele></trkpt>
      <trkpt lat="22.2241342381" lon="113.9950074991"><ele>158.000</ele></trkpt>
      <trkpt lat="22.2241061579" lon="113.9950024024"><ele>158.000</ele></trkpt>
      <trkpt lat="22.2240840599" lon="113.9950056385"><ele>156.000</ele></trkpt>
      <trkpt lat="22.2240649519" lon="113.9950120793"><ele>158.000</ele></trkpt>
      <trkpt lat="22.2240422646" lon="113.9950230154"><ele>158.000</ele></trkpt>
      <trkpt lat="22.2240285435" lon="113.9950384309"><ele>158.000</ele></trkpt>
      <trkpt lat="22.2240160255" lon="113.9950621852"><ele>158.000</ele></trkpt>
      <trkpt lat="22.2240047102" lon="113.9950929952"><ele>158.000</ele></trkpt>
      <trkpt lat="22.2239999686" lon="113.9951257211"><ele>158.000</ele></trkpt>
      <trkpt lat="22.2240017897" lon="113.9951520234"><ele>158.000</ele></trkpt>
      <trkpt lat="22.2240030102" lon="113.9951751189"><ele>158.000</ele></trkpt>
      <trkpt lat="22.2240000503" lon="113.9951988610"><ele>158.000</ele></trkpt>
      <trkpt lat="22.2239946944" lon="113.9952168320"><ele>160.000</ele></trkpt>
      <trkpt lat="22.2239851550" lon="113.9952335253"><ele>160.000</ele></trkpt>
      <trkpt lat="22.2239762105" lon="113.9952476513"><ele>160.000</ele></trkpt>
      <trkpt lat="22.2239714524" lon="113.9952656216"><ele>160.000</ele></trkpt>
      <trkpt lat="22.2239708804" lon="113.9952887184"><ele>160.000</ele></trkpt>
      <trkpt lat="22.2239733050" lon="113.9953201528"><ele>162.000</ele></trkpt>
      <trkpt lat="22.2239739579" lon="113.9953695527"><ele>162.000</ele></trkpt>
      <trkpt lat="22.2239793982" lon="113.9954272869"><ele>162.000</ele></trkpt>
      <trkpt lat="22.2239896016" lon="113.9954715426"><ele>162.000</ele></trkpt>
      <trkpt lat="22.2239997895" lon="113.9955010418"><ele>162.000</ele></trkpt>
      <trkpt lat="22.2240075971" lon="113.9955388844"><ele>162.000</ele></trkpt>
      <trkpt lat="22.2240106188" lon="113.9955696760"><ele>164.000</ele></trkpt>
      <trkpt lat="22.2240088684" lon="113.9956075319"><ele>166.000</ele></trkpt>
      <trkpt lat="22.2240047508" lon="113.9956646363"><ele>168.000</ele></trkpt>
      <trkpt lat="22.2240066110" lon="113.9957262258"><ele>166.000</ele></trkpt>
      <trkpt lat="22.2240078593" lon="113.9957743418"><ele>164.000</ele></trkpt>
      <trkpt lat="22.2240061134" lon="113.9958154043"><ele>164.000</ele></trkpt>
      <trkpt lat="22.2239989719" lon="113.9958397937"><ele>164.000</ele></trkpt>
      <trkpt lat="22.2239870531" lon="113.9958648305"><ele>164.000</ele></trkpt>
      <trkpt lat="22.2239709574" lon="113.9958937222"><ele>164.000</ele></trkpt>
      <trkpt lat="22.2239500990" lon="113.9959373757"><ele>167.000</ele></trkpt>
      <trkpt lat="22.2239364012" lon="113.9959746038"><ele>167.000</ele></trkpt>
      <trkpt lat="22.2239238852" lon="113.9960002834"><ele>170.000</ele></trkpt>
      <trkpt lat="22.2239119599" lon="113.9960195461"><ele>168.000</ele></trkpt>
      <trkpt lat="22.2238982366" lon="113.9960330360"><ele>168.000</ele></trkpt>
      <trkpt lat="22.2238576509" lon="113.9960638835"><ele>168.000</ele></trkpt>
      <trkpt lat="22.2238063200" lon="113.9960998776"><ele>166.000</ele></trkpt>
      <trkpt lat="22.2237406590" lon="113.9961423051"><ele>165.000</ele></trkpt>
      <trkpt lat="22.2236887267" lon="113.9961750924"><ele>164.000</ele></trkpt>
      <trkpt lat="22.2236523124" lon="113.9961963107"><ele>164.000</ele></trkpt>
      <trkpt lat="22.2236188890" lon="113.9962207328"><ele>164.000</ele></trkpt>
      <trkpt lat="22.2235985897" lon="113.9962303825"><ele>162.000</ele></trkpt>
      <trkpt lat="22.2235824697" lon="113.9962374603"><ele>162.000</ele></trkpt>
      <trkpt lat="22.2235663509" lon="113.9962464635"><ele>162.000</ele></trkpt>
      <trkpt lat="22.2235538150" lon="113.9962541779"><ele>162.000</ele></trkpt>
      <trkpt lat="22.2235377028" lon="113.9962683140"><ele>164.000</ele></trkpt>
      <trkpt lat="22.2235168059" lon="113.9962773223"><ele>164.000</ele></trkpt>
      <trkpt lat="22.2234827697" lon="113.9962882727"><ele>164.000</ele></trkpt>
      <trkpt lat="22.2234564933" lon="113.9962940804"><ele>162.000</ele></trkpt>
      <trkpt lat="22.2234367825" lon="113.9962960300"><ele>162.000</ele></trkpt>
      <trkpt lat="22.2234194606" lon="113.9962966942"><ele>162.000</ele></trkpt>
      <trkpt lat="22.2233931713" lon="113.9962909539"><ele>162.000</ele></trkpt>
      <trkpt lat="22.2233620995" lon="113.9962820111"><ele>160.000</ele></trkpt>
      <trkpt lat="22.2233399908" lon="113.9962756243"><ele>160.000</ele></trkpt>
      <trkpt lat="22.2233238672" lon="113.9962794936"><ele>160.000</ele></trkpt>
      <trkpt lat="22.2233017718" lon="113.9962859380"><ele>160.000</ele></trkpt>
      <trkpt lat="22.2232772930" lon="113.9962962341"><ele>158.000</ele></trkpt>
      <trkpt lat="22.2232450463" lon="113.9963052579"><ele>156.000</ele></trkpt>
      <trkpt lat="22.2232259411" lon="113.9963142639"><ele>156.000</ele></trkpt>
      <trkpt lat="22.2232104258" lon="113.9963283982"><ele>155.000</ele></trkpt>
      <trkpt lat="22.2232038751" lon="113.9963463706"><ele>155.000</ele></trkpt>
      <trkpt lat="22.2232003107" lon="113.9963643393"><ele>154.000</ele></trkpt>
      <trkpt lat="22.2232021261" lon="113.9963848675"><ele>155.000</ele></trkpt>
      <trkpt lat="22.2232075234" lon="113.9964041069"><ele>155.000</ele></trkpt>
      <trkpt lat="22.2232188966" lon="113.9964252649"><ele>154.000</ele></trkpt>
      <trkpt lat="22.2232344538" lon="113.9964489831"><ele>154.000</ele></trkpt>
      <trkpt lat="22.2232500146" lon="113.9964759088"><ele>156.000</ele></trkpt>
      <trkpt lat="22.2232667757" lon="113.9965086070"><ele>156.000</ele></trkpt>
      <trkpt lat="22.2232835305" lon="113.9965348901"><ele>154.000</ele></trkpt>
      <trkpt lat="22.2233092626" lon="113.9965765594"><ele>154.000</ele></trkpt>
      <trkpt lat="22.2233278155" lon="113.9966086142"><ele>151.000</ele></trkpt>
      <trkpt lat="22.2233457622" lon="113.9966323294"><ele>153.000</ele></trkpt>
      <trkpt lat="22.2233637025" lon="113.9966502706"><ele>153.000</ele></trkpt>
      <trkpt lat="22.2233810514" lon="113.9966739865"><ele>150.000</ele></trkpt>
      <trkpt lat="22.2233924225" lon="113.9966932193"><ele>154.000</ele></trkpt>
      <trkpt lat="22.2234014132" lon="113.9967207956"><ele>152.000</ele></trkpt>
      <trkpt lat="22.2234092170" lon="113.9967554296"><ele>149.000</ele></trkpt>
      <trkpt lat="22.2234170244" lon="113.9967932732"><ele>149.000</ele></trkpt>
      <trkpt lat="22.2234290101" lon="113.9968285440"><ele>150.000</ele></trkpt>
      <trkpt lat="22.2234421884" lon="113.9968618889"><ele>148.000</ele></trkpt>
      <trkpt lat="22.2234601365" lon="113.9968868864"><ele>148.000</ele></trkpt>
      <trkpt lat="22.2234828592" lon="113.9969086712"><ele>148.000</ele></trkpt>
      <trkpt lat="22.2235049778" lon="113.9969240406"><ele>148.000</ele></trkpt>
      <trkpt lat="22.2235276865" lon="113.9969323521"><ele>148.000</ele></trkpt>
      <trkpt lat="22.2235497902" lon="113.9969342492"><ele>148.000</ele></trkpt>
      <trkpt lat="22.2235724789" lon="113.9969252377"><ele>146.000</ele></trkpt>
      <trkpt lat="22.2235987482" lon="113.9969130141"><ele>146.000</ele></trkpt>
      <trkpt lat="22.2236262097" lon="113.9968975814"><ele>148.000</ele></trkpt>
      <trkpt lat="22.2236685955" lon="113.9968750724"><ele>144.000</ele></trkpt>
      <trkpt lat="22.2236978479" lon="113.9968589963"><ele>144.000</ele></trkpt>
      <trkpt lat="22.2237253113" lon="113.9968461300"><ele>146.000</ele></trkpt>
      <trkpt lat="22.2237497975" lon="113.9968416069"><ele>146.000</ele></trkpt>
      <trkpt lat="22.2237701051" lon="113.9968402988"><ele>146.000</ele></trkpt>
      <trkpt lat="22.2237981869" lon="113.9968460370"><ele>145.000</ele></trkpt>
      <trkpt lat="22.2238196937" lon="113.9968479339"><ele>145.000</ele></trkpt>
      <trkpt lat="22.2238501506" lon="113.9968414789"><ele>144.000</ele></trkpt>
      <trkpt lat="22.2238752273" lon="113.9968311821"><ele>144.000</ele></trkpt>
      <trkpt lat="22.2239038783" lon="113.9968118981"><ele>142.000</ele></trkpt>
      <trkpt lat="22.2239372977" lon="113.9967829853"><ele>143.000</ele></trkpt>
      <trkpt lat="22.2239581783" lon="113.9967592205"><ele>143.000</ele></trkpt>
      <trkpt lat="22.2239814634" lon="113.9967489250"><ele>146.000</ele></trkpt>
      <trkpt lat="22.2239963988" lon="113.9967501891"><ele>146.000</ele></trkpt>
      <trkpt lat="22.2240119389" lon="113.9967585097"><ele>144.000</ele></trkpt>
      <trkpt lat="22.2240233091" lon="113.9967777426"><ele>144.000</ele></trkpt>
      <trkpt lat="22.2240328983" lon="113.9968059594"><ele>143.000</ele></trkpt>
      <trkpt lat="22.2240389124" lon="113.9968431633"><ele>143.000</ele></trkpt>
      <trkpt lat="22.2240509229" lon="113.9969008892"><ele>141.000</ele></trkpt>
      <trkpt lat="22.2240611346" lon="113.9969522023"><ele>140.000</ele></trkpt>
      <trkpt lat="22.2240713173" lon="113.9969772108"><ele>140.000</ele></trkpt>
      <trkpt lat="22.2240844814" lon="113.9969977246"><ele>139.000</ele></trkpt>
      <trkpt lat="22.2241030129" lon="113.9970105323"><ele>139.000</ele></trkpt>
      <trkpt lat="22.2241293073" lon="113.9970201224"><ele>140.000</ele></trkpt>
      <trkpt lat="22.2241609816" lon="113.9970341966"><ele>140.000</ele></trkpt>
      <trkpt lat="22.2242105849" lon="113.9970559463"><ele>139.000</ele></trkpt>
      <trkpt lat="22.2242559985" lon="113.9970700039"><ele>140.000</ele></trkpt>
      <trkpt lat="22.2243002174" lon="113.9970840620"><ele>141.000</ele></trkpt>
      <trkpt lat="22.2243193439" lon="113.9970943025"><ele>139.000</ele></trkpt>
      <trkpt lat="22.2243492294" lon="113.9971109454"><ele>140.000</ele></trkpt>
      <trkpt lat="22.2243815158" lon="113.9971378501"><ele>142.000</ele></trkpt>
      <trkpt lat="22.2244197771" lon="113.9971666726"><ele>139.000</ele></trkpt>
      <trkpt lat="22.2244670043" lon="113.9972006155"><ele>140.000</ele></trkpt>
      <trkpt lat="22.2244998857" lon="113.9972249540"><ele>140.000</ele></trkpt>
      <trkpt lat="22.2245255933" lon="113.9972454510"><ele>140.000</ele></trkpt>
      <trkpt lat="22.2245309865" lon="113.9972602008"><ele>140.000</ele></trkpt>
      <trkpt lat="22.2245286104" lon="113.9972723940"><ele>140.000</ele></trkpt>
      <trkpt lat="22.2245160758" lon="113.9972813916"><ele>140.000</ele></trkpt>
      <trkpt lat="22.2244987589" lon="113.9972865466"><ele>142.000</ele></trkpt>
      <trkpt lat="22.2244712934" lon="113.9972974885"><ele>142.000</ele></trkpt>
      <trkpt lat="22.2244432343" lon="113.9973122799"><ele>140.000</ele></trkpt>
      <trkpt lat="22.2244199506" lon="113.9973238586"><ele>139.000</ele></trkpt>
      <trkpt lat="22.2244026406" lon="113.9973360699"><ele>139.000</ele></trkpt>
      <trkpt lat="22.2243925006" lon="113.9973489141"><ele>139.000</ele></trkpt>
      <trkpt lat="22.2243895326" lon="113.9973655989"><ele>139.000</ele></trkpt>
      <trkpt lat="22.2243901494" lon="113.9973835623"><ele>139.000</ele></trkpt>
      <trkpt lat="22.2243943610" lon="113.9974111449"><ele>139.000</ele></trkpt>
      <trkpt lat="22.2244003609" lon="113.9974348755"><ele>138.000</ele></trkpt>
      <trkpt lat="22.2244141325" lon="113.9974650124"><ele>138.000</ele></trkpt>
      <trkpt lat="22.2244261168" lon="113.9974983592"><ele>139.000</ele></trkpt>
      <trkpt lat="22.2244339261" lon="113.9975381264"><ele>138.000</ele></trkpt>
      <trkpt lat="22.2244363536" lon="113.9975734097"><ele>138.000</ele></trkpt>
      <trkpt lat="22.2244340081" lon="113.9976125487"><ele>138.000</ele></trkpt>
      <trkpt lat="22.2244304726" lon="113.9976568222"><ele>138.000</ele></trkpt>
      <trkpt lat="22.2244239669" lon="113.9977158551"><ele>136.000</ele></trkpt>
      <trkpt lat="22.2244192479" lon="113.9977703949"><ele>136.000</ele></trkpt>
      <trkpt lat="22.2244216614" lon="113.9977922058"><ele>135.000</ele></trkpt>
      <trkpt lat="22.2244288397" lon="113.9978018204"><ele>135.000</ele></trkpt>
      <trkpt lat="22.2244467657" lon="113.9978069305"><ele>135.000</ele></trkpt>
      <trkpt lat="22.2244730507" lon="113.9978088215"><ele>134.000</ele></trkpt>
      <trkpt lat="22.2244963478" lon="113.9978094341"><ele>134.000</ele></trkpt>
      <trkpt lat="22.2245214410" lon="113.9978132509"><ele>134.000</ele></trkpt>
      <trkpt lat="22.2245578886" lon="113.9978221863"><ele>132.000</ele></trkpt>
      <trkpt lat="22.2245949339" lon="113.9978317630"><ele>132.000</ele></trkpt>
      <trkpt lat="22.2246295857" lon="113.9978368520"><ele>132.000</ele></trkpt>
      <trkpt lat="22.2246588528" lon="113.9978348905"><ele>132.000</ele></trkpt>
      <trkpt lat="22.2246815466" lon="113.9978297287"><ele>132.000</ele></trkpt>
      <trkpt lat="22.2247072170" lon="113.9978155816"><ele>132.000</ele></trkpt>
      <trkpt lat="22.2247316749" lon="113.9977853970"><ele>132.000</ele></trkpt>
      <trkpt lat="22.2247531420" lon="113.9977520077"><ele>134.000</ele></trkpt>
      <trkpt lat="22.2247740122" lon="113.9977186191"><ele>137.000</ele></trkpt>
      <trkpt lat="22.2247996528" lon="113.9976775250"><ele>136.000</ele></trkpt>
      <trkpt lat="22.2248294690" lon="113.9976312937"><ele>136.000</ele></trkpt>
      <trkpt lat="22.2248491628" lon="113.9976145876"><ele>137.000</ele></trkpt>
      <trkpt lat="22.2248760272" lon="113.9975997978"><ele>135.000</ele></trkpt>
      <trkpt lat="22.2248993186" lon="113.9975952764"><ele>135.000</ele></trkpt>
      <trkpt lat="22.2249309760" lon="113.9975939539"><ele>133.000</ele></trkpt>
      <trkpt lat="22.2249530776" lon="113.9975939258"><ele>133.000</ele></trkpt>
      <trkpt lat="22.2249793639" lon="113.9975971000"><ele>133.000</ele></trkpt>
      <trkpt lat="22.2250026568" lon="113.9975938628"><ele>133.000</ele></trkpt>
      <trkpt lat="22.2250170250" lon="113.9975901549"><ele>133.000</ele></trkpt>
      <trkpt lat="22.2251695471" lon="113.9974862536"><ele>133.000</ele></trkpt>
      <trkpt lat="22.2252015275" lon="113.9974644679"><ele>134.000</ele></trkpt>
      <trkpt lat="22.2252580360" lon="113.9974104574"><ele>133.000</ele></trkpt>
      <trkpt lat="22.2253479567" lon="113.9973062000"><ele>135.000</ele></trkpt>
      <trkpt lat="22.2253948872" lon="113.9971188743"><ele>142.000</ele></trkpt>
      <trkpt lat="22.2254013995" lon="113.9970928799"><ele>142.000</ele></trkpt>
      <trkpt lat="22.2254810060" lon="113.9970531076"><ele>142.000</ele></trkpt>
      <trkpt lat="22.2255507278" lon="113.9970985189"><ele>141.000</ele></trkpt>
      <trkpt lat="22.2256136177" lon="113.9971397197"><ele>140.000</ele></trkpt>
      <trkpt lat="22.2257915671" lon="113.9971729137"><ele>142.000</ele></trkpt>
      <trkpt lat="22.2259595364" lon="113.9972042461"><ele>138.000</ele></trkpt>
      <trkpt lat="22.2260593895" lon="113.9971806461"><ele>142.000</ele></trkpt>
      <trkpt lat="22.2261049658" lon="113.9971793562"><ele>142.000</ele></trkpt>
      <trkpt lat="22.2261675108" lon="113.9972026136"><ele>139.000</ele></trkpt>
      <trkpt lat="22.2263049240" lon="113.9972295390"><ele>140.000</ele></trkpt>
      <trkpt lat="22.2264845767" lon="113.9972495186"><ele>137.000</ele></trkpt>
      <trkpt lat="22.2264891090" lon="113.9972500226"><ele>137.000</ele></trkpt>
      <trkpt lat="22.2265209803" lon="113.9973092073"><ele>139.000</ele></trkpt>
      <trkpt lat="22.2265349224" lon="113.9973899382"><ele>138.000</ele></trkpt>
      <trkpt lat="22.2265087542" lon="113.9975070545"><ele>136.000</ele></trkpt>
      <trkpt lat="22.2265067889" lon="113.9977010334"><ele>134.000</ele></trkpt>
      <trkpt lat="22.2265051621" lon="113.9978615865"><ele>132.000</ele></trkpt>
      <trkpt lat="22.2265003702" lon="113.9978974420"><ele>132.000</ele></trkpt>
      <trkpt lat="22.2265002275" lon="113.9978982657"><ele>132.000</ele></trkpt>
      <trkpt lat="22.2264939903" lon="113.9979346963"><ele>128.000</ele></trkpt>
      <trkpt lat="22.2264884554" lon="113.9979765277"><ele>128.000</ele></trkpt>
      <trkpt lat="22.2264997630" lon="113.9980187645"><ele>130.000</ele></trkpt>
      <trkpt lat="22.2265154890" lon="113.9980548462"><ele>130.000</ele></trkpt>
      <trkpt lat="22.2265399225" lon="113.9980927888"><ele>129.000</ele></trkpt>
      <trkpt lat="22.2265701251" lon="113.9981211799"><ele>129.000</ele></trkpt>
      <trkpt lat="22.2266043382" lon="113.9981503612"><ele>132.000</ele></trkpt>
      <trkpt lat="22.2266360052" lon="113.9981799823"><ele>133.000</ele></trkpt>
      <trkpt lat="22.2266665876" lon="113.9982006424"><ele>133.000</ele></trkpt>
      <trkpt lat="22.2266993065" lon="113.9982260234"><ele>132.000</ele></trkpt>
      <trkpt lat="22.2267254081" lon="113.9982533625"><ele>135.000</ele></trkpt>
      <trkpt lat="22.2267389952" lon="113.9982908049"><ele>135.000</ele></trkpt>
      <trkpt lat="22.2267307881" lon="113.9983336194"><ele>134.000</ele></trkpt>
      <trkpt lat="22.2267335917" lon="113.9983702607"><ele>133.000</ele></trkpt>
      <trkpt lat="22.2267561076" lon="113.9984054125"><ele>131.000</ele></trkpt>
      <trkpt lat="22.2267939307" lon="113.9984243078"><ele>134.000</ele></trkpt>
      <trkpt lat="22.2268071070" lon="113.9984495585"><ele>132.000</ele></trkpt>
      <trkpt lat="22.2268108600" lon="113.9984790792"><ele>132.000</ele></trkpt>
      <trkpt lat="22.2268044303" lon="113.9984956832"><ele>132.000</ele></trkpt>
      <trkpt lat="22.2268030255" lon="113.9984992932"><ele>132.000</ele></trkpt>
      <trkpt lat="22.2267775419" lon="113.9985248547"><ele>132.000</ele></trkpt>
      <trkpt lat="22.2267494642" lon="113.9985648232"><ele>130.000</ele></trkpt>
      <trkpt lat="22.2267305790" lon="113.9985959438"><ele>131.000</ele></trkpt>
      <trkpt lat="22.2267116485" lon="113.9986350666"><ele>128.000</ele></trkpt>
      <trkpt lat="22.2267127307" lon="113.9986749303"><ele>128.000</ele></trkpt>
      <trkpt lat="22.2267325020" lon="113.9987108324"><ele>130.000</ele></trkpt>
      <trkpt lat="22.2267610056" lon="113.9987546578"><ele>130.000</ele></trkpt>
      <trkpt lat="22.2267985356" lon="113.9987863764"><ele>130.000</ele></trkpt>
      <trkpt lat="22.2268527514" lon="113.9988401793"><ele>130.000</ele></trkpt>
      <trkpt lat="22.2268889904" lon="113.9988887865"><ele>130.000</ele></trkpt>
      <trkpt lat="22.2269064312" lon="113.9989241388"><ele>133.000</ele></trkpt>
      <trkpt lat="22.2269202388" lon="113.9989651893"><ele>132.000</ele></trkpt>
      <trkpt lat="22.2269336953" lon="113.9990154645"><ele>130.000</ele></trkpt>
      <trkpt lat="22.2269419659" lon="113.9990967558"><ele>128.000</ele></trkpt>
      <trkpt lat="22.2269415282" lon="113.9991590663"><ele>128.000</ele></trkpt>
      <trkpt lat="22.2269397431" lon="113.9992361606"><ele>127.000</ele></trkpt>
      <trkpt lat="22.2269518771" lon="113.9992994350"><ele>128.000</ele></trkpt>
      <trkpt lat="22.2269743505" lon="113.9993620755"><ele>127.000</ele></trkpt>
      <trkpt lat="22.2270049759" lon="113.9994139394"><ele>129.000</ele></trkpt>
      <trkpt lat="22.2270250514" lon="113.9994970394"><ele>127.000</ele></trkpt>
      <trkpt lat="22.2270294486" lon="113.9995544261"><ele>127.000</ele></trkpt>
      <trkpt lat="22.2270289453" lon="113.9996146320"><ele>127.000</ele></trkpt>
      <trkpt lat="22.2270224779" lon="113.9996464935"><ele>127.000</ele></trkpt>
      <trkpt lat="22.2270178356" lon="113.9996600370"><ele>127.000</ele></trkpt>
      <trkpt lat="22.2270108477" lon="113.9996724971"><ele>127.000</ele></trkpt>
      <trkpt lat="22.2270019035" lon="113.9996872652"><ele>127.000</ele></trkpt>
      <trkpt lat="22.2269726781" lon="113.9997283631"><ele>126.000</ele></trkpt>
      <trkpt lat="22.2269470378" lon="113.9997694574"><ele>123.000</ele></trkpt>
      <trkpt lat="22.2269196054" lon="113.9998118362"><ele>124.000</ele></trkpt>
      <trkpt lat="22.2268909798" lon="113.9998548587"><ele>122.000</ele></trkpt>
      <trkpt lat="22.2268605759" lon="113.9999100727"><ele>120.000</ele></trkpt>
      <trkpt lat="22.2268480614" lon="113.9999376769"><ele>120.000</ele></trkpt>
      <trkpt lat="22.2268415144" lon="113.9999594994"><ele>121.000</ele></trkpt>
      <trkpt lat="22.2268367586" lon="113.9999800354"><ele>121.000</ele></trkpt>
      <trkpt lat="22.2268349855" lon="113.9999980022"><ele>121.000</ele></trkpt>
      <trkpt lat="22.2268344172" lon="114.0000243081"><ele>121.000</ele></trkpt>
      <trkpt lat="22.2268296800" lon="114.0000628096"><ele>121.000</ele></trkpt>
      <trkpt lat="22.2268291103" lon="114.0000878322"><ele>121.000</ele></trkpt>
      <trkpt lat="22.2268279497" lon="114.0001192709"><ele>122.000</ele></trkpt>
      <trkpt lat="22.2268303668" lon="114.0001455730"><ele>122.000</ele></trkpt>
      <trkpt lat="22.2268339748" lon="114.0001673828"><ele>122.000</ele></trkpt>
      <trkpt lat="22.2268405713" lon="114.0001911132"><ele>122.000</ele></trkpt>
      <trkpt lat="22.2268495566" lon="114.0002141986"><ele>122.000</ele></trkpt>
      <trkpt lat="22.2268609258" lon="114.0002321489"><ele>122.000</ele></trkpt>
      <trkpt lat="22.2268740846" lon="114.0002481725"><ele>124.000</ele></trkpt>
      <trkpt lat="22.2268872399" lon="114.0002609876"><ele>124.000</ele></trkpt>
      <trkpt lat="22.2269039809" lon="114.0002750814"><ele>124.000</ele></trkpt>
      <trkpt lat="22.2269237077" lon="114.0002885304"><ele>124.000</ele></trkpt>
      <trkpt lat="22.2269416427" lon="114.0003019806"><ele>122.000</ele></trkpt>
      <trkpt lat="22.2269542018" lon="114.0003154386"><ele>124.000</ele></trkpt>
      <trkpt lat="22.2269745359" lon="114.0003385097"><ele>124.000</ele></trkpt>
      <trkpt lat="22.2269918789" lon="114.0003564526"><ele>124.000</ele></trkpt>
      <trkpt lat="22.2269883093" lon="114.0003699307"><ele>124.000</ele></trkpt>
      <trkpt lat="22.2269793873" lon="114.0004052288"><ele>122.000</ele></trkpt>
      <trkpt lat="22.2269704675" lon="114.0004424524"><ele>122.000</ele></trkpt>
      <trkpt lat="22.2269609472" lon="114.0004764680"><ele>122.000</ele></trkpt>
      <trkpt lat="22.2269520273" lon="114.0005136915"><ele>121.000</ele></trkpt>
      <trkpt lat="22.2269460869" lon="114.0005444951"><ele>121.000</ele></trkpt>
      <trkpt lat="22.2269383409" lon="114.0005624693"><ele>121.000</ele></trkpt>
      <trkpt lat="22.2269210419" lon="114.0005843043"><ele>122.000</ele></trkpt>
      <trkpt lat="22.2269019441" lon="114.0006003683"><ele>120.000</ele></trkpt>
      <trkpt lat="22.2268780640" lon="114.0006125885"><ele>120.000</ele></trkpt>
      <trkpt lat="22.2268535840" lon="114.0006228842"><ele>116.000</ele></trkpt>
      <trkpt lat="22.2268332762" lon="114.0006248339"><ele>116.000</ele></trkpt>
      <trkpt lat="22.2268189372" lon="114.0006222863"><ele>116.000</ele></trkpt>
      <trkpt lat="22.2268016035" lon="114.0006120420"><ele>114.000</ele></trkpt>
      <trkpt lat="22.2267735872" lon="114.0006666117"><ele>114.000</ele></trkpt>
      <trkpt lat="22.2267455780" lon="114.0007269565"><ele>123.000</ele></trkpt>
      <trkpt lat="22.2267265045" lon="114.0007654749"><ele>120.000</ele></trkpt>
      <trkpt lat="22.2267187723" lon="114.0007962806"><ele>122.000</ele></trkpt>
      <trkpt lat="22.2267187925" lon="114.0008148863"><ele>122.000</ele></trkpt>
      <trkpt lat="22.2267229889" lon="114.0008289968"><ele>124.000</ele></trkpt>
      <trkpt lat="22.2267313661" lon="114.0008418178"><ele>126.000</ele></trkpt>
      <trkpt lat="22.2267469178" lon="114.0008610462"><ele>126.000</ele></trkpt>
      <trkpt lat="22.2267642578" lon="114.0008770638"><ele>125.000</ele></trkpt>
      <trkpt lat="22.2267911606" lon="114.0008975612"><ele>126.000</ele></trkpt>
      <trkpt lat="22.2268144686" lon="114.0009090804"><ele>126.000</ele></trkpt>
      <trkpt lat="22.2268431513" lon="114.0009186685"><ele>126.000</ele></trkpt>
      <trkpt lat="22.2268778071" lon="114.0009276071"><ele>126.000</ele></trkpt>
      <trkpt lat="22.2269070814" lon="114.0009314203"><ele>126.000</ele></trkpt>
      <trkpt lat="22.2269369471" lon="114.0009300998"><ele>124.000</ele></trkpt>
      <trkpt lat="22.2269638271" lon="114.0009294252"><ele>126.000</ele></trkpt>
      <trkpt lat="22.2269936942" lon="114.0009293879"><ele>126.000</ele></trkpt>
      <trkpt lat="22.2270157963" lon="114.0009306436"><ele>126.000</ele></trkpt>
      <trkpt lat="22.2270379027" lon="114.0009351069"><ele>126.000</ele></trkpt>
      <trkpt lat="22.2270677784" lon="114.0009421270"><ele>126.000</ele></trkpt>
      <trkpt lat="22.2270952649" lon="114.0009504334"><ele>129.000</ele></trkpt>
      <trkpt lat="22.2271131921" lon="114.0009574685"><ele>129.000</ele></trkpt>
      <trkpt lat="22.2271317201" lon="114.0009664272"><ele>129.000</ele></trkpt>
      <trkpt lat="22.2271520416" lon="114.0009779511"><ele>128.000</ele></trkpt>
      <trkpt lat="22.2271729602" lon="114.0009888322"><ele>128.000</ele></trkpt>
      <trkpt lat="22.2271974646" lon="114.0010009911"><ele>131.000</ele></trkpt>
      <trkpt lat="22.2272177828" lon="114.0010086653"><ele>131.000</ele></trkpt>
      <trkpt lat="22.2272357032" lon="114.0010086429"><ele>132.000</ele></trkpt>
      <trkpt lat="22.2272661700" lon="114.0010111715"><ele>132.000</ele></trkpt>
      <trkpt lat="22.2272817030" lon="114.0010130765"><ele>133.000</ele></trkpt>
      <trkpt lat="22.2273032119" lon="114.0010168994"><ele>129.000</ele></trkpt>
      <trkpt lat="22.2273217389" lon="114.0010258582"><ele>130.000</ele></trkpt>
      <trkpt lat="22.2273432587" lon="114.0010405883"><ele>130.000</ele></trkpt>
      <trkpt lat="22.2273623863" lon="114.0010521128"><ele>131.000</ele></trkpt>
      <trkpt lat="22.2273809141" lon="114.0010617136"><ele>131.000</ele></trkpt>
      <trkpt lat="22.2273982411" lon="114.0010648997"><ele>126.000</ele></trkpt>
      <trkpt lat="22.2274149667" lon="114.0010648788"><ele>125.000</ele></trkpt>
      <trkpt lat="22.2274406489" lon="114.0010622803"><ele>128.000</ele></trkpt>
      <trkpt lat="22.2274657344" lon="114.0010590414"><ele>129.000</ele></trkpt>
      <trkpt lat="22.2274920103" lon="114.0010525923"><ele>129.000</ele></trkpt>
      <trkpt lat="22.2275164938" lon="114.0010455044"><ele>130.000</ele></trkpt>
      <trkpt lat="22.2275356032" lon="114.0010409896"><ele>130.000</ele></trkpt>
      <trkpt lat="22.2275690483" lon="114.0010351738"><ele>129.000</ele></trkpt>
      <trkpt lat="22.2276018956" lon="114.0010293587"><ele>124.000</ele></trkpt>
      <trkpt lat="22.2276239931" lon="114.0010254813"><ele>124.000</ele></trkpt>
      <trkpt lat="22.2276377344" lon="114.0010273896"><ele>126.000</ele></trkpt>
      <trkpt lat="22.2276520768" lon="114.0010331459"><ele>126.000</ele></trkpt>
      <trkpt lat="22.2276640352" lon="114.0010440382"><ele>126.000</ele></trkpt>
      <trkpt lat="22.2276801848" lon="114.0010632650"><ele>128.000</ele></trkpt>
      <trkpt lat="22.2276975386" lon="114.0010921152"><ele>128.000</ele></trkpt>
      <trkpt lat="22.2277107084" lon="114.0011184041"><ele>130.000</ele></trkpt>
      <trkpt lat="22.2277232813" lon="114.0011446938"><ele>134.000</ele></trkpt>
      <trkpt lat="22.2277358456" lon="114.0011639251"><ele>133.000</ele></trkpt>
      <trkpt lat="22.2277525976" lon="114.0011882852"><ele>133.000</ele></trkpt>
      <trkpt lat="22.2277627775" lon="114.0012113692"><ele>131.000</ele></trkpt>
      <trkpt lat="22.2277687804" lon="114.0012383092"><ele>136.000</ele></trkpt>
      <trkpt lat="22.2277706005" lon="114.0012646123"><ele>136.000</ele></trkpt>
      <trkpt lat="22.2277676466" lon="114.0012947702"><ele>136.000</ele></trkpt>
      <trkpt lat="22.2277605147" lon="114.0013287840"><ele>132.000</ele></trkpt>
      <trkpt lat="22.2277474183" lon="114.0013705028"><ele>131.000</ele></trkpt>
      <trkpt lat="22.2277367031" lon="114.0014045210"><ele>131.000</ele></trkpt>
      <trkpt lat="22.2277271826" lon="114.0014385368"><ele>131.000</ele></trkpt>
      <trkpt lat="22.2277242326" lon="114.0014731865"><ele>133.000</ele></trkpt>
      <trkpt lat="22.2277266512" lon="114.0015001300"><ele>132.000</ele></trkpt>
      <trkpt lat="22.2277368435" lon="114.0015347634"><ele>132.000</ele></trkpt>
      <trkpt lat="22.2277571892" lon="114.0015687420"><ele>130.000</ele></trkpt>
      <trkpt lat="22.2277757302" lon="114.0015898923"><ele>133.000</ele></trkpt>
      <trkpt lat="22.2278014389" lon="114.0016110326"><ele>128.000</ele></trkpt>
      <trkpt lat="22.2278229635" lon="114.0016302538"><ele>134.000</ele></trkpt>
      <trkpt lat="22.2278391086" lon="114.0016462731"><ele>135.000</ele></trkpt>
      <trkpt lat="22.2278468872" lon="114.0016584539"><ele>135.000</ele></trkpt>
      <trkpt lat="22.2278463034" lon="114.0016706451"><ele>135.000</ele></trkpt>
      <trkpt lat="22.2278385503" lon="114.0016822031"><ele>135.000</ele></trkpt>
      <trkpt lat="22.2278236302" lon="114.0016950532"><ele>137.000</ele></trkpt>
      <trkpt lat="22.2278069144" lon="114.0017034147"><ele>134.000</ele></trkpt>
      <trkpt lat="22.2277842246" lon="114.0017124247"><ele>134.000</ele></trkpt>
      <trkpt lat="22.2277651205" lon="114.0017227145"><ele>126.000</ele></trkpt>
      <trkpt lat="22.2277334803" lon="114.0017400764"><ele>126.000</ele></trkpt>
      <trkpt lat="22.2277102019" lon="114.0017567867"><ele>125.000</ele></trkpt>
      <trkpt lat="22.2276893123" lon="114.0017728528"><ele>125.000</ele></trkpt>
      <trkpt lat="22.2276726108" lon="114.0017953291"><ele>125.000</ele></trkpt>
      <trkpt lat="22.2276595046" lon="114.0018280661"><ele>125.000</ele></trkpt>
      <trkpt lat="22.2276499875" lon="114.0018652904"><ele>129.000</ele></trkpt>
      <trkpt lat="22.2276476373" lon="114.0019018638"><ele>129.000</ele></trkpt>
      <trkpt lat="22.2276488859" lon="114.0019519064"><ele>130.000</ele></trkpt>
      <trkpt lat="22.2276495255" lon="114.0019916837"><ele>131.000</ele></trkpt>
      <trkpt lat="22.2276471574" lon="114.0020115766"><ele>131.000</ele></trkpt>
      <trkpt lat="22.2276394182" lon="114.0020359662"><ele>133.000</ele></trkpt>
      <trkpt lat="22.2276298893" lon="114.0020622833"><ele>128.000</ele></trkpt>
      <trkpt lat="22.2276203583" lon="114.0020866751"><ele>130.000</ele></trkpt>
      <trkpt lat="22.2276066370" lon="114.0021033735"><ele>130.000</ele></trkpt>
      <trkpt lat="22.2275857467" lon="114.0021187975"><ele>123.000</ele></trkpt>
      <trkpt lat="22.2275714202" lon="114.0021277980"><ele>123.000</ele></trkpt>
      <trkpt lat="22.2275630695" lon="114.0021387156"><ele>125.000</ele></trkpt>
      <trkpt lat="22.2275541237" lon="114.0021521994"><ele>125.000</ele></trkpt>
      <trkpt lat="22.2275416006" lon="114.0021721049"><ele>125.000</ele></trkpt>
      <trkpt lat="22.2275308611" lon="114.0021836666"><ele>126.000</ele></trkpt>
      <trkpt lat="22.2275171315" lon="114.0021926654"><ele>126.000</ele></trkpt>
      <trkpt lat="22.2275057841" lon="114.0021939627"><ele>126.000</ele></trkpt>
      <trkpt lat="22.2274932368" lon="114.0021914117"><ele>129.000</ele></trkpt>
      <trkpt lat="22.2274818754" lon="114.0021805196"><ele>129.000</ele></trkpt>
      <trkpt lat="22.2274651256" lon="114.0021580838"><ele>126.000</ele></trkpt>
      <trkpt lat="22.2274489723" lon="114.0021343651"><ele>127.000</ele></trkpt>
      <trkpt lat="22.2274334145" lon="114.0021093633"><ele>124.000</ele></trkpt>
      <trkpt lat="22.2274124780" lon="114.0020818007"><ele>121.000</ele></trkpt>
      <trkpt lat="22.2273891499" lon="114.0020523166"><ele>124.000</ele></trkpt>
      <trkpt lat="22.2273718018" lon="114.0020285993"><ele>121.000</ele></trkpt>
      <trkpt lat="22.2273556586" lon="114.0020151457"><ele>122.000</ele></trkpt>
      <trkpt lat="22.2273371261" lon="114.0020010538"><ele>122.000</ele></trkpt>
      <trkpt lat="22.2273209891" lon="114.0019933743"><ele>122.000</ele></trkpt>
      <trkpt lat="22.2273000746" lon="114.0019863428"><ele>124.000</ele></trkpt>
      <trkpt lat="22.2272803563" lon="114.0019805931"><ele>121.000</ele></trkpt>
      <trkpt lat="22.2272642229" lon="114.0019754801"><ele>123.000</ele></trkpt>
      <trkpt lat="22.2272492800" lon="114.0019671579"><ele>123.000</ele></trkpt>
      <trkpt lat="22.2272349307" lon="114.0019549863"><ele>123.000</ele></trkpt>
      <trkpt lat="22.2272229689" lon="114.0019408863"><ele>125.000</ele></trkpt>
      <trkpt lat="22.2272080137" lon="114.0019203737"><ele>122.000</ele></trkpt>
      <trkpt lat="22.2271936520" lon="114.0018966528"><ele>122.000</ele></trkpt>
      <trkpt lat="22.2271768953" lon="114.0018678018"><ele>126.000</ele></trkpt>
      <trkpt lat="22.2271649238" lon="114.0018447200"><ele>126.000</ele></trkpt>
      <trkpt lat="22.2271547440" lon="114.0018216351"><ele>126.000</ele></trkpt>
      <trkpt lat="22.2271433667" lon="114.0017959861"><ele>126.000</ele></trkpt>
      <trkpt lat="22.2271343906" lon="114.0017812403"><ele>123.000</ele></trkpt>
      <trkpt lat="22.2271260142" lon="114.0017690603"><ele>123.000</ele></trkpt>
      <trkpt lat="22.2271152519" lon="114.0017594507"><ele>123.000</ele></trkpt>
      <trkpt lat="22.2270955198" lon="114.0017408685"><ele>118.000</ele></trkpt>
      <trkpt lat="22.2270728026" lon="114.0017235742"><ele>118.000</ele></trkpt>
      <trkpt lat="22.2270435096" lon="114.0017024384"><ele>118.000</ele></trkpt>
      <trkpt lat="22.2270166110" lon="114.0016857905"><ele>118.000</ele></trkpt>
      <trkpt lat="22.2269956945" lon="114.0016768337"><ele>120.000</ele></trkpt>
      <trkpt lat="22.2269705975" lon="114.0016685242"><ele>120.000</ele></trkpt>
      <trkpt lat="22.2269437085" lon="114.0016608591"><ele>120.000</ele></trkpt>
      <trkpt lat="22.2269210058" lon="114.0016570375"><ele>120.000</ele></trkpt>
      <trkpt lat="22.2269012937" lon="114.0016570620"><ele>120.000</ele></trkpt>
      <trkpt lat="22.2268779987" lon="114.0016583742"><ele>120.000</ele></trkpt>
      <trkpt lat="22.2268463462" lon="114.0016641877"><ele>121.000</ele></trkpt>
      <trkpt lat="22.2268140972" lon="114.0016712851"><ele>121.000</ele></trkpt>
      <trkpt lat="22.2267985711" lon="114.0016757953"><ele>121.000</ele></trkpt>
      <trkpt lat="22.2267818523" lon="114.0016822323"><ele>121.000</ele></trkpt>
      <trkpt lat="22.2267663311" lon="114.0016912334"><ele>117.000</ele></trkpt>
      <trkpt lat="22.2267418551" lon="114.0017053785"><ele>115.000</ele></trkpt>
      <trkpt lat="22.2267215659" lon="114.0017246515"><ele>112.000</ele></trkpt>
      <trkpt lat="22.2267006811" lon="114.0017452085"><ele>114.000</ele></trkpt>
      <trkpt lat="22.2266792126" lon="114.0017779556"><ele>113.000</ele></trkpt>
      <trkpt lat="22.2266559569" lon="114.0018158388"><ele>114.000</ele></trkpt>
      <trkpt lat="22.2266380772" lon="114.0018537144"><ele>116.000</ele></trkpt>
      <trkpt lat="22.2266219825" lon="114.0018845304"><ele>114.000</ele></trkpt>
      <trkpt lat="22.2266046866" lon="114.0019102149"><ele>116.000</ele></trkpt>
      <trkpt lat="22.2265891736" lon="114.0019269154"><ele>114.000</ele></trkpt>
      <trkpt lat="22.2265682791" lon="114.0019384896"><ele>116.000</ele></trkpt>
      <trkpt lat="22.2265527537" lon="114.0019436418"><ele>116.000</ele></trkpt>
      <trkpt lat="22.2265384196" lon="114.0019455840"><ele>115.000</ele></trkpt>
      <trkpt lat="22.2265204994" lon="114.0019449651"><ele>115.000</ele></trkpt>
      <trkpt lat="22.2265007871" lon="114.0019456307"><ele>114.000</ele></trkpt>
      <trkpt lat="22.2264804806" lon="114.0019488645"><ele>114.000</ele></trkpt>
      <trkpt lat="22.2264536043" lon="114.0019521054"><ele>113.000</ele></trkpt>
      <trkpt lat="22.2264422573" lon="114.0019546860"><ele>113.000</ele></trkpt>
      <trkpt lat="22.2264297103" lon="114.0019514939"><ele>113.000</ele></trkpt>
      <trkpt lat="22.2264189492" lon="114.0019438078"><ele>113.000</ele></trkpt>
      <trkpt lat="22.2264111734" lon="114.0019341936"><ele>113.000</ele></trkpt>
      <trkpt lat="22.2263956149" lon="114.0019085499"><ele>113.000</ele></trkpt>
      <trkpt lat="22.2263674907" lon="114.0018623908"><ele>112.000</ele></trkpt>
      <trkpt lat="22.2263411651" lon="114.0018226447"><ele>112.000</ele></trkpt>
      <trkpt lat="22.2263118418" lon="114.0017732796"><ele>114.000</ele></trkpt>
      <trkpt lat="22.2262873079" lon="114.0017335313"><ele>111.000</ele></trkpt>
      <trkpt lat="22.2262735488" lon="114.0017143007"><ele>114.000</ele></trkpt>
      <trkpt lat="22.2262556042" lon="114.0016918677"><ele>111.000</ele></trkpt>
      <trkpt lat="22.2262334826" lon="114.0016732895"><ele>111.000</ele></trkpt>
      <trkpt lat="22.2262047861" lon="114.0016508698"><ele>114.000</ele></trkpt>
      <trkpt lat="22.2261760937" lon="114.0016322999"><ele>114.000</ele></trkpt>
      <trkpt lat="22.2261414324" lon="114.0016182282"><ele>114.000</ele></trkpt>
      <trkpt lat="22.2261043901" lon="114.0016112159"><ele>116.000</ele></trkpt>
      <trkpt lat="22.2260697440" lon="114.0016112590"><ele>116.000</ele></trkpt>
      <trkpt lat="22.2260297254" lon="114.0016145173"><ele>113.000</ele></trkpt>
      <trkpt lat="22.2259903067" lon="114.0016196983"><ele>110.000</ele></trkpt>
      <trkpt lat="22.2259413362" lon="114.0016306662"><ele>108.000</ele></trkpt>
      <trkpt lat="22.2259013300" lon="114.0016454727"><ele>110.000</ele></trkpt>
      <trkpt lat="22.2258810313" lon="114.0016551217"><ele>110.000</ele></trkpt>
      <trkpt lat="22.2258690999" lon="114.0016692512"><ele>110.000</ele></trkpt>
      <trkpt lat="22.2258631482" lon="114.0016897895"><ele>110.000</ele></trkpt>
      <trkpt lat="22.2258649744" lon="114.0017218664"><ele>110.000</ele></trkpt>
      <trkpt lat="22.2258674109" lon="114.0017654907"><ele>112.000</ele></trkpt>
      <trkpt lat="22.2258680957" lon="114.0018463292"><ele>112.000</ele></trkpt>
      <trkpt lat="22.2258669658" lon="114.0019066391"><ele>111.000</ele></trkpt>
      <trkpt lat="22.2258742072" lon="114.0019752792"><ele>116.000</ele></trkpt>
      <trkpt lat="22.2258796541" lon="114.0020413550"><ele>118.000</ele></trkpt>
      <trkpt lat="22.2258808978" lon="114.0020869062"><ele>120.000</ele></trkpt>
      <trkpt lat="22.2258767587" lon="114.0021260477"><ele>120.000</ele></trkpt>
      <trkpt lat="22.2258708111" lon="114.0021504357"><ele>121.000</ele></trkpt>
      <trkpt lat="22.2258582826" lon="114.0021645660"><ele>119.000</ele></trkpt>
      <trkpt lat="22.2258338012" lon="114.0021735780"><ele>119.000</ele></trkpt>
      <trkpt lat="22.2258152886" lon="114.0021780918"><ele>116.000</ele></trkpt>
      <trkpt lat="22.2257961776" lon="114.0021819652"><ele>118.000</ele></trkpt>
      <trkpt lat="22.2257758690" lon="114.0021832736"><ele>116.000</ele></trkpt>
      <trkpt lat="22.2257567533" lon="114.0021820140"><ele>116.000</ele></trkpt>
      <trkpt lat="22.2257286662" lon="114.0021711417"><ele>114.000</ele></trkpt>
      <trkpt lat="22.2257125287" lon="114.0021621800"><ele>114.000</ele></trkpt>
      <trkpt lat="22.2256969937" lon="114.0021583495"><ele>114.000</ele></trkpt>
      <trkpt lat="22.2256814628" lon="114.0021583687"><ele>116.000</ele></trkpt>
      <trkpt lat="22.2256659249" lon="114.0021519718"><ele>116.000</ele></trkpt>
      <trkpt lat="22.2256533667" lon="114.0021391559"><ele>116.000</ele></trkpt>
      <trkpt lat="22.2256419935" lon="114.0021173569"><ele>116.000</ele></trkpt>
      <trkpt lat="22.2256336008" lon="114.0020891370"><ele>116.000</ele></trkpt>
      <trkpt lat="22.2256186269" lon="114.0020519445"><ele>116.000</ele></trkpt>
      <trkpt lat="22.2255964777" lon="114.0020077026"><ele>118.000</ele></trkpt>
      <trkpt lat="22.2255737419" lon="114.0019730853"><ele>115.000</ele></trkpt>
      <trkpt lat="22.2255480229" lon="114.0019423213"><ele>116.000</ele></trkpt>
      <trkpt lat="22.2255187313" lon="114.0019224689"><ele>114.000</ele></trkpt>
      <trkpt lat="22.2254655364" lon="114.0018923803"><ele>114.000</ele></trkpt>
      <trkpt lat="22.2254272887" lon="114.0018763887"><ele>114.000</ele></trkpt>
      <trkpt lat="22.2253842726" lon="114.0018693847"><ele>115.000</ele></trkpt>
      <trkpt lat="22.2253436474" lon="114.0018636610"><ele>116.000</ele></trkpt>
      <trkpt lat="22.2253042232" lon="114.0018637100"><ele>115.000</ele></trkpt>
      <trkpt lat="22.2252815196" lon="114.0018598884"><ele>116.000</ele></trkpt>
      <trkpt lat="22.2252504460" lon="114.0018490199"><ele>116.000</ele></trkpt>
      <trkpt lat="22.2252289264" lon="114.0018342909"><ele>115.000</ele></trkpt>
      <trkpt lat="22.2252008323" lon="114.0018170025"><ele>115.000</ele></trkpt>
      <trkpt lat="22.2251799082" lon="114.0018009895"><ele>116.000</ele></trkpt>
      <trkpt lat="22.2251667495" lon="114.0017849659"><ele>114.000</ele></trkpt>
      <trkpt lat="22.2251541754" lon="114.0017573934"><ele>114.000</ele></trkpt>
      <trkpt lat="22.2251499693" lon="114.0017343023"><ele>114.000</ele></trkpt>
      <trkpt lat="22.2251475550" lon="114.0017112080"><ele>116.000</ele></trkpt>
      <trkpt lat="22.2251493227" lon="114.0016881096"><ele>113.000</ele></trkpt>
      <trkpt lat="22.2251492937" lon="114.0016611626"><ele>113.000</ele></trkpt>
      <trkpt lat="22.2251462759" lon="114.0016329371"><ele>113.000</ele></trkpt>
      <trkpt lat="22.2251372853" lon="114.0016047191"><ele>113.000</ele></trkpt>
      <trkpt lat="22.2251288987" lon="114.0015822743"><ele>111.000</ele></trkpt>
      <trkpt lat="22.2251133436" lon="114.0015598385"><ele>111.000</ele></trkpt>
      <trkpt lat="22.2250876287" lon="114.0015329235"><ele>110.000</ele></trkpt>
      <trkpt lat="22.2250589266" lon="114.0015053720"><ele>110.000</ele></trkpt>
      <trkpt lat="22.2250164835" lon="114.0014752703"><ele>110.000</ele></trkpt>
      <trkpt lat="22.2249818166" lon="114.0014560658"><ele>110.000</ele></trkpt>
      <trkpt lat="22.2249489451" lon="114.0014394256"><ele>110.000</ele></trkpt>
      <trkpt lat="22.2249166671" lon="114.0014195771"><ele>110.000</ele></trkpt>
      <trkpt lat="22.2248891687" lon="114.0014003638"><ele>109.000</ele></trkpt>
      <trkpt lat="22.2248634669" lon="114.0013856401"><ele>109.000</ele></trkpt>
      <trkpt lat="22.2248383710" lon="114.0013792551"><ele>109.000</ele></trkpt>
      <trkpt lat="22.2248180592" lon="114.0013767139"><ele>109.000</ele></trkpt>
      <trkpt lat="22.2247858061" lon="114.0013799626"><ele>109.000</ele></trkpt>
      <trkpt lat="22.2247595281" lon="114.0013844861"><ele>109.000</ele></trkpt>
      <trkpt lat="22.2247362400" lon="114.0013922135"><ele>108.000</ele></trkpt>
      <trkpt lat="22.2247141467" lon="114.0013999404"><ele>108.000</ele></trkpt>
      <trkpt lat="22.2246932433" lon="114.0014031740"><ele>108.000</ele></trkpt>
      <trkpt lat="22.2246693514" lon="114.0014044869"><ele>108.000</ele></trkpt>
      <trkpt lat="22.2246406767" lon="114.0014032394"><ele>108.000</ele></trkpt>
      <trkpt lat="22.2246179768" lon="114.0014019844"><ele>108.000</ele></trkpt>
      <trkpt lat="22.2245898952" lon="114.0013962452"><ele>110.000</ele></trkpt>
      <trkpt lat="22.2245624072" lon="114.0013866557"><ele>110.000</ele></trkpt>
      <trkpt lat="22.2245379015" lon="114.0013732137"><ele>110.000</ele></trkpt>
      <trkpt lat="22.2245211641" lon="114.0013623276"><ele>110.000</ele></trkpt>
      <trkpt lat="22.2245038187" lon="114.0013411773"><ele>109.000</ele></trkpt>
      <trkpt lat="22.2244876673" lon="114.0013193835"><ele>109.000</ele></trkpt>
      <trkpt lat="22.2244703223" lon="114.0012995155"><ele>107.000</ele></trkpt>
      <trkpt lat="22.2244458051" lon="114.0012745255"><ele>109.000</ele></trkpt>
      <trkpt lat="22.2244242762" lon="114.0012520972"><ele>108.000</ele></trkpt>
      <trkpt lat="22.2244003635" lon="114.0012341628"><ele>108.000</ele></trkpt>
      <trkpt lat="22.2243788408" lon="114.0012175086"><ele>108.000</ele></trkpt>
      <trkpt lat="22.2243417832" lon="114.0011963829"><ele>106.000</ele></trkpt>
      <trkpt lat="22.2243238544" lon="114.0011887059"><ele>106.000</ele></trkpt>
      <trkpt lat="22.2243041382" lon="114.0011848807"><ele>106.000</ele></trkpt>
      <trkpt lat="22.2242880066" lon="114.0011823354"><ele>106.000</ele></trkpt>
      <trkpt lat="22.2242742648" lon="114.0011791439"><ele>106.000</ele></trkpt>
      <trkpt lat="22.2242437888" lon="114.0011689170"><ele>107.000</ele></trkpt>
      <trkpt lat="22.2242240705" lon="114.0011631675"><ele>104.000</ele></trkpt>
      <trkpt lat="22.2242079399" lon="114.0011606212"><ele>104.000</ele></trkpt>
      <trkpt lat="22.2241691160" lon="114.0011638771"><ele>104.000</ele></trkpt>
      <trkpt lat="22.2241296950" lon="114.0011677759"><ele>106.000</ele></trkpt>
      <trkpt lat="22.2240813147" lon="114.0011716858"><ele>104.000</ele></trkpt>
      <trkpt lat="22.2240377107" lon="114.0011730234"><ele>104.000</ele></trkpt>
      <trkpt lat="22.2240096339" lon="114.0011717751"><ele>103.000</ele></trkpt>
      <trkpt lat="22.2239785679" lon="114.0011679641"><ele>103.000</ele></trkpt>
      <trkpt lat="22.2239373379" lon="114.0011558253"><ele>100.000</ele></trkpt>
      <trkpt lat="22.2239152328" lon="114.0011526453"><ele>100.000</ele></trkpt>
      <trkpt lat="22.2238632565" lon="114.0011456528"><ele>100.000</ele></trkpt>
      <trkpt lat="22.2238142633" lon="114.0011348069"><ele>100.000</ele></trkpt>
      <trkpt lat="22.2237652734" lon="114.0011278107"><ele>102.000</ele></trkpt>
      <trkpt lat="22.2237342067" lon="114.0011233586"><ele>102.000</ele></trkpt>
      <trkpt lat="22.2237049340" lon="114.0011201875"><ele>102.000</ele></trkpt>
      <trkpt lat="22.2236780492" lon="114.0011163713"><ele>99.000</ele></trkpt>
      <trkpt lat="22.2236445937" lon="114.0011125633"><ele>98.000</ele></trkpt>
      <trkpt lat="22.2236039705" lon="114.0011087643"><ele>98.000</ele></trkpt>
      <trkpt lat="22.2235639471" lon="114.0011075309"><ele>98.000</ele></trkpt>
      <trkpt lat="22.2235107836" lon="114.0011075972"><ele>99.000</ele></trkpt>
      <trkpt lat="22.2234743409" lon="114.0011031518"><ele>100.000</ele></trkpt>
      <trkpt lat="22.2234390944" lon="114.0010999881"><ele>100.000</ele></trkpt>
      <trkpt lat="22.2233978755" lon="114.0010981142"><ele>100.000</ele></trkpt>
      <trkpt lat="22.2233560618" lon="114.0010981663"><ele>100.000</ele></trkpt>
      <trkpt lat="22.2233178351" lon="114.0011007803"><ele>101.000</ele></trkpt>
      <trkpt lat="22.2232867767" lon="114.0011040276"><ele>102.000</ele></trkpt>
      <trkpt lat="22.2232616893" lon="114.0011046999"><ele>102.000</ele></trkpt>
      <trkpt lat="22.2232276408" lon="114.0011053835"><ele>102.000</ele></trkpt>
      <trkpt lat="22.2232001660" lon="114.0011079842"><ele>102.000</ele></trkpt>
      <trkpt lat="22.2231714999" lon="114.0011137939"><ele>102.000</ele></trkpt>
      <trkpt lat="22.2231452275" lon="114.0011234502"><ele>102.000</ele></trkpt>
      <trkpt lat="22.2231219442" lon="114.0011356693"><ele>102.000</ele></trkpt>
      <trkpt lat="22.2231040390" lon="114.0011498060"><ele>102.000</ele></trkpt>
      <trkpt lat="22.2230933051" lon="114.0011665003"><ele>102.000</ele></trkpt>
      <trkpt lat="22.2230855618" lon="114.0011870404"><ele>102.000</ele></trkpt>
      <trkpt lat="22.2230772375" lon="114.0012223368"><ele>102.000</ele></trkpt>
      <trkpt lat="22.2230719015" lon="114.0012601959"><ele>102.000</ele></trkpt>
      <trkpt lat="22.2230701611" lon="114.0013076742"><ele>100.000</ele></trkpt>
      <trkpt lat="22.2230725776" lon="114.0013326924"><ele>102.000</ele></trkpt>
      <trkpt lat="22.2230827519" lon="114.0013506438"><ele>102.000</ele></trkpt>
      <trkpt lat="22.2230965131" lon="114.0013717983"><ele>102.000</ele></trkpt>
      <trkpt lat="22.2231204385" lon="114.0014006395"><ele>104.000</ele></trkpt>
      <trkpt lat="22.2231467510" lon="114.0014281945"><ele>104.000</ele></trkpt>
      <trkpt lat="22.2231814296" lon="114.0014583045"><ele>105.000</ele></trkpt>
      <trkpt lat="22.2232113272" lon="114.0014864972"><ele>107.000</ele></trkpt>
      <trkpt lat="22.2232513677" lon="114.0015044105"><ele>108.000</ele></trkpt>
      <trkpt lat="22.2232770633" lon="114.0015133611"><ele>106.000</ele></trkpt>
      <trkpt lat="22.2233033558" lon="114.0015223100"><ele>108.000</ele></trkpt>
      <trkpt lat="22.2233248736" lon="114.0015344733"><ele>108.000</ele></trkpt>
      <trkpt lat="22.2233529744" lon="114.0015588176"><ele>107.000</ele></trkpt>
      <trkpt lat="22.2233912469" lon="114.0015979068"><ele>111.000</ele></trkpt>
      <trkpt lat="22.2234229430" lon="114.0016325114"><ele>109.000</ele></trkpt>
      <trkpt lat="22.2234450764" lon="114.0016619960"><ele>110.000</ele></trkpt>
      <trkpt lat="22.2234654105" lon="114.0016844267"><ele>110.000</ele></trkpt>
      <trkpt lat="22.2234833545" lon="114.0017062172"><ele>110.000</ele></trkpt>
      <trkpt lat="22.2234971038" lon="114.0017164659"><ele>110.000</ele></trkpt>
      <trkpt lat="22.2235156357" lon="114.0017299152"><ele>110.000</ele></trkpt>
      <trkpt lat="22.2235317803" lon="114.0017446517"><ele>112.000</ele></trkpt>
      <trkpt lat="22.2235449439" lon="114.0017651650"><ele>110.000</ele></trkpt>
      <trkpt lat="22.2235587155" lon="114.0017953021"><ele>110.000</ele></trkpt>
      <trkpt lat="22.2235635206" lon="114.0018203175"><ele>110.000</ele></trkpt>
      <trkpt lat="22.2235659418" lon="114.0018498267"><ele>110.000</ele></trkpt>
      <trkpt lat="22.2235701623" lon="114.0018863908"><ele>113.000</ele></trkpt>
      <trkpt lat="22.2235773730" lon="114.0019255177"><ele>113.000</ele></trkpt>
      <trkpt lat="22.2235833824" lon="114.0019595141"><ele>113.000</ele></trkpt>
      <trkpt lat="22.2235929756" lon="114.0019922219"><ele>113.000</ele></trkpt>
      <trkpt lat="22.2236043561" lon="114.0020217200"><ele>113.000</ele></trkpt>
      <trkpt lat="22.2236139404" lon="114.0020460883"><ele>116.000</ele></trkpt>
      <trkpt lat="22.2236199463" lon="114.0020768763"><ele>116.000</ele></trkpt>
      <trkpt lat="22.2236211728" lon="114.0021063869"><ele>116.000</ele></trkpt>
      <trkpt lat="22.2236241994" lon="114.0021429525"><ele>116.000</ele></trkpt>
      <trkpt lat="22.2236248239" lon="114.0021686152"><ele>116.000</ele></trkpt>
      <trkpt lat="22.2236260448" lon="114.0021929930"><ele>116.000</ele></trkpt>
      <trkpt lat="22.2236314435" lon="114.0022141580"><ele>116.000</ele></trkpt>
      <trkpt lat="22.2236404257" lon="114.0022346775"><ele>116.000</ele></trkpt>
      <trkpt lat="22.2236523965" lon="114.0022571176"><ele>116.000</ele></trkpt>
      <trkpt lat="22.2236595850" lon="114.0022757139"><ele>118.000</ele></trkpt>
      <trkpt lat="22.2236578165" lon="114.0022981710"><ele>116.000</ele></trkpt>
      <trkpt lat="22.2236494706" lon="114.0023135791"><ele>116.000</ele></trkpt>
      <trkpt lat="22.2236393266" lon="114.0023238574"><ele>116.000</ele></trkpt>
      <trkpt lat="22.2236261935" lon="114.0023315720"><ele>118.000</ele></trkpt>
      <trkpt lat="22.2236088743" lon="114.0023348020"><ele>118.000</ele></trkpt>
      <trkpt lat="22.2235891622" lon="114.0023348264"><ele>118.000</ele></trkpt>
      <trkpt lat="22.2235790058" lon="114.0023335557"><ele>118.000</ele></trkpt>
      <trkpt lat="22.2235449527" lon="114.0023291070"><ele>114.000</ele></trkpt>
      <trkpt lat="22.2235156764" lon="114.0023233683"><ele>114.000</ele></trkpt>
      <trkpt lat="22.2234935699" lon="114.0023189048"><ele>114.000</ele></trkpt>
      <trkpt lat="22.2234696663" lon="114.0023093108"><ele>114.000</ele></trkpt>
      <trkpt lat="22.2234463575" lon="114.0022977916"><ele>114.000</ele></trkpt>
      <trkpt lat="22.2234266309" lon="114.0022843427"><ele>114.000</ele></trkpt>
      <trkpt lat="22.2234170626" lon="114.0022747309"><ele>114.000</ele></trkpt>
      <trkpt lat="22.2234092792" lon="114.0022580606"><ele>114.000</ele></trkpt>
      <trkpt lat="22.2234009003" lon="114.0022426723"><ele>114.000</ele></trkpt>
      <trkpt lat="22.2233895368" lon="114.0022298552"><ele>112.000</ele></trkpt>
      <trkpt lat="22.2233793722" lon="114.0022208862"><ele>112.000</ele></trkpt>
      <trkpt lat="22.2233656311" lon="114.0022183367"><ele>112.000</ele></trkpt>
      <trkpt lat="22.2233530921" lon="114.0022234851"><ele>112.000</ele></trkpt>
      <trkpt lat="22.2233441408" lon="114.0022318367"><ele>112.000</ele></trkpt>
      <trkpt lat="22.2233375853" lon="114.0022459592"><ele>112.000</ele></trkpt>
      <trkpt lat="22.2233340175" lon="114.0022613613"><ele>112.000</ele></trkpt>
      <trkpt lat="22.2233262831" lon="114.0022902409"><ele>111.000</ele></trkpt>
      <trkpt lat="22.2233185499" lon="114.0023204046"><ele>111.000</ele></trkpt>
      <trkpt lat="22.2233072307" lon="114.0023480064"><ele>111.000</ele></trkpt>
      <trkpt lat="22.2232977002" lon="114.0023736806"><ele>111.000</ele></trkpt>
      <trkpt lat="22.2232881836" lon="114.0024115449"><ele>108.000</ele></trkpt>
      <trkpt lat="22.2232810481" lon="114.0024423490"><ele>110.000</ele></trkpt>
      <trkpt lat="22.2232751068" lon="114.0024718694"><ele>110.000</ele></trkpt>
      <trkpt lat="22.2232721456" lon="114.0024962523"><ele>110.000</ele></trkpt>
      <trkpt lat="22.2232709696" lon="114.0025129346"><ele>110.000</ele></trkpt>
      <trkpt lat="22.2232721848" lon="114.0025328215"><ele>110.000</ele></trkpt>
      <trkpt lat="22.2232805735" lon="114.0025565492"><ele>110.000</ele></trkpt>
      <trkpt lat="22.2232931400" lon="114.0025770642"><ele>110.000</ele></trkpt>
      <trkpt lat="22.2233128844" lon="114.0026071940"><ele>112.000</ele></trkpt>
      <trkpt lat="22.2233290404" lon="114.0026334776"><ele>112.000</ele></trkpt>
      <trkpt lat="22.2233344342" lon="114.0026501518"><ele>112.000</ele></trkpt>
      <trkpt lat="22.2233320584" lon="114.0026629870"><ele>112.000</ele></trkpt>
      <trkpt lat="22.2233225178" lon="114.0026783964"><ele>112.000</ele></trkpt>
      <trkpt lat="22.2233070013" lon="114.0026918879"><ele>112.000</ele></trkpt>
      <trkpt lat="22.2232884983" lon="114.0027053841"><ele>110.000</ele></trkpt>
      <trkpt lat="22.2232717823" lon="114.0027143863"><ele>110.000</ele></trkpt>
      <trkpt lat="22.2232544672" lon="114.0027214648"><ele>112.000</ele></trkpt>
      <trkpt lat="22.2232341634" lon="114.0027272649"><ele>112.000</ele></trkpt>
      <trkpt lat="22.2232174419" lon="114.0027311342"><ele>112.000</ele></trkpt>
      <trkpt lat="22.2231983322" lon="114.0027362907"><ele>112.000</ele></trkpt>
      <trkpt lat="22.2231869881" lon="114.0027407954"><ele>112.000</ele></trkpt>
      <trkpt lat="22.2231684795" lon="114.0027498008"><ele>112.000</ele></trkpt>
      <trkpt lat="22.2231475863" lon="114.0027626578"><ele>110.000</ele></trkpt>
      <trkpt lat="22.2231284823" lon="114.0027723050"><ele>113.000</ele></trkpt>
      <trkpt lat="22.2231165453" lon="114.0027813013"><ele>110.000</ele></trkpt>
      <trkpt lat="22.2231058042" lon="114.0027922214"><ele>110.000</ele></trkpt>
      <trkpt lat="22.2230920823" lon="114.0028076360"><ele>110.000</ele></trkpt>
      <trkpt lat="22.2230789608" lon="114.0028262573"><ele>113.000</ele></trkpt>
      <trkpt lat="22.2230652442" lon="114.0028474459"><ele>111.000</ele></trkpt>
      <trkpt lat="22.2230557007" lon="114.0028602898"><ele>111.000</ele></trkpt>
      <trkpt lat="22.2230455554" lon="114.0028692839"><ele>113.000</ele></trkpt>
      <trkpt lat="22.2230174998" lon="114.0028879237"><ele>110.000</ele></trkpt>
      <trkpt lat="22.2229882491" lon="114.0029052827"><ele>110.000</ele></trkpt>
      <trkpt lat="22.2229589947" lon="114.0029200742"><ele>113.000</ele></trkpt>
      <trkpt lat="22.2229243630" lon="114.0029335902"><ele>110.000</ele></trkpt>
      <trkpt lat="22.2228927117" lon="114.0029406864"><ele>110.000</ele></trkpt>
      <trkpt lat="22.2228730044" lon="114.0029452015"><ele>108.000</ele></trkpt>
      <trkpt lat="22.2228562774" lon="114.0029439389"><ele>108.000</ele></trkpt>
      <trkpt lat="22.2228377572" lon="114.0029413953"><ele>110.000</ele></trkpt>
      <trkpt lat="22.2228228130" lon="114.0029317911"><ele>110.000</ele></trkpt>
      <trkpt lat="22.2228090602" lon="114.0029183348"><ele>110.000</ele></trkpt>
      <trkpt lat="22.2227899183" lon="114.0028933372"><ele>112.000</ele></trkpt>
      <trkpt lat="22.2227737621" lon="114.0028676948"><ele>112.000</ele></trkpt>
      <trkpt lat="22.2227534126" lon="114.0028298675"><ele>112.000</ele></trkpt>
      <trkpt lat="22.2227414474" lon="114.0028125593"><ele>110.000</ele></trkpt>
      <trkpt lat="22.2227282861" lon="114.0027939704"><ele>110.000</ele></trkpt>
      <trkpt lat="22.2227127380" lon="114.0027779499"><ele>110.000</ele></trkpt>
      <trkpt lat="22.2226906151" lon="114.0027580889"><ele>112.000</ele></trkpt>
      <trkpt lat="22.2226780596" lon="114.0027478397"><ele>112.000</ele></trkpt>
      <trkpt lat="22.2226678895" lon="114.0027337378"><ele>112.000</ele></trkpt>
      <trkpt lat="22.2226613010" lon="114.0027170652"><ele>114.000</ele></trkpt>
      <trkpt lat="22.2226594880" lon="114.0026971781"><ele>114.000</ele></trkpt>
      <trkpt lat="22.2226600561" lon="114.0026702319"><ele>112.000</ele></trkpt>
      <trkpt lat="22.2226588297" lon="114.0026407214"><ele>112.000</ele></trkpt>
      <trkpt lat="22.2226540241" lon="114.0026150651"><ele>112.000</ele></trkpt>
      <trkpt lat="22.2226468295" lon="114.0025906939"><ele>112.000</ele></trkpt>
      <trkpt lat="22.2226366518" lon="114.0025695349"><ele>110.000</ele></trkpt>
      <trkpt lat="22.2226228901" lon="114.0025477383"><ele>110.000</ele></trkpt>
      <trkpt lat="22.2225989657" lon="114.0025195391"><ele>110.000</ele></trkpt>
      <trkpt lat="22.2225774378" lon="114.0024971109"><ele>110.000</ele></trkpt>
      <trkpt lat="22.2225499320" lon="114.0024708405"><ele>110.000</ele></trkpt>
      <trkpt lat="22.2225206302" lon="114.0024413648"><ele>110.000</ele></trkpt>
      <trkpt lat="22.2224997014" lon="114.0024208603"><ele>108.000</ele></trkpt>
      <trkpt lat="22.2224769849" lon="114.0024042076"><ele>108.000</ele></trkpt>
      <trkpt lat="22.2224584556" lon="114.0023939658"><ele>108.000</ele></trkpt>
      <trkpt lat="22.2224387373" lon="114.0023882162"><ele>108.000</ele></trkpt>
      <trkpt lat="22.2224148392" lon="114.0023837541"><ele>108.000</ele></trkpt>
      <trkpt lat="22.2223981142" lon="114.0023844169"><ele>108.000</ele></trkpt>
      <trkpt lat="22.2223813947" lon="114.0023902115"><ele>108.000</ele></trkpt>
      <trkpt lat="22.2223551284" lon="114.0024056415"><ele>108.000</ele></trkpt>
      <trkpt lat="22.2223276639" lon="114.0024178655"><ele>106.000</ele></trkpt>
      <trkpt lat="22.2222954210" lon="114.0024307365"><ele>110.000</ele></trkpt>
      <trkpt lat="22.2222667610" lon="114.0024423208"><ele>110.000</ele></trkpt>
      <trkpt lat="22.2222452653" lon="114.0024506868"><ele>110.000</ele></trkpt>
      <trkpt lat="22.2222213761" lon="114.0024545659"><ele>110.000</ele></trkpt>
      <trkpt lat="22.2221950953" lon="114.0024565237"><ele>109.000</ele></trkpt>
      <trkpt lat="22.2221735885" lon="114.0024546250"><ele>109.000</ele></trkpt>
      <trkpt lat="22.2221508824" lon="114.0024475959"><ele>109.000</ele></trkpt>
      <trkpt lat="22.2221269731" lon="114.0024335112"><ele>109.000</ele></trkpt>
      <trkpt lat="22.2220982739" lon="114.0024085256"><ele>108.000</ele></trkpt>
      <trkpt lat="22.2220611986" lon="114.0023707192"><ele>107.000</ele></trkpt>
      <trkpt lat="22.2220271173" lon="114.0023399663"><ele>109.000</ele></trkpt>
      <trkpt lat="22.2219864623" lon="114.0023072963"><ele>107.000</ele></trkpt>
      <trkpt lat="22.2219643462" lon="114.0022938515"><ele>107.000</ele></trkpt>
      <trkpt lat="22.2219470181" lon="114.0022887401"><ele>107.000</ele></trkpt>
      <trkpt lat="22.2219159541" lon="114.0022868542"><ele>108.000</ele></trkpt>
      <trkpt lat="22.2218711519" lon="114.0022849844"><ele>108.000</ele></trkpt>
      <trkpt lat="22.2218520339" lon="114.0022824426"><ele>105.000</ele></trkpt>
      <trkpt lat="22.2218370944" lon="114.0022773282"><ele>105.000</ele></trkpt>
      <trkpt lat="22.2218239440" lon="114.0022690042"><ele>105.000</ele></trkpt>
      <trkpt lat="22.2218060078" lon="114.0022542700"><ele>107.000</ele></trkpt>
      <trkpt lat="22.2217856732" lon="114.0022305573"><ele>104.000</ele></trkpt>
      <trkpt lat="22.2217641341" lon="114.0021985058"><ele>104.000</ele></trkpt>
      <trkpt lat="22.2217473802" lon="114.0021722233"><ele>106.000</ele></trkpt>
      <trkpt lat="22.2217288229" lon="114.0021350353"><ele>104.000</ele></trkpt>
      <trkpt lat="22.2217132534" lon="114.0020991268"><ele>107.000</ele></trkpt>
      <trkpt lat="22.2216952930" lon="114.0020619381"><ele>105.000</ele></trkpt>
      <trkpt lat="22.2216683712" lon="114.0020228361"><ele>104.000</ele></trkpt>
      <trkpt lat="22.2216540136" lon="114.0020029657"><ele>104.000</ele></trkpt>
      <trkpt lat="22.2216426508" lon="114.0019907899"><ele>102.000</ele></trkpt>
      <trkpt lat="22.2216253054" lon="114.0019696400"><ele>105.000</ele></trkpt>
      <trkpt lat="22.2216073560" lon="114.0019427169"><ele>103.000</ele></trkpt>
      <trkpt lat="22.2215822342" lon="114.0019113110"><ele>103.000</ele></trkpt>
      <trkpt lat="22.2215493445" lon="114.0018786326"><ele>102.000</ele></trkpt>
      <trkpt lat="22.2215242344" lon="114.0018581334"><ele>103.000</ele></trkpt>
      <trkpt lat="22.2214913533" lon="114.0018325121"><ele>100.000</ele></trkpt>
      <trkpt lat="22.2214650523" lon="114.0018165052"><ele>102.000</ele></trkpt>
      <trkpt lat="22.2214399483" lon="114.0018017810"><ele>102.000</ele></trkpt>
      <trkpt lat="22.2214142534" lon="114.0017934726"><ele>99.000</ele></trkpt>
      <trkpt lat="22.2213855666" lon="114.0017800350"><ele>100.000</ele></trkpt>
      <trkpt lat="22.2213497101" lon="114.0017646821"><ele>101.000</ele></trkpt>
      <trkpt lat="22.2213156466" lon="114.0017506101"><ele>101.000</ele></trkpt>
      <trkpt lat="22.2212797912" lon="114.0017371815"><ele>100.000</ele></trkpt>
      <trkpt lat="22.2212511113" lon="114.0017301600"><ele>98.000</ele></trkpt>
      <trkpt lat="22.2212242237" lon="114.0017237783"><ele>98.000</ele></trkpt>
      <trkpt lat="22.2212003248" lon="114.0017186752"><ele>98.000</ele></trkpt>
      <trkpt lat="22.2211716490" lon="114.0017155033"><ele>98.000</ele></trkpt>
      <trkpt lat="22.2211447663" lon="114.0017136114"><ele>98.000</ele></trkpt>
      <trkpt lat="22.2211178863" lon="114.0017142868"><ele>98.000</ele></trkpt>
      <trkpt lat="22.2210754763" lon="114.0017149806"><ele>98.000</ele></trkpt>
      <trkpt lat="22.2210474002" lon="114.0017143744"><ele>98.000</ele></trkpt>
      <trkpt lat="22.2210252979" lon="114.0017137597"><ele>98.000</ele></trkpt>
      <trkpt lat="22.2210067757" lon="114.0017092920"><ele>98.000</ele></trkpt>
      <trkpt lat="22.2209846699" lon="114.0017054698"><ele>98.000</ele></trkpt>
      <trkpt lat="22.2209661468" lon="114.0017010021"><ele>96.000</ele></trkpt>
      <trkpt lat="22.2209458309" lon="114.0016946123"><ele>98.000</ele></trkpt>
      <trkpt lat="22.2208974270" lon="114.0016767087"><ele>99.000</ele></trkpt>
      <trkpt lat="22.2208639632" lon="114.0016652014"><ele>99.000</ele></trkpt>
      <trkpt lat="22.2208352798" lon="114.0016549725"><ele>99.000</ele></trkpt>
      <trkpt lat="22.2207862810" lon="114.0016396359"><ele>98.000</ele></trkpt>
      <trkpt lat="22.2207540161" lon="114.0016319778"><ele>96.000</ele></trkpt>
      <trkpt lat="22.2207187633" lon="114.0016230392"><ele>98.000</ele></trkpt>
      <trkpt lat="22.2206900813" lon="114.0016140934"><ele>98.000</ele></trkpt>
      <trkpt lat="22.2206625927" lon="114.0016038620"><ele>96.000</ele></trkpt>
      <trkpt lat="22.2206392838" lon="114.0015923432"><ele>96.000</ele></trkpt>
      <trkpt lat="22.2206141730" lon="114.0015712032"><ele>98.000</ele></trkpt>
      <trkpt lat="22.2205860651" lon="114.0015410845"><ele>96.000</ele></trkpt>
      <trkpt lat="22.2205681282" lon="114.0015250683"><ele>96.000</ele></trkpt>
      <trkpt lat="22.2205489971" lon="114.0015103358"><ele>96.000</ele></trkpt>
      <trkpt lat="22.2205340528" lon="114.0015007309"><ele>96.000</ele></trkpt>
      <trkpt lat="22.2205191155" lon="114.0014969009"><ele>96.000</ele></trkpt>
      <trkpt lat="22.2205035853" lon="114.0014975613"><ele>96.000</ele></trkpt>
      <trkpt lat="22.2204868596" lon="114.0014975821"><ele>96.000</ele></trkpt>
      <trkpt lat="22.2204426639" lon="114.0015046941"><ele>96.000</ele></trkpt>
      <trkpt lat="22.2203972762" lon="114.0015143740"><ele>98.000</ele></trkpt>
      <trkpt lat="22.2203692098" lon="114.0015227491"><ele>98.000</ele></trkpt>
      <trkpt lat="22.2203435303" lon="114.0015279138"><ele>98.000</ele></trkpt>
      <trkpt lat="22.2202957538" lon="114.0015382377"><ele>98.000</ele></trkpt>
      <trkpt lat="22.2202324492" lon="114.0015511473"><ele>99.000</ele></trkpt>
      <trkpt lat="22.2202019928" lon="114.0015582422"><ele>102.000</ele></trkpt>
      <trkpt lat="22.2201900502" lon="114.0015621067"><ele>102.000</ele></trkpt>
      <trkpt lat="22.2201733335" lon="114.0015704677"><ele>101.000</ele></trkpt>
      <trkpt lat="22.2201572151" lon="114.0015801111"><ele>101.000</ele></trkpt>
      <trkpt lat="22.2201458746" lon="114.0015878234"><ele>101.000</ele></trkpt>
      <trkpt lat="22.2201297597" lon="114.0016006753"><ele>99.000</ele></trkpt>
      <trkpt lat="22.2201112602" lon="114.0016173788"><ele>102.000</ele></trkpt>
      <trkpt lat="22.2201011136" lon="114.0016250896"><ele>102.000</ele></trkpt>
      <trkpt lat="22.2200915612" lon="114.0016295921"><ele>102.000</ele></trkpt>
      <trkpt lat="22.2200808119" lon="114.0016328139"><ele>102.000</ele></trkpt>
      <trkpt lat="22.2200658788" lon="114.0016328324"><ele>102.000</ele></trkpt>
      <trkpt lat="22.2200527332" lon="114.0016289992"><ele>102.000</ele></trkpt>
      <trkpt lat="22.2200395828" lon="114.0016206753"><ele>102.000</ele></trkpt>
      <trkpt lat="22.2200192597" lon="114.0016085107"><ele>102.000</ele></trkpt>
      <trkpt lat="22.2199971464" lon="114.0015976316"><ele>102.000</ele></trkpt>
      <trkpt lat="22.2199845950" lon="114.0015912322"><ele>102.000</ele></trkpt>
      <trkpt lat="22.2199648766" lon="114.0015854828"><ele>102.000</ele></trkpt>
      <trkpt lat="22.2199463537" lon="114.0015803731"><ele>103.000</ele></trkpt>
      <trkpt lat="22.2199326082" lon="114.0015746163"><ele>103.000</ele></trkpt>
      <trkpt lat="22.2199218467" lon="114.0015656474"><ele>103.000</ele></trkpt>
      <trkpt lat="22.2199122743" lon="114.0015515452"><ele>100.000</ele></trkpt>
      <trkpt lat="22.2199026928" lon="114.0015297448"><ele>102.000</ele></trkpt>
      <trkpt lat="22.2198913128" lon="114.0015008887"><ele>100.000</ele></trkpt>
      <trkpt lat="22.2198805386" lon="114.0014810141"><ele>100.000</ele></trkpt>
      <trkpt lat="22.2198578103" lon="114.0014534553"><ele>98.000</ele></trkpt>
      <trkpt lat="22.2198422628" lon="114.0014380774"><ele>98.000</ele></trkpt>
      <trkpt lat="22.2198237316" lon="114.0014252695"><ele>98.000</ele></trkpt>
      <trkpt lat="22.2197950468" lon="114.0014137565"><ele>100.000</ele></trkpt>
      <trkpt lat="22.2197699516" lon="114.0014080139"><ele>99.000</ele></trkpt>
      <trkpt lat="22.2197502353" lon="114.0014041888"><ele>99.000</ele></trkpt>
      <trkpt lat="22.2197293270" lon="114.0014029326"><ele>99.000</ele></trkpt>
      <trkpt lat="22.2197209582" lon="114.0013978103"><ele>102.000</ele></trkpt>
      <trkpt lat="22.2197113920" lon="114.0013894819"><ele>102.000</ele></trkpt>
      <trkpt lat="22.2197030096" lon="114.0013708876"><ele>102.000</ele></trkpt>
      <trkpt lat="22.2196952247" lon="114.0013529337"><ele>100.000</ele></trkpt>
      <trkpt lat="22.2196856462" lon="114.0013330567"><ele>100.000</ele></trkpt>
      <trkpt lat="22.2196760722" lon="114.0013183134"><ele>102.000</ele></trkpt>
      <trkpt lat="22.2196647109" lon="114.0013067799"><ele>100.000</ele></trkpt>
      <trkpt lat="22.2196515610" lon="114.0012997392"><ele>100.000</ele></trkpt>
      <trkpt lat="22.2196360273" lon="114.0012971921"><ele>101.000</ele></trkpt>
      <trkpt lat="22.2196187067" lon="114.0012991380"><ele>101.000</ele></trkpt>
      <trkpt lat="22.2196001928" lon="114.0013023685"><ele>101.000</ele></trkpt>
      <trkpt lat="22.2195709372" lon="114.0013158779"><ele>101.000</ele></trkpt>
      <trkpt lat="22.2195386967" lon="114.0013300320"><ele>102.000</ele></trkpt>
      <trkpt lat="22.2194945162" lon="114.0013512581"><ele>102.000</ele></trkpt>
      <trkpt lat="22.2194664539" lon="114.0013634827"><ele>102.000</ele></trkpt>
      <trkpt lat="22.2194336191" lon="114.0013808451"><ele>104.000</ele></trkpt>
      <trkpt lat="22.2194127212" lon="114.0013892113"><ele>104.000</ele></trkpt>
      <trkpt lat="22.2193971937" lon="114.0013924391"><ele>104.000</ele></trkpt>
      <trkpt lat="22.2193816621" lon="114.0013918163"><ele>104.000</ele></trkpt>
      <trkpt lat="22.2193571709" lon="114.0013918467"><ele>104.000</ele></trkpt>
      <trkpt lat="22.2193308825" lon="114.0013867477"><ele>104.000</ele></trkpt>
      <trkpt lat="22.2193075813" lon="114.0013822850"><ele>104.000</ele></trkpt>
      <trkpt lat="22.2192956317" lon="114.0013803756"><ele>104.000</ele></trkpt>
      <trkpt lat="22.2192842856" lon="114.0013829561"><ele>104.000</ele></trkpt>
      <trkpt lat="22.2192747331" lon="114.0013881007"><ele>103.000</ele></trkpt>
      <trkpt lat="22.2192604066" lon="114.0013970998"><ele>103.000</ele></trkpt>
      <trkpt lat="22.2192425057" lon="114.0014144436"><ele>105.000</ele></trkpt>
      <trkpt lat="22.2192162462" lon="114.0014369304"><ele>104.000</ele></trkpt>
      <trkpt lat="22.2191953559" lon="114.0014523536"><ele>104.000</ele></trkpt>
      <trkpt lat="22.2191840144" lon="114.0014600668"><ele>102.000</ele></trkpt>
      <trkpt lat="22.2191535656" lon="114.0014742187"><ele>105.000</ele></trkpt>
      <trkpt lat="22.2191213221" lon="114.0014864485"><ele>104.000</ele></trkpt>
      <trkpt lat="22.2190848968" lon="114.0014980414"><ele>103.000</ele></trkpt>
      <trkpt lat="22.2190520556" lon="114.0015096299"><ele>103.000</ele></trkpt>
      <trkpt lat="22.2189977216" lon="114.0015321516"><ele>104.000</ele></trkpt>
      <trkpt lat="22.2189451764" lon="114.0015521047"><ele>102.000</ele></trkpt>
      <trkpt lat="22.2189200980" lon="114.0015611181"><ele>105.000</ele></trkpt>
      <trkpt lat="22.2188759127" lon="114.0015778533"><ele>105.000</ele></trkpt>
      <trkpt lat="22.2188072486" lon="114.0016061666"><ele>104.000</ele></trkpt>
      <trkpt lat="22.2187332100" lon="114.0016357697"><ele>106.000</ele></trkpt>
      <trkpt lat="22.2186836522" lon="114.0016557200"><ele>104.000</ele></trkpt>
      <trkpt lat="22.2186633486" lon="114.0016608769"><ele>108.000</ele></trkpt>
      <trkpt lat="22.2186442334" lon="114.0016609007"><ele>108.000</ele></trkpt>
      <trkpt lat="22.2186292884" lon="114.0016506548"><ele>106.000</ele></trkpt>
      <trkpt lat="22.2186155328" lon="114.0016346336"><ele>106.000</ele></trkpt>
      <trkpt lat="22.2185922039" lon="114.0016045094"><ele>106.000</ele></trkpt>
      <trkpt lat="22.2185640815" lon="114.0015609193"><ele>106.000</ele></trkpt>
      <trkpt lat="22.2185365638" lon="114.0015237434"><ele>104.000</ele></trkpt>
      <trkpt lat="22.2185180375" lon="114.0015154262"><ele>104.000</ele></trkpt>
      <trkpt lat="22.2184953403" lon="114.0015167376"><ele>104.000</ele></trkpt>
      <trkpt lat="22.2184720528" lon="114.0015251067"><ele>104.000</ele></trkpt>
      <trkpt lat="22.2184493693" lon="114.0015398909"><ele>104.000</ele></trkpt>
      <trkpt lat="22.2184338563" lon="114.0015565895"><ele>104.000</ele></trkpt>
      <trkpt lat="22.2184237310" lon="114.0015841889"><ele>106.000</ele></trkpt>
      <trkpt lat="22.2184171893" lon="114.0016111427"><ele>106.000</ele></trkpt>
      <trkpt lat="22.2184124568" lon="114.0016534904"><ele>106.000</ele></trkpt>
      <trkpt lat="22.2184017551" lon="114.0017009782"><ele>108.000</ele></trkpt>
      <trkpt lat="22.2183880713" lon="114.0017516772"><ele>108.000</ele></trkpt>
      <trkpt lat="22.2183690099" lon="114.0018017417"><ele>108.000</ele></trkpt>
      <trkpt lat="22.2183511343" lon="114.0018434646"><ele>109.000</ele></trkpt>
      <trkpt lat="22.2183302681" lon="114.0018813416"><ele>112.000</ele></trkpt>
      <trkpt lat="22.2183153762" lon="114.0019204945"><ele>110.000</ele></trkpt>
      <trkpt lat="22.2183088401" lon="114.0019519389"><ele>110.000</ele></trkpt>
      <trkpt lat="22.2183130579" lon="114.0019859353"><ele>110.000</ele></trkpt>
      <trkpt lat="22.2183268403" lon="114.0020269769"><ele>108.000</ele></trkpt>
      <trkpt lat="22.2183477812" lon="114.0020577451"><ele>108.000</ele></trkpt>
      <trkpt lat="22.2183734945" lon="114.0020840169"><ele>108.000</ele></trkpt>
      <trkpt lat="22.2184039856" lon="114.0021083584"><ele>106.000</ele></trkpt>
      <trkpt lat="22.2184410369" lon="114.0021237097"><ele>107.000</ele></trkpt>
      <trkpt lat="22.2184756933" lon="114.0021332901"><ele>108.000</ele></trkpt>
      <trkpt lat="22.2185061705" lon="114.0021454411"><ele>106.000</ele></trkpt>
      <trkpt lat="22.2185253043" lon="114.0021627397"><ele>108.000</ele></trkpt>
      <trkpt lat="22.2185396618" lon="114.0021826097"><ele>108.000</ele></trkpt>
      <trkpt lat="22.2185504392" lon="114.0022063337"><ele>106.000</ele></trkpt>
      <trkpt lat="22.2185696149" lon="114.0022627668"><ele>107.000</ele></trkpt>
      <trkpt lat="22.2185857896" lon="114.0023063718"><ele>106.000</ele></trkpt>
      <trkpt lat="22.2186001643" lon="114.0023422810"><ele>105.000</ele></trkpt>
      <trkpt lat="22.2186127315" lon="114.0023634364"><ele>107.000</ele></trkpt>
      <trkpt lat="22.2186354557" lon="114.0023865035"><ele>104.000</ele></trkpt>
      <trkpt lat="22.2186611586" lon="114.0024031521"><ele>104.000</ele></trkpt>
      <trkpt lat="22.2187000107" lon="114.0024262002"><ele>106.000</ele></trkpt>
      <trkpt lat="22.2187251114" lon="114.0024370757"><ele>103.000</ele></trkpt>
      <trkpt lat="22.2187460252" lon="114.0024434648"><ele>103.000</ele></trkpt>
      <trkpt lat="22.2187681302" lon="114.0024466459"><ele>103.000</ele></trkpt>
      <trkpt lat="22.2188027796" lon="114.0024504516"><ele>104.000</ele></trkpt>
      <trkpt lat="22.2188392298" lon="114.0024619552"><ele>105.000</ele></trkpt>
      <trkpt lat="22.2188942086" lon="114.0024830582"><ele>104.000</ele></trkpt>
      <trkpt lat="22.2189402276" lon="114.0025054555"><ele>106.000</ele></trkpt>
      <trkpt lat="22.2189820641" lon="114.0025265748"><ele>108.000</ele></trkpt>
      <trkpt lat="22.2190131459" lon="114.0025451411"><ele>108.000</ele></trkpt>
      <trkpt lat="22.2190370545" lon="114.0025585844"><ele>108.000</ele></trkpt>
      <trkpt lat="22.2190770998" lon="114.0025809892"><ele>106.000</ele></trkpt>
      <trkpt lat="22.2190926410" lon="114.0025905933"><ele>106.000</ele></trkpt>
      <trkpt lat="22.2191016156" lon="114.0026040552"><ele>108.000</ele></trkpt>
      <trkpt lat="22.2191123888" lon="114.0026239297"><ele>108.000</ele></trkpt>
      <trkpt lat="22.2191243728" lon="114.0026579168"><ele>106.000</ele></trkpt>
      <trkpt lat="22.2191321724" lon="114.0026906268"><ele>104.000</ele></trkpt>
      <trkpt lat="22.2191399614" lon="114.0027117882"><ele>104.000</ele></trkpt>
      <trkpt lat="22.2191501326" lon="114.0027278140"><ele>105.000</ele></trkpt>
      <trkpt lat="22.2191644839" lon="114.0027419103"><ele>105.000</ele></trkpt>
      <trkpt lat="22.2191883974" lon="114.0027598443"><ele>105.000</ele></trkpt>
      <trkpt lat="22.2192182837" lon="114.0027777710"><ele>104.000</ele></trkpt>
      <trkpt lat="22.2192553404" lon="114.0027982552"><ele>104.000</ele></trkpt>
      <trkpt lat="22.2192929895" lon="114.0028136060"><ele>104.000</ele></trkpt>
      <trkpt lat="22.2193360117" lon="114.0028263838"><ele>104.000</ele></trkpt>
      <trkpt lat="22.2193820213" lon="114.0028391579"><ele>105.000</ele></trkpt>
      <trkpt lat="22.2194328104" lon="114.0028532093"><ele>106.000</ele></trkpt>
      <trkpt lat="22.2194650718" lon="114.0028576602"><ele>107.000</ele></trkpt>
      <trkpt lat="22.2194818007" lon="114.0028614891"><ele>107.000</ele></trkpt>
      <trkpt lat="22.2194925652" lon="114.0028723824"><ele>106.000</ele></trkpt>
      <trkpt lat="22.2194967608" lon="114.0028858502"><ele>106.000</ele></trkpt>
      <trkpt lat="22.2194979891" lon="114.0029172842"><ele>104.000</ele></trkpt>
      <trkpt lat="22.2194974318" lon="114.0029551364"><ele>104.000</ele></trkpt>
      <trkpt lat="22.2194968787" lon="114.0029961971"><ele>104.000</ele></trkpt>
      <trkpt lat="22.2194969150" lon="114.0030301990"><ele>103.000</ele></trkpt>
      <trkpt lat="22.2195017078" lon="114.0030430239"><ele>103.000</ele></trkpt>
      <trkpt lat="22.2195100934" lon="114.0030648268"><ele>105.000</ele></trkpt>
      <trkpt lat="22.2195256504" lon="114.0030891871"><ele>105.000</ele></trkpt>
      <trkpt lat="22.2195465847" lon="114.0031148231"><ele>104.000</ele></trkpt>
      <trkpt lat="22.2195705075" lon="114.0031423807"><ele>106.000</ele></trkpt>
      <trkpt lat="22.2195944298" lon="114.0031686550"><ele>106.000</ele></trkpt>
      <trkpt lat="22.2196159637" lon="114.0031968567"><ele>107.000</ele></trkpt>
      <trkpt lat="22.2196345148" lon="114.0032276283"><ele>106.000</ele></trkpt>
      <trkpt lat="22.2196512677" lon="114.0032539116"><ele>106.000</ele></trkpt>
      <trkpt lat="22.2196680139" lon="114.0032731368"><ele>104.000</ele></trkpt>
      <trkpt lat="22.2196979125" lon="114.0033026123"><ele>106.000</ele></trkpt>
      <trkpt lat="22.2197301999" lon="114.0033314419"><ele>104.000</ele></trkpt>
      <trkpt lat="22.2197588982" lon="114.0033557861"><ele>104.000</ele></trkpt>
      <trkpt lat="22.2197965602" lon="114.0033833269"><ele>105.000</ele></trkpt>
      <trkpt lat="22.2198384116" lon="114.0034185606"><ele>106.000</ele></trkpt>
      <trkpt lat="22.2198802598" lon="114.0034499449"><ele>106.000</ele></trkpt>
      <trkpt lat="22.2199113463" lon="114.0034730031"><ele>106.000</ele></trkpt>
      <trkpt lat="22.2199304783" lon="114.0034896600"><ele>106.000</ele></trkpt>
      <trkpt lat="22.2199496051" lon="114.0035005432"><ele>106.000</ele></trkpt>
      <trkpt lat="22.2199675345" lon="114.0035088614"><ele>106.000</ele></trkpt>
      <trkpt lat="22.2199854590" lon="114.0035126879"><ele>106.000</ele></trkpt>
      <trkpt lat="22.2200111454" lon="114.0035139396"><ele>108.000</ele></trkpt>
      <trkpt lat="22.2200535577" lon="114.0035145295"><ele>109.000</ele></trkpt>
      <trkpt lat="22.2201019381" lon="114.0035106205"><ele>110.000</ele></trkpt>
      <trkpt lat="22.2201479326" lon="114.0035092808"><ele>112.000</ele></trkpt>
      <trkpt lat="22.2201825764" lon="114.0035079551"><ele>112.000</ele></trkpt>
      <trkpt lat="22.2201999027" lon="114.0035105002"><ele>112.000</ele></trkpt>
      <trkpt lat="22.2202178304" lon="114.0035181773"><ele>112.000</ele></trkpt>
      <trkpt lat="22.2202321803" lon="114.0035309906"><ele>113.000</ele></trkpt>
      <trkpt lat="22.2202435416" lon="114.0035418833"><ele>113.000</ele></trkpt>
      <trkpt lat="22.2202590821" lon="114.0035508455"><ele>112.000</ele></trkpt>
      <trkpt lat="22.2202829871" lon="114.0035617228"><ele>114.000</ele></trkpt>
      <trkpt lat="22.2203170527" lon="114.0035770783"><ele>114.000</ele></trkpt>
      <trkpt lat="22.2203457394" lon="114.0035905151"><ele>115.000</ele></trkpt>
      <trkpt lat="22.2203642718" lon="114.0036046075"><ele>114.000</ele></trkpt>
      <trkpt lat="22.2203768333" lon="114.0036206305"><ele>114.000</ele></trkpt>
      <trkpt lat="22.2203852224" lon="114.0036456410"><ele>114.000</ele></trkpt>
      <trkpt lat="22.2203900348" lon="114.0036770718"><ele>114.000</ele></trkpt>
      <trkpt lat="22.2203882668" lon="114.0037001695"><ele>114.000</ele></trkpt>
      <trkpt lat="22.2203847080" lon="114.0037232704"><ele>114.000</ele></trkpt>
      <trkpt lat="22.2203781589" lon="114.0037444496"><ele>114.000</ele></trkpt>
      <trkpt lat="22.2203692281" lon="114.0037720478"><ele>114.000</ele></trkpt>
      <trkpt lat="22.2203555347" lon="114.0038144070"><ele>113.000</ele></trkpt>
      <trkpt lat="22.2203495951" lon="114.0038464921"><ele>113.000</ele></trkpt>
      <trkpt lat="22.2203466427" lon="114.0038785736"><ele>113.000</ele></trkpt>
      <trkpt lat="22.2203502693" lon="114.0039183452"><ele>113.000</ele></trkpt>
      <trkpt lat="22.2203592649" lon="114.0039516952"><ele>112.000</ele></trkpt>
      <trkpt lat="22.2203670617" lon="114.0039811971"><ele>114.000</ele></trkpt>
      <trkpt lat="22.2203712722" lon="114.0040087791"><ele>114.000</ele></trkpt>
      <trkpt lat="22.2203707039" lon="114.0040357249"><ele>114.000</ele></trkpt>
      <trkpt lat="22.2203665504" lon="114.0040626761"><ele>114.000</ele></trkpt>
      <trkpt lat="22.2203600165" lon="114.0040973283"><ele>113.000</ele></trkpt>
      <trkpt lat="22.2203588579" lon="114.0041313319"><ele>113.000</ele></trkpt>
      <trkpt lat="22.2203600921" lon="114.0041685410"><ele>113.000</ele></trkpt>
      <trkpt lat="22.2203673158" lon="114.0042204981"><ele>114.000</ele></trkpt>
      <trkpt lat="22.2203763338" lon="114.0042750193"><ele>114.000</ele></trkpt>
      <trkpt lat="22.2203853417" lon="114.0043199171"><ele>114.000</ele></trkpt>
      <trkpt lat="22.2203949566" lon="114.0043744376"><ele>116.000</ele></trkpt>
      <trkpt lat="22.2204027663" lon="114.0044161294"><ele>116.000</ele></trkpt>
      <trkpt lat="22.2204135542" lon="114.0044501184"><ele>117.000</ele></trkpt>
      <trkpt lat="22.2204303214" lon="114.0044892328"><ele>116.000</ele></trkpt>
      <trkpt lat="22.2204470783" lon="114.0045187248"><ele>114.000</ele></trkpt>
      <trkpt lat="22.2204638284" lon="114.0045417999"><ele>116.000</ele></trkpt>
      <trkpt lat="22.2204835705" lon="114.0045700041"><ele>115.000</ele></trkpt>
      <trkpt lat="22.2204991252" lon="114.0045924395"><ele>115.000</ele></trkpt>
      <trkpt lat="22.2205182668" lon="114.0046174370"><ele>115.000</ele></trkpt>
      <trkpt lat="22.2205403886" lon="114.0046372980"><ele>115.000</ele></trkpt>
      <trkpt lat="22.2205667022" lon="114.0046654952"><ele>116.000</ele></trkpt>
      <trkpt lat="22.2205900251" lon="114.0046904875"><ele>116.000</ele></trkpt>
      <trkpt lat="22.2206163392" lon="114.0047199669"><ele>115.000</ele></trkpt>
      <trkpt lat="22.2206378697" lon="114.0047443194"><ele>118.000</ele></trkpt>
      <trkpt lat="22.2206582113" lon="114.0047750893"><ele>115.000</ele></trkpt>
      <trkpt lat="22.2206803387" lon="114.0047994421"><ele>115.000</ele></trkpt>
      <trkpt lat="22.2207120310" lon="114.0048301982"><ele>115.000</ele></trkpt>
      <trkpt lat="22.2207347567" lon="114.0048558324"><ele>116.000</ele></trkpt>
      <trkpt lat="22.2207538942" lon="114.0048769813"><ele>116.000</ele></trkpt>
      <trkpt lat="22.2207664690" lon="114.0049064776"><ele>114.000</ele></trkpt>
      <trkpt lat="22.2207718770" lon="114.0049359825"><ele>116.000</ele></trkpt>
      <trkpt lat="22.2207784755" lon="114.0049622786"><ele>114.000</ele></trkpt>
      <trkpt lat="22.2207916366" lon="114.0049808674"><ele>114.000</ele></trkpt>
      <trkpt lat="22.2208077801" lon="114.0049956040"><ele>114.000</ele></trkpt>
      <trkpt lat="22.2208263171" lon="114.0050141863"><ele>114.000</ele></trkpt>
      <trkpt lat="22.2208400787" lon="114.0050353408"><ele>114.000</ele></trkpt>
      <trkpt lat="22.2208460721" lon="114.0050539384"><ele>112.000</ele></trkpt>
      <trkpt lat="22.2208556557" lon="114.0050789476"><ele>112.000</ele></trkpt>
      <trkpt lat="22.2208616468" lon="114.0050962630"><ele>112.000</ele></trkpt>
      <trkpt lat="22.2208688296" lon="114.0051097264"><ele>113.000</ele></trkpt>
      <trkpt lat="22.2208796025" lon="114.0051296023"><ele>113.000</ele></trkpt>
      <trkpt lat="22.2208897798" lon="114.0051507612"><ele>113.000</ele></trkpt>
      <trkpt lat="22.2208921876" lon="114.0051680800"><ele>113.000</ele></trkpt>
      <trkpt lat="22.2208904115" lon="114.0051828384"><ele>113.000</ele></trkpt>
      <trkpt lat="22.2208850556" lon="114.0052027331"><ele>113.000</ele></trkpt>
      <trkpt lat="22.2208743362" lon="114.0052335409"><ele>113.000</ele></trkpt>
      <trkpt lat="22.2208636174" lon="114.0052649908"><ele>114.000</ele></trkpt>
      <trkpt lat="22.2208600595" lon="114.0052900150"><ele>110.000</ele></trkpt>
      <trkpt lat="22.2208588972" lon="114.0053208122"><ele>110.000</ele></trkpt>
      <trkpt lat="22.2208619087" lon="114.0053445462"><ele>109.000</ele></trkpt>
      <trkpt lat="22.2208667073" lon="114.0053631453"><ele>112.000</ele></trkpt>
      <trkpt lat="22.2208756858" lon="114.0053804560"><ele>112.000</ele></trkpt>
      <trkpt lat="22.2208918373" lon="114.0054028909"><ele>109.000</ele></trkpt>
      <trkpt lat="22.2209055941" lon="114.0054195548"><ele>109.000</ele></trkpt>
      <trkpt lat="22.2209253245" lon="114.0054368535"><ele>109.000</ele></trkpt>
      <trkpt lat="22.2209438574" lon="114.0054515863"><ele>109.000</ele></trkpt>
      <trkpt lat="22.2209564161" lon="114.0054650441"><ele>112.000</ele></trkpt>
      <trkpt lat="22.2209665887" lon="114.0054817123"><ele>112.000</ele></trkpt>
      <trkpt lat="22.2209767666" lon="114.0055035134"><ele>110.000</ele></trkpt>
      <trkpt lat="22.2209863501" lon="114.0055285226"><ele>110.000</ele></trkpt>
      <trkpt lat="22.2210025043" lon="114.0055535229"><ele>111.000</ele></trkpt>
      <trkpt lat="22.2210222448" lon="114.0055804452"><ele>111.000</ele></trkpt>
      <trkpt lat="22.2210407833" lon="114.0055996697"><ele>108.000</ele></trkpt>
      <trkpt lat="22.2210629012" lon="114.0056150402"><ele>111.000</ele></trkpt>
      <trkpt lat="22.2210826288" lon="114.0056297716"><ele>111.000</ele></trkpt>
      <trkpt lat="22.2210981820" lon="114.0056509240"><ele>111.000</ele></trkpt>
      <trkpt lat="22.2211083680" lon="114.0056804233"><ele>110.000</ele></trkpt>
      <trkpt lat="22.2211119881" lon="114.0057144222"><ele>110.000</ele></trkpt>
      <trkpt lat="22.2211138202" lon="114.0057529131"><ele>110.000</ele></trkpt>
      <trkpt lat="22.2211144455" lon="114.0057798585"><ele>110.000</ele></trkpt>
      <trkpt lat="22.2211198466" lon="114.0058029476"><ele>110.000</ele></trkpt>
      <trkpt lat="22.2211264335" lon="114.0058183370"><ele>110.000</ele></trkpt>
      <trkpt lat="22.2211425856" lon="114.0058414141"><ele>110.000</ele></trkpt>
      <trkpt lat="22.2211700909" lon="114.0058676849"><ele>110.000</ele></trkpt>
      <trkpt lat="22.2211886244" lon="114.0058830598"><ele>110.000</ele></trkpt>
      <trkpt lat="22.2212232915" lon="114.0059029060"><ele>110.000</ele></trkpt>
      <trkpt lat="22.2212758877" lon="114.0059310707"><ele>108.000</ele></trkpt>
      <trkpt lat="22.2213141394" lon="114.0059521957"><ele>108.000</ele></trkpt>
      <trkpt lat="22.2213529890" lon="114.0059733210"><ele>108.000</ele></trkpt>
      <trkpt lat="22.2213703244" lon="114.0059854889"><ele>108.000</ele></trkpt>
      <trkpt lat="22.2213816917" lon="114.0060021558"><ele>108.000</ele></trkpt>
      <trkpt lat="22.2213882853" lon="114.0060239613"><ele>107.000</ele></trkpt>
      <trkpt lat="22.2213954751" lon="114.0060451239"><ele>107.000</ele></trkpt>
      <trkpt lat="22.2214026585" lon="114.0060592295"><ele>107.000</ele></trkpt>
      <trkpt lat="22.2214116288" lon="114.0060688422"><ele>109.000</ele></trkpt>
      <trkpt lat="22.2214349387" lon="114.0060816450"><ele>109.000</ele></trkpt>
      <trkpt lat="22.2214552652" lon="114.0060983010"><ele>110.000</ele></trkpt>
      <trkpt lat="22.2214773871" lon="114.0061175213"><ele>110.000</ele></trkpt>
      <trkpt lat="22.2214971230" lon="114.0061393109"><ele>112.000</ele></trkpt>
      <trkpt lat="22.2215162595" lon="114.0061604591"><ele>112.000</ele></trkpt>
      <trkpt lat="22.2215353841" lon="114.0061694174"><ele>112.000</ele></trkpt>
      <trkpt lat="22.2215574918" lon="114.0061751646"><ele>114.000</ele></trkpt>
      <trkpt lat="22.2215772127" lon="114.0061834811"><ele>114.000</ele></trkpt>
      <trkpt lat="22.2215939471" lon="114.0061918012"><ele>115.000</ele></trkpt>
      <trkpt lat="22.2216029201" lon="114.0062039803"><ele>115.000</ele></trkpt>
      <trkpt lat="22.2216095070" lon="114.0062193698"><ele>114.000</ele></trkpt>
      <trkpt lat="22.2216137104" lon="114.0062405361"><ele>114.000</ele></trkpt>
      <trkpt lat="22.2216155285" lon="114.0062649128"><ele>114.000</ele></trkpt>
      <trkpt lat="22.2216137642" lon="114.0062918613"><ele>114.000</ele></trkpt>
      <trkpt lat="22.2216090244" lon="114.0063284359"><ele>114.000</ele></trkpt>
      <trkpt lat="22.2216024960" lon="114.0063688622"><ele>114.000</ele></trkpt>
      <trkpt lat="22.2215977439" lon="114.0063945311"><ele>114.000</ele></trkpt>
      <trkpt lat="22.2215900073" lon="114.0064221269"><ele>115.000</ele></trkpt>
      <trkpt lat="22.2215786905" lon="114.0064535776"><ele>115.000</ele></trkpt>
      <trkpt lat="22.2215655793" lon="114.0064824630"><ele>118.000</ele></trkpt>
      <trkpt lat="22.2215560470" lon="114.0065062133"><ele>120.000</ele></trkpt>
      <trkpt lat="22.2215494991" lon="114.0065280337"><ele>120.000</ele></trkpt>
      <trkpt lat="22.2215429573" lon="114.0065556290"><ele>120.000</ele></trkpt>
      <trkpt lat="22.2215411895" lon="114.0065793690"><ele>120.000</ele></trkpt>
      <trkpt lat="22.2215418146" lon="114.0066063135"><ele>118.000</ele></trkpt>
      <trkpt lat="22.2215436394" lon="114.0066371063"><ele>118.000</ele></trkpt>
      <trkpt lat="22.2215532556" lon="114.0066935527"><ele>118.000</ele></trkpt>
      <trkpt lat="22.2215664715" lon="114.0067647492"><ele>118.000</ele></trkpt>
      <trkpt lat="22.2215808944" lon="114.0068468529"><ele>118.000</ele></trkpt>
      <trkpt lat="22.2215911054" lon="114.0069013724"><ele>120.000</ele></trkpt>
      <trkpt lat="22.2216001092" lon="114.0069430642"><ele>120.000</ele></trkpt>
      <trkpt lat="22.2216097228" lon="114.0069963021"><ele>120.000</ele></trkpt>
      <trkpt lat="22.2216193295" lon="114.0070437662"><ele>118.000</ele></trkpt>
      <trkpt lat="22.2216349187" lon="114.0070995634"><ele>117.000</ele></trkpt>
      <trkpt lat="22.2216463059" lon="114.0071354765"><ele>116.000</ele></trkpt>
      <trkpt lat="22.2216618563" lon="114.0071540637"><ele>116.000</ele></trkpt>
      <trkpt lat="22.2216887548" lon="114.0071719953"><ele>116.000</ele></trkpt>
      <trkpt lat="22.2217222168" lon="114.0071822197"><ele>114.000</ele></trkpt>
      <trkpt lat="22.2217712052" lon="114.0071879347"><ele>115.000</ele></trkpt>
      <trkpt lat="22.2218082453" lon="114.0071930230"><ele>115.000</ele></trkpt>
      <trkpt lat="22.2218399137" lon="114.0072013252"><ele>115.000</ele></trkpt>
      <trkpt lat="22.2218620200" lon="114.0072057894"><ele>115.000</ele></trkpt>
      <trkpt lat="22.2218817308" lon="114.0072044825"><ele>115.000</ele></trkpt>
      <trkpt lat="22.2218984444" lon="114.0071929145"><ele>115.000</ele></trkpt>
      <trkpt lat="22.2219121687" lon="114.0071794248"><ele>116.000</ele></trkpt>
      <trkpt lat="22.2219282895" lon="114.0071717072"><ele>116.000</ele></trkpt>
      <trkpt lat="22.2219468062" lon="114.0071710428"><ele>116.000</ele></trkpt>
      <trkpt lat="22.2219742844" lon="114.0071716518"><ele>116.000</ele></trkpt>
      <trkpt lat="22.2220095348" lon="114.0071786666"><ele>118.000</ele></trkpt>
      <trkpt lat="22.2220495589" lon="114.0071805428"><ele>118.000</ele></trkpt>
      <trkpt lat="22.2220985397" lon="114.0071798427"><ele>118.000</ele></trkpt>
      <trkpt lat="22.2221331885" lon="114.0071823665"><ele>117.000</ele></trkpt>
      <trkpt lat="22.2221600758" lon="114.0071887502"><ele>117.000</ele></trkpt>
      <trkpt lat="22.2221863687" lon="114.0071983422"><ele>118.000</ele></trkpt>
      <trkpt lat="22.2222264155" lon="114.0072220319"><ele>120.000</ele></trkpt>
      <trkpt lat="22.2222700504" lon="114.0072502081"><ele>120.000</ele></trkpt>
      <trkpt lat="22.2222987377" lon="114.0072636469"><ele>120.000</ele></trkpt>
      <trkpt lat="22.2223411638" lon="114.0072783513"><ele>118.000</ele></trkpt>
      <trkpt lat="22.2223728335" lon="114.0072879368"><ele>120.000</ele></trkpt>
      <trkpt lat="22.2224057064" lon="114.0073065034"><ele>122.000</ele></trkpt>
      <trkpt lat="22.2224361925" lon="114.0073276383"><ele>120.000</ele></trkpt>
      <trkpt lat="22.2224750533" lon="114.0073596699"><ele>122.000</ele></trkpt>
      <trkpt lat="22.2225186890" lon="114.0073878462"><ele>122.000</ele></trkpt>
      <trkpt lat="22.2225748644" lon="114.0074121578"><ele>124.000</ele></trkpt>
      <trkpt lat="22.2226101308" lon="114.0074345712"><ele>122.000</ele></trkpt>
      <trkpt lat="22.2226442112" lon="114.0074653254"><ele>124.000</ele></trkpt>
      <trkpt lat="22.2226699271" lon="114.0074941644"><ele>122.000</ele></trkpt>
      <trkpt lat="22.2226944517" lon="114.0075262134"><ele>123.000</ele></trkpt>
      <trkpt lat="22.2227129964" lon="114.0075524955"><ele>123.000</ele></trkpt>
      <trkpt lat="22.2227231707" lon="114.0075710885"><ele>124.000</ele></trkpt>
      <trkpt lat="22.2227285727" lon="114.0075961032"><ele>124.000</ele></trkpt>
      <trkpt lat="22.2227285941" lon="114.0076166336"><ele>124.000</ele></trkpt>
      <trkpt lat="22.2227250325" lon="114.0076384516"><ele>124.000</ele></trkpt>
      <trkpt lat="22.2227250545" lon="114.0076596231"><ele>124.000</ele></trkpt>
      <trkpt lat="22.2227292553" lon="114.0076775821"><ele>124.000</ele></trkpt>
      <trkpt lat="22.2227400238" lon="114.0076936079"><ele>124.000</ele></trkpt>
      <trkpt lat="22.2227591588" lon="114.0077134733"><ele>124.000</ele></trkpt>
      <trkpt lat="22.2227872576" lon="114.0077358954"><ele>124.000</ele></trkpt>
      <trkpt lat="22.2228165524" lon="114.0077595983"><ele>126.000</ele></trkpt>
      <trkpt lat="22.2228488428" lon="114.0077929202"><ele>124.000</ele></trkpt>
      <trkpt lat="22.2228835309" lon="114.0078332975"><ele>124.000</ele></trkpt>
      <trkpt lat="22.2229038562" lon="114.0078480296"><ele>126.000</ele></trkpt>
      <trkpt lat="22.2229379312" lon="114.0078736512"><ele>124.000</ele></trkpt>
      <trkpt lat="22.2229654301" lon="114.0078941487"><ele>126.000</ele></trkpt>
      <trkpt lat="22.2229875477" lon="114.0079095199"><ele>126.000</ele></trkpt>
      <trkpt lat="22.2230060711" lon="114.0079152717"><ele>126.000</ele></trkpt>
      <trkpt lat="22.2230210064" lon="114.0079165370"><ele>126.000</ele></trkpt>
      <trkpt lat="22.2230353352" lon="114.0079094626"><ele>126.000</ele></trkpt>
      <trkpt lat="22.2230556296" lon="114.0078953239"><ele>126.000</ele></trkpt>
      <trkpt lat="22.2230819007" lon="114.0078831024"><ele>126.000</ele></trkpt>
      <trkpt lat="22.2231022038" lon="114.0078773041"><ele>126.000</ele></trkpt>
      <trkpt lat="22.2231278844" lon="114.0078721404"><ele>127.000</ele></trkpt>
      <trkpt lat="22.2231517777" lon="114.0078721118"><ele>127.000</ele></trkpt>
      <trkpt lat="22.2231738807" lon="114.0078733685"><ele>129.000</ele></trkpt>
      <trkpt lat="22.2231935997" lon="114.0078791199"><ele>129.000</ele></trkpt>
      <trkpt lat="22.2232485722" lon="114.0078957349"><ele>133.000</ele></trkpt>
      <trkpt lat="22.2232975751" lon="114.0079155646"><ele>134.000</ele></trkpt>
      <trkpt lat="22.2233543420" lon="114.0079347440"><ele>140.000</ele></trkpt>
      <trkpt lat="22.2234057285" lon="114.0079487969"><ele>142.000</ele></trkpt>
      <trkpt lat="22.2234362038" lon="114.0079596663"><ele>140.000</ele></trkpt>
      <trkpt lat="22.2234642925" lon="114.0079724639"><ele>139.000</ele></trkpt>
      <trkpt lat="22.2234881985" lon="114.0079846254"><ele>137.000</ele></trkpt>
      <trkpt lat="22.2235162813" lon="114.0079916490"><ele>137.000</ele></trkpt>
      <trkpt lat="22.2235437628" lon="114.0079954658"><ele>134.000</ele></trkpt>
      <trkpt lat="22.2235772202" lon="114.0080011998"><ele>133.000</ele></trkpt>
      <trkpt lat="22.2236058999" lon="114.0080082227"><ele>130.000</ele></trkpt>
      <trkpt lat="22.2236351805" lon="114.0080190945"><ele>132.000</ele></trkpt>
      <trkpt lat="22.2236662583" lon="114.0080344550"><ele>133.000</ele></trkpt>
      <trkpt lat="22.2237027141" lon="114.0080517344"><ele>133.000</ele></trkpt>
      <trkpt lat="22.2237403633" lon="114.0080677282"><ele>133.000</ele></trkpt>
      <trkpt lat="22.2237869734" lon="114.0080843533"><ele>134.000</ele></trkpt>
      <trkpt lat="22.2238150648" lon="114.0080997174"><ele>134.000</ele></trkpt>
      <trkpt lat="22.2238563047" lon="114.0081227652"><ele>134.000</ele></trkpt>
      <trkpt lat="22.2238969505" lon="114.0081477380"><ele>136.000</ele></trkpt>
      <trkpt lat="22.2239447644" lon="114.0081739845"><ele>135.000</ele></trkpt>
      <trkpt lat="22.2239842035" lon="114.0081874107"><ele>137.000</ele></trkpt>
      <trkpt lat="22.2240308063" lon="114.0081969787"><ele>139.000</ele></trkpt>
      <trkpt lat="22.2240600776" lon="114.0081988680"><ele>134.000</ele></trkpt>
      <trkpt lat="22.2240863671" lon="114.0082052527"><ele>136.000</ele></trkpt>
      <trkpt lat="22.2241048933" lon="114.0082129289"><ele>136.000</ele></trkpt>
      <trkpt lat="22.2241401490" lon="114.0082250770"><ele>137.000</ele></trkpt>
      <trkpt lat="22.2241622526" lon="114.0082269759"><ele>140.000</ele></trkpt>
      <trkpt lat="22.2241795739" lon="114.0082256719"><ele>140.000</ele></trkpt>
      <trkpt lat="22.2241939174" lon="114.0082327120"><ele>140.000</ele></trkpt>
      <trkpt lat="22.2242046806" lon="114.0082436061"><ele>140.000</ele></trkpt>
      <trkpt lat="22.2242142539" lon="114.0082583503"><ele>138.000</ele></trkpt>
      <trkpt lat="22.2242303898" lon="114.0082660304"><ele>138.000</ele></trkpt>
      <trkpt lat="22.2242465216" lon="114.0082698598"><ele>138.000</ele></trkpt>
      <trkpt lat="22.2242656322" lon="114.0082653462"><ele>138.000</ele></trkpt>
      <trkpt lat="22.2242859275" lon="114.0082512074"><ele>138.000</ele></trkpt>
      <trkpt lat="22.2243163636" lon="114.0082242252"><ele>138.000</ele></trkpt>
      <trkpt lat="22.2243378377" lon="114.0081946872"><ele>140.000</ele></trkpt>
      <trkpt lat="22.2243551238" lon="114.0081593792"><ele>140.000</ele></trkpt>
      <trkpt lat="22.2243670345" lon="114.0081247207"><ele>142.000</ele></trkpt>
      <trkpt lat="22.2243831227" lon="114.0080855644"><ele>144.000</ele></trkpt>
      <trkpt lat="22.2243980325" lon="114.0080630915"><ele>143.000</ele></trkpt>
      <trkpt lat="22.2244207100" lon="114.0080418926"><ele>144.000</ele></trkpt>
      <trkpt lat="22.2244362169" lon="114.0080187778"><ele>142.000</ele></trkpt>
      <trkpt lat="22.2244451479" lon="114.0079905371"><ele>142.000</ele></trkpt>
      <trkpt lat="22.2244558671" lon="114.0079590875"><ele>142.000</ele></trkpt>
      <trkpt lat="22.2244678038" lon="114.0079494495"><ele>144.000</ele></trkpt>
      <trkpt lat="22.2244881071" lon="114.0079430091"><ele>142.000</ele></trkpt>
      <trkpt lat="22.2245191683" lon="114.0079423307"><ele>142.000</ele></trkpt>
      <trkpt lat="22.2245591841" lon="114.0079371499"><ele>142.000</ele></trkpt>
      <trkpt lat="22.2245872549" lon="114.0079326255"><ele>144.000</ele></trkpt>
      <trkpt lat="22.2246141396" lon="114.0079364429"><ele>144.000</ele></trkpt>
      <trkpt lat="22.2246326682" lon="114.0079473277"><ele>144.000</ele></trkpt>
      <trkpt lat="22.2246470237" lon="114.0079659159"><ele>141.000</ele></trkpt>
      <trkpt lat="22.2246607883" lon="114.0079902789"><ele>145.000</ele></trkpt>
      <trkpt lat="22.2246721637" lon="114.0080159290"><ele>141.000</ele></trkpt>
      <trkpt lat="22.2246835341" lon="114.0080358040"><ele>141.000</ele></trkpt>
      <trkpt lat="22.2247008720" lon="114.0080505399"><ele>141.000</ele></trkpt>
      <trkpt lat="22.2247415179" lon="114.0080755128"><ele>143.000</ele></trkpt>
      <trkpt lat="22.2247875388" lon="114.0081004793"><ele>143.000</ele></trkpt>
      <trkpt lat="22.2248317660" lon="114.0081235227"><ele>146.000</ele></trkpt>
      <trkpt lat="22.2248759866" lon="114.0081401508"><ele>146.000</ele></trkpt>
      <trkpt lat="22.2249100415" lon="114.0081465263"><ele>146.000</ele></trkpt>
      <trkpt lat="22.2249488675" lon="114.0081451966"><ele>146.000</ele></trkpt>
      <trkpt lat="22.2249840926" lon="114.0081278313"><ele>144.000</ele></trkpt>
      <trkpt lat="22.2250109440" lon="114.0080995700"><ele>144.000</ele></trkpt>
      <trkpt lat="22.2250377967" lon="114.0080725918"><ele>143.000</ele></trkpt>
      <trkpt lat="22.2250676405" lon="114.0080501010"><ele>144.000</ele></trkpt>
      <trkpt lat="22.2250909276" lon="114.0080410905"><ele>144.000</ele></trkpt>
      <trkpt lat="22.2251142231" lon="114.0080410626"><ele>145.000</ele></trkpt>
      <trkpt lat="22.2251327526" lon="114.0080519474"><ele>144.000</ele></trkpt>
      <trkpt lat="22.2251506975" lon="114.0080763055"><ele>144.000</ele></trkpt>
      <trkpt lat="22.2251716425" lon="114.0081122091"><ele>146.000</ele></trkpt>
      <trkpt lat="22.2251878076" lon="114.0081481184"><ele>144.000</ele></trkpt>
      <trkpt lat="22.2252069528" lon="114.0081769669"><ele>148.000</ele></trkpt>
      <trkpt lat="22.2252296719" lon="114.0081968284"><ele>146.000</ele></trkpt>
      <trkpt lat="22.2252541744" lon="114.0082077061"><ele>146.000</ele></trkpt>
      <trkpt lat="22.2252798676" lon="114.0082147327"><ele>146.000</ele></trkpt>
      <trkpt lat="22.2253037656" lon="114.0082191950"><ele>146.000</ele></trkpt>
      <trkpt lat="22.2253270660" lon="114.0082230169"><ele>146.000</ele></trkpt>
      <trkpt lat="22.2253449924" lon="114.0082287695"><ele>148.000</ele></trkpt>
      <trkpt lat="22.2253587414" lon="114.0082390180"><ele>148.000</ele></trkpt>
      <trkpt lat="22.2253725005" lon="114.0082582492"><ele>146.000</ele></trkpt>
      <trkpt lat="22.2253844771" lon="114.0082871062"><ele>148.000</ele></trkpt>
      <trkpt lat="22.2253928889" lon="114.0083339310"><ele>148.000</ele></trkpt>
      <trkpt lat="22.2253965188" lon="114.0083788371"><ele>147.000</ele></trkpt>
      <trkpt lat="22.2253947856" lon="114.0084352987"><ele>144.000</ele></trkpt>
      <trkpt lat="22.2253924439" lon="114.0084814951"><ele>142.000</ele></trkpt>
      <trkpt lat="22.2253948639" lon="114.0085110048"><ele>141.000</ele></trkpt>
      <trkpt lat="22.2254038394" lon="114.0085257508"><ele>141.000</ele></trkpt>
      <trkpt lat="22.2254169954" lon="114.0085398498"><ele>140.000</ele></trkpt>
      <trkpt lat="22.2254528615" lon="114.0085641866"><ele>142.000</ele></trkpt>
      <trkpt lat="22.2254923050" lon="114.0085827460"><ele>143.000</ele></trkpt>
      <trkpt lat="22.2255401091" lon="114.0085987280"><ele>142.000</ele></trkpt>
      <trkpt lat="22.2255837265" lon="114.0086102241"><ele>141.000</ele></trkpt>
      <trkpt lat="22.2256267509" lon="114.0086255707"><ele>140.000</ele></trkpt>
      <trkpt lat="22.2256566247" lon="114.0086319513"><ele>142.000</ele></trkpt>
      <trkpt lat="22.2256894831" lon="114.0086357618"><ele>142.000</ele></trkpt>
      <trkpt lat="22.2257169646" lon="114.0086395788"><ele>144.000</ele></trkpt>
      <trkpt lat="22.2257372836" lon="114.0086491774"><ele>144.000</ele></trkpt>
      <trkpt lat="22.2257522322" lon="114.0086632752"><ele>146.000</ele></trkpt>
      <trkpt lat="22.2257647973" lon="114.0086831490"><ele>145.000</ele></trkpt>
      <trkpt lat="22.2257833518" lon="114.0087190547"><ele>145.000</ele></trkpt>
      <trkpt lat="22.2257971193" lon="114.0087472687"><ele>145.000</ele></trkpt>
      <trkpt lat="22.2258108824" lon="114.0087703487"><ele>145.000</ele></trkpt>
      <trkpt lat="22.2258306157" lon="114.0087908561"><ele>144.000</ele></trkpt>
      <trkpt lat="22.2258515398" lon="114.0088075123"><ele>144.000</ele></trkpt>
      <trkpt lat="22.2258826222" lon="114.0088273641"><ele>146.000</ele></trkpt>
      <trkpt lat="22.2258969723" lon="114.0088408206"><ele>146.000</ele></trkpt>
      <trkpt lat="22.2259167116" lon="114.0088671021"><ele>146.000</ele></trkpt>
      <trkpt lat="22.2259466230" lon="114.0089100526"><ele>146.000</ele></trkpt>
      <trkpt lat="22.2259651585" lon="114.0089267108"><ele>143.000</ele></trkpt>
      <trkpt lat="22.2259896587" lon="114.0089363055"><ele>143.000</ele></trkpt>
      <trkpt lat="22.2260249070" lon="114.0089413965"><ele>143.000</ele></trkpt>
      <trkpt lat="22.2260535887" lon="114.0089503441"><ele>143.000</ele></trkpt>
      <trkpt lat="22.2260918382" lon="114.0089689051"><ele>146.000</ele></trkpt>
      <trkpt lat="22.2261133542" lon="114.0089797866"><ele>144.000</ele></trkpt>
      <trkpt lat="22.2261354591" lon="114.0089829679"><ele>144.000</ele></trkpt>
      <trkpt lat="22.2261527910" lon="114.0089919290"><ele>142.000</ele></trkpt>
      <trkpt lat="22.2261772998" lon="114.0090098643"><ele>142.000</ele></trkpt>
      <trkpt lat="22.2261994200" lon="114.0090278024"><ele>138.000</ele></trkpt>
      <trkpt lat="22.2262197345" lon="114.0090322691"><ele>138.000</ele></trkpt>
      <trkpt lat="22.2262454151" lon="114.0090271066"><ele>138.000</ele></trkpt>
      <trkpt lat="22.2262692961" lon="114.0090142457"><ele>140.000</ele></trkpt>
      <trkpt lat="22.2262854114" lon="114.0090020371"><ele>140.000</ele></trkpt>
      <trkpt lat="22.2262949507" lon="114.0089847025"><ele>140.000</ele></trkpt>
      <trkpt lat="22.2262961236" lon="114.0089635289"><ele>142.000</ele></trkpt>
      <trkpt lat="22.2262960964" lon="114.0089372239"><ele>142.000</ele></trkpt>
      <trkpt lat="22.2262877056" lon="114.0089096465"><ele>142.000</ele></trkpt>
      <trkpt lat="22.2262805026" lon="114.0088762926"><ele>144.000</ele></trkpt>
      <trkpt lat="22.2262762909" lon="114.0088467840"><ele>145.000</ele></trkpt>
      <trkpt lat="22.2262708891" lon="114.0088217695"><ele>146.000</ele></trkpt>
      <trkpt lat="22.2262547292" lon="114.0087916340"><ele>146.000</ele></trkpt>
      <trkpt lat="22.2262445553" lon="114.0087723984"><ele>148.000</ele></trkpt>
      <trkpt lat="22.2262415481" lon="114.0087531542"><ele>148.000</ele></trkpt>
      <trkpt lat="22.2262427229" lon="114.0087339051"><ele>148.000</ele></trkpt>
      <trkpt lat="22.2262474741" lon="114.0087069532"><ele>148.000</ele></trkpt>
      <trkpt lat="22.2262558027" lon="114.0086742230"><ele>148.000</ele></trkpt>
      <trkpt lat="22.2262659238" lon="114.0086414896"><ele>148.000</ele></trkpt>
      <trkpt lat="22.2262784491" lon="114.0086228690"><ele>148.000</ele></trkpt>
      <trkpt lat="22.2262987362" lon="114.0086016727"><ele>147.000</ele></trkpt>
      <trkpt lat="22.2263273803" lon="114.0085734091"><ele>150.000</ele></trkpt>
      <trkpt lat="22.2263518447" lon="114.0085483580"><ele>147.000</ele></trkpt>
      <trkpt lat="22.2263685597" lon="114.0085380721"><ele>147.000</ele></trkpt>
      <trkpt lat="22.2263799094" lon="114.0085380586"><ele>145.000</ele></trkpt>
      <trkpt lat="22.2263918574" lon="114.0085393276"><ele>145.000</ele></trkpt>
      <trkpt lat="22.2264050068" lon="114.0085470114"><ele>145.000</ele></trkpt>
      <trkpt lat="22.2264175666" lon="114.0085617523"><ele>145.000</ele></trkpt>
      <trkpt lat="22.2264337117" lon="114.0085784142"><ele>145.000</ele></trkpt>
      <trkpt lat="22.2264546398" lon="114.0085989203"><ele>142.000</ele></trkpt>
      <trkpt lat="22.2264875165" lon="114.0086213364"><ele>144.000</ele></trkpt>
      <trkpt lat="22.2265150109" lon="114.0086367016"><ele>144.000</ele></trkpt>
      <trkpt lat="22.2265347317" lon="114.0086450187"><ele>144.000</ele></trkpt>
      <trkpt lat="22.2265580300" lon="114.0086469163"><ele>144.000</ele></trkpt>
      <trkpt lat="22.2265819260" lon="114.0086494533"><ele>144.000</ele></trkpt>
      <trkpt lat="22.2266070196" lon="114.0086539153"><ele>145.000</ele></trkpt>
      <trkpt lat="22.2266428695" lon="114.0086634954"><ele>145.000</ele></trkpt>
      <trkpt lat="22.2266721490" lon="114.0086724433"><ele>144.000</ele></trkpt>
      <trkpt lat="22.2266906644" lon="114.0086704968"><ele>144.000</ele></trkpt>
      <trkpt lat="22.2267091744" lon="114.0086634164"><ele>144.000</ele></trkpt>
      <trkpt lat="22.2267288693" lon="114.0086467126"><ele>144.000</ele></trkpt>
      <trkpt lat="22.2267479507" lon="114.0086139684"><ele>144.000</ele></trkpt>
      <trkpt lat="22.2267604560" lon="114.0085761000"><ele>145.000</ele></trkpt>
      <trkpt lat="22.2267669882" lon="114.0085388799"><ele>145.000</ele></trkpt>
      <trkpt lat="22.2267735171" lon="114.0084984521"><ele>145.000</ele></trkpt>
      <trkpt lat="22.2267824289" lon="114.0084516062"><ele>144.000</ele></trkpt>
      <trkpt lat="22.2267937314" lon="114.0084060398"><ele>144.000</ele></trkpt>
      <trkpt lat="22.2268139827" lon="114.0083501976"><ele>144.000</ele></trkpt>
      <trkpt lat="22.2268312555" lon="114.0083020584"><ele>140.000</ele></trkpt>
      <trkpt lat="22.2268395882" lon="114.0082725356"><ele>138.000</ele></trkpt>
      <trkpt lat="22.2268413499" lon="114.0082436618"><ele>138.000</ele></trkpt>
      <trkpt lat="22.2268371342" lon="114.0082103043"><ele>138.000</ele></trkpt>
      <trkpt lat="22.2268287350" lon="114.0081756685"><ele>137.000</ele></trkpt>
      <trkpt lat="22.2268245265" lon="114.0081493683"><ele>144.000</ele></trkpt>
      <trkpt lat="22.2268292796" lon="114.0081243407"><ele>139.000</ele></trkpt>
      <trkpt lat="22.2268400035" lon="114.0080973815"><ele>139.000</ele></trkpt>
      <trkpt lat="22.2268573004" lon="114.0080716978"><ele>140.000</ele></trkpt>
      <trkpt lat="22.2268781867" lon="114.0080517829"><ele>138.000</ele></trkpt>
      <trkpt lat="22.2269044475" lon="114.0080305792"><ele>140.000</ele></trkpt>
      <trkpt lat="22.2269480279" lon="114.0080055051"><ele>138.000</ele></trkpt>
      <trkpt lat="22.2269778770" lon="114.0079881469"><ele>140.000</ele></trkpt>
      <trkpt lat="22.2270154842" lon="114.0079637211"><ele>141.000</ele></trkpt>
      <trkpt lat="22.2270453278" lon="114.0079418720"><ele>140.000</ele></trkpt>
      <trkpt lat="22.2270686002" lon="114.0079187465"><ele>140.000</ele></trkpt>
      <trkpt lat="22.2270858964" lon="114.0078924205"><ele>138.000</ele></trkpt>
      <trkpt lat="22.2271019843" lon="114.0078539066"><ele>138.000</ele></trkpt>
      <trkpt lat="22.2271198627" lon="114.0078134651"><ele>138.000</ele></trkpt>
      <trkpt lat="22.2271288009" lon="114.0077922822"><ele>139.000</ele></trkpt>
      <trkpt lat="22.2271401340" lon="114.0077762284"><ele>139.000</ele></trkpt>
      <trkpt lat="22.2271580348" lon="114.0077582423"><ele>136.000</ele></trkpt>
      <trkpt lat="22.2271741363" lon="114.0077319187"><ele>138.000</ele></trkpt>
      <trkpt lat="22.2272075349" lon="114.0076811926"><ele>138.000</ele></trkpt>
      <trkpt lat="22.2272278173" lon="114.0076555051"><ele>141.000</ele></trkpt>
      <trkpt lat="22.2272522884" lon="114.0076362279"><ele>136.000</ele></trkpt>
      <trkpt lat="22.2272976424" lon="114.0075938290"><ele>136.000</ele></trkpt>
      <trkpt lat="22.2273286775" lon="114.0075681276"><ele>135.000</ele></trkpt>
      <trkpt lat="22.2273489712" lon="114.0075533472"><ele>136.000</ele></trkpt>
      <trkpt lat="22.2273716553" lon="114.0075385630"><ele>137.000</ele></trkpt>
      <trkpt lat="22.2274038959" lon="114.0075231262"><ele>137.000</ele></trkpt>
      <trkpt lat="22.2274635987" lon="114.0074929004"><ele>144.000</ele></trkpt>
      <trkpt lat="22.2275161356" lon="114.0074652488"><ele>142.000</ele></trkpt>
      <trkpt lat="22.2275722447" lon="114.0074260435"><ele>140.000</ele></trkpt>
      <trkpt lat="22.2276056573" lon="114.0073887918"><ele>140.000</ele></trkpt>
      <trkpt lat="22.2276384714" lon="114.0073508986"><ele>142.000</ele></trkpt>
      <trkpt lat="22.2276736773" lon="114.0073142849"><ele>142.000</ele></trkpt>
      <trkpt lat="22.2277309562" lon="114.0072519824"><ele>140.000</ele></trkpt>
      <trkpt lat="22.2277631787" lon="114.0072192229"><ele>141.000</ele></trkpt>
      <trkpt lat="22.2277846733" lon="114.0072095731"><ele>140.000</ele></trkpt>
      <trkpt lat="22.2278073661" lon="114.0072031295"><ele>140.000</ele></trkpt>
      <trkpt lat="22.2278360337" lon="114.0071986041"><ele>139.000</ele></trkpt>
      <trkpt lat="22.2278718710" lon="114.0071959945"><ele>136.000</ele></trkpt>
      <trkpt lat="22.2278957599" lon="114.0071908327"><ele>136.000</ele></trkpt>
      <trkpt lat="22.2279184477" lon="114.0071805403"><ele>136.000</ele></trkpt>
      <trkpt lat="22.2279399377" lon="114.0071663995"><ele>136.000</ele></trkpt>
      <trkpt lat="22.2279584363" lon="114.0071484126"><ele>136.000</ele></trkpt>
      <trkpt lat="22.2279739445" lon="114.0071265804"><ele>136.000</ele></trkpt>
      <trkpt lat="22.2279864646" lon="114.0071041088"><ele>134.000</ele></trkpt>
      <trkpt lat="22.2279936098" lon="114.0070816445"><ele>134.000</ele></trkpt>
      <trkpt lat="22.2280019427" lon="114.0070534047"><ele>132.000</ele></trkpt>
      <trkpt lat="22.2280144483" lon="114.0070161770"><ele>134.000</ele></trkpt>
      <trkpt lat="22.2280352916" lon="114.0069552013"><ele>135.000</ele></trkpt>
      <trkpt lat="22.2280495775" lon="114.0069070642"><ele>134.000</ele></trkpt>
      <trkpt lat="22.2280608796" lon="114.0068614982"><ele>134.000</ele></trkpt>
      <trkpt lat="22.2280686223" lon="114.0068396743"><ele>134.000</ele></trkpt>
      <trkpt lat="22.2280775664" lon="114.0068242654"><ele>135.000</ele></trkpt>
      <trkpt lat="22.2280906971" lon="114.0068139844"><ele>131.000</ele></trkpt>
      <trkpt lat="22.2281080076" lon="114.0068024142"><ele>131.000</ele></trkpt>
      <trkpt lat="22.2281330843" lon="114.0067914777"><ele>131.000</ele></trkpt>
      <trkpt lat="22.2281575700" lon="114.0067863151"><ele>126.000</ele></trkpt>
      <trkpt lat="22.2281850436" lon="114.0067824322"><ele>124.000</ele></trkpt>
      <trkpt lat="22.2282089378" lon="114.0067824034"><ele>124.000</ele></trkpt>
      <trkpt lat="22.2282322315" lon="114.0067798087"><ele>122.000</ele></trkpt>
      <trkpt lat="22.2282632799" lon="114.0067669396"><ele>122.000</ele></trkpt>
      <trkpt lat="22.2282853735" lon="114.0067592144"><ele>120.000</ele></trkpt>
      <trkpt lat="22.2283050910" lon="114.0067643227"><ele>120.000</ele></trkpt>
      <trkpt lat="22.2283271939" lon="114.0067655793"><ele>118.000</ele></trkpt>
      <trkpt lat="22.2283540730" lon="114.0067649057"><ele>118.000</ele></trkpt>
      <trkpt lat="22.2283761809" lon="114.0067700111"><ele>118.000</ele></trkpt>
      <trkpt lat="22.2283952959" lon="114.0067706302"><ele>118.000</ele></trkpt>
      <trkpt lat="22.2284078336" lon="114.0067641988"><ele>118.000</ele></trkpt>
      <trkpt lat="22.2284155776" lon="114.0067436591"><ele>118.000</ele></trkpt>
      <trkpt lat="22.2284269113" lon="114.0067282472"><ele>116.000</ele></trkpt>
      <trkpt lat="22.2284466073" lon="114.0067128243"><ele>116.000</ele></trkpt>
      <trkpt lat="22.2284848112" lon="114.0066883981"><ele>116.000</ele></trkpt>
      <trkpt lat="22.2285068968" lon="114.0066729732"><ele>116.000</ele></trkpt>
      <trkpt lat="22.2285272013" lon="114.0066678156"><ele>116.000</ele></trkpt>
      <trkpt lat="22.2285451251" lon="114.0066710017"><ele>116.000</ele></trkpt>
      <trkpt lat="22.2285582779" lon="114.0066818931"><ele>116.000</ele></trkpt>
      <trkpt lat="22.2285738236" lon="114.0066959903"><ele>116.000</ele></trkpt>
      <trkpt lat="22.2285905573" lon="114.0067036687"><ele>116.000</ele></trkpt>
      <trkpt lat="22.2286126610" lon="114.0067055665"><ele>116.000</ele></trkpt>
      <trkpt lat="22.2286431223" lon="114.0067029641"><ele>115.000</ele></trkpt>
      <trkpt lat="22.2286753708" lon="114.0066952256"><ele>114.000</ele></trkpt>
      <trkpt lat="22.2287243337" lon="114.0066765606"><ele>114.000</ele></trkpt>
      <trkpt lat="22.2287649318" lon="114.0066566224"><ele>114.000</ele></trkpt>
      <trkpt lat="22.2288114924" lon="114.0066257687"><ele>112.000</ele></trkpt>
      <trkpt lat="22.2288455084" lon="114.0065949312"><ele>112.000</ele></trkpt>
      <trkpt lat="22.2288723649" lon="114.0065718018"><ele>112.000</ele></trkpt>
      <trkpt lat="22.2288932530" lon="114.0065538118"><ele>112.000</ele></trkpt>
      <trkpt lat="22.2289189171" lon="114.0065338916"><ele>113.000</ele></trkpt>
      <trkpt lat="22.2289457803" lon="114.0065171776"><ele>113.000</ele></trkpt>
      <trkpt lat="22.2289678712" lon="114.0065068847"><ele>112.000</ele></trkpt>
      <trkpt lat="22.2289851891" lon="114.0065023729"><ele>112.000</ele></trkpt>
      <trkpt lat="22.2290037046" lon="114.0064997840"><ele>113.000</ele></trkpt>
      <trkpt lat="22.2290305837" lon="114.0064991103"><ele>113.000</ele></trkpt>
      <trkpt lat="22.2290700088" lon="114.0064990627"><ele>113.000</ele></trkpt>
      <trkpt lat="22.2290939001" lon="114.0064971094"><ele>112.000</ele></trkpt>
      <trkpt lat="22.2291165940" lon="114.0064925901"><ele>114.000</ele></trkpt>
      <trkpt lat="22.2291362913" lon="114.0064784513"><ele>114.000</ele></trkpt>
      <trkpt lat="22.2291494155" lon="114.0064611127"><ele>114.000</ele></trkpt>
      <trkpt lat="22.2291547679" lon="114.0064386495"><ele>116.000</ele></trkpt>
      <trkpt lat="22.2291577254" lon="114.0064110580"><ele>116.000</ele></trkpt>
      <trkpt lat="22.2291559028" lon="114.0063815468"><ele>118.000</ele></trkpt>
      <trkpt lat="22.2291582533" lon="114.0063443310"><ele>120.000</ele></trkpt>
      <trkpt lat="22.2291665767" lon="114.0063071080"><ele>120.000</ele></trkpt>
      <trkpt lat="22.2291814663" lon="114.0062647449"><ele>118.000</ele></trkpt>
      <trkpt lat="22.2291945842" lon="114.0062422733"><ele>118.000</ele></trkpt>
      <trkpt lat="22.2292178442" lon="114.0062075987"><ele>120.000</ele></trkpt>
      <trkpt lat="22.2292387181" lon="114.0061761357"><ele>120.000</ele></trkpt>
      <trkpt lat="22.2292470556" lon="114.0061523865"><ele>122.000</ele></trkpt>
      <trkpt lat="22.2292541965" lon="114.0061260722"><ele>122.000</ele></trkpt>
      <trkpt lat="22.2292613412" lon="114.0061042489"><ele>124.000</ele></trkpt>
      <trkpt lat="22.2292762443" lon="114.0060747175"><ele>126.000</ele></trkpt>
      <trkpt lat="22.2292971060" lon="114.0060317050"><ele>124.000</ele></trkpt>
      <trkpt lat="22.2293066315" lon="114.0060015390"><ele>122.000</ele></trkpt>
      <trkpt lat="22.2293131604" lon="114.0059617515"><ele>122.000</ele></trkpt>
      <trkpt lat="22.2293137023" lon="114.0059084984"><ele>122.000</ele></trkpt>
      <trkpt lat="22.2293112669" lon="114.0058648730"><ele>122.000</ele></trkpt>
      <trkpt lat="22.2293040492" lon="114.0058180447"><ele>127.000</ele></trkpt>
      <trkpt lat="22.2293052183" lon="114.0057936630"><ele>126.000</ele></trkpt>
      <trkpt lat="22.2293147660" lon="114.0057846685"><ele>126.000</ele></trkpt>
      <trkpt lat="22.2293296925" lon="114.0057775929"><ele>126.000</ele></trkpt>
      <trkpt lat="22.2293505994" lon="114.0057775675"><ele>126.000</ele></trkpt>
      <trkpt lat="22.2293888453" lon="114.0057922783"><ele>127.000</ele></trkpt>
      <trkpt lat="22.2294223126" lon="114.0058082772"><ele>130.000</ele></trkpt>
      <trkpt lat="22.2294671366" lon="114.0058300375"><ele>132.000</ele></trkpt>
      <trkpt lat="22.2295059868" lon="114.0058518051"><ele>132.000</ele></trkpt>
      <trkpt lat="22.2295466361" lon="114.0058806271"><ele>130.000</ele></trkpt>
      <trkpt lat="22.2295848879" lon="114.0059017533"><ele>130.000</ele></trkpt>
      <trkpt lat="22.2296297091" lon="114.0059209471"><ele>129.000</ele></trkpt>
      <trkpt lat="22.2296769143" lon="114.0059356471"><ele>130.000</ele></trkpt>
      <trkpt lat="22.2297050032" lon="114.0059484449"><ele>130.000</ele></trkpt>
      <trkpt lat="22.2297205442" lon="114.0059580501"><ele>130.000</ele></trkpt>
      <trkpt lat="22.2297343021" lon="114.0059766395"><ele>130.000</ele></trkpt>
      <trkpt lat="22.2297540452" lon="114.0060061291"><ele>130.000</ele></trkpt>
      <trkpt lat="22.2297755829" lon="114.0060375418"><ele>129.000</ele></trkpt>
      <trkpt lat="22.2298013065" lon="114.0060734405"><ele>128.000</ele></trkpt>
      <trkpt lat="22.2298353925" lon="114.0061093281"><ele>128.000</ele></trkpt>
      <trkpt lat="22.2298700655" lon="114.0061349507"><ele>128.000</ele></trkpt>
      <trkpt lat="22.2299011442" lon="114.0061509526"><ele>128.000</ele></trkpt>
      <trkpt lat="22.2299340078" lon="114.0061605369"><ele>126.000</ele></trkpt>
      <trkpt lat="22.2299591019" lon="114.0061662808"><ele>128.000</ele></trkpt>
      <trkpt lat="22.2299913646" lon="114.0061720161"><ele>126.000</ele></trkpt>
      <trkpt lat="22.2300242215" lon="114.0061751850"><ele>126.000</ele></trkpt>
      <trkpt lat="22.2300421412" lon="114.0061745212"><ele>126.000</ele></trkpt>
      <trkpt lat="22.2300732138" lon="114.0061847498"><ele>126.000</ele></trkpt>
      <trkpt lat="22.2301072762" lon="114.0061981816"><ele>124.000</ele></trkpt>
      <trkpt lat="22.2301562740" lon="114.0062128795"><ele>122.000</ele></trkpt>
      <trkpt lat="22.2301933201" lon="114.0062237421"><ele>122.000</ele></trkpt>
      <trkpt lat="22.2302238005" lon="114.0062384615"><ele>122.000</ele></trkpt>
      <trkpt lat="22.2302590650" lon="114.0062589504"><ele>120.000</ele></trkpt>
      <trkpt lat="22.2302781856" lon="114.0062640594"><ele>120.000</ele></trkpt>
      <trkpt lat="22.2302931133" lon="114.0062589092"><ele>120.000</ele></trkpt>
      <trkpt lat="22.2303116185" lon="114.0062473382"><ele>121.000</ele></trkpt>
      <trkpt lat="22.2303378787" lon="114.0062248505"><ele>121.000</ele></trkpt>
      <trkpt lat="22.2303659290" lon="114.0062017184"><ele>122.000</ele></trkpt>
      <trkpt lat="22.2303963636" lon="114.0061728091"><ele>124.000</ele></trkpt>
      <trkpt lat="22.2304347783" lon="114.0061332437"><ele>127.000</ele></trkpt>
      <trkpt lat="22.2304411605" lon="114.0061223625"><ele>126.000</ele></trkpt>
      <trkpt lat="22.2304557039" lon="114.0060917226"><ele>127.000</ele></trkpt>
      <trkpt lat="22.2304693679" lon="114.0060664963"><ele>127.000</ele></trkpt>
      <trkpt lat="22.2304798206" lon="114.0060447464"><ele>129.000</ele></trkpt>
      <trkpt lat="22.2305025768" lon="114.0060007399"><ele>128.000</ele></trkpt>
      <trkpt lat="22.2305248851" lon="114.0059601871"><ele>128.000</ele></trkpt>
      <trkpt lat="22.2305335168" lon="114.0059414075"><ele>128.000</ele></trkpt>
      <trkpt lat="22.2305467202" lon="114.0059161914"><ele>128.000</ele></trkpt>
      <trkpt lat="22.2305494281" lon="114.0059063137"><ele>128.000</ele></trkpt>
      <trkpt lat="22.2305557047" lon="114.0058722500"><ele>128.000</ele></trkpt>
      <trkpt lat="22.2305656467" lon="114.0058371829"><ele>128.000</ele></trkpt>
      <trkpt lat="22.2305692419" lon="114.0058208925"><ele>128.000</ele></trkpt>
      <trkpt lat="22.2305696559" lon="114.0058110176"><ele>128.000</ele></trkpt>
      <trkpt lat="22.2305691458" lon="114.0057982048"><ele>128.000</ele></trkpt>
      <trkpt lat="22.2305672549" lon="114.0057863733"><ele>128.000</ele></trkpt>
      <trkpt lat="22.2305616734" lon="114.0057686391"><ele>128.000</ele></trkpt>
      <trkpt lat="22.2305551612" lon="114.0057504211"><ele>130.000</ele></trkpt>
      <trkpt lat="22.2305445072" lon="114.0057267956"><ele>130.000</ele></trkpt>
      <trkpt lat="22.2305361502" lon="114.0057061160"><ele>130.000</ele></trkpt>
      <trkpt lat="22.2305310308" lon="114.0056898654"><ele>130.000</ele></trkpt>
      <trkpt lat="22.2305235943" lon="114.0056686900"><ele>132.000</ele></trkpt>
      <trkpt lat="22.2305058831" lon="114.0056066231"><ele>134.000</ele></trkpt>
      <trkpt lat="22.2304984466" lon="114.0055854477"><ele>134.000</ele></trkpt>
      <trkpt lat="22.2304752884" lon="114.0055391884"><ele>137.000</ele></trkpt>
      <trkpt lat="22.2304646477" lon="114.0055195107"><ele>136.000</ele></trkpt>
      <trkpt lat="22.2304563255" lon="114.0055062321"><ele>136.000</ele></trkpt>
      <trkpt lat="22.2304498455" lon="114.0054929415"><ele>136.000</ele></trkpt>
      <trkpt lat="22.2304461109" lon="114.0054796477"><ele>136.000</ele></trkpt>
      <trkpt lat="22.2304395712" lon="114.0054525447"><ele>136.000</ele></trkpt>
      <trkpt lat="22.2304349245" lon="114.0054392519"><ele>136.000</ele></trkpt>
      <trkpt lat="22.2304318268" lon="114.0054339314"><ele>138.000</ele></trkpt>
      <trkpt lat="22.2304205799" lon="114.0054226730"><ele>136.000</ele></trkpt>
      <trkpt lat="22.2304118388" lon="114.0054130090"><ele>136.000</ele></trkpt>
      <trkpt lat="22.2303956948" lon="114.0053976302"><ele>136.000</ele></trkpt>
      <trkpt lat="22.2303771522" lon="114.0053745546"><ele>137.000</ele></trkpt>
      <trkpt lat="22.2303651866" lon="114.0053566042"><ele>137.000</ele></trkpt>
      <trkpt lat="22.2303574008" lon="114.0053373654"><ele>137.000</ele></trkpt>
      <trkpt lat="22.2303496137" lon="114.0053168443"><ele>136.000</ele></trkpt>
      <trkpt lat="22.2303436219" lon="114.0052988866"><ele>138.000</ele></trkpt>
      <trkpt lat="22.2303370363" lon="114.0052847794"><ele>138.000</ele></trkpt>
      <trkpt lat="22.2303286602" lon="114.0052725989"><ele>136.000</ele></trkpt>
      <trkpt lat="22.2303107154" lon="114.0052495226"><ele>136.000</ele></trkpt>
      <trkpt lat="22.2302957586" lon="114.0052270849"><ele>138.000</ele></trkpt>
      <trkpt lat="22.2302808030" lon="114.0052065725"><ele>138.000</ele></trkpt>
      <trkpt lat="22.2302520866" lon="114.0051649032"><ele>135.000</ele></trkpt>
      <trkpt lat="22.2302281581" lon="114.0051315689"><ele>132.000</ele></trkpt>
      <trkpt lat="22.2302167901" lon="114.0051142590"><ele>132.000</ele></trkpt>
      <trkpt lat="22.2302113993" lon="114.0051001504"><ele>132.000</ele></trkpt>
      <trkpt lat="22.2302071944" lon="114.0050776996"><ele>128.000</ele></trkpt>
      <trkpt lat="22.2302047866" lon="114.0050603797"><ele>128.000</ele></trkpt>
      <trkpt lat="22.2301987992" lon="114.0050475551"><ele>128.000</ele></trkpt>
      <trkpt lat="22.2301910189" lon="114.0050334485"><ele>128.000</ele></trkpt>
      <trkpt lat="22.2301784570" lon="114.0050161409"><ele>128.000</ele></trkpt>
      <trkpt lat="22.2301676841" lon="114.0049962647"><ele>128.000</ele></trkpt>
      <trkpt lat="22.2301569008" lon="114.0049674054"><ele>128.000</ele></trkpt>
      <trkpt lat="22.2301479107" lon="114.0049391862"><ele>128.000</ele></trkpt>
      <trkpt lat="22.2301425050" lon="114.0049109625"><ele>128.000</ele></trkpt>
      <trkpt lat="22.2301382966" lon="114.0048853030"><ele>128.000</ele></trkpt>
      <trkpt lat="22.2301376751" lon="114.0048628478"><ele>128.000</ele></trkpt>
      <trkpt lat="22.2301382498" lon="114.0048410333"><ele>126.000</ele></trkpt>
      <trkpt lat="22.2301430058" lon="114.0048192126"><ele>126.000</ele></trkpt>
      <trkpt lat="22.2301495473" lon="114.0047916156"><ele>131.000</ele></trkpt>
      <trkpt lat="22.2301566885" lon="114.0047665843"><ele>131.000</ele></trkpt>
      <trkpt lat="22.2301668102" lon="114.0047351340"><ele>124.000</ele></trkpt>
      <trkpt lat="22.2301787100" lon="114.0046908487"><ele>128.000</ele></trkpt>
      <trkpt lat="22.2301858480" lon="114.0046619676"><ele>128.000</ele></trkpt>
      <trkpt lat="22.2301935740" lon="114.0046247459"><ele>130.000</ele></trkpt>
      <trkpt lat="22.2301995116" lon="114.0045913753"><ele>132.000</ele></trkpt>
      <trkpt lat="22.2302042648" lon="114.0045669881"><ele>132.000</ele></trkpt>
      <trkpt lat="22.2302066319" lon="114.0045458125"><ele>133.000</ele></trkpt>
      <trkpt lat="22.2302054154" lon="114.0045252825"><ele>133.000</ele></trkpt>
      <trkpt lat="22.2302000102" lon="114.0044977010"><ele>134.000</ele></trkpt>
      <trkpt lat="22.2301874304" lon="114.0044643530"><ele>134.000</ele></trkpt>
      <trkpt lat="22.2301676856" lon="114.0044335803"><ele>134.000</ele></trkpt>
      <trkpt lat="22.2301449585" lon="114.0044066602"><ele>131.000</ele></trkpt>
      <trkpt lat="22.2301216377" lon="114.0043835916"><ele>131.000</ele></trkpt>
      <trkpt lat="22.2301007124" lon="114.0043662934"><ele>130.000</ele></trkpt>
      <trkpt lat="22.2300851713" lon="114.0043566892"><ele>126.000</ele></trkpt>
      <trkpt lat="22.2300684334" lon="114.0043451602"><ele>126.000</ele></trkpt>
      <trkpt lat="22.2300522904" lon="114.0043317069"><ele>126.000</ele></trkpt>
      <trkpt lat="22.2300361462" lon="114.0043163283"><ele>126.000</ele></trkpt>
      <trkpt lat="22.2300134209" lon="114.0042919748"><ele>124.000</ele></trkpt>
      <trkpt lat="22.2299883077" lon="114.0042682663"><ele>124.000</ele></trkpt>
      <trkpt lat="22.2299679787" lon="114.0042503262"><ele>124.000</ele></trkpt>
      <trkpt lat="22.2299554147" lon="114.0042310934"><ele>124.000</ele></trkpt>
      <trkpt lat="22.2299386624" lon="114.0042060924"><ele>123.000</ele></trkpt>
      <trkpt lat="22.2299183232" lon="114.0041785282"><ele>127.000</ele></trkpt>
      <trkpt lat="22.2298991844" lon="114.0041554536"><ele>127.000</ele></trkpt>
      <trkpt lat="22.2298710811" lon="114.0041291823"><ele>130.000</ele></trkpt>
      <trkpt lat="22.2298477636" lon="114.0041093215"><ele>127.000</ele></trkpt>
      <trkpt lat="22.2298268431" lon="114.0040965153"><ele>125.000</ele></trkpt>
      <trkpt lat="22.2297999482" lon="114.0040830743"><ele>124.000</ele></trkpt>
      <trkpt lat="22.2297736490" lon="114.0040677082"><ele>124.000</ele></trkpt>
      <trkpt lat="22.2297467500" lon="114.0040504184"><ele>124.000</ele></trkpt>
      <trkpt lat="22.2297306092" lon="114.0040382475"><ele>124.000</ele></trkpt>
      <trkpt lat="22.2297144636" lon="114.0040215856"><ele>124.000</ele></trkpt>
      <trkpt lat="22.2296995106" lon="114.0040036391"><ele>123.000</ele></trkpt>
      <trkpt lat="22.2296857525" lon="114.0039850499"><ele>123.000</ele></trkpt>
      <trkpt lat="22.2296690070" lon="114.0039664643"><ele>122.000</ele></trkpt>
      <trkpt lat="22.2296438881" lon="114.0039382640"><ele>123.000</ele></trkpt>
      <trkpt lat="22.2296307241" lon="114.0039171076"><ele>123.000</ele></trkpt>
      <trkpt lat="22.2296211418" lon="114.0038933802"><ele>123.000</ele></trkpt>
      <trkpt lat="22.2296121454" lon="114.0038593868"><ele>128.000</ele></trkpt>
      <trkpt lat="22.2295971746" lon="114.0038247587"><ele>126.000</ele></trkpt>
      <trkpt lat="22.2295804130" lon="114.0037901327"><ele>126.000</ele></trkpt>
      <trkpt lat="22.2295624618" lon="114.0037612835"><ele>131.000</ele></trkpt>
      <trkpt lat="22.2295439212" lon="114.0037394915"><ele>131.000</ele></trkpt>
      <trkpt lat="22.2295229950" lon="114.0037221935"><ele>132.000</ele></trkpt>
      <trkpt lat="22.2295026717" lon="114.0037087455"><ele>132.000</ele></trkpt>
      <trkpt lat="22.2294811526" lon="114.0036952980"><ele>132.000</ele></trkpt>
      <trkpt lat="22.2294596352" lon="114.0036824927"><ele>132.000</ele></trkpt>
      <trkpt lat="22.2294339343" lon="114.0036684092"><ele>132.000</ele></trkpt>
      <trkpt lat="22.2294189896" lon="114.0036575202"><ele>132.000</ele></trkpt>
      <trkpt lat="22.2294010519" lon="114.0036421439"><ele>132.000</ele></trkpt>
      <trkpt lat="22.2293819178" lon="114.0036235604"><ele>135.000</ele></trkpt>
      <trkpt lat="22.2293681601" lon="114.0036062546"><ele>135.000</ele></trkpt>
      <trkpt lat="22.2293466194" lon="114.0035716346"><ele>136.000</ele></trkpt>
      <trkpt lat="22.2293238878" lon="114.0035415080"><ele>136.000</ele></trkpt>
      <trkpt lat="22.2293071426" lon="114.0035222805"><ele>134.000</ele></trkpt>
      <trkpt lat="22.2292886086" lon="114.0035075471"><ele>136.000</ele></trkpt>
      <trkpt lat="22.2292694854" lon="114.0034992298"><ele>136.000</ele></trkpt>
      <trkpt lat="22.2292551408" lon="114.0034921889"><ele>136.000</ele></trkpt>
      <trkpt lat="22.2292431839" lon="114.0034825805"><ele>132.000</ele></trkpt>
      <trkpt lat="22.2292330180" lon="114.0034723268"><ele>132.000</ele></trkpt>
      <trkpt lat="22.2292216535" lon="114.0034575846"><ele>132.000</ele></trkpt>
      <trkpt lat="22.2292126782" lon="114.0034434806"><ele>132.000</ele></trkpt>
      <trkpt lat="22.2292037105" lon="114.0034364332"><ele>132.000</ele></trkpt>
      <trkpt lat="22.2291965388" lon="114.0034325932"><ele>132.000</ele></trkpt>
      <trkpt lat="22.2291851863" lon="114.0034300406"><ele>132.000</ele></trkpt>
      <trkpt lat="22.2291720401" lon="114.0034255658"><ele>132.000</ele></trkpt>
      <trkpt lat="22.2291642719" lon="114.0034230088"><ele>134.000</ele></trkpt>
      <trkpt lat="22.2291594860" lon="114.0034165983"><ele>134.000</ele></trkpt>
      <trkpt lat="22.2291558874" lon="114.0034031298"><ele>134.000</ele></trkpt>
      <trkpt lat="22.2291528777" lon="114.0033813189"><ele>134.000</ele></trkpt>
      <trkpt lat="22.2291492401" lon="114.0033312787"><ele>134.000</ele></trkpt>
      <trkpt lat="22.2291426092" lon="114.0032748268"><ele>136.000</ele></trkpt>
      <trkpt lat="22.2291365952" lon="114.0032363379"><ele>136.000</ele></trkpt>
      <trkpt lat="22.2291365760" lon="114.0032183731"><ele>136.000</ele></trkpt>
      <trkpt lat="22.2291377500" lon="114.0031997657"><ele>136.000</ele></trkpt>
      <trkpt lat="22.2291448768" lon="114.0031606196"><ele>134.000</ele></trkpt>
      <trkpt lat="22.2291466465" lon="114.0031400860"><ele>132.000</ele></trkpt>
      <trkpt lat="22.2291442374" lon="114.0031208409"><ele>132.000</ele></trkpt>
      <trkpt lat="22.2291400354" lon="114.0031022401"><ele>132.000</ele></trkpt>
      <trkpt lat="22.2291334476" lon="114.0030862087"><ele>132.000</ele></trkpt>
      <trkpt lat="22.2291220803" lon="114.0030688991"><ele>134.000</ele></trkpt>
      <trkpt lat="22.2291137060" lon="114.0030586442"><ele>134.000</ele></trkpt>
      <trkpt lat="22.2291035414" lon="114.0030496738"><ele>133.000</ele></trkpt>
      <trkpt lat="22.2290915873" lon="114.0030426310"><ele>133.000</ele></trkpt>
      <trkpt lat="22.2290760515" lon="114.0030381592"><ele>134.000</ele></trkpt>
      <trkpt lat="22.2290533489" lon="114.0030343374"><ele>134.000</ele></trkpt>
      <trkpt lat="22.2290330355" lon="114.0030311547"><ele>134.000</ele></trkpt>
      <trkpt lat="22.2290073448" lon="114.0030266954"><ele>135.000</ele></trkpt>
      <trkpt lat="22.2289726935" lon="114.0030209629"><ele>136.000</ele></trkpt>
      <trkpt lat="22.2289529770" lon="114.0030177796"><ele>136.000</ele></trkpt>
      <trkpt lat="22.2289296733" lon="114.0030101096"><ele>138.000</ele></trkpt>
      <trkpt lat="22.2289111441" lon="114.0029998663"><ele>136.000</ele></trkpt>
      <trkpt lat="22.2288973934" lon="114.0029883348"><ele>136.000</ele></trkpt>
      <trkpt lat="22.2288824389" lon="114.0029691052"><ele>138.000</ele></trkpt>
      <trkpt lat="22.2288722654" lon="114.0029517950"><ele>135.000</ele></trkpt>
      <trkpt lat="22.2288644698" lon="114.0029235747"><ele>135.000</ele></trkpt>
      <trkpt lat="22.2288620585" lon="114.0029024052"><ele>132.000</ele></trkpt>
      <trkpt lat="22.2288620386" lon="114.0028837983"><ele>132.000</ele></trkpt>
      <trkpt lat="22.2288661972" lon="114.0028626207"><ele>132.000</ele></trkpt>
      <trkpt lat="22.2288781006" lon="114.0028221854"><ele>130.000</ele></trkpt>
      <trkpt lat="22.2288888010" lon="114.0027740530"><ele>134.000</ele></trkpt>
      <trkpt lat="22.2289018909" lon="114.0027259167"><ele>132.000</ele></trkpt>
      <trkpt lat="22.2289096055" lon="114.0026784291"><ele>132.000</ele></trkpt>
      <trkpt lat="22.2289143420" lon="114.0026386448"><ele>131.000</ele></trkpt>
      <trkpt lat="22.2289125159" lon="114.0026065672"><ele>131.000</ele></trkpt>
      <trkpt lat="22.2289106959" lon="114.0025809050"><ele>131.000</ele></trkpt>
      <trkpt lat="22.2289017123" lon="114.0025591025"><ele>132.000</ele></trkpt>
      <trkpt lat="22.2288843629" lon="114.0025341016"><ele>136.000</ele></trkpt>
      <trkpt lat="22.2288634271" lon="114.0025071798"><ele>134.000</ele></trkpt>
      <trkpt lat="22.2288353208" lon="114.0024783435"><ele>138.000</ele></trkpt>
      <trkpt lat="22.2288030314" lon="114.0024469448"><ele>138.000</ele></trkpt>
      <trkpt lat="22.2287743266" lon="114.0024174670"><ele>136.000</ele></trkpt>
      <trkpt lat="22.2287486097" lon="114.0023886268"><ele>138.000</ele></trkpt>
      <trkpt lat="22.2287270736" lon="114.0023584990"><ele>135.000</ele></trkpt>
      <trkpt lat="22.2287115165" lon="114.0023341372"><ele>134.000</ele></trkpt>
      <trkpt lat="22.2286959567" lon="114.0023072097"><ele>132.000</ele></trkpt>
      <trkpt lat="22.2286839832" lon="114.0022822023"><ele>132.000</ele></trkpt>
      <trkpt lat="22.2286744061" lon="114.0022636082"><ele>132.000</ele></trkpt>
      <trkpt lat="22.2286678134" lon="114.0022430851"><ele>133.000</ele></trkpt>
      <trkpt lat="22.2286570303" lon="114.0022148685"><ele>133.000</ele></trkpt>
      <trkpt lat="22.2286408728" lon="114.0021872997"><ele>133.000</ele></trkpt>
      <trkpt lat="22.2286241189" lon="114.0021610149"><ele>133.000</ele></trkpt>
      <trkpt lat="22.2286061743" lon="114.0021385815"><ele>133.000</ele></trkpt>
      <trkpt lat="22.2285852475" lon="114.0021200015"><ele>130.000</ele></trkpt>
      <trkpt lat="22.2285685025" lon="114.0021020575"><ele>133.000</ele></trkpt>
      <trkpt lat="22.2285451876" lon="114.0020847637"><ele>133.000</ele></trkpt>
      <trkpt lat="22.2285003529" lon="114.0020527396"><ele>132.000</ele></trkpt>
      <trkpt lat="22.2284830124" lon="114.0020360796"><ele>134.000</ele></trkpt>
      <trkpt lat="22.2284680591" lon="114.0020181324"><ele>130.000</ele></trkpt>
      <trkpt lat="22.2284572886" lon="114.0020008231"><ele>130.000</ele></trkpt>
      <trkpt lat="22.2284477106" lon="114.0019822291"><ele>130.000</ele></trkpt>
      <trkpt lat="22.2284470943" lon="114.0019642651"><ele>130.000</ele></trkpt>
      <trkpt lat="22.2284596119" lon="114.0019392274"><ele>130.000</ele></trkpt>
      <trkpt lat="22.2284715248" lon="114.0019077750"><ele>130.000</ele></trkpt>
      <trkpt lat="22.2284834210" lon="114.0018609235"><ele>136.000</ele></trkpt>
      <trkpt lat="22.2284929602" lon="114.0018442302"><ele>137.000</ele></trkpt>
      <trkpt lat="22.2285049009" lon="114.0018377990"><ele>142.000</ele></trkpt>
      <trkpt lat="22.2285162476" lon="114.0018358605"><ele>142.000</ele></trkpt>
      <trkpt lat="22.2285580685" lon="114.0018415828"><ele>134.000</ele></trkpt>
      <trkpt lat="22.2286082556" lon="114.0018517867"><ele>134.000</ele></trkpt>
      <trkpt lat="22.2286542645" lon="114.0018639192"><ele>137.000</ele></trkpt>
      <trkpt lat="22.2287152105" lon="114.0018805251"><ele>136.000</ele></trkpt>
      <trkpt lat="22.2287701817" lon="114.0018945718"><ele>134.000</ele></trkpt>
      <trkpt lat="22.2288066257" lon="114.0019003018"><ele>134.000</ele></trkpt>
      <trkpt lat="22.2288323116" lon="114.0019002700"><ele>134.000</ele></trkpt>
      <trkpt lat="22.2288496321" lon="114.0018983231"><ele>134.000</ele></trkpt>
      <trkpt lat="22.2288693346" lon="114.0018893167"><ele>132.000</ele></trkpt>
      <trkpt lat="22.2288806703" lon="114.0018771121"><ele>132.000</ele></trkpt>
      <trkpt lat="22.2288908034" lon="114.0018559270"><ele>132.000</ele></trkpt>
      <trkpt lat="22.2289003274" lon="114.0018251187"><ele>129.000</ele></trkpt>
      <trkpt lat="22.2289122340" lon="114.0017878910"><ele>128.000</ele></trkpt>
      <trkpt lat="22.2289360734" lon="114.0017378168"><ele>130.000</ele></trkpt>
      <trkpt lat="22.2289748337" lon="114.0016755344"><ele>133.000</ele></trkpt>
      <trkpt lat="22.2290058451" lon="114.0016286590"><ele>135.000</ele></trkpt>
      <trkpt lat="22.2290237496" lon="114.0016138806"><ele>135.000</ele></trkpt>
      <trkpt lat="22.2290398699" lon="114.0016068030"><ele>134.000</ele></trkpt>
      <trkpt lat="22.2290625603" lon="114.0015984341"><ele>134.000</ele></trkpt>
      <trkpt lat="22.2290930188" lon="114.0015932631"><ele>134.000</ele></trkpt>
      <trkpt lat="22.2291407925" lon="114.0015803720"><ele>133.000</ele></trkpt>
      <trkpt lat="22.2291778149" lon="114.0015681354"><ele>132.000</ele></trkpt>
      <trkpt lat="22.2292160285" lon="114.0015533307"><ele>130.000</ele></trkpt>
      <trkpt lat="22.2292393173" lon="114.0015462443"><ele>130.000</ele></trkpt>
      <trkpt lat="22.2292530528" lon="114.0015436607"><ele>130.000</ele></trkpt>
      <trkpt lat="22.2292715718" lon="114.0015442798"><ele>129.000</ele></trkpt>
      <trkpt lat="22.2292882988" lon="114.0015455422"><ele>129.000</ele></trkpt>
      <trkpt lat="22.2293080068" lon="114.0015416679"><ele>128.000</ele></trkpt>
      <trkpt lat="22.2293283061" lon="114.0015326607"><ele>128.000</ele></trkpt>
      <trkpt lat="22.2293503953" lon="114.0015210838"><ele>126.000</ele></trkpt>
      <trkpt lat="22.2293862106" lon="114.0014973002"><ele>128.000</ele></trkpt>
      <trkpt lat="22.2294399267" lon="114.0014561715"><ele>127.000</ele></trkpt>
      <trkpt lat="22.2294882730" lon="114.0014208237"><ele>126.000</ele></trkpt>
      <trkpt lat="22.2295169239" lon="114.0014008978"><ele>126.000</ele></trkpt>
      <trkpt lat="22.2295330437" lon="114.0013925370"><ele>126.000</ele></trkpt>
      <trkpt lat="22.2295503649" lon="114.0013912331"><ele>126.000</ele></trkpt>
      <trkpt lat="22.2295730726" lon="114.0013989035"><ele>126.000</ele></trkpt>
      <trkpt lat="22.2296023578" lon="114.0014136233"><ele>126.000</ele></trkpt>
      <trkpt lat="22.2296388234" lon="114.0014386013"><ele>126.000</ele></trkpt>
      <trkpt lat="22.2296788660" lon="114.0014584409"><ele>124.000</ele></trkpt>
      <trkpt lat="22.2297153211" lon="114.0014744350"><ele>125.000</ele></trkpt>
      <trkpt lat="22.2297452096" lon="114.0014942882"><ele>125.000</ele></trkpt>
      <trkpt lat="22.2297804851" lon="114.0015243989"><ele>122.000</ele></trkpt>
      <trkpt lat="22.2297996106" lon="114.0015339992"><ele>122.000</ele></trkpt>
      <trkpt lat="22.2298193241" lon="114.0015352580"><ele>122.000</ele></trkpt>
      <trkpt lat="22.2298444124" lon="114.0015345856"><ele>124.000</ele></trkpt>
      <trkpt lat="22.2298736809" lon="114.0015339071"><ele>124.000</ele></trkpt>
      <trkpt lat="22.2299053392" lon="114.0015325845"><ele>124.000</ele></trkpt>
      <trkpt lat="22.2299340025" lon="114.0015242080"><ele>124.000</ele></trkpt>
      <trkpt lat="22.2299698231" lon="114.0015061985"><ele>124.000</ele></trkpt>
      <trkpt lat="22.2300002652" lon="114.0014849880"><ele>126.000</ele></trkpt>
      <trkpt lat="22.2300229492" lon="114.0014714859"><ele>126.000</ele></trkpt>
      <trkpt lat="22.2300396645" lon="114.0014618419"><ele>124.000</ele></trkpt>
      <trkpt lat="22.2300557840" lon="114.0014541222"><ele>124.000</ele></trkpt>
      <trkpt lat="22.2300820595" lon="114.0014463908"><ele>124.000</ele></trkpt>
      <trkpt lat="22.2301172921" lon="114.0014367229"><ele>122.000</ele></trkpt>
      <trkpt lat="22.2301519290" lon="114.0014289801"><ele>122.000</ele></trkpt>
      <trkpt lat="22.2301668547" lon="114.0014212628"><ele>120.000</ele></trkpt>
      <trkpt lat="22.2301835679" lon="114.0014096925"><ele>120.000</ele></trkpt>
      <trkpt lat="22.2302014777" lon="114.0014006882"><ele>120.000</ele></trkpt>
      <trkpt lat="22.2302205908" lon="114.0013987400"><ele>120.000</ele></trkpt>
      <trkpt lat="22.2302432840" lon="114.0013929365"><ele>120.000</ele></trkpt>
      <trkpt lat="22.2302623872" lon="114.0013826474"><ele>116.000</ele></trkpt>
      <trkpt lat="22.2302755175" lon="114.0013723658"><ele>116.000</ele></trkpt>
      <trkpt lat="22.2302850611" lon="114.0013588800"><ele>116.000</ele></trkpt>
      <trkpt lat="22.2302940012" lon="114.0013402627"><ele>115.000</ele></trkpt>
      <trkpt lat="22.2303035410" lon="114.0013242103"><ele>112.000</ele></trkpt>
      <trkpt lat="22.2303298100" lon="114.0013113457"><ele>112.000</ele></trkpt>
      <trkpt lat="22.2303578722" lon="114.0012991201"><ele>111.000</ele></trkpt>
      <trkpt lat="22.2303853332" lon="114.0012836875"><ele>110.000</ele></trkpt>
      <trkpt lat="22.2304157821" lon="114.0012688923"><ele>110.000</ele></trkpt>
      <trkpt lat="22.2304372741" lon="114.0012579591"><ele>108.000</ele></trkpt>
      <trkpt lat="22.2304521908" lon="114.0012419000"><ele>109.000</ele></trkpt>
      <trkpt lat="22.2304647108" lon="114.0012200705"><ele>109.000</ele></trkpt>
      <trkpt lat="22.2304712601" lon="114.0012001719"><ele>109.000</ele></trkpt>
      <trkpt lat="22.2304700445" lon="114.0011809261"><ele>109.000</ele></trkpt>
      <trkpt lat="22.2304652380" lon="114.0011546262"><ele>109.000</ele></trkpt>
      <trkpt lat="22.2304532544" lon="114.0011212777"><ele>109.000</ele></trkpt>
      <trkpt lat="22.2304424741" lon="114.0010949853"><ele>111.000</ele></trkpt>
      <trkpt lat="22.2304281165" lon="114.0010751138"><ele>110.000</ele></trkpt>
      <trkpt lat="22.2304077929" lon="114.0010616651"><ele>110.000</ele></trkpt>
      <trkpt lat="22.2303785054" lon="114.0010456620"><ele>112.000</ele></trkpt>
      <trkpt lat="22.2303486231" lon="114.0010315842"><ele>112.000</ele></trkpt>
      <trkpt lat="22.2303115710" lon="114.0010155898"><ele>116.000</ele></trkpt>
      <trkpt lat="22.2302882615" lon="114.0010034282"><ele>120.000</ele></trkpt>
      <trkpt lat="22.2302691331" lon="114.0009912623"><ele>120.000</ele></trkpt>
      <trkpt lat="22.2302464157" lon="114.0009746090"><ele>121.000</ele></trkpt>
      <trkpt lat="22.2302296701" lon="114.0009553816"><ele>120.000</ele></trkpt>
      <trkpt lat="22.2302147070" lon="114.0009284533"><ele>120.000</ele></trkpt>
      <trkpt lat="22.2302027319" lon="114.0009021624"><ele>123.000</ele></trkpt>
      <trkpt lat="22.2301937397" lon="114.0008726601"><ele>123.000</ele></trkpt>
      <trkpt lat="22.2301889330" lon="114.0008470014"><ele>121.000</ele></trkpt>
      <trkpt lat="22.2301895113" lon="114.0008290358"><ele>121.000</ele></trkpt>
      <trkpt lat="22.2301912864" lon="114.0008136351"><ele>119.000</ele></trkpt>
      <trkpt lat="22.2301990227" lon="114.0007866785"><ele>119.000</ele></trkpt>
      <trkpt lat="22.2302073498" lon="114.0007533047"><ele>120.000</ele></trkpt>
      <trkpt lat="22.2302162751" lon="114.0007218556"><ele>120.000</ele></trkpt>
      <trkpt lat="22.2302234096" lon="114.0006904078"><ele>120.000</ele></trkpt>
      <trkpt lat="22.2302287598" lon="114.0006666618"><ele>120.000</ele></trkpt>
      <trkpt lat="22.2302329118" lon="114.0006397097"><ele>120.000</ele></trkpt>
      <trkpt lat="22.2302334839" lon="114.0006159687"><ele>122.000</ele></trkpt>
      <trkpt lat="22.2302340572" lon="114.0005941542"><ele>122.000</ele></trkpt>
      <trkpt lat="22.2302310437" lon="114.0005691354"><ele>120.000</ele></trkpt>
      <trkpt lat="22.2302220585" lon="114.0005460495"><ele>120.000</ele></trkpt>
      <trkpt lat="22.2302130788" lon="114.0005280958"><ele>120.000</ele></trkpt>
      <trkpt lat="22.2301963302" lon="114.0005069440"><ele>123.000</ele></trkpt>
      <trkpt lat="22.2301873533" lon="114.0004915569"><ele>123.000</ele></trkpt>
      <trkpt lat="22.2301813630" lon="114.0004755238"><ele>123.000</ele></trkpt>
      <trkpt lat="22.2301789554" lon="114.0004588451"><ele>123.000</ele></trkpt>
      <trkpt lat="22.2301771408" lon="114.0004376747"><ele>123.000</ele></trkpt>
      <trkpt lat="22.2301735287" lon="114.0004120156"><ele>122.000</ele></trkpt>
      <trkpt lat="22.2301657277" lon="114.0003793031"><ele>121.000</ele></trkpt>
      <trkpt lat="22.2301561216" lon="114.0003350444"><ele>124.000</ele></trkpt>
      <trkpt lat="22.2301507004" lon="114.0002933479"><ele>123.000</ele></trkpt>
      <trkpt lat="22.2301464789" lon="114.0002561400"><ele>124.000</ele></trkpt>
      <trkpt lat="22.2301434639" lon="114.0002298380"><ele>124.000</ele></trkpt>
      <trkpt lat="22.2301392569" lon="114.0002061040"><ele>124.000</ele></trkpt>
      <trkpt lat="22.2301326602" lon="114.0001830142"><ele>124.000</ele></trkpt>
      <trkpt lat="22.2301218825" lon="114.0001592885"><ele>124.000</ele></trkpt>
      <trkpt lat="22.2301063272" lon="114.0001368520"><ele>123.000</ele></trkpt>
      <trkpt lat="22.2300889879" lon="114.0001214754"><ele>123.000</ele></trkpt>
      <trkpt lat="22.2300632874" lon="114.0001080346"><ele>124.000</ele></trkpt>
      <trkpt lat="22.2300292266" lon="114.0000965278"><ele>124.000</ele></trkpt>
      <trkpt lat="22.2299933802" lon="114.0000914405"><ele>125.000</ele></trkpt>
      <trkpt lat="22.2299521622" lon="114.0000895668"><ele>124.000</ele></trkpt>
      <trkpt lat="22.2299222951" lon="114.0000896042"><ele>124.000</ele></trkpt>
      <trkpt lat="22.2298840648" lon="114.0000896522"><ele>120.000</ele></trkpt>
      <trkpt lat="22.2298559966" lon="114.0000954626"><ele>124.000</ele></trkpt>
      <trkpt lat="22.2298434521" lon="114.0000954783"><ele>124.000</ele></trkpt>
      <trkpt lat="22.2298326911" lon="114.0000871510"><ele>118.000</ele></trkpt>
      <trkpt lat="22.2298225097" lon="114.0000627824"><ele>118.000</ele></trkpt>
      <trkpt lat="22.2298170954" lon="114.0000275015"><ele>118.000</ele></trkpt>
      <trkpt lat="22.2298146675" lon="113.9999922168"><ele>120.000</ele></trkpt>
      <trkpt lat="22.2298193893" lon="113.9999395994"><ele>120.000</ele></trkpt>
      <trkpt lat="22.2298330844" lon="113.9998998026"><ele>120.000</ele></trkpt>
      <trkpt lat="22.2298575385" lon="113.9998657674"><ele>122.000</ele></trkpt>
      <trkpt lat="22.2298965861" lon="113.9998208357"><ele>121.000</ele></trkpt>
      <trkpt lat="22.2299272809" lon="113.9997864668"><ele>120.000</ele></trkpt>
      <trkpt lat="22.2299567467" lon="113.9997521004"><ele>120.000</ele></trkpt>
      <trkpt lat="22.2299812953" lon="113.9997177401"><ele>117.000</ele></trkpt>
      <trkpt lat="22.2300009209" lon="113.9996781036"><ele>115.000</ele></trkpt>
      <trkpt lat="22.2300058050" lon="113.9996477294"><ele>114.000</ele></trkpt>
      <trkpt lat="22.2300020838" lon="113.9996173651"><ele>114.000</ele></trkpt>
      <trkpt lat="22.2300020378" lon="113.9995751129"><ele>112.000</ele></trkpt>
      <trkpt lat="22.2300143001" lon="113.9995473698"><ele>114.000</ele></trkpt>
      <trkpt lat="22.2300535886" lon="113.9995024279"><ele>116.000</ele></trkpt>
      <trkpt lat="22.2300879571" lon="113.9994548509"><ele>121.000</ele></trkpt>
      <trkpt lat="22.2301137189" lon="113.9994059646"><ele>122.000</ele></trkpt>
      <trkpt lat="22.2301333358" lon="113.9993584071"><ele>122.000</ele></trkpt>
      <trkpt lat="22.2301529498" lon="113.9993082074"><ele>120.000</ele></trkpt>
      <trkpt lat="22.2301590427" lon="113.9992593458"><ele>120.000</ele></trkpt>
      <trkpt lat="22.2301552883" lon="113.9991986134"><ele>114.000</ele></trkpt>
      <trkpt lat="22.2301466233" lon="113.9991431688"><ele>112.000</ele></trkpt>
      <trkpt lat="22.2301305864" lon="113.9990916948"><ele>110.000</ele></trkpt>
      <trkpt lat="22.2301219263" lon="113.9990415307"><ele>109.000</ele></trkpt>
      <trkpt lat="22.2301218844" lon="113.9990032399"><ele>108.000</ele></trkpt>
      <trkpt lat="22.2301316784" lon="113.9989662579"><ele>108.000</ele></trkpt>
      <trkpt lat="22.2301426985" lon="113.9989266320"><ele>108.000</ele></trkpt>
      <trkpt lat="22.2301586170" lon="113.9988698362"><ele>108.000</ele></trkpt>
      <trkpt lat="22.2301732877" lon="113.9987958763"><ele>108.000</ele></trkpt>
      <trkpt lat="22.2301805878" lon="113.9987272081"><ele>105.000</ele></trkpt>
      <trkpt lat="22.2301853922" lon="113.9986242127"><ele>100.000</ele></trkpt>
      <trkpt lat="22.2301938644" lon="113.9985027268"><ele>101.000</ele></trkpt>
      <trkpt lat="22.2301961864" lon="113.9983786083"><ele>104.000</ele></trkpt>
      <trkpt lat="22.2301960531" lon="113.9982571343"><ele>100.000</ele></trkpt>
      <trkpt lat="22.2302033250" lon="113.9981620584"><ele>102.000</ele></trkpt>
      <trkpt lat="22.2302093900" lon="113.9980881093"><ele>101.000</ele></trkpt>
      <trkpt lat="22.2302167241" lon="113.9980498092"><ele>98.000</ele></trkpt>
      <trkpt lat="22.2302252908" lon="113.9980154688"><ele>98.000</ele></trkpt>
      <trkpt lat="22.2302350962" lon="113.9979890487"><ele>96.000</ele></trkpt>
      <trkpt lat="22.2302522806" lon="113.9979652595"><ele>95.000</ele></trkpt>
      <trkpt lat="22.2302719369" lon="113.9979546725"><ele>98.000</ele></trkpt>
      <trkpt lat="22.2303100497" lon="113.9979585846"><ele>94.000</ele></trkpt>
      <trkpt lat="22.2303420263" lon="113.9979717483"><ele>94.000</ele></trkpt>
      <trkpt lat="22.2303617232" lon="113.9979981310"><ele>94.000</ele></trkpt>
      <trkpt lat="22.2303777498" lon="113.9980390419"><ele>95.000</ele></trkpt>
      <trkpt lat="22.2303974742" lon="113.9980905121"><ele>98.000</ele></trkpt>
      <trkpt lat="22.2304036765" lon="113.9981406784"><ele>100.000</ele></trkpt>
      <trkpt lat="22.2304061999" lon="113.9982000913"><ele>100.000</ele></trkpt>
      <trkpt lat="22.2304247019" lon="113.9982568447"><ele>102.000</ele></trkpt>
      <trkpt lat="22.2304505764" lon="113.9983109474"><ele>102.000</ele></trkpt>
      <trkpt lat="22.2304776668" lon="113.9983531655"><ele>99.000</ele></trkpt>
      <trkpt lat="22.2304936808" lon="113.9983835133"><ele>99.000</ele></trkpt>
      <trkpt lat="22.2305060220" lon="113.9984270702"><ele>98.000</ele></trkpt>
      <trkpt lat="22.2305097512" lon="113.9984653564"><ele>98.000</ele></trkpt>
      <trkpt lat="22.2305110391" lon="113.9985181702"><ele>98.000</ele></trkpt>
      <trkpt lat="22.2305172215" lon="113.9985511718"><ele>100.000</ele></trkpt>
      <trkpt lat="22.2305381512" lon="113.9985801943"><ele>94.000</ele></trkpt>
      <trkpt lat="22.2305664570" lon="113.9986092066"><ele>96.000</ele></trkpt>
      <trkpt lat="22.2305923068" lon="113.9986408632"><ele>99.000</ele></trkpt>
      <trkpt lat="22.2306206219" lon="113.9986791183"><ele>98.000</ele></trkpt>
      <trkpt lat="22.2306452324" lon="113.9987015336"><ele>100.000</ele></trkpt>
      <trkpt lat="22.2306882768" lon="113.9987186440"><ele>98.000</ele></trkpt>
      <trkpt lat="22.2307313102" lon="113.9987265124"><ele>98.000</ele></trkpt>
      <trkpt lat="22.2307780312" lon="113.9987330551"><ele>98.000</ele></trkpt>
      <trkpt lat="22.2308308917" lon="113.9987343085"><ele>98.000</ele></trkpt>
      <trkpt lat="22.2308862084" lon="113.9987329185"><ele>97.000</ele></trkpt>
      <trkpt lat="22.2309280055" lon="113.9987341858"><ele>92.000</ele></trkpt>
      <trkpt lat="22.2309661101" lon="113.9987314974"><ele>88.000</ele></trkpt>
      <trkpt lat="22.2310189759" lon="113.9987367112"><ele>92.000</ele></trkpt>
      <trkpt lat="22.2310583235" lon="113.9987459045"><ele>92.000</ele></trkpt>
      <trkpt lat="22.2311026013" lon="113.9987669748"><ele>91.000</ele></trkpt>
      <trkpt lat="22.2311382782" lon="113.9987920174"><ele>86.000</ele></trkpt>
      <trkpt lat="22.2311641380" lon="113.9988329162"><ele>85.000</ele></trkpt>
      <trkpt lat="22.2311764681" lon="113.9988672313"><ele>85.000</ele></trkpt>
      <trkpt lat="22.2311765186" lon="113.9989134442"><ele>87.000</ele></trkpt>
      <trkpt lat="22.2311765735" lon="113.9989636186"><ele>92.000</ele></trkpt>
      <trkpt lat="22.2311778675" lon="113.9990230343"><ele>92.000</ele></trkpt>
      <trkpt lat="22.2311865205" lon="113.9990665961"><ele>92.000</ele></trkpt>
      <trkpt lat="22.2312099149" lon="113.9991008973"><ele>92.000</ele></trkpt>
      <trkpt lat="22.2312406759" lon="113.9991272654"><ele>93.000</ele></trkpt>
      <trkpt lat="22.2312726804" lon="113.9991668374"><ele>94.000</ele></trkpt>
      <trkpt lat="22.2313219100" lon="113.9992195901"><ele>94.000</ele></trkpt>
      <trkpt lat="22.2313686661" lon="113.9992591435"><ele>92.000</ele></trkpt>
      <trkpt lat="22.2314289418" lon="113.9992960376"><ele>90.000</ele></trkpt>
      <trkpt lat="22.2315051851" lon="113.9993210294"><ele>92.000</ele></trkpt>
      <trkpt lat="22.2316035640" lon="113.9993539152"><ele>88.000</ele></trkpt>
      <trkpt lat="22.2316822678" lon="113.9993802240"><ele>90.000</ele></trkpt>
      <trkpt lat="22.2317351614" lon="113.9994118470"><ele>88.000</ele></trkpt>
      <trkpt lat="22.2317979091" lon="113.9994606225"><ele>85.000</ele></trkpt>
      <trkpt lat="22.2318532862" lon="113.9995146889"><ele>83.000</ele></trkpt>
      <trkpt lat="22.2318865198" lon="113.9995542586"><ele>86.000</ele></trkpt>
      <trkpt lat="22.2319099313" lon="113.9996044038"><ele>84.000</ele></trkpt>
      <trkpt lat="22.2319260083" lon="113.9996928506"><ele>84.000</ele></trkpt>
      <trkpt lat="22.2319334751" lon="113.9997760256"><ele>86.000</ele></trkpt>
      <trkpt lat="22.2319458524" lon="113.9998539129"><ele>86.000</ele></trkpt>
      <trkpt lat="22.2319705188" lon="113.9999278243"><ele>88.000</ele></trkpt>
      <trkpt lat="22.2319963740" lon="113.9999647631"><ele>85.000</ele></trkpt>
      <trkpt lat="22.2320332769" lon="113.9999871633"><ele>86.000</ele></trkpt>
      <trkpt lat="22.2320787735" lon="113.9999989896"><ele>84.000</ele></trkpt>
      <trkpt lat="22.2321267197" lon="114.0000028909"><ele>82.000</ele></trkpt>
      <trkpt lat="22.2321820402" lon="114.0000041417"><ele>82.000</ele></trkpt>
      <trkpt lat="22.2322877512" lon="113.9999974073"><ele>84.000</ele></trkpt>
      <trkpt lat="22.2323799430" lon="113.9999920091"><ele>82.000</ele></trkpt>
      <trkpt lat="22.2324586041" lon="113.9999800280"><ele>83.000</ele></trkpt>
      <trkpt lat="22.2325089764" lon="113.9999535568"><ele>82.000</ele></trkpt>
      <trkpt lat="22.2325556432" lon="113.9999112452"><ele>82.000</ele></trkpt>
      <trkpt lat="22.2325973909" lon="113.9998662996"><ele>83.000</ele></trkpt>
      <trkpt lat="22.2326624931" lon="113.9998200034"><ele>80.000</ele></trkpt>
      <trkpt lat="22.2327190073" lon="113.9997895638"><ele>72.000</ele></trkpt>
      <trkpt lat="22.2327607972" lon="113.9997842297"><ele>74.000</ele></trkpt>
      <trkpt lat="22.2328087477" lon="113.9997920914"><ele>78.000</ele></trkpt>
      <trkpt lat="22.2328591702" lon="113.9998118345"><ele>80.000</ele></trkpt>
      <trkpt lat="22.2329243457" lon="113.9998328792"><ele>78.000</ele></trkpt>
      <trkpt lat="22.2329649166" lon="113.9998367887"><ele>79.000</ele></trkpt>
      <trkpt lat="22.2330263766" lon="113.9998327511"><ele>79.000</ele></trkpt>
      <trkpt lat="22.2330829276" lon="113.9998353204"><ele>76.000</ele></trkpt>
      <trkpt lat="22.2331518004" lon="113.9998656036"><ele>81.000</ele></trkpt>
      <trkpt lat="22.2332477526" lon="113.9999275418"><ele>78.000</ele></trkpt>
      <trkpt lat="22.2332921944" lon="113.9999426675"><ele>76.000</ele></trkpt>
      <trkpt lat="22.2333216618" lon="113.9999528960"><ele>78.000</ele></trkpt>
      <trkpt lat="22.2333354201" lon="113.9999571370"><ele>78.000</ele></trkpt>
      <trkpt lat="22.2333521503" lon="113.9999621309"><ele>78.000</ele></trkpt>
      <trkpt lat="22.2333743988" lon="113.9999676417"><ele>76.000</ele></trkpt>
      <trkpt lat="22.2334067351" lon="113.9999736928"><ele>76.000</ele></trkpt>
      <trkpt lat="22.2334216382" lon="113.9999759633"><ele>71.000</ele></trkpt>
      <trkpt lat="22.2334324219" lon="113.9999769973"><ele>71.000</ele></trkpt>
      <trkpt lat="22.2334432117" lon="113.9999753154"><ele>71.000</ele></trkpt>
      <trkpt lat="22.2334505677" lon="113.9999716396"><ele>71.000</ele></trkpt>
      <trkpt lat="22.2334574785" lon="113.9999655005"><ele>68.000</ele></trkpt>
      <trkpt lat="22.2334623276" lon="113.9999568905"><ele>68.000</ele></trkpt>
      <trkpt lat="22.2334683239" lon="113.9999485313"><ele>68.000</ele></trkpt>
      <trkpt lat="22.2334756054" lon="113.9999427991"><ele>68.000</ele></trkpt>
      <trkpt lat="22.2334828162" lon="113.9999384833"><ele>67.000</ele></trkpt>
      <trkpt lat="22.2334984837" lon="113.9999328570"><ele>67.000</ele></trkpt>
      <trkpt lat="22.2335109406" lon="113.9999336203"><ele>64.000</ele></trkpt>
      <trkpt lat="22.2335295890" lon="113.9999345873"><ele>64.000</ele></trkpt>
      <trkpt lat="22.2335534832" lon="113.9999345573"><ele>60.000</ele></trkpt>
      <trkpt lat="22.2335630334" lon="113.9999281287"><ele>60.000</ele></trkpt>
      <trkpt lat="22.2336489141" lon="113.9998029053"><ele>55.000</ele></trkpt>
      <trkpt lat="22.2337192878" lon="113.9996988753"><ele>57.000</ele></trkpt>
      <trkpt lat="22.2338045699" lon="113.9995730111"><ele>57.000</ele></trkpt>
      <trkpt lat="22.2338671918" lon="113.9994824640"><ele>62.000</ele></trkpt>
      <trkpt lat="22.2339214639" lon="113.9994034763"><ele>58.000</ele></trkpt>
      <trkpt lat="22.2339512806" lon="113.9993572423"><ele>60.000</ele></trkpt>
      <trkpt lat="22.2339661991" lon="113.9993431080"><ele>60.000</ele></trkpt>
      <trkpt lat="22.2339859014" lon="113.9993341010"><ele>60.000</ele></trkpt>
      <trkpt lat="22.2340195855" lon="113.9993189789"><ele>69.000</ele></trkpt>
      <trkpt lat="22.2340615261" lon="113.9993044604"><ele>75.000</ele></trkpt>
      <trkpt lat="22.2340946624" lon="113.9992905088"><ele>76.000</ele></trkpt>
      <trkpt lat="22.2341220415" lon="113.9992523773"><ele>75.000</ele></trkpt>
      <trkpt lat="22.2341114849" lon="113.9992269319"><ele>75.000</ele></trkpt>
      <trkpt lat="22.2341100256" lon="113.9992245543"><ele>75.000</ele></trkpt>
      <trkpt lat="22.2341051268" lon="113.9992165715"><ele>75.000</ele></trkpt>
      <trkpt lat="22.2340957046" lon="113.9991970863"><ele>78.000</ele></trkpt>
      <trkpt lat="22.2340899556" lon="113.9991837753"><ele>78.000</ele></trkpt>
      <trkpt lat="22.2340846740" lon="113.9991684850"><ele>78.000</ele></trkpt>
      <trkpt lat="22.2340791528" lon="113.9991487524"><ele>78.000</ele></trkpt>
      <trkpt lat="22.2340743249" lon="113.9991354306"><ele>78.000</ele></trkpt>
      <trkpt lat="22.2340720315" lon="113.9991275376"><ele>78.000</ele></trkpt>
      <trkpt lat="22.2340712671" lon="113.9991188600"><ele>78.000</ele></trkpt>
      <trkpt lat="22.2340667206" lon="113.9991118283"><ele>76.000</ele></trkpt>
      <trkpt lat="22.2340629992" lon="113.9991053223"><ele>76.000</ele></trkpt>
      <trkpt lat="22.2340573235" lon="113.9990996598"><ele>76.000</ele></trkpt>
      <trkpt lat="22.2340491060" lon="113.9990942100"><ele>76.000</ele></trkpt>
      <trkpt lat="22.2340361973" lon="113.9990889766"><ele>76.000</ele></trkpt>
      <trkpt lat="22.2340301325" lon="113.9990858337"><ele>76.000</ele></trkpt>
      <trkpt lat="22.2340248483" lon="113.9990805907"><ele>76.000</ele></trkpt>
      <trkpt lat="22.2340166248" lon="113.9990696817"><ele>76.000</ele></trkpt>
      <trkpt lat="22.2340062142" lon="113.9990572138"><ele>72.000</ele></trkpt>
      <trkpt lat="22.2339918675" lon="113.9990476075"><ele>74.000</ele></trkpt>
      <trkpt lat="22.2339673687" lon="113.9990405807"><ele>74.000</ele></trkpt>
      <trkpt lat="22.2339476573" lon="113.9990412477"><ele>76.000</ele></trkpt>
      <trkpt lat="22.2339267512" lon="113.9990419152"><ele>76.000</ele></trkpt>
      <trkpt lat="22.2339022699" lon="113.9990509283"><ele>76.000</ele></trkpt>
      <trkpt lat="22.2338807708" lon="113.9990560887"><ele>76.000</ele></trkpt>
      <trkpt lat="22.2338616551" lon="113.9990548295"><ele>76.000</ele></trkpt>
      <trkpt lat="22.2338401421" lon="113.9990471577"><ele>74.000</ele></trkpt>
      <trkpt lat="22.2338192149" lon="113.9990285765"><ele>74.000</ele></trkpt>
      <trkpt lat="22.2337988925" lon="113.9990164121"><ele>70.000</ele></trkpt>
      <trkpt lat="22.2337833574" lon="113.9990125818"><ele>70.000</ele></trkpt>
      <trkpt lat="22.2337630468" lon="113.9990119653"><ele>68.000</ele></trkpt>
      <trkpt lat="22.2337337846" lon="113.9990184187"><ele>68.000</ele></trkpt>
      <trkpt lat="22.2337027347" lon="113.9990293656"><ele>72.000</ele></trkpt>
      <trkpt lat="22.2336734758" lon="113.9990396680"><ele>73.000</ele></trkpt>
      <trkpt lat="22.2336454222" lon="113.9990595933"><ele>73.000</ele></trkpt>
      <trkpt lat="22.2336173673" lon="113.9990775941"><ele>74.000</ele></trkpt>
      <trkpt lat="22.2335827290" lon="113.9990846955"><ele>74.000</ele></trkpt>
      <trkpt lat="22.2335504787" lon="113.9990905106"><ele>74.000</ele></trkpt>
      <trkpt lat="22.2335253900" lon="113.9990899010"><ele>72.000</ele></trkpt>
      <trkpt lat="22.2335002991" lon="113.9990873660"><ele>72.000</ele></trkpt>
      <trkpt lat="22.2334752025" lon="113.9990803399"><ele>70.000</ele></trkpt>
      <trkpt lat="22.2334405412" lon="113.9990656270"><ele>69.000</ele></trkpt>
      <trkpt lat="22.2333915267" lon="113.9990361737"><ele>69.000</ele></trkpt>
      <trkpt lat="22.2333562648" lon="113.9990188949"><ele>72.000</ele></trkpt>
      <trkpt lat="22.2333239830" lon="113.9989958370"><ele>72.000</ele></trkpt>
      <trkpt lat="22.2332928924" lon="113.9989695708"><ele>72.000</ele></trkpt>
      <trkpt lat="22.2332444540" lon="113.9989202270"><ele>74.000</ele></trkpt>
      <trkpt lat="22.2332007931" lon="113.9988695948"><ele>74.000</ele></trkpt>
      <trkpt lat="22.2331607185" lon="113.9988215238"><ele>76.000</ele></trkpt>
      <trkpt lat="22.2331254130" lon="113.9987644655"><ele>76.000</ele></trkpt>
      <trkpt lat="22.2330990288" lon="113.9986727477"><ele>74.000</ele></trkpt>
      <trkpt lat="22.2330750483" lon="113.9985932178"><ele>74.000</ele></trkpt>
      <trkpt lat="22.2330654490" lon="113.9985547326"><ele>74.000</ele></trkpt>
      <trkpt lat="22.2330630293" lon="113.9985271460"><ele>74.000</ele></trkpt>
      <trkpt lat="22.2330689712" lon="113.9984989077"><ele>74.000</ele></trkpt>
      <trkpt lat="22.2330766902" lon="113.9984565517"><ele>75.000</ele></trkpt>
      <trkpt lat="22.2330825992" lon="113.9983975160"><ele>74.000</ele></trkpt>
      <trkpt lat="22.2330825281" lon="113.9983327124"><ele>76.000</ele></trkpt>
      <trkpt lat="22.2330866445" lon="113.9982736790"><ele>75.000</ele></trkpt>
      <trkpt lat="22.2330889826" lon="113.9982268377"><ele>74.000</ele></trkpt>
      <trkpt lat="22.2330865677" lon="113.9982037432"><ele>74.000</ele></trkpt>
      <trkpt lat="22.2330805716" lon="113.9981825777"><ele>75.000</ele></trkpt>
      <trkpt lat="22.2330674060" lon="113.9981614202"><ele>75.000</ele></trkpt>
      <trkpt lat="22.2330506587" lon="113.9981409095"><ele>75.000</ele></trkpt>
      <trkpt lat="22.2330273356" lon="113.9981165582"><ele>74.000</ele></trkpt>
      <trkpt lat="22.2330093834" lon="113.9980877090"><ele>74.000</ele></trkpt>
      <trkpt lat="22.2329950156" lon="113.9980588543"><ele>70.000</ele></trkpt>
      <trkpt lat="22.2329908104" lon="113.9980370444"><ele>73.000</ele></trkpt>
      <trkpt lat="22.2329931701" lon="113.9980107350"><ele>73.000</ele></trkpt>
      <trkpt lat="22.2329990938" lon="113.9979651735"><ele>75.000</ele></trkpt>
      <trkpt lat="22.2330038260" lon="113.9979234625"><ele>78.000</ele></trkpt>
      <trkpt lat="22.2330103454" lon="113.9978759748"><ele>77.000</ele></trkpt>
      <trkpt lat="22.2330138781" lon="113.9978291320"><ele>76.000</ele></trkpt>
      <trkpt lat="22.2330144263" lon="113.9977848606"><ele>76.000</ele></trkpt>
      <trkpt lat="22.2330107883" lon="113.9977361025"><ele>78.000</ele></trkpt>
      <trkpt lat="22.2330077687" lon="113.9977059501"><ele>79.000</ele></trkpt>
      <trkpt lat="22.2330023574" lon="113.9976738762"><ele>79.000</ele></trkpt>
      <trkpt lat="22.2329981374" lon="113.9976385931"><ele>78.000</ele></trkpt>
      <trkpt lat="22.2329951140" lon="113.9976058741"><ele>77.000</ele></trkpt>
      <trkpt lat="22.2329863436" lon="113.9975847868"><ele>77.000</ele></trkpt>
      <trkpt lat="22.2329837888" lon="113.9975773987"><ele>77.000</ele></trkpt>
      <trkpt lat="22.2329784860" lon="113.9975675503"><ele>77.000</ele></trkpt>
      <trkpt lat="22.2329699563" lon="113.9975549996"><ele>74.000</ele></trkpt>
      <trkpt lat="22.2329653417" lon="113.9975468769"><ele>74.000</ele></trkpt>
      <trkpt lat="22.2329425245" lon="113.9975171173"><ele>74.000</ele></trkpt>
      <trkpt lat="22.2329310141" lon="113.9975040855"><ele>77.000</ele></trkpt>
      <trkpt lat="22.2329155678" lon="113.9974841620"><ele>77.000</ele></trkpt>
      <trkpt lat="22.2329024377" lon="113.9974681738"><ele>79.000</ele></trkpt>
      <trkpt lat="22.2328736302" lon="113.9974275773"><ele>80.000</ele></trkpt>
      <trkpt lat="22.2328549499" lon="113.9973985400"><ele>80.000</ele></trkpt>
      <trkpt lat="22.2328517189" lon="113.9973921421"><ele>80.000</ele></trkpt>
      <trkpt lat="22.2328406191" lon="113.9973665289"><ele>82.000</ele></trkpt>
      <trkpt lat="22.2328350820" lon="113.9973571755"><ele>82.000</ele></trkpt>
      <trkpt lat="22.2328180356" lon="113.9973357700"><ele>80.000</ele></trkpt>
      <trkpt lat="22.2328081381" lon="113.9973276734"><ele>80.000</ele></trkpt>
      <trkpt lat="22.2327996375" lon="113.9973252302"><ele>80.000</ele></trkpt>
      <trkpt lat="22.2327897654" lon="113.9973237877"><ele>80.000</ele></trkpt>
      <trkpt lat="22.2327743863" lon="113.9973238461"><ele>80.000</ele></trkpt>
      <trkpt lat="22.2327668107" lon="113.9973248646"><ele>78.000</ele></trkpt>
      <trkpt lat="22.2327518972" lon="113.9973296074"><ele>78.000</ele></trkpt>
      <trkpt lat="22.2327429621" lon="113.9973343233"><ele>78.000</ele></trkpt>
      <trkpt lat="22.2327301491" lon="113.9973430327"><ele>78.000</ele></trkpt>
      <trkpt lat="22.2327034229" lon="113.9973684806"><ele>78.000</ele></trkpt>
      <trkpt lat="22.2326635863" lon="113.9973876189"><ele>76.000</ele></trkpt>
      <trkpt lat="22.2325186080" lon="113.9972884663"><ele>66.000</ele></trkpt>
      <trkpt lat="22.2323387784" lon="113.9972704172"><ele>83.000</ele></trkpt>
      <trkpt lat="22.2322480556" lon="113.9972613116"><ele>89.000</ele></trkpt>
      <trkpt lat="22.2322360727" lon="113.9972619574"><ele>89.000</ele></trkpt>
      <trkpt lat="22.2322294042" lon="113.9972585224"><ele>86.000</ele></trkpt>
      <trkpt lat="22.2322204278" lon="113.9972504150"><ele>86.000</ele></trkpt>
      <trkpt lat="22.2322137447" lon="113.9972418100"><ele>86.000</ele></trkpt>
      <trkpt lat="22.2322065966" lon="113.9972292577"><ele>86.000</ele></trkpt>
      <trkpt lat="22.2321882880" lon="113.9971688893"><ele>80.000</ele></trkpt>
      <trkpt lat="22.2321746571" lon="113.9971410582"><ele>84.000</ele></trkpt>
      <trkpt lat="22.2321536977" lon="113.9971172134"><ele>86.000</ele></trkpt>
      <trkpt lat="22.2321347612" lon="113.9970770702"><ele>86.000</ele></trkpt>
      <trkpt lat="22.2321275882" lon="113.9970583488"><ele>86.000</ele></trkpt>
      <trkpt lat="22.2321192793" lon="113.9970413652"><ele>86.000</ele></trkpt>
      <trkpt lat="22.2321015386" lon="113.9970209501"><ele>88.000</ele></trkpt>
      <trkpt lat="22.2320888575" lon="113.9970027498"><ele>86.000</ele></trkpt>
      <trkpt lat="22.2320780320" lon="113.9969884757"><ele>86.000</ele></trkpt>
      <trkpt lat="22.2320577280" lon="113.9969530290"><ele>86.000</ele></trkpt>
      <trkpt lat="22.2320549491" lon="113.9969471253"><ele>86.000</ele></trkpt>
      <trkpt lat="22.2320520746" lon="113.9969381498"><ele>86.000</ele></trkpt>
      <trkpt lat="22.2320483795" lon="113.9969252662"><ele>86.000</ele></trkpt>
      <trkpt lat="22.2320448335" lon="113.9969125222"><ele>86.000</ele></trkpt>
      <trkpt lat="22.2320388427" lon="113.9968971312"><ele>86.000</ele></trkpt>
      <trkpt lat="22.2320280723" lon="113.9968804630"><ele>86.000</ele></trkpt>
      <trkpt lat="22.2320023559" lon="113.9968529074"><ele>86.000</ele></trkpt>
      <trkpt lat="22.2319880013" lon="113.9968362438"><ele>87.000</ele></trkpt>
      <trkpt lat="22.2319802082" lon="113.9968112300"><ele>87.000</ele></trkpt>
      <trkpt lat="22.2319736069" lon="113.9967836499"><ele>88.000</ele></trkpt>
      <trkpt lat="22.2319622281" lon="113.9967573583"><ele>88.000</ele></trkpt>
      <trkpt lat="22.2319418956" lon="113.9967362114"><ele>88.000</ele></trkpt>
      <trkpt lat="22.2319179737" lon="113.9967112191"><ele>88.000</ele></trkpt>
      <trkpt lat="22.2318964408" lon="113.9966849405"><ele>89.000</ele></trkpt>
      <trkpt lat="22.2318755155" lon="113.9966682853"><ele>89.000</ele></trkpt>
      <trkpt lat="22.2318444388" lon="113.9966548519"><ele>90.000</ele></trkpt>
      <trkpt lat="22.2317966264" lon="113.9966324558"><ele>92.000</ele></trkpt>
      <trkpt lat="22.2317332832" lon="113.9966100806"><ele>94.000</ele></trkpt>
      <trkpt lat="22.2316765092" lon="113.9965864136"><ele>96.000</ele></trkpt>
      <trkpt lat="22.2316376722" lon="113.9965768391"><ele>98.000</ele></trkpt>
      <trkpt lat="22.2315976430" lon="113.9965704747"><ele>100.000</ele></trkpt>
      <trkpt lat="22.2315719550" lon="113.9965685822"><ele>100.000</ele></trkpt>
      <trkpt lat="22.2315498541" lon="113.9965692526"><ele>102.000</ele></trkpt>
      <trkpt lat="22.2314608629" lon="113.9965802738"><ele>102.000</ele></trkpt>
      <trkpt lat="22.2313587208" lon="113.9965836122"><ele>102.000</ele></trkpt>
      <trkpt lat="22.2313246761" lon="113.9965868634"><ele>102.000</ele></trkpt>
      <trkpt lat="22.2312798552" lon="113.9965689556"><ele>102.000</ele></trkpt>
      <trkpt lat="22.2312470003" lon="113.9965677153"><ele>102.000</ele></trkpt>
      <trkpt lat="22.2311657643" lon="113.9965703848"><ele>100.000</ele></trkpt>
      <trkpt lat="22.2310630104" lon="113.9965602508"><ele>100.000</ele></trkpt>
      <trkpt lat="22.2309793602" lon="113.9965398262"><ele>101.000</ele></trkpt>
      <trkpt lat="22.2309052444" lon="113.9964988586"><ele>102.000</ele></trkpt>
      <trkpt lat="22.2308550077" lon="113.9964450277"><ele>102.000</ele></trkpt>
      <trkpt lat="22.2308071300" lon="113.9963629635"><ele>104.000</ele></trkpt>
      <trkpt lat="22.2307616324" lon="113.9962731975"><ele>106.000</ele></trkpt>
      <trkpt lat="22.2307065937" lon="113.9961988423"><ele>106.000</ele></trkpt>
      <trkpt lat="22.2306395894" lon="113.9961065374"><ele>106.000</ele></trkpt>
      <trkpt lat="22.2305869297" lon="113.9960219130"><ele>108.000</ele></trkpt>
      <trkpt lat="22.2305318938" lon="113.9959501236"><ele>111.000</ele></trkpt>
      <trkpt lat="22.2304529712" lon="113.9958834989"><ele>114.000</ele></trkpt>
      <trkpt lat="22.2303621067" lon="113.9958220209"><ele>118.000</ele></trkpt>
      <trkpt lat="22.2302593298" lon="113.9957913560"><ele>121.000</ele></trkpt>
      <trkpt lat="22.2301661358" lon="113.9957837770"><ele>124.000</ele></trkpt>
      <trkpt lat="22.2300824970" lon="113.9957736191"><ele>130.000</ele></trkpt>
      <trkpt lat="22.2300083924" lon="113.9957429175"><ele>128.000</ele></trkpt>
      <trkpt lat="22.2299175222" lon="113.9956763076"><ele>128.000</ele></trkpt>
      <trkpt lat="22.2298017799" lon="113.9956358095"><ele>128.000</ele></trkpt>
      <trkpt lat="22.2297847777" lon="113.9956299727"><ele>128.000</ele></trkpt>
      <trkpt lat="22.2297732841" lon="113.9956240997"><ele>128.000</ele></trkpt>
      <trkpt lat="22.2297479904" lon="113.9956089327"><ele>128.000</ele></trkpt>
      <trkpt lat="22.2297355763" lon="113.9956035653"><ele>128.000</ele></trkpt>
      <trkpt lat="22.2297236356" lon="113.9956016407"><ele>128.000</ele></trkpt>
      <trkpt lat="22.2296969849" lon="113.9955923923"><ele>128.000</ele></trkpt>
      <trkpt lat="22.2296831976" lon="113.9955865320"><ele>128.000</ele></trkpt>
      <trkpt lat="22.2296726257" lon="113.9955811525"><ele>128.000</ele></trkpt>
      <trkpt lat="22.2296579173" lon="113.9955753031"><ele>128.000</ele></trkpt>
      <trkpt lat="22.2296445933" lon="113.9955719059"><ele>128.000</ele></trkpt>
      <trkpt lat="22.2296303459" lon="113.9955665506"><ele>128.000</ele></trkpt>
      <trkpt lat="22.2296179296" lon="113.9955592044"><ele>128.000</ele></trkpt>
      <trkpt lat="22.2296045900" lon="113.9955499001"><ele>130.000</ele></trkpt>
      <trkpt lat="22.2295774428" lon="113.9955327665"><ele>130.000</ele></trkpt>
      <trkpt lat="22.2295654860" lon="113.9955244401"><ele>128.000</ele></trkpt>
      <trkpt lat="22.2295535094" lon="113.9955146297"><ele>128.000</ele></trkpt>
      <trkpt lat="22.2295420148" lon="113.9955077770"><ele>128.000</ele></trkpt>
      <trkpt lat="22.2295296001" lon="113.9955019149"><ele>128.000</ele></trkpt>
      <trkpt lat="22.2295271215" lon="113.9955013439"><ele>128.000</ele></trkpt>
      <trkpt lat="22.2293832318" lon="113.9954296462"><ele>129.000</ele></trkpt>
      <trkpt lat="22.2293530638" lon="113.9954002561"><ele>129.000</ele></trkpt>
      <trkpt lat="22.2292769207" lon="113.9953386057"><ele>133.000</ele></trkpt>
      <trkpt lat="22.2292071839" lon="113.9952963562"><ele>132.000</ele></trkpt>
      <trkpt lat="22.2291473232" lon="113.9952590603"><ele>134.000</ele></trkpt>
      <trkpt lat="22.2290962312" lon="113.9952217240"><ele>138.000</ele></trkpt>
      <trkpt lat="22.2290363975" lon="113.9952094049"><ele>140.000</ele></trkpt>
      <trkpt lat="22.2290328560" lon="113.9952073240"><ele>140.000</ele></trkpt>
      <trkpt lat="22.2290126378" lon="113.9952005020"><ele>140.000</ele></trkpt>
      <trkpt lat="22.2290029785" lon="113.9951956161"><ele>140.000</ele></trkpt>
      <trkpt lat="22.2289896529" lon="113.9951907446"><ele>142.000</ele></trkpt>
      <trkpt lat="22.2289786199" lon="113.9951848808"><ele>142.000</ele></trkpt>
      <trkpt lat="22.2289680379" lon="113.9951785121"><ele>142.000</ele></trkpt>
      <trkpt lat="22.2289574660" lon="113.9951731424"><ele>142.000</ele></trkpt>
      <trkpt lat="22.2289446009" lon="113.9951682606"><ele>142.000</ele></trkpt>
      <trkpt lat="22.2289335594" lon="113.9951628915"><ele>142.000</ele></trkpt>
      <trkpt lat="22.2289257424" lon="113.9951579935"><ele>142.000</ele></trkpt>
      <trkpt lat="22.2289160687" lon="113.9951481802"><ele>142.000</ele></trkpt>
      <trkpt lat="22.2289077681" lon="113.9951388501"><ele>143.000</ele></trkpt>
      <trkpt lat="22.2288994653" lon="113.9951275509"><ele>143.000</ele></trkpt>
      <trkpt lat="22.2288837702" lon="113.9951034674"><ele>144.000</ele></trkpt>
      <trkpt lat="22.2288639353" lon="113.9950759556"><ele>146.000</ele></trkpt>
      <trkpt lat="22.2288570035" lon="113.9950631706"><ele>146.000</ele></trkpt>
      <trkpt lat="22.2288491511" lon="113.9950508816"><ele>146.000</ele></trkpt>
      <trkpt lat="22.2288302524" lon="113.9950287906"><ele>146.000</ele></trkpt>
      <trkpt lat="22.2288127649" lon="113.9950170281"><ele>146.000</ele></trkpt>
      <trkpt lat="22.2288026418" lon="113.9950091941"><ele>146.000</ele></trkpt>
      <trkpt lat="22.2287828444" lon="113.9949910424"><ele>146.000</ele></trkpt>
      <trkpt lat="22.2287630250" lon="113.9949694377"><ele>146.000</ele></trkpt>
      <trkpt lat="22.2287547217" lon="113.9949576439"><ele>146.000</ele></trkpt>
      <trkpt lat="22.2287496220" lon="113.9949438672"><ele>145.000</ele></trkpt>
      <trkpt lat="22.2287417702" lon="113.9949320728"><ele>145.000</ele></trkpt>
      <trkpt lat="22.2287376045" lon="113.9949217480"><ele>145.000</ele></trkpt>
      <trkpt lat="22.2287154796" lon="113.9948976923"><ele>146.000</ele></trkpt>
      <trkpt lat="22.2286905707" lon="113.9948633002"><ele>146.000</ele></trkpt>
      <trkpt lat="22.2286693691" lon="113.9948412123"><ele>146.000</ele></trkpt>
      <trkpt lat="22.2286583344" lon="113.9948338645"><ele>148.000</ele></trkpt>
      <trkpt lat="22.2286472918" lon="113.9948275061"><ele>148.000</ele></trkpt>
      <trkpt lat="22.2286362460" lon="113.9948181893"><ele>148.000</ele></trkpt>
      <trkpt lat="22.2286265604" lon="113.9948059123"><ele>148.000</ele></trkpt>
      <trkpt lat="22.2286155038" lon="113.9947951114"><ele>148.000</ele></trkpt>
      <trkpt lat="22.2286062906" lon="113.9947852976"><ele>148.000</ele></trkpt>
      <trkpt lat="22.2285924813" lon="113.9947759940"><ele>148.000</ele></trkpt>
      <trkpt lat="22.2285786934" lon="113.9947696391"><ele>148.000</ele></trkpt>
      <trkpt lat="22.2285727113" lon="113.9947662132"><ele>148.000</ele></trkpt>
      <trkpt lat="22.2285671891" lon="113.9947622919"><ele>147.000</ele></trkpt>
      <trkpt lat="22.2285487632" lon="113.9947431589"><ele>148.000</ele></trkpt>
      <trkpt lat="22.2285367968" lon="113.9947343379"><ele>148.000</ele></trkpt>
      <trkpt lat="22.2285105572" lon="113.9947132557"><ele>148.000</ele></trkpt>
      <trkpt lat="22.2284990614" lon="113.9947054138"><ele>148.000</ele></trkpt>
      <trkpt lat="22.2284870966" lon="113.9946980769"><ele>148.000</ele></trkpt>
      <trkpt lat="22.2284507725" lon="113.9946795005"><ele>148.000</ele></trkpt>
      <trkpt lat="22.2284231748" lon="113.9946633474"><ele>148.000</ele></trkpt>
      <trkpt lat="22.2283933048" lon="113.9946398594"><ele>150.000</ele></trkpt>
      <trkpt lat="22.2283640017" lon="113.9946103842"><ele>151.000</ele></trkpt>
      <trkpt lat="22.2283263260" lon="113.9945719369"><ele>152.000</ele></trkpt>
      <trkpt lat="22.2282778920" lon="113.9945277303"><ele>154.000</ele></trkpt>
      <trkpt lat="22.2282444069" lon="113.9944976184"><ele>154.000</ele></trkpt>
      <trkpt lat="22.2282097228" lon="113.9944630170"><ele>156.000</ele></trkpt>
      <trkpt lat="22.2281756442" lon="113.9944367557"><ele>156.000</ele></trkpt>
      <trkpt lat="22.2281529255" lon="113.9944188213"><ele>156.000</ele></trkpt>
      <trkpt lat="22.2281331897" lon="113.9943976735"><ele>157.000</ele></trkpt>
      <trkpt lat="22.2281086770" lon="113.9943784583"><ele>158.000</ele></trkpt>
      <trkpt lat="22.2280871557" lon="113.9943637291"><ele>158.000</ele></trkpt>
      <trkpt lat="22.2280710042" lon="113.9943425776"><ele>160.000</ele></trkpt>
      <trkpt lat="22.2280482687" lon="113.9943105275"><ele>160.000</ele></trkpt>
      <trkpt lat="22.2280321200" lon="113.9942919425"><ele>160.000</ele></trkpt>
      <trkpt lat="22.2280147773" lon="113.9942740003"><ele>161.000</ele></trkpt>
      <trkpt lat="22.2279914586" lon="113.9942541404"><ele>162.000</ele></trkpt>
      <trkpt lat="22.2279598620" lon="113.9942331079"><ele>162.000</ele></trkpt>
      <trkpt lat="22.2279377740" lon="113.9942179178"><ele>165.000</ele></trkpt>
      <trkpt lat="22.2279276615" lon="113.9942115583"><ele>165.000</ele></trkpt>
      <trkpt lat="22.2279014084" lon="113.9941865381"><ele>165.000</ele></trkpt>
      <trkpt lat="22.2278884821" lon="113.9941673690"><ele>166.000</ele></trkpt>
      <trkpt lat="22.2278783224" lon="113.9941511450"><ele>166.000</ele></trkpt>
      <trkpt lat="22.2278603216" lon="113.9941246108"><ele>166.000</ele></trkpt>
      <trkpt lat="22.2278469566" lon="113.9941088953"><ele>166.000</ele></trkpt>
      <trkpt lat="22.2278363611" lon="113.9940985984"><ele>166.000</ele></trkpt>
      <trkpt lat="22.2278179491" lon="113.9940838885"><ele>166.000</ele></trkpt>
      <trkpt lat="22.2278078147" lon="113.9940740759"><ele>166.000</ele></trkpt>
      <trkpt lat="22.2277926311" lon="113.9940632999"><ele>166.000</ele></trkpt>
      <trkpt lat="22.2277788336" lon="113.9940564602"><ele>166.000</ele></trkpt>
      <trkpt lat="22.2277650479" lon="113.9940520744"><ele>166.000</ele></trkpt>
      <trkpt lat="22.2277512740" lon="113.9940501621"><ele>168.000</ele></trkpt>
      <trkpt lat="22.2277393316" lon="113.9940467633"><ele>168.000</ele></trkpt>
      <trkpt lat="22.2277232628" lon="113.9940438742"><ele>168.000</ele></trkpt>
      <trkpt lat="22.2277090177" lon="113.9940404881"><ele>170.000</ele></trkpt>
      <trkpt lat="22.2276938498" lon="113.9940357065"><ele>170.000</ele></trkpt>
      <trkpt lat="22.2276483984" lon="113.9940195089"><ele>172.000</ele></trkpt>
      <trkpt lat="22.2276373760" lon="113.9940150904"><ele>172.000</ele></trkpt>
      <trkpt lat="22.2276199317" lon="113.9940097007"><ele>172.000</ele></trkpt>
      <trkpt lat="22.2275942296" lon="113.9940008686"><ele>172.000</ele></trkpt>
      <trkpt lat="22.2275786229" lon="113.9939994048"><ele>172.000</ele></trkpt>
      <trkpt lat="22.2275602636" lon="113.9939994286"><ele>172.000</ele></trkpt>
      <trkpt lat="22.2275281438" lon="113.9940014489"><ele>174.000</ele></trkpt>
      <trkpt lat="22.2275033604" lon="113.9939985227"><ele>174.000</ele></trkpt>
      <trkpt lat="22.2274923397" lon="113.9939955883"><ele>174.000</ele></trkpt>
      <trkpt lat="22.2274721433" lon="113.9939921614"><ele>174.000</ele></trkpt>
      <trkpt lat="22.2274592910" lon="113.9939907037"><ele>174.000</ele></trkpt>
      <trkpt lat="22.2274427701" lon="113.9939872818"><ele>174.000</ele></trkpt>
      <trkpt lat="22.2274280857" lon="113.9939868062"><ele>175.000</ele></trkpt>
      <trkpt lat="22.2274121341" lon="113.9939837327"><ele>175.000</ele></trkpt>
      <trkpt lat="22.2273794237" lon="113.9939745508"><ele>180.000</ele></trkpt>
      <trkpt lat="22.2273449856" lon="113.9939627814"><ele>182.000</ele></trkpt>
      <trkpt lat="22.2273344317" lon="113.9939573730"><ele>182.000</ele></trkpt>
      <trkpt lat="22.2273266270" lon="113.9939554141"><ele>182.000</ele></trkpt>
      <trkpt lat="22.2272981521" lon="113.9939382052"><ele>183.000</ele></trkpt>
      <trkpt lat="22.2272834599" lon="113.9939308331"><ele>182.000</ele></trkpt>
      <trkpt lat="22.2272628007" lon="113.9939254476"><ele>182.000</ele></trkpt>
      <trkpt lat="22.2272481136" lon="113.9939225082"><ele>182.000</ele></trkpt>
      <trkpt lat="22.2272315786" lon="113.9939146439"><ele>182.000</ele></trkpt>
      <trkpt lat="22.2272155144" lon="113.9939077684"><ele>181.000</ele></trkpt>
      <trkpt lat="22.2271976095" lon="113.9939023792"><ele>181.000</ele></trkpt>
      <trkpt lat="22.2271824590" lon="113.9938969768"><ele>181.000</ele></trkpt>
      <trkpt lat="22.2271663891" lon="113.9938930597"><ele>183.000</ele></trkpt>
      <trkpt lat="22.2271480231" lon="113.9938871667"><ele>183.000</ele></trkpt>
      <trkpt lat="22.2271301216" lon="113.9938847263"><ele>174.000</ele></trkpt>
      <trkpt lat="22.2271186438" lon="113.9938768651"><ele>177.000</ele></trkpt>
      <trkpt lat="22.2271080742" lon="113.9938655400"><ele>177.000</ele></trkpt>
      <trkpt lat="22.2270970380" lon="113.9938488032"><ele>177.000</ele></trkpt>
      <trkpt lat="22.2270818798" lon="113.9938365141"><ele>174.000</ele></trkpt>
      <trkpt lat="22.2270497394" lon="113.9938202897"><ele>185.000</ele></trkpt>
      <trkpt lat="22.2270368766" lon="113.9938094719"><ele>185.000</ele></trkpt>
      <trkpt lat="22.2270244711" lon="113.9937956953"><ele>193.000</ele></trkpt>
      <trkpt lat="22.2269791832" lon="113.9936465108"><ele>194.000</ele></trkpt>
      <trkpt lat="22.2269123403" lon="113.9934662939"><ele>196.000</ele></trkpt>
      <trkpt lat="22.2269033056" lon="113.9934419352"><ele>198.000</ele></trkpt>
      <trkpt lat="22.2268374459" lon="113.9932986519"><ele>192.000</ele></trkpt>
      <trkpt lat="22.2268165914" lon="113.9932481541"><ele>193.000</ele></trkpt>
      <trkpt lat="22.2268066872" lon="113.9932023366"><ele>206.000</ele></trkpt>
      <trkpt lat="22.2268055534" lon="113.9931659066"><ele>206.000</ele></trkpt>
      <trkpt lat="22.2268131676" lon="113.9931271179"><ele>196.000</ele></trkpt>
      <trkpt lat="22.2268623526" lon="113.9930107562"><ele>198.000</ele></trkpt>
      <trkpt lat="22.2269210973" lon="113.9928592502"><ele>199.000</ele></trkpt>
      <trkpt lat="22.2269331033" lon="113.9928310379"><ele>199.000</ele></trkpt>
      <trkpt lat="22.2269560621" lon="113.9928016280"><ele>196.000</ele></trkpt>
      <trkpt lat="22.2269864212" lon="113.9927758942"><ele>196.000</ele></trkpt>
      <trkpt lat="22.2270323640" lon="113.9927394124"><ele>199.000</ele></trkpt>
      <trkpt lat="22.2270438471" lon="113.9927279228"><ele>202.000</ele></trkpt>
      <trkpt lat="22.2270566932" lon="113.9927239583"><ele>202.000</ele></trkpt>
      <trkpt lat="22.2270677095" lon="113.9927229546"><ele>202.000</ele></trkpt>
      <trkpt lat="22.2270924901" lon="113.9927234169"><ele>201.000</ele></trkpt>
      <trkpt lat="22.2271154465" lon="113.9927317577"><ele>201.000</ele></trkpt>
      <trkpt lat="22.2271269238" lon="113.9927391338"><ele>203.000</ele></trkpt>
      <trkpt lat="22.2271407022" lon="113.9927450325"><ele>203.000</ele></trkpt>
      <trkpt lat="22.2271540094" lon="113.9927494479"><ele>203.000</ele></trkpt>
      <trkpt lat="22.2271719131" lon="113.9927538572"><ele>203.000</ele></trkpt>
      <trkpt lat="22.2271879798" lon="113.9927548159"><ele>203.000</ele></trkpt>
      <trkpt lat="22.2272233145" lon="113.9927528007"><ele>202.000</ele></trkpt>
      <trkpt lat="22.2272398271" lon="113.9927488315"><ele>202.000</ele></trkpt>
      <trkpt lat="22.2272737791" lon="113.9927379430"><ele>201.000</ele></trkpt>
      <trkpt lat="22.2272916722" lon="113.9927329923"><ele>201.000</ele></trkpt>
      <trkpt lat="22.2273132291" lon="113.9927255730"><ele>200.000</ele></trkpt>
      <trkpt lat="22.2273306617" lon="113.9927206229"><ele>204.000</ele></trkpt>
      <trkpt lat="22.2273499247" lon="113.9927132067"><ele>204.000</ele></trkpt>
      <trkpt lat="22.2273861716" lon="113.9927032949"><ele>204.000</ele></trkpt>
      <trkpt lat="22.2274045169" lon="113.9926988382"><ele>204.000</ele></trkpt>
      <trkpt lat="22.2274453591" lon="113.9926958265"><ele>206.000</ele></trkpt>
      <trkpt lat="22.2274637173" lon="113.9926948131"><ele>206.000</ele></trkpt>
      <trkpt lat="22.2274843704" lon="113.9926947862"><ele>206.000</ele></trkpt>
      <trkpt lat="22.2275022585" lon="113.9926932788"><ele>206.000</ele></trkpt>
      <trkpt lat="22.2275233688" lon="113.9926902928"><ele>206.000</ele></trkpt>
      <trkpt lat="22.2275444774" lon="113.9926858326"><ele>206.000</ele></trkpt>
      <trkpt lat="22.2275609894" lon="113.9926813686"><ele>206.000</ele></trkpt>
      <trkpt lat="22.2275967702" lon="113.9926665397"><ele>208.000</ele></trkpt>
      <trkpt lat="22.2276155738" lon="113.9926601134"><ele>208.000</ele></trkpt>
      <trkpt lat="22.2276352968" lon="113.9926522018"><ele>203.000</ele></trkpt>
      <trkpt lat="22.2276527233" lon="113.9926418296"><ele>203.000</ele></trkpt>
      <trkpt lat="22.2276673926" lon="113.9926289973"><ele>203.000</ele></trkpt>
      <trkpt lat="22.2276779355" lon="113.9926166650"><ele>206.000</ele></trkpt>
      <trkpt lat="22.2276866367" lon="113.9926048201"><ele>206.000</ele></trkpt>
      <trkpt lat="22.2277003922" lon="113.9925905146"><ele>206.000</ele></trkpt>
      <trkpt lat="22.2277081847" lon="113.9925816390"><ele>206.000</ele></trkpt>
      <trkpt lat="22.2277122966" lon="113.9925683257"><ele>206.000</ele></trkpt>
      <trkpt lat="22.2277141142" lon="113.9925545305"><ele>206.000</ele></trkpt>
      <trkpt lat="22.2277095149" lon="113.9925441871"><ele>204.000</ele></trkpt>
      <trkpt lat="22.2277053711" lon="113.9925372960"><ele>204.000</ele></trkpt>
      <trkpt lat="22.2276966503" lon="113.9925318854"><ele>204.000</ele></trkpt>
      <trkpt lat="22.2276897986" lon="113.9925293055"><ele>204.000</ele></trkpt>
      <trkpt lat="22.2276840647" lon="113.9925282519"><ele>204.000</ele></trkpt>
      <trkpt lat="22.2276775393" lon="113.9925267734"><ele>206.000</ele></trkpt>
      <trkpt lat="22.2276716049" lon="113.9925225357"><ele>206.000</ele></trkpt>
      <trkpt lat="22.2276658636" lon="113.9925148999"><ele>206.000</ele></trkpt>
      <trkpt lat="22.2276577501" lon="113.9925066299"><ele>206.000</ele></trkpt>
      <trkpt lat="22.2276481117" lon="113.9925002777"><ele>206.000</ele></trkpt>
      <trkpt lat="22.2276325699" lon="113.9924906740"><ele>206.000</ele></trkpt>
      <trkpt lat="22.2276140460" lon="113.9924849241"><ele>210.000</ele></trkpt>
      <trkpt lat="22.2275985100" lon="113.9924804535"><ele>210.000</ele></trkpt>
      <trkpt lat="22.2275859627" lon="113.9924779034"><ele>210.000</ele></trkpt>
      <trkpt lat="22.2275728234" lon="113.9924798449"><ele>212.000</ele></trkpt>
      <trkpt lat="22.2275608797" lon="113.9924824271"><ele>212.000</ele></trkpt>
      <trkpt lat="22.2275471427" lon="113.9924843704"><ele>212.000</ele></trkpt>
      <trkpt lat="22.2275381825" lon="113.9924843821"><ele>212.000</ele></trkpt>
      <trkpt lat="22.2275280224" lon="113.9924799035"><ele>212.000</ele></trkpt>
      <trkpt lat="22.2275154657" lon="113.9924683716"><ele>214.000</ele></trkpt>
      <trkpt lat="22.2275052962" lon="113.9924555533"><ele>214.000</ele></trkpt>
      <trkpt lat="22.2274957362" lon="113.9924529993"><ele>214.000</ele></trkpt>
      <trkpt lat="22.2274885684" lon="113.9924536508"><ele>214.000</ele></trkpt>
      <trkpt lat="22.2274766254" lon="113.9924568740"><ele>215.000</ele></trkpt>
      <trkpt lat="22.2274575175" lon="113.9924633143"><ele>215.000</ele></trkpt>
      <trkpt lat="22.2274473669" lon="113.9924671774"><ele>215.000</ele></trkpt>
      <trkpt lat="22.2274413078" lon="113.9924596729"><ele>215.000</ele></trkpt>
      <trkpt lat="22.2274331719" lon="113.9924427306"><ele>216.000</ele></trkpt>
      <trkpt lat="22.2274272954" lon="113.9924306294"><ele>218.000</ele></trkpt>
      <trkpt lat="22.2274237260" lon="113.9924261470"><ele>218.000</ele></trkpt>
      <trkpt lat="22.2274171494" lon="113.9924210226"><ele>218.000</ele></trkpt>
      <trkpt lat="22.2274075885" lon="113.9924184686"><ele>218.000</ele></trkpt>
      <trkpt lat="22.2273980328" lon="113.9924197643"><ele>218.000</ele></trkpt>
      <trkpt lat="22.2273854912" lon="113.9924223472"><ele>218.000</ele></trkpt>
      <trkpt lat="22.2273741461" lon="113.9924255697"><ele>218.000</ele></trkpt>
      <trkpt lat="22.2273622014" lon="113.9924281518"><ele>218.000</ele></trkpt>
      <trkpt lat="22.2273520466" lon="113.9924275240"><ele>218.000</ele></trkpt>
      <trkpt lat="22.2273418886" lon="113.9924256119"><ele>220.000</ele></trkpt>
      <trkpt lat="22.2273341160" lon="113.9924185647"><ele>220.000</ele></trkpt>
      <trkpt lat="22.2273317134" lon="113.9924070195"><ele>220.000</ele></trkpt>
      <trkpt lat="22.2273287132" lon="113.9923948330"><ele>220.000</ele></trkpt>
      <trkpt lat="22.2273221287" lon="113.9923826511"><ele>220.000</ele></trkpt>
      <trkpt lat="22.2273125604" lon="113.9923736818"><ele>220.000</ele></trkpt>
      <trkpt lat="22.2273011991" lon="113.9923634316"><ele>222.000</ele></trkpt>
      <trkpt lat="22.2272886417" lon="113.9923512576"><ele>222.000</ele></trkpt>
      <trkpt lat="22.2272784780" lon="113.9923435714"><ele>222.000</ele></trkpt>
      <trkpt lat="22.2272671224" lon="113.9923384542"><ele>222.000</ele></trkpt>
      <trkpt lat="22.2272557707" lon="113.9923359026"><ele>222.000</ele></trkpt>
      <trkpt lat="22.2272468091" lon="113.9923346310"><ele>222.000</ele></trkpt>
      <trkpt lat="22.2272384458" lon="113.9923346420"><ele>222.000</ele></trkpt>
      <trkpt lat="22.2272282930" lon="113.9923365796"><ele>222.000</ele></trkpt>
      <trkpt lat="22.2272181411" lon="113.9923385183"><ele>222.000</ele></trkpt>
      <trkpt lat="22.2272055966" lon="113.9923385347"><ele>224.000</ele></trkpt>
      <trkpt lat="22.2271948395" lon="113.9923346990"><ele>224.000</ele></trkpt>
      <trkpt lat="22.2271882624" lon="113.9923282914"><ele>226.000</ele></trkpt>
      <trkpt lat="22.2271858625" lon="113.9923199538"><ele>226.000</ele></trkpt>
      <trkpt lat="22.2271840577" lon="113.9923084079"><ele>226.000</ele></trkpt>
      <trkpt lat="22.2271834448" lon="113.9922942939"><ele>226.000</ele></trkpt>
      <trkpt lat="22.2271864094" lon="113.9922750422"><ele>228.000</ele></trkpt>
      <trkpt lat="22.2271875918" lon="113.9922641334"><ele>228.000</ele></trkpt>
      <trkpt lat="22.2271857825" lon="113.9922493799"><ele>228.000</ele></trkpt>
      <trkpt lat="22.2271803958" lon="113.9922391218"><ele>228.000</ele></trkpt>
      <trkpt lat="22.2271726194" lon="113.9922295081"><ele>228.000</ele></trkpt>
      <trkpt lat="22.2271594662" lon="113.9922199014"><ele>230.000</ele></trkpt>
      <trkpt lat="22.2271439289" lon="113.9922135055"><ele>230.000</ele></trkpt>
      <trkpt lat="22.2271307793" lon="113.9922071074"><ele>230.000</ele></trkpt>
      <trkpt lat="22.2271224111" lon="113.9922019854"><ele>230.000</ele></trkpt>
      <trkpt lat="22.2271134334" lon="113.9921865990"><ele>232.000</ele></trkpt>
      <trkpt lat="22.2271032581" lon="113.9921686478"><ele>232.000</ele></trkpt>
      <trkpt lat="22.2270900926" lon="113.9921474928"><ele>232.000</ele></trkpt>
      <trkpt lat="22.2270799151" lon="113.9921276172"><ele>232.000</ele></trkpt>
      <trkpt lat="22.2270739320" lon="113.9921186423"><ele>234.000</ele></trkpt>
      <trkpt lat="22.2270661636" lon="113.9921160859"><ele>234.000</ele></trkpt>
      <trkpt lat="22.2270560087" lon="113.9921160992"><ele>234.000</ele></trkpt>
      <trkpt lat="22.2270458574" lon="113.9921193212"><ele>234.000</ele></trkpt>
      <trkpt lat="22.2270351127" lon="113.9921257505"><ele>234.000</ele></trkpt>
      <trkpt lat="22.2270237703" lon="113.9921321816"><ele>234.000</ele></trkpt>
      <trkpt lat="22.2270094429" lon="113.9921398989"><ele>234.000</ele></trkpt>
      <trkpt lat="22.2270022811" lon="113.9921450413"><ele>234.000</ele></trkpt>
      <trkpt lat="22.2269933216" lon="113.9921456942"><ele>234.000</ele></trkpt>
      <trkpt lat="22.2269873457" lon="113.9921437776"><ele>234.000</ele></trkpt>
      <trkpt lat="22.2269801693" lon="113.9921360885"><ele>236.000</ele></trkpt>
      <trkpt lat="22.2269682028" lon="113.9921194229"><ele>236.000</ele></trkpt>
      <trkpt lat="22.2269526500" lon="113.9921001954"><ele>236.000</ele></trkpt>
      <trkpt lat="22.2269436811" lon="113.9920925077"><ele>236.000</ele></trkpt>
      <trkpt lat="22.2269323308" lon="113.9920912393"><ele>238.000</ele></trkpt>
      <trkpt lat="22.2269209840" lon="113.9920938207"><ele>237.000</ele></trkpt>
      <trkpt lat="22.2269054604" lon="113.9921002573"><ele>237.000</ele></trkpt>
      <trkpt lat="22.2268917272" lon="113.9921047661"><ele>238.000</ele></trkpt>
      <trkpt lat="22.2268815722" lon="113.9921047795"><ele>238.000</ele></trkpt>
      <trkpt lat="22.2268738053" lon="113.9921035064"><ele>238.000</ele></trkpt>
      <trkpt lat="22.2268672251" lon="113.9920951744"><ele>238.000</ele></trkpt>
      <trkpt lat="22.2268594363" lon="113.9920746535"><ele>240.000</ele></trkpt>
      <trkpt lat="22.2268474591" lon="113.9920477229"><ele>241.000</ele></trkpt>
      <trkpt lat="22.2268336951" lon="113.9920259266"><ele>242.000</ele></trkpt>
      <trkpt lat="22.2268145588" lon="113.9920073461"><ele>242.000</ele></trkpt>
      <trkpt lat="22.2267858646" lon="113.9919881359"><ele>244.000</ele></trkpt>
      <trkpt lat="22.2267613603" lon="113.9919766197"><ele>246.000</ele></trkpt>
      <trkpt lat="22.2267368570" lon="113.9919651036"><ele>246.000</ele></trkpt>
      <trkpt lat="22.2267147415" lon="113.9919529422"><ele>246.000</ele></trkpt>
      <trkpt lat="22.2266956089" lon="113.9919375693"><ele>248.000</ele></trkpt>
      <trkpt lat="22.2266770696" lon="113.9919183458"><ele>248.000</ele></trkpt>
      <trkpt lat="22.2266561364" lon="113.9918959179"><ele>249.000</ele></trkpt>
      <trkpt lat="22.2266206979" lon="113.9918765459"><ele>250.000</ele></trkpt>
      <trkpt lat="22.2266110476" lon="113.9918716409"><ele>250.000</ele></trkpt>
      <trkpt lat="22.2266036995" lon="113.9918662285"><ele>250.000</ele></trkpt>
      <trkpt lat="22.2265990973" lon="113.9918613071"><ele>250.000</ele></trkpt>
      <trkpt lat="22.2265954134" lon="113.9918539209"><ele>250.000</ele></trkpt>
      <trkpt lat="22.2265917177" lon="113.9918440710"><ele>252.000</ele></trkpt>
      <trkpt lat="22.2265894031" lon="113.9918337247"><ele>252.000</ele></trkpt>
      <trkpt lat="22.2265857079" lon="113.9918243598"><ele>252.000</ele></trkpt>
      <trkpt lat="22.2265824717" lon="113.9918135296"><ele>252.000</ele></trkpt>
      <trkpt lat="22.2265745995" lon="113.9917760707"><ele>256.000</ele></trkpt>
      <trkpt lat="22.2265717692" lon="113.9917410785"><ele>258.000</ele></trkpt>
      <trkpt lat="22.2265643581" lon="113.9917041233"><ele>260.000</ele></trkpt>
      <trkpt lat="22.2265588174" lon="113.9916918122"><ele>260.000</ele></trkpt>
      <trkpt lat="22.2265528358" lon="113.9916809760"><ele>260.000</ele></trkpt>
      <trkpt lat="22.2265477663" lon="113.9916701386"><ele>260.000</ele></trkpt>
      <trkpt lat="22.2265403934" lon="113.9916588192"><ele>260.000</ele></trkpt>
      <trkpt lat="22.2265343999" lon="113.9916455193"><ele>262.000</ele></trkpt>
      <trkpt lat="22.2265238156" lon="113.9916292768"><ele>262.000</ele></trkpt>
      <trkpt lat="22.2265187477" lon="113.9916199137"><ele>262.000</ele></trkpt>
      <trkpt lat="22.2265100039" lon="113.9916100802"><ele>262.000</ele></trkpt>
      <trkpt lat="22.2265008096" lon="113.9916012172"><ele>264.000</ele></trkpt>
      <trkpt lat="22.2264920691" lon="113.9915943420"><ele>264.000</ele></trkpt>
      <trkpt lat="22.2264833360" lon="113.9915859731"><ele>264.000</ele></trkpt>
      <trkpt lat="22.2264768859" lon="113.9915761269"><ele>264.000</ele></trkpt>
      <trkpt lat="22.2264695237" lon="113.9915662818"><ele>264.000</ele></trkpt>
      <trkpt lat="22.2264603182" lon="113.9915554595"><ele>262.000</ele></trkpt>
      <trkpt lat="22.2264428440" lon="113.9915397208"><ele>264.000</ele></trkpt>
      <trkpt lat="22.2264336526" lon="113.9915333312"><ele>264.000</ele></trkpt>
      <trkpt lat="22.2264253800" lon="113.9915249714"><ele>264.000</ele></trkpt>
      <trkpt lat="22.2263936273" lon="113.9914846049"><ele>269.000</ele></trkpt>
      <trkpt lat="22.2263825919" lon="113.9914767434"><ele>269.000</ele></trkpt>
      <trkpt lat="22.2263632884" lon="113.9914644601"><ele>269.000</ele></trkpt>
      <trkpt lat="22.2263531714" lon="113.9914541240"><ele>272.000</ele></trkpt>
      <trkpt lat="22.2263476435" lon="113.9914452659"><ele>272.000</ele></trkpt>
      <trkpt lat="22.2263287803" lon="113.9914231176"><ele>272.000</ele></trkpt>
      <trkpt lat="22.2262993530" lon="113.9913945912"><ele>272.000</ele></trkpt>
      <trkpt lat="22.2262938240" lon="113.9913847438"><ele>272.000</ele></trkpt>
      <trkpt lat="22.2262873695" lon="113.9913709499"><ele>272.000</ele></trkpt>
      <trkpt lat="22.2262836726" lon="113.9913601107"><ele>272.000</ele></trkpt>
      <trkpt lat="22.2262863025" lon="113.9912984863"><ele>274.000</ele></trkpt>
      <trkpt lat="22.2262876521" lon="113.9912861564"><ele>274.000</ele></trkpt>
      <trkpt lat="22.2262922160" lon="113.9912733373"><ele>274.000</ele></trkpt>
      <trkpt lat="22.2263072978" lon="113.9912422403"><ele>274.000</ele></trkpt>
      <trkpt lat="22.2263109485" lon="113.9912284331"><ele>272.000</ele></trkpt>
      <trkpt lat="22.2263118330" lon="113.9912121658"><ele>272.000</ele></trkpt>
      <trkpt lat="22.2263154741" lon="113.9911978542"><ele>272.000</ele></trkpt>
      <trkpt lat="22.2263296535" lon="113.9911751484"><ele>272.000</ele></trkpt>
      <trkpt lat="22.2263342162" lon="113.9911613400"><ele>274.000</ele></trkpt>
      <trkpt lat="22.2263397013" lon="113.9911485100"><ele>274.000</ele></trkpt>
      <trkpt lat="22.2263543383" lon="113.9911233399"><ele>274.000</ele></trkpt>
      <trkpt lat="22.2263653360" lon="113.9911139460"><ele>277.000</ele></trkpt>
      <trkpt lat="22.2263763359" lon="113.9911065308"><ele>277.000</ele></trkpt>
      <trkpt lat="22.2263859632" lon="113.9910991174"><ele>277.000</ele></trkpt>
      <trkpt lat="22.2263974090" lon="113.9910867645"><ele>277.000</ele></trkpt>
      <trkpt lat="22.2264042667" lon="113.9910739327"><ele>276.000</ele></trkpt>
      <trkpt lat="22.2264138804" lon="113.9910625813"><ele>276.000</ele></trkpt>
      <trkpt lat="22.2264230414" lon="113.9910502315"><ele>276.000</ele></trkpt>
      <trkpt lat="22.2264321906" lon="113.9910354276"><ele>276.000</ele></trkpt>
      <trkpt lat="22.2264408827" lon="113.9910235731"><ele>274.000</ele></trkpt>
      <trkpt lat="22.2264692542" lon="113.9909816143"><ele>273.000</ele></trkpt>
      <trkpt lat="22.2264752021" lon="113.9909707527"><ele>274.000</ele></trkpt>
      <trkpt lat="22.2264797829" lon="113.9909648300"><ele>274.000</ele></trkpt>
      <trkpt lat="22.2264875971" lon="113.9909522229"><ele>274.000</ele></trkpt>
      <trkpt lat="22.2264990459" lon="113.9909377167"><ele>276.000</ele></trkpt>
      <trkpt lat="22.2265062088" lon="113.9909272619"><ele>274.000</ele></trkpt>
      <trkpt lat="22.2265140176" lon="113.9909177810"><ele>274.000</ele></trkpt>
      <trkpt lat="22.2265343100" lon="113.9909023562"><ele>274.000</ele></trkpt>
      <trkpt lat="22.2265522119" lon="113.9908869346"><ele>275.000</ele></trkpt>
      <trkpt lat="22.2265713087" lon="113.9908708703"><ele>275.000</ele></trkpt>
      <trkpt lat="22.2265945809" lon="113.9908496665"><ele>280.000</ele></trkpt>
      <trkpt lat="22.2266095017" lon="113.9908380986"><ele>280.000</ele></trkpt>
      <trkpt lat="22.2266256134" lon="113.9908239625"><ele>283.000</ele></trkpt>
      <trkpt lat="22.2266399348" lon="113.9908111121"><ele>284.000</ele></trkpt>
      <trkpt lat="22.2266554445" lon="113.9907924860"><ele>284.000</ele></trkpt>
      <trkpt lat="22.2266709556" lon="113.9907751422"><ele>284.000</ele></trkpt>
      <trkpt lat="22.2266810995" lon="113.9907655049"><ele>284.000</ele></trkpt>
      <trkpt lat="22.2266972178" lon="113.9907571430"><ele>284.000</ele></trkpt>
      <trkpt lat="22.2267181151" lon="113.9907487748"><ele>284.000</ele></trkpt>
      <trkpt lat="22.2267437841" lon="113.9907339850"><ele>284.000</ele></trkpt>
      <trkpt lat="22.2267664658" lon="113.9907191982"><ele>286.000</ele></trkpt>
      <trkpt lat="22.2267855663" lon="113.9907063415"><ele>286.000</ele></trkpt>
      <trkpt lat="22.2268076532" lon="113.9906934808"><ele>285.000</ele></trkpt>
      <trkpt lat="22.2268273528" lon="113.9906825477"><ele>286.000</ele></trkpt>
      <trkpt lat="22.2268476525" lon="113.9906735391"><ele>286.000</ele></trkpt>
      <trkpt lat="22.2268643671" lon="113.9906638931"><ele>286.000</ele></trkpt>
      <trkpt lat="22.2268816765" lon="113.9906523210"><ele>286.000</ele></trkpt>
      <trkpt lat="22.2268971979" lon="113.9906439599"><ele>286.000</ele></trkpt>
      <trkpt lat="22.2269180915" lon="113.9906323840"><ele>288.000</ele></trkpt>
      <trkpt lat="22.2269348091" lon="113.9906253046"><ele>288.000</ele></trkpt>
      <trkpt lat="22.2269485410" lon="113.9906188702"><ele>288.000</ele></trkpt>
      <trkpt lat="22.2269592833" lon="113.9906105153"><ele>288.000</ele></trkpt>
      <trkpt lat="22.2269724152" lon="113.9906021583"><ele>288.000</ele></trkpt>
      <trkpt lat="22.2269867418" lon="113.9905937987"><ele>288.000</ele></trkpt>
      <trkpt lat="22.2270076347" lon="113.9905815807"><ele>290.000</ele></trkpt>
      <trkpt lat="22.2270255433" lon="113.9905712911"><ele>290.000</ele></trkpt>
      <trkpt lat="22.2270398721" lon="113.9905648569"><ele>292.000</ele></trkpt>
      <trkpt lat="22.2270548010" lon="113.9905603462"><ele>292.000</ele></trkpt>
      <trkpt lat="22.2270727168" lon="113.9905571140"><ele>292.000</ele></trkpt>
      <trkpt lat="22.2270900366" lon="113.9905538834"><ele>292.000</ele></trkpt>
      <trkpt lat="22.2271055602" lon="113.9905474467"><ele>292.000</ele></trkpt>
      <trkpt lat="22.2271192890" lon="113.9905390879"><ele>294.000</ele></trkpt>
      <trkpt lat="22.2271348074" lon="113.9905281612"><ele>294.000</ele></trkpt>
      <trkpt lat="22.2271497252" lon="113.9905140267"><ele>294.000</ele></trkpt>
      <trkpt lat="22.2271592706" lon="113.9905037480"><ele>294.000</ele></trkpt>
      <trkpt lat="22.2271735862" lon="113.9904857645"><ele>296.000</ele></trkpt>
      <trkpt lat="22.2271950644" lon="113.9904626395"><ele>296.000</ele></trkpt>
      <trkpt lat="22.2272183334" lon="113.9904395112"><ele>298.000</ele></trkpt>
      <trkpt lat="22.2272320579" lon="113.9904266615"><ele>298.000</ele></trkpt>
      <trkpt lat="22.2272433988" lon="113.9904189479"><ele>298.000</ele></trkpt>
      <trkpt lat="22.2272648872" lon="113.9904054458"><ele>298.000</ele></trkpt>
      <trkpt lat="22.2272941286" lon="113.9903803852"><ele>298.000</ele></trkpt>
      <trkpt lat="22.2273233692" lon="113.9903553245"><ele>298.000</ele></trkpt>
      <trkpt lat="22.2273561940" lon="113.9903302591"><ele>300.000</ele></trkpt>
      <trkpt lat="22.2273788772" lon="113.9903161142"><ele>300.000</ele></trkpt>
      <trkpt lat="22.2274021530" lon="113.9902981189"><ele>301.000</ele></trkpt>
      <trkpt lat="22.2274212505" lon="113.9902826955"><ele>300.000</ele></trkpt>
      <trkpt lat="22.2274423125" lon="113.9902635614"><ele>302.000</ele></trkpt>
      <trkpt lat="22.2274577322" lon="113.9902508811"><ele>302.000</ele></trkpt>
      <trkpt lat="22.2274770768" lon="113.9902351829"><ele>302.000</ele></trkpt>
      <trkpt lat="22.2274950257" lon="113.9902261172"><ele>302.000</ele></trkpt>
      <trkpt lat="22.2275115704" lon="113.9902155460"><ele>302.000</ele></trkpt>
      <trkpt lat="22.2275188545" lon="113.9902052878"><ele>302.000</ele></trkpt>
      <trkpt lat="22.2275227672" lon="113.9901908157"><ele>302.000</ele></trkpt>
      <trkpt lat="22.2275241368" lon="113.9901621806"><ele>302.000</ele></trkpt>
      <trkpt lat="22.2275246822" lon="113.9901480137"><ele>302.000</ele></trkpt>
      <trkpt lat="22.2275246563" lon="113.9901254078"><ele>302.000</ele></trkpt>
      <trkpt lat="22.2275226634" lon="113.9901003942"><ele>302.000</ele></trkpt>
      <trkpt lat="22.2275187134" lon="113.9900823146"><ele>302.000</ele></trkpt>
      <trkpt lat="22.2275153270" lon="113.9900651391"><ele>302.000</ele></trkpt>
      <trkpt lat="22.2275153163" lon="113.9900557955"><ele>302.000</ele></trkpt>
      <trkpt lat="22.2275175518" lon="113.9900482579"><ele>302.000</ele></trkpt>
      <trkpt lat="22.2275237160" lon="113.9900395085"><ele>302.000</ele></trkpt>
      <trkpt lat="22.2275335239" lon="113.9900274399"><ele>302.000</ele></trkpt>
      <trkpt lat="22.2275394995" lon="113.9900141144"><ele>302.000</ele></trkpt>
      <trkpt lat="22.2275450016" lon="113.9900091700"><ele>302.000</ele></trkpt>
      <trkpt lat="22.2275509421" lon="113.9899997923"><ele>302.000</ele></trkpt>
      <trkpt lat="22.2275555189" lon="113.9899904165"><ele>302.000</ele></trkpt>
      <trkpt lat="22.2275618967" lon="113.9899687100"><ele>302.000</ele></trkpt>
      <trkpt lat="22.2275673811" lon="113.9899553852"><ele>302.000</ele></trkpt>
      <trkpt lat="22.2275756220" lon="113.9899440354"><ele>302.000</ele></trkpt>
      <trkpt lat="22.2275829470" lon="113.9899371196"><ele>302.000</ele></trkpt>
      <trkpt lat="22.2275921108" lon="113.9899272333"><ele>302.000</ele></trkpt>
      <trkpt lat="22.2276060049" lon="113.9899087284"><ele>302.000</ele></trkpt>
      <trkpt lat="22.2276138794" lon="113.9898920036"><ele>302.000</ele></trkpt>
      <trkpt lat="22.2276057008" lon="113.9898869619"><ele>302.000</ele></trkpt>
      <trkpt lat="22.2276236551" lon="113.9898645611"><ele>300.000</ele></trkpt>
      <trkpt lat="22.2276277623" lon="113.9898551859"><ele>300.000</ele></trkpt>
      <trkpt lat="22.2276295735" lon="113.9898438447"><ele>300.000</ele></trkpt>
      <trkpt lat="22.2276267705" lon="113.9898172327"><ele>300.000</ele></trkpt>
      <trkpt lat="22.2276267495" lon="113.9898068735"><ele>299.000</ele></trkpt>
      <trkpt lat="22.2276276543" lon="113.9898004706"><ele>299.000</ele></trkpt>
      <trkpt lat="22.2276317739" lon="113.9897940537"><ele>299.000</ele></trkpt>
      <trkpt lat="22.2276533147" lon="113.9897806979"><ele>299.000</ele></trkpt>
      <trkpt lat="22.2276597293" lon="113.9897752576"><ele>299.000</ele></trkpt>
      <trkpt lat="22.2276629227" lon="113.9897644092"><ele>299.000</ele></trkpt>
      <trkpt lat="22.2276693333" lon="113.9897555158"><ele>296.000</ele></trkpt>
      <trkpt lat="22.2276867352" lon="113.9897397018"><ele>296.000</ele></trkpt>
      <trkpt lat="22.2276963624" lon="113.9897322882"><ele>296.000</ele></trkpt>
      <trkpt lat="22.2277110315" lon="113.9897194750"><ele>296.000</ele></trkpt>
      <trkpt lat="22.2277238533" lon="113.9897100687"><ele>295.000</ele></trkpt>
      <trkpt lat="22.2277453692" lon="113.9896907768"><ele>295.000</ele></trkpt>
      <trkpt lat="22.2277563589" lon="113.9896823623"><ele>294.000</ele></trkpt>
      <trkpt lat="22.2277728555" lon="113.9896724468"><ele>294.000</ele></trkpt>
      <trkpt lat="22.2277806303" lon="113.9896640366"><ele>292.000</ele></trkpt>
      <trkpt lat="22.2277884152" lon="113.9896566158"><ele>292.000</ele></trkpt>
      <trkpt lat="22.2277957441" lon="113.9896531433"><ele>292.000</ele></trkpt>
      <trkpt lat="22.2278021598" lon="113.9896486827"><ele>290.000</ele></trkpt>
      <trkpt lat="22.2278117643" lon="113.9896373117"><ele>290.000</ele></trkpt>
      <trkpt lat="22.2278186259" lon="113.9896279230"><ele>290.000</ele></trkpt>
      <trkpt lat="22.2278264006" lon="113.9896195225"><ele>290.000</ele></trkpt>
      <trkpt lat="22.2278493011" lon="113.9896026827"><ele>288.000</ele></trkpt>
      <trkpt lat="22.2278639662" lon="113.9895942537"><ele>288.000</ele></trkpt>
      <trkpt lat="22.2278744953" lon="113.9895858398"><ele>288.000</ele></trkpt>
      <trkpt lat="22.2278964706" lon="113.9895655578"><ele>290.000</ele></trkpt>
      <trkpt lat="22.2279074591" lon="113.9895561540"><ele>290.000</ele></trkpt>
      <trkpt lat="22.2279170643" lon="113.9895452777"><ele>290.000</ele></trkpt>
      <trkpt lat="22.2279248362" lon="113.9895344038"><ele>290.000</ele></trkpt>
      <trkpt lat="22.2279316864" lon="113.9895230461"><ele>290.000</ele></trkpt>
      <trkpt lat="22.2279518319" lon="113.9895057249"><ele>292.000</ele></trkpt>
      <trkpt lat="22.2279623616" lon="113.9894978057"><ele>292.000</ele></trkpt>
      <trkpt lat="22.2279715186" lon="113.9894898884"><ele>292.000</ele></trkpt>
      <trkpt lat="22.2279779161" lon="113.9894775420"><ele>292.000</ele></trkpt>
      <trkpt lat="22.2279870601" lon="113.9894661715"><ele>294.000</ele></trkpt>
      <trkpt lat="22.2280048660" lon="113.9894325872"><ele>294.000</ele></trkpt>
      <trkpt lat="22.2280089789" lon="113.9894281393"><ele>294.000</ele></trkpt>
      <trkpt lat="22.2280323416" lon="113.9894127828"><ele>294.000</ele></trkpt>
      <trkpt lat="22.2280410392" lon="113.9894058554"><ele>294.000</ele></trkpt>
      <trkpt lat="22.2280469920" lon="113.9893994264"><ele>294.000</ele></trkpt>
      <trkpt lat="22.2280543005" lon="113.9893860893"><ele>294.000</ele></trkpt>
      <trkpt lat="22.2280643656" lon="113.9893747177"><ele>294.000</ele></trkpt>
      <trkpt lat="22.2280739571" lon="113.9893598936"><ele>294.000</ele></trkpt>
      <trkpt lat="22.2280835622" lon="113.9893490172"><ele>294.000</ele></trkpt>
      <trkpt lat="22.2280954600" lon="113.9893371485"><ele>294.000</ele></trkpt>
      <trkpt lat="22.2281023204" lon="113.9893267704"><ele>294.000</ele></trkpt>
      <trkpt lat="22.2281082500" lon="113.9893159087"><ele>294.000</ele></trkpt>
      <trkpt lat="22.2281132630" lon="113.9893011004"><ele>294.000</ele></trkpt>
      <trkpt lat="22.2281201019" lon="113.9892877640"><ele>294.000</ele></trkpt>
      <trkpt lat="22.2281297184" lon="113.9892788663"><ele>294.000</ele></trkpt>
      <trkpt lat="22.2281388765" lon="113.9892719286"><ele>292.000</ele></trkpt>
      <trkpt lat="22.2281462003" lon="113.9892640233"><ele>292.000</ele></trkpt>
      <trkpt lat="22.2281539739" lon="113.9892546238"><ele>292.000</ele></trkpt>
      <trkpt lat="22.2281603641" lon="113.9892437614"><ele>291.000</ele></trkpt>
      <trkpt lat="22.2281634873" lon="113.9892363321"><ele>291.000</ele></trkpt>
      <trkpt lat="22.2282165308" lon="113.9892090007"><ele>286.000</ele></trkpt>
      <trkpt lat="22.2282748764" lon="113.9891841987"><ele>285.000</ele></trkpt>
      <trkpt lat="22.2283361045" lon="113.9891609447"><ele>284.000</ele></trkpt>
      <trkpt lat="22.2283958301" lon="113.9891581397"><ele>282.000</ele></trkpt>
      <trkpt lat="22.2284486726" lon="113.9891851799"><ele>283.000</ele></trkpt>
      <trkpt lat="22.2285405826" lon="113.9891581798"><ele>282.000</ele></trkpt>
      <trkpt lat="22.2286369454" lon="113.9891083019"><ele>284.000</ele></trkpt>
      <trkpt lat="22.2287066755" lon="113.9890651619"><ele>286.000</ele></trkpt>
      <trkpt lat="22.2287336658" lon="113.9890553099"><ele>286.000</ele></trkpt>
      <trkpt lat="22.2287699451" lon="113.9890345819"><ele>288.000</ele></trkpt>
      <trkpt lat="22.2288106403" lon="113.9890137801"><ele>288.000</ele></trkpt>
      <trkpt lat="22.2288462894" lon="113.9889947018"><ele>290.000</ele></trkpt>
      <trkpt lat="22.2288842825" lon="113.9889643688"><ele>292.000</ele></trkpt>
      <trkpt lat="22.2288897776" lon="113.9889604040"><ele>292.000</ele></trkpt>
      <trkpt lat="22.2288966430" lon="113.9889544683"><ele>292.000</ele></trkpt>
      <trkpt lat="22.2289066940" lon="113.9889386638"><ele>292.000</ele></trkpt>
      <trkpt lat="22.2289231305" lon="113.9889080394"><ele>292.000</ele></trkpt>
      <trkpt lat="22.2289281622" lon="113.9889016115"><ele>294.000</ele></trkpt>
      <trkpt lat="22.2289350283" lon="113.9888961705"><ele>294.000</ele></trkpt>
      <trkpt lat="22.2289487728" lon="113.9888882372"><ele>294.000</ele></trkpt>
      <trkpt lat="22.2289574828" lon="113.9888842682"><ele>294.000</ele></trkpt>
      <trkpt lat="22.2289648082" lon="113.9888778275"><ele>294.000</ele></trkpt>
      <trkpt lat="22.2289744099" lon="113.9888639926"><ele>295.000</ele></trkpt>
      <trkpt lat="22.2289972967" lon="113.9888432145"><ele>295.000</ele></trkpt>
      <trkpt lat="22.2290050855" lon="113.9888392466"><ele>296.000</ele></trkpt>
      <trkpt lat="22.2290188272" lon="113.9888288496"><ele>296.000</ele></trkpt>
      <trkpt lat="22.2290316495" lon="113.9888199379"><ele>296.000</ele></trkpt>
      <trkpt lat="22.2290366829" lon="113.9888149843"><ele>296.000</ele></trkpt>
      <trkpt lat="22.2290440089" lon="113.9888090481"><ele>296.000</ele></trkpt>
      <trkpt lat="22.2290664640" lon="113.9887976404"><ele>298.000</ele></trkpt>
      <trkpt lat="22.2290728791" lon="113.9887926850"><ele>298.000</ele></trkpt>
      <trkpt lat="22.2290797440" lon="113.9887862546"><ele>298.000</ele></trkpt>
      <trkpt lat="22.2290916683" lon="113.9887817768"><ele>298.000</ele></trkpt>
      <trkpt lat="22.2291008406" lon="113.9887792815"><ele>298.000</ele></trkpt>
      <trkpt lat="22.2291104604" lon="113.9887733421"><ele>298.000</ele></trkpt>
      <trkpt lat="22.2291182492" lon="113.9887693743"><ele>298.000</ele></trkpt>
      <trkpt lat="22.2291342994" lon="113.9887638919"><ele>298.000</ele></trkpt>
      <trkpt lat="22.2291572145" lon="113.9887519889"><ele>298.000</ele></trkpt>
      <trkpt lat="22.2291631690" lon="113.9887470438"><ele>298.000</ele></trkpt>
      <trkpt lat="22.2291672807" lon="113.9887416065"><ele>298.000</ele></trkpt>
      <trkpt lat="22.2291704696" lon="113.9887346864"><ele>298.000</ele></trkpt>
      <trkpt lat="22.2291718229" lon="113.9887258093"><ele>298.000</ele></trkpt>
      <trkpt lat="22.2291726981" lon="113.9887095418"><ele>298.000</ele></trkpt>
      <trkpt lat="22.2291720903" lon="113.9886602390"><ele>297.000</ele></trkpt>
      <trkpt lat="22.2291734442" lon="113.9886518566"><ele>297.000</ele></trkpt>
      <trkpt lat="22.2291766290" lon="113.9886414931"><ele>296.000</ele></trkpt>
      <trkpt lat="22.2291802756" lon="113.9886321086"><ele>296.000</ele></trkpt>
      <trkpt lat="22.2291848479" lon="113.9886266706"><ele>296.000</ele></trkpt>
      <trkpt lat="22.2291935561" lon="113.9886212175"><ele>296.000</ele></trkpt>
      <trkpt lat="22.2291999593" lon="113.9886138081"><ele>296.000</ele></trkpt>
      <trkpt lat="22.2292013025" lon="113.9886039417"><ele>296.000</ele></trkpt>
      <trkpt lat="22.2291975788" lon="113.9885857112"><ele>294.000</ele></trkpt>
      <trkpt lat="22.2291980105" lon="113.9885763407"><ele>294.000</ele></trkpt>
      <trkpt lat="22.2291961308" lon="113.9885595821"><ele>296.000</ele></trkpt>
      <trkpt lat="22.2291896562" lon="113.9885443234"><ele>294.000</ele></trkpt>
      <trkpt lat="22.2291822690" lon="113.9885285712"><ele>294.000</ele></trkpt>
      <trkpt lat="22.2291652171" lon="113.9885034815"><ele>294.000</ele></trkpt>
      <trkpt lat="22.2291619750" lon="113.9884955999"><ele>294.000</ele></trkpt>
      <trkpt lat="22.2291581742" lon="113.9884497642"><ele>292.000</ele></trkpt>
      <trkpt lat="22.2291567732" lon="113.9884408908"><ele>292.000</ele></trkpt>
      <trkpt lat="22.2291553468" lon="113.9884256157"><ele>292.000</ele></trkpt>
      <trkpt lat="22.2291553269" lon="113.9884162458"><ele>292.000</ele></trkpt>
      <trkpt lat="22.2291570841" lon="113.9883896178"><ele>292.000</ele></trkpt>
      <trkpt lat="22.2291597931" lon="113.9883738327"><ele>292.000</ele></trkpt>
      <trkpt lat="22.2291593036" lon="113.9883644635"><ele>292.000</ele></trkpt>
      <trkpt lat="22.2291574392" lon="113.9883531367"><ele>290.000</ele></trkpt>
      <trkpt lat="22.2291537331" lon="113.9883422974"><ele>290.000</ele></trkpt>
      <trkpt lat="22.2291514092" lon="113.9883319509"><ele>290.000</ele></trkpt>
      <trkpt lat="22.2291523168" lon="113.9883280019"><ele>290.000</ele></trkpt>
      <trkpt lat="22.2291628594" lon="113.9883235357"><ele>290.000</ele></trkpt>
      <trkpt lat="22.2291715682" lon="113.9883185772"><ele>290.000</ele></trkpt>
      <trkpt lat="22.2291798063" lon="113.9883126299"><ele>290.000</ele></trkpt>
      <trkpt lat="22.2291853008" lon="113.9883081801"><ele>290.000</ele></trkpt>
      <trkpt lat="22.2291907931" lon="113.9883017516"><ele>287.000</ele></trkpt>
      <trkpt lat="22.2291935310" lon="113.9882953364"><ele>287.000</ele></trkpt>
      <trkpt lat="22.2291957794" lon="113.9882795520"><ele>287.000</ele></trkpt>
      <trkpt lat="22.2291961980" lon="113.9882667284"><ele>287.000</ele></trkpt>
      <trkpt lat="22.2291956892" lon="113.9882484936"><ele>285.000</ele></trkpt>
      <trkpt lat="22.2291969824" lon="113.9882189078"><ele>284.000</ele></trkpt>
      <trkpt lat="22.2291960329" lon="113.9882100338"><ele>285.000</ele></trkpt>
      <trkpt lat="22.2291992325" lon="113.9882045977"><ele>283.000</ele></trkpt>
      <trkpt lat="22.2292156995" lon="113.9881848271"><ele>283.000</ele></trkpt>
      <trkpt lat="22.2292193489" lon="113.9881779160"><ele>283.000</ele></trkpt>
      <trkpt lat="22.2292225343" lon="113.9881680374"><ele>283.000</ele></trkpt>
      <trkpt lat="22.2292229688" lon="113.9881611403"><ele>283.000</ele></trkpt>
      <trkpt lat="22.2292233846" lon="113.9881458530"><ele>280.000</ele></trkpt>
      <trkpt lat="22.2292219818" lon="113.9881355053"><ele>280.000</ele></trkpt>
      <trkpt lat="22.2292256307" lon="113.9881280996"><ele>280.000</ele></trkpt>
      <trkpt lat="22.2292379759" lon="113.9881127769"><ele>280.000</ele></trkpt>
      <trkpt lat="22.2292430047" lon="113.9881038852"><ele>279.000</ele></trkpt>
      <trkpt lat="22.2292457312" lon="113.9880954913"><ele>279.000</ele></trkpt>
      <trkpt lat="22.2292493795" lon="113.9880875909"><ele>279.000</ele></trkpt>
      <trkpt lat="22.2292599056" lon="113.9880767131"><ele>279.000</ele></trkpt>
      <trkpt lat="22.2292635567" lon="113.9880712764"><ele>279.000</ele></trkpt>
      <trkpt lat="22.2292713404" lon="113.9880628660"><ele>278.000</ele></trkpt>
      <trkpt lat="22.2292823271" lon="113.9880519876"><ele>278.000</ele></trkpt>
      <trkpt lat="22.2292873617" lon="113.9880480331"><ele>278.000</ele></trkpt>
      <trkpt lat="22.2292919345" lon="113.9880430801"><ele>278.000</ele></trkpt>
      <trkpt lat="22.2292937518" lon="113.9880371609"><ele>278.000</ele></trkpt>
      <trkpt lat="22.2292937324" lon="113.9880282856"><ele>278.000</ele></trkpt>
      <trkpt lat="22.2292955362" lon="113.9880184186"><ele>278.000</ele></trkpt>
      <trkpt lat="22.2292996444" lon="113.9880100229"><ele>276.000</ele></trkpt>
      <trkpt lat="22.2293042138" lon="113.9880021212"><ele>276.000</ele></trkpt>
      <trkpt lat="22.2293101569" lon="113.9879952070"><ele>276.000</ele></trkpt>
      <trkpt lat="22.2293202106" lon="113.9879818564"><ele>276.000</ele></trkpt>
      <trkpt lat="22.2293279966" lon="113.9879754248"><ele>276.000</ele></trkpt>
      <trkpt lat="22.2293435703" lon="113.9879640359"><ele>274.000</ele></trkpt>
      <trkpt lat="22.2293563902" lon="113.9879531453"><ele>274.000</ele></trkpt>
      <trkpt lat="22.2293650996" lon="113.9879486815"><ele>274.000</ele></trkpt>
      <trkpt lat="22.2293806733" lon="113.9879372925"><ele>274.000</ele></trkpt>
      <trkpt lat="22.2293948523" lon="113.9879224524"><ele>274.000</ele></trkpt>
      <trkpt lat="22.2294012549" lon="113.9879145482"><ele>274.000</ele></trkpt>
      <trkpt lat="22.2294021476" lon="113.9879056718"><ele>274.000</ele></trkpt>
      <trkpt lat="22.2294021135" lon="113.9878918691"><ele>274.000</ele></trkpt>
      <trkpt lat="22.2294039025" lon="113.9878770649"><ele>274.000</ele></trkpt>
      <trkpt lat="22.2294070714" lon="113.9878607846"><ele>274.000</ele></trkpt>
      <trkpt lat="22.2294093073" lon="113.9878420514"><ele>274.000</ele></trkpt>
      <trkpt lat="22.2294110934" lon="113.9878247835"><ele>274.000</ele></trkpt>
      <trkpt lat="22.2294101234" lon="113.9878060546"><ele>272.000</ele></trkpt>
      <trkpt lat="22.2294105119" lon="113.9877828815"><ele>272.000</ele></trkpt>
      <trkpt lat="22.2294081993" lon="113.9877745040"><ele>272.000</ele></trkpt>
      <trkpt lat="22.2293989998" lon="113.9877691136"><ele>272.000</ele></trkpt>
      <trkpt lat="22.2293838396" lon="113.9877632462"><ele>272.000</ele></trkpt>
      <trkpt lat="22.2293668501" lon="113.9877608343"><ele>270.000</ele></trkpt>
      <trkpt lat="22.2293397371" lon="113.9877505696"><ele>270.000</ele></trkpt>
      <trkpt lat="22.2293273301" lon="113.9877437091"><ele>270.000</ele></trkpt>
      <trkpt lat="22.2293213438" lon="113.9877368207"><ele>270.000</ele></trkpt>
      <trkpt lat="22.2293162525" lon="113.9877230345"><ele>269.000</ele></trkpt>
      <trkpt lat="22.2293102043" lon="113.9876939629"><ele>269.000</ele></trkpt>
      <trkpt lat="22.2293065129" lon="113.9876880607"><ele>269.000</ele></trkpt>
      <trkpt lat="22.2292991449" lon="113.9876811838"><ele>269.000</ele></trkpt>
      <trkpt lat="22.2292977257" lon="113.9876644246"><ele>268.000</ele></trkpt>
      <trkpt lat="22.2292958505" lon="113.9876516137"><ele>268.000</ele></trkpt>
      <trkpt lat="22.2292972027" lon="113.9876417473"><ele>268.000</ele></trkpt>
      <trkpt lat="22.2292944205" lon="113.9876333705"><ele>268.000</ele></trkpt>
      <trkpt lat="22.2292907427" lon="113.9876314161"><ele>268.000</ele></trkpt>
      <trkpt lat="22.2292815552" lon="113.9876284894"><ele>267.000</ele></trkpt>
      <trkpt lat="22.2292709552" lon="113.9876147106"><ele>266.000</ele></trkpt>
      <trkpt lat="22.2292626746" lon="113.9876073500"><ele>266.000</ele></trkpt>
      <trkpt lat="22.2292571323" lon="113.9875940494"><ele>266.000</ele></trkpt>
      <trkpt lat="22.2292501624" lon="113.9875644940"><ele>264.000</ele></trkpt>
      <trkpt lat="22.2292473638" lon="113.9875497154"><ele>264.000</ele></trkpt>
      <trkpt lat="22.2292422589" lon="113.9875319815"><ele>264.000</ele></trkpt>
      <trkpt lat="22.2292380841" lon="113.9875142463"><ele>261.000</ele></trkpt>
      <trkpt lat="22.2292343762" lon="113.9875019327"><ele>261.000</ele></trkpt>
      <trkpt lat="22.2292288409" lon="113.9874945489"><ele>261.000</ele></trkpt>
      <trkpt lat="22.2292233265" lon="113.9874896386"><ele>261.000</ele></trkpt>
      <trkpt lat="22.2292007982" lon="113.9874768943"><ele>260.000</ele></trkpt>
      <trkpt lat="22.2291957246" lon="113.9874704993"><ele>260.000</ele></trkpt>
      <trkpt lat="22.2291915799" lon="113.9874631137"><ele>258.000</ele></trkpt>
      <trkpt lat="22.2291878761" lon="113.9874542532"><ele>258.000</ele></trkpt>
      <trkpt lat="22.2291768246" lon="113.9874404847"><ele>258.000</ele></trkpt>
      <trkpt lat="22.2291712886" lon="113.9874326160"><ele>257.000</ele></trkpt>
      <trkpt lat="22.2291666823" lon="113.9874242513"><ele>257.000</ele></trkpt>
      <trkpt lat="22.2291643624" lon="113.9874173580"><ele>257.000</ele></trkpt>
      <trkpt lat="22.2291565458" lon="113.9874129454"><ele>257.000</ele></trkpt>
      <trkpt lat="22.2291500989" lon="113.9874060576"><ele>256.000</ele></trkpt>
      <trkpt lat="22.2291422799" lon="113.9873996760"><ele>256.000</ele></trkpt>
      <trkpt lat="22.2291372147" lon="113.9873927863"><ele>256.000</ele></trkpt>
      <trkpt lat="22.2291344303" lon="113.9873824501"><ele>254.000</ele></trkpt>
      <trkpt lat="22.2291237956" lon="113.9873543741"><ele>254.000</ele></trkpt>
      <trkpt lat="22.2291136420" lon="113.9873361717"><ele>253.000</ele></trkpt>
      <trkpt lat="22.2290997907" lon="113.9873066353"><ele>253.000</ele></trkpt>
      <trkpt lat="22.2290974578" lon="113.9872962889"><ele>253.000</ele></trkpt>
      <trkpt lat="22.2290964883" lon="113.9872780450"><ele>251.000</ele></trkpt>
      <trkpt lat="22.2290964582" lon="113.9872676955"><ele>251.000</ele></trkpt>
      <trkpt lat="22.2290945954" lon="113.9872578431"><ele>251.000</ele></trkpt>
      <trkpt lat="22.2290904229" lon="113.9872420770"><ele>251.000</ele></trkpt>
      <trkpt lat="22.2290871625" lon="113.9872263097"><ele>249.000</ele></trkpt>
      <trkpt lat="22.2290862226" lon="113.9872179304"><ele>249.000</ele></trkpt>
      <trkpt lat="22.2290893830" lon="113.9872021447"><ele>249.000</ele></trkpt>
      <trkpt lat="22.2290893335" lon="113.9871829200"><ele>246.000</ele></trkpt>
      <trkpt lat="22.2290883799" lon="113.9871705929"><ele>246.000</ele></trkpt>
      <trkpt lat="22.2290869050" lon="113.9871370728"><ele>244.000</ele></trkpt>
      <trkpt lat="22.2290872348" lon="113.9870946749"><ele>244.000</ele></trkpt>
      <trkpt lat="22.2290862613" lon="113.9870729780"><ele>244.000</ele></trkpt>
      <trkpt lat="22.2290889588" lon="113.9870552239"><ele>244.000</ele></trkpt>
      <trkpt lat="22.2290907465" lon="113.9870394401"><ele>242.000</ele></trkpt>
      <trkpt lat="22.2290907016" lon="113.9870241631"><ele>242.000</ele></trkpt>
      <trkpt lat="22.2290864375" lon="113.9869763493"><ele>242.000</ele></trkpt>
      <trkpt lat="22.2290859439" lon="113.9869635367"><ele>242.000</ele></trkpt>
      <trkpt lat="22.2290840573" lon="113.9869487472"><ele>240.000</ele></trkpt>
      <trkpt lat="22.2290816839" lon="113.9869191760"><ele>240.000</ele></trkpt>
      <trkpt lat="22.2290824861" lon="113.9868792316"><ele>240.000</ele></trkpt>
      <trkpt lat="22.2290833675" lon="113.9868683861"><ele>240.000</ele></trkpt>
      <trkpt lat="22.2290837848" lon="113.9868545829"><ele>240.000</ele></trkpt>
      <trkpt lat="22.2290832918" lon="113.9868422552"><ele>239.000</ele></trkpt>
      <trkpt lat="22.2290846303" lon="113.9868284507"><ele>239.000</ele></trkpt>
      <trkpt lat="22.2290877860" lon="113.9868087173"><ele>239.000</ele></trkpt>
      <trkpt lat="22.2290918652" lon="113.9867909516"><ele>238.000</ele></trkpt>
      <trkpt lat="22.2290936523" lon="113.9867746828"><ele>238.000</ele></trkpt>
      <trkpt lat="22.2290949310" lon="113.9867406546"><ele>236.000</ele></trkpt>
      <trkpt lat="22.2290976398" lon="113.9867248695"><ele>236.000</ele></trkpt>
      <trkpt lat="22.2290994287" lon="113.9867100750"><ele>236.000</ele></trkpt>
      <trkpt lat="22.2291075989" lon="113.9866770171"><ele>238.000</ele></trkpt>
      <trkpt lat="22.2291093997" lon="113.9866646864"><ele>238.000</ele></trkpt>
      <trkpt lat="22.2291166983" lon="113.9866508545"><ele>240.000</ele></trkpt>
      <trkpt lat="22.2291253178" lon="113.9866158269"><ele>240.000</ele></trkpt>
      <trkpt lat="22.2291307922" lon="113.9866020071"><ele>240.000</ele></trkpt>
      <trkpt lat="22.2291325788" lon="113.9865852340"><ele>240.000</ele></trkpt>
      <trkpt lat="22.2291352887" lon="113.9865704382"><ele>240.000</ele></trkpt>
      <trkpt lat="22.2291356947" lon="113.9865546563"><ele>238.000</ele></trkpt>
      <trkpt lat="22.2291347228" lon="113.9865344434"><ele>238.000</ele></trkpt>
      <trkpt lat="22.2291360601" lon="113.9865196496"><ele>238.000</ele></trkpt>
      <trkpt lat="22.2291383095" lon="113.9865048545"><ele>236.000</ele></trkpt>
      <trkpt lat="22.2291391140" lon="113.9864668887"><ele>236.000</ele></trkpt>
      <trkpt lat="22.2291399884" lon="113.9864501265"><ele>234.000</ele></trkpt>
      <trkpt lat="22.2291417624" lon="113.9864303949"><ele>234.000</ele></trkpt>
      <trkpt lat="22.2291449198" lon="113.9864121455"><ele>234.000</ele></trkpt>
      <trkpt lat="22.2291549249" lon="113.9863805594"><ele>234.000</ele></trkpt>
      <trkpt lat="22.2291590040" lon="113.9863627937"><ele>233.000</ele></trkpt>
      <trkpt lat="22.2291653871" lon="113.9863460143"><ele>233.000</ele></trkpt>
      <trkpt lat="22.2291795323" lon="113.9863178661"><ele>234.000</ele></trkpt>
      <trkpt lat="22.2291845377" lon="113.9863045416"><ele>234.000</ele></trkpt>
      <trkpt lat="22.2291973239" lon="113.9862803333"><ele>236.000</ele></trkpt>
      <trkpt lat="22.2292009596" lon="113.9862694841"><ele>238.000</ele></trkpt>
      <trkpt lat="22.2292068850" lon="113.9862551593"><ele>238.000</ele></trkpt>
      <trkpt lat="22.2292100662" lon="113.9862418373"><ele>238.000</ele></trkpt>
      <trkpt lat="22.2292154303" lon="113.9861954751"><ele>238.000</ele></trkpt>
      <trkpt lat="22.2292199801" lon="113.9861786982"><ele>238.000</ele></trkpt>
      <trkpt lat="22.2292245261" lon="113.9861663637"><ele>240.000</ele></trkpt>
      <trkpt lat="22.2292308956" lon="113.9861456365"><ele>240.000</ele></trkpt>
      <trkpt lat="22.2292336191" lon="113.9861347789"><ele>240.000</ele></trkpt>
      <trkpt lat="22.2292376544" lon="113.9861027159"><ele>242.000</ele></trkpt>
      <trkpt lat="22.2292380272" lon="113.9860741206"><ele>242.000</ele></trkpt>
      <trkpt lat="22.2292448406" lon="113.9860469813"><ele>242.000</ele></trkpt>
      <trkpt lat="22.2292466157" lon="113.9860282487"><ele>242.000</ele></trkpt>
      <trkpt lat="22.2292497987" lon="113.9860164011"><ele>244.000</ele></trkpt>
      <trkpt lat="22.2292533864" lon="113.9859877918"><ele>244.000</ele></trkpt>
      <trkpt lat="22.2292579255" lon="113.9859695405"><ele>246.000</ele></trkpt>
      <trkpt lat="22.2292629309" lon="113.9859562063"><ele>246.000</ele></trkpt>
      <trkpt lat="22.2292678547" lon="113.9859118235"><ele>248.000</ele></trkpt>
      <trkpt lat="22.2292714761" lon="113.9858965318"><ele>248.000</ele></trkpt>
      <trkpt lat="22.2292801221" lon="113.9858688856"><ele>250.000</ele></trkpt>
      <trkpt lat="22.2292901899" lon="113.9858599870"><ele>250.000</ele></trkpt>
      <trkpt lat="22.2292988998" lon="113.9858560081"><ele>250.000</ele></trkpt>
      <trkpt lat="22.2293094441" lon="113.9858530160"><ele>250.000</ele></trkpt>
      <trkpt lat="22.2293144614" lon="113.9858421552"><ele>250.000</ele></trkpt>
      <trkpt lat="22.2293166953" lon="113.9858219379"><ele>252.000</ele></trkpt>
      <trkpt lat="22.2293161697" lon="113.9857972820"><ele>252.000</ele></trkpt>
      <trkpt lat="22.2293137545" lon="113.9857553825"><ele>253.000</ele></trkpt>
      <trkpt lat="22.2293076945" lon="113.9857243419"><ele>256.000</ele></trkpt>
      <trkpt lat="22.2292984482" lon="113.9857021906"><ele>256.000</ele></trkpt>
      <trkpt lat="22.2292965723" lon="113.9856888851"><ele>256.000</ele></trkpt>
      <trkpt lat="22.2292979226" lon="113.9856775443"><ele>257.000</ele></trkpt>
      <trkpt lat="22.2292983535" lon="113.9856676791"><ele>257.000</ele></trkpt>
      <trkpt lat="22.2293015285" lon="113.9856568208"><ele>257.000</ele></trkpt>
      <trkpt lat="22.2293037898" lon="113.9856444894"><ele>257.000</ele></trkpt>
      <trkpt lat="22.2293037584" lon="113.9856331505"><ele>260.000</ele></trkpt>
      <trkpt lat="22.2293009732" lon="113.9856223100"><ele>260.000</ele></trkpt>
      <trkpt lat="22.2292963429" lon="113.9856090180"><ele>260.000</ele></trkpt>
      <trkpt lat="22.2292958681" lon="113.9856045762"><ele>260.000</ele></trkpt>
      <trkpt lat="22.2292972356" lon="113.9856001415"><ele>260.000</ele></trkpt>
      <trkpt lat="22.2293045621" lon="113.9855946901"><ele>260.000</ele></trkpt>
      <trkpt lat="22.2293100524" lon="113.9855867870"><ele>261.000</ele></trkpt>
      <trkpt lat="22.2293201196" lon="113.9855773841"><ele>261.000</ele></trkpt>
      <trkpt lat="22.2293232935" lon="113.9855655461"><ele>261.000</ele></trkpt>
      <trkpt lat="22.2293228015" lon="113.9855542078"><ele>261.000</ele></trkpt>
      <trkpt lat="22.2293195649" lon="113.9855433679"><ele>261.000</ele></trkpt>
      <trkpt lat="22.2293121837" lon="113.9855330380"><ele>262.000</ele></trkpt>
      <trkpt lat="22.2293034418" lon="113.9855251737"><ele>262.000</ele></trkpt>
      <trkpt lat="22.2292969914" lon="113.9855153373"><ele>262.000</ele></trkpt>
      <trkpt lat="22.2292909925" lon="113.9855055002"><ele>262.000</ele></trkpt>
      <trkpt lat="22.2292863627" lon="113.9854926931"><ele>264.000</ele></trkpt>
      <trkpt lat="22.2292849593" lon="113.9854818508"><ele>264.000</ele></trkpt>
      <trkpt lat="22.2292775278" lon="113.9854518014"><ele>265.000</ele></trkpt>
      <trkpt lat="22.2292747307" lon="113.9854384972"><ele>266.000</ele></trkpt>
      <trkpt lat="22.2292737747" lon="113.9854242012"><ele>266.000</ele></trkpt>
      <trkpt lat="22.2292751136" lon="113.9854108913"><ele>266.000</ele></trkpt>
      <trkpt lat="22.2292755440" lon="113.9854005315"><ele>266.000</ele></trkpt>
      <trkpt lat="22.2292786835" lon="113.9853748811"><ele>268.000</ele></trkpt>
      <trkpt lat="22.2292818557" lon="113.9853615591"><ele>268.000</ele></trkpt>
      <trkpt lat="22.2292864118" lon="113.9853502140"><ele>268.000</ele></trkpt>
      <trkpt lat="22.2292950795" lon="113.9853334217"><ele>270.000</ele></trkpt>
      <trkpt lat="22.2293028625" lon="113.9853245165"><ele>270.000</ele></trkpt>
      <trkpt lat="22.2293083433" lon="113.9853161188"><ele>270.000</ele></trkpt>
      <trkpt lat="22.2293174887" lon="113.9853062321"><ele>270.000</ele></trkpt>
      <trkpt lat="22.2293225203" lon="113.9852998040"><ele>270.000</ele></trkpt>
      <trkpt lat="22.2293293946" lon="113.9852938682"><ele>272.000</ele></trkpt>
      <trkpt lat="22.2293357982" lon="113.9852869436"><ele>272.000</ele></trkpt>
      <trkpt lat="22.2293435693" lon="113.9852755746"><ele>272.000</ele></trkpt>
      <trkpt lat="22.2293600258" lon="113.9852548143"><ele>272.000</ele></trkpt>
      <trkpt lat="22.2293691808" lon="113.9852454222"><ele>274.000</ele></trkpt>
      <trkpt lat="22.2293764936" lon="113.9852360326"><ele>274.000</ele></trkpt>
      <trkpt lat="22.2293897123" lon="113.9852034527"><ele>274.000</ele></trkpt>
      <trkpt lat="22.2293919735" lon="113.9851911116"><ele>277.000</ele></trkpt>
      <trkpt lat="22.2293928518" lon="113.9851778024"><ele>277.000</ele></trkpt>
      <trkpt lat="22.2293918987" lon="113.9851659700"><ele>277.000</ele></trkpt>
      <trkpt lat="22.2293923284" lon="113.9851551251"><ele>277.000</ele></trkpt>
      <trkpt lat="22.2293909159" lon="113.9851442828"><ele>278.000</ele></trkpt>
      <trkpt lat="22.2293842070" lon="113.9851297326"><ele>278.000</ele></trkpt>
      <trkpt lat="22.2293787030" lon="113.9851183817"><ele>278.000</ele></trkpt>
      <trkpt lat="22.2293768057" lon="113.9851100232"><ele>278.000</ele></trkpt>
      <trkpt lat="22.2293766866" lon="113.9850932622"><ele>280.000</ele></trkpt>
      <trkpt lat="22.2293916137" lon="113.9850620961"><ele>280.000</ele></trkpt>
      <trkpt lat="22.2293956539" lon="113.9850497429"><ele>280.000</ele></trkpt>
      <trkpt lat="22.2294001218" lon="113.9850324519"><ele>280.000</ele></trkpt>
      <trkpt lat="22.2294018886" lon="113.9850220902"><ele>280.000</ele></trkpt>
      <trkpt lat="22.2293971173" lon="113.9849964991"><ele>280.000</ele></trkpt>
      <trkpt lat="22.2294025182" lon="113.9849816706"><ele>280.000</ele></trkpt>
      <trkpt lat="22.2294211440" lon="113.9849549031"><ele>280.000</ele></trkpt>
      <trkpt lat="22.2294356536" lon="113.9849296544"><ele>280.000</ele></trkpt>
      <trkpt lat="22.2294415371" lon="113.9849182686"><ele>280.000</ele></trkpt>
      <trkpt lat="22.2294542464" lon="113.9848979595"><ele>280.000</ele></trkpt>
      <trkpt lat="22.2294578572" lon="113.9848890599"><ele>280.000</ele></trkpt>
      <trkpt lat="22.2294614261" lon="113.9848752329"><ele>280.000</ele></trkpt>
      <trkpt lat="22.2294664203" lon="113.9848677961"><ele>278.000</ele></trkpt>
      <trkpt lat="22.2294741682" lon="113.9848598512"><ele>278.000</ele></trkpt>
      <trkpt lat="22.2294992997" lon="113.9848438803"><ele>278.000</ele></trkpt>
      <trkpt lat="22.2295107345" lon="113.9848378703"><ele>278.000</ele></trkpt>
      <trkpt lat="22.2295280636" lon="113.9848219586"><ele>278.000</ele></trkpt>
      <trkpt lat="22.2295417933" lon="113.9848169251"><ele>278.000</ele></trkpt>
      <trkpt lat="22.2295550607" lon="113.9848104082"><ele>278.000</ele></trkpt>
      <trkpt lat="22.2295843503" lon="113.9847978460"><ele>278.000</ele></trkpt>
      <trkpt lat="22.2296026670" lon="113.9847922825"><ele>279.000</ele></trkpt>
      <trkpt lat="22.2296118403" lon="113.9847907277"><ele>279.000</ele></trkpt>
      <trkpt lat="22.2296256017" lon="113.9847896323"><ele>279.000</ele></trkpt>
      <trkpt lat="22.2296375084" lon="113.9847855907"><ele>279.000</ele></trkpt>
      <trkpt lat="22.2296480124" lon="113.9847791067"><ele>280.000</ele></trkpt>
      <trkpt lat="22.2296566713" lon="113.9847701614"><ele>280.000</ele></trkpt>
      <trkpt lat="22.2296639263" lon="113.9847577844"><ele>280.000</ele></trkpt>
      <trkpt lat="22.2296839888" lon="113.9847393857"><ele>280.000</ele></trkpt>
      <trkpt lat="22.2296899137" lon="113.9847324327"><ele>282.000</ele></trkpt>
      <trkpt lat="22.2296985845" lon="113.9847259608"><ele>282.000</ele></trkpt>
      <trkpt lat="22.2297237705" lon="113.9847178757"><ele>282.000</ele></trkpt>
      <trkpt lat="22.2297324407" lon="113.9847108995"><ele>282.000</ele></trkpt>
      <trkpt lat="22.2297507335" lon="113.9847004085"><ele>284.000</ele></trkpt>
      <trkpt lat="22.2297594258" lon="113.9846968854"><ele>284.000</ele></trkpt>
      <trkpt lat="22.2297681284" lon="113.9846943516"><ele>284.000</ele></trkpt>
      <trkpt lat="22.2297749762" lon="113.9846888716"><ele>284.000</ele></trkpt>
      <trkpt lat="22.2297836356" lon="113.9846804210"><ele>287.000</ele></trkpt>
      <trkpt lat="22.2297927676" lon="113.9846744335"><ele>287.000</ele></trkpt>
      <trkpt lat="22.2298014696" lon="113.9846714050"><ele>287.000</ele></trkpt>
      <trkpt lat="22.2298092612" lon="113.9846698716"><ele>287.000</ele></trkpt>
      <trkpt lat="22.2298165911" lon="113.9846673493"><ele>288.000</ele></trkpt>
      <trkpt lat="22.2298225172" lon="113.9846613856"><ele>288.000</ele></trkpt>
      <trkpt lat="22.2298251967" lon="113.9846515076"><ele>290.000</ele></trkpt>
      <trkpt lat="22.2298269539" lon="113.9846406512"><ele>290.000</ele></trkpt>
      <trkpt lat="22.2298273605" lon="113.9846332497"><ele>290.000</ele></trkpt>
      <trkpt lat="22.2298309821" lon="113.9846258245"><ele>290.000</ele></trkpt>
      <trkpt lat="22.2298382485" lon="113.9846154165"><ele>292.000</ele></trkpt>
      <trkpt lat="22.2298473793" lon="113.9846084493"><ele>292.000</ele></trkpt>
      <trkpt lat="22.2298556207" lon="113.9846054214"><ele>292.000</ele></trkpt>
      <trkpt lat="22.2298844827" lon="113.9845977969"><ele>292.000</ele></trkpt>
      <trkpt lat="22.2298927349" lon="113.9845962531"><ele>292.000</ele></trkpt>
      <trkpt lat="22.2299225731" lon="113.9845969981"><ele>294.000</ele></trkpt>
      <trkpt lat="22.2299409203" lon="113.9845943832"><ele>294.000</ele></trkpt>
      <trkpt lat="22.2299789358" lon="113.9845837295"><ele>294.000</ele></trkpt>
      <trkpt lat="22.2299921924" lon="113.9845757383"><ele>294.000</ele></trkpt>
      <trkpt lat="22.2299981292" lon="113.9845712586"><ele>294.000</ele></trkpt>
      <trkpt lat="22.2300086548" lon="113.9845677232"><ele>296.000</ele></trkpt>
      <trkpt lat="22.2300173352" lon="113.9845617363"><ele>296.000</ele></trkpt>
      <trkpt lat="22.2300273769" lon="113.9845537688"><ele>296.000</ele></trkpt>
      <trkpt lat="22.2300643941" lon="113.9845312925"><ele>296.000</ele></trkpt>
      <trkpt lat="22.2300973161" lon="113.9845127889"><ele>298.000</ele></trkpt>
      <trkpt lat="22.2301083010" lon="113.9845082635"><ele>298.000</ele></trkpt>
      <trkpt lat="22.2301165101" lon="113.9845008126"><ele>298.000</ele></trkpt>
      <trkpt lat="22.2301256630" lon="113.9844972888"><ele>298.000</ele></trkpt>
      <trkpt lat="22.2301361766" lon="113.9844912897"><ele>298.000</ele></trkpt>
      <trkpt lat="22.2301457805" lon="113.9844872609"><ele>299.000</ele></trkpt>
      <trkpt lat="22.2301549317" lon="113.9844822627"><ele>299.000</ele></trkpt>
      <trkpt lat="22.2301645355" lon="113.9844782436"><ele>299.000</ele></trkpt>
      <trkpt lat="22.2301760020" lon="113.9844761813"><ele>299.000</ele></trkpt>
      <trkpt lat="22.2301892813" lon="113.9844721281"><ele>300.000</ele></trkpt>
      <trkpt lat="22.2302063013" lon="113.9844774107"><ele>300.000</ele></trkpt>
      <trkpt lat="22.2302150045" lon="113.9844753715"><ele>300.000</ele></trkpt>
      <trkpt lat="22.2302255606" lon="113.9844747945"><ele>300.000</ele></trkpt>
      <trkpt lat="22.2302365995" lon="113.9844776603"><ele>300.000</ele></trkpt>
      <trkpt lat="22.2302471993" lon="113.9844834948"><ele>300.000</ele></trkpt>
      <trkpt lat="22.2302554856" lon="113.9844878581"><ele>300.000</ele></trkpt>
      <trkpt lat="22.2302702215" lon="113.9844936579"><ele>300.000</ele></trkpt>
      <trkpt lat="22.2302753127" lon="113.9844995290"><ele>300.000</ele></trkpt>
      <trkpt lat="22.2302850141" lon="113.9845093126"><ele>301.000</ele></trkpt>
      <trkpt lat="22.2302965345" lon="113.9845146414"><ele>301.000</ele></trkpt>
      <trkpt lat="22.2303080351" lon="113.9845184863"><ele>301.000</ele></trkpt>
      <trkpt lat="22.2303149272" lon="113.9845199124"><ele>301.000</ele></trkpt>
      <trkpt lat="22.2303282173" lon="113.9845173432"><ele>301.000</ele></trkpt>
      <trkpt lat="22.2303382913" lon="113.9845138085"><ele>301.000</ele></trkpt>
      <trkpt lat="22.2303534571" lon="113.9845166395"><ele>301.000</ele></trkpt>
      <trkpt lat="22.2303699938" lon="113.9845179847"><ele>301.000</ele></trkpt>
      <trkpt lat="22.2303887662" lon="113.9845236043"><ele>300.000</ele></trkpt>
      <trkpt lat="22.2305628752" lon="113.9845751955"><ele>302.000</ele></trkpt>
      <trkpt lat="22.2305943759" lon="113.9845845296"><ele>301.000</ele></trkpt>
      <trkpt lat="22.2306779096" lon="113.9846152320"><ele>300.000</ele></trkpt>
      <trkpt lat="22.2307453457" lon="113.9846492834"><ele>302.000</ele></trkpt>
      <trkpt lat="22.2308690005" lon="113.9846858772"><ele>302.000</ele></trkpt>
      <trkpt lat="22.2308908545" lon="113.9847239580"><ele>302.000</ele></trkpt>
      <trkpt lat="22.2308999513" lon="113.9847417642"><ele>302.000</ele></trkpt>
      <trkpt lat="22.2309074110" lon="113.9847649754"><ele>300.000</ele></trkpt>
      <trkpt lat="22.2309173835" lon="113.9847901814"><ele>300.000</ele></trkpt>
      <trkpt lat="22.2309260343" lon="113.9848050201"><ele>300.000</ele></trkpt>
      <trkpt lat="22.2309310545" lon="113.9848119486"><ele>300.000</ele></trkpt>
      <trkpt lat="22.2309358472" lon="113.9848174031"><ele>298.000</ele></trkpt>
      <trkpt lat="22.2309486387" lon="113.9848285599"><ele>298.000</ele></trkpt>
      <trkpt lat="22.2309562001" lon="113.9848308193"><ele>298.000</ele></trkpt>
      <trkpt lat="22.2309642234" lon="113.9848343100"><ele>298.000</ele></trkpt>
      <trkpt lat="22.2309802439" lon="113.9848420384"><ele>298.000</ele></trkpt>
      <trkpt lat="22.2309928321" lon="113.9848492573"><ele>298.000</ele></trkpt>
      <trkpt lat="22.2310001592" lon="113.9848520021"><ele>298.000</ele></trkpt>
      <trkpt lat="22.2310084147" lon="113.9848532809"><ele>298.000</ele></trkpt>
      <trkpt lat="22.2310155391" lon="113.9848525825"><ele>298.000</ele></trkpt>
      <trkpt lat="22.2310245014" lon="113.9848481860"><ele>298.000</ele></trkpt>
      <trkpt lat="22.2310314131" lon="113.9848432976"><ele>298.000</ele></trkpt>
      <trkpt lat="22.2310386802" lon="113.9848358188"><ele>298.000</ele></trkpt>
      <trkpt lat="22.2310486032" lon="113.9848473287"><ele>298.000</ele></trkpt>
      <trkpt lat="22.2310527013" lon="113.9848535116"><ele>298.000</ele></trkpt>
      <trkpt lat="22.2310615724" lon="113.9848713084"><ele>296.000</ele></trkpt>
      <trkpt lat="22.2310633704" lon="113.9848797060"><ele>296.000</ele></trkpt>
      <trkpt lat="22.2310637872" lon="113.9848885808"><ele>296.000</ele></trkpt>
      <trkpt lat="22.2310632821" lon="113.9848967197"><ele>296.000</ele></trkpt>
      <trkpt lat="22.2310618666" lon="113.9849063244"><ele>296.000</ele></trkpt>
      <trkpt lat="22.2310597545" lon="113.9849149408"><ele>294.000</ele></trkpt>
      <trkpt lat="22.2310527650" lon="113.9849380844"><ele>294.000</ele></trkpt>
      <trkpt lat="22.2310517999" lon="113.9849467089"><ele>294.000</ele></trkpt>
      <trkpt lat="22.2310538242" lon="113.9849556008"><ele>294.000</ele></trkpt>
      <trkpt lat="22.2310565232" lon="113.9849622319"><ele>291.000</ele></trkpt>
      <trkpt lat="22.2310565232" lon="113.9849622348"><ele>291.000</ele></trkpt>
      <trkpt lat="22.2310606785" lon="113.9849625366"><ele>291.000</ele></trkpt>
      <trkpt lat="22.2310686923" lon="113.9849655433"><ele>291.000</ele></trkpt>
      <trkpt lat="22.2310808126" lon="113.9849757107"><ele>291.000</ele></trkpt>
      <trkpt lat="22.2310879058" lon="113.9849784558"><ele>291.000</ele></trkpt>
      <trkpt lat="22.2311032854" lon="113.9849780469"><ele>291.000</ele></trkpt>
      <trkpt lat="22.2311195908" lon="113.9849754164"><ele>291.000</ele></trkpt>
      <trkpt lat="22.2311425469" lon="113.9849740563"><ele>290.000</ele></trkpt>
      <trkpt lat="22.2311769468" lon="113.9849774413"><ele>290.000</ele></trkpt>
      <trkpt lat="22.2311925525" lon="113.9849780224"><ele>289.000</ele></trkpt>
      <trkpt lat="22.2311998880" lon="113.9849802725"><ele>289.000</ele></trkpt>
      <trkpt lat="22.2312081290" lon="113.9849845108"><ele>289.000</ele></trkpt>
      <trkpt lat="22.2312147540" lon="113.9849892353"><ele>289.000</ele></trkpt>
      <trkpt lat="22.2312202424" lon="113.9849941931"><ele>289.000</ele></trkpt>
      <trkpt lat="22.2312248005" lon="113.9850013639"><ele>290.000</ele></trkpt>
      <trkpt lat="22.2312291186" lon="113.9850095262"><ele>288.000</ele></trkpt>
      <trkpt lat="22.2312342987" lon="113.9850295203"><ele>288.000</ele></trkpt>
      <trkpt lat="22.2312383902" lon="113.9850376829"><ele>288.000</ele></trkpt>
      <trkpt lat="22.2312422629" lon="113.9850441077"><ele>288.000</ele></trkpt>
      <trkpt lat="22.2312479613" lon="113.9850517832"><ele>288.000</ele></trkpt>
      <trkpt lat="22.2312607624" lon="113.9850634434"><ele>285.000</ele></trkpt>
      <trkpt lat="22.2312662342" lon="113.9850696352"><ele>285.000</ele></trkpt>
      <trkpt lat="22.2312705595" lon="113.9850777956"><ele>286.000</ele></trkpt>
      <trkpt lat="22.2312771347" lon="113.9850938506"><ele>286.000</ele></trkpt>
      <trkpt lat="22.2312807817" lon="113.9851002863"><ele>286.000</ele></trkpt>
      <trkpt lat="22.2312862607" lon="113.9851057389"><ele>282.000</ele></trkpt>
      <trkpt lat="22.2313006760" lon="113.9851146917"><ele>282.000</ele></trkpt>
      <trkpt lat="22.2313070744" lon="113.9851194068"><ele>282.000</ele></trkpt>
      <trkpt lat="22.2313116519" lon="113.9851261720"><ele>282.000</ele></trkpt>
      <trkpt lat="22.2313128008" lon="113.9851271094"><ele>282.000</ele></trkpt>
      <trkpt lat="22.2313304475" lon="113.9851354952"><ele>282.000</ele></trkpt>
      <trkpt lat="22.2313510598" lon="113.9851483971"><ele>282.000</ele></trkpt>
      <trkpt lat="22.2313765247" lon="113.9851539118"><ele>278.000</ele></trkpt>
      <trkpt lat="22.2314072969" lon="113.9851495845"><ele>279.000</ele></trkpt>
      <trkpt lat="22.2314769020" lon="113.9851323105"><ele>278.000</ele></trkpt>
      <trkpt lat="22.2314974902" lon="113.9851538443"><ele>274.000</ele></trkpt>
      <trkpt lat="22.2315073423" lon="113.9851689152"><ele>274.000</ele></trkpt>
      <trkpt lat="22.2315103155" lon="113.9851936642"><ele>274.000</ele></trkpt>
      <trkpt lat="22.2314933589" lon="113.9852191969"><ele>274.000</ele></trkpt>
      <trkpt lat="22.2314933589" lon="113.9852191979"><ele>274.000</ele></trkpt>
      <trkpt lat="22.2314981556" lon="113.9852280959"><ele>272.000</ele></trkpt>
      <trkpt lat="22.2315098399" lon="113.9852345498"><ele>272.000</ele></trkpt>
      <trkpt lat="22.2315286459" lon="113.9852380744"><ele>272.000</ele></trkpt>
      <trkpt lat="22.2315713348" lon="113.9852389670"><ele>270.000</ele></trkpt>
      <trkpt lat="22.2315800465" lon="113.9852441737"><ele>270.000</ele></trkpt>
      <trkpt lat="22.2315864487" lon="113.9852513526"><ele>268.000</ele></trkpt>
      <trkpt lat="22.2315921362" lon="113.9852651865"><ele>268.000</ele></trkpt>
      <trkpt lat="22.2316019327" lon="113.9852866779"><ele>268.000</ele></trkpt>
      <trkpt lat="22.2316105951" lon="113.9853037379"><ele>266.000</ele></trkpt>
      <trkpt lat="22.2316222476" lon="113.9853215407"><ele>266.000</ele></trkpt>
      <trkpt lat="22.2316396193" lon="113.9853418286"><ele>264.000</ele></trkpt>
      <trkpt lat="22.2316554061" lon="113.9853581612"><ele>264.000</ele></trkpt>
      <trkpt lat="22.2316677557" lon="113.9853698037"><ele>264.000</ele></trkpt>
      <trkpt lat="22.2316890301" lon="113.9853913376"><ele>263.000</ele></trkpt>
      <trkpt lat="22.2317011618" lon="113.9854019910"><ele>262.000</ele></trkpt>
      <trkpt lat="22.2317240764" lon="113.9854129208"><ele>262.000</ele></trkpt>
      <trkpt lat="22.2317582214" lon="113.9854283360"><ele>262.000</ele></trkpt>
      <trkpt lat="22.2317637184" lon="113.9854337799"><ele>262.000</ele></trkpt>
      <trkpt lat="22.2317664457" lon="113.9854414391"><ele>262.000</ele></trkpt>
      <trkpt lat="22.2317670991" lon="113.9854518074"><ele>258.000</ele></trkpt>
      <trkpt lat="22.2317698321" lon="113.9854567506"><ele>258.000</ele></trkpt>
      <trkpt lat="22.2317796627" lon="113.9854688718"><ele>258.000</ele></trkpt>
      <trkpt lat="22.2318148954" lon="113.9855030355"><ele>254.000</ele></trkpt>
      <trkpt lat="22.2318446257" lon="113.9855349660"><ele>254.000</ele></trkpt>
      <trkpt lat="22.2318610924" lon="113.9855535190"><ele>252.000</ele></trkpt>
      <trkpt lat="22.2318770912" lon="113.9855735663"><ele>252.000</ele></trkpt>
      <trkpt lat="22.2318898741" lon="113.9855928518"><ele>250.000</ele></trkpt>
      <trkpt lat="22.2318978642" lon="113.9856064402"><ele>250.000</ele></trkpt>
      <trkpt lat="22.2319120414" lon="113.9856210484"><ele>250.000</ele></trkpt>
      <trkpt lat="22.2319218933" lon="113.9856282421"><ele>250.000</ele></trkpt>
      <trkpt lat="22.2319305747" lon="113.9856383861"><ele>248.000</ele></trkpt>
      <trkpt lat="22.2319440533" lon="113.9856579228"><ele>248.000</ele></trkpt>
      <trkpt lat="22.2319614323" lon="113.9856767267"><ele>248.000</ele></trkpt>
      <trkpt lat="22.2319744784" lon="113.9856893577"><ele>246.000</ele></trkpt>
      <trkpt lat="22.2319856676" lon="113.9857049400"><ele>246.000</ele></trkpt>
      <trkpt lat="22.2319911436" lon="113.9857155636"><ele>246.000</ele></trkpt>
      <trkpt lat="22.2320012014" lon="113.9857289165"><ele>246.000</ele></trkpt>
      <trkpt lat="22.2320096643" lon="113.9857375864"><ele>245.000</ele></trkpt>
      <trkpt lat="22.2320171915" lon="113.9857492064"><ele>245.000</ele></trkpt>
      <trkpt lat="22.2320242417" lon="113.9857699546"><ele>245.000</ele></trkpt>
      <trkpt lat="22.2320278687" lon="113.9857825402"><ele>244.000</ele></trkpt>
      <trkpt lat="22.2320324315" lon="113.9857921854"><ele>244.000</ele></trkpt>
      <trkpt lat="22.2320447685" lon="113.9858085033"><ele>242.000</ele></trkpt>
      <trkpt lat="22.2320610269" lon="113.9858189281"><ele>242.000</ele></trkpt>
      <trkpt lat="22.2320841561" lon="113.9858357843"><ele>239.000</ele></trkpt>
      <trkpt lat="22.2321223755" lon="113.9858679847"><ele>239.000</ele></trkpt>
      <trkpt lat="22.2321571820" lon="113.9858930215"><ele>236.000</ele></trkpt>
      <trkpt lat="22.2321727543" lon="113.9859036897"><ele>236.000</ele></trkpt>
      <trkpt lat="22.2321899341" lon="113.9859143558"><ele>236.000</ele></trkpt>
      <trkpt lat="22.2322064124" lon="113.9859274866"><ele>234.000</ele></trkpt>
      <trkpt lat="22.2322132754" lon="113.9859349074"><ele>234.000</ele></trkpt>
      <trkpt lat="22.2322178291" lon="113.9859445526"><ele>234.000</ele></trkpt>
      <trkpt lat="22.2322207914" lon="113.9859524541"><ele>234.000</ele></trkpt>
      <trkpt lat="22.2322264853" lon="113.9859640669"><ele>234.000</ele></trkpt>
      <trkpt lat="22.2322349499" lon="113.9859742112"><ele>234.000</ele></trkpt>
      <trkpt lat="22.2322601326" lon="113.9859940329"><ele>232.000</ele></trkpt>
      <trkpt lat="22.2322793655" lon="113.9860074218"><ele>232.000</ele></trkpt>
      <trkpt lat="22.2322889896" lon="113.9860128892"><ele>232.000</ele></trkpt>
      <trkpt lat="22.2323068607" lon="113.9860201012"><ele>232.000</ele></trkpt>
      <trkpt lat="22.2323153524" lon="113.9860226020"><ele>230.000</ele></trkpt>
      <trkpt lat="22.2323224470" lon="113.9860273065"><ele>230.000</ele></trkpt>
      <trkpt lat="22.2323368534" lon="113.9860448730"><ele>230.000</ele></trkpt>
      <trkpt lat="22.2323524319" lon="113.9860530678"><ele>230.000</ele></trkpt>
      <trkpt lat="22.2323840555" lon="113.9860670026"><ele>228.000</ele></trkpt>
      <trkpt lat="22.2324191154" lon="113.9860848806"><ele>226.000</ele></trkpt>
      <trkpt lat="22.2324411045" lon="113.9860997596"><ele>226.000</ele></trkpt>
      <trkpt lat="22.2324667597" lon="113.9861144106"><ele>224.000</ele></trkpt>
      <trkpt lat="22.2324770628" lon="113.9861213515"><ele>224.000</ele></trkpt>
      <trkpt lat="22.2324843869" lon="113.9861292665"><ele>224.000</ele></trkpt>
      <trkpt lat="22.2324882546" lon="113.9861391552"><ele>224.000</ele></trkpt>
      <trkpt lat="22.2324889009" lon="113.9861512404"><ele>224.000</ele></trkpt>
      <trkpt lat="22.2324906932" lon="113.9861625966"><ele>223.000</ele></trkpt>
      <trkpt lat="22.2324945618" lon="113.9861732128"><ele>222.000</ele></trkpt>
      <trkpt lat="22.2324977302" lon="113.9861875353"><ele>222.000</ele></trkpt>
      <trkpt lat="22.2325013573" lon="113.9862001306"><ele>222.000</ele></trkpt>
      <trkpt lat="22.2325026972" lon="113.9862107406"><ele>222.000</ele></trkpt>
      <trkpt lat="22.2325069787" lon="113.9862346839"><ele>221.000</ele></trkpt>
      <trkpt lat="22.2325125388" lon="113.9862862607"><ele>220.000</ele></trkpt>
      <trkpt lat="22.2325135516" lon="113.9863259805"><ele>218.000</ele></trkpt>
      <trkpt lat="22.2325171515" lon="113.9863462291"><ele>218.000</ele></trkpt>
      <trkpt lat="22.2325221678" lon="113.9863575907"><ele>218.000</ele></trkpt>
      <trkpt lat="22.2325312962" lon="113.9863716821"><ele>216.000</ele></trkpt>
      <trkpt lat="22.2325434144" lon="113.9863862835"><ele>216.000</ele></trkpt>
      <trkpt lat="22.2325596531" lon="113.9864031103"><ele>216.000</ele></trkpt>
      <trkpt lat="22.2325731440" lon="113.9864177196"><ele>214.000</ele></trkpt>
      <trkpt lat="22.2325898436" lon="113.9864347981"><ele>214.000</ele></trkpt>
      <trkpt lat="22.2326225609" lon="113.9864650080"><ele>214.000</ele></trkpt>
      <trkpt lat="22.2326312588" lon="113.9864739202"><ele>214.000</ele></trkpt>
      <trkpt lat="22.2326472715" lon="113.9864905049"><ele>214.000</ele></trkpt>
      <trkpt lat="22.2326589203" lon="113.9865053495"><ele>214.000</ele></trkpt>
      <trkpt lat="22.2326849440" lon="113.9865493521"><ele>212.000</ele></trkpt>
      <trkpt lat="22.2327091166" lon="113.9865935901"><ele>212.000</ele></trkpt>
      <trkpt lat="22.2327223416" lon="113.9866202859"><ele>212.000</ele></trkpt>
      <trkpt lat="22.2327640885" lon="113.9866959183"><ele>212.000</ele></trkpt>
      <trkpt lat="22.2327757045" lon="113.9867213650"><ele>211.000</ele></trkpt>
      <trkpt lat="22.2327864015" lon="113.9867485396"><ele>211.000</ele></trkpt>
      <trkpt lat="22.2327985056" lon="113.9867665943"><ele>210.000</ele></trkpt>
      <trkpt lat="22.2328154394" lon="113.9867831778"><ele>210.000</ele></trkpt>
      <trkpt lat="22.2328296294" lon="113.9867933436"><ele>210.000</ele></trkpt>
      <trkpt lat="22.2328621624" lon="113.9868126997"><ele>209.000</ele></trkpt>
      <trkpt lat="22.2329061512" lon="113.9868362889"><ele>209.000</ele></trkpt>
      <trkpt lat="22.2329304547" lon="113.9868457524"><ele>209.000</ele></trkpt>
      <trkpt lat="22.2329545357" lon="113.9868502789"><ele>205.000</ele></trkpt>
      <trkpt lat="22.2329694409" lon="113.9868542746"><ele>205.000</ele></trkpt>
      <trkpt lat="22.2329852468" lon="113.9868639533"><ele>205.000</ele></trkpt>
      <trkpt lat="22.2330147781" lon="113.9868879888"><ele>204.000</ele></trkpt>
      <trkpt lat="22.2330253080" lon="113.9868959189"><ele>202.000</ele></trkpt>
      <trkpt lat="22.2330399723" lon="113.9869023787"><ele>200.000</ele></trkpt>
      <trkpt lat="22.2330681973" lon="113.9869059394"><ele>200.000</ele></trkpt>
      <trkpt lat="22.2330851706" lon="113.9869099420"><ele>200.000</ele></trkpt>
      <trkpt lat="22.2331000612" lon="113.9869169059"><ele>200.000</ele></trkpt>
      <trkpt lat="22.2331062451" lon="113.9869228437"><ele>200.000</ele></trkpt>
      <trkpt lat="22.2331126393" lon="113.9869310122"><ele>200.000</ele></trkpt>
      <trkpt lat="22.2331162814" lon="113.9869411340"><ele>200.000</ele></trkpt>
      <trkpt lat="22.2331206079" lon="113.9869495381"><ele>200.000</ele></trkpt>
      <trkpt lat="22.2331274709" lon="113.9869569687"><ele>198.000</ele></trkpt>
      <trkpt lat="22.2331343464" lon="113.9869597046"><ele>198.000</ele></trkpt>
      <trkpt lat="22.2331419237" lon="113.9869602182"><ele>198.000</ele></trkpt>
      <trkpt lat="22.2331513413" lon="113.9869590221"><ele>198.000</ele></trkpt>
      <trkpt lat="22.2331841939" lon="113.9869505000"><ele>196.000</ele></trkpt>
      <trkpt lat="22.2331942899" lon="113.9869502924"><ele>196.000</ele></trkpt>
      <trkpt lat="22.2332039136" lon="113.9869555078"><ele>196.000</ele></trkpt>
      <trkpt lat="22.2332148977" lon="113.9869656586"><ele>194.000</ele></trkpt>
      <trkpt lat="22.2332240413" lon="113.9869772862"><ele>194.000</ele></trkpt>
      <trkpt lat="22.2332350184" lon="113.9869891636"><ele>194.000</ele></trkpt>
      <trkpt lat="22.2332485150" lon="113.9870010570"><ele>193.000</ele></trkpt>
      <trkpt lat="22.2332677499" lon="113.9870161728"><ele>192.000</ele></trkpt>
      <trkpt lat="22.2332858420" lon="113.9870270900"><ele>192.000</ele></trkpt>
      <trkpt lat="22.2333034893" lon="113.9870360291"><ele>192.000</ele></trkpt>
      <trkpt lat="22.2333252490" lon="113.9870479502"><ele>190.000</ele></trkpt>
      <trkpt lat="22.2333376137" lon="113.9870571194"><ele>190.000</ele></trkpt>
      <trkpt lat="22.2333469909" lon="113.9870677671"><ele>190.000</ele></trkpt>
      <trkpt lat="22.2333588882" lon="113.9870789061"><ele>188.000</ele></trkpt>
      <trkpt lat="22.2333730861" lon="113.9870880826"><ele>188.000</ele></trkpt>
      <trkpt lat="22.2333985221" lon="113.9871007553"><ele>186.000</ele></trkpt>
      <trkpt lat="22.2334574380" lon="113.9871239075"><ele>186.000</ele></trkpt>
      <trkpt lat="22.2335248156" lon="113.9871547308"><ele>184.000</ele></trkpt>
      <trkpt lat="22.2335500236" lon="113.9871654251"><ele>184.000</ele></trkpt>
      <trkpt lat="22.2335656171" lon="113.9871711562"><ele>184.000</ele></trkpt>
      <trkpt lat="22.2336121476" lon="113.9871905615"><ele>184.000</ele></trkpt>
      <trkpt lat="22.2336334620" lon="113.9872000098"><ele>182.000</ele></trkpt>
      <trkpt lat="22.2336852541" lon="113.9872243744"><ele>182.000</ele></trkpt>
      <trkpt lat="22.2337063353" lon="113.9872352974"><ele>181.000</ele></trkpt>
      <trkpt lat="22.2337512294" lon="113.9872608645"><ele>182.000</ele></trkpt>
      <trkpt lat="22.2337885715" lon="113.9872844338"><ele>181.000</ele></trkpt>
      <trkpt lat="22.2338057372" lon="113.9872985534"><ele>180.000</ele></trkpt>
      <trkpt lat="22.2338226487" lon="113.9873193372"><ele>180.000</ele></trkpt>
      <trkpt lat="22.2338416210" lon="113.9873416121"><ele>180.000</ele></trkpt>
      <trkpt lat="22.2338528197" lon="113.9873576796"><ele>178.000</ele></trkpt>
      <trkpt lat="22.2338628756" lon="113.9873695584"><ele>178.000</ele></trkpt>
      <trkpt lat="22.2338740925" lon="113.9873779823"><ele>178.000</ele></trkpt>
      <trkpt lat="22.2339057171" lon="113.9873928973"><ele>178.000</ele></trkpt>
      <trkpt lat="22.2339183224" lon="113.9873993600"><ele>178.000</ele></trkpt>
      <trkpt lat="22.2339332147" lon="113.9874077984"><ele>178.000</ele></trkpt>
      <trkpt lat="22.2339437450" lon="113.9874159807"><ele>179.000</ele></trkpt>
      <trkpt lat="22.2339716479" lon="113.9874454314"><ele>178.000</ele></trkpt>
      <trkpt lat="22.2340034529" lon="113.9874756431"><ele>180.000</ele></trkpt>
      <trkpt lat="22.2340380164" lon="113.9875016606"><ele>178.000</ele></trkpt>
      <trkpt lat="22.2340563447" lon="113.9875138193"><ele>178.000</ele></trkpt>
      <trkpt lat="22.2340787924" lon="113.9875272140"><ele>178.000</ele></trkpt>
      <trkpt lat="22.2341170514" lon="113.9875470865"><ele>178.000</ele></trkpt>
      <trkpt lat="22.2341592206" lon="113.9875669732"><ele>178.000</ele></trkpt>
      <trkpt lat="22.2341832887" lon="113.9875759425"><ele>176.000</ele></trkpt>
      <trkpt lat="22.2342014094" lon="113.9875804481"><ele>176.000</ele></trkpt>
      <trkpt lat="22.2342261860" lon="113.9875852164"><ele>175.000</ele></trkpt>
      <trkpt lat="22.2342693156" lon="113.9875922783"><ele>174.000</ele></trkpt>
      <trkpt lat="22.2342892620" lon="113.9875980231"><ele>174.000</ele></trkpt>
      <trkpt lat="22.2343117439" lon="113.9876020475"><ele>174.000</ele></trkpt>
      <trkpt lat="22.2343564947" lon="113.9876054116"><ele>172.000</ele></trkpt>
      <trkpt lat="22.2343661249" lon="113.9876084057"><ele>172.000</ele></trkpt>
      <trkpt lat="22.2343750611" lon="113.9876126326"><ele>172.000</ele></trkpt>
      <trkpt lat="22.2343933664" lon="113.9876282445"><ele>170.000</ele></trkpt>
      <trkpt lat="22.2344077782" lon="113.9876428432"><ele>170.000</ele></trkpt>
      <trkpt lat="22.2344201240" lon="113.9876591713"><ele>170.000</ele></trkpt>
      <trkpt lat="22.2344262857" lon="113.9876693093"><ele>170.000</ele></trkpt>
      <trkpt lat="22.2344383681" lon="113.9876920494"><ele>168.000</ele></trkpt>
      <trkpt lat="22.2344475048" lon="113.9877056463"><ele>168.000</ele></trkpt>
      <trkpt lat="22.2344614488" lon="113.9877217298"><ele>166.000</ele></trkpt>
      <trkpt lat="22.2344893581" lon="113.9877489689"><ele>165.000</ele></trkpt>
      <trkpt lat="22.2345101939" lon="113.9877663041"><ele>164.000</ele></trkpt>
      <trkpt lat="22.2345202419" lon="113.9877791723"><ele>164.000</ele></trkpt>
      <trkpt lat="22.2345316798" lon="113.9877913015"><ele>162.000</ele></trkpt>
      <trkpt lat="22.2345685338" lon="113.9878222632"><ele>162.000</ele></trkpt>
      <trkpt lat="22.2345792827" lon="113.9878321720"><ele>162.000</ele></trkpt>
      <trkpt lat="22.2345866065" lon="113.9878398446"><ele>162.000</ele></trkpt>
      <trkpt lat="22.2345920879" lon="113.9878475100"><ele>162.000</ele></trkpt>
      <trkpt lat="22.2345925075" lon="113.9878588586"><ele>162.000</ele></trkpt>
      <trkpt lat="22.2345960937" lon="113.9878830555"><ele>160.000</ele></trkpt>
      <trkpt lat="22.2346006019" lon="113.9879079786"><ele>160.000</ele></trkpt>
      <trkpt lat="22.2346057961" lon="113.9879326681"><ele>159.000</ele></trkpt>
      <trkpt lat="22.2346105581" lon="113.9879506941"><ele>159.000</ele></trkpt>
      <trkpt lat="22.2346162451" lon="113.9879642860"><ele>158.000</ele></trkpt>
      <trkpt lat="22.2346228755" lon="113.9879736862"><ele>158.000</ele></trkpt>
      <trkpt lat="22.2346363656" lon="113.9879877915"><ele>158.000</ele></trkpt>
      <trkpt lat="22.2346494104" lon="113.9879994335"><ele>158.000</ele></trkpt>
      <trkpt lat="22.2346587788" lon="113.9880103238"><ele>156.000</ele></trkpt>
      <trkpt lat="22.2346638079" lon="113.9880172430"><ele>156.000</ele></trkpt>
      <trkpt lat="22.2346745251" lon="113.9880387434"><ele>156.000</ele></trkpt>
      <trkpt lat="22.2346827407" lon="113.9880523416"><ele>156.000</ele></trkpt>
      <trkpt lat="22.2346891428" lon="113.9880595208"><ele>154.000</ele></trkpt>
      <trkpt lat="22.2346980649" lon="113.9880672010"><ele>154.000</ele></trkpt>
      <trkpt lat="22.2347044816" lon="113.9880714120"><ele>154.000</ele></trkpt>
      <trkpt lat="22.2347450503" lon="113.9880895647"><ele>153.000</ele></trkpt>
      <trkpt lat="22.2347574075" lon="113.9881002183"><ele>151.000</ele></trkpt>
      <trkpt lat="22.2347617345" lon="113.9881091172"><ele>150.000</ele></trkpt>
      <trkpt lat="22.2347648896" lon="113.9881276304"><ele>150.000</ele></trkpt>
      <trkpt lat="22.2347680161" lon="113.9881525555"><ele>150.000</ele></trkpt>
      <trkpt lat="22.2347718704" lon="113.9881666348"><ele>150.000</ele></trkpt>
      <trkpt lat="22.2347752909" lon="113.9881725667"><ele>150.000</ele></trkpt>
      <trkpt lat="22.2347846733" lon="113.9881799941"><ele>150.000</ele></trkpt>
      <trkpt lat="22.2347922357" lon="113.9881832336"><ele>150.000</ele></trkpt>
      <trkpt lat="22.2348046343" lon="113.9881827805"><ele>148.000</ele></trkpt>
      <trkpt lat="22.2348168121" lon="113.9881788744"><ele>148.000</ele></trkpt>
      <trkpt lat="22.2348267029" lon="113.9881729926"><ele>148.000</ele></trkpt>
      <trkpt lat="22.2348334004" lon="113.9881624106"><ele>148.000</ele></trkpt>
      <trkpt lat="22.2348419171" lon="113.9881552793"><ele>147.000</ele></trkpt>
      <trkpt lat="22.2348527143" lon="113.9881523645"><ele>146.000</ele></trkpt>
      <trkpt lat="22.2348646447" lon="113.9881531439"><ele>146.000</ele></trkpt>
      <trkpt lat="22.2348770503" lon="113.9881509642"><ele>146.000</ele></trkpt>
      <trkpt lat="22.2348878614" lon="113.9881443440"><ele>144.000</ele></trkpt>
      <trkpt lat="22.2348931780" lon="113.9881344913"><ele>144.000</ele></trkpt>
      <trkpt lat="22.2348975932" lon="113.9881182280"><ele>144.000</ele></trkpt>
      <trkpt lat="22.2348974806" lon="113.9880834436"><ele>143.000</ele></trkpt>
      <trkpt lat="22.2348968670" lon="113.9880605036"><ele>143.000</ele></trkpt>
      <trkpt lat="22.2349003773" lon="113.9880427478"><ele>142.000</ele></trkpt>
      <trkpt lat="22.2349056996" lon="113.9880299365"><ele>142.000</ele></trkpt>
      <trkpt lat="22.2349089485" lon="113.9880203290"><ele>142.000</ele></trkpt>
      <trkpt lat="22.2349099019" lon="113.9880092309"><ele>142.000</ele></trkpt>
      <trkpt lat="22.2349129236" lon="113.9879983918"><ele>142.000</ele></trkpt>
      <trkpt lat="22.2349226276" lon="113.9879794248"><ele>142.000</ele></trkpt>
      <trkpt lat="22.2349332662" lon="113.9879565183"><ele>139.000</ele></trkpt>
      <trkpt lat="22.2349408895" lon="113.9879422392"><ele>139.000</ele></trkpt>
      <trkpt lat="22.2349427497" lon="113.9879343505"><ele>139.000</ele></trkpt>
      <trkpt lat="22.2349469661" lon="113.9879101916"><ele>139.000</ele></trkpt>
      <trkpt lat="22.2349539025" lon="113.9878954188"><ele>139.000</ele></trkpt>
      <trkpt lat="22.2349592048" lon="113.9878887768"><ele>139.000</ele></trkpt>
      <trkpt lat="22.2349695907" lon="113.9878737568"><ele>139.000</ele></trkpt>
      <trkpt lat="22.2349723916" lon="113.9878594648"><ele>139.000</ele></trkpt>
      <trkpt lat="22.2349742925" lon="113.9878399844"><ele>139.000</ele></trkpt>
      <trkpt lat="22.2349745736" lon="113.9878254242"><ele>139.000</ele></trkpt>
      <trkpt lat="22.2349796970" lon="113.9878047270"><ele>138.000</ele></trkpt>
      <trkpt lat="22.2349866253" lon="113.9877906817"><ele>138.000</ele></trkpt>
      <trkpt lat="22.2349928616" lon="113.9877796055"><ele>138.000</ele></trkpt>
      <trkpt lat="22.2350126695" lon="113.9877594512"><ele>138.000</ele></trkpt>
      <trkpt lat="22.2350283170" lon="113.9877493906"><ele>134.000</ele></trkpt>
      <trkpt lat="22.2350694795" lon="113.9877268408"><ele>130.000</ele></trkpt>
      <trkpt lat="22.2351106494" lon="113.9877028069"><ele>130.000</ele></trkpt>
      <trkpt lat="22.2351552533" lon="113.9876807569"><ele>129.000</ele></trkpt>
      <trkpt lat="22.2352554810" lon="113.9876389312"><ele>122.000</ele></trkpt>
      <trkpt lat="22.2352807560" lon="113.9876296434"><ele>122.000</ele></trkpt>
      <trkpt lat="22.2353081084" lon="113.9876206147"><ele>119.000</ele></trkpt>
      <trkpt lat="22.2353313101" lon="113.9876145306"><ele>121.000</ele></trkpt>
      <trkpt lat="22.2353611823" lon="113.9876057507"><ele>118.000</ele></trkpt>
      <trkpt lat="22.2354101347" lon="113.9875879144"><ele>116.000</ele></trkpt>
      <trkpt lat="22.2354581585" lon="113.9875713111"><ele>115.000</ele></trkpt>
      <trkpt lat="22.2354788400" lon="113.9875647261"><ele>114.000</ele></trkpt>
      <trkpt lat="22.2354981343" lon="113.9875610917"><ele>114.000</ele></trkpt>
      <trkpt lat="22.2355021703" lon="113.9875605043"><ele>114.000</ele></trkpt>
      <trkpt lat="22.2355378624" lon="113.9875553056"><ele>112.000</ele></trkpt>
      <trkpt lat="22.2355585378" lon="113.9875511941"><ele>112.000</ele></trkpt>
      <trkpt lat="22.2356116062" lon="113.9875392886"><ele>110.000</ele></trkpt>
      <trkpt lat="22.2356281446" lon="113.9875344163"><ele>110.000</ele></trkpt>
      <trkpt lat="22.2356412304" lon="113.9875347092"><ele>110.000</ele></trkpt>
      <trkpt lat="22.2356561277" lon="113.9875396944"><ele>110.000</ele></trkpt>
      <trkpt lat="22.2356657515" lon="113.9875449099"><ele>110.000</ele></trkpt>
      <trkpt lat="22.2356728623" lon="113.9875481402"><ele>110.000</ele></trkpt>
      <trkpt lat="22.2356829589" lon="113.9875484176"><ele>110.000</ele></trkpt>
      <trkpt lat="22.2356972042" lon="113.9875440334"><ele>110.000</ele></trkpt>
      <trkpt lat="22.2357084693" lon="113.9875396338"><ele>108.000</ele></trkpt>
      <trkpt lat="22.2357153645" lon="113.9875359579"><ele>108.000</ele></trkpt>
      <trkpt lat="22.2357227345" lon="113.9875290706"><ele>108.000</ele></trkpt>
      <trkpt lat="22.2357307979" lon="113.9875204655"><ele>108.000</ele></trkpt>
      <trkpt lat="22.2357374880" lon="113.9875113577"><ele>108.000</ele></trkpt>
      <trkpt lat="22.2357464641" lon="113.9875032557"><ele>105.000</ele></trkpt>
      <trkpt lat="22.2357533674" lon="113.9874988329"><ele>105.000</ele></trkpt>
      <trkpt lat="22.2357639456" lon="113.9874939395"><ele>105.000</ele></trkpt>
      <trkpt lat="22.2357745089" lon="113.9874917622"><ele>105.000</ele></trkpt>
      <trkpt lat="22.2358106337" lon="113.9874858256"><ele>102.000</ele></trkpt>
      <trkpt lat="22.2358189045" lon="113.9874847475"><ele>102.000</ele></trkpt>
      <trkpt lat="22.2358410782" lon="113.9874800034"><ele>100.000</ele></trkpt>
      <trkpt lat="22.2358555531" lon="113.9874788782"><ele>100.000</ele></trkpt>
      <trkpt lat="22.2358693167" lon="113.9874797230"><ele>100.000</ele></trkpt>
      <trkpt lat="22.2358762063" lon="113.9874790444"><ele>100.000</ele></trkpt>
      <trkpt lat="22.2358828693" lon="113.9874776096"><ele>98.000</ele></trkpt>
      <trkpt lat="22.2358895486" lon="113.9874747099"><ele>98.000</ele></trkpt>
      <trkpt lat="22.2358982872" lon="113.9874720598"><ele>100.000</ele></trkpt>
      <trkpt lat="22.2359102711" lon="113.9874645163"><ele>100.000</ele></trkpt>
      <trkpt lat="22.2359220453" lon="113.9874552368"><ele>100.000</ele></trkpt>
      <trkpt lat="22.2359508972" lon="113.9874310544"><ele>100.000</ele></trkpt>
      <trkpt lat="22.2359684287" lon="113.9874181296"><ele>101.000</ele></trkpt>
      <trkpt lat="22.2359868807" lon="113.9874047088"><ele>100.000</ele></trkpt>
      <trkpt lat="22.2360135877" lon="113.9873921015"><ele>100.000</ele></trkpt>
      <trkpt lat="22.2360195886" lon="113.9873882037"><ele>100.000</ele></trkpt>
      <trkpt lat="22.2360294811" lon="113.9873838447"><ele>100.000</ele></trkpt>
      <trkpt lat="22.2360525596" lon="113.9873650438"><ele>100.000</ele></trkpt>
      <trkpt lat="22.2360650128" lon="113.9873572475"><ele>98.000</ele></trkpt>
      <trkpt lat="22.2360839012" lon="113.9873462997"><ele>98.000</ele></trkpt>
      <trkpt lat="22.2361032434" lon="113.9873373302"><ele>98.000</ele></trkpt>
      <trkpt lat="22.2361230541" lon="113.9873273802"><ele>98.000</ele></trkpt>
      <trkpt lat="22.2361373169" lon="113.9873225595"><ele>98.000</ele></trkpt>
      <trkpt lat="22.2361513382" lon="113.9873197082"><ele>98.000</ele></trkpt>
      <trkpt lat="22.2361584699" lon="113.9873175451"><ele>98.000</ele></trkpt>
      <trkpt lat="22.2361812137" lon="113.9873137800"><ele>98.000</ele></trkpt>
      <trkpt lat="22.2362248844" lon="113.9873047486"><ele>96.000</ele></trkpt>
      <trkpt lat="22.2362317906" lon="113.9873028284"><ele>96.000</ele></trkpt>
      <trkpt lat="22.2362522637" lon="113.9872955936"><ele>94.000</ele></trkpt>
      <trkpt lat="22.2362591612" lon="113.9872939256"><ele>94.000</ele></trkpt>
      <trkpt lat="22.2362740881" lon="113.9872932944"><ele>94.000</ele></trkpt>
      <trkpt lat="22.2362809704" lon="113.9872940903"><ele>94.000</ele></trkpt>
      <trkpt lat="22.2362947026" lon="113.9872988831"><ele>94.000</ele></trkpt>
      <trkpt lat="22.2363008836" lon="113.9873023766"><ele>94.000</ele></trkpt>
      <trkpt lat="22.2363120661" lon="113.9873123236"><ele>94.000</ele></trkpt>
      <trkpt lat="22.2363170752" lon="113.9873175453"><ele>94.000</ele></trkpt>
      <trkpt lat="22.2363348211" lon="113.9873413451"><ele>94.000</ele></trkpt>
      <trkpt lat="22.2363402997" lon="113.9873465662"><ele>94.000</ele></trkpt>
      <trkpt lat="22.2363681493" lon="113.9873689653"><ele>94.000</ele></trkpt>
      <trkpt lat="22.2363802681" lon="113.9873764570"><ele>93.000</ele></trkpt>
      <trkpt lat="22.2363869004" lon="113.9873797073"><ele>93.000</ele></trkpt>
      <trkpt lat="22.2364006419" lon="113.9873847524"><ele>93.000</ele></trkpt>
      <trkpt lat="22.2364205554" lon="113.9873932812"><ele>92.000</ele></trkpt>
      <trkpt lat="22.2364267271" lon="113.9873965418"><ele>92.000</ele></trkpt>
      <trkpt lat="22.2364331257" lon="113.9874007819"><ele>92.000</ele></trkpt>
      <trkpt lat="22.2364443076" lon="113.9874102343"><ele>92.000</ele></trkpt>
      <trkpt lat="22.2364502457" lon="113.9874144653"><ele>92.000</ele></trkpt>
      <trkpt lat="22.2364646735" lon="113.9874195094"><ele>92.000</ele></trkpt>
      <trkpt lat="22.2364715643" lon="113.9874198106"><ele>91.000</ele></trkpt>
      <trkpt lat="22.2364855613" lon="113.9874194232"><ele>91.000</ele></trkpt>
      <trkpt lat="22.2365000438" lon="113.9874170757"><ele>91.000</ele></trkpt>
      <trkpt lat="22.2365159211" lon="113.9874105358"><ele>90.000</ele></trkpt>
      <trkpt lat="22.2365221395" lon="113.9874073846"><ele>90.000</ele></trkpt>
      <trkpt lat="22.2365283658" lon="113.9874032439"><ele>90.000</ele></trkpt>
      <trkpt lat="22.2365468033" lon="113.9873927817"><ele>90.000</ele></trkpt>
      <trkpt lat="22.2365666058" lon="113.9873835690"><ele>89.000</ele></trkpt>
      <trkpt lat="22.2365728239" lon="113.9873801655"><ele>89.000</ele></trkpt>
      <trkpt lat="22.2365864001" lon="113.9873750935"><ele>90.000</ele></trkpt>
      <trkpt lat="22.2365935236" lon="113.9873736677"><ele>90.000</ele></trkpt>
      <trkpt lat="22.2366004132" lon="113.9873729891"><ele>90.000</ele></trkpt>
      <trkpt lat="22.2366224178" lon="113.9873780909"><ele>88.000</ele></trkpt>
      <trkpt lat="22.2366269984" lon="113.9873798502"><ele>88.000</ele></trkpt>
      <trkpt lat="22.2366340983" lon="113.9873813830"><ele>88.000</ele></trkpt>
      <trkpt lat="22.2366412148" lon="113.9873816838"><ele>88.000</ele></trkpt>
      <trkpt lat="22.2366584580" lon="113.9873771307"><ele>88.000</ele></trkpt>
      <trkpt lat="22.2366869615" lon="113.9873716893"><ele>89.000</ele></trkpt>
      <trkpt lat="22.2367218136" lon="113.9873431141"><ele>90.000</ele></trkpt>
      <trkpt lat="22.2367275866" lon="113.9873374899"><ele>90.000</ele></trkpt>
      <trkpt lat="22.2367324386" lon="113.9873318573"><ele>90.000</ele></trkpt>
      <trkpt lat="22.2367562127" lon="113.9873133076"><ele>90.000</ele></trkpt>
      <trkpt lat="22.2367622042" lon="113.9873091575"><ele>90.000</ele></trkpt>
      <trkpt lat="22.2367681966" lon="113.9873057544"><ele>90.000</ele></trkpt>
      <trkpt lat="22.2367813195" lon="113.9872991988"><ele>90.000</ele></trkpt>
      <trkpt lat="22.2367953487" lon="113.9872953677"><ele>90.000</ele></trkpt>
      <trkpt lat="22.2368024646" lon="113.9872951738"><ele>90.000</ele></trkpt>
      <trkpt lat="22.2368169237" lon="113.9872960274"><ele>90.000</ele></trkpt>
      <trkpt lat="22.2368387096" lon="113.9872994029"><ele>87.000</ele></trkpt>
      <trkpt lat="22.2368458097" lon="113.9873011782"><ele>87.000</ele></trkpt>
      <trkpt lat="22.2368595506" lon="113.9873057285"><ele>87.000</ele></trkpt>
      <trkpt lat="22.2368957713" lon="113.9873124118"><ele>84.000</ele></trkpt>
      <trkpt lat="22.2369237295" lon="113.9873195330"><ele>83.000</ele></trkpt>
      <trkpt lat="22.2369308302" lon="113.9873218127"><ele>83.000</ele></trkpt>
      <trkpt lat="22.2369422776" lon="113.9873265795"><ele>84.000</ele></trkpt>
      <trkpt lat="22.2369486757" lon="113.9873303249"><ele>84.000</ele></trkpt>
      <trkpt lat="22.2369543877" lon="113.9873343137"><ele>84.000</ele></trkpt>
      <trkpt lat="22.2369644149" lon="113.9873447474"><ele>84.000</ele></trkpt>
      <trkpt lat="22.2369692072" lon="113.9873499597"><ele>84.000</ele></trkpt>
      <trkpt lat="22.2369737598" lon="113.9873556311"><ele>84.000</ele></trkpt>
      <trkpt lat="22.2369787664" lon="113.9873618685"><ele>84.000</ele></trkpt>
      <trkpt lat="22.2369874049" lon="113.9873740112"><ele>84.000</ele></trkpt>
      <trkpt lat="22.2369953494" lon="113.9873873869"><ele>84.000</ele></trkpt>
      <trkpt lat="22.2369978318" lon="113.9873943095"><ele>84.000</ele></trkpt>
      <trkpt lat="22.2370078592" lon="113.9874049857"><ele>84.000</ele></trkpt>
      <trkpt lat="22.2370171924" lon="113.9874166426"><ele>84.000</ele></trkpt>
      <trkpt lat="22.2370269938" lon="113.9874270766"><ele>84.000</ele></trkpt>
      <trkpt lat="22.2370630918" lon="113.9874525009"><ele>86.000</ele></trkpt>
      <trkpt lat="22.2370752019" lon="113.9874602352"><ele>86.000</ele></trkpt>
      <trkpt lat="22.2370875550" lon="113.9874672318"><ele>86.000</ele></trkpt>
      <trkpt lat="22.2371241133" lon="113.9874924131"><ele>86.000</ele></trkpt>
      <trkpt lat="22.2371421456" lon="113.9875063572"><ele>86.000</ele></trkpt>
      <trkpt lat="22.2371521731" lon="113.9875170431"><ele>86.000</ele></trkpt>
      <trkpt lat="22.2371628950" lon="113.9875269812"><ele>86.000</ele></trkpt>
      <trkpt lat="22.2371754671" lon="113.9875359565"><ele>86.000</ele></trkpt>
      <trkpt lat="22.2371814051" lon="113.9875401875"><ele>86.000</ele></trkpt>
      <trkpt lat="22.2371944434" lon="113.9875462133"><ele>86.000</ele></trkpt>
      <trkpt lat="22.2372138896" lon="113.9875567119"><ele>86.000</ele></trkpt>
      <trkpt lat="22.2372338339" lon="113.9875653872"><ele>86.000</ele></trkpt>
      <trkpt lat="22.2372404350" lon="113.9875682584"><ele>86.000</ele></trkpt>
      <trkpt lat="22.2372857243" lon="113.9875920311"><ele>86.000</ele></trkpt>
      <trkpt lat="22.2373111240" lon="113.9876045492"><ele>86.000</ele></trkpt>
      <trkpt lat="22.2373294061" lon="113.9876157866"><ele>84.000</ele></trkpt>
      <trkpt lat="22.2373348839" lon="113.9876202705"><ele>84.000</ele></trkpt>
      <trkpt lat="22.2373534171" lon="113.9876300235"><ele>84.000</ele></trkpt>
      <trkpt lat="22.2373895227" lon="113.9876542160"><ele>82.000</ele></trkpt>
      <trkpt lat="22.2374018673" lon="113.9876617074"><ele>82.000</ele></trkpt>
      <trkpt lat="22.2374473747" lon="113.9876867119"><ele>82.000</ele></trkpt>
      <trkpt lat="22.2374720560" lon="113.9877026842"><ele>84.000</ele></trkpt>
      <trkpt lat="22.2374974475" lon="113.9877159395"><ele>82.000</ele></trkpt>
      <trkpt lat="22.2375185000" lon="113.9877254758"><ele>82.000</ele></trkpt>
      <trkpt lat="22.2375367917" lon="113.9877371983"><ele>82.000</ele></trkpt>
      <trkpt lat="22.2375562207" lon="113.9877484439"><ele>82.000</ele></trkpt>
      <trkpt lat="22.2375811604" lon="113.9877614573"><ele>82.000</ele></trkpt>
      <trkpt lat="22.2376079322" lon="113.9877734983"><ele>82.000</ele></trkpt>
      <trkpt lat="22.2376278299" lon="113.9877840061"><ele>82.000</ele></trkpt>
      <trkpt lat="22.2376534405" lon="113.9877992400"><ele>82.000</ele></trkpt>
      <trkpt lat="22.2376671662" lon="113.9878062543"><ele>82.000</ele></trkpt>
      <trkpt lat="22.2376861349" lon="113.9878177334"><ele>82.000</ele></trkpt>
      <trkpt lat="22.2377188541" lon="113.9878342577"><ele>82.000</ele></trkpt>
      <trkpt lat="22.2377318847" lon="113.9878415154"><ele>82.000</ele></trkpt>
      <trkpt lat="22.2377781103" lon="113.9878628232"><ele>80.000</ele></trkpt>
      <trkpt lat="22.2377977904" lon="113.9878725941"><ele>80.000</ele></trkpt>
      <trkpt lat="22.2378044229" lon="113.9878760967"><ele>80.000</ele></trkpt>
      <trkpt lat="22.2378165327" lon="113.9878835788"><ele>80.000</ele></trkpt>
      <trkpt lat="22.2378338953" lon="113.9878962920"><ele>78.000</ele></trkpt>
      <trkpt lat="22.2378462317" lon="113.9879045208"><ele>78.000</ele></trkpt>
      <trkpt lat="22.2378574224" lon="113.9879137307"><ele>78.000</ele></trkpt>
      <trkpt lat="22.2378738487" lon="113.9879288897"><ele>76.000</ele></trkpt>
      <trkpt lat="22.2378891196" lon="113.9879445449"><ele>76.000</ele></trkpt>
      <trkpt lat="22.2378941295" lon="113.9879504942"><ele>76.000</ele></trkpt>
      <trkpt lat="22.2379032749" lon="113.9879559917"><ele>76.000</ele></trkpt>
      <trkpt lat="22.2379167816" lon="113.9879610275"><ele>74.000</ele></trkpt>
      <trkpt lat="22.2379234302" lon="113.9879628034"><ele>74.000</ele></trkpt>
      <trkpt lat="22.2379307649" lon="113.9879643360"><ele>74.000</ele></trkpt>
      <trkpt lat="22.2379376472" lon="113.9879651319"><ele>74.000</ele></trkpt>
      <trkpt lat="22.2379452155" lon="113.9879656843"><ele>74.000</ele></trkpt>
      <trkpt lat="22.2379521054" lon="113.9879652483"><ele>74.000</ele></trkpt>
      <trkpt lat="22.2379654397" lon="113.9879618935"><ele>74.000</ele></trkpt>
      <trkpt lat="22.2379721106" lon="113.9879594789"><ele>74.000</ele></trkpt>
      <trkpt lat="22.2379778766" lon="113.9879555813"><ele>74.000</ele></trkpt>
      <trkpt lat="22.2379838769" lon="113.9879511888"><ele>74.000</ele></trkpt>
      <trkpt lat="22.2379947210" lon="113.9879419104"><ele>74.000</ele></trkpt>
      <trkpt lat="22.2379988874" lon="113.9879370159"><ele>74.000</ele></trkpt>
      <trkpt lat="22.2380026007" lon="113.9879306281"><ele>74.000</ele></trkpt>
      <trkpt lat="22.2380082020" lon="113.9879171178"><ele>74.000</ele></trkpt>
      <trkpt lat="22.2380138572" lon="113.9878954688"><ele>74.000</ele></trkpt>
      <trkpt lat="22.2380171712" lon="113.9878797110"><ele>74.000</ele></trkpt>
      <trkpt lat="22.2380177317" lon="113.9878646845"><ele>74.000</ele></trkpt>
      <trkpt lat="22.2380148202" lon="113.9878538143"><ele>74.000</ele></trkpt>
      <trkpt lat="22.2380106047" lon="113.9878320913"><ele>74.000</ele></trkpt>
      <trkpt lat="22.2380085913" lon="113.9878246732"><ele>74.000</ele></trkpt>
      <trkpt lat="22.2380077248" lon="113.9878172731"><ele>74.000</ele></trkpt>
      <trkpt lat="22.2380037351" lon="113.9877955497"><ele>71.000</ele></trkpt>
      <trkpt lat="22.2380032564" lon="113.9877644802"><ele>71.000</ele></trkpt>
      <trkpt lat="22.2380035366" lon="113.9877568457"><ele>68.000</ele></trkpt>
      <trkpt lat="22.2380045033" lon="113.9877494528"><ele>68.000</ele></trkpt>
      <trkpt lat="22.2380075839" lon="113.9877349370"><ele>68.000</ele></trkpt>
      <trkpt lat="22.2380122717" lon="113.9877201862"><ele>68.000</ele></trkpt>
      <trkpt lat="22.2380187854" lon="113.9877069171"><ele>67.000</ele></trkpt>
      <trkpt lat="22.2380227337" lon="113.9877007909"><ele>67.000</ele></trkpt>
      <trkpt lat="22.2380282735" lon="113.9876963990"><ele>67.000</ele></trkpt>
      <trkpt lat="22.2380344910" lon="113.9876925008"><ele>67.000</ele></trkpt>
      <trkpt lat="22.2380411700" lon="113.9876893489"><ele>67.000</ele></trkpt>
      <trkpt lat="22.2380466946" lon="113.9876874208"><ele>65.000</ele></trkpt>
      <trkpt lat="22.2380535923" lon="113.9876859953"><ele>65.000</ele></trkpt>
      <trkpt lat="22.2380675975" lon="113.9876848707"><ele>65.000</ele></trkpt>
      <trkpt lat="22.2380825087" lon="113.9876862184"><ele>65.000</ele></trkpt>
      <trkpt lat="22.2380891570" lon="113.9876877422"><ele>65.000</ele></trkpt>
      <trkpt lat="22.2380960230" lon="113.9876900222"><ele>65.000</ele></trkpt>
      <trkpt lat="22.2381088360" lon="113.9876965236"><ele>65.000</ele></trkpt>
      <trkpt lat="22.2381572865" lon="113.9877284600"><ele>66.000</ele></trkpt>
      <trkpt lat="22.2381900042" lon="113.9877437426"><ele>63.000</ele></trkpt>
      <trkpt lat="22.2382030591" lon="113.9877485365"><ele>63.000</ele></trkpt>
      <trkpt lat="22.2382316959" lon="113.9877568888"><ele>62.000</ele></trkpt>
      <trkpt lat="22.2382594277" lon="113.9877635158"><ele>63.000</ele></trkpt>
      <trkpt lat="22.2382660594" lon="113.9877662812"><ele>63.000</ele></trkpt>
      <trkpt lat="22.2382862232" lon="113.9877725981"><ele>61.000</ele></trkpt>
      <trkpt lat="22.2383127687" lon="113.9877841447"><ele>61.000</ele></trkpt>
      <trkpt lat="22.2383331497" lon="113.9877909561"><ele>60.000</ele></trkpt>
      <trkpt lat="22.2383395562" lon="113.9877942068"><ele>60.000</ele></trkpt>
      <trkpt lat="22.2383457288" lon="113.9877982048"><ele>60.000</ele></trkpt>
      <trkpt lat="22.2383630836" lon="113.9878118978"><ele>58.000</ele></trkpt>
      <trkpt lat="22.2383763403" lon="113.9878193978"><ele>58.000</ele></trkpt>
      <trkpt lat="22.2383896138" lon="113.9878259083"><ele>58.000</ele></trkpt>
      <trkpt lat="22.2383962625" lon="113.9878276843"><ele>58.000</ele></trkpt>
      <trkpt lat="22.2383994611" lon="113.9878291835"><ele>58.000</ele></trkpt>
      <trkpt lat="22.2384063439" lon="113.9878304741"><ele>58.000</ele></trkpt>
      <trkpt lat="22.2384132256" lon="113.9878307753"><ele>56.000</ele></trkpt>
      <trkpt lat="22.2384201307" lon="113.9878278657"><ele>56.000</ele></trkpt>
      <trkpt lat="22.2384261222" lon="113.9878237253"><ele>56.000</ele></trkpt>
      <trkpt lat="22.2384404546" lon="113.9878087966"><ele>56.000</ele></trkpt>
      <trkpt lat="22.2384492782" lon="113.9877938269"><ele>56.000</ele></trkpt>
      <trkpt lat="22.2384553398" lon="113.9877800733"><ele>54.000</ele></trkpt>
      <trkpt lat="22.2384604797" lon="113.9877658166"><ele>54.000</ele></trkpt>
      <trkpt lat="22.2384642017" lon="113.9877591863"><ele>55.000</ele></trkpt>
      <trkpt lat="22.2384741330" lon="113.9877494047"><ele>55.000</ele></trkpt>
      <trkpt lat="22.2384801480" lon="113.9877452013"><ele>55.000</ele></trkpt>
      <trkpt lat="22.2384808400" lon="113.9877430828"><ele>55.000</ele></trkpt>
      <trkpt lat="22.2384810891" lon="113.9877414615"><ele>55.000</ele></trkpt>
    </trkseg>
  </trk>
</gpx>
