<?xml version="1.0" encoding="UTF-8"?>
<gpx xmlns:xsi="http://www.w3.org/2001/XMLSchema-instance"
     xsi:schemaLocation="http://www.topografix.com/GPX/1/1 http://www.topografix.com/GPX/1/1/gpx.xsd"
     version="1.1" creator="json3d_batch_to_gpx"
     xmlns="http://www.topografix.com/GPX/1/1">
  <metadata>
    <name>YuenTsuenAncientTrailCountryTrail</name>
  </metadata>
  <trk>
    <name>YuenTsuenAncientTrailCountryTrail</name>
    <type>hike</type>
    <trkseg>
      <trkpt lat="22.3778702656" lon="114.0938422069"><ele>288.000</ele></trkpt>
      <trkpt lat="22.3778582947" lon="114.0937946854"><ele>288.000</ele></trkpt>
      <trkpt lat="22.3778445273" lon="114.0937394582"><ele>290.000</ele></trkpt>
      <trkpt lat="22.3778397298" lon="114.0937015668"><ele>290.000</ele></trkpt>
      <trkpt lat="22.3778331335" lon="114.0936514729"><ele>292.000</ele></trkpt>
      <trkpt lat="22.3778283202" lon="114.0935846786"><ele>292.000</ele></trkpt>
      <trkpt lat="22.3778276883" lon="114.0935185247"><ele>293.000</ele></trkpt>
      <trkpt lat="22.3778282530" lon="114.0934542966"><ele>296.000</ele></trkpt>
      <trkpt lat="22.3778276337" lon="114.0934125488"><ele>296.000</ele></trkpt>
      <trkpt lat="22.3778270265" lon="114.0933926387"><ele>296.000</ele></trkpt>
      <trkpt lat="22.3778234267" lon="114.0933624534"><ele>298.000</ele></trkpt>
      <trkpt lat="22.3778180306" lon="114.0933232778"><ele>298.000</ele></trkpt>
      <trkpt lat="22.3778168183" lon="114.0932892381"><ele>300.000</ele></trkpt>
      <trkpt lat="22.3778156090" lon="114.0932609779"><ele>300.000</ele></trkpt>
      <trkpt lat="22.3778167901" lon="114.0932346446"><ele>300.000</ele></trkpt>
      <trkpt lat="22.3778090072" lon="114.0932006079"><ele>302.000</ele></trkpt>
      <trkpt lat="22.3778042195" lon="114.0931819850"><ele>302.000</ele></trkpt>
      <trkpt lat="22.3777910618" lon="114.0931518054"><ele>302.000</ele></trkpt>
      <trkpt lat="22.3777725241" lon="114.0931119958"><ele>304.000</ele></trkpt>
      <trkpt lat="22.3777491988" lon="114.0930554888"><ele>304.000</ele></trkpt>
      <trkpt lat="22.3777366358" lon="114.0930176021"><ele>306.000</ele></trkpt>
      <trkpt lat="22.3777276588" lon="114.0929848517"><ele>306.000</ele></trkpt>
      <trkpt lat="22.3777180829" lon="114.0929501743"><ele>308.000</ele></trkpt>
      <trkpt lat="22.3777108967" lon="114.0929142108"><ele>308.000</ele></trkpt>
      <trkpt lat="22.3777037070" lon="114.0928731098"><ele>310.000</ele></trkpt>
      <trkpt lat="22.3776971187" lon="114.0928390724"><ele>310.000</ele></trkpt>
      <trkpt lat="22.3776899348" lon="114.0928076057"><ele>312.000</ele></trkpt>
      <trkpt lat="22.3776851422" lon="114.0927812750"><ele>312.000</ele></trkpt>
      <trkpt lat="22.3776851299" lon="114.0927575108"><ele>314.000</ele></trkpt>
      <trkpt lat="22.3776827270" lon="114.0927318215"><ele>314.000</ele></trkpt>
      <trkpt lat="22.3776833102" lon="114.0927035602"><ele>314.000</ele></trkpt>
      <trkpt lat="22.3776856759" lon="114.0926579577"><ele>314.000</ele></trkpt>
      <trkpt lat="22.3776904319" lon="114.0926155649"><ele>316.000</ele></trkpt>
      <trkpt lat="22.3776910154" lon="114.0925879464"><ele>316.000</ele></trkpt>
      <trkpt lat="22.3776874218" lon="114.0925699647"><ele>316.000</ele></trkpt>
      <trkpt lat="22.3776796461" lon="114.0925500590"><ele>316.000</ele></trkpt>
      <trkpt lat="22.3776736607" lon="114.0925275820"><ele>318.000</ele></trkpt>
      <trkpt lat="22.3776694675" lon="114.0925044631"><ele>318.000</ele></trkpt>
      <trkpt lat="22.3776670666" lon="114.0924826268"><ele>318.000</ele></trkpt>
      <trkpt lat="22.3776706314" lon="114.0924453732"><ele>318.000</ele></trkpt>
      <trkpt lat="22.3776747951" lon="114.0924119722"><ele>320.000</ele></trkpt>
      <trkpt lat="22.3776759677" lon="114.0923695805"><ele>321.000</ele></trkpt>
      <trkpt lat="22.3776777311" lon="114.0923137014"><ele>322.000</ele></trkpt>
      <trkpt lat="22.3776801023" lon="114.0922803024"><ele>324.000</ele></trkpt>
      <trkpt lat="22.3776824800" lon="114.0922578204"><ele>324.000</ele></trkpt>
      <trkpt lat="22.3776824642" lon="114.0922276339"><ele>324.000</ele></trkpt>
      <trkpt lat="22.3776806480" lon="114.0921807484"><ele>326.000</ele></trkpt>
      <trkpt lat="22.3776800347" lon="114.0921512041"><ele>326.000</ele></trkpt>
      <trkpt lat="22.3776788306" lon="114.0921332210"><ele>326.000</ele></trkpt>
      <trkpt lat="22.3776752343" lon="114.0921101017"><ele>326.000</ele></trkpt>
      <trkpt lat="22.3776662606" lon="114.0920824890"><ele>328.000</ele></trkpt>
      <trkpt lat="22.3776554904" lon="114.0920471705"><ele>328.000</ele></trkpt>
      <trkpt lat="22.3776441223" lon="114.0920118515"><ele>328.000</ele></trkpt>
      <trkpt lat="22.3776369404" lon="114.0919861651"><ele>330.000</ele></trkpt>
      <trkpt lat="22.3776327495" lon="114.0919675410"><ele>330.000</ele></trkpt>
      <trkpt lat="22.3776273598" lon="114.0919412117"><ele>332.000</ele></trkpt>
      <trkpt lat="22.3776183758" lon="114.0918956152"><ele>334.000</ele></trkpt>
      <trkpt lat="22.3776081927" lon="114.0918416707"><ele>334.000</ele></trkpt>
      <trkpt lat="22.3775986134" lon="114.0917992856"><ele>335.000</ele></trkpt>
      <trkpt lat="22.3775890345" lon="114.0917575433"><ele>336.000</ele></trkpt>
      <trkpt lat="22.3775806510" lon="114.0917190124"><ele>336.000</ele></trkpt>
      <trkpt lat="22.3775722732" lon="114.0916894729"><ele>338.000</ele></trkpt>
      <trkpt lat="22.3775662911" lon="114.0916734191"><ele>338.000</ele></trkpt>
      <trkpt lat="22.3775573195" lon="114.0916515878"><ele>337.000</ele></trkpt>
      <trkpt lat="22.3775483466" lon="114.0916271862"><ele>337.000</ele></trkpt>
      <trkpt lat="22.3775441523" lon="114.0916021399"><ele>338.000</ele></trkpt>
      <trkpt lat="22.3775417486" lon="114.0915751660"><ele>338.000</ele></trkpt>
      <trkpt lat="22.3775417381" lon="114.0915552557"><ele>339.000</ele></trkpt>
      <trkpt lat="22.3775453098" lon="114.0915314893"><ele>339.000</ele></trkpt>
      <trkpt lat="22.3775488821" lon="114.0915090076"><ele>339.000</ele></trkpt>
      <trkpt lat="22.3775500658" lon="114.0914897383"><ele>339.000</ele></trkpt>
      <trkpt lat="22.3775500529" lon="114.0914653313"><ele>340.000</ele></trkpt>
      <trkpt lat="22.3775500421" lon="114.0914447792"><ele>340.000</ele></trkpt>
      <trkpt lat="22.3775500285" lon="114.0914190875"><ele>340.000</ele></trkpt>
      <trkpt lat="22.3775518068" lon="114.0913921111"><ele>340.000</ele></trkpt>
      <trkpt lat="22.3775529900" lon="114.0913702726"><ele>340.000</ele></trkpt>
      <trkpt lat="22.3775547651" lon="114.0913388005"><ele>340.000</ele></trkpt>
      <trkpt lat="22.3775577395" lon="114.0913143916"><ele>340.000</ele></trkpt>
      <trkpt lat="22.3775607099" lon="114.0912842034"><ele>340.000</ele></trkpt>
      <trkpt lat="22.3775666633" lon="114.0912475892"><ele>342.000</ele></trkpt>
      <trkpt lat="22.3775738134" lon="114.0912129017"><ele>342.000</ele></trkpt>
      <trkpt lat="22.3775827531" lon="114.0911743602"><ele>342.000</ele></trkpt>
      <trkpt lat="22.3775922931" lon="114.0911422405"><ele>342.000</ele></trkpt>
      <trkpt lat="22.3775976560" lon="114.0911178312"><ele>344.000</ele></trkpt>
      <trkpt lat="22.3776018272" lon="114.0910972755"><ele>344.000</ele></trkpt>
      <trkpt lat="22.3776048030" lon="114.0910773633"><ele>344.000</ele></trkpt>
      <trkpt lat="22.3776053894" lon="114.0910574517"><ele>344.000</ele></trkpt>
      <trkpt lat="22.3776047802" lon="114.0910343306"><ele>344.000</ele></trkpt>
      <trkpt lat="22.3776011824" lon="114.0910086411"><ele>345.000</ele></trkpt>
      <trkpt lat="22.3775963895" lon="114.0909823116"><ele>346.000</ele></trkpt>
      <trkpt lat="22.3775880098" lon="114.0909495600"><ele>346.000</ele></trkpt>
      <trkpt lat="22.3775820177" lon="114.0909148806"><ele>347.000</ele></trkpt>
      <trkpt lat="22.3775772223" lon="114.0908821279"><ele>348.000</ele></trkpt>
      <trkpt lat="22.3775712305" lon="114.0908480912"><ele>348.000</ele></trkpt>
      <trkpt lat="22.3775682315" lon="114.0908243288"><ele>348.000</ele></trkpt>
      <trkpt lat="22.3775664249" lon="114.0907979965"><ele>348.000</ele></trkpt>
      <trkpt lat="22.3775670128" lon="114.0907793694"><ele>348.000</ele></trkpt>
      <trkpt lat="22.3775705878" lon="114.0907620262"><ele>348.000</ele></trkpt>
      <trkpt lat="22.3775783456" lon="114.0907478914"><ele>348.000</ele></trkpt>
      <trkpt lat="22.3775902815" lon="114.0907279737"><ele>346.000</ele></trkpt>
      <trkpt lat="22.3776075933" lon="114.0907080518"><ele>346.000</ele></trkpt>
      <trkpt lat="22.3776225171" lon="114.0906894169"><ele>348.000</ele></trkpt>
      <trkpt lat="22.3776475932" lon="114.0906675637"><ele>348.000</ele></trkpt>
      <trkpt lat="22.3776732664" lon="114.0906444264"><ele>349.000</ele></trkpt>
      <trkpt lat="22.3777013254" lon="114.0906161492"><ele>352.000</ele></trkpt>
      <trkpt lat="22.3777228181" lon="114.0905942981"><ele>350.000</ele></trkpt>
      <trkpt lat="22.3777455033" lon="114.0905698781"><ele>350.000</ele></trkpt>
      <trkpt lat="22.3777699821" lon="114.0905473824"><ele>351.000</ele></trkpt>
      <trkpt lat="22.3777908777" lon="114.0905268173"><ele>351.000</ele></trkpt>
      <trkpt lat="22.3778123708" lon="114.0905056090"><ele>354.000</ele></trkpt>
      <trkpt lat="22.3778332671" lon="114.0904863276"><ele>352.000</ele></trkpt>
      <trkpt lat="22.3778529679" lon="114.0904657623"><ele>354.000</ele></trkpt>
      <trkpt lat="22.3778655036" lon="114.0904496981"><ele>353.000</ele></trkpt>
      <trkpt lat="22.3778756512" lon="114.0904362036"><ele>353.000</ele></trkpt>
      <trkpt lat="22.3778840042" lon="114.0904188564"><ele>355.000</ele></trkpt>
      <trkpt lat="22.3778917600" lon="114.0904008687"><ele>355.000</ele></trkpt>
      <trkpt lat="22.3778965290" lon="114.0903822390"><ele>355.000</ele></trkpt>
      <trkpt lat="22.3779048782" lon="114.0903578277"><ele>355.000</ele></trkpt>
      <trkpt lat="22.3779144249" lon="114.0903385533"><ele>355.000</ele></trkpt>
      <trkpt lat="22.3779251679" lon="114.0903205627"><ele>355.000</ele></trkpt>
      <trkpt lat="22.3779359107" lon="114.0903038568"><ele>356.000</ele></trkpt>
      <trkpt lat="22.3779472514" lon="114.0902871505"><ele>356.000</ele></trkpt>
      <trkpt lat="22.3779579931" lon="114.0902685181"><ele>356.000</ele></trkpt>
      <trkpt lat="22.3779663444" lon="114.0902479597"><ele>356.000</ele></trkpt>
      <trkpt lat="22.3779740994" lon="114.0902286864"><ele>359.000</ele></trkpt>
      <trkpt lat="22.3779812589" lon="114.0902119827"><ele>359.000</ele></trkpt>
      <trkpt lat="22.3779884185" lon="114.0901972064"><ele>359.000</ele></trkpt>
      <trkpt lat="22.3780009546" lon="114.0901817840"><ele>359.000</ele></trkpt>
      <trkpt lat="22.3780158778" lon="114.0901637908"><ele>359.000</ele></trkpt>
      <trkpt lat="22.3780325950" lon="114.0901483658"><ele>360.000</ele></trkpt>
      <trkpt lat="22.3780523001" lon="114.0901342236"><ele>360.000</ele></trkpt>
      <trkpt lat="22.3780696163" lon="114.0901226521"><ele>362.000</ele></trkpt>
      <trkpt lat="22.3780964889" lon="114.0901085044"><ele>360.000</ele></trkpt>
      <trkpt lat="22.3781203760" lon="114.0900975717"><ele>362.000</ele></trkpt>
      <trkpt lat="22.3781382900" lon="114.0900859988"><ele>362.000</ele></trkpt>
      <trkpt lat="22.3781579922" lon="114.0900680036"><ele>365.000</ele></trkpt>
      <trkpt lat="22.3781747090" lon="114.0900519358"><ele>364.000</ele></trkpt>
      <trkpt lat="22.3781890353" lon="114.0900339430"><ele>364.000</ele></trkpt>
      <trkpt lat="22.3781991815" lon="114.0900178802"><ele>366.000</ele></trkpt>
      <trkpt lat="22.3782033540" lon="114.0900018201"><ele>366.000</ele></trkpt>
      <trkpt lat="22.3782045387" lon="114.0899831936"><ele>366.000</ele></trkpt>
      <trkpt lat="22.3781979564" lon="114.0899613598"><ele>367.000</ele></trkpt>
      <trkpt lat="22.3781883882" lon="114.0899420971"><ele>365.000</ele></trkpt>
      <trkpt lat="22.3781788201" lon="114.0899215499"><ele>365.000</ele></trkpt>
      <trkpt lat="22.3781662669" lon="114.0899048593"><ele>367.000</ele></trkpt>
      <trkpt lat="22.3781507274" lon="114.0898868850"><ele>364.000</ele></trkpt>
      <trkpt lat="22.3781375770" lon="114.0898714785"><ele>364.000</ele></trkpt>
      <trkpt lat="22.3781304005" lon="114.0898547837"><ele>366.000</ele></trkpt>
      <trkpt lat="22.3781226220" lon="114.0898303814"><ele>366.000</ele></trkpt>
      <trkpt lat="22.3781190257" lon="114.0898079039"><ele>368.000</ele></trkpt>
      <trkpt lat="22.3781208062" lon="114.0897854231"><ele>368.000</ele></trkpt>
      <trkpt lat="22.3781243792" lon="114.0897661523"><ele>368.000</ele></trkpt>
      <trkpt lat="22.3781321341" lon="114.0897468799"><ele>368.000</ele></trkpt>
      <trkpt lat="22.3781434743" lon="114.0897295307"><ele>368.000</ele></trkpt>
      <trkpt lat="22.3781589936" lon="114.0897083260"><ele>369.000</ele></trkpt>
      <trkpt lat="22.3781727230" lon="114.0896903335"><ele>369.000</ele></trkpt>
      <trkpt lat="22.3781924223" lon="114.0896671997"><ele>368.000</ele></trkpt>
      <trkpt lat="22.3782127190" lon="114.0896447074"><ele>370.000</ele></trkpt>
      <trkpt lat="22.3782300315" lon="114.0896247852"><ele>368.000</ele></trkpt>
      <trkpt lat="22.3782533154" lon="114.0896022910"><ele>370.000</ele></trkpt>
      <trkpt lat="22.3782712239" lon="114.0895823694"><ele>370.000</ele></trkpt>
      <trkpt lat="22.3782891330" lon="114.0895618050"><ele>372.000</ele></trkpt>
      <trkpt lat="22.3783052497" lon="114.0895399580"><ele>372.000</ele></trkpt>
      <trkpt lat="22.3783171854" lon="114.0895200392"><ele>372.000</ele></trkpt>
      <trkpt lat="22.3783279271" lon="114.0895014067"><ele>372.000</ele></trkpt>
      <trkpt lat="22.3783350858" lon="114.0894834182"><ele>373.000</ele></trkpt>
      <trkpt lat="22.3783362700" lon="114.0894654335"><ele>372.000</ele></trkpt>
      <trkpt lat="22.3783350664" lon="114.0894474503"><ele>372.000</ele></trkpt>
      <trkpt lat="22.3783278858" lon="114.0894249751"><ele>372.000</ele></trkpt>
      <trkpt lat="22.3783171168" lon="114.0893928678"><ele>372.000</ele></trkpt>
      <trkpt lat="22.3783099306" lon="114.0893601164"><ele>374.000</ele></trkpt>
      <trkpt lat="22.3783033440" lon="114.0893305758"><ele>376.000</ele></trkpt>
      <trkpt lat="22.3783015371" lon="114.0893023168"><ele>376.000</ele></trkpt>
      <trkpt lat="22.3782985310" lon="114.0892676354"><ele>378.000</ele></trkpt>
      <trkpt lat="22.3782973202" lon="114.0892361640"><ele>378.000</ele></trkpt>
      <trkpt lat="22.3782996931" lon="114.0892072606"><ele>378.000</ele></trkpt>
      <trkpt lat="22.3783038607" lon="114.0891822090"><ele>380.000</ele></trkpt>
      <trkpt lat="22.3783110152" lon="114.0891565127"><ele>380.000</ele></trkpt>
      <trkpt lat="22.3783211571" lon="114.0891327420"><ele>380.000</ele></trkpt>
      <trkpt lat="22.3783324955" lon="114.0891121826"><ele>381.000</ele></trkpt>
      <trkpt lat="22.3783456266" lon="114.0890935476"><ele>381.000</ele></trkpt>
      <trkpt lat="22.3783599521" lon="114.0890742700"><ele>381.000</ele></trkpt>
      <trkpt lat="22.3783754748" lon="114.0890594884"><ele>381.000</ele></trkpt>
      <trkpt lat="22.3783886090" lon="114.0890466347"><ele>382.000</ele></trkpt>
      <trkpt lat="22.3784053285" lon="114.0890357053"><ele>382.000</ele></trkpt>
      <trkpt lat="22.3784214481" lon="114.0890209223"><ele>382.000</ele></trkpt>
      <trkpt lat="22.3784375690" lon="114.0890067821"><ele>384.000</ele></trkpt>
      <trkpt lat="22.3784501026" lon="114.0889887903"><ele>383.000</ele></trkpt>
      <trkpt lat="22.3784596483" lon="114.0889663045"><ele>383.000</ele></trkpt>
      <trkpt lat="22.3784679973" lon="114.0889418931"><ele>388.000</ele></trkpt>
      <trkpt lat="22.3784715686" lon="114.0889181265"><ele>388.000</ele></trkpt>
      <trkpt lat="22.3784733498" lon="114.0888988567"><ele>388.000</ele></trkpt>
      <trkpt lat="22.3784733386" lon="114.0888783034"><ele>388.000</ele></trkpt>
      <trkpt lat="22.3784697443" lon="114.0888596799"><ele>388.000</ele></trkpt>
      <trkpt lat="22.3784613680" lon="114.0888339943"><ele>385.000</ele></trkpt>
      <trkpt lat="22.3784535908" lon="114.0888121613"><ele>385.000</ele></trkpt>
      <trkpt lat="22.3784446178" lon="114.0887884025"><ele>387.000</ele></trkpt>
      <trkpt lat="22.3784392308" lon="114.0887678527"><ele>387.000</ele></trkpt>
      <trkpt lat="22.3784380269" lon="114.0887511541"><ele>387.000</ele></trkpt>
      <trkpt lat="22.3784421969" lon="114.0887305992"><ele>387.000</ele></trkpt>
      <trkpt lat="22.3784469625" lon="114.0887061890"><ele>387.000</ele></trkpt>
      <trkpt lat="22.3784529219" lon="114.0886798516"><ele>387.000</ele></trkpt>
      <trkpt lat="22.3784594785" lon="114.0886541566"><ele>387.000</ele></trkpt>
      <trkpt lat="22.3784648400" lon="114.0886278196"><ele>387.000</ele></trkpt>
      <trkpt lat="22.3784690085" lon="114.0886046944"><ele>390.000</ele></trkpt>
      <trkpt lat="22.3784725792" lon="114.0885815706"><ele>390.000</ele></trkpt>
      <trkpt lat="22.3784773413" lon="114.0885507381"><ele>390.000</ele></trkpt>
      <trkpt lat="22.3784815065" lon="114.0885199061"><ele>390.000</ele></trkpt>
      <trkpt lat="22.3784826883" lon="114.0884961410"><ele>390.000</ele></trkpt>
      <trkpt lat="22.3784904410" lon="114.0884730135"><ele>390.000</ele></trkpt>
      <trkpt lat="22.3784999850" lon="114.0884492431"><ele>390.000</ele></trkpt>
      <trkpt lat="22.3785113223" lon="114.0884267562"><ele>390.000</ele></trkpt>
      <trkpt lat="22.3785226587" lon="114.0884042693"><ele>393.000</ele></trkpt>
      <trkpt lat="22.3785369816" lon="114.0883804959"><ele>393.000</ele></trkpt>
      <trkpt lat="22.3785489216" lon="114.0883670001"><ele>393.000</ele></trkpt>
      <trkpt lat="22.3785632492" lon="114.0883515763"><ele>394.000</ele></trkpt>
      <trkpt lat="22.3785757859" lon="114.0883393657"><ele>394.000</ele></trkpt>
      <trkpt lat="22.3785871312" lon="114.0883316507"><ele>394.000</ele></trkpt>
      <trkpt lat="22.3785996727" lon="114.0883265042"><ele>394.000</ele></trkpt>
      <trkpt lat="22.3786140069" lon="114.0883232840"><ele>395.000</ele></trkpt>
      <trkpt lat="22.3786462582" lon="114.0883161986"><ele>395.000</ele></trkpt>
      <trkpt lat="22.3786844824" lon="114.0883058983"><ele>396.000</ele></trkpt>
      <trkpt lat="22.3787173294" lon="114.0882949585"><ele>396.000</ele></trkpt>
      <trkpt lat="22.3787322608" lon="114.0882904523"><ele>396.000</ele></trkpt>
      <trkpt lat="22.3787418132" lon="114.0882820976"><ele>398.000</ele></trkpt>
      <trkpt lat="22.3787519624" lon="114.0882718140"><ele>398.000</ele></trkpt>
      <trkpt lat="22.3787597214" lon="114.0882602483"><ele>398.000</ele></trkpt>
      <trkpt lat="22.3787656843" lon="114.0882422605"><ele>398.000</ele></trkpt>
      <trkpt lat="22.3787698498" lon="114.0882120712"><ele>398.000</ele></trkpt>
      <trkpt lat="22.3787704309" lon="114.0881831678"><ele>398.000</ele></trkpt>
      <trkpt lat="22.3787727982" lon="114.0881427025"><ele>400.000</ele></trkpt>
      <trkpt lat="22.3787703887" lon="114.0881060941"><ele>400.000</ele></trkpt>
      <trkpt lat="22.3787632056" lon="114.0880778385"><ele>400.000</ele></trkpt>
      <trkpt lat="22.3787566217" lon="114.0880534354"><ele>402.000</ele></trkpt>
      <trkpt lat="22.3787458539" lon="114.0880258239"><ele>402.000</ele></trkpt>
      <trkpt lat="22.3787321030" lon="114.0880027110"><ele>402.000</ele></trkpt>
      <trkpt lat="22.3787135759" lon="114.0879860234"><ele>402.000</ele></trkpt>
      <trkpt lat="22.3786944534" lon="114.0879706208"><ele>402.000</ele></trkpt>
      <trkpt lat="22.3786735381" lon="114.0879545766"><ele>402.000</ele></trkpt>
      <trkpt lat="22.3786609871" lon="114.0879423819"><ele>402.000</ele></trkpt>
      <trkpt lat="22.3786484354" lon="114.0879289016"><ele>402.000</ele></trkpt>
      <trkpt lat="22.3786412601" lon="114.0879147761"><ele>404.000</ele></trkpt>
      <trkpt lat="22.3786382657" lon="114.0879019325"><ele>404.000</ele></trkpt>
      <trkpt lat="22.3786388568" lon="114.0878897286"><ele>404.000</ele></trkpt>
      <trkpt lat="22.3786418358" lon="114.0878762384"><ele>404.000</ele></trkpt>
      <trkpt lat="22.3786466073" lon="114.0878627471"><ele>404.000</ele></trkpt>
      <trkpt lat="22.3786555579" lon="114.0878454002"><ele>404.000</ele></trkpt>
      <trkpt lat="22.3786639099" lon="114.0878267691"><ele>406.000</ele></trkpt>
      <trkpt lat="22.3786722635" lon="114.0878094216"><ele>406.000</ele></trkpt>
      <trkpt lat="22.3786812127" lon="114.0877895054"><ele>406.000</ele></trkpt>
      <trkpt lat="22.3786961328" lon="114.0877663743"><ele>406.000</ele></trkpt>
      <trkpt lat="22.3787098598" lon="114.0877445276"><ele>406.000</ele></trkpt>
      <trkpt lat="22.3787259736" lon="114.0877194683"><ele>406.000</ele></trkpt>
      <trkpt lat="22.3787391046" lon="114.0877008341"><ele>406.000</ele></trkpt>
      <trkpt lat="22.3787540273" lon="114.0876809131"><ele>406.000</ele></trkpt>
      <trkpt lat="22.3787719328" lon="114.0876558536"><ele>406.000</ele></trkpt>
      <trkpt lat="22.3787880500" lon="114.0876352900"><ele>408.000</ele></trkpt>
      <trkpt lat="22.3788017782" lon="114.0876172972"><ele>408.000</ele></trkpt>
      <trkpt lat="22.3788125206" lon="114.0875986645"><ele>408.000</ele></trkpt>
      <trkpt lat="22.3788202749" lon="114.0875787481"><ele>408.000</ele></trkpt>
      <trkpt lat="22.3788250416" lon="114.0875581927"><ele>408.000</ele></trkpt>
      <trkpt lat="22.3788292130" lon="114.0875389214"><ele>410.000</ele></trkpt>
      <trkpt lat="22.3788309926" lon="114.0875170823"><ele>410.000</ele></trkpt>
      <trkpt lat="22.3788345612" lon="114.0874888198"><ele>410.000</ele></trkpt>
      <trkpt lat="22.3788375306" lon="114.0874579884"><ele>410.000</ele></trkpt>
      <trkpt lat="22.3788399077" lon="114.0874355071"><ele>410.000</ele></trkpt>
      <trkpt lat="22.3788387037" lon="114.0874188085"><ele>410.000</ele></trkpt>
      <trkpt lat="22.3788339141" lon="114.0873995428"><ele>410.000</ele></trkpt>
      <trkpt lat="22.3788285276" lon="114.0873802776"><ele>410.000</ele></trkpt>
      <trkpt lat="22.3788201522" lon="114.0873565185"><ele>410.000</ele></trkpt>
      <trkpt lat="22.3788165594" lon="114.0873411061"><ele>410.000</ele></trkpt>
      <trkpt lat="22.3788141614" lon="114.0873256929"><ele>410.000</ele></trkpt>
      <trkpt lat="22.3788165385" lon="114.0873032115"><ele>410.000</ele></trkpt>
      <trkpt lat="22.3788177201" lon="114.0872794463"><ele>410.000</ele></trkpt>
      <trkpt lat="22.3788224837" lon="114.0872518249"><ele>410.000</ele></trkpt>
      <trkpt lat="22.3788242643" lon="114.0872319133"><ele>410.000</ele></trkpt>
      <trkpt lat="22.3788266442" lon="114.0872145705"><ele>410.000</ele></trkpt>
      <trkpt lat="22.3788302174" lon="114.0871946568"><ele>412.000</ele></trkpt>
      <trkpt lat="22.3788349869" lon="114.0871792390"><ele>412.000</ele></trkpt>
      <trkpt lat="22.3788415479" lon="114.0871618935"><ele>412.000</ele></trkpt>
      <trkpt lat="22.3788504994" lon="114.0871464730"><ele>412.000</ele></trkpt>
      <trkpt lat="22.3788606454" lon="114.0871304100"><ele>412.000</ele></trkpt>
      <trkpt lat="22.3788678054" lon="114.0871169171"><ele>412.000</ele></trkpt>
      <trkpt lat="22.3788707852" lon="114.0871034269"><ele>412.000</ele></trkpt>
      <trkpt lat="22.3788713743" lon="114.0870892964"><ele>412.000</ele></trkpt>
      <trkpt lat="22.3788695727" lon="114.0870713135"><ele>412.000</ele></trkpt>
      <trkpt lat="22.3788659767" lon="114.0870501207"><ele>412.000</ele></trkpt>
      <trkpt lat="22.3788623829" lon="114.0870327818"><ele>412.000</ele></trkpt>
      <trkpt lat="22.3788605837" lon="114.0870192947"><ele>412.000</ele></trkpt>
      <trkpt lat="22.3788587817" lon="114.0870006699"><ele>412.000</ele></trkpt>
      <trkpt lat="22.3788605612" lon="114.0869788308"><ele>412.000</ele></trkpt>
      <trkpt lat="22.3788665253" lon="114.0869614858"><ele>412.000</ele></trkpt>
      <trkpt lat="22.3788772638" lon="114.0869377144"><ele>414.000</ele></trkpt>
      <trkpt lat="22.3788885966" lon="114.0869075195"><ele>414.000</ele></trkpt>
      <trkpt lat="22.3789011250" lon="114.0868805358"><ele>414.000</ele></trkpt>
      <trkpt lat="22.3789029097" lon="114.0868664046"><ele>414.000</ele></trkpt>
      <trkpt lat="22.3789100651" lon="114.0868445620"><ele>414.000</ele></trkpt>
      <trkpt lat="22.3789166175" lon="114.0868118018"><ele>414.000</ele></trkpt>
      <trkpt lat="22.3789207836" lon="114.0867848226"><ele>414.000</ele></trkpt>
      <trkpt lat="22.3789297276" lon="114.0867559148"><ele>414.000</ele></trkpt>
      <trkpt lat="22.3789398663" lon="114.0867270052"><ele>414.000</ele></trkpt>
      <trkpt lat="22.3789488121" lon="114.0867013075"><ele>414.000</ele></trkpt>
      <trkpt lat="22.3789583558" lon="114.0866775369"><ele>414.000</ele></trkpt>
      <trkpt lat="22.3789684988" lon="114.0866563352"><ele>414.000</ele></trkpt>
      <trkpt lat="22.3789834183" lon="114.0866306346"><ele>414.000</ele></trkpt>
      <trkpt lat="22.3789983365" lon="114.0866042913"><ele>412.000</ele></trkpt>
      <trkpt lat="22.3790192233" lon="114.0865689525"><ele>414.000</ele></trkpt>
      <trkpt lat="22.3790395143" lon="114.0865355406"><ele>412.000</ele></trkpt>
      <trkpt lat="22.3790609977" lon="114.0864995586"><ele>412.000</ele></trkpt>
      <trkpt lat="22.3790824830" lon="114.0864655041"><ele>411.000</ele></trkpt>
      <trkpt lat="22.3791027769" lon="114.0864372307"><ele>412.000</ele></trkpt>
      <trkpt lat="22.3791194885" lon="114.0864140972"><ele>410.000</ele></trkpt>
      <trkpt lat="22.3791338126" lon="114.0863928928"><ele>410.000</ele></trkpt>
      <trkpt lat="22.3791463479" lon="114.0863768271"><ele>410.000</ele></trkpt>
      <trkpt lat="22.3791576910" lon="114.0863652589"><ele>410.000</ele></trkpt>
      <trkpt lat="22.3791750058" lon="114.0863517594"><ele>410.000</ele></trkpt>
      <trkpt lat="22.3791869469" lon="114.0863421183"><ele>410.000</ele></trkpt>
      <trkpt lat="22.3792132208" lon="114.0863254019"><ele>410.000</ele></trkpt>
      <trkpt lat="22.3792436747" lon="114.0863080399"><ele>408.000</ele></trkpt>
      <trkpt lat="22.3792753236" lon="114.0862913200"><ele>408.000</ele></trkpt>
      <trkpt lat="22.3793177241" lon="114.0862726667"><ele>406.000</ele></trkpt>
      <trkpt lat="22.3793493741" lon="114.0862578732"><ele>406.000</ele></trkpt>
      <trkpt lat="22.3793750521" lon="114.0862443683"><ele>407.000</ele></trkpt>
      <trkpt lat="22.3793911741" lon="114.0862327970"><ele>407.000</ele></trkpt>
      <trkpt lat="22.3794180444" lon="114.0862167229"><ele>406.000</ele></trkpt>
      <trkpt lat="22.3794437191" lon="114.0861974376"><ele>406.000</ele></trkpt>
      <trkpt lat="22.3794693953" lon="114.0861807215"><ele>406.000</ele></trkpt>
      <trkpt lat="22.3794813382" lon="114.0861742914"><ele>404.000</ele></trkpt>
      <trkpt lat="22.3795004495" lon="114.0861678558"><ele>404.000</ele></trkpt>
      <trkpt lat="22.3795225468" lon="114.0861607764"><ele>404.000</ele></trkpt>
      <trkpt lat="22.3795476298" lon="114.0861524104"><ele>404.000</ele></trkpt>
      <trkpt lat="22.3795792837" lon="114.0861446820"><ele>404.000</ele></trkpt>
      <trkpt lat="22.3796115352" lon="114.0861363114"><ele>404.000</ele></trkpt>
      <trkpt lat="22.3796336343" lon="114.0861324441"><ele>404.000</ele></trkpt>
      <trkpt lat="22.3796575260" lon="114.0861285746"><ele>404.000</ele></trkpt>
      <trkpt lat="22.3796790294" lon="114.0861285607"><ele>404.000</ele></trkpt>
      <trkpt lat="22.3797041171" lon="114.0861285444"><ele>404.000</ele></trkpt>
      <trkpt lat="22.3797238305" lon="114.0861298163"><ele>404.000</ele></trkpt>
      <trkpt lat="22.3797483222" lon="114.0861330116"><ele>403.000</ele></trkpt>
      <trkpt lat="22.3797704260" lon="114.0861374930"><ele>403.000</ele></trkpt>
      <trkpt lat="22.3797937256" lon="114.0861439012"><ele>402.000</ele></trkpt>
      <trkpt lat="22.3798122468" lon="114.0861496697"><ele>402.000</ele></trkpt>
      <trkpt lat="22.3798319630" lon="114.0861573648"><ele>402.000</ele></trkpt>
      <trkpt lat="22.3798492907" lon="114.0861669870"><ele>402.000</ele></trkpt>
      <trkpt lat="22.3798636310" lon="114.0861746856"><ele>402.000</ele></trkpt>
      <trkpt lat="22.3798779701" lon="114.0861804568"><ele>402.000</ele></trkpt>
      <trkpt lat="22.3798899180" lon="114.0861830184"><ele>402.000</ele></trkpt>
      <trkpt lat="22.3799012669" lon="114.0861817263"><ele>402.000</ele></trkpt>
      <trkpt lat="22.3799132123" lon="114.0861797911"><ele>404.000</ele></trkpt>
      <trkpt lat="22.3799227660" lon="114.0861740055"><ele>402.000</ele></trkpt>
      <trkpt lat="22.3799335125" lon="114.0861630794"><ele>402.000</ele></trkpt>
      <trkpt lat="22.3799448524" lon="114.0861457298"><ele>402.000</ele></trkpt>
      <trkpt lat="22.3799579806" lon="114.0861225994"><ele>402.000</ele></trkpt>
      <trkpt lat="22.3799723040" lon="114.0861001102"><ele>402.000</ele></trkpt>
      <trkpt lat="22.3799824490" lon="114.0860827613"><ele>402.000</ele></trkpt>
      <trkpt lat="22.3799943879" lon="114.0860692661"><ele>402.000</ele></trkpt>
      <trkpt lat="22.3800069212" lon="114.0860512738"><ele>403.000</ele></trkpt>
      <trkpt lat="22.3800212484" lon="114.0860339222"><ele>403.000</ele></trkpt>
      <trkpt lat="22.3800313943" lon="114.0860197853"><ele>402.000</ele></trkpt>
      <trkpt lat="22.3800391514" lon="114.0860050082"><ele>402.000</ele></trkpt>
      <trkpt lat="22.3800457119" lon="114.0859870198"><ele>402.000</ele></trkpt>
      <trkpt lat="22.3800522728" lon="114.0859696732"><ele>404.000</ele></trkpt>
      <trkpt lat="22.3800576391" lon="114.0859510437"><ele>404.000</ele></trkpt>
      <trkpt lat="22.3800606139" lon="114.0859304882"><ele>404.000</ele></trkpt>
      <trkpt lat="22.3800611986" lon="114.0859086507"><ele>404.000</ele></trkpt>
      <trkpt lat="22.3800647705" lon="114.0858868102"><ele>404.000</ele></trkpt>
      <trkpt lat="22.3800689401" lon="114.0858662540"><ele>404.000</ele></trkpt>
      <trkpt lat="22.3800731100" lon="114.0858463406"><ele>404.000</ele></trkpt>
      <trkpt lat="22.3800850473" lon="114.0858283486"><ele>403.000</ele></trkpt>
      <trkpt lat="22.3800969851" lon="114.0858129260"><ele>404.000</ele></trkpt>
      <trkpt lat="22.3801137014" lon="114.0857968584"><ele>404.000</ele></trkpt>
      <trkpt lat="22.3801298207" lon="114.0857820749"><ele>404.000</ele></trkpt>
      <trkpt lat="22.3801483259" lon="114.0857608675"><ele>405.000</ele></trkpt>
      <trkpt lat="22.3801674285" lon="114.0857390169"><ele>404.000</ele></trkpt>
      <trkpt lat="22.3801948911" lon="114.0857133078"><ele>404.000</ele></trkpt>
      <trkpt lat="22.3802247429" lon="114.0856869544"><ele>404.000</ele></trkpt>
      <trkpt lat="22.3802456390" lon="114.0856683147"><ele>404.000</ele></trkpt>
      <trkpt lat="22.3802623554" lon="114.0856522461"><ele>404.000</ele></trkpt>
      <trkpt lat="22.3802826552" lon="114.0856348915"><ele>404.000</ele></trkpt>
      <trkpt lat="22.3803077299" lon="114.0856117523"><ele>404.000</ele></trkpt>
      <trkpt lat="22.3803298192" lon="114.0855905425"><ele>402.000</ele></trkpt>
      <trkpt lat="22.3803531025" lon="114.0855680473"><ele>402.000</ele></trkpt>
      <trkpt lat="22.3803722073" lon="114.0855500506"><ele>402.000</ele></trkpt>
      <trkpt lat="22.3803913178" lon="114.0855423312"><ele>402.000</ele></trkpt>
      <trkpt lat="22.3804319271" lon="114.0855262469"><ele>402.000</ele></trkpt>
      <trkpt lat="22.3804641749" lon="114.0855114538"><ele>400.000</ele></trkpt>
      <trkpt lat="22.3805035923" lon="114.0855005089"><ele>400.000</ele></trkpt>
      <trkpt lat="22.3805388283" lon="114.0854889240"><ele>400.000</ele></trkpt>
      <trkpt lat="22.3805764533" lon="114.0854766967"><ele>400.000</ele></trkpt>
      <trkpt lat="22.3805937724" lon="114.0854709049"><ele>400.000</ele></trkpt>
      <trkpt lat="22.3806098969" lon="114.0854638292"><ele>400.000</ele></trkpt>
      <trkpt lat="22.3806290047" lon="114.0854528976"><ele>400.000</ele></trkpt>
      <trkpt lat="22.3806499057" lon="114.0854413230"><ele>398.000</ele></trkpt>
      <trkpt lat="22.3806720019" lon="114.0854323159"><ele>398.000</ele></trkpt>
      <trkpt lat="22.3806923084" lon="114.0854284487"><ele>398.000</ele></trkpt>
      <trkpt lat="22.3807078362" lon="114.0854233009"><ele>398.000</ele></trkpt>
      <trkpt lat="22.3807251582" lon="114.0854226467"><ele>398.000</ele></trkpt>
      <trkpt lat="22.3807406906" lon="114.0854258487"><ele>398.000</ele></trkpt>
      <trkpt lat="22.3807562242" lon="114.0854309763"><ele>398.000</ele></trkpt>
      <trkpt lat="22.3807777329" lon="114.0854386702"><ele>398.000</ele></trkpt>
      <trkpt lat="22.3808016284" lon="114.0854431504"><ele>398.000</ele></trkpt>
      <trkpt lat="22.3808195500" lon="114.0854457080"><ele>398.000</ele></trkpt>
      <trkpt lat="22.3808398607" lon="114.0854476213"><ele>398.000</ele></trkpt>
      <trkpt lat="22.3808613635" lon="114.0854463226"><ele>398.000</ele></trkpt>
      <trkpt lat="22.3808786867" lon="114.0854463112"><ele>398.000</ele></trkpt>
      <trkpt lat="22.3808966038" lon="114.0854424456"><ele>398.000</ele></trkpt>
      <trkpt lat="22.3809175081" lon="114.0854385789"><ele>398.000</ele></trkpt>
      <trkpt lat="22.3809390071" lon="114.0854289304"><ele>398.000</ele></trkpt>
      <trkpt lat="22.3809581165" lon="114.0854192834"><ele>399.000</ele></trkpt>
      <trkpt lat="22.3809760298" lon="114.0854070679"><ele>399.000</ele></trkpt>
      <trkpt lat="22.3809933445" lon="114.0853935691"><ele>398.000</ele></trkpt>
      <trkpt lat="22.3810118514" lon="114.0853755727"><ele>398.000</ele></trkpt>
      <trkpt lat="22.3810315541" lon="114.0853595020"><ele>398.000</ele></trkpt>
      <trkpt lat="22.3810482726" lon="114.0853472872"><ele>398.000</ele></trkpt>
      <trkpt lat="22.3810620077" lon="114.0853402131"><ele>398.000</ele></trkpt>
      <trkpt lat="22.3810817166" lon="114.0853350625"><ele>398.000</ele></trkpt>
      <trkpt lat="22.3811044122" lon="114.0853305509"><ele>398.000</ele></trkpt>
      <trkpt lat="22.3811289001" lon="114.0853253972"><ele>398.000</ele></trkpt>
      <trkpt lat="22.3811551803" lon="114.0853215260"><ele>398.000</ele></trkpt>
      <trkpt lat="22.3811742941" lon="114.0853195870"><ele>398.000</ele></trkpt>
      <trkpt lat="22.3811934079" lon="114.0853176470"><ele>398.000</ele></trkpt>
      <trkpt lat="22.3812131164" lon="114.0853118536"><ele>398.000</ele></trkpt>
      <trkpt lat="22.3812364095" lon="114.0853066997"><ele>398.000</ele></trkpt>
      <trkpt lat="22.3812602974" lon="114.0852976924"><ele>398.000</ele></trkpt>
      <trkpt lat="22.3812812003" lon="114.0852912554"><ele>398.000</ele></trkpt>
      <trkpt lat="22.3813009086" lon="114.0852835355"><ele>398.000</ele></trkpt>
      <trkpt lat="22.3813098638" lon="114.0852764644"><ele>398.000</ele></trkpt>
      <trkpt lat="22.3813188188" lon="114.0852674659"><ele>400.000</ele></trkpt>
      <trkpt lat="22.3813277727" lon="114.0852565419"><ele>400.000</ele></trkpt>
      <trkpt lat="22.3813373226" lon="114.0852424052"><ele>398.000</ele></trkpt>
      <trkpt lat="22.3813462756" lon="114.0852314802"><ele>398.000</ele></trkpt>
      <trkpt lat="22.3813576179" lon="114.0852186261"><ele>400.000</ele></trkpt>
      <trkpt lat="22.3813719469" lon="114.0852064139"><ele>400.000</ele></trkpt>
      <trkpt lat="22.3813856775" lon="114.0851916317"><ele>398.000</ele></trkpt>
      <trkpt lat="22.3814035890" lon="114.0851762049"><ele>399.000</ele></trkpt>
      <trkpt lat="22.3814179187" lon="114.0851652764"><ele>399.000</ele></trkpt>
      <trkpt lat="22.3814286672" lon="114.0851594888"><ele>399.000</ele></trkpt>
      <trkpt lat="22.3814412104" lon="114.0851575541"><ele>399.000</ele></trkpt>
      <trkpt lat="22.3814537548" lon="114.0851594724"><ele>399.000</ele></trkpt>
      <trkpt lat="22.3814698881" lon="114.0851678117"><ele>399.000</ele></trkpt>
      <trkpt lat="22.3814830344" lon="114.0851767957"><ele>399.000</ele></trkpt>
      <trkpt lat="22.3814949885" lon="114.0851902754"><ele>398.000</ele></trkpt>
      <trkpt lat="22.3815129199" lon="114.0852101756"><ele>400.000</ele></trkpt>
      <trkpt lat="22.3815290584" lon="114.0852294331"><ele>400.000</ele></trkpt>
      <trkpt lat="22.3815457933" lon="114.0852461218"><ele>398.000</ele></trkpt>
      <trkpt lat="22.3815601361" lon="114.0852583163"><ele>400.000</ele></trkpt>
      <trkpt lat="22.3815720873" lon="114.0852666583"><ele>400.000</ele></trkpt>
      <trkpt lat="22.3815852325" lon="114.0852737149"><ele>400.000</ele></trkpt>
      <trkpt lat="22.3816001685" lon="114.0852775592"><ele>400.000</ele></trkpt>
      <trkpt lat="22.3816180904" lon="114.0852807586"><ele>400.000</ele></trkpt>
      <trkpt lat="22.3816348191" lon="114.0852865282"><ele>400.000</ele></trkpt>
      <trkpt lat="22.3816515476" lon="114.0852935824"><ele>400.000</ele></trkpt>
      <trkpt lat="22.3816629015" lon="114.0853012830"><ele>400.000</ele></trkpt>
      <trkpt lat="22.3816754505" lon="114.0853096247"><ele>400.000</ele></trkpt>
      <trkpt lat="22.3816903921" lon="114.0853250300"><ele>400.000</ele></trkpt>
      <trkpt lat="22.3817071288" lon="114.0853449300"><ele>400.000</ele></trkpt>
      <trkpt lat="22.3817172927" lon="114.0853609812"><ele>400.000</ele></trkpt>
      <trkpt lat="22.3817256633" lon="114.0853757480"><ele>400.000</ele></trkpt>
      <trkpt lat="22.3817358257" lon="114.0853892299"><ele>400.000</ele></trkpt>
      <trkpt lat="22.3817471800" lon="114.0853975723"><ele>400.000</ele></trkpt>
      <trkpt lat="22.3817591294" lon="114.0854027022"><ele>402.000</ele></trkpt>
      <trkpt lat="22.3817758559" lon="114.0854046188"><ele>402.000</ele></trkpt>
      <trkpt lat="22.3817961673" lon="114.0854078167"><ele>402.000</ele></trkpt>
      <trkpt lat="22.3818069230" lon="114.0854148749"><ele>402.000</ele></trkpt>
      <trkpt lat="22.3818206677" lon="114.0854264270"><ele>402.000</ele></trkpt>
      <trkpt lat="22.3818338174" lon="114.0854399069"><ele>402.000</ele></trkpt>
      <trkpt lat="22.3818523417" lon="114.0854527406"><ele>402.000</ele></trkpt>
      <trkpt lat="22.3818702684" lon="114.0854642909"><ele>402.000</ele></trkpt>
      <trkpt lat="22.3818875933" lon="114.0854687754"><ele>402.000</ele></trkpt>
      <trkpt lat="22.3819031243" lon="114.0854694072"><ele>402.000</ele></trkpt>
      <trkpt lat="22.3819186539" lon="114.0854674705"><ele>402.000</ele></trkpt>
      <trkpt lat="22.3819329873" lon="114.0854629653"><ele>402.000</ele></trkpt>
      <trkpt lat="22.3819449298" lon="114.0854558923"><ele>404.000</ele></trkpt>
      <trkpt lat="22.3819544817" lon="114.0854468933"><ele>403.000</ele></trkpt>
      <trkpt lat="22.3819646271" lon="114.0854301869"><ele>403.000</ele></trkpt>
      <trkpt lat="22.3819753714" lon="114.0854154076"><ele>403.000</ele></trkpt>
      <trkpt lat="22.3819843207" lon="114.0853980592"><ele>402.000</ele></trkpt>
      <trkpt lat="22.3819992374" lon="114.0853678621"><ele>404.000</ele></trkpt>
      <trkpt lat="22.3820153490" lon="114.0853395897"><ele>402.000</ele></trkpt>
      <trkpt lat="22.3820320577" lon="114.0853100333"><ele>402.000</ele></trkpt>
      <trkpt lat="22.3820481695" lon="114.0852804772"><ele>404.000</ele></trkpt>
      <trkpt lat="22.3820595051" lon="114.0852573476"><ele>404.000</ele></trkpt>
      <trkpt lat="22.3820684586" lon="114.0852457797"><ele>402.000</ele></trkpt>
      <trkpt lat="22.3820804000" lon="114.0852367802"><ele>402.000</ele></trkpt>
      <trkpt lat="22.3820923404" lon="114.0852245684"><ele>402.000</ele></trkpt>
      <trkpt lat="22.3821060724" lon="114.0852136402"><ele>402.000</ele></trkpt>
      <trkpt lat="22.3821204047" lon="114.0852072084"><ele>402.000</ele></trkpt>
      <trkpt lat="22.3821347384" lon="114.0852033450"><ele>401.000</ele></trkpt>
      <trkpt lat="22.3821472813" lon="114.0852007675"><ele>401.000</ele></trkpt>
      <trkpt lat="22.3821693811" lon="114.0851981837"><ele>402.000</ele></trkpt>
      <trkpt lat="22.3821956602" lon="114.0851923859"><ele>402.000</ele></trkpt>
      <trkpt lat="22.3822153695" lon="114.0851878771"><ele>402.000</ele></trkpt>
      <trkpt lat="22.3822350795" lon="114.0851846530"><ele>402.000</ele></trkpt>
      <trkpt lat="22.3822529981" lon="114.0851820719"><ele>402.000</ele></trkpt>
      <trkpt lat="22.3822786822" lon="114.0851794857"><ele>402.000</ele></trkpt>
      <trkpt lat="22.3822971978" lon="114.0851769043"><ele>402.000</ele></trkpt>
      <trkpt lat="22.3823181011" lon="114.0851711100"><ele>402.000</ele></trkpt>
      <trkpt lat="22.3823390043" lon="114.0851653158"><ele>402.000</ele></trkpt>
      <trkpt lat="22.3823575194" lon="114.0851601649"><ele>402.000</ele></trkpt>
      <trkpt lat="22.3823754375" lon="114.0851582267"><ele>402.000</ele></trkpt>
      <trkpt lat="22.3823927589" lon="114.0851550032"><ele>400.000</ele></trkpt>
      <trkpt lat="22.3824088851" lon="114.0851524242"><ele>400.000</ele></trkpt>
      <trkpt lat="22.3824226212" lon="114.0851472765"><ele>400.000</ele></trkpt>
      <trkpt lat="22.3824393401" lon="114.0851357044"><ele>400.000</ele></trkpt>
      <trkpt lat="22.3824536687" lon="114.0851228483"><ele>400.000</ele></trkpt>
      <trkpt lat="22.3824691899" lon="114.0851061393"><ele>399.000</ele></trkpt>
      <trkpt lat="22.3824853095" lon="114.0850919972"><ele>399.000</ele></trkpt>
      <trkpt lat="22.3825002356" lon="114.0850784998"><ele>399.000</ele></trkpt>
      <trkpt lat="22.3825151634" lon="114.0850694973"><ele>399.000</ele></trkpt>
      <trkpt lat="22.3825288973" lon="114.0850604965"><ele>399.000</ele></trkpt>
      <trkpt lat="22.3825420347" lon="114.0850553492"><ele>396.000</ele></trkpt>
      <trkpt lat="22.3825575641" lon="114.0850514850"><ele>396.000</ele></trkpt>
      <trkpt lat="22.3825772737" lon="114.0850476190"><ele>396.000</ele></trkpt>
      <trkpt lat="22.3825933991" lon="114.0850437544"><ele>396.000</ele></trkpt>
      <trkpt lat="22.3826202771" lon="114.0850398827"><ele>396.000</ele></trkpt>
      <trkpt lat="22.3826477524" lon="114.0850366535"><ele>396.000</ele></trkpt>
      <trkpt lat="22.3826758256" lon="114.0850334238"><ele>394.000</ele></trkpt>
      <trkpt lat="22.3827033005" lon="114.0850295518"><ele>394.000</ele></trkpt>
      <trkpt lat="22.3827343600" lon="114.0850263202"><ele>394.000</ele></trkpt>
      <trkpt lat="22.3827666125" lon="114.0850198756"><ele>394.000</ele></trkpt>
      <trkpt lat="22.3827922938" lon="114.0850140782"><ele>394.000</ele></trkpt>
      <trkpt lat="22.3828161829" lon="114.0850057126"><ele>392.000</ele></trkpt>
      <trkpt lat="22.3828364836" lon="114.0849915678"><ele>392.000</ele></trkpt>
      <trkpt lat="22.3828532002" lon="114.0849761426"><ele>392.000</ele></trkpt>
      <trkpt lat="22.3828711098" lon="114.0849575035"><ele>392.000</ele></trkpt>
      <trkpt lat="22.3828860332" lon="114.0849407938"><ele>392.000</ele></trkpt>
      <trkpt lat="22.3828991647" lon="114.0849221588"><ele>392.000</ele></trkpt>
      <trkpt lat="22.3829116986" lon="114.0849054507"><ele>392.000</ele></trkpt>
      <trkpt lat="22.3829242352" lon="114.0848919538"><ele>392.000</ele></trkpt>
      <trkpt lat="22.3829403555" lon="114.0848790973"><ele>392.000</ele></trkpt>
      <trkpt lat="22.3829600574" lon="114.0848617426"><ele>392.000</ele></trkpt>
      <trkpt lat="22.3829797596" lon="114.0848431033"><ele>392.000</ele></trkpt>
      <trkpt lat="22.3829958802" lon="114.0848308887"><ele>394.000</ele></trkpt>
      <trkpt lat="22.3830096138" lon="114.0848212450"><ele>394.000</ele></trkpt>
      <trkpt lat="22.3830233464" lon="114.0848116014"><ele>392.000</ele></trkpt>
      <trkpt lat="22.3830388701" lon="114.0847993872"><ele>394.000</ele></trkpt>
      <trkpt lat="22.3830537973" lon="114.0847878162"><ele>394.000</ele></trkpt>
      <trkpt lat="22.3830657365" lon="114.0847749625"><ele>394.000</ele></trkpt>
      <trkpt lat="22.3830758847" lon="114.0847633946"><ele>394.000</ele></trkpt>
      <trkpt lat="22.3830836416" lon="114.0847486162"><ele>394.000</ele></trkpt>
      <trkpt lat="22.3830902038" lon="114.0847338385"><ele>394.000</ele></trkpt>
      <trkpt lat="22.3830979615" lon="114.0847203457"><ele>394.000</ele></trkpt>
      <trkpt lat="22.3831081095" lon="114.0847100615"><ele>394.000</ele></trkpt>
      <trkpt lat="22.3831200507" lon="114.0846991353"><ele>394.000</ele></trkpt>
      <trkpt lat="22.3831296022" lon="114.0846894944"><ele>394.000</ele></trkpt>
      <trkpt lat="22.3831421417" lon="114.0846811362"><ele>394.000</ele></trkpt>
      <trkpt lat="22.3831552778" lon="114.0846721348"><ele>394.000</ele></trkpt>
      <trkpt lat="22.3831749852" lon="114.0846644137"><ele>394.000</ele></trkpt>
      <trkpt lat="22.3831923061" lon="114.0846618339"><ele>394.000</ele></trkpt>
      <trkpt lat="22.3832090293" lon="114.0846579688"><ele>394.000</ele></trkpt>
      <trkpt lat="22.3832233630" lon="114.0846541053"><ele>394.000</ele></trkpt>
      <trkpt lat="22.3832388900" lon="114.0846476727"><ele>394.000</ele></trkpt>
      <trkpt lat="22.3832538190" lon="114.0846393129"><ele>394.000</ele></trkpt>
      <trkpt lat="22.3832639656" lon="114.0846264603"><ele>394.000</ele></trkpt>
      <trkpt lat="22.3832759031" lon="114.0846091097"><ele>394.000</ele></trkpt>
      <trkpt lat="22.3832860434" lon="114.0845853378"><ele>394.000</ele></trkpt>
      <trkpt lat="22.3833027502" lon="114.0845525698"><ele>394.000</ele></trkpt>
      <trkpt lat="22.3833116938" lon="114.0845236599"><ele>394.000</ele></trkpt>
      <trkpt lat="22.3833224290" lon="114.0844947489"><ele>394.000</ele></trkpt>
      <trkpt lat="22.3833319715" lon="114.0844677662"><ele>394.000</ele></trkpt>
      <trkpt lat="22.3833391284" lon="114.0844491350"><ele>394.000</ele></trkpt>
      <trkpt lat="22.3833522567" lon="114.0844266458"><ele>396.000</ele></trkpt>
      <trkpt lat="22.3833671751" lon="114.0843996586"><ele>396.000</ele></trkpt>
      <trkpt lat="22.3833922425" lon="114.0843643156"><ele>396.000</ele></trkpt>
      <trkpt lat="22.3834131292" lon="114.0843296172"><ele>396.000</ele></trkpt>
      <trkpt lat="22.3834370014" lon="114.0842917057"><ele>396.000</ele></trkpt>
      <trkpt lat="22.3834614701" lon="114.0842531518"><ele>396.000</ele></trkpt>
      <trkpt lat="22.3834853417" lon="114.0842158821"><ele>396.000</ele></trkpt>
      <trkpt lat="22.3834978716" lon="114.0841908239"><ele>396.000</ele></trkpt>
      <trkpt lat="22.3835127890" lon="114.0841638375"><ele>396.000</ele></trkpt>
      <trkpt lat="22.3835253171" lon="114.0841355671"><ele>398.000</ele></trkpt>
      <trkpt lat="22.3835372481" lon="114.0841085827"><ele>398.000</ele></trkpt>
      <trkpt lat="22.3835438040" lon="114.0840828866"><ele>398.000</ele></trkpt>
      <trkpt lat="22.3835497648" lon="114.0840604021"><ele>398.000</ele></trkpt>
      <trkpt lat="22.3835509478" lon="114.0840398473"><ele>398.000</ele></trkpt>
      <trkpt lat="22.3835533216" lon="114.0840141530"><ele>398.000</ele></trkpt>
      <trkpt lat="22.3835533072" lon="114.0839891040"><ele>398.000</ele></trkpt>
      <trkpt lat="22.3835514997" lon="114.0839614859"><ele>398.000</ele></trkpt>
      <trkpt lat="22.3835496911" lon="114.0839319413"><ele>400.000</ele></trkpt>
      <trkpt lat="22.3835484823" lon="114.0839075340"><ele>400.000</ele></trkpt>
      <trkpt lat="22.3835490634" lon="114.0838799143"><ele>400.000</ele></trkpt>
      <trkpt lat="22.3835526291" lon="114.0838477977"><ele>400.000</ele></trkpt>
      <trkpt lat="22.3835567940" lon="114.0838195328"><ele>400.000</ele></trkpt>
      <trkpt lat="22.3835585736" lon="114.0837970511"><ele>400.000</ele></trkpt>
      <trkpt lat="22.3835615449" lon="114.0837707145"><ele>400.000</ele></trkpt>
      <trkpt lat="22.3835657135" lon="114.0837488740"><ele>400.000</ele></trkpt>
      <trkpt lat="22.3835686913" lon="114.0837340986"><ele>402.000</ele></trkpt>
      <trkpt lat="22.3835686832" lon="114.0837199680"><ele>402.000</ele></trkpt>
      <trkpt lat="22.3835704654" lon="114.0837019822"><ele>402.000</ele></trkpt>
      <trkpt lat="22.3835728453" lon="114.0836852806"><ele>401.000</ele></trkpt>
      <trkpt lat="22.3835782108" lon="114.0836672924"><ele>401.000</ele></trkpt>
      <trkpt lat="22.3835841747" lon="114.0836518732"><ele>401.000</ele></trkpt>
      <trkpt lat="22.3835895428" lon="114.0836383819"><ele>400.000</ele></trkpt>
      <trkpt lat="22.3835978959" lon="114.0836210335"><ele>400.000</ele></trkpt>
      <trkpt lat="22.3836074448" lon="114.0836068966"><ele>400.000</ele></trkpt>
      <trkpt lat="22.3836199824" lon="114.0835953270"><ele>400.000</ele></trkpt>
      <trkpt lat="22.3836349060" lon="114.0835792589"><ele>400.000</ele></trkpt>
      <trkpt lat="22.3836438590" lon="114.0835670499"><ele>400.000</ele></trkpt>
      <trkpt lat="22.3836534110" lon="114.0835567660"><ele>400.000</ele></trkpt>
      <trkpt lat="22.3836659496" lon="114.0835484077"><ele>400.000</ele></trkpt>
      <trkpt lat="22.3836802833" lon="114.0835445451"><ele>400.000</ele></trkpt>
      <trkpt lat="22.3836922260" lon="114.0835381137"><ele>400.000</ele></trkpt>
      <trkpt lat="22.3837053641" lon="114.0835310396"><ele>400.000</ele></trkpt>
      <trkpt lat="22.3837179037" lon="114.0835246078"><ele>400.000</ele></trkpt>
      <trkpt lat="22.3837298450" lon="114.0835156080"><ele>400.000</ele></trkpt>
      <trkpt lat="22.3837447699" lon="114.0835001827"><ele>398.000</ele></trkpt>
      <trkpt lat="22.3837573070" lon="114.0834892550"><ele>400.000</ele></trkpt>
      <trkpt lat="22.3837692465" lon="114.0834757583"><ele>400.000</ele></trkpt>
      <trkpt lat="22.3837787954" lon="114.0834616213"><ele>400.000</ele></trkpt>
      <trkpt lat="22.3837895364" lon="114.0834429876"><ele>398.000</ele></trkpt>
      <trkpt lat="22.3837978902" lon="114.0834269239"><ele>400.000</ele></trkpt>
      <trkpt lat="22.3838116165" lon="114.0834063617"><ele>398.000</ele></trkpt>
      <trkpt lat="22.3838277327" lon="114.0833851550"><ele>398.000</ele></trkpt>
      <trkpt lat="22.3838462383" lon="114.0833652305"><ele>399.000</ele></trkpt>
      <trkpt lat="22.3838635502" lon="114.0833472342"><ele>398.000</ele></trkpt>
      <trkpt lat="22.3838814622" lon="114.0833330916"><ele>398.000</ele></trkpt>
      <trkpt lat="22.3839011684" lon="114.0833234438"><ele>398.000</ele></trkpt>
      <trkpt lat="22.3839226683" lon="114.0833157223"><ele>398.000</ele></trkpt>
      <trkpt lat="22.3839459621" lon="114.0833118526"><ele>399.000</ele></trkpt>
      <trkpt lat="22.3839770209" lon="114.0833073359"><ele>396.000</ele></trkpt>
      <trkpt lat="22.3839913568" lon="114.0833073263"><ele>396.000</ele></trkpt>
      <trkpt lat="22.3840122656" lon="114.0833111664"><ele>399.000</ele></trkpt>
      <trkpt lat="22.3840355653" lon="114.0833175733"><ele>399.000</ele></trkpt>
      <trkpt lat="22.3840516932" lon="114.0833182054"><ele>399.000</ele></trkpt>
      <trkpt lat="22.3840684190" lon="114.0833188361"><ele>399.000</ele></trkpt>
      <trkpt lat="22.3840833494" lon="114.0833130455"><ele>399.000</ele></trkpt>
      <trkpt lat="22.3841030549" lon="114.0833021129"><ele>396.000</ele></trkpt>
      <trkpt lat="22.3841257431" lon="114.0832847559"><ele>396.000</ele></trkpt>
      <trkpt lat="22.3841442527" lon="114.0832718975"><ele>396.000</ele></trkpt>
      <trkpt lat="22.3841651537" lon="114.0832622489"><ele>398.000</ele></trkpt>
      <trkpt lat="22.3841818754" lon="114.0832558142"><ele>394.000</ele></trkpt>
      <trkpt lat="22.3842087504" lon="114.0832468044"><ele>395.000</ele></trkpt>
      <trkpt lat="22.3842433892" lon="114.0832352190"><ele>395.000</ele></trkpt>
      <trkpt lat="22.3842684702" lon="114.0832236409"><ele>396.000</ele></trkpt>
      <trkpt lat="22.3842971365" lon="114.0832139870"><ele>398.000</ele></trkpt>
      <trkpt lat="22.3843174409" lon="114.0832049816"><ele>396.000</ele></trkpt>
      <trkpt lat="22.3843329656" lon="114.0831946946"><ele>396.000</ele></trkpt>
      <trkpt lat="22.3843437118" lon="114.0831850527"><ele>398.000</ele></trkpt>
      <trkpt lat="22.3843544527" lon="114.0831664179"><ele>398.000</ele></trkpt>
      <trkpt lat="22.3843747449" lon="114.0831362164"><ele>396.000</ele></trkpt>
      <trkpt lat="22.3843884714" lon="114.0831162950"><ele>398.000</ele></trkpt>
      <trkpt lat="22.3844099687" lon="114.0831040774"><ele>396.000</ele></trkpt>
      <trkpt lat="22.3844302716" lon="114.0830925016"><ele>398.000</ele></trkpt>
      <trkpt lat="22.3844499756" lon="114.0830790006"><ele>398.000</ele></trkpt>
      <trkpt lat="22.3844655000" lon="114.0830680707"><ele>398.000</ele></trkpt>
      <trkpt lat="22.3844804228" lon="114.0830507188"><ele>398.000</ele></trkpt>
      <trkpt lat="22.3844983299" lon="114.0830282251"><ele>398.000</ele></trkpt>
      <trkpt lat="22.3845174332" lon="114.0830083010"><ele>396.000</ele></trkpt>
      <trkpt lat="22.3845377281" lon="114.0829845220"><ele>396.000</ele></trkpt>
      <trkpt lat="22.3845526488" lon="114.0829620313"><ele>396.000</ele></trkpt>
      <trkpt lat="22.3845705559" lon="114.0829395385"><ele>396.000</ele></trkpt>
      <trkpt lat="22.3845896569" lon="114.0829170450"><ele>395.000</ele></trkpt>
      <trkpt lat="22.3846111455" lon="114.0828900539"><ele>396.000</ele></trkpt>
      <trkpt lat="22.3846290541" lon="114.0828701296"><ele>394.000</ele></trkpt>
      <trkpt lat="22.3846511408" lon="114.0828450646"><ele>396.000</ele></trkpt>
      <trkpt lat="22.3846726312" lon="114.0828225694"><ele>394.000</ele></trkpt>
      <trkpt lat="22.3846929300" lon="114.0828039291"><ele>394.000</ele></trkpt>
      <trkpt lat="22.3847126314" lon="114.0827859311"><ele>394.000</ele></trkpt>
      <trkpt lat="22.3847365131" lon="114.0827666456"><ele>393.000</ele></trkpt>
      <trkpt lat="22.3847586028" lon="114.0827467194"><ele>394.000</ele></trkpt>
      <trkpt lat="22.3847753211" lon="114.0827345040"><ele>394.000</ele></trkpt>
      <trkpt lat="22.3847872586" lon="114.0827190805"><ele>394.000</ele></trkpt>
      <trkpt lat="22.3848069567" lon="114.0826940171"><ele>394.000</ele></trkpt>
      <trkpt lat="22.3848248625" lon="114.0826708825"><ele>392.000</ele></trkpt>
      <trkpt lat="22.3848397854" lon="114.0826522458"><ele>392.000</ele></trkpt>
      <trkpt lat="22.3848523211" lon="114.0826374638"><ele>392.000</ele></trkpt>
      <trkpt lat="22.3848624686" lon="114.0826265375"><ele>390.000</ele></trkpt>
      <trkpt lat="22.3848773956" lon="114.0826149661"><ele>390.000</ele></trkpt>
      <trkpt lat="22.3848911292" lon="114.0826072487"><ele>390.000</ele></trkpt>
      <trkpt lat="22.3849066554" lon="114.0825995310"><ele>390.000</ele></trkpt>
      <trkpt lat="22.3849191971" lon="114.0825950266"><ele>390.000</ele></trkpt>
      <trkpt lat="22.3849335323" lon="114.0825937322"><ele>390.000</ele></trkpt>
      <trkpt lat="22.3849502577" lon="114.0825937210"><ele>390.000</ele></trkpt>
      <trkpt lat="22.3849741510" lon="114.0825943467"><ele>390.000</ele></trkpt>
      <trkpt lat="22.3850195501" lon="114.0825975274"><ele>390.000</ele></trkpt>
      <trkpt lat="22.3850440416" lon="114.0825987956"><ele>390.000</ele></trkpt>
      <trkpt lat="22.3850637549" lon="114.0826013518"><ele>390.000</ele></trkpt>
      <trkpt lat="22.3850762984" lon="114.0826000586"><ele>390.000</ele></trkpt>
      <trkpt lat="22.3850888407" lon="114.0825981236"><ele>390.000</ele></trkpt>
      <trkpt lat="22.3851013805" lon="114.0825904069"><ele>390.000</ele></trkpt>
      <trkpt lat="22.3851163086" lon="114.0825807631"><ele>390.000</ele></trkpt>
      <trkpt lat="22.3851330277" lon="114.0825698324"><ele>388.000</ele></trkpt>
      <trkpt lat="22.3851515387" lon="114.0825595423"><ele>388.000</ele></trkpt>
      <trkpt lat="22.3851706469" lon="114.0825479681"><ele>388.000</ele></trkpt>
      <trkpt lat="22.3851927429" lon="114.0825389612"><ele>388.000</ele></trkpt>
      <trkpt lat="22.3852106580" lon="114.0825318838"><ele>388.000</ele></trkpt>
      <trkpt lat="22.3852303700" lon="114.0825305858"><ele>386.000</ele></trkpt>
      <trkpt lat="22.3852518715" lon="114.0825273591"><ele>386.000</ele></trkpt>
      <trkpt lat="22.3852799448" lon="114.0825260554"><ele>386.000</ele></trkpt>
      <trkpt lat="22.3852990597" lon="114.0825260425"><ele>384.000</ele></trkpt>
      <trkpt lat="22.3853122018" lon="114.0825260337"><ele>384.000</ele></trkpt>
      <trkpt lat="22.3853229558" lon="114.0825298805"><ele>384.000</ele></trkpt>
      <trkpt lat="22.3853349075" lon="114.0825388654"><ele>385.000</ele></trkpt>
      <trkpt lat="22.3853456633" lon="114.0825459235"><ele>385.000</ele></trkpt>
      <trkpt lat="22.3853540295" lon="114.0825510557"><ele>385.000</ele></trkpt>
      <trkpt lat="22.3853629918" lon="114.0825549038"><ele>385.000</ele></trkpt>
      <trkpt lat="22.3853743423" lon="114.0825581074"><ele>386.000</ele></trkpt>
      <trkpt lat="22.3853821058" lon="114.0825548909"><ele>386.000</ele></trkpt>
      <trkpt lat="22.3853940505" lon="114.0825503869"><ele>386.000</ele></trkpt>
      <trkpt lat="22.3854030059" lon="114.0825439574"><ele>386.000</ele></trkpt>
      <trkpt lat="22.3854101684" lon="114.0825336759"><ele>386.000</ele></trkpt>
      <trkpt lat="22.3854191194" lon="114.0825182544"><ele>386.000</ele></trkpt>
      <trkpt lat="22.3854298588" lon="114.0824970510"><ele>386.000</ele></trkpt>
      <trkpt lat="22.3854435884" lon="114.0824809834"><ele>384.000</ele></trkpt>
      <trkpt lat="22.3854573176" lon="114.0824655587"><ele>384.000</ele></trkpt>
      <trkpt lat="22.3854698547" lon="114.0824533470"><ele>385.000</ele></trkpt>
      <trkpt lat="22.3854829914" lon="114.0824456299"><ele>385.000</ele></trkpt>
      <trkpt lat="22.3854931432" lon="114.0824404842"><ele>385.000</ele></trkpt>
      <trkpt lat="22.3855032980" lon="114.0824404774"><ele>385.000</ele></trkpt>
      <trkpt lat="22.3855224113" lon="114.0824391798"><ele>385.000</ele></trkpt>
      <trkpt lat="22.3855397337" lon="114.0824378834"><ele>385.000</ele></trkpt>
      <trkpt lat="22.3855564565" lon="114.0824333761"><ele>382.000</ele></trkpt>
      <trkpt lat="22.3855803446" lon="114.0824250099"><ele>382.000</ele></trkpt>
      <trkpt lat="22.3856054277" lon="114.0824172857"><ele>382.000</ele></trkpt>
      <trkpt lat="22.3856227506" lon="114.0824166312"><ele>382.000</ele></trkpt>
      <trkpt lat="22.3856388782" lon="114.0824166203"><ele>382.000</ele></trkpt>
      <trkpt lat="22.3856496291" lon="114.0824153283"><ele>382.000</ele></trkpt>
      <trkpt lat="22.3856639632" lon="114.0824121074"><ele>382.000</ele></trkpt>
      <trkpt lat="22.3856753090" lon="114.0824056772"><ele>382.000</ele></trkpt>
      <trkpt lat="22.3856866521" lon="114.0823947490"><ele>382.000</ele></trkpt>
      <trkpt lat="22.3856950069" lon="114.0823818973"><ele>382.000</ele></trkpt>
      <trkpt lat="22.3857033618" lon="114.0823677609"><ele>382.000</ele></trkpt>
      <trkpt lat="22.3857135075" lon="114.0823536232"><ele>382.000</ele></trkpt>
      <trkpt lat="22.3857260457" lon="114.0823433381"><ele>382.000</ele></trkpt>
      <trkpt lat="22.3857409726" lon="114.0823330513"><ele>380.000</ele></trkpt>
      <trkpt lat="22.3857594853" lon="114.0823240459"><ele>380.000</ele></trkpt>
      <trkpt lat="22.3857779952" lon="114.0823118291"><ele>380.000</ele></trkpt>
      <trkpt lat="22.3857923266" lon="114.0823041122"><ele>380.000</ele></trkpt>
      <trkpt lat="22.3858024736" lon="114.0822906164"><ele>380.000</ele></trkpt>
      <trkpt lat="22.3858150126" lon="114.0822816159"><ele>380.000</ele></trkpt>
      <trkpt lat="22.3858269568" lon="114.0822777537"><ele>380.000</ele></trkpt>
      <trkpt lat="22.3858400954" lon="114.0822732489"><ele>380.000</ele></trkpt>
      <trkpt lat="22.3858532324" lon="114.0822661746"><ele>380.000</ele></trkpt>
      <trkpt lat="22.3858645782" lon="114.0822597434"><ele>380.000</ele></trkpt>
      <trkpt lat="22.3858771159" lon="114.0822501001"><ele>380.000</ele></trkpt>
      <trkpt lat="22.3858842772" lon="114.0822378920"><ele>378.000</ele></trkpt>
      <trkpt lat="22.3858914346" lon="114.0822205441"><ele>378.000</ele></trkpt>
      <trkpt lat="22.3859003815" lon="114.0821980571"><ele>378.000</ele></trkpt>
      <trkpt lat="22.3859057480" lon="114.0821819961"><ele>378.000</ele></trkpt>
      <trkpt lat="22.3859123103" lon="114.0821678598"><ele>378.000</ele></trkpt>
      <trkpt lat="22.3859194720" lon="114.0821562936"><ele>378.000</ele></trkpt>
      <trkpt lat="22.3859278286" lon="114.0821466531"><ele>378.000</ele></trkpt>
      <trkpt lat="22.3859379777" lon="114.0821370114"><ele>376.000</ele></trkpt>
      <trkpt lat="22.3859481250" lon="114.0821241584"><ele>376.000</ele></trkpt>
      <trkpt lat="22.3859624546" lon="114.0821132292"><ele>376.000</ele></trkpt>
      <trkpt lat="22.3859875309" lon="114.0820939435"><ele>375.000</ele></trkpt>
      <trkpt lat="22.3860078338" lon="114.0820823674"><ele>375.000</ele></trkpt>
      <trkpt lat="22.3860299275" lon="114.0820695063"><ele>375.000</ele></trkpt>
      <trkpt lat="22.3860591874" lon="114.0820527862"><ele>374.000</ele></trkpt>
      <trkpt lat="22.3860914320" lon="114.0820347794"><ele>374.000</ele></trkpt>
      <trkpt lat="22.3861248712" lon="114.0820148452"><ele>374.000</ele></trkpt>
      <trkpt lat="22.3861469611" lon="114.0819955606"><ele>372.000</ele></trkpt>
      <trkpt lat="22.3861648707" lon="114.0819775634"><ele>372.000</ele></trkpt>
      <trkpt lat="22.3861851668" lon="114.0819544268"><ele>372.000</ele></trkpt>
      <trkpt lat="22.3862054600" lon="114.0819280780"><ele>370.000</ele></trkpt>
      <trkpt lat="22.3862191813" lon="114.0818978794"><ele>370.000</ele></trkpt>
      <trkpt lat="22.3862328983" lon="114.0818619001"><ele>369.000</ele></trkpt>
      <trkpt lat="22.3862412385" lon="114.0818227142"><ele>368.000</ele></trkpt>
      <trkpt lat="22.3862465985" lon="114.0817957326"><ele>368.000</ele></trkpt>
      <trkpt lat="22.3862555386" lon="114.0817616841"><ele>368.000</ele></trkpt>
      <trkpt lat="22.3862668696" lon="114.0817302024"><ele>368.000</ele></trkpt>
      <trkpt lat="22.3862740175" lon="114.0816967980"><ele>368.000</ele></trkpt>
      <trkpt lat="22.3862817639" lon="114.0816646769"><ele>368.000</ele></trkpt>
      <trkpt lat="22.3862865274" lon="114.0816383385"><ele>366.000</ele></trkpt>
      <trkpt lat="22.3862871088" lon="114.0816120030"><ele>366.000</ele></trkpt>
      <trkpt lat="22.3862876877" lon="114.0815798867"><ele>366.000</ele></trkpt>
      <trkpt lat="22.3862870732" lon="114.0815516254"><ele>368.000</ele></trkpt>
      <trkpt lat="22.3862840725" lon="114.0815272189"><ele>368.000</ele></trkpt>
      <trkpt lat="22.3862804761" lon="114.0815066670"><ele>368.000</ele></trkpt>
      <trkpt lat="22.3862762859" lon="114.0814912543"><ele>368.000</ele></trkpt>
      <trkpt lat="22.3862732911" lon="114.0814784102"><ele>368.000</ele></trkpt>
      <trkpt lat="22.3862738802" lon="114.0814636371"><ele>368.000</ele></trkpt>
      <trkpt lat="22.3862786508" lon="114.0814495029"><ele>368.000</ele></trkpt>
      <trkpt lat="22.3862846156" lon="114.0814360099"><ele>368.000</ele></trkpt>
      <trkpt lat="22.3862935677" lon="114.0814225148"><ele>368.000</ele></trkpt>
      <trkpt lat="22.3863031177" lon="114.0814090203"><ele>368.000</ele></trkpt>
      <trkpt lat="22.3863150550" lon="114.0813935966"><ele>368.000</ele></trkpt>
      <trkpt lat="22.3863311731" lon="114.0813775272"><ele>367.000</ele></trkpt>
      <trkpt lat="22.3863466974" lon="114.0813665970"><ele>367.000</ele></trkpt>
      <trkpt lat="22.3863616239" lon="114.0813543835"><ele>368.000</ele></trkpt>
      <trkpt lat="22.3863735662" lon="114.0813473089"><ele>366.000</ele></trkpt>
      <trkpt lat="22.3863849116" lon="114.0813402358"><ele>366.000</ele></trkpt>
      <trkpt lat="22.3863974527" lon="114.0813363740"><ele>366.000</ele></trkpt>
      <trkpt lat="22.3864093968" lon="114.0813325118"><ele>366.000</ele></trkpt>
      <trkpt lat="22.3864195494" lon="114.0813286507"><ele>366.000</ele></trkpt>
      <trkpt lat="22.3864279110" lon="114.0813260756"><ele>366.000</ele></trkpt>
      <trkpt lat="22.3864326864" lon="114.0813215763"><ele>366.000</ele></trkpt>
      <trkpt lat="22.3864345393" lon="114.0813152524"><ele>366.000</ele></trkpt>
      <trkpt lat="22.3864315612" lon="114.0813047670"><ele>366.000</ele></trkpt>
      <trkpt lat="22.3864302190" lon="114.0812951253"><ele>366.000</ele></trkpt>
      <trkpt lat="22.3864285135" lon="114.0812652081"><ele>368.000</ele></trkpt>
      <trkpt lat="22.3864286307" lon="114.0812357946"><ele>368.000</ele></trkpt>
      <trkpt lat="22.3864298651" lon="114.0812157802"><ele>369.000</ele></trkpt>
      <trkpt lat="22.3864324329" lon="114.0812059028"><ele>369.000</ele></trkpt>
      <trkpt lat="22.3864407677" lon="114.0811883898"><ele>369.000</ele></trkpt>
      <trkpt lat="22.3864430924" lon="114.0811812315"><ele>369.000</ele></trkpt>
      <trkpt lat="22.3864472587" lon="114.0811713617"><ele>370.000</ele></trkpt>
      <trkpt lat="22.3864563349" lon="114.0811417479"><ele>370.000</ele></trkpt>
      <trkpt lat="22.3864570605" lon="114.0811318620"><ele>370.000</ele></trkpt>
      <trkpt lat="22.3864584825" lon="114.0811222281"><ele>372.000</ele></trkpt>
      <trkpt lat="22.3864602158" lon="114.0810923280"><ele>372.000</ele></trkpt>
      <trkpt lat="22.3864590995" lon="114.0810829386"><ele>372.000</ele></trkpt>
      <trkpt lat="22.3864614817" lon="114.0810629244"><ele>374.000</ele></trkpt>
      <trkpt lat="22.3864619805" lon="114.0810527949"><ele>374.000</ele></trkpt>
      <trkpt lat="22.3864597653" lon="114.0810330072"><ele>374.000</ele></trkpt>
      <trkpt lat="22.3864603135" lon="114.0810132447"><ele>375.000</ele></trkpt>
      <trkpt lat="22.3864596665" lon="114.0810033501"><ele>375.000</ele></trkpt>
      <trkpt lat="22.3864597845" lon="114.0809739366"><ele>375.000</ele></trkpt>
      <trkpt lat="22.3864606369" lon="114.0809341516"><ele>375.000</ele></trkpt>
      <trkpt lat="22.3864615974" lon="114.0809245181"><ele>377.000</ele></trkpt>
      <trkpt lat="22.3864618715" lon="114.0809146335"><ele>377.000</ele></trkpt>
      <trkpt lat="22.3864610299" lon="114.0808948526"><ele>377.000</ele></trkpt>
      <trkpt lat="22.3864619895" lon="114.0808852190"><ele>377.000</ele></trkpt>
      <trkpt lat="22.3864620297" lon="114.0808753345"><ele>377.000</ele></trkpt>
      <trkpt lat="22.3864644493" lon="114.0808454329"><ele>377.000</ele></trkpt>
      <trkpt lat="22.3864652232" lon="114.0808256713"><ele>376.000</ele></trkpt>
      <trkpt lat="22.3864643414" lon="114.0808157768"><ele>376.000</ele></trkpt>
      <trkpt lat="22.3864639683" lon="114.0807957548"><ele>376.000</ele></trkpt>
      <trkpt lat="22.3864651940" lon="114.0807764774"><ele>375.000</ele></trkpt>
      <trkpt lat="22.3864635267" lon="114.0807364320"><ele>375.000</ele></trkpt>
      <trkpt lat="22.3864606253" lon="114.0807168963"><ele>375.000</ele></trkpt>
      <trkpt lat="22.3864613907" lon="114.0806978727"><ele>375.000</ele></trkpt>
      <trkpt lat="22.3864605173" lon="114.0806869877"><ele>375.000</ele></trkpt>
      <trkpt lat="22.3864584887" lon="114.0806773465"><ele>374.000</ele></trkpt>
      <trkpt lat="22.3864566434" lon="114.0806721244"><ele>374.000</ele></trkpt>
      <trkpt lat="22.3864439712" lon="114.0806377372"><ele>374.000</ele></trkpt>
      <trkpt lat="22.3864408039" lon="114.0806266013"><ele>374.000</ele></trkpt>
      <trkpt lat="22.3864364732" lon="114.0806181755"><ele>374.000</ele></trkpt>
      <trkpt lat="22.3864319091" lon="114.0806119833"><ele>374.000</ele></trkpt>
      <trkpt lat="22.3864222965" lon="114.0806050177"><ele>374.000</ele></trkpt>
      <trkpt lat="22.3864163604" lon="114.0805983214"><ele>374.000</ele></trkpt>
      <trkpt lat="22.3864134481" lon="114.0805922155"><ele>374.000</ele></trkpt>
      <trkpt lat="22.3864116017" lon="114.0805837200"><ele>374.000</ele></trkpt>
      <trkpt lat="22.3864109536" lon="114.0805735835"><ele>374.000</ele></trkpt>
      <trkpt lat="22.3864112276" lon="114.0805636969"><ele>374.000</ele></trkpt>
      <trkpt lat="22.3864108073" lon="114.0805538021"><ele>374.000</ele></trkpt>
      <trkpt lat="22.3864131397" lon="114.0805444201"><ele>374.000</ele></trkpt>
      <trkpt lat="22.3864210296" lon="114.0805246827"><ele>372.000</ele></trkpt>
      <trkpt lat="22.3864235885" lon="114.0805150587"><ele>372.000</ele></trkpt>
      <trkpt lat="22.3864273029" lon="114.0805046940"><ele>372.000</ele></trkpt>
      <trkpt lat="22.3864317127" lon="114.0804943297"><ele>372.000</ele></trkpt>
      <trkpt lat="22.3864356613" lon="114.0804829753"><ele>372.000</ele></trkpt>
      <trkpt lat="22.3864382124" lon="114.0804753226"><ele>372.000</ele></trkpt>
      <trkpt lat="22.3864421768" lon="114.0804602674"><ele>372.000</ele></trkpt>
      <trkpt lat="22.3864503165" lon="114.0804353347"><ele>370.000</ele></trkpt>
      <trkpt lat="22.3864549433" lon="114.0804254753"><ele>373.000</ele></trkpt>
      <trkpt lat="22.3864619121" lon="114.0804057288"><ele>373.000</ele></trkpt>
      <trkpt lat="22.3864663130" lon="114.0803956180"><ele>373.000</ele></trkpt>
      <trkpt lat="22.3864691067" lon="114.0803859831"><ele>373.000</ele></trkpt>
      <trkpt lat="22.3864708015" lon="114.0803659781"><ele>373.000</ele></trkpt>
      <trkpt lat="22.3864701462" lon="114.0803573158"><ele>373.000</ele></trkpt>
      <trkpt lat="22.3864672046" lon="114.0803461894"><ele>373.000</ele></trkpt>
      <trkpt lat="22.3864635698" lon="114.0803385108"><ele>373.000</ele></trkpt>
      <trkpt lat="22.3864580931" lon="114.0803315618"><ele>373.000</ele></trkpt>
      <trkpt lat="22.3864272271" lon="114.0803017716"><ele>370.000</ele></trkpt>
      <trkpt lat="22.3864222029" lon="114.0802963187"><ele>370.000</ele></trkpt>
      <trkpt lat="22.3864174042" lon="114.0802903587"><ele>370.000</ele></trkpt>
      <trkpt lat="22.3864123962" lon="114.0802819333"><ele>370.000</ele></trkpt>
      <trkpt lat="22.3864110541" lon="114.0802725441"><ele>370.000</ele></trkpt>
      <trkpt lat="22.3864081134" lon="114.0802628841"><ele>368.000</ele></trkpt>
      <trkpt lat="22.3864065452" lon="114.0802529901"><ele>368.000</ele></trkpt>
      <trkpt lat="22.3864070450" lon="114.0802431140"><ele>367.000</ele></trkpt>
      <trkpt lat="22.3864052903" lon="114.0802233348"><ele>367.000</ele></trkpt>
      <trkpt lat="22.3864060249" lon="114.0802134489"><ele>367.000</ele></trkpt>
      <trkpt lat="22.3864049563" lon="114.0801931739"><ele>366.000</ele></trkpt>
      <trkpt lat="22.3864059166" lon="114.0801832975"><ele>366.000</ele></trkpt>
      <trkpt lat="22.3864075635" lon="114.0801736635"><ele>366.000</ele></trkpt>
      <trkpt lat="22.3864094851" lon="114.0801539011"><ele>366.000</ele></trkpt>
      <trkpt lat="22.3864137136" lon="114.0801289516"><ele>368.000</ele></trkpt>
      <trkpt lat="22.3864176631" lon="114.0801190829"><ele>368.000</ele></trkpt>
      <trkpt lat="22.3864190751" lon="114.0801094490"><ele>368.000</ele></trkpt>
      <trkpt lat="22.3864221033" lon="114.0800993285"><ele>368.000</ele></trkpt>
      <trkpt lat="22.3864327385" lon="114.0800795989"><ele>368.000</ele></trkpt>
      <trkpt lat="22.3864389966" lon="114.0800645528"><ele>368.000</ele></trkpt>
      <trkpt lat="22.3864415649" lon="114.0800554134"><ele>368.000</ele></trkpt>
      <trkpt lat="22.3864427507" lon="114.0800450426"><ele>366.000</ele></trkpt>
      <trkpt lat="22.3864416429" lon="114.0800349045"><ele>366.000</ele></trkpt>
      <trkpt lat="22.3864426437" lon="114.0800322626"><ele>366.000</ele></trkpt>
      <trkpt lat="22.3864444343" lon="114.0800274954"><ele>366.000</ele></trkpt>
      <trkpt lat="22.3864453576" lon="114.0800250360"><ele>366.000</ele></trkpt>
      <trkpt lat="22.3864518274" lon="114.0800151753"><ele>366.000</ele></trkpt>
      <trkpt lat="22.3864723485" lon="114.0799927684"><ele>367.000</ele></trkpt>
      <trkpt lat="22.3864914889" lon="114.0799706053"><ele>367.000</ele></trkpt>
      <trkpt lat="22.3865000410" lon="114.0799558101"><ele>368.000</ele></trkpt>
      <trkpt lat="22.3865088194" lon="114.0799420052"><ele>368.000</ele></trkpt>
      <trkpt lat="22.3865182765" lon="114.0799304343"><ele>368.000</ele></trkpt>
      <trkpt lat="22.3865228961" lon="114.0799237784"><ele>368.000</ele></trkpt>
      <trkpt lat="22.3865457663" lon="114.0798868039"><ele>368.000</ele></trkpt>
      <trkpt lat="22.3865640657" lon="114.0798461038"><ele>366.000</ele></trkpt>
      <trkpt lat="22.3865686850" lon="114.0798404296"><ele>366.000</ele></trkpt>
      <trkpt lat="22.3865871704" lon="114.0798101100"><ele>366.000</ele></trkpt>
      <trkpt lat="22.3865924759" lon="114.0798027165"><ele>366.000</ele></trkpt>
      <trkpt lat="22.3866010053" lon="114.0797938545"><ele>366.000</ele></trkpt>
      <trkpt lat="22.3866192240" lon="114.0797721882"><ele>366.000</ele></trkpt>
      <trkpt lat="22.3866284546" lon="114.0797596153"><ele>365.000</ele></trkpt>
      <trkpt lat="22.3866330829" lon="114.0797522223"><ele>365.000</ele></trkpt>
      <trkpt lat="22.3866376939" lon="114.0797463150"><ele>365.000</ele></trkpt>
      <trkpt lat="22.3866427735" lon="114.0797386692"><ele>365.000</ele></trkpt>
      <trkpt lat="22.3866561874" lon="114.0797145096"><ele>364.000</ele></trkpt>
      <trkpt lat="22.3866603624" lon="114.0797043892"><ele>364.000</ele></trkpt>
      <trkpt lat="22.3866631558" lon="114.0796942678"><ele>364.000</ele></trkpt>
      <trkpt lat="22.3866664106" lon="114.0796841471"><ele>364.000</ele></trkpt>
      <trkpt lat="22.3866701245" lon="114.0796745310"><ele>364.000</ele></trkpt>
      <trkpt lat="22.3866787232" lon="114.0796471314"><ele>362.000</ele></trkpt>
      <trkpt lat="22.3866819697" lon="114.0796397296"><ele>362.000</ele></trkpt>
      <trkpt lat="22.3866908197" lon="114.0796098643"><ele>360.000</ele></trkpt>
      <trkpt lat="22.3866973820" lon="114.0796051006"><ele>360.000</ele></trkpt>
      <trkpt lat="22.3867009739" lon="114.0796013498"><ele>360.000</ele></trkpt>
      <trkpt lat="22.3867049967" lon="114.0795933066"><ele>360.000</ele></trkpt>
      <trkpt lat="22.3867073485" lon="114.0795846926"><ele>360.000</ele></trkpt>
      <trkpt lat="22.3867112448" lon="114.0795766680"><ele>360.000</ele></trkpt>
      <trkpt lat="22.3867190761" lon="114.0795647379"><ele>358.000</ele></trkpt>
      <trkpt lat="22.3867344256" lon="114.0795456847"><ele>359.000</ele></trkpt>
      <trkpt lat="22.3867397421" lon="114.0795400391"><ele>359.000</ele></trkpt>
      <trkpt lat="22.3867510419" lon="114.0795309712"><ele>359.000</ele></trkpt>
      <trkpt lat="22.3867561223" lon="114.0795246461"><ele>359.000</ele></trkpt>
      <trkpt lat="22.3867620461" lon="114.0795093866"><ele>356.000</ele></trkpt>
      <trkpt lat="22.3867700048" lon="114.0794990198"><ele>356.000</ele></trkpt>
      <trkpt lat="22.3867781270" lon="114.0794902066"><ele>358.000</ele></trkpt>
      <trkpt lat="22.3867887499" lon="114.0794803332"><ele>358.000</ele></trkpt>
      <trkpt lat="22.3867963682" lon="114.0794744627"><ele>358.000</ele></trkpt>
      <trkpt lat="22.3868023530" lon="114.0794705451"><ele>355.000</ele></trkpt>
      <trkpt lat="22.3868073203" lon="114.0794683616"><ele>355.000</ele></trkpt>
      <trkpt lat="22.3868065458" lon="114.0794599479"><ele>355.000</ele></trkpt>
      <trkpt lat="22.3868088975" lon="114.0794510805"><ele>355.000</ele></trkpt>
      <trkpt lat="22.3868214762" lon="114.0794197938"><ele>355.000</ele></trkpt>
      <trkpt lat="22.3868247232" lon="114.0794131397"><ele>355.000</ele></trkpt>
      <trkpt lat="22.3868312507" lon="114.0793956463"><ele>355.000</ele></trkpt>
      <trkpt lat="22.3868364056" lon="114.0793781442"><ele>355.000</ele></trkpt>
      <trkpt lat="22.3868431591" lon="114.0793609031"><ele>356.000</ele></trkpt>
      <trkpt lat="22.3868566259" lon="114.0793348110"><ele>356.000</ele></trkpt>
      <trkpt lat="22.3868647696" lon="114.0793168319"><ele>356.000</ele></trkpt>
      <trkpt lat="22.3868879623" lon="114.0792757291"><ele>358.000</ele></trkpt>
      <trkpt lat="22.3868977372" lon="114.0792523293"><ele>358.000</ele></trkpt>
      <trkpt lat="22.3869038042" lon="114.0792348362"><ele>358.000</ele></trkpt>
      <trkpt lat="22.3869115363" lon="114.0792082140"><ele>358.000</ele></trkpt>
      <trkpt lat="22.3869220467" lon="114.0791764140"><ele>358.000</ele></trkpt>
      <trkpt lat="22.3869239387" lon="114.0791675372"><ele>358.000</ele></trkpt>
      <trkpt lat="22.3869309746" lon="114.0791411592"><ele>358.000</ele></trkpt>
      <trkpt lat="22.3869387559" lon="114.0791061362"><ele>358.000</ele></trkpt>
      <trkpt lat="22.3869432000" lon="114.0790915866"><ele>358.000</ele></trkpt>
      <trkpt lat="22.3869478445" lon="114.0790827272"><ele>359.000</ele></trkpt>
      <trkpt lat="22.3869564246" lon="114.0790682135"><ele>360.000</ele></trkpt>
      <trkpt lat="22.3869668753" lon="114.0790423565"><ele>360.000</ele></trkpt>
      <trkpt lat="22.3869762082" lon="114.0790211614"><ele>360.000</ele></trkpt>
      <trkpt lat="22.3869843591" lon="114.0790002292"><ele>360.000</ele></trkpt>
      <trkpt lat="22.3869867021" lon="114.0789920901"><ele>360.000</ele></trkpt>
      <trkpt lat="22.3869885942" lon="114.0789834560"><ele>360.000</ele></trkpt>
      <trkpt lat="22.3869933851" lon="114.0789479214"><ele>360.000</ele></trkpt>
      <trkpt lat="22.3869955020" lon="114.0789392872"><ele>360.000</ele></trkpt>
      <trkpt lat="22.3869957554" lon="114.0788953269"><ele>360.000</ele></trkpt>
      <trkpt lat="22.3869953439" lon="114.0788869275"><ele>360.000</ele></trkpt>
      <trkpt lat="22.3869963147" lon="114.0788780425"><ele>362.000</ele></trkpt>
      <trkpt lat="22.3869961370" lon="114.0788693992"><ele>362.000</ele></trkpt>
      <trkpt lat="22.3869941758" lon="114.0788518447"><ele>360.000</ele></trkpt>
      <trkpt lat="22.3869937639" lon="114.0788427063"><ele>360.000</ele></trkpt>
      <trkpt lat="22.3869946059" lon="114.0788165259"><ele>360.000</ele></trkpt>
      <trkpt lat="22.3869953496" lon="114.0788069021"><ele>360.000</ele></trkpt>
      <trkpt lat="22.3869962951" lon="114.0788024637"><ele>362.000</ele></trkpt>
      <trkpt lat="22.3869974997" lon="114.0787933348"><ele>362.000</ele></trkpt>
      <trkpt lat="22.3870019101" lon="114.0787842231"><ele>362.000</ele></trkpt>
      <trkpt lat="22.3870142054" lon="114.0787623170"><ele>362.000</ele></trkpt>
      <trkpt lat="22.3870249095" lon="114.0787374406"><ele>362.000</ele></trkpt>
      <trkpt lat="22.3870277129" lon="114.0787290583"><ele>362.000</ele></trkpt>
      <trkpt lat="22.3870347506" lon="114.0787026793"><ele>362.000</ele></trkpt>
      <trkpt lat="22.3870406886" lon="114.0786676488"><ele>363.000</ele></trkpt>
      <trkpt lat="22.3870411980" lon="114.0786587535"><ele>364.000</ele></trkpt>
      <trkpt lat="22.3870449711" lon="114.0786412426"><ele>366.000</ele></trkpt>
      <trkpt lat="22.3870490278" lon="114.0786148462"><ele>366.000</ele></trkpt>
      <trkpt lat="22.3870537709" lon="114.0785884493"><ele>366.000</ele></trkpt>
      <trkpt lat="22.3870555340" lon="114.0785622779"><ele>366.000</ele></trkpt>
      <trkpt lat="22.3870548966" lon="114.0785536262"><ele>366.000</ele></trkpt>
      <trkpt lat="22.3870528775" lon="114.0785449657"><ele>366.000</ele></trkpt>
      <trkpt lat="22.3870470061" lon="114.0785273935"><ele>366.000</ele></trkpt>
      <trkpt lat="22.3870429768" lon="114.0785098298"><ele>366.000</ele></trkpt>
      <trkpt lat="22.3870416530" lon="114.0785009358"><ele>366.000</ele></trkpt>
      <trkpt lat="22.3870410156" lon="114.0784922841"><ele>366.000</ele></trkpt>
      <trkpt lat="22.3870432799" lon="114.0784572270"><ele>366.000</ele></trkpt>
      <trkpt lat="22.3870461400" lon="114.0784397070"><ele>366.000</ele></trkpt>
      <trkpt lat="22.3870505995" lon="114.0784221956"><ele>366.000</ele></trkpt>
      <trkpt lat="22.3870522647" lon="114.0784133189"><ele>366.000</ele></trkpt>
      <trkpt lat="22.3870541956" lon="114.0783957995"><ele>366.000</ele></trkpt>
      <trkpt lat="22.3870572824" lon="114.0783782803"><ele>366.000</ele></trkpt>
      <trkpt lat="22.3870600861" lon="114.0783703923"><ele>366.000</ele></trkpt>
      <trkpt lat="22.3870635678" lon="114.0783637478"><ele>366.000</ele></trkpt>
      <trkpt lat="22.3870732937" lon="114.0783489905"><ele>364.000</ele></trkpt>
      <trkpt lat="22.3870818723" lon="114.0783334862"><ele>364.000</ele></trkpt>
      <trkpt lat="22.3870884585" lon="114.0783234505"><ele>368.000</ele></trkpt>
      <trkpt lat="22.3870990960" lon="114.0782930875"><ele>367.000</ele></trkpt>
      <trkpt lat="22.3871000725" lon="114.0782891094"><ele>367.000</ele></trkpt>
      <trkpt lat="22.3871033298" lon="114.0782758297"><ele>367.000</ele></trkpt>
      <trkpt lat="22.3871054953" lon="114.0782580567"><ele>367.000</ele></trkpt>
      <trkpt lat="22.3871064351" lon="114.0782146009"><ele>367.000</ele></trkpt>
      <trkpt lat="22.3871052578" lon="114.0781795172"><ele>366.000</ele></trkpt>
      <trkpt lat="22.3871037081" lon="114.0781706136"><ele>366.000</ele></trkpt>
      <trkpt lat="22.3871014631" lon="114.0781617105"><ele>366.000</ele></trkpt>
      <trkpt lat="22.3870958266" lon="114.0781443810"><ele>365.000</ele></trkpt>
      <trkpt lat="22.3870942680" lon="114.0781357299"><ele>365.000</ele></trkpt>
      <trkpt lat="22.3870918471" lon="114.0781181747"><ele>365.000</ele></trkpt>
      <trkpt lat="22.3870930426" lon="114.0781090459"><ele>365.000</ele></trkpt>
      <trkpt lat="22.3870963064" lon="114.0781004205"><ele>365.000</ele></trkpt>
      <trkpt lat="22.3871004903" lon="114.0780918042"><ele>365.000</ele></trkpt>
      <trkpt lat="22.3871062737" lon="114.0780831965"><ele>365.000</ele></trkpt>
      <trkpt lat="22.3871171306" lon="114.0780721488"><ele>365.000</ele></trkpt>
      <trkpt lat="22.3871217592" lon="114.0780655122"><ele>365.000</ele></trkpt>
      <trkpt lat="22.3871266301" lon="114.0780564099"><ele>364.000</ele></trkpt>
      <trkpt lat="22.3871333923" lon="114.0780389162"><ele>368.000</ele></trkpt>
      <trkpt lat="22.3871359696" lon="114.0780300389"><ele>368.000</ele></trkpt>
      <trkpt lat="22.3871406227" lon="114.0780191985"><ele>368.000</ele></trkpt>
      <trkpt lat="22.3871459545" lon="114.0780105911"><ele>368.000</ele></trkpt>
      <trkpt lat="22.3871492184" lon="114.0780022182"><ele>368.000</ele></trkpt>
      <trkpt lat="22.3871515608" lon="114.0779930885"><ele>368.000</ele></trkpt>
      <trkpt lat="22.3871527655" lon="114.0779842024"><ele>368.000</ele></trkpt>
      <trkpt lat="22.3871518940" lon="114.0779753081"><ele>368.000</ele></trkpt>
      <trkpt lat="22.3871501086" lon="114.0779664047"><ele>368.000</ele></trkpt>
      <trkpt lat="22.3871440113" lon="114.0779488327"><ele>368.000</ele></trkpt>
      <trkpt lat="22.3871408460" lon="114.0779411538"><ele>368.000</ele></trkpt>
      <trkpt lat="22.3871372113" lon="114.0779339705"><ele>368.000</ele></trkpt>
      <trkpt lat="22.3871274223" lon="114.0779193338"><ele>364.000</ele></trkpt>
      <trkpt lat="22.3871183123" lon="114.0779074155"><ele>364.000</ele></trkpt>
      <trkpt lat="22.3871135389" lon="114.0778987376"><ele>364.000</ele></trkpt>
      <trkpt lat="22.3870994948" lon="114.0778665373"><ele>365.000</ele></trkpt>
      <trkpt lat="22.3870988571" lon="114.0778574000"><ele>365.000</ele></trkpt>
      <trkpt lat="22.3871000536" lon="114.0778485139"><ele>365.000</ele></trkpt>
      <trkpt lat="22.3871051990" lon="114.0778319925"><ele>365.000</ele></trkpt>
      <trkpt lat="22.3871091986" lon="114.0778157243"><ele>366.000</ele></trkpt>
      <trkpt lat="22.3871099339" lon="114.0778073241"><ele>366.000</ele></trkpt>
      <trkpt lat="22.3871130205" lon="114.0777895611"><ele>366.000</ele></trkpt>
      <trkpt lat="22.3871140391" lon="114.0777717899"><ele>367.000</ele></trkpt>
      <trkpt lat="22.3871129500" lon="114.0777628860"><ele>367.000</ele></trkpt>
      <trkpt lat="22.3871096070" lon="114.0777453315"><ele>367.000</ele></trkpt>
      <trkpt lat="22.3871069014" lon="114.0777364191"><ele>367.000</ele></trkpt>
      <trkpt lat="22.3871035095" lon="114.0777275081"><ele>367.000</ele></trkpt>
      <trkpt lat="22.3870994226" lon="114.0777190812"><ele>369.000</ele></trkpt>
      <trkpt lat="22.3870957885" lon="114.0777128883"><ele>369.000</ele></trkpt>
      <trkpt lat="22.3870912335" lon="114.0777069292"><ele>369.000</ele></trkpt>
      <trkpt lat="22.3870802645" lon="114.0776972264"><ele>366.000</ele></trkpt>
      <trkpt lat="22.3870642972" lon="114.0776803227"><ele>366.000</ele></trkpt>
      <trkpt lat="22.3870547177" lon="114.0776686563"><ele>368.000</ele></trkpt>
      <trkpt lat="22.3870451644" lon="114.0776540194"><ele>368.000</ele></trkpt>
      <trkpt lat="22.3870417633" lon="114.0776463407"><ele>368.000</ele></trkpt>
      <trkpt lat="22.3870399709" lon="114.0776391658"><ele>364.000</ele></trkpt>
      <trkpt lat="22.3870375496" lon="114.0776211164"><ele>365.000</ele></trkpt>
      <trkpt lat="22.3870343123" lon="114.0775860235"><ele>365.000</ele></trkpt>
      <trkpt lat="22.3870388204" lon="114.0775596268"><ele>365.000</ele></trkpt>
      <trkpt lat="22.3870405343" lon="114.0775418551"><ele>368.000</ele></trkpt>
      <trkpt lat="22.3870408177" lon="114.0775327172"><ele>368.000</ele></trkpt>
      <trkpt lat="22.3870431603" lon="114.0775240837"><ele>368.000</ele></trkpt>
      <trkpt lat="22.3870448164" lon="114.0775152060"><ele>368.000</ele></trkpt>
      <trkpt lat="22.3870495106" lon="114.0774977041"><ele>368.000</ele></trkpt>
      <trkpt lat="22.3870527510" lon="114.0774908403"><ele>368.000</ele></trkpt>
      <trkpt lat="22.3870564821" lon="114.0774829302"><ele>368.000</ele></trkpt>
      <trkpt lat="22.3870599805" lon="114.0774740610"><ele>366.000</ele></trkpt>
      <trkpt lat="22.3870627834" lon="114.0774649310"><ele>366.000</ele></trkpt>
      <trkpt lat="22.3870665578" lon="114.0774481677"><ele>366.000</ele></trkpt>
      <trkpt lat="22.3870719205" lon="114.0774326366"><ele>366.000</ele></trkpt>
      <trkpt lat="22.3870742720" lon="114.0774237594"><ele>365.000</ele></trkpt>
      <trkpt lat="22.3870757024" lon="114.0774148828"><ele>365.000</ele></trkpt>
      <trkpt lat="22.3870759770" lon="114.0774062411"><ele>365.000</ele></trkpt>
      <trkpt lat="22.3870749121" lon="114.0773926460"><ele>365.000</ele></trkpt>
      <trkpt lat="22.3870804748" lon="114.0771985252"><ele>362.000</ele></trkpt>
      <trkpt lat="22.3870826750" lon="114.0771217435"><ele>360.000</ele></trkpt>
      <trkpt lat="22.3870811071" lon="114.0771140829"><ele>360.000</ele></trkpt>
      <trkpt lat="22.3870806954" lon="114.0771054301"><ele>360.000</ele></trkpt>
      <trkpt lat="22.3870889851" lon="114.0770610271"><ele>358.000</ele></trkpt>
      <trkpt lat="22.3870939059" lon="114.0770450010"><ele>358.000</ele></trkpt>
      <trkpt lat="22.3870965151" lon="114.0770294621"><ele>358.000</ele></trkpt>
      <trkpt lat="22.3870970330" lon="114.0770198288"><ele>358.000</ele></trkpt>
      <trkpt lat="22.3870966211" lon="114.0770109341"><ele>358.000</ele></trkpt>
      <trkpt lat="22.3870943760" lon="114.0770020311"><ele>358.000</ele></trkpt>
      <trkpt lat="22.3870885134" lon="114.0769844590"><ele>357.000</ele></trkpt>
      <trkpt lat="22.3870853307" lon="114.0769780134"><ele>357.000</ele></trkpt>
      <trkpt lat="22.3870796860" lon="114.0769624124"><ele>358.000</ele></trkpt>
      <trkpt lat="22.3870776595" lon="114.0769549949"><ele>358.000</ele></trkpt>
      <trkpt lat="22.3870765704" lon="114.0769460910"><ele>357.000</ele></trkpt>
      <trkpt lat="22.3870762072" lon="114.0769283111"><ele>357.000</ele></trkpt>
      <trkpt lat="22.3870770479" lon="114.0769018878"><ele>357.000</ele></trkpt>
      <trkpt lat="22.3870789388" lon="114.0768930012"><ele>354.000</ele></trkpt>
      <trkpt lat="22.3870817418" lon="114.0768841334"><ele>354.000</ele></trkpt>
      <trkpt lat="22.3870838585" lon="114.0768752564"><ele>354.000</ele></trkpt>
      <trkpt lat="22.3870888359" lon="114.0768486068"><ele>352.000</ele></trkpt>
      <trkpt lat="22.3870920994" lon="114.0768397386"><ele>352.000</ele></trkpt>
      <trkpt lat="22.3871000084" lon="114.0768222538"><ele>352.000</ele></trkpt>
      <trkpt lat="22.3871095732" lon="114.0767953970"><ele>350.000</ele></trkpt>
      <trkpt lat="22.3871200593" lon="114.0767690348"><ele>350.000</ele></trkpt>
      <trkpt lat="22.3871205846" lon="114.0767569350"><ele>350.000</ele></trkpt>
      <trkpt lat="22.3871159177" lon="114.0767307293"><ele>348.000</ele></trkpt>
      <trkpt lat="22.3871091826" lon="114.0767042532"><ele>348.000</ele></trkpt>
      <trkpt lat="22.3870972224" lon="114.0766688567"><ele>346.000</ele></trkpt>
      <trkpt lat="22.3870922717" lon="114.0766510412"><ele>346.000</ele></trkpt>
      <trkpt lat="22.3870866346" lon="114.0766332165"><ele>346.000</ele></trkpt>
      <trkpt lat="22.3870798508" lon="114.0766156354"><ele>346.000</ele></trkpt>
      <trkpt lat="22.3870698854" lon="114.0765918611"><ele>344.000</ele></trkpt>
      <trkpt lat="22.3870599102" lon="114.0765698154"><ele>344.000</ele></trkpt>
      <trkpt lat="22.3870558157" lon="114.0765638570"><ele>344.000</ele></trkpt>
      <trkpt lat="22.3870489996" lon="114.0765509749"><ele>342.000</ele></trkpt>
      <trkpt lat="22.3870226292" lon="114.0765065870"><ele>340.000</ele></trkpt>
      <trkpt lat="22.3870105620" lon="114.0764882328"><ele>340.000</ele></trkpt>
      <trkpt lat="22.3869989642" lon="114.0764693831"><ele>340.000</ele></trkpt>
      <trkpt lat="22.3869928424" lon="114.0764562587"><ele>338.000</ele></trkpt>
      <trkpt lat="22.3869905895" lon="114.0764493269"><ele>338.000</ele></trkpt>
      <trkpt lat="22.3869894830" lon="114.0764416660"><ele>338.000</ele></trkpt>
      <trkpt lat="22.3869895245" lon="114.0764342568"><ele>338.000</ele></trkpt>
      <trkpt lat="22.3869902593" lon="114.0764266042"><ele>338.000</ele></trkpt>
      <trkpt lat="22.3869921332" lon="114.0764194462"><ele>338.000</ele></trkpt>
      <trkpt lat="22.3869972719" lon="114.0764054009"><ele>338.000</ele></trkpt>
      <trkpt lat="22.3870012554" lon="114.0763911040"><ele>338.000</ele></trkpt>
      <trkpt lat="22.3870036295" lon="114.0763765460"><ele>338.000</ele></trkpt>
      <trkpt lat="22.3870032424" lon="114.0763639516"><ele>338.000</ele></trkpt>
      <trkpt lat="22.3870023870" lon="114.0763533200"><ele>338.000</ele></trkpt>
      <trkpt lat="22.3869994638" lon="114.0763431735"><ele>338.000</ele></trkpt>
      <trkpt lat="22.3869916304" lon="114.0763078033"><ele>336.000</ele></trkpt>
      <trkpt lat="22.3869874316" lon="114.0762793735"><ele>336.000</ele></trkpt>
      <trkpt lat="22.3869847430" lon="114.0762687326"><ele>336.000</ele></trkpt>
      <trkpt lat="22.3869784107" lon="114.0762511609"><ele>336.000</ele></trkpt>
      <trkpt lat="22.3869766351" lon="114.0762407718"><ele>336.000</ele></trkpt>
      <trkpt lat="22.3869765309" lon="114.0762197775"><ele>336.000</ele></trkpt>
      <trkpt lat="22.3869754404" lon="114.0762089023"><ele>336.000</ele></trkpt>
      <trkpt lat="22.3869750862" lon="114.0761911224"><ele>336.000</ele></trkpt>
      <trkpt lat="22.3869722851" lon="114.0761594872"><ele>336.000</ele></trkpt>
      <trkpt lat="22.3869721818" lon="114.0761384938"><ele>336.000</ele></trkpt>
      <trkpt lat="22.3869732248" lon="114.0761167597"><ele>334.000</ele></trkpt>
      <trkpt lat="22.3869723606" lon="114.0761066331"><ele>334.000</ele></trkpt>
      <trkpt lat="22.3869724830" lon="114.0760856376"><ele>334.000</ele></trkpt>
      <trkpt lat="22.3869732755" lon="114.0760676141"><ele>332.000</ele></trkpt>
      <trkpt lat="22.3869764436" lon="114.0760360134"><ele>332.000</ele></trkpt>
      <trkpt lat="22.3869774780" lon="114.0760150280"><ele>330.000</ele></trkpt>
      <trkpt lat="22.3869782136" lon="114.0760071327"><ele>330.000</ele></trkpt>
      <trkpt lat="22.3869817520" lon="114.0759901074"><ele>330.000</ele></trkpt>
      <trkpt lat="22.3869822791" lon="114.0759794933"><ele>330.000</ele></trkpt>
      <trkpt lat="22.3869716905" lon="114.0759443484"><ele>330.000</ele></trkpt>
      <trkpt lat="22.3869664892" lon="114.0759302329"><ele>330.000</ele></trkpt>
      <trkpt lat="22.3869622258" lon="114.0759126694"><ele>328.000</ele></trkpt>
      <trkpt lat="22.3869609088" lon="114.0759020469"><ele>328.000</ele></trkpt>
      <trkpt lat="22.3869592387" lon="114.0758738776"><ele>328.000</ele></trkpt>
      <trkpt lat="22.3869575026" lon="114.0758558364"><ele>328.000</ele></trkpt>
      <trkpt lat="22.3869559609" lon="114.0758454472"><ele>328.000</ele></trkpt>
      <trkpt lat="22.3869462944" lon="114.0758103114"><ele>328.000</ele></trkpt>
      <trkpt lat="22.3869420299" lon="114.0757925051"><ele>328.000</ele></trkpt>
      <trkpt lat="22.3869397689" lon="114.0757870591"><ele>328.000</ele></trkpt>
      <trkpt lat="22.3869352140" lon="114.0757801096"><ele>328.000</ele></trkpt>
      <trkpt lat="22.3869288819" lon="114.0757642567"><ele>328.000</ele></trkpt>
      <trkpt lat="22.3869088352" lon="114.0757369658"><ele>328.000</ele></trkpt>
      <trkpt lat="22.3868839831" lon="114.0757078995"><ele>328.000</ele></trkpt>
      <trkpt lat="22.3868694047" lon="114.0756870613"><ele>328.000</ele></trkpt>
      <trkpt lat="22.3868607707" lon="114.0756726764"><ele>327.000</ele></trkpt>
      <trkpt lat="22.3868573617" lon="114.0756654930"><ele>326.000</ele></trkpt>
      <trkpt lat="22.3868530418" lon="114.0756587957"><ele>326.000</ele></trkpt>
      <trkpt lat="22.3868496407" lon="114.0756511171"><ele>326.000</ele></trkpt>
      <trkpt lat="22.3868469431" lon="114.0756407287"><ele>326.000</ele></trkpt>
      <trkpt lat="22.3868424378" lon="114.0756263699"><ele>324.000</ele></trkpt>
      <trkpt lat="22.3868404347" lon="114.0756159810"><ele>324.000</ele></trkpt>
      <trkpt lat="22.3868400713" lon="114.0755982011"><ele>324.000</ele></trkpt>
      <trkpt lat="22.3868389902" lon="114.0755878212"><ele>324.000</ele></trkpt>
      <trkpt lat="22.3868392814" lon="114.0755769548"><ele>322.000</ele></trkpt>
      <trkpt lat="22.3868387085" lon="114.0755562036"><ele>322.000</ele></trkpt>
      <trkpt lat="22.3868392347" lon="114.0755455798"><ele>322.000</ele></trkpt>
      <trkpt lat="22.3868408826" lon="114.0755381888"><ele>320.000</ele></trkpt>
      <trkpt lat="22.3868418612" lon="114.0755275744"><ele>320.000</ele></trkpt>
      <trkpt lat="22.3868410615" lon="114.0755065709"><ele>320.000</ele></trkpt>
      <trkpt lat="22.3868413530" lon="114.0754961997"><ele>320.000</ele></trkpt>
      <trkpt lat="22.3868440195" lon="114.0754712706"><ele>320.000</ele></trkpt>
      <trkpt lat="22.3868458553" lon="114.0754322626"><ele>318.000</ele></trkpt>
      <trkpt lat="22.3868475034" lon="114.0754251037"><ele>318.000</ele></trkpt>
      <trkpt lat="22.3868475601" lon="114.0754147327"><ele>318.000</ele></trkpt>
      <trkpt lat="22.3868469314" lon="114.0754043525"><ele>318.000</ele></trkpt>
      <trkpt lat="22.3868455984" lon="114.0753969355"><ele>318.000</ele></trkpt>
      <trkpt lat="22.3868447428" lon="114.0753863118"><ele>318.000</ele></trkpt>
      <trkpt lat="22.3868431923" lon="114.0753761760"><ele>318.000</ele></trkpt>
      <trkpt lat="22.3868347130" lon="114.0753336389"><ele>318.000</ele></trkpt>
      <trkpt lat="22.3868336065" lon="114.0753259683"><ele>318.000</ele></trkpt>
      <trkpt lat="22.3868341240" lon="114.0753160922"><ele>318.000</ele></trkpt>
      <trkpt lat="22.3868411158" lon="114.0752762832"><ele>318.000</ele></trkpt>
      <trkpt lat="22.3868472111" lon="114.0752471081"><ele>315.000</ele></trkpt>
      <trkpt lat="22.3868543122" lon="114.0752233896"><ele>315.000</ele></trkpt>
      <trkpt lat="22.3868600371" lon="114.0752083145"><ele>316.000</ele></trkpt>
      <trkpt lat="22.3868637026" lon="114.0751925029"><ele>313.000</ele></trkpt>
      <trkpt lat="22.3868671370" lon="114.0751826150"><ele>313.000</ele></trkpt>
      <trkpt lat="22.3868703476" lon="114.0751756997"><ele>313.000</ele></trkpt>
      <trkpt lat="22.3868763069" lon="114.0751601282"><ele>313.000</ele></trkpt>
      <trkpt lat="22.3868921242" lon="114.0751247895"><ele>310.000</ele></trkpt>
      <trkpt lat="22.3868961182" lon="114.0751144544"><ele>310.000</ele></trkpt>
      <trkpt lat="22.3869193179" lon="114.0750718759"><ele>309.000</ele></trkpt>
      <trkpt lat="22.3869232604" lon="114.0750657262"><ele>309.000</ele></trkpt>
      <trkpt lat="22.3869318387" lon="114.0750502217"><ele>306.000</ele></trkpt>
      <trkpt lat="22.3869411126" lon="114.0750352227"><ele>306.000</ele></trkpt>
      <trkpt lat="22.3869540688" lon="114.0750167815"><ele>306.000</ele></trkpt>
      <trkpt lat="22.3869700552" lon="114.0749919398"><ele>304.000</ele></trkpt>
      <trkpt lat="22.3869749263" lon="114.0749833229"><ele>304.000</ele></trkpt>
      <trkpt lat="22.3869791105" lon="114.0749739685"><ele>304.000</ele></trkpt>
      <trkpt lat="22.3869881493" lon="114.0749584638"><ele>304.000</ele></trkpt>
      <trkpt lat="22.3869964858" lon="114.0749461640"><ele>302.000</ele></trkpt>
      <trkpt lat="22.3870015751" lon="114.0749400232"><ele>302.000</ele></trkpt>
      <trkpt lat="22.3870068904" lon="114.0749341347"><ele>302.000</ele></trkpt>
      <trkpt lat="22.3870121974" lon="114.0749294697"><ele>302.000</ele></trkpt>
      <trkpt lat="22.3870204848" lon="114.0749253269"><ele>302.000</ele></trkpt>
      <trkpt lat="22.3870289898" lon="114.0749226697"><ele>302.000</ele></trkpt>
      <trkpt lat="22.3870377221" lon="114.0749222264"><ele>302.000</ele></trkpt>
      <trkpt lat="22.3870546922" lon="114.0749250602"><ele>302.000</ele></trkpt>
      <trkpt lat="22.3870631893" lon="114.0749241208"><ele>302.000</ele></trkpt>
      <trkpt lat="22.3870717024" lon="114.0749199779"><ele>302.000</ele></trkpt>
      <trkpt lat="22.3870826705" lon="114.0749136774"><ele>302.000</ele></trkpt>
      <trkpt lat="22.3871060648" lon="114.0748932777"><ele>301.000</ele></trkpt>
      <trkpt lat="22.3871113713" lon="114.0748878844"><ele>301.000</ele></trkpt>
      <trkpt lat="22.3871286828" lon="114.0748721891"><ele>301.000</ele></trkpt>
      <trkpt lat="22.3871406694" lon="114.0748641108"><ele>300.000</ele></trkpt>
      <trkpt lat="22.3871487226" lon="114.0748609587"><ele>300.000</ele></trkpt>
      <trkpt lat="22.3871556286" lon="114.0748572928"><ele>300.000</ele></trkpt>
      <trkpt lat="22.3871630030" lon="114.0748516649"><ele>300.000</ele></trkpt>
      <trkpt lat="22.3871737636" lon="114.0748456753"><ele>300.000</ele></trkpt>
      <trkpt lat="22.3871885769" lon="114.0748365171"><ele>300.000</ele></trkpt>
      <trkpt lat="22.3871943359" lon="114.0748325995"><ele>300.000</ele></trkpt>
      <trkpt lat="22.3872003290" lon="114.0748277009"><ele>300.000</ele></trkpt>
      <trkpt lat="22.3872111862" lon="114.0748173997"><ele>300.000</ele></trkpt>
      <trkpt lat="22.3872165013" lon="114.0748112587"><ele>300.000</ele></trkpt>
      <trkpt lat="22.3872213466" lon="114.0748046617"><ele>298.000</ele></trkpt>
      <trkpt lat="22.3872309093" lon="114.0747894575"><ele>298.000</ele></trkpt>
      <trkpt lat="22.3872483583" lon="114.0747641679"><ele>298.000</ele></trkpt>
      <trkpt lat="22.3872545920" lon="114.0747539186"><ele>296.000</ele></trkpt>
      <trkpt lat="22.3872862859" lon="114.0746916696"><ele>294.000</ele></trkpt>
      <trkpt lat="22.3872911386" lon="114.0746827420"><ele>294.000</ele></trkpt>
      <trkpt lat="22.3872988982" lon="114.0746721808"><ele>294.000</ele></trkpt>
      <trkpt lat="22.3873134436" lon="114.0746534480"><ele>294.000</ele></trkpt>
      <trkpt lat="22.3873205274" lon="114.0746453888"><ele>294.000</ele></trkpt>
      <trkpt lat="22.3873317353" lon="114.0746326344"><ele>294.000</ele></trkpt>
      <trkpt lat="22.3873381055" lon="114.0746243077"><ele>294.000</ele></trkpt>
      <trkpt lat="22.3873421178" lon="114.0746143416"><ele>292.000</ele></trkpt>
      <trkpt lat="22.3873479310" lon="114.0745961493"><ele>292.000</ele></trkpt>
      <trkpt lat="22.3873548552" lon="114.0745783835"><ele>292.000</ele></trkpt>
      <trkpt lat="22.3873583641" lon="114.0745720981"><ele>292.000</ele></trkpt>
      <trkpt lat="22.3873720319" lon="114.0745509480"><ele>292.000</ele></trkpt>
      <trkpt lat="22.3873799240" lon="114.0745356877"><ele>292.000</ele></trkpt>
      <trkpt lat="22.3873838664" lon="114.0745295370"><ele>292.000</ele></trkpt>
      <trkpt lat="22.3873990123" lon="114.0744893733"><ele>291.000</ele></trkpt>
      <trkpt lat="22.3874069778" lon="114.0744617591"><ele>290.000</ele></trkpt>
      <trkpt lat="22.3874135133" lon="114.0744435274"><ele>290.000</ele></trkpt>
      <trkpt lat="22.3874196939" lon="114.0744065155"><ele>289.000</ele></trkpt>
      <trkpt lat="22.3874221339" lon="114.0743808484"><ele>289.000</ele></trkpt>
      <trkpt lat="22.3874226922" lon="114.0743640582"><ele>288.000</ele></trkpt>
      <trkpt lat="22.3874216026" lon="114.0743546591"><ele>288.000</ele></trkpt>
      <trkpt lat="22.3874161921" lon="114.0743370867"><ele>288.000</ele></trkpt>
      <trkpt lat="22.3874104107" lon="114.0743212432"><ele>285.000</ele></trkpt>
      <trkpt lat="22.3874072559" lon="114.0743163610"><ele>285.000</ele></trkpt>
      <trkpt lat="22.3873964116" lon="114.0743041141"><ele>284.000</ele></trkpt>
      <trkpt lat="22.3873795232" lon="114.0742864628"><ele>284.000</ele></trkpt>
      <trkpt lat="22.3873680929" lon="114.0742772557"><ele>284.000</ele></trkpt>
      <trkpt lat="22.3873621483" lon="114.0742732593"><ele>281.000</ele></trkpt>
      <trkpt lat="22.3873479568" lon="114.0742660061"><ele>280.000</ele></trkpt>
      <trkpt lat="22.3873401707" lon="114.0742632443"><ele>280.000</ele></trkpt>
      <trkpt lat="22.3873165608" lon="114.0742566681"><ele>280.000</ele></trkpt>
      <trkpt lat="22.3873078454" lon="114.0742551305"><ele>278.000</ele></trkpt>
      <trkpt lat="22.3873000760" lon="114.0742501352"><ele>278.000</ele></trkpt>
      <trkpt lat="22.3872952864" lon="114.0742446716"><ele>278.000</ele></trkpt>
      <trkpt lat="22.3872939531" lon="114.0742355251"><ele>278.000</ele></trkpt>
      <trkpt lat="22.3872958435" lon="114.0742261529"><ele>275.000</ele></trkpt>
      <trkpt lat="22.3872993419" lon="114.0742175273"><ele>275.000</ele></trkpt>
      <trkpt lat="22.3873030494" lon="114.0742111350"><ele>275.000</ele></trkpt>
      <trkpt lat="22.3873183083" lon="114.0741927026"><ele>276.000</ele></trkpt>
      <trkpt lat="22.3873278076" lon="114.0741772072"><ele>272.000</ele></trkpt>
      <trkpt lat="22.3873326871" lon="114.0741678522"><ele>272.000</ele></trkpt>
      <trkpt lat="22.3873364024" lon="114.0741594789"><ele>272.000</ele></trkpt>
      <trkpt lat="22.3873450221" lon="114.0741382936"><ele>272.000</ele></trkpt>
      <trkpt lat="22.3873498761" lon="114.0741314052"><ele>272.000</ele></trkpt>
      <trkpt lat="22.3873552003" lon="114.0741252738"><ele>271.000</ele></trkpt>
      <trkpt lat="22.3873616622" lon="114.0741191320"><ele>271.000</ele></trkpt>
      <trkpt lat="22.3873847314" lon="114.0740990343"><ele>271.000</ele></trkpt>
      <trkpt lat="22.3874153612" lon="114.0740821920"><ele>273.000</ele></trkpt>
      <trkpt lat="22.3874287135" lon="114.0740761033"><ele>270.000</ele></trkpt>
      <trkpt lat="22.3874418311" lon="114.0740702575"><ele>270.000</ele></trkpt>
      <trkpt lat="22.3874669028" lon="114.0740607906"><ele>271.000</ele></trkpt>
      <trkpt lat="22.3874816448" lon="114.0740532249"><ele>271.000</ele></trkpt>
      <trkpt lat="22.3874991240" lon="114.0740471623"><ele>272.000</ele></trkpt>
      <trkpt lat="22.3875216600" lon="114.0740406396"><ele>272.000</ele></trkpt>
      <trkpt lat="22.3875303912" lon="114.0740384774"><ele>272.000</ele></trkpt>
      <trkpt lat="22.3875471680" lon="114.0740356199"><ele>274.000</ele></trkpt>
      <trkpt lat="22.3875729187" lon="114.0740288724"><ele>271.000</ele></trkpt>
      <trkpt lat="22.3876023108" lon="114.0740253540"><ele>271.000</ele></trkpt>
      <trkpt lat="22.3876217325" lon="114.0740263788"><ele>271.000</ele></trkpt>
      <trkpt lat="22.3876388836" lon="114.0740298552"><ele>272.000</ele></trkpt>
      <trkpt lat="22.3876551104" lon="114.0740368204"><ele>276.000</ele></trkpt>
      <trkpt lat="22.3876802216" lon="114.0740582451"><ele>274.000</ele></trkpt>
      <trkpt lat="22.3876896070" lon="114.0740623555"><ele>274.000</ele></trkpt>
      <trkpt lat="22.3876951156" lon="114.0740623321"><ele>274.000</ele></trkpt>
      <trkpt lat="22.3877050295" lon="114.0740599185"><ele>274.000</ele></trkpt>
      <trkpt lat="22.3877176989" lon="114.0740592683"><ele>271.000</ele></trkpt>
      <trkpt lat="22.3877303785" lon="114.0740604048"><ele>271.000</ele></trkpt>
      <trkpt lat="22.3877496785" lon="114.0740632747"><ele>271.000</ele></trkpt>
      <trkpt lat="22.3877667649" lon="114.0740643886"><ele>268.000</ele></trkpt>
      <trkpt lat="22.3877932246" lon="114.0740648663"><ele>268.000</ele></trkpt>
      <trkpt lat="22.3878104904" lon="114.0740639700"><ele>266.000</ele></trkpt>
      <trkpt lat="22.3878147284" lon="114.0740683270"><ele>266.000</ele></trkpt>
      <trkpt lat="22.3878368253" lon="114.0740812648"><ele>266.000</ele></trkpt>
      <trkpt lat="22.3878617829" lon="114.0741196639"><ele>266.000</ele></trkpt>
      <trkpt lat="22.3878734785" lon="114.0741498265"><ele>266.000</ele></trkpt>
      <trkpt lat="22.3878751852" lon="114.0741640320"><ele>266.000</ele></trkpt>
      <trkpt lat="22.3878769349" lon="114.0741889115"><ele>266.000</ele></trkpt>
      <trkpt lat="22.3879172272" lon="114.0741860367"><ele>266.000</ele></trkpt>
      <trkpt lat="22.3879066136" lon="114.0741674485"><ele>266.000</ele></trkpt>
      <trkpt lat="22.3879048538" lon="114.0741408017"><ele>266.000</ele></trkpt>
      <trkpt lat="22.3879070143" lon="114.0741301280"><ele>266.000</ele></trkpt>
      <trkpt lat="22.3879119171" lon="114.0741147038"><ele>266.000</ele></trkpt>
      <trkpt lat="22.3879211854" lon="114.0740909640"><ele>266.000</ele></trkpt>
      <trkpt lat="22.3879288221" lon="114.0740690122"><ele>266.000</ele></trkpt>
      <trkpt lat="22.3879326134" lon="114.0740524148"><ele>266.000</ele></trkpt>
      <trkpt lat="22.3879347318" lon="114.0740322626"><ele>264.000</ele></trkpt>
      <trkpt lat="22.3879396455" lon="114.0740198001"><ele>264.000</ele></trkpt>
      <trkpt lat="22.3879483836" lon="114.0740002053"><ele>264.000</ele></trkpt>
      <trkpt lat="22.3879544262" lon="114.0739879148"><ele>264.000</ele></trkpt>
      <trkpt lat="22.3879588055" lon="114.0739871270"><ele>264.000</ele></trkpt>
      <trkpt lat="22.3879901804" lon="114.0739775214"><ele>264.000</ele></trkpt>
      <trkpt lat="22.3879995241" lon="114.0739715522"><ele>264.000</ele></trkpt>
      <trkpt lat="22.3880091351" lon="114.0739626986"><ele>264.000</ele></trkpt>
      <trkpt lat="22.3880749536" lon="114.0739579697"><ele>262.000</ele></trkpt>
      <trkpt lat="22.3880885320" lon="114.0739609137"><ele>262.000</ele></trkpt>
      <trkpt lat="22.3881023431" lon="114.0739634710"><ele>262.000</ele></trkpt>
      <trkpt lat="22.3881152629" lon="114.0739675080"><ele>262.000</ele></trkpt>
      <trkpt lat="22.3881262341" lon="114.0739747762"><ele>262.000</ele></trkpt>
      <trkpt lat="22.3881354247" lon="114.0739849967"><ele>262.000</ele></trkpt>
      <trkpt lat="22.3881436048" lon="114.0739968902"><ele>262.000</ele></trkpt>
      <trkpt lat="22.3881514819" lon="114.0740093006"><ele>262.000</ele></trkpt>
      <trkpt lat="22.3881597469" lon="114.0740210882"><ele>262.000</ele></trkpt>
      <trkpt lat="22.3881680642" lon="114.0740327854"><ele>262.000</ele></trkpt>
      <trkpt lat="22.3881761469" lon="114.0740448587"><ele>262.000</ele></trkpt>
      <trkpt lat="22.3881842730" lon="114.0740568726"><ele>262.000</ele></trkpt>
      <trkpt lat="22.3881927238" lon="114.0740683824"><ele>262.000</ele></trkpt>
      <trkpt lat="22.3882017791" lon="114.0740789478"><ele>262.000</ele></trkpt>
      <trkpt lat="22.3882117302" lon="114.0740881113"><ele>263.000</ele></trkpt>
      <trkpt lat="22.3882233792" lon="114.0740946225"><ele>262.000</ele></trkpt>
      <trkpt lat="22.3882364653" lon="114.0740988895"><ele>262.000</ele></trkpt>
      <trkpt lat="22.3882627301" lon="114.0741053259"><ele>264.000</ele></trkpt>
      <trkpt lat="22.3882745364" lon="114.0741107552"><ele>264.000</ele></trkpt>
      <trkpt lat="22.3882899816" lon="114.0741154244"><ele>264.000</ele></trkpt>
      <trkpt lat="22.3883048860" lon="114.0741218809"><ele>264.000</ele></trkpt>
      <trkpt lat="22.3883203613" lon="114.0741312908"><ele>264.000</ele></trkpt>
      <trkpt lat="22.3883332380" lon="114.0741442841"><ele>264.000</ele></trkpt>
      <trkpt lat="22.3883386806" lon="114.0741398714"><ele>264.000</ele></trkpt>
      <trkpt lat="22.3883434378" lon="114.0741340716"><ele>264.000</ele></trkpt>
      <trkpt lat="22.3883418029" lon="114.0741193503"><ele>264.000</ele></trkpt>
      <trkpt lat="22.3883334764" lon="114.0741045748"><ele>264.000</ele></trkpt>
      <trkpt lat="22.3883318024" lon="114.0740992448"><ele>264.000</ele></trkpt>
      <trkpt lat="22.3883317479" lon="114.0740844360"><ele>264.000</ele></trkpt>
      <trkpt lat="22.3883339299" lon="114.0740790935"><ele>264.000</ele></trkpt>
      <trkpt lat="22.3883526030" lon="114.0740618335"><ele>265.000</ele></trkpt>
      <trkpt lat="22.3883591708" lon="114.0740517392"><ele>265.000</ele></trkpt>
      <trkpt lat="22.3883613415" lon="114.0740428426"><ele>265.000</ele></trkpt>
      <trkpt lat="22.3883645816" lon="114.0740256522"><ele>264.000</ele></trkpt>
      <trkpt lat="22.3883678333" lon="114.0740125995"><ele>264.000</ele></trkpt>
      <trkpt lat="22.3883968342" lon="114.0739591585"><ele>264.000</ele></trkpt>
      <trkpt lat="22.3884259085" lon="114.0739246737"><ele>264.000</ele></trkpt>
      <trkpt lat="22.3884352291" lon="114.0739121885"><ele>264.000</ele></trkpt>
      <trkpt lat="22.3884424824" lon="114.0738994534"><ele>264.000</ele></trkpt>
      <trkpt lat="22.3885171047" lon="114.0737243671"><ele>268.000</ele></trkpt>
      <trkpt lat="22.3885211320" lon="114.0737182833"><ele>268.000</ele></trkpt>
      <trkpt lat="22.3885289584" lon="114.0737063993"><ele>267.000</ele></trkpt>
      <trkpt lat="22.3885367505" lon="114.0736944902"><ele>267.000</ele></trkpt>
      <trkpt lat="22.3885445127" lon="114.0736825577"><ele>268.000</ele></trkpt>
      <trkpt lat="22.3885522388" lon="114.0736705981"><ele>268.000</ele></trkpt>
      <trkpt lat="22.3885598149" lon="114.0736585065"><ele>268.000</ele></trkpt>
      <trkpt lat="22.3885671796" lon="114.0736462208"><ele>268.000</ele></trkpt>
      <trkpt lat="22.3885743644" lon="114.0736337741"><ele>268.000</ele></trkpt>
      <trkpt lat="22.3885814038" lon="114.0736211974"><ele>268.000</ele></trkpt>
      <trkpt lat="22.3885883284" lon="114.0736085217"><ele>268.000</ele></trkpt>
      <trkpt lat="22.3885951781" lon="114.0735957800"><ele>268.000</ele></trkpt>
      <trkpt lat="22.3886019807" lon="114.0735830034"><ele>270.000</ele></trkpt>
      <trkpt lat="22.3886087753" lon="114.0735702249"><ele>270.000</ele></trkpt>
      <trkpt lat="22.3886155924" lon="114.0735574754"><ele>270.000</ele></trkpt>
      <trkpt lat="22.3886224646" lon="114.0735447862"><ele>270.000</ele></trkpt>
      <trkpt lat="22.3886294299" lon="114.0735321901"><ele>270.000</ele></trkpt>
      <trkpt lat="22.3886365181" lon="114.0735197201"><ele>270.000</ele></trkpt>
      <trkpt lat="22.3886437654" lon="114.0735074054"><ele>270.000</ele></trkpt>
      <trkpt lat="22.3886512042" lon="114.0734952790"><ele>272.000</ele></trkpt>
      <trkpt lat="22.3886588689" lon="114.0734833718"><ele>272.000</ele></trkpt>
      <trkpt lat="22.3886667920" lon="114.0734717189"><ele>270.000</ele></trkpt>
      <trkpt lat="22.3886750098" lon="114.0734603483"><ele>270.000</ele></trkpt>
      <trkpt lat="22.3886835546" lon="114.0734492940"><ele>272.000</ele></trkpt>
      <trkpt lat="22.3886924627" lon="114.0734385881"><ele>272.000</ele></trkpt>
      <trkpt lat="22.3887018939" lon="114.0734283538"><ele>272.000</ele></trkpt>
      <trkpt lat="22.3887118781" lon="114.0734186104"><ele>269.000</ele></trkpt>
      <trkpt lat="22.3887223457" lon="114.0734092998"><ele>269.000</ele></trkpt>
      <trkpt lat="22.3887332281" lon="114.0734003569"><ele>271.000</ele></trkpt>
      <trkpt lat="22.3887444457" lon="114.0733917254"><ele>271.000</ele></trkpt>
      <trkpt lat="22.3887559317" lon="114.0733833394"><ele>268.000</ele></trkpt>
      <trkpt lat="22.3887676119" lon="114.0733751427"><ele>268.000</ele></trkpt>
      <trkpt lat="22.3887794150" lon="114.0733670721"><ele>268.000</ele></trkpt>
      <trkpt lat="22.3887912688" lon="114.0733590675"><ele>268.000</ele></trkpt>
      <trkpt lat="22.3888031008" lon="114.0733510687"><ele>267.000</ele></trkpt>
      <trkpt lat="22.3888148389" lon="114.0733430137"><ele>267.000</ele></trkpt>
      <trkpt lat="22.3888264126" lon="114.0733348403"><ele>267.000</ele></trkpt>
      <trkpt lat="22.3888377460" lon="114.0733264923"><ele>267.000</ele></trkpt>
      <trkpt lat="22.3888487686" lon="114.0733179056"><ele>264.000</ele></trkpt>
      <trkpt lat="22.3888594098" lon="114.0733090182"><ele>264.000</ele></trkpt>
      <trkpt lat="22.3888695957" lon="114.0732997738"><ele>266.000</ele></trkpt>
      <trkpt lat="22.3888792540" lon="114.0732901064"><ele>266.000</ele></trkpt>
      <trkpt lat="22.3888883141" lon="114.0732799597"><ele>266.000</ele></trkpt>
      <trkpt lat="22.3888967021" lon="114.0732692697"><ele>264.000</ele></trkpt>
      <trkpt lat="22.3889043672" lon="114.0732579937"><ele>264.000</ele></trkpt>
      <trkpt lat="22.3889113944" lon="114.0732461928"><ele>264.000</ele></trkpt>
      <trkpt lat="22.3889178424" lon="114.0732339204"><ele>264.000</ele></trkpt>
      <trkpt lat="22.3889237592" lon="114.0732212202"><ele>264.000</ele></trkpt>
      <trkpt lat="22.3889291926" lon="114.0732081357"><ele>264.000</ele></trkpt>
      <trkpt lat="22.3889341950" lon="114.0731947079"><ele>264.000</ele></trkpt>
      <trkpt lat="22.3889388089" lon="114.0731809831"><ele>264.000</ele></trkpt>
      <trkpt lat="22.3889430859" lon="114.0731670023"><ele>264.000</ele></trkpt>
      <trkpt lat="22.3889470746" lon="114.0731528099"><ele>264.000</ele></trkpt>
      <trkpt lat="22.3889508211" lon="114.0731384488"><ele>264.000</ele></trkpt>
      <trkpt lat="22.3889543753" lon="114.0731239625"><ele>264.000</ele></trkpt>
      <trkpt lat="22.3889577831" lon="114.0731093909"><ele>264.000</ele></trkpt>
      <trkpt lat="22.3889610951" lon="114.0730947835"><ele>264.000</ele></trkpt>
      <trkpt lat="22.3889643584" lon="114.0730801789"><ele>264.000</ele></trkpt>
      <trkpt lat="22.3889676245" lon="114.0730656210"><ele>264.000</ele></trkpt>
      <trkpt lat="22.3889709339" lon="114.0730511544"><ele>264.000</ele></trkpt>
      <trkpt lat="22.3889743418" lon="114.0730368217"><ele>264.000</ele></trkpt>
      <trkpt lat="22.3889778944" lon="114.0730226646"><ele>264.000</ele></trkpt>
      <trkpt lat="22.3889814416" lon="114.0730086512"><ele>262.000</ele></trkpt>
      <trkpt lat="22.3889840603" lon="114.0729944191"><ele>262.000</ele></trkpt>
      <trkpt lat="22.3889858843" lon="114.0729799856"><ele>262.000</ele></trkpt>
      <trkpt lat="22.3889872096" lon="114.0729654262"><ele>262.000</ele></trkpt>
      <trkpt lat="22.3889883390" lon="114.0729508223"><ele>262.000</ele></trkpt>
      <trkpt lat="22.3889895677" lon="114.0729362533"><ele>262.000</ele></trkpt>
      <trkpt lat="22.3889903964" lon="114.0729217292"><ele>262.000</ele></trkpt>
      <trkpt lat="22.3889855063" lon="114.0729088875"><ele>262.000</ele></trkpt>
      <trkpt lat="22.3889752740" lon="114.0728992950"><ele>264.000</ele></trkpt>
      <trkpt lat="22.3889620814" lon="114.0728953117"><ele>264.000</ele></trkpt>
      <trkpt lat="22.3889612577" lon="114.0728951045"><ele>264.000</ele></trkpt>
      <trkpt lat="22.3889585898" lon="114.0728945938"><ele>264.000</ele></trkpt>
      <trkpt lat="22.3889559146" lon="114.0728941044"><ele>264.000</ele></trkpt>
      <trkpt lat="22.3889532341" lon="114.0728936344"><ele>264.000</ele></trkpt>
      <trkpt lat="22.3889505499" lon="114.0728931800"><ele>264.000</ele></trkpt>
      <trkpt lat="22.3889478640" lon="114.0728927334"><ele>264.000</ele></trkpt>
      <trkpt lat="22.3889451744" lon="114.0728922945"><ele>264.000</ele></trkpt>
      <trkpt lat="22.3889424848" lon="114.0728918576"><ele>264.000</ele></trkpt>
      <trkpt lat="22.3889397971" lon="114.0728914168"><ele>264.000</ele></trkpt>
      <trkpt lat="22.3889371120" lon="114.0728909701"><ele>264.000</ele></trkpt>
      <trkpt lat="22.3889344270" lon="114.0728905138"><ele>264.000</ele></trkpt>
      <trkpt lat="22.3889317464" lon="114.0728900438"><ele>264.000</ele></trkpt>
      <trkpt lat="22.3889290731" lon="114.0728895545"><ele>264.000</ele></trkpt>
      <trkpt lat="22.3889264051" lon="114.0728890418"><ele>264.000</ele></trkpt>
      <trkpt lat="22.3889237444" lon="114.0728885019"><ele>264.000</ele></trkpt>
      <trkpt lat="22.3889210918" lon="114.0728879329"><ele>264.000</ele></trkpt>
      <trkpt lat="22.3889184499" lon="114.0728873269"><ele>264.000</ele></trkpt>
      <trkpt lat="22.3889158180" lon="114.0728866821"><ele>264.000</ele></trkpt>
      <trkpt lat="22.3889131988" lon="114.0728859946"><ele>264.000</ele></trkpt>
      <trkpt lat="22.3889105939" lon="114.0728852595"><ele>264.000</ele></trkpt>
      <trkpt lat="22.3889080052" lon="114.0728844642"><ele>264.000</ele></trkpt>
      <trkpt lat="22.3889054418" lon="114.0728835727"><ele>264.000</ele></trkpt>
      <trkpt lat="22.3889029054" lon="114.0728825957"><ele>264.000</ele></trkpt>
      <trkpt lat="22.3889003888" lon="114.0728815411"><ele>264.000</ele></trkpt>
      <trkpt lat="22.3888978903" lon="114.0728804223"><ele>264.000</ele></trkpt>
      <trkpt lat="22.3888954061" lon="114.0728792511"><ele>264.000</ele></trkpt>
      <trkpt lat="22.3888929346" lon="114.0728780371"><ele>264.000</ele></trkpt>
      <trkpt lat="22.3888904703" lon="114.0728767960"><ele>264.000</ele></trkpt>
      <trkpt lat="22.3888880114" lon="114.0728755354"><ele>264.000</ele></trkpt>
      <trkpt lat="22.3888855543" lon="114.0728742690"><ele>264.000</ele></trkpt>
      <trkpt lat="22.3888830953" lon="114.0728730065"><ele>264.000</ele></trkpt>
      <trkpt lat="22.3888806328" lon="114.0728717615"><ele>264.000</ele></trkpt>
      <trkpt lat="22.3888781613" lon="114.0728705456"><ele>264.000</ele></trkpt>
      <trkpt lat="22.3888753664" lon="114.0728692250"><ele>264.000</ele></trkpt>
      <trkpt lat="22.3888351825" lon="114.0728412180"><ele>266.000</ele></trkpt>
      <trkpt lat="22.3887599056" lon="114.0728194344"><ele>268.000</ele></trkpt>
      <trkpt lat="22.3886917894" lon="114.0727886534"><ele>270.000</ele></trkpt>
      <trkpt lat="22.3886368145" lon="114.0727565780"><ele>270.000</ele></trkpt>
      <trkpt lat="22.3885770524" lon="114.0727116597"><ele>268.000</ele></trkpt>
      <trkpt lat="22.3885256526" lon="114.0726667353"><ele>266.000</ele></trkpt>
      <trkpt lat="22.3884742685" lon="114.0726449341"><ele>265.000</ele></trkpt>
      <trkpt lat="22.3884252854" lon="114.0726424011"><ele>264.000</ele></trkpt>
      <trkpt lat="22.3883619771" lon="114.0726565803"><ele>264.000</ele></trkpt>
      <trkpt lat="22.3882998629" lon="114.0726681881"><ele>264.000</ele></trkpt>
      <trkpt lat="22.3882508781" lon="114.0726630857"><ele>264.000</ele></trkpt>
      <trkpt lat="22.3881851539" lon="114.0726361573"><ele>265.000</ele></trkpt>
      <trkpt lat="22.3880895367" lon="114.0725668571"><ele>266.000</ele></trkpt>
      <trkpt lat="22.3880010960" lon="114.0725116836"><ele>267.000</ele></trkpt>
      <trkpt lat="22.3879497094" lon="114.0724873131"><ele>268.000</ele></trkpt>
      <trkpt lat="22.3878732276" lon="114.0724513998"><ele>268.000</ele></trkpt>
      <trkpt lat="22.3878385681" lon="114.0724283026"><ele>270.000</ele></trkpt>
      <trkpt lat="22.3878062880" lon="114.0723910716"><ele>270.000</ele></trkpt>
      <trkpt lat="22.3877859535" lon="114.0723525469"><ele>270.000</ele></trkpt>
      <trkpt lat="22.3877703921" lon="114.0723050276"><ele>270.000</ele></trkpt>
      <trkpt lat="22.3877512358" lon="114.0722395249"><ele>272.000</ele></trkpt>
      <trkpt lat="22.3877272904" lon="114.0721598947"><ele>272.000</ele></trkpt>
      <trkpt lat="22.3877105368" lon="114.0721162295"><ele>272.000</ele></trkpt>
      <trkpt lat="22.3876854250" lon="114.0720789933"><ele>272.000</ele></trkpt>
      <trkpt lat="22.3876483676" lon="114.0720430507"><ele>272.000</ele></trkpt>
      <trkpt lat="22.3876053390" lon="114.0720122515"><ele>272.000</ele></trkpt>
      <trkpt lat="22.3875360255" lon="114.0719763332"><ele>273.000</ele></trkpt>
      <trkpt lat="22.3874248807" lon="114.0719121843"><ele>272.000</ele></trkpt>
      <trkpt lat="22.3873197144" lon="114.0718570241"><ele>274.000</ele></trkpt>
      <trkpt lat="22.3871763109" lon="114.0717903302"><ele>275.000</ele></trkpt>
      <trkpt lat="22.3870508326" lon="114.0717300465"><ele>274.000</ele></trkpt>
      <trkpt lat="22.3869922750" lon="114.0717005439"><ele>276.000</ele></trkpt>
      <trkpt lat="22.3869289292" lon="114.0716569131"><ele>274.000</ele></trkpt>
      <trkpt lat="22.3868978478" lon="114.0716261052"><ele>274.000</ele></trkpt>
      <trkpt lat="22.3868799118" lon="114.0716017110"><ele>274.000</ele></trkpt>
      <trkpt lat="22.3868751129" lon="114.0715695987"><ele>274.000</ele></trkpt>
      <trkpt lat="22.3868786728" lon="114.0715336259"><ele>274.000</ele></trkpt>
      <trkpt lat="22.3868905984" lon="114.0715002162"><ele>276.000</ele></trkpt>
      <trkpt lat="22.3869168665" lon="114.0714783582"><ele>276.000</ele></trkpt>
      <trkpt lat="22.3869574706" lon="114.0714564884"><ele>274.000</ele></trkpt>
      <trkpt lat="22.3870171904" lon="114.0714358889"><ele>275.000</ele></trkpt>
      <trkpt lat="22.3870745215" lon="114.0714165759"><ele>276.000</ele></trkpt>
      <trkpt lat="22.3871103492" lon="114.0713972800"><ele>276.000</ele></trkpt>
      <trkpt lat="22.3871378046" lon="114.0713638586"><ele>276.000</ele></trkpt>
      <trkpt lat="22.3871628704" lon="114.0713304389"><ele>276.000</ele></trkpt>
      <trkpt lat="22.3871735971" lon="114.0712906065"><ele>276.000</ele></trkpt>
      <trkpt lat="22.3871807294" lon="114.0712366468"><ele>276.000</ele></trkpt>
      <trkpt lat="22.3871759101" lon="114.0711749878"><ele>276.000</ele></trkpt>
      <trkpt lat="22.3871579288" lon="114.0710799380"><ele>275.000</ele></trkpt>
      <trkpt lat="22.3871375545" lon="114.0709810358"><ele>276.000</ele></trkpt>
      <trkpt lat="22.3871124139" lon="114.0709001224"><ele>276.000</ele></trkpt>
      <trkpt lat="22.3870526007" lon="114.0707781273"><ele>276.000</ele></trkpt>
      <trkpt lat="22.3869891746" lon="114.0706124565"><ele>274.000</ele></trkpt>
      <trkpt lat="22.3869472746" lon="114.0704801702"><ele>276.000</ele></trkpt>
      <trkpt lat="22.3869065769" lon="114.0703594456"><ele>274.000</ele></trkpt>
      <trkpt lat="22.3868778314" lon="114.0702489886"><ele>272.000</ele></trkpt>
      <trkpt lat="22.3868202446" lon="114.0700649127"><ele>273.000</ele></trkpt>
      <trkpt lat="22.3868191693" lon="114.0700614755"><ele>273.000</ele></trkpt>
      <trkpt lat="22.3867688930" lon="114.0699086424"><ele>271.000</ele></trkpt>
      <trkpt lat="22.3867341804" lon="114.0698071832"><ele>272.000</ele></trkpt>
      <trkpt lat="22.3866839277" lon="114.0696903194"><ele>272.000</ele></trkpt>
      <trkpt lat="22.3866432438" lon="114.0695927181"><ele>273.000</ele></trkpt>
      <trkpt lat="22.3866169120" lon="114.0695182297"><ele>272.000</ele></trkpt>
      <trkpt lat="22.3866049323" lon="114.0694681380"><ele>274.000</ele></trkpt>
      <trkpt lat="22.3866001235" lon="114.0694231796"><ele>274.000</ele></trkpt>
      <trkpt lat="22.3866048751" lon="114.0693820671"><ele>274.000</ele></trkpt>
      <trkpt lat="22.3866275358" lon="114.0693255261"><ele>274.000</ele></trkpt>
      <trkpt lat="22.3866847898" lon="114.0691893101"><ele>274.000</ele></trkpt>
      <trkpt lat="22.3867408412" lon="114.0690428192"><ele>275.000</ele></trkpt>
      <trkpt lat="22.3867957098" lon="114.0689143131"><ele>276.000</ele></trkpt>
      <trkpt lat="22.3868434228" lon="114.0688037975"><ele>276.000</ele></trkpt>
      <trkpt lat="22.3868875600" lon="114.0687061308"><ele>278.000</ele></trkpt>
      <trkpt lat="22.3869293215" lon="114.0686290193"><ele>278.000</ele></trkpt>
      <trkpt lat="22.3869639301" lon="114.0685737536"><ele>278.000</ele></trkpt>
      <trkpt lat="22.3870009307" lon="114.0685236239"><ele>278.000</ele></trkpt>
      <trkpt lat="22.3870391303" lon="114.0684786321"><ele>278.000</ele></trkpt>
      <trkpt lat="22.3870821088" lon="114.0684349213"><ele>279.000</ele></trkpt>
      <trkpt lat="22.3871179163" lon="114.0683873619"><ele>278.000</ele></trkpt>
      <trkpt lat="22.3871465606" lon="114.0683462306"><ele>278.000</ele></trkpt>
      <trkpt lat="22.3871692329" lon="114.0683063897"><ele>278.000</ele></trkpt>
      <trkpt lat="22.3871835378" lon="114.0682601316"><ele>279.000</ele></trkpt>
      <trkpt lat="22.3871918664" lon="114.0682100240"><ele>279.000</ele></trkpt>
      <trkpt lat="22.3871930163" lon="114.0681432216"><ele>280.000</ele></trkpt>
      <trkpt lat="22.3871774571" lon="114.0681008408"><ele>280.000</ele></trkpt>
      <trkpt lat="22.3871649513" lon="114.0680868080"><ele>280.000</ele></trkpt>
      <trkpt lat="22.3871507619" lon="114.0680724181"><ele>280.000</ele></trkpt>
      <trkpt lat="22.3871436663" lon="114.0680639521"><ele>280.000</ele></trkpt>
      <trkpt lat="22.3871385386" lon="114.0680542143"><ele>280.000</ele></trkpt>
      <trkpt lat="22.3871353810" lon="114.0680440517"><ele>280.000</ele></trkpt>
      <trkpt lat="22.3871381303" lon="114.0680326133"><ele>280.000</ele></trkpt>
      <trkpt lat="22.3871629279" lon="114.0680067569"><ele>282.000</ele></trkpt>
      <trkpt lat="22.3871739500" lon="114.0679965822"><ele>282.000</ele></trkpt>
      <trkpt lat="22.3871822185" lon="114.0679914932"><ele>282.000</ele></trkpt>
      <trkpt lat="22.3871940355" lon="114.0679910607"><ele>282.000</ele></trkpt>
      <trkpt lat="22.3872279127" lon="114.0679952701"><ele>282.000</ele></trkpt>
      <trkpt lat="22.3872409115" lon="114.0679956834"><ele>282.000</ele></trkpt>
      <trkpt lat="22.3872483939" lon="114.0679939830"><ele>282.000</ele></trkpt>
      <trkpt lat="22.3872554807" lon="114.0679880482"><ele>282.000</ele></trkpt>
      <trkpt lat="22.3872590198" lon="114.0679799972"><ele>282.000</ele></trkpt>
      <trkpt lat="22.3872646543" lon="114.0679685964"><ele>282.000</ele></trkpt>
      <trkpt lat="22.3872679950" lon="114.0679595726"><ele>282.000</ele></trkpt>
      <trkpt lat="22.3872692410" lon="114.0679539026"><ele>282.000</ele></trkpt>
      <trkpt lat="22.3872680990" lon="114.0679209096"><ele>282.000</ele></trkpt>
      <trkpt lat="22.3872689517" lon="114.0679132074"><ele>282.000</ele></trkpt>
      <trkpt lat="22.3872710314" lon="114.0679037175"><ele>282.000</ele></trkpt>
      <trkpt lat="22.3872772758" lon="114.0678834358"><ele>282.000</ele></trkpt>
      <trkpt lat="22.3872886614" lon="114.0678591134"><ele>284.000</ele></trkpt>
      <trkpt lat="22.3872928190" lon="114.0678483915"><ele>284.000</ele></trkpt>
      <trkpt lat="22.3873086937" lon="114.0677906541"><ele>284.000</ele></trkpt>
      <trkpt lat="22.3873177529" lon="114.0677716307"><ele>284.000</ele></trkpt>
      <trkpt lat="22.3873396594" lon="114.0677291702"><ele>284.000</ele></trkpt>
      <trkpt lat="22.3873541767" lon="114.0677022701"><ele>284.000</ele></trkpt>
      <trkpt lat="22.3873602116" lon="114.0676926149"><ele>284.000</ele></trkpt>
      <trkpt lat="22.3873667126" lon="114.0676858726"><ele>284.000</ele></trkpt>
      <trkpt lat="22.3873812575" lon="114.0676743288"><ele>284.000</ele></trkpt>
      <trkpt lat="22.3874170191" lon="114.0676554933"><ele>284.000</ele></trkpt>
      <trkpt lat="22.3874294064" lon="114.0676476860"><ele>284.000</ele></trkpt>
      <trkpt lat="22.3874364236" lon="114.0676416696"><ele>284.000</ele></trkpt>
      <trkpt lat="22.3874563007" lon="114.0676217122"><ele>282.000</ele></trkpt>
      <trkpt lat="22.3874819839" lon="114.0676036235"><ele>282.000</ele></trkpt>
      <trkpt lat="22.3875013473" lon="114.0675931607"><ele>282.000</ele></trkpt>
      <trkpt lat="22.3875458966" lon="114.0675772130"><ele>282.000</ele></trkpt>
      <trkpt lat="22.3875583516" lon="114.0675693309"><ele>282.000</ele></trkpt>
      <trkpt lat="22.3875769025" lon="114.0675538609"><ele>282.000</ele></trkpt>
      <trkpt lat="22.3875980536" lon="114.0675322517"><ele>282.000</ele></trkpt>
      <trkpt lat="22.3876030909" lon="114.0675271049"><ele>282.000</ele></trkpt>
      <trkpt lat="22.3876113686" lon="114.0675168285"><ele>282.000</ele></trkpt>
      <trkpt lat="22.3876253630" lon="114.0674965455"><ele>282.000</ele></trkpt>
      <trkpt lat="22.3876777272" lon="114.0673989879"><ele>282.000</ele></trkpt>
      <trkpt lat="22.3877013799" lon="114.0673576291"><ele>282.000</ele></trkpt>
      <trkpt lat="22.3877066258" lon="114.0673497244"><ele>282.000</ele></trkpt>
      <trkpt lat="22.3877087832" lon="114.0673443808"><ele>282.000</ele></trkpt>
      <trkpt lat="22.3877129362" lon="114.0673294979"><ele>282.000</ele></trkpt>
      <trkpt lat="22.3877143150" lon="114.0673198968"><ele>282.000</ele></trkpt>
      <trkpt lat="22.3877182505" lon="114.0672133306"><ele>282.000</ele></trkpt>
      <trkpt lat="22.3877299378" lon="114.0671307708"><ele>282.000</ele></trkpt>
      <trkpt lat="22.3877337823" lon="114.0671137838"><ele>282.000</ele></trkpt>
      <trkpt lat="22.3877381394" lon="114.0670989590"><ele>282.000</ele></trkpt>
      <trkpt lat="22.3877453116" lon="114.0670832696"><ele>282.000</ele></trkpt>
      <trkpt lat="22.3877751882" lon="114.0670394063"><ele>282.000</ele></trkpt>
      <trkpt lat="22.3877912681" lon="114.0670090244"><ele>282.000</ele></trkpt>
      <trkpt lat="22.3878075214" lon="114.0669721810"><ele>281.000</ele></trkpt>
      <trkpt lat="22.3878105386" lon="114.0669630253"><ele>281.000</ele></trkpt>
      <trkpt lat="22.3878176861" lon="114.0669349305"><ele>280.000</ele></trkpt>
      <trkpt lat="22.3878235008" lon="114.0669228711"><ele>280.000</ele></trkpt>
      <trkpt lat="22.3878282975" lon="114.0669170623"><ele>280.000</ele></trkpt>
      <trkpt lat="22.3878352703" lon="114.0669108924"><ele>280.000</ele></trkpt>
      <trkpt lat="22.3878818540" lon="114.0668774899"><ele>280.000</ele></trkpt>
      <trkpt lat="22.3879111896" lon="114.0668548273"><ele>279.000</ele></trkpt>
      <trkpt lat="22.3879738011" lon="114.0668087794"><ele>277.000</ele></trkpt>
      <trkpt lat="22.3879824800" lon="114.0668018013"><ele>276.000</ele></trkpt>
      <trkpt lat="22.3879891672" lon="114.0667952743"><ele>276.000</ele></trkpt>
      <trkpt lat="22.3880226553" lon="114.0667545232"><ele>276.000</ele></trkpt>
      <trkpt lat="22.3880620335" lon="114.0667117262"><ele>274.000</ele></trkpt>
      <trkpt lat="22.3880772531" lon="114.0666925006"><ele>272.000</ele></trkpt>
      <trkpt lat="22.3880867652" lon="114.0666783271"><ele>272.000</ele></trkpt>
      <trkpt lat="22.3881082193" lon="114.0666378263"><ele>272.000</ele></trkpt>
      <trkpt lat="22.3881198643" lon="114.0666181645"><ele>270.000</ele></trkpt>
      <trkpt lat="22.3881664213" lon="114.0665562453"><ele>269.000</ele></trkpt>
      <trkpt lat="22.3881981765" lon="114.0665090378"><ele>268.000</ele></trkpt>
      <trkpt lat="22.3882303109" lon="114.0664670505"><ele>268.000</ele></trkpt>
      <trkpt lat="22.3882375044" lon="114.0664560455"><ele>268.000</ele></trkpt>
      <trkpt lat="22.3882447575" lon="114.0664426069"><ele>268.000</ele></trkpt>
      <trkpt lat="22.3882528656" lon="114.0664168535"><ele>266.000</ele></trkpt>
      <trkpt lat="22.3882588414" lon="114.0664027080"><ele>266.000</ele></trkpt>
      <trkpt lat="22.3882642853" lon="114.0663926318"><ele>266.000</ele></trkpt>
      <trkpt lat="22.3882788399" lon="114.0663704196"><ele>266.000</ele></trkpt>
      <trkpt lat="22.3882843980" lon="114.0663581933"><ele>266.000</ele></trkpt>
      <trkpt lat="22.3882893882" lon="114.0663435689"><ele>266.000</ele></trkpt>
      <trkpt lat="22.3882930545" lon="114.0663368384"><ele>266.000</ele></trkpt>
      <trkpt lat="22.3882965118" lon="114.0663322289"><ele>266.000</ele></trkpt>
      <trkpt lat="22.3883037614" lon="114.0663267997"><ele>266.000</ele></trkpt>
      <trkpt lat="22.3883156421" lon="114.0663217281"><ele>266.000</ele></trkpt>
      <trkpt lat="22.3883270399" lon="114.0663157354"><ele>266.000</ele></trkpt>
      <trkpt lat="22.3883321644" lon="114.0663139873"><ele>266.000</ele></trkpt>
      <trkpt lat="22.3883393346" lon="114.0663126027"><ele>266.000</ele></trkpt>
      <trkpt lat="22.3883465363" lon="114.0663123892"><ele>266.000</ele></trkpt>
      <trkpt lat="22.3883650845" lon="114.0663157014"><ele>266.000</ele></trkpt>
      <trkpt lat="22.3883883835" lon="114.0663200528"><ele>266.000</ele></trkpt>
      <trkpt lat="22.3884242242" lon="114.0663219521"><ele>266.000</ele></trkpt>
      <trkpt lat="22.3884660381" lon="114.0663232038"><ele>264.000</ele></trkpt>
      <trkpt lat="22.3884875424" lon="114.0663231868"><ele>262.000</ele></trkpt>
      <trkpt lat="22.3885096480" lon="114.0663295920"><ele>262.000</ele></trkpt>
      <trkpt lat="22.3885610281" lon="114.0663443254"><ele>260.000</ele></trkpt>
      <trkpt lat="22.3885897048" lon="114.0663513683"><ele>257.000</ele></trkpt>
      <trkpt lat="22.3886494357" lon="114.0663481097"><ele>255.000</ele></trkpt>
      <trkpt lat="22.3886763273" lon="114.0663647881"><ele>252.000</ele></trkpt>
      <trkpt lat="22.3887235359" lon="114.0663936559"><ele>250.000</ele></trkpt>
      <trkpt lat="22.3887617819" lon="114.0664173918"><ele>248.000</ele></trkpt>
      <trkpt lat="22.3888000208" lon="114.0664321355"><ele>247.000</ele></trkpt>
      <trkpt lat="22.3888669403" lon="114.0664584183"><ele>246.000</ele></trkpt>
      <trkpt lat="22.3889093612" lon="114.0664744426"><ele>244.000</ele></trkpt>
      <trkpt lat="22.3889356524" lon="114.0664859835"><ele>242.000</ele></trkpt>
      <trkpt lat="22.3889577637" lon="114.0665007400"><ele>242.000</ele></trkpt>
      <trkpt lat="22.3889960109" lon="114.0665276874"><ele>241.000</ele></trkpt>
      <trkpt lat="22.3890217012" lon="114.0665347327"><ele>240.000</ele></trkpt>
      <trkpt lat="22.3890420142" lon="114.0665411403"><ele>240.000</ele></trkpt>
      <trkpt lat="22.3890784650" lon="114.0665610236"><ele>238.000</ele></trkpt>
      <trkpt lat="22.3891214785" lon="114.0665680552"><ele>236.000</ele></trkpt>
      <trkpt lat="22.3891943944" lon="114.0666303041"><ele>236.000</ele></trkpt>
      <trkpt lat="22.3892636679" lon="114.0666045557"><ele>232.000</ele></trkpt>
      <trkpt lat="22.3892690424" lon="114.0666026249"><ele>233.000</ele></trkpt>
      <trkpt lat="22.3893484900" lon="114.0666064165"><ele>228.000</ele></trkpt>
      <trkpt lat="22.3893837499" lon="114.0666320816"><ele>226.000</ele></trkpt>
      <trkpt lat="22.3894112524" lon="114.0666693154"><ele>226.000</ele></trkpt>
      <trkpt lat="22.3894468185" lon="114.0666937120"><ele>224.000</ele></trkpt>
      <trkpt lat="22.3894627433" lon="114.0666997124"><ele>224.000</ele></trkpt>
      <trkpt lat="22.3894671798" lon="114.0667007518"><ele>223.000</ele></trkpt>
      <trkpt lat="22.3894716881" lon="114.0667011231"><ele>221.000</ele></trkpt>
      <trkpt lat="22.3894773753" lon="114.0667007700"><ele>221.000</ele></trkpt>
      <trkpt lat="22.3894841627" lon="114.0666995508"><ele>222.000</ele></trkpt>
      <trkpt lat="22.3894947581" lon="114.0666968070"><ele>222.000</ele></trkpt>
      <trkpt lat="22.3895015384" lon="114.0666944293"><ele>222.000</ele></trkpt>
      <trkpt lat="22.3895078123" lon="114.0666910323"><ele>222.000</ele></trkpt>
      <trkpt lat="22.3895083186" lon="114.0666906455"><ele>222.000</ele></trkpt>
      <trkpt lat="22.3895209845" lon="114.0666809577"><ele>220.000</ele></trkpt>
      <trkpt lat="22.3895647209" lon="114.0666435036"><ele>218.000</ele></trkpt>
      <trkpt lat="22.3895967497" lon="114.0666307669"><ele>218.000</ele></trkpt>
      <trkpt lat="22.3895971424" lon="114.0666306588"><ele>218.000</ele></trkpt>
      <trkpt lat="22.3895972093" lon="114.0666306461"><ele>218.000</ele></trkpt>
      <trkpt lat="22.3896059616" lon="114.0666292311"><ele>218.000</ele></trkpt>
      <trkpt lat="22.3896170027" lon="114.0666285951"><ele>218.000</ele></trkpt>
      <trkpt lat="22.3896262775" lon="114.0666291880"><ele>218.000</ele></trkpt>
      <trkpt lat="22.3896351901" lon="114.0666310959"><ele>218.000</ele></trkpt>
      <trkpt lat="22.3896418022" lon="114.0666337320"><ele>218.000</ele></trkpt>
      <trkpt lat="22.3896496599" lon="114.0666380510"><ele>218.000</ele></trkpt>
      <trkpt lat="22.3896587650" lon="114.0666442336"><ele>216.000</ele></trkpt>
      <trkpt lat="22.3896923097" lon="114.0666706342"><ele>216.000</ele></trkpt>
      <trkpt lat="22.3897080567" lon="114.0666860309"><ele>216.000</ele></trkpt>
      <trkpt lat="22.3897235917" lon="114.0666924424"><ele>216.000</ele></trkpt>
      <trkpt lat="22.3897528627" lon="114.0666956307"><ele>216.000</ele></trkpt>
      <trkpt lat="22.3897863143" lon="114.0666968891"><ele>216.000</ele></trkpt>
      <trkpt lat="22.3898299194" lon="114.0666962129"><ele>216.000</ele></trkpt>
      <trkpt lat="22.3898741211" lon="114.0666948933"><ele>216.000</ele></trkpt>
      <trkpt lat="22.3898974162" lon="114.0666935903"><ele>214.000</ele></trkpt>
      <trkpt lat="22.3899051784" lon="114.0666890880"><ele>214.000</ele></trkpt>
      <trkpt lat="22.3899087455" lon="114.0666653189"><ele>214.000</ele></trkpt>
      <trkpt lat="22.3899087215" lon="114.0666299899"><ele>216.000</ele></trkpt>
      <trkpt lat="22.3899093062" lon="114.0666107193"><ele>216.000</ele></trkpt>
      <trkpt lat="22.3899242232" lon="114.0665875840"><ele>216.000</ele></trkpt>
      <trkpt lat="22.3899373578" lon="114.0665779386"><ele>216.000</ele></trkpt>
      <trkpt lat="22.3899499025" lon="114.0665785716"><ele>216.000</ele></trkpt>
      <trkpt lat="22.3899714064" lon="114.0665779118"><ele>218.000</ele></trkpt>
      <trkpt lat="22.3899833489" lon="114.0665721215"><ele>218.000</ele></trkpt>
      <trkpt lat="22.3900012572" lon="114.0665560485"><ele>218.000</ele></trkpt>
      <trkpt lat="22.3900311159" lon="114.0665431785"><ele>220.000</ele></trkpt>
      <trkpt lat="22.3900639658" lon="114.0665386565"><ele>220.000</ele></trkpt>
      <trkpt lat="22.3900914425" lon="114.0665379929"><ele>220.000</ele></trkpt>
      <trkpt lat="22.3901117468" lon="114.0665302684"><ele>220.000</ele></trkpt>
      <trkpt lat="22.3901320397" lon="114.0665071289"><ele>220.000</ele></trkpt>
      <trkpt lat="22.3901791848" lon="114.0664415726"><ele>224.000</ele></trkpt>
      <trkpt lat="22.3902155869" lon="114.0663901579"><ele>226.000</ele></trkpt>
      <trkpt lat="22.3902585556" lon="114.0663329561"><ele>226.000</ele></trkpt>
      <trkpt lat="22.3902979444" lon="114.0662821808"><ele>228.000</ele></trkpt>
      <trkpt lat="22.3903427065" lon="114.0662275470"><ele>229.000</ele></trkpt>
      <trkpt lat="22.3903713529" lon="114.0661889839"><ele>228.000</ele></trkpt>
      <trkpt lat="22.3903910431" lon="114.0661574944"><ele>228.000</ele></trkpt>
      <trkpt lat="22.3904077465" lon="114.0661253644"><ele>228.000</ele></trkpt>
      <trkpt lat="22.3904244495" lon="114.0660938763"><ele>233.000</ele></trkpt>
      <trkpt lat="22.3904357766" lon="114.0660611086"><ele>233.000</ele></trkpt>
      <trkpt lat="22.3904417225" lon="114.0660206367"><ele>233.000</ele></trkpt>
      <trkpt lat="22.3904470649" lon="114.0659718149"><ele>233.000</ele></trkpt>
      <trkpt lat="22.3904506156" lon="114.0659229946"><ele>233.000</ele></trkpt>
      <trkpt lat="22.3904529637" lon="114.0658626134"><ele>233.000</ele></trkpt>
      <trkpt lat="22.3904541099" lon="114.0657932399"><ele>233.000</ele></trkpt>
      <trkpt lat="22.3904594492" lon="114.0657386372"><ele>233.000</ele></trkpt>
      <trkpt lat="22.3904618033" lon="114.0656885330"><ele>234.000</ele></trkpt>
      <trkpt lat="22.3904607191" lon="114.0656574435"><ele>235.000</ele></trkpt>
      <trkpt lat="22.3904569045" lon="114.0656402729"><ele>235.000</ele></trkpt>
      <trkpt lat="22.3904168871" lon="114.0655357817"><ele>230.000</ele></trkpt>
      <trkpt lat="22.3903688902" lon="114.0654441823"><ele>228.000</ele></trkpt>
      <trkpt lat="22.3903088925" lon="114.0653289679"><ele>230.000</ele></trkpt>
      <trkpt lat="22.3902622324" lon="114.0652459597"><ele>227.000</ele></trkpt>
      <trkpt lat="22.3902382230" lon="114.0651844100"><ele>234.000</ele></trkpt>
      <trkpt lat="22.3902155476" lon="114.0651271544"><ele>232.000</ele></trkpt>
      <trkpt lat="22.3901782187" lon="114.0650598890"><ele>230.000</ele></trkpt>
      <trkpt lat="22.3901328885" lon="114.0649740161"><ele>231.000</ele></trkpt>
      <trkpt lat="22.3900502551" lon="114.0648595360"><ele>230.000</ele></trkpt>
      <trkpt lat="22.3900049546" lon="114.0648166173"><ele>230.000</ele></trkpt>
      <trkpt lat="22.3899583300" lon="114.0647851546"><ele>233.000</ele></trkpt>
      <trkpt lat="22.3899023831" lon="114.0647522670"><ele>227.000</ele></trkpt>
      <trkpt lat="22.3898743942" lon="114.0647121982"><ele>224.000</ele></trkpt>
      <trkpt lat="22.3898677042" lon="114.0646663859"><ele>224.000</ele></trkpt>
      <trkpt lat="22.3898823190" lon="114.0646205556"><ele>225.000</ele></trkpt>
      <trkpt lat="22.3899075802" lon="114.0645661264"><ele>223.000</ele></trkpt>
      <trkpt lat="22.3899554573" lon="114.0644830418"><ele>222.000</ele></trkpt>
      <trkpt lat="22.3899780515" lon="114.0644243187"><ele>230.000</ele></trkpt>
      <trkpt lat="22.3899873290" lon="114.0643613112"><ele>234.000</ele></trkpt>
      <trkpt lat="22.3899766258" lon="114.0642882971"><ele>235.000</ele></trkpt>
      <trkpt lat="22.3899459503" lon="114.0642160149"><ele>230.000</ele></trkpt>
      <trkpt lat="22.3899086259" lon="114.0641544763"><ele>226.000</ele></trkpt>
      <trkpt lat="22.3898366693" lon="114.0640757842"><ele>226.000</ele></trkpt>
      <trkpt lat="22.3897927057" lon="114.0640414550"><ele>223.000</ele></trkpt>
      <trkpt lat="22.3897274353" lon="114.0640042811"><ele>222.000</ele></trkpt>
      <trkpt lat="22.3896674720" lon="114.0639398972"><ele>222.000</ele></trkpt>
      <trkpt lat="22.3896328146" lon="114.0638840841"><ele>221.000</ele></trkpt>
      <trkpt lat="22.3896181221" lon="114.0638182323"><ele>220.000</ele></trkpt>
      <trkpt lat="22.3896154179" lon="114.0637595297"><ele>220.000</ele></trkpt>
      <trkpt lat="22.3896193651" lon="114.0636922315"><ele>221.000</ele></trkpt>
      <trkpt lat="22.3896419248" lon="114.0635833947"><ele>220.000</ele></trkpt>
      <trkpt lat="22.3896884784" lon="114.0635131983"><ele>220.000</ele></trkpt>
      <trkpt lat="22.3897843019" lon="114.0634486883"><ele>220.000</ele></trkpt>
      <trkpt lat="22.3899094206" lon="114.0633870182"><ele>218.000</ele></trkpt>
      <trkpt lat="22.3899325679" lon="114.0633746637"><ele>218.000</ele></trkpt>
      <trkpt lat="22.3899399133" lon="114.0633630601"><ele>218.000</ele></trkpt>
      <trkpt lat="22.3899458793" lon="114.0633521354"><ele>218.000</ele></trkpt>
      <trkpt lat="22.3899452738" lon="114.0633412161"><ele>218.000</ele></trkpt>
      <trkpt lat="22.3899404899" lon="114.0633341544"><ele>218.000</ele></trkpt>
      <trkpt lat="22.3899373108" lon="114.0633296686"><ele>218.000</ele></trkpt>
      <trkpt lat="22.3898612160" lon="114.0633346965"><ele>220.000</ele></trkpt>
      <trkpt lat="22.3898425545" lon="114.0633282811"><ele>220.000</ele></trkpt>
      <trkpt lat="22.3898222603" lon="114.0633231314"><ele>220.000</ele></trkpt>
      <trkpt lat="22.3897920748" lon="114.0633165894"><ele>220.000</ele></trkpt>
      <trkpt lat="22.3897008231" lon="114.0633058631"><ele>218.000</ele></trkpt>
      <trkpt lat="22.3896447917" lon="114.0632970232"><ele>218.000</ele></trkpt>
      <trkpt lat="22.3895502859" lon="114.0632832600"><ele>215.000</ele></trkpt>
      <trkpt lat="22.3895012554" lon="114.0632520485"><ele>214.000</ele></trkpt>
      <trkpt lat="22.3894702374" lon="114.0632300875"><ele>214.000</ele></trkpt>
      <trkpt lat="22.3894310270" lon="114.0632044138"><ele>214.000</ele></trkpt>
      <trkpt lat="22.3894085460" lon="114.0631986231"><ele>214.000</ele></trkpt>
      <trkpt lat="22.3893750476" lon="114.0631926102"><ele>212.000</ele></trkpt>
      <trkpt lat="22.3893575154" lon="114.0631869242"><ele>212.000</ele></trkpt>
      <trkpt lat="22.3893285110" lon="114.0631762639"><ele>210.000</ele></trkpt>
      <trkpt lat="22.3893077954" lon="114.0631639966"><ele>210.000</ele></trkpt>
      <trkpt lat="22.3892909269" lon="114.0631518038"><ele>212.000</ele></trkpt>
      <trkpt lat="22.3892791118" lon="114.0631343806"><ele>211.000</ele></trkpt>
      <trkpt lat="22.3892675793" lon="114.0631323701"><ele>211.000</ele></trkpt>
      <trkpt lat="22.3892521545" lon="114.0631326449"><ele>211.000</ele></trkpt>
      <trkpt lat="22.3892311531" lon="114.0631363715"><ele>210.000</ele></trkpt>
      <trkpt lat="22.3892058213" lon="114.0631358580"><ele>210.000</ele></trkpt>
      <trkpt lat="22.3891766605" lon="114.0631340832"><ele>208.000</ele></trkpt>
      <trkpt lat="22.3891464153" lon="114.0631310975"><ele>206.000</ele></trkpt>
      <trkpt lat="22.3890861332" lon="114.0631132874"><ele>206.000</ele></trkpt>
      <trkpt lat="22.3890637301" lon="114.0631027684"><ele>208.000</ele></trkpt>
      <trkpt lat="22.3890447106" lon="114.0630881604"><ele>206.000</ele></trkpt>
      <trkpt lat="22.3889864463" lon="114.0630490607"><ele>208.000</ele></trkpt>
      <trkpt lat="22.3889547387" lon="114.0630353827"><ele>206.000</ele></trkpt>
      <trkpt lat="22.3889268800" lon="114.0630217821"><ele>204.000</ele></trkpt>
      <trkpt lat="22.3888820036" lon="114.0630048704"><ele>206.000</ele></trkpt>
      <trkpt lat="22.3888320666" lon="114.0629943826"><ele>202.000</ele></trkpt>
      <trkpt lat="22.3888029992" lon="114.0629866862"><ele>202.000</ele></trkpt>
      <trkpt lat="22.3887821966" lon="114.0629791579"><ele>200.000</ele></trkpt>
      <trkpt lat="22.3887746584" lon="114.0629695213"><ele>200.000</ele></trkpt>
      <trkpt lat="22.3887670939" lon="114.0629610674"><ele>202.000</ele></trkpt>
      <trkpt lat="22.3887473496" lon="114.0629559271"><ele>202.000</ele></trkpt>
      <trkpt lat="22.3887391736" lon="114.0629510298"><ele>200.000</ele></trkpt>
      <trkpt lat="22.3887294142" lon="114.0629419388"><ele>200.000</ele></trkpt>
      <trkpt lat="22.3887164299" lon="114.0629286456"><ele>200.000</ele></trkpt>
      <trkpt lat="22.3886979698" lon="114.0629134516"><ele>200.000</ele></trkpt>
      <trkpt lat="22.3886716309" lon="114.0629075884"><ele>200.000</ele></trkpt>
      <trkpt lat="22.3886502947" lon="114.0628988661"><ele>198.000</ele></trkpt>
      <trkpt lat="22.3886439104" lon="114.0628862939"><ele>198.000</ele></trkpt>
      <trkpt lat="22.3886271446" lon="114.0628367730"><ele>199.000</ele></trkpt>
      <trkpt lat="22.3886232578" lon="114.0628070691"><ele>199.000</ele></trkpt>
      <trkpt lat="22.3886142663" lon="114.0627855477"><ele>199.000</ele></trkpt>
      <trkpt lat="22.3885844858" lon="114.0627245088"><ele>198.000</ele></trkpt>
      <trkpt lat="22.3885657612" lon="114.0626927321"><ele>200.000</ele></trkpt>
      <trkpt lat="22.3885493189" lon="114.0626562496"><ele>198.000</ele></trkpt>
      <trkpt lat="22.3885359731" lon="114.0626350347"><ele>198.000</ele></trkpt>
      <trkpt lat="22.3885327103" lon="114.0626298499"><ele>198.000</ele></trkpt>
      <trkpt lat="22.3885171355" lon="114.0626070113"><ele>198.000</ele></trkpt>
      <trkpt lat="22.3884685324" lon="114.0625533118"><ele>196.000</ele></trkpt>
      <trkpt lat="22.3884663363" lon="114.0625508849"><ele>196.000</ele></trkpt>
      <trkpt lat="22.3883689891" lon="114.0624510400"><ele>196.000</ele></trkpt>
      <trkpt lat="22.3883472830" lon="114.0624287775"><ele>196.000</ele></trkpt>
      <trkpt lat="22.3883267223" lon="114.0624070306"><ele>196.000</ele></trkpt>
      <trkpt lat="22.3882580736" lon="114.0623321773"><ele>196.000</ele></trkpt>
      <trkpt lat="22.3882497294" lon="114.0623245058"><ele>197.000</ele></trkpt>
      <trkpt lat="22.3882244592" lon="114.0623012732"><ele>196.000</ele></trkpt>
      <trkpt lat="22.3882032960" lon="114.0622830732"><ele>196.000</ele></trkpt>
      <trkpt lat="22.3881901362" lon="114.0622798416"><ele>196.000</ele></trkpt>
      <trkpt lat="22.3881649874" lon="114.0622686638"><ele>196.000</ele></trkpt>
      <trkpt lat="22.3881225930" lon="114.0622358170"><ele>196.000</ele></trkpt>
      <trkpt lat="22.3880858668" lon="114.0622038756"><ele>196.000</ele></trkpt>
      <trkpt lat="22.3880591146" lon="114.0621806112"><ele>196.000</ele></trkpt>
      <trkpt lat="22.3880297585" lon="114.0621580870"><ele>196.000</ele></trkpt>
      <trkpt lat="22.3879818554" lon="114.0621251274"><ele>196.000</ele></trkpt>
      <trkpt lat="22.3879669408" lon="114.0621049938"><ele>196.000</ele></trkpt>
      <trkpt lat="22.3879669399" lon="114.0621049928"><ele>196.000</ele></trkpt>
      <trkpt lat="22.3879662538" lon="114.0621040679"><ele>196.000</ele></trkpt>
      <trkpt lat="22.3879468306" lon="114.0620805723"><ele>196.000</ele></trkpt>
      <trkpt lat="22.3879103915" lon="114.0620537618"><ele>194.000</ele></trkpt>
      <trkpt lat="22.3878498795" lon="114.0620175789"><ele>194.000</ele></trkpt>
      <trkpt lat="22.3878232094" lon="114.0619992651"><ele>194.000</ele></trkpt>
      <trkpt lat="22.3877938351" lon="114.0619779354"><ele>194.000</ele></trkpt>
      <trkpt lat="22.3877710546" lon="114.0619573266"><ele>194.000</ele></trkpt>
      <trkpt lat="22.3877565113" lon="114.0619386649"><ele>194.000</ele></trkpt>
      <trkpt lat="22.3877486146" lon="114.0619177643"><ele>194.000</ele></trkpt>
      <trkpt lat="22.3877403043" lon="114.0618891518"><ele>194.000</ele></trkpt>
      <trkpt lat="22.3877329390" lon="114.0618688625"><ele>194.000</ele></trkpt>
      <trkpt lat="22.3877227678" lon="114.0618520626"><ele>194.000</ele></trkpt>
      <trkpt lat="22.3877017095" lon="114.0618279362"><ele>194.000</ele></trkpt>
      <trkpt lat="22.3876863721" lon="114.0618228799"><ele>194.000</ele></trkpt>
      <trkpt lat="22.3876693042" lon="114.0618225346"><ele>194.000</ele></trkpt>
      <trkpt lat="22.3876538192" lon="114.0618257810"><ele>194.000</ele></trkpt>
      <trkpt lat="22.3876363577" lon="114.0618332551"><ele>194.000</ele></trkpt>
      <trkpt lat="22.3876143679" lon="114.0618451260"><ele>194.000</ele></trkpt>
      <trkpt lat="22.3875941218" lon="114.0618608487"><ele>195.000</ele></trkpt>
      <trkpt lat="22.3875850692" lon="114.0618552045"><ele>195.000</ele></trkpt>
      <trkpt lat="22.3875641220" lon="114.0618348002"><ele>196.000</ele></trkpt>
      <trkpt lat="22.3875510012" lon="114.0618227503"><ele>196.000</ele></trkpt>
      <trkpt lat="22.3875394883" lon="114.0618102136"><ele>196.000</ele></trkpt>
      <trkpt lat="22.3875332686" lon="114.0618020909"><ele>196.000</ele></trkpt>
      <trkpt lat="22.3875217435" lon="114.0617863399"><ele>196.000</ele></trkpt>
      <trkpt lat="22.3875109039" lon="114.0617693455"><ele>196.000</ele></trkpt>
      <trkpt lat="22.3874940244" lon="114.0617291766"><ele>196.000</ele></trkpt>
      <trkpt lat="22.3874854788" lon="114.0617126667"><ele>196.000</ele></trkpt>
      <trkpt lat="22.3874804078" lon="114.0617057754"><ele>198.000</ele></trkpt>
      <trkpt lat="22.3874629004" lon="114.0616843680"><ele>197.000</ele></trkpt>
      <trkpt lat="22.3874500137" lon="114.0616713372"><ele>197.000</ele></trkpt>
      <trkpt lat="22.3874426388" lon="114.0616629727"><ele>197.000</ele></trkpt>
      <trkpt lat="22.3874373417" lon="114.0616555872"><ele>197.000</ele></trkpt>
      <trkpt lat="22.3874334076" lon="114.0616474626"><ele>198.000</ele></trkpt>
      <trkpt lat="22.3874285705" lon="114.0616393291"><ele>198.000</ele></trkpt>
      <trkpt lat="22.3874209464" lon="114.0616233128"><ele>198.000</ele></trkpt>
      <trkpt lat="22.3874181688" lon="114.0616159252"><ele>198.000</ele></trkpt>
      <trkpt lat="22.3874028625" lon="114.0615658696"><ele>197.000</ele></trkpt>
      <trkpt lat="22.3873998496" lon="114.0615577346"><ele>197.000</ele></trkpt>
      <trkpt lat="22.3873892119" lon="114.0615328452"><ele>198.000</ele></trkpt>
      <trkpt lat="22.3873818231" lon="114.0615175667"><ele>198.000</ele></trkpt>
      <trkpt lat="22.3873785846" lon="114.0615096843"><ele>198.000</ele></trkpt>
      <trkpt lat="22.3873534414" lon="114.0614685610"><ele>198.000</ele></trkpt>
      <trkpt lat="22.3873462784" lon="114.0614520491"><ele>196.000</ele></trkpt>
      <trkpt lat="22.3873358423" lon="114.0614197513"><ele>198.000</ele></trkpt>
      <trkpt lat="22.3873298257" lon="114.0614039764"><ele>198.000</ele></trkpt>
      <trkpt lat="22.3873261355" lon="114.0613958409"><ele>198.000</ele></trkpt>
      <trkpt lat="22.3873244532" lon="114.0613895984"><ele>198.000</ele></trkpt>
      <trkpt lat="22.3873238085" lon="114.0613872101"><ele>198.000</ele></trkpt>
      <trkpt lat="22.3873175326" lon="114.0613623074"><ele>198.000</ele></trkpt>
      <trkpt lat="22.3873161362" lon="114.0613544138"><ele>196.000</ele></trkpt>
      <trkpt lat="22.3873140212" lon="114.0613391213"><ele>196.000</ele></trkpt>
      <trkpt lat="22.3873125913" lon="114.0613220899"><ele>196.000</ele></trkpt>
      <trkpt lat="22.3873111286" lon="114.0612971639"><ele>196.000</ele></trkpt>
      <trkpt lat="22.3873087635" lon="114.0612732300"><ele>196.000</ele></trkpt>
      <trkpt lat="22.3873057166" lon="114.0612554708"><ele>196.000</ele></trkpt>
      <trkpt lat="22.3873034008" lon="114.0612485684"><ele>196.000</ele></trkpt>
      <trkpt lat="22.3872994509" lon="114.0612322869"><ele>197.000</ele></trkpt>
      <trkpt lat="22.3872925140" lon="114.0612162701"><ele>197.000</ele></trkpt>
      <trkpt lat="22.3872791535" lon="114.0611987922"><ele>196.000</ele></trkpt>
      <trkpt lat="22.3872639653" lon="114.0611865111"><ele>196.000</ele></trkpt>
      <trkpt lat="22.3872487864" lon="114.0611769489"><ele>198.000</ele></trkpt>
      <trkpt lat="22.3872338441" lon="114.0611688626"><ele>198.000</ele></trkpt>
      <trkpt lat="22.3872175190" lon="114.0611590489"><ele>198.000</ele></trkpt>
      <trkpt lat="22.3872027995" lon="114.0611467674"><ele>198.000</ele></trkpt>
      <trkpt lat="22.3871958969" lon="114.0611421032"><ele>198.000</ele></trkpt>
      <trkpt lat="22.3871745223" lon="114.0611303409"><ele>198.000</ele></trkpt>
      <trkpt lat="22.3871692267" lon="114.0611251695"><ele>198.000</ele></trkpt>
      <trkpt lat="22.3871618635" lon="114.0611205145"><ele>200.000</ele></trkpt>
      <trkpt lat="22.3871469214" lon="114.0611126710"><ele>200.000</ele></trkpt>
      <trkpt lat="22.3871388808" lon="114.0611077640"><ele>200.000</ele></trkpt>
      <trkpt lat="22.3871248494" lon="114.0610979485"><ele>200.000</ele></trkpt>
      <trkpt lat="22.3871034654" lon="114.0610856919"><ele>200.000</ele></trkpt>
      <trkpt lat="22.3870972592" lon="114.0610825032"><ele>200.000</ele></trkpt>
      <trkpt lat="22.3870894457" lon="114.0610795771"><ele>200.000</ele></trkpt>
      <trkpt lat="22.3870818689" lon="114.0610781258"><ele>200.000</ele></trkpt>
      <trkpt lat="22.3870745261" lon="114.0610779085"><ele>200.000</ele></trkpt>
      <trkpt lat="22.3870591576" lon="114.0610799410"><ele>202.000</ele></trkpt>
      <trkpt lat="22.3870515918" lon="114.0610824429"><ele>202.000</ele></trkpt>
      <trkpt lat="22.3870369316" lon="114.0610899031"><ele>202.000</ele></trkpt>
      <trkpt lat="22.3870291514" lon="114.0610956097"><ele>203.000</ele></trkpt>
      <trkpt lat="22.3870234303" lon="114.0611015573"><ele>203.000</ele></trkpt>
      <trkpt lat="22.3870184064" lon="114.0611099709"><ele>203.000</ele></trkpt>
      <trkpt lat="22.3870156754" lon="114.0611173931"><ele>203.000</ele></trkpt>
      <trkpt lat="22.3870111448" lon="114.0611337000"><ele>204.000</ele></trkpt>
      <trkpt lat="22.3870043122" lon="114.0611500195"><ele>204.000</ele></trkpt>
      <trkpt lat="22.3870020414" lon="114.0611581696"><ele>204.000</ele></trkpt>
      <trkpt lat="22.3869993349" lon="114.0611744750"><ele>204.000</ele></trkpt>
      <trkpt lat="22.3869966135" lon="114.0611826342"><ele>204.000</ele></trkpt>
      <trkpt lat="22.3869929622" lon="114.0611910369"><ele>204.000</ele></trkpt>
      <trkpt lat="22.3869890853" lon="114.0611984591"><ele>204.000</ele></trkpt>
      <trkpt lat="22.3869758883" lon="114.0612328262"><ele>206.000</ele></trkpt>
      <trkpt lat="22.3869613093" lon="114.0612654660"><ele>208.000</ele></trkpt>
      <trkpt lat="22.3869535538" lon="114.0612805530"><ele>208.000</ele></trkpt>
      <trkpt lat="22.3869455625" lon="114.0612941652"><ele>208.000</ele></trkpt>
      <trkpt lat="22.3869400777" lon="114.0613008496"><ele>208.000</ele></trkpt>
      <trkpt lat="22.3869304780" lon="114.0613144622"><ele>210.000</ele></trkpt>
      <trkpt lat="22.3869153804" lon="114.0613278559"><ele>210.000</ele></trkpt>
      <trkpt lat="22.3869078246" lon="114.0613328243"><ele>210.000</ele></trkpt>
      <trkpt lat="22.3869004847" lon="114.0613355687"><ele>210.000</ele></trkpt>
      <trkpt lat="22.3868855768" lon="114.0613376008"><ele>210.000</ele></trkpt>
      <trkpt lat="22.3868697465" lon="114.0613379052"><ele>210.000</ele></trkpt>
      <trkpt lat="22.3868646465" lon="114.0613384591"><ele>210.000</ele></trkpt>
      <trkpt lat="22.3868626311" lon="114.0613386782"><ele>210.000</ele></trkpt>
      <trkpt lat="22.3868470273" lon="114.0613387397"><ele>212.000</ele></trkpt>
      <trkpt lat="22.3868321072" lon="114.0613375673"><ele>212.000</ele></trkpt>
      <trkpt lat="22.3868243036" lon="114.0613358647"><ele>212.000</ele></trkpt>
      <trkpt lat="22.3868167155" lon="114.0613324431"><ele>212.000</ele></trkpt>
      <trkpt lat="22.3867978594" lon="114.0613179510"><ele>212.000</ele></trkpt>
      <trkpt lat="22.3867976434" lon="114.0613177569"><ele>212.000</ele></trkpt>
      <trkpt lat="22.3867787557" lon="114.0613007508"><ele>211.000</ele></trkpt>
      <trkpt lat="22.3867727636" lon="114.0612938602"><ele>211.000</ele></trkpt>
      <trkpt lat="22.3867674684" lon="114.0612891841"><ele>211.000</ele></trkpt>
      <trkpt lat="22.3867577868" lon="114.0612754040"><ele>213.000</ele></trkpt>
      <trkpt lat="22.3867390981" lon="114.0612436356"><ele>210.000</ele></trkpt>
      <trkpt lat="22.3867229605" lon="114.0612182751"><ele>210.000</ele></trkpt>
      <trkpt lat="22.3867118750" lon="114.0611985620"><ele>210.000</ele></trkpt>
      <trkpt lat="22.3867058693" lon="114.0611852634"><ele>210.000</ele></trkpt>
      <trkpt lat="22.3867021804" lon="114.0611791012"><ele>210.000</ele></trkpt>
      <trkpt lat="22.3866966262" lon="114.0611657915"><ele>210.000</ele></trkpt>
      <trkpt lat="22.3866915314" lon="114.0611510065"><ele>210.000</ele></trkpt>
      <trkpt lat="22.3866804307" lon="114.0611226607"><ele>210.000</ele></trkpt>
      <trkpt lat="22.3866730429" lon="114.0611088680"><ele>209.000</ele></trkpt>
      <trkpt lat="22.3866686584" lon="114.0611022198"><ele>209.000</ele></trkpt>
      <trkpt lat="22.3866548384" lon="114.0610849949"><ele>210.000</ele></trkpt>
      <trkpt lat="22.3866444729" lon="114.0610731857"><ele>210.000</ele></trkpt>
      <trkpt lat="22.3866338814" lon="114.0610623671"><ele>210.000</ele></trkpt>
      <trkpt lat="22.3866283593" lon="114.0610574484"><ele>210.000</ele></trkpt>
      <trkpt lat="22.3866113362" lon="114.0610439453"><ele>210.000</ele></trkpt>
      <trkpt lat="22.3865996003" lon="114.0610353514"><ele>210.000</ele></trkpt>
      <trkpt lat="22.3865940784" lon="114.0610306755"><ele>210.000</ele></trkpt>
      <trkpt lat="22.3865839489" lon="114.0610205946"><ele>210.000</ele></trkpt>
      <trkpt lat="22.3865791124" lon="114.0610146945"><ele>210.000</ele></trkpt>
      <trkpt lat="22.3865751883" lon="114.0610077935"><ele>212.000</ele></trkpt>
      <trkpt lat="22.3865689471" lon="114.0609937484"><ele>212.000</ele></trkpt>
      <trkpt lat="22.3865666300" lon="114.0609863499"><ele>212.000</ele></trkpt>
      <trkpt lat="22.3865633683" lon="114.0609713108"><ele>212.000</ele></trkpt>
      <trkpt lat="22.3865637818" lon="114.0609560066"><ele>212.000</ele></trkpt>
      <trkpt lat="22.3865661828" lon="114.0609167446"><ele>212.000</ele></trkpt>
      <trkpt lat="22.3865718235" lon="114.0608868507"><ele>212.000</ele></trkpt>
      <trkpt lat="22.3865754433" lon="114.0608722721"><ele>212.000</ele></trkpt>
      <trkpt lat="22.3865797339" lon="114.0608485552"><ele>212.000</ele></trkpt>
      <trkpt lat="22.3865831037" lon="114.0608253450"><ele>212.000</ele></trkpt>
      <trkpt lat="22.3865862626" lon="114.0608102715"><ele>212.000</ele></trkpt>
      <trkpt lat="22.3865885331" lon="114.0608031023"><ele>212.000</ele></trkpt>
      <trkpt lat="22.3865919038" lon="114.0607811243"><ele>212.000</ele></trkpt>
      <trkpt lat="22.3865946112" lon="114.0607660512"><ele>212.000</ele></trkpt>
      <trkpt lat="22.3865972711" lon="114.0607351887"><ele>212.000</ele></trkpt>
      <trkpt lat="22.3865983942" lon="114.0607272833"><ele>212.000</ele></trkpt>
      <trkpt lat="22.3866010927" lon="114.0607124627"><ele>212.000</ele></trkpt>
      <trkpt lat="22.3866074291" lon="114.0606830634"><ele>212.000</ele></trkpt>
      <trkpt lat="22.3866115093" lon="114.0606682329"><ele>210.000</ele></trkpt>
      <trkpt lat="22.3866126328" lon="114.0606608228"><ele>210.000</ele></trkpt>
      <trkpt lat="22.3866111795" lon="114.0606366339"><ele>210.000</ele></trkpt>
      <trkpt lat="22.3866097835" lon="114.0606292356"><ele>210.000</ele></trkpt>
      <trkpt lat="22.3866056003" lon="114.0606137021"><ele>210.000</ele></trkpt>
      <trkpt lat="22.3865975024" lon="114.0605920153"><ele>210.000</ele></trkpt>
      <trkpt lat="22.3865940388" lon="114.0605851139"><ele>210.000</ele></trkpt>
      <trkpt lat="22.3865818155" lon="114.0605656640"><ele>208.000</ele></trkpt>
      <trkpt lat="22.3865776663" lon="114.0605597537"><ele>208.000</ele></trkpt>
      <trkpt lat="22.3865728220" lon="114.0605543402"><ele>211.000</ele></trkpt>
      <trkpt lat="22.3865620049" lon="114.0605437734"><ele>211.000</ele></trkpt>
      <trkpt lat="22.3865564841" lon="114.0605393499"><ele>211.000</ele></trkpt>
      <trkpt lat="22.3865383153" lon="114.0605275666"><ele>209.000</ele></trkpt>
      <trkpt lat="22.3865323437" lon="114.0605241340"><ele>209.000</ele></trkpt>
      <trkpt lat="22.3865259037" lon="114.0605211971"><ele>210.000</ele></trkpt>
      <trkpt lat="22.3865192461" lon="114.0605182603"><ele>210.000</ele></trkpt>
      <trkpt lat="22.3865125791" lon="114.0605160712"><ele>210.000</ele></trkpt>
      <trkpt lat="22.3864990311" lon="114.0605129169"><ele>210.000</ele></trkpt>
      <trkpt lat="22.3864921401" lon="114.0605119515"><ele>210.000</ele></trkpt>
      <trkpt lat="22.3864850329" lon="114.0605117341"><ele>211.000</ele></trkpt>
      <trkpt lat="22.3864776919" lon="114.0605127501"><ele>211.000</ele></trkpt>
      <trkpt lat="22.3864627725" lon="114.0605113253"><ele>211.000</ele></trkpt>
      <trkpt lat="22.3864405026" lon="114.0605104311"><ele>211.000</ele></trkpt>
      <trkpt lat="22.3864258084" lon="114.0605082681"><ele>211.000</ele></trkpt>
      <trkpt lat="22.3864115847" lon="114.0605073390"><ele>211.000</ele></trkpt>
      <trkpt lat="22.3863973510" lon="114.0605051756"><ele>211.000</ele></trkpt>
      <trkpt lat="22.3863904604" lon="114.0605047046"><ele>211.000</ele></trkpt>
      <trkpt lat="22.3863762374" lon="114.0605047552"><ele>211.000</ele></trkpt>
      <trkpt lat="22.3863555982" lon="114.0605110163"><ele>211.000</ele></trkpt>
      <trkpt lat="22.3863420835" lon="114.0605164946"><ele>209.000</ele></trkpt>
      <trkpt lat="22.3863358912" lon="114.0605202286"><ele>209.000</ele></trkpt>
      <trkpt lat="22.3863237606" lon="114.0605291628"><ele>209.000</ele></trkpt>
      <trkpt lat="22.3863134650" lon="114.0605393189"><ele>212.000</ele></trkpt>
      <trkpt lat="22.3863020199" lon="114.0605482524"><ele>212.000</ele></trkpt>
      <trkpt lat="22.3862777483" lon="114.0605641494"><ele>212.000</ele></trkpt>
      <trkpt lat="22.3862571292" lon="114.0605733625"><ele>210.000</ele></trkpt>
      <trkpt lat="22.3862435954" lon="114.0605773648"><ele>210.000</ele></trkpt>
      <trkpt lat="22.3862369507" lon="114.0605798572"><ele>210.000</ele></trkpt>
      <trkpt lat="22.3862243484" lon="114.0605858290"><ele>213.000</ele></trkpt>
      <trkpt lat="22.3861963782" lon="114.0605945830"><ele>213.000</ele></trkpt>
      <trkpt lat="22.3861899688" lon="114.0605978210"><ele>213.000</ele></trkpt>
      <trkpt lat="22.3861778285" lon="114.0606057646"><ele>213.000</ele></trkpt>
      <trkpt lat="22.3861725671" lon="114.0606104786"><ele>213.000</ele></trkpt>
      <trkpt lat="22.3861620457" lon="114.0606218681"><ele>211.000</ele></trkpt>
      <trkpt lat="22.3861405406" lon="114.0606422005"><ele>214.000</ele></trkpt>
      <trkpt lat="22.3861348183" lon="114.0606464197"><ele>214.000</ele></trkpt>
      <trkpt lat="22.3861279391" lon="114.0606491638"><ele>214.000</ele></trkpt>
      <trkpt lat="22.3860990224" lon="114.0606477895"><ele>213.000</ele></trkpt>
      <trkpt lat="22.3860850243" lon="114.0606466164"><ele>213.000</ele></trkpt>
      <trkpt lat="22.3860781344" lon="114.0606471368"><ele>212.000</ele></trkpt>
      <trkpt lat="22.3860707920" lon="114.0606464243"><ele>212.000</ele></trkpt>
      <trkpt lat="22.3860639108" lon="114.0606464494"><ele>212.000</ele></trkpt>
      <trkpt lat="22.3860494541" lon="114.0606479870"><ele>212.000</ele></trkpt>
      <trkpt lat="22.3860356938" lon="114.0606510087"><ele>212.000</ele></trkpt>
      <trkpt lat="22.3860221691" lon="114.0606552528"><ele>209.000</ele></trkpt>
      <trkpt lat="22.3860157599" lon="114.0606587345"><ele>209.000</ele></trkpt>
      <trkpt lat="22.3860091155" lon="114.0606614784"><ele>209.000</ele></trkpt>
      <trkpt lat="22.3859955827" lon="114.0606657341"><ele>209.000</ele></trkpt>
      <trkpt lat="22.3859754231" lon="114.0606746933"><ele>208.000</ele></trkpt>
      <trkpt lat="22.3859690049" lon="114.0606781750"><ele>208.000</ele></trkpt>
      <trkpt lat="22.3859451949" lon="114.0606955475"><ele>209.000</ele></trkpt>
      <trkpt lat="22.3859316818" lon="114.0607032592"><ele>209.000</ele></trkpt>
      <trkpt lat="22.3859254998" lon="114.0607087120"><ele>209.000</ele></trkpt>
      <trkpt lat="22.3859103902" lon="114.0607191343"><ele>209.000</ele></trkpt>
      <trkpt lat="22.3858803984" lon="114.0607422120"><ele>210.000</ele></trkpt>
      <trkpt lat="22.3858742256" lon="114.0607479182"><ele>210.000</ele></trkpt>
      <trkpt lat="22.3858687393" lon="114.0607538656"><ele>210.000</ele></trkpt>
      <trkpt lat="22.3858570706" lon="114.0607645268"><ele>210.000</ele></trkpt>
      <trkpt lat="22.3858424346" lon="114.0607806294"><ele>211.000</ele></trkpt>
      <trkpt lat="22.3858307791" lon="114.0607972159"><ele>211.000</ele></trkpt>
      <trkpt lat="22.3858243822" lon="114.0608051353"><ele>211.000</ele></trkpt>
      <trkpt lat="22.3858195829" lon="114.0608120620"><ele>211.000</ele></trkpt>
      <trkpt lat="22.3858043065" lon="114.0608417501"><ele>212.000</ele></trkpt>
      <trkpt lat="22.3857965522" lon="114.0608583227"><ele>212.000</ele></trkpt>
      <trkpt lat="22.3857828848" lon="114.0608902148"><ele>214.000</ele></trkpt>
      <trkpt lat="22.3857740405" lon="114.0609233244"><ele>214.000</ele></trkpt>
      <trkpt lat="22.3857726920" lon="114.0609317251"><ele>216.000</ele></trkpt>
      <trkpt lat="22.3857709393" lon="114.0609559253"><ele>216.000</ele></trkpt>
      <trkpt lat="22.3857725946" lon="114.0609722085"><ele>216.000</ele></trkpt>
      <trkpt lat="22.3857739909" lon="114.0609801020"><ele>216.000</ele></trkpt>
      <trkpt lat="22.3857777014" lon="114.0609911981"><ele>216.000</ele></trkpt>
      <trkpt lat="22.3857844028" lon="114.0610049913"><ele>216.000</ele></trkpt>
      <trkpt lat="22.3857901845" lon="114.0610205234"><ele>216.000</ele></trkpt>
      <trkpt lat="22.3857929724" lon="114.0610296490"><ele>216.000</ele></trkpt>
      <trkpt lat="22.3858005854" lon="114.0610427034"><ele>216.000</ele></trkpt>
      <trkpt lat="22.3858042842" lon="114.0610500910"><ele>216.000</ele></trkpt>
      <trkpt lat="22.3858070622" lon="114.0610579824"><ele>216.000</ele></trkpt>
      <trkpt lat="22.3858089189" lon="114.0610656231"><ele>216.000</ele></trkpt>
      <trkpt lat="22.3858096291" lon="114.0610737697"><ele>218.000</ele></trkpt>
      <trkpt lat="22.3858090000" lon="114.0610905500"><ele>218.000</ele></trkpt>
      <trkpt lat="22.3858056070" lon="114.0611066141"><ele>218.000</ele></trkpt>
      <trkpt lat="22.3857994598" lon="114.0611229329"><ele>218.000</ele></trkpt>
      <trkpt lat="22.3857953566" lon="114.0611308407"><ele>218.000</ele></trkpt>
      <trkpt lat="22.3857841705" lon="114.0611471831"><ele>218.000</ele></trkpt>
      <trkpt lat="22.3857764157" lon="114.0611632605"><ele>218.000</ele></trkpt>
      <trkpt lat="22.3857675146" lon="114.0611800768"><ele>218.000</ele></trkpt>
      <trkpt lat="22.3857556896" lon="114.0612122188"><ele>215.000</ele></trkpt>
      <trkpt lat="22.3857506897" lon="114.0612290232"><ele>215.000</ele></trkpt>
      <trkpt lat="22.3857470718" lon="114.0612450767"><ele>215.000</ele></trkpt>
      <trkpt lat="22.3857454964" lon="114.0612532349"><ele>215.000</ele></trkpt>
      <trkpt lat="22.3857445990" lon="114.0612611303"><ele>215.000</ele></trkpt>
      <trkpt lat="22.3857423861" lon="114.0612858270"><ele>215.000</ele></trkpt>
      <trkpt lat="22.3857401969" lon="114.0613184262"><ele>215.000</ele></trkpt>
      <trkpt lat="22.3857379507" lon="114.0613344796"><ele>215.000</ele></trkpt>
      <trkpt lat="22.3857371110" lon="114.0613586692"><ele>215.000</ele></trkpt>
      <trkpt lat="22.3857373932" lon="114.0613757023"><ele>215.000</ele></trkpt>
      <trkpt lat="22.3857369892" lon="114.0613917532"><ele>215.000</ele></trkpt>
      <trkpt lat="22.3857375214" lon="114.0614161845"><ele>215.000</ele></trkpt>
      <trkpt lat="22.3857380060" lon="114.0614245740"><ele>215.000</ele></trkpt>
      <trkpt lat="22.3857391765" lon="114.0614324677"><ele>215.000</ele></trkpt>
      <trkpt lat="22.3857411123" lon="114.0614610928"><ele>215.000</ele></trkpt>
      <trkpt lat="22.3857414178" lon="114.0614855340"><ele>215.000</ele></trkpt>
      <trkpt lat="22.3857444784" lon="114.0615097108"><ele>215.000</ele></trkpt>
      <trkpt lat="22.3857449626" lon="114.0615176148"><ele>215.000</ele></trkpt>
      <trkpt lat="22.3857450105" lon="114.0615341528"><ele>215.000</ele></trkpt>
      <trkpt lat="22.3857436627" lon="114.0615423001"><ele>215.000</ele></trkpt>
      <trkpt lat="22.3857404807" lon="114.0615516928"><ele>215.000</ele></trkpt>
      <trkpt lat="22.3857368290" lon="114.0615583767"><ele>216.000</ele></trkpt>
      <trkpt lat="22.3857283636" lon="114.0615670454"><ele>216.000</ele></trkpt>
      <trkpt lat="22.3857214937" lon="114.0615702847"><ele>216.000</ele></trkpt>
      <trkpt lat="22.3857213619" lon="114.0615703334"><ele>216.000</ele></trkpt>
      <trkpt lat="22.3857139281" lon="114.0615730293"><ele>214.000</ele></trkpt>
      <trkpt lat="22.3857068125" lon="114.0615735498"><ele>214.000</ele></trkpt>
      <trkpt lat="22.3856980876" lon="114.0615716052"><ele>214.000</ele></trkpt>
      <trkpt lat="22.3856911846" lon="114.0615664546"><ele>214.000</ele></trkpt>
      <trkpt lat="22.3856849666" lon="114.0615593225"><ele>214.000</ele></trkpt>
      <trkpt lat="22.3856796691" lon="114.0615514419"><ele>212.000</ele></trkpt>
      <trkpt lat="22.3856750485" lon="114.0615430655"><ele>212.000</ele></trkpt>
      <trkpt lat="22.3856678846" lon="114.0615265537"><ele>213.000</ele></trkpt>
      <trkpt lat="22.3856531080" lon="114.0614974838"><ele>211.000</ele></trkpt>
      <trkpt lat="22.3856424720" lon="114.0614748175"><ele>211.000</ele></trkpt>
      <trkpt lat="22.3856380963" lon="114.0614679169"><ele>211.000</ele></trkpt>
      <trkpt lat="22.3856265717" lon="114.0614529139"><ele>210.000</ele></trkpt>
      <trkpt lat="22.3856194325" lon="114.0614457825"><ele>210.000</ele></trkpt>
      <trkpt lat="22.3856139115" lon="114.0614411066"><ele>210.000</ele></trkpt>
      <trkpt lat="22.3856079303" lon="114.0614369360"><ele>210.000</ele></trkpt>
      <trkpt lat="22.3855851727" lon="114.0614232047"><ele>210.000</ele></trkpt>
      <trkpt lat="22.3855773585" lon="114.0614192881"><ele>215.000</ele></trkpt>
      <trkpt lat="22.3855546040" lon="114.0614099944"><ele>213.000</ele></trkpt>
      <trkpt lat="22.3855474967" lon="114.0614095245"><ele>213.000</ele></trkpt>
      <trkpt lat="22.3855318803" lon="114.0614058862"><ele>216.000</ele></trkpt>
      <trkpt lat="22.3855247530" lon="114.0614027080"><ele>216.000</ele></trkpt>
      <trkpt lat="22.3855167037" lon="114.0613982954"><ele>216.000</ele></trkpt>
      <trkpt lat="22.3855098003" lon="114.0613926495"><ele>216.000</ele></trkpt>
      <trkpt lat="22.3854884019" lon="114.0613727315"><ele>219.000</ele></trkpt>
      <trkpt lat="22.3854676793" lon="114.0613508513"><ele>217.000</ele></trkpt>
      <trkpt lat="22.3854559289" lon="114.0613358388"><ele>217.000</ele></trkpt>
      <trkpt lat="22.3854446292" lon="114.0613195927"><ele>220.000</ele></trkpt>
      <trkpt lat="22.3854370284" lon="114.0613109760"><ele>217.000</ele></trkpt>
      <trkpt lat="22.3854308105" lon="114.0613028535"><ele>217.000</ele></trkpt>
      <trkpt lat="22.3854091551" lon="114.0612785076"><ele>217.000</ele></trkpt>
      <trkpt lat="22.3853902647" lon="114.0612551306"><ele>217.000</ele></trkpt>
      <trkpt lat="22.3853840469" lon="114.0612484840"><ele>217.000</ele></trkpt>
      <trkpt lat="22.3853769171" lon="114.0612418489"><ele>217.000</ele></trkpt>
      <trkpt lat="22.3853504501" lon="114.0612185063"><ele>220.000</ele></trkpt>
      <trkpt lat="22.3853235315" lon="114.0611951650"><ele>218.000</ele></trkpt>
      <trkpt lat="22.3852738115" lon="114.0611474692"><ele>218.000</ele></trkpt>
      <trkpt lat="22.3852349095" lon="114.0611115831"><ele>218.000</ele></trkpt>
      <trkpt lat="22.3852238573" lon="114.0610992784"><ele>218.000</ele></trkpt>
      <trkpt lat="22.3852153202" lon="114.0610832728"><ele>221.000</ele></trkpt>
      <trkpt lat="22.3852093295" lon="114.0610771213"><ele>221.000</ele></trkpt>
      <trkpt lat="22.3851939123" lon="114.0610628693"><ele>219.000</ele></trkpt>
      <trkpt lat="22.3851566508" lon="114.0610353708"><ele>222.000</ele></trkpt>
      <trkpt lat="22.3851502084" lon="114.0610302102"><ele>222.000</ele></trkpt>
      <trkpt lat="22.3851451387" lon="114.0610252911"><ele>222.000</ele></trkpt>
      <trkpt lat="22.3851184213" lon="114.0609928122"><ele>222.000</ele></trkpt>
      <trkpt lat="22.3851034568" lon="114.0609775694"><ele>222.000</ele></trkpt>
      <trkpt lat="22.3850958451" lon="114.0609677195"><ele>220.000</ele></trkpt>
      <trkpt lat="22.3850880291" lon="114.0609613365"><ele>220.000</ele></trkpt>
      <trkpt lat="22.3850804400" lon="114.0609564292"><ele>222.000</ele></trkpt>
      <trkpt lat="22.3850661859" lon="114.0609495767"><ele>222.000</ele></trkpt>
      <trkpt lat="22.3850487341" lon="114.0609441533"><ele>222.000</ele></trkpt>
      <trkpt lat="22.3850427837" lon="114.0609450991"><ele>222.000</ele></trkpt>
      <trkpt lat="22.3850355776" lon="114.0609454935"><ele>224.000</ele></trkpt>
      <trkpt lat="22.3850295631" lon="114.0609452072"><ele>224.000</ele></trkpt>
      <trkpt lat="22.3850224102" lon="114.0609441353"><ele>224.000</ele></trkpt>
      <trkpt lat="22.3850154012" lon="114.0609422766"><ele>224.000</ele></trkpt>
      <trkpt lat="22.3850097285" lon="114.0609401353"><ele>224.000</ele></trkpt>
      <trkpt lat="22.3849989879" lon="114.0609343082"><ele>224.000</ele></trkpt>
      <trkpt lat="22.3849970625" lon="114.0609328144"><ele>226.000</ele></trkpt>
      <trkpt lat="22.3849912952" lon="114.0609246915"><ele>224.000</ele></trkpt>
      <trkpt lat="22.3849894381" lon="114.0609165556"><ele>224.000</ele></trkpt>
      <trkpt lat="22.3849900533" lon="114.0608928518"><ele>224.000</ele></trkpt>
      <trkpt lat="22.3849934135" lon="114.0608676600"><ele>224.000</ele></trkpt>
      <trkpt lat="22.3849947374" lon="114.0608513647"><ele>224.000</ele></trkpt>
      <trkpt lat="22.3849960860" lon="114.0608429640"><ele>224.000</ele></trkpt>
      <trkpt lat="22.3850024003" lon="114.0608066521"><ele>222.000</ele></trkpt>
      <trkpt lat="22.3850067041" lon="114.0607901009"><ele>222.000</ele></trkpt>
      <trkpt lat="22.3850093291" lon="114.0607735443"><ele>222.000</ele></trkpt>
      <trkpt lat="22.3850118732" lon="114.0607574985"><ele>222.000</ele></trkpt>
      <trkpt lat="22.3850125356" lon="114.0607493421"><ele>222.000</ele></trkpt>
      <trkpt lat="22.3850120606" lon="114.0607416993"><ele>222.000</ele></trkpt>
      <trkpt lat="22.3850142973" lon="114.0607251508"><ele>222.000</ele></trkpt>
      <trkpt lat="22.3850128437" lon="114.0607004679"><ele>222.000</ele></trkpt>
      <trkpt lat="22.3850112124" lon="114.0606923319"><ele>222.000</ele></trkpt>
      <trkpt lat="22.3850081989" lon="114.0606834590"><ele>222.000</ele></trkpt>
      <trkpt lat="22.3850005748" lon="114.0606676857"><ele>223.000</ele></trkpt>
      <trkpt lat="22.3849964241" lon="114.0606598043"><ele>224.000</ele></trkpt>
      <trkpt lat="22.3849860453" lon="114.0606433060"><ele>224.000</ele></trkpt>
      <trkpt lat="22.3849685387" lon="114.0606231314"><ele>224.000</ele></trkpt>
      <trkpt lat="22.3849632431" lon="114.0606179699"><ele>224.000</ele></trkpt>
      <trkpt lat="22.3849544965" lon="114.0606108496"><ele>224.000</ele></trkpt>
      <trkpt lat="22.3849400039" lon="114.0606002869"><ele>224.000</ele></trkpt>
      <trkpt lat="22.3849257565" lon="114.0605914622"><ele>224.000</ele></trkpt>
      <trkpt lat="22.3849103554" lon="114.0605858429"><ele>224.000</ele></trkpt>
      <trkpt lat="22.3848991384" lon="114.0605842112"><ele>224.000</ele></trkpt>
      <trkpt lat="22.3848827708" lon="114.0605832178"><ele>224.000</ele></trkpt>
      <trkpt lat="22.3848773427" lon="114.0605106412"><ele>224.000</ele></trkpt>
      <trkpt lat="22.3848640589" lon="114.0603169575"><ele>222.000</ele></trkpt>
      <trkpt lat="22.3848610441" lon="114.0602730003"><ele>222.000</ele></trkpt>
      <trkpt lat="22.3848574103" lon="114.0602042764"><ele>222.000</ele></trkpt>
      <trkpt lat="22.3848573594" lon="114.0601336229"><ele>222.000</ele></trkpt>
      <trkpt lat="22.3848614914" lon="114.0600655343"><ele>222.000</ele></trkpt>
      <trkpt lat="22.3848769701" lon="114.0599935822"><ele>222.000</ele></trkpt>
      <trkpt lat="22.3849037955" lon="114.0599177675"><ele>220.000</ele></trkpt>
      <trkpt lat="22.3849306307" lon="114.0598567263"><ele>218.000</ele></trkpt>
      <trkpt lat="22.3849616502" lon="114.0597988918"><ele>218.000</ele></trkpt>
      <trkpt lat="22.3850040127" lon="114.0597320559"><ele>218.000</ele></trkpt>
      <trkpt lat="22.3850386206" lon="114.0596800000"><ele>218.000</ele></trkpt>
      <trkpt lat="22.3851030638" lon="114.0595861688"><ele>217.000</ele></trkpt>
      <trkpt lat="22.3851692991" lon="114.0594916931"><ele>216.000</ele></trkpt>
      <trkpt lat="22.3852146456" lon="114.0594216433"><ele>218.000</ele></trkpt>
      <trkpt lat="22.3852397052" lon="114.0593817994"><ele>218.000</ele></trkpt>
      <trkpt lat="22.3852671440" lon="114.0593291065"><ele>220.000</ele></trkpt>
      <trkpt lat="22.3852832380" lon="114.0592828467"><ele>220.000</ele></trkpt>
      <trkpt lat="22.3852969364" lon="114.0592269541"><ele>219.000</ele></trkpt>
      <trkpt lat="22.3853004889" lon="114.0591845588"><ele>218.000</ele></trkpt>
      <trkpt lat="22.3853004426" lon="114.0591209695"><ele>218.000</ele></trkpt>
      <trkpt lat="22.3852980115" lon="114.0590625210"><ele>218.000</ele></trkpt>
      <trkpt lat="22.3852847950" lon="114.0589604047"><ele>220.000</ele></trkpt>
      <trkpt lat="22.3852715953" lon="114.0588801273"><ele>220.000</ele></trkpt>
      <trkpt lat="22.3852554036" lon="114.0587921443"><ele>220.000</ele></trkpt>
      <trkpt lat="22.3852344112" lon="114.0586746191"><ele>221.000</ele></trkpt>
      <trkpt lat="22.3852218158" lon="114.0586046170"><ele>222.000</ele></trkpt>
      <trkpt lat="22.3852164071" lon="114.0585596609"><ele>222.000</ele></trkpt>
      <trkpt lat="22.3852133756" lon="114.0584980007"><ele>221.000</ele></trkpt>
      <trkpt lat="22.3852199048" lon="114.0584414722"><ele>220.000</ele></trkpt>
      <trkpt lat="22.3852294270" lon="114.0583939332"><ele>220.000</ele></trkpt>
      <trkpt lat="22.3852419403" lon="114.0583515303"><ele>220.000</ele></trkpt>
      <trkpt lat="22.3852580358" lon="114.0583078388"><ele>220.000</ele></trkpt>
      <trkpt lat="22.3852866681" lon="114.0582538600"><ele>220.000</ele></trkpt>
      <trkpt lat="22.3853129175" lon="114.0582075924"><ele>220.000</ele></trkpt>
      <trkpt lat="22.3853516990" lon="114.0581471814"><ele>218.000</ele></trkpt>
      <trkpt lat="22.3853857098" lon="114.0580957674"><ele>218.000</ele></trkpt>
      <trkpt lat="22.3854233003" lon="114.0580392124"><ele>218.000</ele></trkpt>
      <trkpt lat="22.3854573140" lon="114.0579929371"><ele>218.000</ele></trkpt>
      <trkpt lat="22.3854913282" lon="114.0579473037"><ele>218.000</ele></trkpt>
      <trkpt lat="22.3855157958" lon="114.0579158101"><ele>218.000</ele></trkpt>
      <trkpt lat="22.3855354920" lon="114.0578945972"><ele>218.000</ele></trkpt>
      <trkpt lat="22.3855587738" lon="114.0578753078"><ele>218.000</ele></trkpt>
      <trkpt lat="22.3855826506" lon="114.0578534485"><ele>218.000</ele></trkpt>
      <trkpt lat="22.3856172786" lon="114.0578296535"><ele>218.000</ele></trkpt>
      <trkpt lat="22.3856441484" lon="114.0578154999"><ele>218.000</ele></trkpt>
      <trkpt lat="22.3856763918" lon="114.0577994151"><ele>218.000</ele></trkpt>
      <trkpt lat="22.3857193877" lon="114.0577820354"><ele>218.000</ele></trkpt>
      <trkpt lat="22.3857582044" lon="114.0577697992"><ele>218.000</ele></trkpt>
      <trkpt lat="22.3858310626" lon="114.0577466134"><ele>218.000</ele></trkpt>
      <trkpt lat="22.3858869204" lon="114.0577288334"><ele>220.000</ele></trkpt>
      <trkpt lat="22.3859197895" lon="114.0577164138"><ele>220.000</ele></trkpt>
      <trkpt lat="22.3859407985" lon="114.0577083769"><ele>220.000</ele></trkpt>
      <trkpt lat="22.3859712913" lon="114.0576954446"><ele>220.000</ele></trkpt>
      <trkpt lat="22.3859771375" lon="114.0576879450"><ele>220.000</ele></trkpt>
      <trkpt lat="22.3859997737" lon="114.0576589106"><ele>218.000</ele></trkpt>
      <trkpt lat="22.3860047124" lon="114.0576440978"><ele>218.000</ele></trkpt>
      <trkpt lat="22.3860074489" lon="114.0576334429"><ele>218.000</ele></trkpt>
      <trkpt lat="22.3860096070" lon="114.0576062030"><ele>218.000</ele></trkpt>
      <trkpt lat="22.3860090492" lon="114.0575967356"><ele>218.000</ele></trkpt>
      <trkpt lat="22.3860068150" lon="114.0575795692"><ele>218.000</ele></trkpt>
      <trkpt lat="22.3860018360" lon="114.0575629956"><ele>218.000</ele></trkpt>
      <trkpt lat="22.3859979661" lon="114.0575564928"><ele>218.000</ele></trkpt>
      <trkpt lat="22.3859896816" lon="114.0575393316"><ele>218.000</ele></trkpt>
      <trkpt lat="22.3859775392" lon="114.0575198140"><ele>220.000</ele></trkpt>
      <trkpt lat="22.3859720141" lon="114.0575097566"><ele>220.000</ele></trkpt>
      <trkpt lat="22.3859554640" lon="114.0574878831"><ele>220.000</ele></trkpt>
      <trkpt lat="22.3859466303" lon="114.0574742765"><ele>220.000</ele></trkpt>
      <trkpt lat="22.3859400013" lon="114.0574612603"><ele>220.000</ele></trkpt>
      <trkpt lat="22.3859328228" lon="114.0574500293"><ele>220.000</ele></trkpt>
      <trkpt lat="22.3859278464" lon="114.0574370117"><ele>220.000</ele></trkpt>
      <trkpt lat="22.3859245062" lon="114.0574127382"><ele>220.000</ele></trkpt>
      <trkpt lat="22.3859288927" lon="114.0573973432"><ele>220.000</ele></trkpt>
      <trkpt lat="22.3859310792" lon="114.0573878638"><ele>220.000</ele></trkpt>
      <trkpt lat="22.3859508474" lon="114.0573493445"><ele>220.000</ele></trkpt>
      <trkpt lat="22.3859590796" lon="114.0573321692"><ele>220.000</ele></trkpt>
      <trkpt lat="22.3859722638" lon="114.0573072775"><ele>220.000</ele></trkpt>
      <trkpt lat="22.3859788576" lon="114.0572972021"><ele>220.000</ele></trkpt>
      <trkpt lat="22.3859980763" lon="114.0572628306"><ele>219.000</ele></trkpt>
      <trkpt lat="22.3860068722" lon="114.0572509752"><ele>219.000</ele></trkpt>
      <trkpt lat="22.3860195126" lon="114.0572355635"><ele>219.000</ele></trkpt>
      <trkpt lat="22.3860272086" lon="114.0572237100"><ele>219.000</ele></trkpt>
      <trkpt lat="22.3860376464" lon="114.0572094848"><ele>216.000</ele></trkpt>
      <trkpt lat="22.3860453359" lon="114.0571911155"><ele>216.000</ele></trkpt>
      <trkpt lat="22.3860480594" lon="114.0571739449"><ele>216.000</ele></trkpt>
      <trkpt lat="22.3860485786" lon="114.0571555925"><ele>216.000</ele></trkpt>
      <trkpt lat="22.3860463370" lon="114.0571283533"><ele>216.000</ele></trkpt>
      <trkpt lat="22.3860402580" lon="114.0571141617"><ele>216.000</ele></trkpt>
      <trkpt lat="22.3860391541" lon="114.0571100162"><ele>216.000</ele></trkpt>
      <trkpt lat="22.3860341772" lon="114.0570975909"><ele>216.000</ele></trkpt>
      <trkpt lat="22.3860269965" lon="114.0570833915"><ele>217.000</ele></trkpt>
      <trkpt lat="22.3860209201" lon="114.0570727432"><ele>217.000</ele></trkpt>
      <trkpt lat="22.3860104351" lon="114.0570597381"><ele>217.000</ele></trkpt>
      <trkpt lat="22.3860027169" lon="114.0570514616"><ele>217.000</ele></trkpt>
      <trkpt lat="22.3859983056" lon="114.0570455516"><ele>217.000</ele></trkpt>
      <trkpt lat="22.3859823133" lon="114.0570343302"><ele>218.000</ele></trkpt>
      <trkpt lat="22.3859663184" lon="114.0570195547"><ele>218.000</ele></trkpt>
      <trkpt lat="22.3859563972" lon="114.0570118705"><ele>218.000</ele></trkpt>
      <trkpt lat="22.3859426074" lon="114.0569994625"><ele>218.000</ele></trkpt>
      <trkpt lat="22.3859260720" lon="114.0569864645"><ele>218.000</ele></trkpt>
      <trkpt lat="22.3859106305" lon="114.0569752426"><ele>218.000</ele></trkpt>
      <trkpt lat="22.3859012598" lon="114.0569669656"><ele>218.000</ele></trkpt>
      <trkpt lat="22.3858841644" lon="114.0569539681"><ele>220.000</ele></trkpt>
      <trkpt lat="22.3858747932" lon="114.0569451007"><ele>220.000</ele></trkpt>
      <trkpt lat="22.3858554940" lon="114.0569291530"><ele>218.000</ele></trkpt>
      <trkpt lat="22.3858483159" lon="114.0569185048"><ele>219.000</ele></trkpt>
      <trkpt lat="22.3858328683" lon="114.0568989901"><ele>219.000</ele></trkpt>
      <trkpt lat="22.3858278937" lon="114.0568883419"><ele>218.000</ele></trkpt>
      <trkpt lat="22.3858267754" lon="114.0568782827"><ele>218.000</ele></trkpt>
      <trkpt lat="22.3858267589" lon="114.0568682129"><ele>218.000</ele></trkpt>
      <trkpt lat="22.3858283946" lon="114.0568575493"><ele>218.000</ele></trkpt>
      <trkpt lat="22.3858371754" lon="114.0568374098"><ele>218.000</ele></trkpt>
      <trkpt lat="22.3858432170" lon="114.0568255578"><ele>218.000</ele></trkpt>
      <trkpt lat="22.3858547534" lon="114.0568071852"><ele>216.000</ele></trkpt>
      <trkpt lat="22.3858690414" lon="114.0567852572"><ele>216.000</ele></trkpt>
      <trkpt lat="22.3858767379" lon="114.0567763644"><ele>216.000</ele></trkpt>
      <trkpt lat="22.3858816800" lon="114.0567674750"><ele>216.000</ele></trkpt>
      <trkpt lat="22.3858899112" lon="114.0567467359"><ele>216.000</ele></trkpt>
      <trkpt lat="22.3858937508" lon="114.0567366725"><ele>216.000</ele></trkpt>
      <trkpt lat="22.3858964860" lon="114.0567218625"><ele>216.000</ele></trkpt>
      <trkpt lat="22.3859019580" lon="114.0566981728"><ele>214.000</ele></trkpt>
      <trkpt lat="22.3859057685" lon="114.0566733017"><ele>214.000</ele></trkpt>
      <trkpt lat="22.3859118053" lon="114.0566549417"><ele>214.000</ele></trkpt>
      <trkpt lat="22.3859167357" lon="114.0566424972"><ele>215.000</ele></trkpt>
      <trkpt lat="22.3859238777" lon="114.0566288672"><ele>215.000</ele></trkpt>
      <trkpt lat="22.3859321228" lon="114.0566170132"><ele>215.000</ele></trkpt>
      <trkpt lat="22.3859420110" lon="114.0566045664"><ele>215.000</ele></trkpt>
      <trkpt lat="22.3859480661" lon="114.0565986368"><ele>214.000</ele></trkpt>
      <trkpt lat="22.3859596082" lon="114.0565855856"><ele>214.000</ele></trkpt>
      <trkpt lat="22.3859717119" lon="114.0565772834"><ele>214.000</ele></trkpt>
      <trkpt lat="22.3859777575" lon="114.0565707614"><ele>214.000</ele></trkpt>
      <trkpt lat="22.3859854647" lon="114.0565642293"><ele>214.000</ele></trkpt>
      <trkpt lat="22.3859893077" lon="114.0565588949"><ele>212.000</ele></trkpt>
      <trkpt lat="22.3859931499" lon="114.0565511921"><ele>213.000</ele></trkpt>
      <trkpt lat="22.3859986389" lon="114.0565381645"><ele>213.000</ele></trkpt>
      <trkpt lat="22.3860002785" lon="114.0565328320"><ele>213.000</ele></trkpt>
      <trkpt lat="22.3860019245" lon="114.0565227607"><ele>213.000</ele></trkpt>
      <trkpt lat="22.3860040949" lon="114.0565026298"><ele>214.000</ele></trkpt>
      <trkpt lat="22.3860051614" lon="114.0564795362"><ele>214.000</ele></trkpt>
      <trkpt lat="22.3860100356" lon="114.0564292099"><ele>214.000</ele></trkpt>
      <trkpt lat="22.3860100226" lon="114.0564215094"><ele>214.000</ele></trkpt>
      <trkpt lat="22.3860083438" lon="114.0563984201"><ele>214.000</ele></trkpt>
      <trkpt lat="22.3860066243" lon="114.0563569837"><ele>216.000</ele></trkpt>
      <trkpt lat="22.3860066056" lon="114.0563427684"><ele>216.000</ele></trkpt>
      <trkpt lat="22.3860071390" lon="114.0563315221"><ele>216.000</ele></trkpt>
      <trkpt lat="22.3860093246" lon="114.0563208581"><ele>216.000</ele></trkpt>
      <trkpt lat="22.3860115137" lon="114.0563137587"><ele>216.000</ele></trkpt>
      <trkpt lat="22.3860148131" lon="114.0563060544"><ele>216.000</ele></trkpt>
      <trkpt lat="22.3860192075" lon="114.0563013119"><ele>216.000</ele></trkpt>
      <trkpt lat="22.3860291086" lon="114.0562941855"><ele>216.000</ele></trkpt>
      <trkpt lat="22.3860494774" lon="114.0562888271"><ele>216.000</ele></trkpt>
      <trkpt lat="22.3860643368" lon="114.0562822888"><ele>216.000</ele></trkpt>
      <trkpt lat="22.3860764436" lon="114.0562781223"><ele>216.000</ele></trkpt>
      <trkpt lat="22.3860946117" lon="114.0562739534"><ele>215.000</ele></trkpt>
      <trkpt lat="22.3861199369" lon="114.0562668030"><ele>215.000</ele></trkpt>
      <trkpt lat="22.3861403053" lon="114.0562596676"><ele>214.000</ele></trkpt>
      <trkpt lat="22.3861529491" lon="114.0562489955"><ele>214.000</ele></trkpt>
      <trkpt lat="22.3861590037" lon="114.0562436485"><ele>214.000</ele></trkpt>
      <trkpt lat="22.3861633975" lon="114.0562383146"><ele>214.000</ele></trkpt>
      <trkpt lat="22.3861677892" lon="114.0562300170"><ele>212.000</ele></trkpt>
      <trkpt lat="22.3861782177" lon="114.0562021775"><ele>213.000</ele></trkpt>
      <trkpt lat="22.3861833542" lon="114.0561669858"><ele>213.000</ele></trkpt>
      <trkpt lat="22.3861875170" lon="114.0561642671"><ele>215.000</ele></trkpt>
      <trkpt lat="22.3861919217" lon="114.0561601169"><ele>215.000</ele></trkpt>
      <trkpt lat="22.3861946625" lon="114.0561553758"><ele>215.000</ele></trkpt>
      <trkpt lat="22.3862018054" lon="114.0561405610"><ele>215.000</ele></trkpt>
      <trkpt lat="22.3862122427" lon="114.0561257443"><ele>215.000</ele></trkpt>
      <trkpt lat="22.3862314950" lon="114.0561126854"><ele>214.000</ele></trkpt>
      <trkpt lat="22.3862402953" lon="114.0561055697"><ele>214.000</ele></trkpt>
      <trkpt lat="22.3862584411" lon="114.0560871923"><ele>211.000</ele></trkpt>
      <trkpt lat="22.3862661366" lon="114.0560771148"><ele>211.000</ele></trkpt>
      <trkpt lat="22.3862699747" lon="114.0560652645"><ele>213.000</ele></trkpt>
      <trkpt lat="22.3862727107" lon="114.0560516382"><ele>213.000</ele></trkpt>
      <trkpt lat="22.3862781997" lon="114.0560386116"><ele>213.000</ele></trkpt>
      <trkpt lat="22.3862853344" lon="114.0560273509"><ele>213.000</ele></trkpt>
      <trkpt lat="22.3862891846" lon="114.0560196480"><ele>214.000</ele></trkpt>
      <trkpt lat="22.3862957502" lon="114.0559935879"><ele>214.000</ele></trkpt>
      <trkpt lat="22.3863006892" lon="114.0559805520"><ele>214.000</ele></trkpt>
      <trkpt lat="22.3863083699" lon="114.0559627750"><ele>215.000</ele></trkpt>
      <trkpt lat="22.3863127558" lon="114.0559467876"><ele>215.000</ele></trkpt>
      <trkpt lat="22.3863253647" lon="114.0559136033"><ele>218.000</ele></trkpt>
      <trkpt lat="22.3863297649" lon="114.0559047241"><ele>218.000</ele></trkpt>
      <trkpt lat="22.3863379839" lon="114.0558822078"><ele>218.000</ele></trkpt>
      <trkpt lat="22.3863423851" lon="114.0558745045"><ele>219.000</ele></trkpt>
      <trkpt lat="22.3863500702" lon="114.0558626499"><ele>218.000</ele></trkpt>
      <trkpt lat="22.3863627208" lon="114.0558490150"><ele>218.000</ele></trkpt>
      <trkpt lat="22.3863880383" lon="114.0558412732"><ele>218.000</ele></trkpt>
      <trkpt lat="22.3863974025" lon="114.0558406631"><ele>218.000</ele></trkpt>
      <trkpt lat="22.3864122757" lon="114.0558406405"><ele>218.000</ele></trkpt>
      <trkpt lat="22.3864205300" lon="114.0558412286"><ele>218.000</ele></trkpt>
      <trkpt lat="22.3864337533" lon="114.0558435671"><ele>218.000</ele></trkpt>
      <trkpt lat="22.3864464231" lon="114.0558447302"><ele>218.000</ele></trkpt>
      <trkpt lat="22.3864767257" lon="114.0558517830"><ele>218.000</ele></trkpt>
      <trkpt lat="22.3865136288" lon="114.0558576474"><ele>218.000</ele></trkpt>
      <trkpt lat="22.3865312576" lon="114.0558593995"><ele>218.000</ele></trkpt>
      <trkpt lat="22.3865527343" lon="114.0558623242"><ele>218.000</ele></trkpt>
      <trkpt lat="22.3865692610" lon="114.0558634742"><ele>218.000</ele></trkpt>
      <trkpt lat="22.3865780744" lon="114.0558628742"><ele>217.000</ele></trkpt>
      <trkpt lat="22.3865918351" lon="114.0558604852"><ele>217.000</ele></trkpt>
      <trkpt lat="22.3866022893" lon="114.0558563200"><ele>217.000</ele></trkpt>
      <trkpt lat="22.3866111022" lon="114.0558539430"><ele>217.000</ele></trkpt>
      <trkpt lat="22.3866193534" lon="114.0558503720"><ele>218.000</ele></trkpt>
      <trkpt lat="22.3866314575" lon="114.0558438360"><ele>218.000</ele></trkpt>
      <trkpt lat="22.3866408195" lon="114.0558402739"><ele>218.000</ele></trkpt>
      <trkpt lat="22.3866496167" lon="114.0558301973"><ele>218.000</ele></trkpt>
      <trkpt lat="22.3866589701" lon="114.0558248474"><ele>220.000</ele></trkpt>
      <trkpt lat="22.3866749307" lon="114.0558177157"><ele>222.000</ele></trkpt>
      <trkpt lat="22.3866925335" lon="114.0558088056"><ele>222.000</ele></trkpt>
      <trkpt lat="22.3867261077" lon="114.0557951331"><ele>222.000</ele></trkpt>
      <trkpt lat="22.3867343688" lon="114.0557927566"><ele>222.000</ele></trkpt>
      <trkpt lat="22.3867497817" lon="114.0557897718"><ele>222.000</ele></trkpt>
      <trkpt lat="22.3867613475" lon="114.0557867923"><ele>222.000</ele></trkpt>
      <trkpt lat="22.3867916223" lon="114.0557808232"><ele>222.000</ele></trkpt>
      <trkpt lat="22.3868031900" lon="114.0557802111"><ele>223.000</ele></trkpt>
      <trkpt lat="22.3868086986" lon="114.0557801966"><ele>223.000</ele></trkpt>
      <trkpt lat="22.3868257631" lon="114.0557760257"><ele>227.000</ele></trkpt>
      <trkpt lat="22.3868455707" lon="114.0557688907"><ele>227.000</ele></trkpt>
      <trkpt lat="22.3868631978" lon="114.0557682734"><ele>227.000</ele></trkpt>
      <trkpt lat="22.3868714507" lon="114.0557670718"><ele>227.000</ele></trkpt>
      <trkpt lat="22.3868835697" lon="114.0557646842"><ele>227.000</ele></trkpt>
      <trkpt lat="22.3869094458" lon="114.0557575342"><ele>227.000</ele></trkpt>
      <trkpt lat="22.3869485326" lon="114.0557491881"><ele>226.000</ele></trkpt>
      <trkpt lat="22.3869672541" lon="114.0557509295"><ele>226.000</ele></trkpt>
      <trkpt lat="22.3869738662" lon="114.0557532834"><ele>226.000</ele></trkpt>
      <trkpt lat="22.3869964751" lon="114.0557716092"><ele>225.000</ele></trkpt>
      <trkpt lat="22.3870080620" lon="114.0557857961"><ele>223.000</ele></trkpt>
      <trkpt lat="22.3870174432" lon="114.0557946635"><ele>223.000</ele></trkpt>
      <trkpt lat="22.3870229562" lon="114.0558017572"><ele>223.000</ele></trkpt>
      <trkpt lat="22.3870461195" lon="114.0558259963"><ele>226.000</ele></trkpt>
      <trkpt lat="22.3870626793" lon="114.0558472774"><ele>226.000</ele></trkpt>
      <trkpt lat="22.3870715028" lon="114.0558602918"><ele>229.000</ele></trkpt>
      <trkpt lat="22.3870775936" lon="114.0558780395"><ele>229.000</ele></trkpt>
      <trkpt lat="22.3870809166" lon="114.0558922433"><ele>229.000</ele></trkpt>
      <trkpt lat="22.3870809323" lon="114.0559011285"><ele>229.000</ele></trkpt>
      <trkpt lat="22.3870803845" lon="114.0559052754"><ele>229.000</ele></trkpt>
      <trkpt lat="22.3870732547" lon="114.0559218577"><ele>229.000</ele></trkpt>
      <trkpt lat="22.3870639218" lon="114.0559414132"><ele>226.000</ele></trkpt>
      <trkpt lat="22.3870584298" lon="114.0559514879"><ele>226.000</ele></trkpt>
      <trkpt lat="22.3870545921" lon="114.0559639306"><ele>226.000</ele></trkpt>
      <trkpt lat="22.3870529578" lon="114.0559763616"><ele>226.000</ele></trkpt>
      <trkpt lat="22.3870529770" lon="114.0559899778"><ele>226.000</ele></trkpt>
      <trkpt lat="22.3870535445" lon="114.0560000473"><ele>226.000</ele></trkpt>
      <trkpt lat="22.3870557636" lon="114.0560089209"><ele>226.000</ele></trkpt>
      <trkpt lat="22.3870579853" lon="114.0560213486"><ele>226.000</ele></trkpt>
      <trkpt lat="22.3870635149" lon="114.0560373275"><ele>226.000</ele></trkpt>
      <trkpt lat="22.3870762231" lon="114.0560645471"><ele>229.000</ele></trkpt>
      <trkpt lat="22.3870834003" lon="114.0560739991"><ele>229.000</ele></trkpt>
      <trkpt lat="22.3870889134" lon="114.0560799179"><ele>229.000</ele></trkpt>
      <trkpt lat="22.3870999354" lon="114.0560864145"><ele>229.000</ele></trkpt>
      <trkpt lat="22.3871054476" lon="114.0560911388"><ele>229.000</ele></trkpt>
      <trkpt lat="22.3871192208" lon="114.0560934769"><ele>232.000</ele></trkpt>
      <trkpt lat="22.3871418096" lon="114.0560981894"><ele>232.000</ele></trkpt>
      <trkpt lat="22.3871792626" lon="114.0561016723"><ele>234.000</ele></trkpt>
      <trkpt lat="22.3871990936" lon="114.0561028292"><ele>234.000</ele></trkpt>
      <trkpt lat="22.3872145086" lon="114.0561027965"><ele>236.000</ele></trkpt>
      <trkpt lat="22.3872211181" lon="114.0561016061"><ele>236.000</ele></trkpt>
      <trkpt lat="22.3872447804" lon="114.0560926839"><ele>236.000</ele></trkpt>
      <trkpt lat="22.3872761503" lon="114.0560778384"><ele>236.000</ele></trkpt>
      <trkpt lat="22.3872838592" lon="114.0560736746"><ele>236.000</ele></trkpt>
      <trkpt lat="22.3873091728" lon="114.0560629807"><ele>238.000</ele></trkpt>
      <trkpt lat="22.3873218309" lon="114.0560594060"><ele>238.000</ele></trkpt>
      <trkpt lat="22.3873328355" lon="114.0560546489"><ele>238.000</ele></trkpt>
      <trkpt lat="22.3873405458" lon="114.0560522719"><ele>238.000</ele></trkpt>
      <trkpt lat="22.3873482597" lon="114.0560510718"><ele>238.000</ele></trkpt>
      <trkpt lat="22.3873658764" lon="114.0560498612"><ele>238.000</ele></trkpt>
      <trkpt lat="22.3873779840" lon="114.0560468793"><ele>238.000</ele></trkpt>
      <trkpt lat="22.3874027575" lon="114.0560385572"><ele>239.000</ele></trkpt>
      <trkpt lat="22.3874473408" lon="114.0560260502"><ele>239.000</ele></trkpt>
      <trkpt lat="22.3874787259" lon="114.0560194781"><ele>240.000</ele></trkpt>
      <trkpt lat="22.3874996443" lon="114.0560123422"><ele>240.000</ele></trkpt>
      <trkpt lat="22.3875089968" lon="114.0560081779"><ele>240.000</ele></trkpt>
      <trkpt lat="22.3875156040" lon="114.0560040257"><ele>240.000</ele></trkpt>
      <trkpt lat="22.3875216496" lon="114.0559975056"><ele>240.000</ele></trkpt>
      <trkpt lat="22.3875321007" lon="114.0559892037"><ele>240.000</ele></trkpt>
      <trkpt lat="22.3875375950" lon="114.0559820898"><ele>240.000</ele></trkpt>
      <trkpt lat="22.3875513387" lon="114.0559666670"><ele>240.000</ele></trkpt>
      <trkpt lat="22.3875562781" lon="114.0559542331"><ele>240.000</ele></trkpt>
      <trkpt lat="22.3875683626" lon="114.0559323057"><ele>240.000</ele></trkpt>
      <trkpt lat="22.3875749442" lon="114.0559180836"><ele>240.000</ele></trkpt>
      <trkpt lat="22.3875815327" lon="114.0559008997"><ele>240.000</ele></trkpt>
      <trkpt lat="22.3875847891" lon="114.0558718911"><ele>242.000</ele></trkpt>
      <trkpt lat="22.3875893435" lon="114.0558397351"><ele>242.000</ele></trkpt>
      <trkpt lat="22.3875897259" lon="114.0558342560"><ele>242.000</ele></trkpt>
      <trkpt lat="22.3875905407" lon="114.0558225733"><ele>242.000</ele></trkpt>
      <trkpt lat="22.3876125536" lon="114.0557297688"><ele>242.000</ele></trkpt>
      <trkpt lat="22.3876165522" lon="114.0557043427"><ele>243.000</ele></trkpt>
      <trkpt lat="22.3876199285" lon="114.0556907429"><ele>243.000</ele></trkpt>
      <trkpt lat="22.3876300038" lon="114.0556629811"><ele>244.000</ele></trkpt>
      <trkpt lat="22.3876339074" lon="114.0556541322"><ele>244.000</ele></trkpt>
      <trkpt lat="22.3876405734" lon="114.0556441138"><ele>244.000</ele></trkpt>
      <trkpt lat="22.3876460974" lon="114.0556405937"><ele>244.000</ele></trkpt>
      <trkpt lat="22.3876687317" lon="114.0556312810"><ele>244.000</ele></trkpt>
      <trkpt lat="22.3876830379" lon="114.0556337468"><ele>242.000</ele></trkpt>
      <trkpt lat="22.3876913008" lon="114.0556337979"><ele>242.000</ele></trkpt>
      <trkpt lat="22.3877176690" lon="114.0556446413"><ele>241.000</ele></trkpt>
      <trkpt lat="22.3877313926" lon="114.0556518347"><ele>241.000</ele></trkpt>
      <trkpt lat="22.3877445803" lon="114.0556572516"><ele>241.000</ele></trkpt>
      <trkpt lat="22.3877544637" lon="114.0556626538"><ele>240.000</ele></trkpt>
      <trkpt lat="22.3877654647" lon="114.0556651011"><ele>240.000</ele></trkpt>
      <trkpt lat="22.3877852709" lon="114.0556681913"><ele>240.000</ele></trkpt>
      <trkpt lat="22.3877995762" lon="114.0556694705"><ele>238.000</ele></trkpt>
      <trkpt lat="22.3878248915" lon="114.0556731969"><ele>238.000</ele></trkpt>
      <trkpt lat="22.3878364592" lon="114.0556726916"><ele>238.000</ele></trkpt>
      <trkpt lat="22.3878469410" lon="114.0556692080"><ele>236.000</ele></trkpt>
      <trkpt lat="22.3878601925" lon="114.0556621952"><ele>236.000</ele></trkpt>
      <trkpt lat="22.3878707078" lon="114.0556539805"><ele>236.000</ele></trkpt>
      <trkpt lat="22.3878828816" lon="114.0556428124"><ele>236.000</ele></trkpt>
      <trkpt lat="22.3878984004" lon="114.0556257469"><ele>236.000</ele></trkpt>
      <trkpt lat="22.3879150476" lon="114.0556045438"><ele>236.000</ele></trkpt>
      <trkpt lat="22.3879294728" lon="114.0555851099"><ele>234.000</ele></trkpt>
      <trkpt lat="22.3879517304" lon="114.0555444008"><ele>236.000</ele></trkpt>
      <trkpt lat="22.3879584196" lon="114.0555302368"><ele>238.000</ele></trkpt>
      <trkpt lat="22.3879673529" lon="114.0555089917"><ele>238.000</ele></trkpt>
      <trkpt lat="22.3879718475" lon="114.0554936255"><ele>238.000</ele></trkpt>
      <trkpt lat="22.3879779858" lon="114.0554782773"><ele>238.000</ele></trkpt>
      <trkpt lat="22.3879852185" lon="114.0554652975"><ele>238.000</ele></trkpt>
      <trkpt lat="22.3879902405" lon="114.0554546696"><ele>238.000</ele></trkpt>
      <trkpt lat="22.3879968925" lon="114.0554476139"><ele>238.000</ele></trkpt>
      <trkpt lat="22.3880118369" lon="114.0554341030"><ele>239.000</ele></trkpt>
      <trkpt lat="22.3880256470" lon="114.0554253126"><ele>238.000</ele></trkpt>
      <trkpt lat="22.3880400251" lon="114.0554153466"><ele>238.000</ele></trkpt>
      <trkpt lat="22.3880604858" lon="114.0554000927"><ele>238.000</ele></trkpt>
      <trkpt lat="22.3880737459" lon="114.0553924884"><ele>238.000</ele></trkpt>
      <trkpt lat="22.3880814974" lon="114.0553848384"><ele>240.000</ele></trkpt>
      <trkpt lat="22.3880958917" lon="114.0553725030"><ele>240.000</ele></trkpt>
      <trkpt lat="22.3881047368" lon="114.0553660571"><ele>240.000</ele></trkpt>
      <trkpt lat="22.3881158179" lon="114.0553548802"><ele>240.000</ele></trkpt>
      <trkpt lat="22.3881241360" lon="114.0553442786"><ele>240.000</ele></trkpt>
      <trkpt lat="22.3881324800" lon="114.0553295402"><ele>242.000</ele></trkpt>
      <trkpt lat="22.3881430256" lon="114.0553148096"><ele>242.000</ele></trkpt>
      <trkpt lat="22.3881530361" lon="114.0552971176"><ele>242.000</ele></trkpt>
      <trkpt lat="22.3881675341" lon="114.0552664289"><ele>242.000</ele></trkpt>
      <trkpt lat="22.3881753095" lon="114.0552546333"><ele>242.000</ele></trkpt>
      <trkpt lat="22.3881858465" lon="114.0552404951"><ele>244.000</ele></trkpt>
      <trkpt lat="22.3881991550" lon="114.0552251988"><ele>244.000</ele></trkpt>
      <trkpt lat="22.3882163743" lon="114.0551986736"><ele>244.000</ele></trkpt>
      <trkpt lat="22.3882230349" lon="114.0551910255"><ele>244.000</ele></trkpt>
      <trkpt lat="22.3882480373" lon="114.0551509276"><ele>244.000</ele></trkpt>
      <trkpt lat="22.3882547431" lon="114.0551338095"><ele>246.000</ele></trkpt>
      <trkpt lat="22.3882603078" lon="114.0551243658"><ele>246.000</ele></trkpt>
      <trkpt lat="22.3882658512" lon="114.0551130422"><ele>246.000</ele></trkpt>
      <trkpt lat="22.3882680909" lon="114.0551108029"><ele>246.000</ele></trkpt>
      <trkpt lat="22.3882780703" lon="114.0550996278"><ele>246.000</ele></trkpt>
      <trkpt lat="22.3882819494" lon="114.0550943214"><ele>246.000</ele></trkpt>
      <trkpt lat="22.3882858217" lon="114.0550919778"><ele>246.000</ele></trkpt>
      <trkpt lat="22.3882924551" lon="114.0550866991"><ele>246.000</ele></trkpt>
      <trkpt lat="22.3883305435" lon="114.0550715677"><ele>246.000</ele></trkpt>
      <trkpt lat="22.3883399335" lon="114.0550668887"><ele>246.000</ele></trkpt>
      <trkpt lat="22.3883498644" lon="114.0550634133"><ele>246.000</ele></trkpt>
      <trkpt lat="22.3883642258" lon="114.0550552146"><ele>246.000</ele></trkpt>
      <trkpt lat="22.3883763922" lon="114.0550464158"><ele>248.000</ele></trkpt>
      <trkpt lat="22.3883913375" lon="114.0550340896"><ele>248.000</ele></trkpt>
      <trkpt lat="22.3883985227" lon="114.0550288114"><ele>248.000</ele></trkpt>
      <trkpt lat="22.3884051634" lon="114.0550223373"><ele>248.000</ele></trkpt>
      <trkpt lat="22.3884123802" lon="114.0550123290"><ele>248.000</ele></trkpt>
      <trkpt lat="22.3884179449" lon="114.0550028950"><ele>248.000</ele></trkpt>
      <trkpt lat="22.3884235015" lon="114.0549946360"><ele>248.000</ele></trkpt>
      <trkpt lat="22.3884273888" lon="114.0549881556"><ele>248.000</ele></trkpt>
      <trkpt lat="22.3884324022" lon="114.0549781200"><ele>248.000</ele></trkpt>
      <trkpt lat="22.3884485120" lon="114.0549533630"><ele>248.000</ele></trkpt>
      <trkpt lat="22.3884590422" lon="114.0549421865"><ele>248.000</ele></trkpt>
      <trkpt lat="22.3884662608" lon="114.0549321684"><ele>248.000</ele></trkpt>
      <trkpt lat="22.3884706913" lon="114.0549274646"><ele>248.000</ele></trkpt>
      <trkpt lat="22.3884756897" lon="114.0549204005"><ele>248.000</ele></trkpt>
      <trkpt lat="22.3884801188" lon="114.0549150956"><ele>248.000</ele></trkpt>
      <trkpt lat="22.3884845818" lon="114.0549056519"><ele>248.000</ele></trkpt>
      <trkpt lat="22.3884879584" lon="114.0548926540"><ele>248.000</ele></trkpt>
      <trkpt lat="22.3884907923" lon="114.0548784642"><ele>248.000</ele></trkpt>
      <trkpt lat="22.3885059917" lon="114.0548199534"><ele>248.000</ele></trkpt>
      <trkpt lat="22.3885143424" lon="114.0548046129"><ele>246.000</ele></trkpt>
      <trkpt lat="22.3885271569" lon="114.0547786546"><ele>247.000</ele></trkpt>
      <trkpt lat="22.3885605578" lon="114.0547149307"><ele>246.000</ele></trkpt>
      <trkpt lat="22.3885683418" lon="114.0547013677"><ele>244.000</ele></trkpt>
      <trkpt lat="22.3885744492" lon="114.0546931180"><ele>244.000</ele></trkpt>
      <trkpt lat="22.3885900158" lon="114.0546677690"><ele>244.000</ele></trkpt>
      <trkpt lat="22.3886061175" lon="114.0546441967"><ele>244.000</ele></trkpt>
      <trkpt lat="22.3886172075" lon="114.0546306599"><ele>244.000</ele></trkpt>
      <trkpt lat="22.3886216705" lon="114.0546212172"><ele>244.000</ele></trkpt>
      <trkpt lat="22.3886416205" lon="114.0545994380"><ele>242.000</ele></trkpt>
      <trkpt lat="22.3886493796" lon="114.0545900215"><ele>242.000</ele></trkpt>
      <trkpt lat="22.3886621051" lon="114.0545800471"><ele>242.000</ele></trkpt>
      <trkpt lat="22.3886704074" lon="114.0545724082"><ele>242.000</ele></trkpt>
      <trkpt lat="22.3886770408" lon="114.0545671188"><ele>242.000</ele></trkpt>
      <trkpt lat="22.3886881218" lon="114.0545559417"><ele>242.000</ele></trkpt>
      <trkpt lat="22.3887014212" lon="114.0545406454"><ele>242.000</ele></trkpt>
      <trkpt lat="22.3887108333" lon="114.0545318295"><ele>242.000</ele></trkpt>
      <trkpt lat="22.3887440687" lon="114.0544977166"><ele>242.000</ele></trkpt>
      <trkpt lat="22.3887667576" lon="114.0544795173"><ele>242.000</ele></trkpt>
      <trkpt lat="22.3887750436" lon="114.0544742478"><ele>242.000</ele></trkpt>
      <trkpt lat="22.3887855331" lon="114.0544689841"><ele>242.000</ele></trkpt>
      <trkpt lat="22.3888070561" lon="114.0544614394"><ele>240.000</ele></trkpt>
      <trkpt lat="22.3888197499" lon="114.0544573809"><ele>240.000</ele></trkpt>
      <trkpt lat="22.3888312256" lon="114.0544546615"><ele>240.000</ele></trkpt>
      <trkpt lat="22.3888477396" lon="114.0544510250"><ele>240.000</ele></trkpt>
      <trkpt lat="22.3888647960" lon="114.0544479803"><ele>240.000</ele></trkpt>
      <trkpt lat="22.3888826008" lon="114.0544435949"><ele>240.000</ele></trkpt>
      <trkpt lat="22.3888908877" lon="114.0544395091"><ele>240.000</ele></trkpt>
      <trkpt lat="22.3888980733" lon="114.0544348222"><ele>240.000</ele></trkpt>
      <trkpt lat="22.3889063743" lon="114.0544265899"><ele>240.000</ele></trkpt>
      <trkpt lat="22.3889164175" lon="114.0544139766"><ele>240.000</ele></trkpt>
      <trkpt lat="22.3889219200" lon="114.0544059798"><ele>240.000</ele></trkpt>
      <trkpt lat="22.3889429794" lon="114.0543824322"><ele>240.000</ele></trkpt>
      <trkpt lat="22.3889514776" lon="114.0543711797"><ele>240.000</ele></trkpt>
      <trkpt lat="22.3889629266" lon="114.0543450768"><ele>240.000</ele></trkpt>
      <trkpt lat="22.3889757818" lon="114.0543275968"><ele>238.000</ele></trkpt>
      <trkpt lat="22.3889815471" lon="114.0543207059"><ele>238.000</ele></trkpt>
      <trkpt lat="22.3889990446" lon="114.0543040754"><ele>238.000</ele></trkpt>
      <trkpt lat="22.3890244567" lon="114.0542900405"><ele>238.000</ele></trkpt>
      <trkpt lat="22.3890371414" lon="114.0542859800"><ele>238.000</ele></trkpt>
      <trkpt lat="22.3890465301" lon="114.0542819029"><ele>238.000</ele></trkpt>
      <trkpt lat="22.3890564773" lon="114.0542760483"><ele>238.000</ele></trkpt>
      <trkpt lat="22.3890813520" lon="114.0542584500"><ele>236.000</ele></trkpt>
      <trkpt lat="22.3890935022" lon="114.0542520206"><ele>236.000</ele></trkpt>
      <trkpt lat="22.3891017728" lon="114.0542503052"><ele>236.000</ele></trkpt>
      <trkpt lat="22.3891215953" lon="114.0542510365"><ele>236.000</ele></trkpt>
      <trkpt lat="22.3891276629" lon="114.0542498853"><ele>236.000</ele></trkpt>
      <trkpt lat="22.3891359575" lon="114.0542440234"><ele>236.000</ele></trkpt>
      <trkpt lat="22.3891447953" lon="114.0542387612"><ele>236.000</ele></trkpt>
      <trkpt lat="22.3891514359" lon="114.0542322880"><ele>236.000</ele></trkpt>
      <trkpt lat="22.3891613912" lon="114.0542252486"><ele>236.000</ele></trkpt>
      <trkpt lat="22.3891796167" lon="114.0542159006"><ele>236.000</ele></trkpt>
      <trkpt lat="22.3891917755" lon="114.0542088787"><ele>236.000</ele></trkpt>
      <trkpt lat="22.3892017145" lon="114.0542042088"><ele>236.000</ele></trkpt>
      <trkpt lat="22.3892558659" lon="114.0541720187"><ele>234.000</ele></trkpt>
      <trkpt lat="22.3892713764" lon="114.0541549529"><ele>234.000</ele></trkpt>
      <trkpt lat="22.3892869352" lon="114.0541301961"><ele>234.000</ele></trkpt>
      <trkpt lat="22.3892958209" lon="114.0541178265"><ele>234.000</ele></trkpt>
      <trkpt lat="22.3893047224" lon="114.0541024854"><ele>234.000</ele></trkpt>
      <trkpt lat="22.3893102857" lon="114.0540912742"><ele>234.000</ele></trkpt>
      <trkpt lat="22.3893269571" lon="114.0540653415"><ele>234.000</ele></trkpt>
      <trkpt lat="22.3893336461" lon="114.0540511782"><ele>234.000</ele></trkpt>
      <trkpt lat="22.3893408872" lon="114.0540376049"><ele>234.000</ele></trkpt>
      <trkpt lat="22.3893580819" lon="114.0540146335"><ele>233.000</ele></trkpt>
      <trkpt lat="22.3893641975" lon="114.0540052086"><ele>233.000</ele></trkpt>
      <trkpt lat="22.3893718818" lon="114.0539889149"><ele>232.000</ele></trkpt>
      <trkpt lat="22.3893758758" lon="114.0539839706"><ele>232.000</ele></trkpt>
      <trkpt lat="22.3893803388" lon="114.0539745278"><ele>232.000</ele></trkpt>
      <trkpt lat="22.3893847773" lon="114.0539686401"><ele>232.000</ele></trkpt>
      <trkpt lat="22.3893981724" lon="114.0539367545"><ele>232.000</ele></trkpt>
      <trkpt lat="22.3894021003" lon="114.0539243514"><ele>232.000</ele></trkpt>
      <trkpt lat="22.3894071154" lon="114.0539143147"><ele>232.000</ele></trkpt>
      <trkpt lat="22.3894215494" lon="114.0538936957"><ele>232.000</ele></trkpt>
      <trkpt lat="22.3894298589" lon="114.0538848710"><ele>232.000</ele></trkpt>
      <trkpt lat="22.3894447729" lon="114.0538778661"><ele>230.000</ele></trkpt>
      <trkpt lat="22.3894668291" lon="114.0538720989"><ele>230.000</ele></trkpt>
      <trkpt lat="22.3894679217" lon="114.0538719299"><ele>230.000</ele></trkpt>
      <trkpt lat="22.3894778550" lon="114.0538703908"><ele>230.000</ele></trkpt>
      <trkpt lat="22.3894943786" lon="114.0538687351"><ele>230.000</ele></trkpt>
      <trkpt lat="22.3895031924" lon="114.0538687954"><ele>230.000</ele></trkpt>
      <trkpt lat="22.3895153105" lon="114.0538676874"><ele>232.000</ele></trkpt>
      <trkpt lat="22.3895274295" lon="114.0538677738"><ele>232.000</ele></trkpt>
      <trkpt lat="22.3895643514" lon="114.0538626918"><ele>232.000</ele></trkpt>
      <trkpt lat="22.3895764785" lon="114.0538615935"><ele>232.000</ele></trkpt>
      <trkpt lat="22.3895891551" lon="114.0538587196"><ele>232.000</ele></trkpt>
      <trkpt lat="22.3896018327" lon="114.0538570285"><ele>232.000</ele></trkpt>
      <trkpt lat="22.3896227822" lon="114.0538530286"><ele>232.000</ele></trkpt>
      <trkpt lat="22.3896465009" lon="114.0538472687"><ele>232.000</ele></trkpt>
      <trkpt lat="22.3896641525" lon="114.0538420676"><ele>232.000</ele></trkpt>
      <trkpt lat="22.3896740902" lon="114.0538368063"><ele>232.000</ele></trkpt>
      <trkpt lat="22.3896895695" lon="114.0538262554"><ele>231.000</ele></trkpt>
      <trkpt lat="22.3897017282" lon="114.0538192238"><ele>231.000</ele></trkpt>
      <trkpt lat="22.3897138703" lon="114.0538139790"><ele>231.000</ele></trkpt>
      <trkpt lat="22.3897276653" lon="114.0538093465"><ele>231.000</ele></trkpt>
      <trkpt lat="22.3897673411" lon="114.0538036900"><ele>232.000</ele></trkpt>
      <trkpt lat="22.3897783579" lon="114.0538031743"><ele>232.000</ele></trkpt>
      <trkpt lat="22.3897849764" lon="114.0538020333"><ele>232.000</ele></trkpt>
      <trkpt lat="22.3897949068" lon="114.0537979645"><ele>232.000</ele></trkpt>
      <trkpt lat="22.3898020997" lon="114.0537920928"><ele>232.000</ele></trkpt>
      <trkpt lat="22.3898109767" lon="114.0537803058"><ele>232.000</ele></trkpt>
      <trkpt lat="22.3898248856" lon="114.0537567156"><ele>232.000</ele></trkpt>
      <trkpt lat="22.3898304349" lon="114.0537496510"><ele>232.000</ele></trkpt>
      <trkpt lat="22.3898343293" lon="114.0537419857"><ele>232.000</ele></trkpt>
      <trkpt lat="22.3898416098" lon="114.0537207126"><ele>231.000</ele></trkpt>
      <trkpt lat="22.3898455133" lon="114.0537118626"><ele>231.000</ele></trkpt>
      <trkpt lat="22.3898510612" lon="114.0537042055"><ele>231.000</ele></trkpt>
      <trkpt lat="22.3898577036" lon="114.0536989180"><ele>231.000</ele></trkpt>
      <trkpt lat="22.3898698619" lon="114.0536913027"><ele>232.000</ele></trkpt>
      <trkpt lat="22.3898869540" lon="114.0536878695"><ele>232.000</ele></trkpt>
      <trkpt lat="22.3898963182" lon="114.0536873465"><ele>230.000</ele></trkpt>
      <trkpt lat="22.3899078941" lon="114.0536856467"><ele>230.000</ele></trkpt>
      <trkpt lat="22.3899150621" lon="114.0536827368"><ele>232.000</ele></trkpt>
      <trkpt lat="22.3899239079" lon="114.0536774657"><ele>232.000</ele></trkpt>
      <trkpt lat="22.3899343974" lon="114.0536722029"><ele>232.000</ele></trkpt>
      <trkpt lat="22.3899460052" lon="114.0536651815"><ele>232.000</ele></trkpt>
      <trkpt lat="22.3899564884" lon="114.0536611131"><ele>232.000</ele></trkpt>
      <trkpt lat="22.3899675210" lon="114.0536576269"><ele>232.000</ele></trkpt>
      <trkpt lat="22.3899802067" lon="114.0536547627"><ele>232.000</ele></trkpt>
      <trkpt lat="22.3899890444" lon="114.0536506764"><ele>232.000</ele></trkpt>
      <trkpt lat="22.3899984317" lon="114.0536448232"><ele>232.000</ele></trkpt>
      <trkpt lat="22.3900094973" lon="114.0536360144"><ele>232.000</ele></trkpt>
      <trkpt lat="22.3900205859" lon="114.0536230601"><ele>232.000</ele></trkpt>
      <trkpt lat="22.3900266919" lon="114.0536142276"><ele>232.000</ele></trkpt>
      <trkpt lat="22.3900366706" lon="114.0536024492"><ele>232.000</ele></trkpt>
      <trkpt lat="22.3900427618" lon="114.0535965688"><ele>232.000</ele></trkpt>
      <trkpt lat="22.3900499474" lon="114.0535930666"><ele>231.000</ele></trkpt>
      <trkpt lat="22.3900593188" lon="114.0535901742"><ele>231.000</ele></trkpt>
      <trkpt lat="22.3900720045" lon="114.0535872983"><ele>232.000</ele></trkpt>
      <trkpt lat="22.3900824939" lon="114.0535820355"><ele>232.000</ele></trkpt>
      <trkpt lat="22.3900935509" lon="114.0535750145"><ele>232.000</ele></trkpt>
      <trkpt lat="22.3901217651" lon="114.0535527032"><ele>230.000</ele></trkpt>
      <trkpt lat="22.3901344819" lon="114.0535433211"><ele>230.000</ele></trkpt>
      <trkpt lat="22.3901632207" lon="114.0535245635"><ele>230.000</ele></trkpt>
      <trkpt lat="22.3901753871" lon="114.0535157644"><ele>230.000</ele></trkpt>
      <trkpt lat="22.3901903236" lon="114.0535040303"><ele>230.000</ele></trkpt>
      <trkpt lat="22.3901997362" lon="114.0534958066"><ele>230.000</ele></trkpt>
      <trkpt lat="22.3902130034" lon="114.0534858315"><ele>230.000</ele></trkpt>
      <trkpt lat="22.3902246194" lon="114.0534776166"><ele>230.000</ele></trkpt>
      <trkpt lat="22.3902400824" lon="114.0534694361"><ele>230.000</ele></trkpt>
      <trkpt lat="22.3902472671" lon="114.0534647491"><ele>230.000</ele></trkpt>
      <trkpt lat="22.3902705154" lon="114.0534435968"><ele>230.000</ele></trkpt>
      <trkpt lat="22.3902860271" lon="114.0534283080"><ele>230.000</ele></trkpt>
      <trkpt lat="22.3903020970" lon="114.0534106491"><ele>230.000</ele></trkpt>
      <trkpt lat="22.3903198348" lon="114.0533894541"><ele>230.000</ele></trkpt>
      <trkpt lat="22.3903314665" lon="114.0533782860"><ele>230.000</ele></trkpt>
      <trkpt lat="22.3903414056" lon="114.0533736180"><ele>230.000</ele></trkpt>
      <trkpt lat="22.3903436329" lon="114.0533694870"><ele>230.000</ele></trkpt>
      <trkpt lat="22.3903524779" lon="114.0533630428"><ele>230.000</ele></trkpt>
      <trkpt lat="22.3903596545" lon="114.0533595405"><ele>230.000</ele></trkpt>
      <trkpt lat="22.3903768265" lon="114.0533424828"><ele>230.000</ele></trkpt>
      <trkpt lat="22.3903912537" lon="114.0533236319"><ele>230.000</ele></trkpt>
      <trkpt lat="22.3903957075" lon="114.0533141861"><ele>230.000</ele></trkpt>
      <trkpt lat="22.3903996430" lon="114.0533000048"><ele>230.000</ele></trkpt>
      <trkpt lat="22.3904046721" lon="114.0532870169"><ele>230.000</ele></trkpt>
      <trkpt lat="22.3904058226" lon="114.0532787325"><ele>230.000</ele></trkpt>
      <trkpt lat="22.3904058614" lon="114.0532716338"><ele>230.000</ele></trkpt>
      <trkpt lat="22.3904108824" lon="114.0532598210"><ele>228.000</ele></trkpt>
      <trkpt lat="22.3904241903" lon="114.0532439319"><ele>228.000</ele></trkpt>
      <trkpt lat="22.3904286455" lon="114.0532362574"><ele>228.000</ele></trkpt>
      <trkpt lat="22.3904336587" lon="114.0532262304"><ele>228.000</ele></trkpt>
      <trkpt lat="22.3904381288" lon="114.0532144180"><ele>228.000</ele></trkpt>
      <trkpt lat="22.3904426784" lon="114.0531883985"><ele>230.000</ele></trkpt>
      <trkpt lat="22.3904438519" lon="114.0531759773"><ele>230.000</ele></trkpt>
      <trkpt lat="22.3904483238" lon="114.0531641649"><ele>230.000</ele></trkpt>
      <trkpt lat="22.3904578157" lon="114.0531417225"><ele>229.000</ele></trkpt>
      <trkpt lat="22.3904617115" lon="114.0531346495"><ele>229.000</ele></trkpt>
      <trkpt lat="22.3904655910" lon="114.0531299363"><ele>229.000</ele></trkpt>
      <trkpt lat="22.3904737221" lon="114.0531228887"><ele>229.000</ele></trkpt>
      <trkpt lat="22.3904934497" lon="114.0531045663"><ele>229.000</ele></trkpt>
      <trkpt lat="22.3905269517" lon="114.0530688588"><ele>229.000</ele></trkpt>
      <trkpt lat="22.3905474045" lon="114.0530435633"><ele>228.000</ele></trkpt>
      <trkpt lat="22.3905615720" lon="114.0530276647"><ele>228.000</ele></trkpt>
      <trkpt lat="22.3905750972" lon="114.0530113958"><ele>228.000</ele></trkpt>
      <trkpt lat="22.3906097217" lon="114.0529792318"><ele>228.000</ele></trkpt>
      <trkpt lat="22.3906267210" lon="114.0529607952"><ele>228.000</ele></trkpt>
      <trkpt lat="22.3906364722" lon="114.0529467058"><ele>228.000</ele></trkpt>
      <trkpt lat="22.3906594406" lon="114.0529163486"><ele>228.000</ele></trkpt>
      <trkpt lat="22.3906874390" lon="114.0528719062"><ele>228.000</ele></trkpt>
      <trkpt lat="22.3907031680" lon="114.0528455272"><ele>228.000</ele></trkpt>
      <trkpt lat="22.3907160600" lon="114.0528173444"><ele>228.000</ele></trkpt>
      <trkpt lat="22.3907176298" lon="114.0528036216"><ele>228.000</ele></trkpt>
      <trkpt lat="22.3907207608" lon="114.0527884504"><ele>228.000</ele></trkpt>
      <trkpt lat="22.3907280017" lon="114.0527747225"><ele>228.000</ele></trkpt>
      <trkpt lat="22.3907415293" lon="114.0527627952"><ele>228.000</ele></trkpt>
      <trkpt lat="22.3907482529" lon="114.0527551079"><ele>228.000</ele></trkpt>
      <trkpt lat="22.3907683503" lon="114.0526774408"><ele>228.000</ele></trkpt>
      <trkpt lat="22.3907815558" lon="114.0526471009"><ele>228.000</ele></trkpt>
      <trkpt lat="22.3908038829" lon="114.0526048290"><ele>228.000</ele></trkpt>
      <trkpt lat="22.3908224450" lon="114.0525730287"><ele>228.000</ele></trkpt>
      <trkpt lat="22.3908303085" lon="114.0525585700"><ele>228.000</ele></trkpt>
      <trkpt lat="22.3908715036" lon="114.0524736698"><ele>229.000</ele></trkpt>
      <trkpt lat="22.3908791907" lon="114.0524529884"><ele>229.000</ele></trkpt>
      <trkpt lat="22.3908958619" lon="114.0524154118"><ele>228.000</ele></trkpt>
      <trkpt lat="22.3909062404" lon="114.0523951845"><ele>230.000</ele></trkpt>
      <trkpt lat="22.3909307683" lon="114.0523507430"><ele>230.000</ele></trkpt>
      <trkpt lat="22.3909364261" lon="114.0523333943"><ele>230.000</ele></trkpt>
      <trkpt lat="22.3909401890" lon="114.0523063072"><ele>228.000</ele></trkpt>
      <trkpt lat="22.3909382784" lon="114.0522878970"><ele>228.000</ele></trkpt>
      <trkpt lat="22.3909344920" lon="114.0522727320"><ele>228.000</ele></trkpt>
      <trkpt lat="22.3909032767" lon="114.0522276118"><ele>226.000</ele></trkpt>
      <trkpt lat="22.3908777442" lon="114.0521998303"><ele>226.000</ele></trkpt>
      <trkpt lat="22.3908645039" lon="114.0521861206"><ele>226.000</ele></trkpt>
      <trkpt lat="22.3908528344" lon="114.0521716812"><ele>224.000</ele></trkpt>
      <trkpt lat="22.3908427444" lon="114.0521561624"><ele>224.000</ele></trkpt>
      <trkpt lat="22.3908266578" lon="114.0521272849"><ele>224.000</ele></trkpt>
      <trkpt lat="22.3908041547" lon="114.0520827300"><ele>222.000</ele></trkpt>
      <trkpt lat="22.3907940656" lon="114.0520672113"><ele>222.000</ele></trkpt>
      <trkpt lat="22.3907634851" lon="114.0520408735"><ele>220.000</ele></trkpt>
      <trkpt lat="22.3907398528" lon="114.0520181497"><ele>220.000</ele></trkpt>
      <trkpt lat="22.3907300754" lon="114.0520098459"><ele>220.000</ele></trkpt>
      <trkpt lat="22.3907117984" lon="114.0519990346"><ele>218.000</ele></trkpt>
      <trkpt lat="22.3906941512" lon="114.0519853172"><ele>218.000</ele></trkpt>
      <trkpt lat="22.3906790242" lon="114.0519723375"><ele>216.000</ele></trkpt>
      <trkpt lat="22.3906664143" lon="114.0519564520"><ele>216.000</ele></trkpt>
      <trkpt lat="22.3906512769" lon="114.0519301083"><ele>214.000</ele></trkpt>
      <trkpt lat="22.3906301476" lon="114.0518976258"><ele>212.000</ele></trkpt>
      <trkpt lat="22.3906223882" lon="114.0518830557"><ele>212.000</ele></trkpt>
      <trkpt lat="22.3906211112" lon="114.0518642740"><ele>212.000</ele></trkpt>
      <trkpt lat="22.3906233150" lon="114.0518530754"><ele>212.000</ele></trkpt>
      <trkpt lat="22.3906299147" lon="114.0518393480"><ele>210.000</ele></trkpt>
      <trkpt lat="22.3906355778" lon="114.0518288746"><ele>212.000</ele></trkpt>
      <trkpt lat="22.3906450707" lon="114.0518079877"><ele>212.000</ele></trkpt>
      <trkpt lat="22.3906794362" lon="114.0517435641"><ele>208.000</ele></trkpt>
      <trkpt lat="22.3906978555" lon="114.0517141916"><ele>210.000</ele></trkpt>
      <trkpt lat="22.3907140833" lon="114.0516908224"><ele>208.000</ele></trkpt>
      <trkpt lat="22.3907231616" lon="114.0516813461"><ele>208.000</ele></trkpt>
      <trkpt lat="22.3907919615" lon="114.0516547738"><ele>212.000</ele></trkpt>
      <trkpt lat="22.3908018751" lon="114.0516522401"><ele>212.000</ele></trkpt>
      <trkpt lat="22.3908131532" lon="114.0516509676"><ele>212.000</ele></trkpt>
      <trkpt lat="22.3908492219" lon="114.0516521997"><ele>214.000</ele></trkpt>
      <trkpt lat="22.3908754119" lon="114.0516540893"><ele>217.000</ele></trkpt>
      <trkpt lat="22.3908944161" lon="114.0516581800"><ele>217.000</ele></trkpt>
      <trkpt lat="22.3909090041" lon="114.0516641586"><ele>218.000</ele></trkpt>
      <trkpt lat="22.3909324114" lon="114.0516761325"><ele>218.000</ele></trkpt>
      <trkpt lat="22.3909393055" lon="114.0516811770"><ele>218.000</ele></trkpt>
      <trkpt lat="22.3909544426" lon="114.0516836873"><ele>220.000</ele></trkpt>
      <trkpt lat="22.3909682044" lon="114.0516805190"><ele>220.000</ele></trkpt>
      <trkpt lat="22.3909838914" lon="114.0516700948"><ele>220.000</ele></trkpt>
      <trkpt lat="22.3909929665" lon="114.0516577733"><ele>220.000</ele></trkpt>
      <trkpt lat="22.3910089031" lon="114.0516198864"><ele>220.000</ele></trkpt>
      <trkpt lat="22.3910333654" lon="114.0515715625"><ele>220.000</ele></trkpt>
      <trkpt lat="22.3910443672" lon="114.0515504119"><ele>220.000</ele></trkpt>
      <trkpt lat="22.3910796322" lon="114.0514922100"><ele>218.000</ele></trkpt>
      <trkpt lat="22.3911087625" lon="114.0514312673"><ele>218.000</ele></trkpt>
      <trkpt lat="22.3911181095" lon="114.0514085354"><ele>218.000</ele></trkpt>
      <trkpt lat="22.3911290962" lon="114.0513772758"><ele>217.000</ele></trkpt>
      <trkpt lat="22.3911315542" lon="114.0513573866"><ele>218.000</ele></trkpt>
      <trkpt lat="22.3911340329" lon="114.0513513927"><ele>218.000</ele></trkpt>
      <trkpt lat="22.3911400748" lon="114.0513403362"><ele>218.000</ele></trkpt>
      <trkpt lat="22.3911623549" lon="114.0513078109"><ele>218.000</ele></trkpt>
      <trkpt lat="22.3911901322" lon="114.0512711660"><ele>218.000</ele></trkpt>
      <trkpt lat="22.3912217659" lon="114.0512348392"><ele>218.000</ele></trkpt>
      <trkpt lat="22.3912366198" lon="114.0512215694"><ele>218.000</ele></trkpt>
      <trkpt lat="22.3912589050" lon="114.0512073423"><ele>218.000</ele></trkpt>
      <trkpt lat="22.3912757426" lon="114.0511902457"><ele>218.000</ele></trkpt>
      <trkpt lat="22.3912916933" lon="114.0511706638"><ele>218.000</ele></trkpt>
      <trkpt lat="22.3912985594" lon="114.0511510901"><ele>216.000</ele></trkpt>
      <trkpt lat="22.3913015716" lon="114.0511343555"><ele>216.000</ele></trkpt>
      <trkpt lat="22.3913051378" lon="114.0511100458"><ele>216.000</ele></trkpt>
      <trkpt lat="22.3913065000" lon="114.0510942643"><ele>216.000</ele></trkpt>
      <trkpt lat="22.3913070234" lon="114.0510589160"><ele>216.000</ele></trkpt>
      <trkpt lat="22.3913078394" lon="114.0510399770"><ele>216.000</ele></trkpt>
      <trkpt lat="22.3913097570" lon="114.0510324008"><ele>216.000</ele></trkpt>
      <trkpt lat="22.3913144284" lon="114.0510229187"><ele>216.000</ele></trkpt>
      <trkpt lat="22.3913207323" lon="114.0509900901"><ele>216.000</ele></trkpt>
      <trkpt lat="22.3913234721" lon="114.0509714620"><ele>216.000</ele></trkpt>
      <trkpt lat="22.3913267483" lon="114.0509342157"><ele>214.000</ele></trkpt>
      <trkpt lat="22.3913303118" lon="114.0509181118"><ele>214.000</ele></trkpt>
      <trkpt lat="22.3913360680" lon="114.0508742326"><ele>214.000</ele></trkpt>
      <trkpt lat="22.3913411610" lon="114.0508507955"><ele>213.000</ele></trkpt>
      <trkpt lat="22.3913470184" lon="114.0508232694"><ele>213.000</ele></trkpt>
      <trkpt lat="22.3913497594" lon="114.0508062126"><ele>212.000</ele></trkpt>
      <trkpt lat="22.3913508715" lon="114.0507963065"><ele>212.000</ele></trkpt>
      <trkpt lat="22.3913525263" lon="114.0507864396"><ele>212.000</ele></trkpt>
      <trkpt lat="22.3913536106" lon="114.0507652873"><ele>212.000</ele></trkpt>
      <trkpt lat="22.3913574497" lon="114.0507435022"><ele>212.000</ele></trkpt>
      <trkpt lat="22.3913709074" lon="114.0507094046"><ele>212.000</ele></trkpt>
      <trkpt lat="22.3913769509" lon="114.0506888800"><ele>212.000</ele></trkpt>
      <trkpt lat="22.3913816131" lon="114.0506677234"><ele>210.000</ele></trkpt>
      <trkpt lat="22.3913827011" lon="114.0506513109"><ele>210.000</ele></trkpt>
      <trkpt lat="22.3913826826" lon="114.0506276357"><ele>210.000</ele></trkpt>
      <trkpt lat="22.3913812765" lon="114.0505847146"><ele>210.000</ele></trkpt>
      <trkpt lat="22.3913823681" lon="114.0505717670"><ele>208.000</ele></trkpt>
      <trkpt lat="22.3913845606" lon="114.0505566159"><ele>208.000</ele></trkpt>
      <trkpt lat="22.3913921558" lon="114.0505260895"><ele>206.000</ele></trkpt>
      <trkpt lat="22.3914096589" lon="114.0504985335"><ele>207.000</ele></trkpt>
      <trkpt lat="22.3914288435" lon="114.0504571845"><ele>206.000</ele></trkpt>
      <trkpt lat="22.3914338812" lon="114.0504463270"><ele>206.000</ele></trkpt>
      <trkpt lat="22.3914500442" lon="114.0504303689"><ele>205.000</ele></trkpt>
      <trkpt lat="22.3914715950" lon="114.0504100555"><ele>205.000</ele></trkpt>
      <trkpt lat="22.3914904578" lon="114.0503984417"><ele>205.000</ele></trkpt>
      <trkpt lat="22.3915093223" lon="114.0503911783"><ele>204.000</ele></trkpt>
      <trkpt lat="22.3915349343" lon="114.0503897053"><ele>204.000</ele></trkpt>
      <trkpt lat="22.3915578447" lon="114.0503838862"><ele>202.000</ele></trkpt>
      <trkpt lat="22.3915989948" lon="114.0503966111"><ele>203.000</ele></trkpt>
      <trkpt lat="22.3916111028" lon="114.0503940753"><ele>203.000</ele></trkpt>
      <trkpt lat="22.3916237641" lon="114.0503959575"><ele>203.000</ele></trkpt>
      <trkpt lat="22.3916457971" lon="114.0504057185"><ele>201.000</ele></trkpt>
      <trkpt lat="22.3916774765" lon="114.0504293651"><ele>200.000</ele></trkpt>
      <trkpt lat="22.3917085413" lon="114.0504569317"><ele>202.000</ele></trkpt>
      <trkpt lat="22.3917193800" lon="114.0504665523"><ele>200.000</ele></trkpt>
      <trkpt lat="22.3917529932" lon="114.0505034537"><ele>202.000</ele></trkpt>
      <trkpt lat="22.3917904609" lon="114.0505371946"><ele>204.000</ele></trkpt>
      <trkpt lat="22.3918072591" lon="114.0505516993"><ele>204.000</ele></trkpt>
      <trkpt lat="22.3918191037" lon="114.0505589427"><ele>204.000</ele></trkpt>
      <trkpt lat="22.3918284676" lon="114.0505579923"><ele>204.000</ele></trkpt>
      <trkpt lat="22.3918339605" lon="114.0505494620"><ele>204.000</ele></trkpt>
      <trkpt lat="22.3918474298" lon="114.0505197819"><ele>201.000</ele></trkpt>
      <trkpt lat="22.3918681914" lon="114.0504567875"><ele>199.000</ele></trkpt>
      <trkpt lat="22.3918740707" lon="114.0504389509"><ele>199.000</ele></trkpt>
      <trkpt lat="22.3918894460" lon="114.0503881194"><ele>197.000</ele></trkpt>
      <trkpt lat="22.3918932974" lon="114.0503821146"><ele>195.000</ele></trkpt>
      <trkpt lat="22.3919026456" lon="114.0503726379"><ele>196.000</ele></trkpt>
      <trkpt lat="22.3919175111" lon="114.0503628358"><ele>196.000</ele></trkpt>
      <trkpt lat="22.3919329523" lon="114.0503500713"><ele>196.000</ele></trkpt>
      <trkpt lat="22.3919409278" lon="114.0503393335"><ele>196.000</ele></trkpt>
      <trkpt lat="22.3919472461" lon="114.0503251206"><ele>196.000</ele></trkpt>
      <trkpt lat="22.3919488856" lon="114.0503083968"><ele>196.000</ele></trkpt>
      <trkpt lat="22.3919485803" lon="114.0502736687"><ele>192.000</ele></trkpt>
      <trkpt lat="22.3919471916" lon="114.0502531507"><ele>192.000</ele></trkpt>
      <trkpt lat="22.3919471736" lon="114.0502301162"><ele>189.000</ele></trkpt>
      <trkpt lat="22.3919504713" lon="114.0502193826"><ele>189.000</ele></trkpt>
      <trkpt lat="22.3919617394" lon="114.0501938034"><ele>189.000</ele></trkpt>
      <trkpt lat="22.3919741078" lon="114.0501675920"><ele>186.000</ele></trkpt>
      <trkpt lat="22.3919826305" lon="114.0501533752"><ele>186.000</ele></trkpt>
      <trkpt lat="22.3919991364" lon="114.0501394755"><ele>185.000</ele></trkpt>
      <trkpt lat="22.3920126108" lon="114.0501268390"><ele>185.000</ele></trkpt>
      <trkpt lat="22.3920371072" lon="114.0501110364"><ele>187.000</ele></trkpt>
      <trkpt lat="22.3920731491" lon="114.0500895425"><ele>184.000</ele></trkpt>
      <trkpt lat="22.3921031490" lon="114.0500787847"><ele>184.000</ele></trkpt>
      <trkpt lat="22.3921383744" lon="114.0500639143"><ele>186.000</ele></trkpt>
      <trkpt lat="22.3921522115" lon="114.0500555018"><ele>186.000</ele></trkpt>
      <trkpt lat="22.3921643073" lon="114.0500375061"><ele>183.000</ele></trkpt>
      <trkpt lat="22.3921711742" lon="114.0500157191"><ele>185.000</ele></trkpt>
      <trkpt lat="22.3921744633" lon="114.0499964582"><ele>185.000</ele></trkpt>
      <trkpt lat="22.3921769003" lon="114.0499487925"><ele>180.000</ele></trkpt>
      <trkpt lat="22.3921802008" lon="114.0499427978"><ele>177.000</ele></trkpt>
      <trkpt lat="22.3921980816" lon="114.0499203686"><ele>177.000</ele></trkpt>
      <trkpt lat="22.3922101803" lon="114.0499061504"><ele>177.000</ele></trkpt>
      <trkpt lat="22.3922420022" lon="114.0498557409"><ele>176.000</ele></trkpt>
      <trkpt lat="22.3922629082" lon="114.0498333099"><ele>174.000</ele></trkpt>
      <trkpt lat="22.3922799642" lon="114.0498184550"><ele>174.000</ele></trkpt>
      <trkpt lat="22.3923118814" lon="114.0497998101"><ele>173.000</ele></trkpt>
      <trkpt lat="22.3923429743" lon="114.0497780000"><ele>173.000</ele></trkpt>
      <trkpt lat="22.3923658081" lon="114.0497609384"><ele>176.000</ele></trkpt>
      <trkpt lat="22.3923905636" lon="114.0497394449"><ele>173.000</ele></trkpt>
      <trkpt lat="22.3924708832" lon="114.0496619654"><ele>174.000</ele></trkpt>
      <trkpt lat="22.3924829879" lon="114.0496426974"><ele>169.000</ele></trkpt>
      <trkpt lat="22.3924901322" lon="114.0496338539"><ele>171.000</ele></trkpt>
      <trkpt lat="22.3925176535" lon="114.0496155236"><ele>171.000</ele></trkpt>
      <trkpt lat="22.3925418587" lon="114.0495968759"><ele>168.000</ele></trkpt>
      <trkpt lat="22.3925572772" lon="114.0495886560"><ele>168.000</ele></trkpt>
      <trkpt lat="22.3925930408" lon="114.0495589563"><ele>168.000</ele></trkpt>
      <trkpt lat="22.3926117446" lon="114.0495381091"><ele>165.000</ele></trkpt>
      <trkpt lat="22.3926490592" lon="114.0495010276"><ele>162.000</ele></trkpt>
      <trkpt lat="22.3926606797" lon="114.0494884995"><ele>162.000</ele></trkpt>
      <trkpt lat="22.3926666982" lon="114.0494822790"><ele>162.000</ele></trkpt>
      <trkpt lat="22.3926815562" lon="114.0494630085"><ele>162.000</ele></trkpt>
      <trkpt lat="22.3926941749" lon="114.0494440313"><ele>162.000</ele></trkpt>
      <trkpt lat="22.3927051482" lon="114.0494226959"><ele>162.000</ele></trkpt>
      <trkpt lat="22.3927177674" lon="114.0494043209"><ele>160.000</ele></trkpt>
      <trkpt lat="22.3927293066" lon="114.0493894913"><ele>160.000</ele></trkpt>
      <trkpt lat="22.3927441401" lon="114.0493722999"><ele>160.000</ele></trkpt>
      <trkpt lat="22.3928089001" lon="114.0492721075"><ele>158.000</ele></trkpt>
      <trkpt lat="22.3928242821" lon="114.0492531278"><ele>158.000</ele></trkpt>
      <trkpt lat="22.3928517475" lon="114.0492211058"><ele>158.000</ele></trkpt>
      <trkpt lat="22.3928803137" lon="114.0491902560"><ele>158.000</ele></trkpt>
      <trkpt lat="22.3929094403" lon="114.0491600086"><ele>158.000</ele></trkpt>
      <trkpt lat="22.3929347150" lon="114.0491350864"><ele>158.000</ele></trkpt>
      <trkpt lat="22.3929416816" lon="114.0491288611"><ele>157.000</ele></trkpt>
      <trkpt lat="22.3929496928" lon="114.0491257239"><ele>157.000</ele></trkpt>
      <trkpt lat="22.3929724400" lon="114.0491867254"><ele>156.000</ele></trkpt>
      <trkpt lat="22.3929921913" lon="114.0492368106"><ele>154.000</ele></trkpt>
      <trkpt lat="22.3930041560" lon="114.0492599246"><ele>154.000</ele></trkpt>
      <trkpt lat="22.3930292734" lon="114.0492965153"><ele>151.000</ele></trkpt>
      <trkpt lat="22.3930520034" lon="114.0493369624"><ele>151.000</ele></trkpt>
      <trkpt lat="22.3930603844" lon="114.0493607216"><ele>151.000</ele></trkpt>
      <trkpt lat="22.3930651795" lon="114.0493812727"><ele>152.000</ele></trkpt>
      <trkpt lat="22.3930640005" lon="114.0494011863"><ele>152.000</ele></trkpt>
      <trkpt lat="22.3930628199" lon="114.0494191732"><ele>152.000</ele></trkpt>
      <trkpt lat="22.3930532777" lon="114.0494378096"><ele>152.000</ele></trkpt>
      <trkpt lat="22.3930401486" lon="114.0494532379"><ele>152.000</ele></trkpt>
      <trkpt lat="22.3930252276" lon="114.0494693106"><ele>152.000</ele></trkpt>
      <trkpt lat="22.3930126995" lon="114.0494898765"><ele>152.000</ele></trkpt>
      <trkpt lat="22.3930073412" lon="114.0495110796"><ele>152.000</ele></trkpt>
      <trkpt lat="22.3930097414" lon="114.0495258508"><ele>152.000</ele></trkpt>
      <trkpt lat="22.3930187131" lon="114.0495406161"><ele>152.000</ele></trkpt>
      <trkpt lat="22.3930354526" lon="114.0495585877"><ele>150.000</ele></trkpt>
      <trkpt lat="22.3930450201" lon="114.0495707828"><ele>150.000</ele></trkpt>
      <trkpt lat="22.3930677511" lon="114.0496125148"><ele>151.000</ele></trkpt>
      <trkpt lat="22.3930862954" lon="114.0496471849"><ele>148.000</ele></trkpt>
      <trkpt lat="22.3931030480" lon="114.0496818566"><ele>150.000</ele></trkpt>
      <trkpt lat="22.3931150162" lon="114.0497094659"><ele>150.000</ele></trkpt>
      <trkpt lat="22.3931198083" lon="114.0497261636"><ele>148.000</ele></trkpt>
      <trkpt lat="22.3931228148" lon="114.0497518544"><ele>149.000</ele></trkpt>
      <trkpt lat="22.3931228340" lon="114.0497762631"><ele>149.000</ele></trkpt>
      <trkpt lat="22.3931264313" lon="114.0497929609"><ele>149.000</ele></trkpt>
      <trkpt lat="22.3931306205" lon="114.0498032353"><ele>150.000</ele></trkpt>
      <trkpt lat="22.3931413772" lon="114.0498083637"><ele>150.000</ele></trkpt>
      <trkpt lat="22.3931491435" lon="114.0498096414"><ele>150.000</ele></trkpt>
      <trkpt lat="22.3931622816" lon="114.0498057761"><ele>150.000</ele></trkpt>
      <trkpt lat="22.3931885539" lon="114.0497929045"><ele>148.000</ele></trkpt>
      <trkpt lat="22.3932196030" lon="114.0497774600"><ele>148.000</ele></trkpt>
      <trkpt lat="22.3932458748" lon="114.0497639474"><ele>148.000</ele></trkpt>
      <trkpt lat="22.3932631925" lon="114.0497581507"><ele>148.000</ele></trkpt>
      <trkpt lat="22.3932787201" lon="114.0497542823"><ele>148.000</ele></trkpt>
      <trkpt lat="22.3932936538" lon="114.0497542687"><ele>148.000</ele></trkpt>
      <trkpt lat="22.3933115734" lon="114.0497536095"><ele>148.000</ele></trkpt>
      <trkpt lat="22.3933277015" lon="114.0497542378"><ele>148.000</ele></trkpt>
      <trkpt lat="22.3933420409" lon="114.0497587209"><ele>146.000</ele></trkpt>
      <trkpt lat="22.3933557845" lon="114.0497644895"><ele>146.000</ele></trkpt>
      <trkpt lat="22.3933713238" lon="114.0497766802"><ele>146.000</ele></trkpt>
      <trkpt lat="22.3933826849" lon="114.0497914434"><ele>146.000</ele></trkpt>
      <trkpt lat="22.3933952438" lon="114.0498100607"><ele>146.000</ele></trkpt>
      <trkpt lat="22.3934054082" lon="114.0498222554"><ele>146.000</ele></trkpt>
      <trkpt lat="22.3934155665" lon="114.0498267424"><ele>146.000</ele></trkpt>
      <trkpt lat="22.3934281129" lon="114.0498305853"><ele>146.000</ele></trkpt>
      <trkpt lat="22.3934400583" lon="114.0498292907"><ele>146.000</ele></trkpt>
      <trkpt lat="22.3934496162" lon="114.0498292820"><ele>146.000</ele></trkpt>
      <trkpt lat="22.3934603643" lon="114.0498247750"><ele>146.000</ele></trkpt>
      <trkpt lat="22.3934699162" lon="114.0498183435"><ele>146.000</ele></trkpt>
      <trkpt lat="22.3934752830" lon="114.0498067756"><ele>146.000</ele></trkpt>
      <trkpt lat="22.3934830362" lon="114.0497913522"><ele>146.000</ele></trkpt>
      <trkpt lat="22.3934901824" lon="114.0497630826"><ele>146.000</ele></trkpt>
      <trkpt lat="22.3934985235" lon="114.0497360966"><ele>146.000</ele></trkpt>
      <trkpt lat="22.3935104496" lon="114.0497091064"><ele>146.000</ele></trkpt>
      <trkpt lat="22.3935235737" lon="114.0496885400"><ele>146.000</ele></trkpt>
      <trkpt lat="22.3935438636" lon="114.0496634699"><ele>146.000</ele></trkpt>
      <trkpt lat="22.3935689309" lon="114.0496364687"><ele>144.000</ele></trkpt>
      <trkpt lat="22.3935945941" lon="114.0496094660"><ele>144.000</ele></trkpt>
      <trkpt lat="22.3936142911" lon="114.0495895355"><ele>142.000</ele></trkpt>
      <trkpt lat="22.3936256301" lon="114.0495773203"><ele>142.000</ele></trkpt>
      <trkpt lat="22.3936369751" lon="114.0495715289"><ele>142.000</ele></trkpt>
      <trkpt lat="22.3936489200" lon="114.0495695914"><ele>142.000</ele></trkpt>
      <trkpt lat="22.3936650461" lon="114.0495676490"><ele>142.000</ele></trkpt>
      <trkpt lat="22.3936925235" lon="114.0495669821"><ele>142.000</ele></trkpt>
      <trkpt lat="22.3937152217" lon="114.0495669615"><ele>142.000</ele></trkpt>
      <trkpt lat="22.3937337401" lon="114.0495675865"><ele>142.000</ele></trkpt>
      <trkpt lat="22.3937492724" lon="114.0495707848"><ele>140.000</ele></trkpt>
      <trkpt lat="22.3937648096" lon="114.0495791213"><ele>140.000</ele></trkpt>
      <trkpt lat="22.3937839315" lon="114.0495880964"><ele>140.000</ele></trkpt>
      <trkpt lat="22.3937976791" lon="114.0495990040"><ele>138.000</ele></trkpt>
      <trkpt lat="22.3938066467" lon="114.0496086312"><ele>140.000</ele></trkpt>
      <trkpt lat="22.3938245810" lon="114.0496278856"><ele>140.000</ele></trkpt>
      <trkpt lat="22.3938413180" lon="114.0496426439"><ele>139.000</ele></trkpt>
      <trkpt lat="22.3938658244" lon="114.0496625342"><ele>140.000</ele></trkpt>
      <trkpt lat="22.3938831558" lon="114.0496740815"><ele>140.000</ele></trkpt>
      <trkpt lat="22.3938986899" lon="114.0496785636"><ele>140.000</ele></trkpt>
      <trkpt lat="22.3939201952" lon="114.0496798288"><ele>140.000</ele></trkpt>
      <trkpt lat="22.3939434917" lon="114.0496804496"><ele>140.000</ele></trkpt>
      <trkpt lat="22.3939626055" lon="114.0496791474"><ele>140.000</ele></trkpt>
      <trkpt lat="22.3939835120" lon="114.0496791284"><ele>138.000</ele></trkpt>
      <trkpt lat="22.3940014347" lon="114.0496836093"><ele>138.000</ele></trkpt>
      <trkpt lat="22.3940217534" lon="114.0496951529"><ele>138.000</ele></trkpt>
      <trkpt lat="22.3940444635" lon="114.0497092639"><ele>140.000</ele></trkpt>
      <trkpt lat="22.3940617990" lon="114.0497259493"><ele>140.000</ele></trkpt>
      <trkpt lat="22.3940725628" lon="114.0497413559"><ele>136.000</ele></trkpt>
      <trkpt lat="22.3940797458" lon="114.0497599773"><ele>138.000</ele></trkpt>
      <trkpt lat="22.3940809582" lon="114.0497824584"><ele>138.000</ele></trkpt>
      <trkpt lat="22.3940815788" lon="114.0498126488"><ele>138.000</ele></trkpt>
      <trkpt lat="22.3940815930" lon="114.0498306347"><ele>138.000</ele></trkpt>
      <trkpt lat="22.3940827973" lon="114.0498428386"><ele>138.000</ele></trkpt>
      <trkpt lat="22.3940887785" lon="114.0498524685"><ele>138.000</ele></trkpt>
      <trkpt lat="22.3941001372" lon="114.0498653051"><ele>138.000</ele></trkpt>
      <trkpt lat="22.3941138843" lon="114.0498755699"><ele>136.000</ele></trkpt>
      <trkpt lat="22.3941491463" lon="114.0499005897"><ele>137.000</ele></trkpt>
      <trkpt lat="22.3941646896" lon="114.0499166349"><ele>134.000</ele></trkpt>
      <trkpt lat="22.3941808312" lon="114.0499346052"><ele>134.000</ele></trkpt>
      <trkpt lat="22.3941939865" lon="114.0499525793"><ele>136.000</ele></trkpt>
      <trkpt lat="22.3942083390" lon="114.0499737637"><ele>133.000</ele></trkpt>
      <trkpt lat="22.3942209009" lon="114.0499962346"><ele>135.000</ele></trkpt>
      <trkpt lat="22.3942292731" lon="114.0500077900"><ele>135.000</ele></trkpt>
      <trkpt lat="22.3942364487" lon="114.0500180608"><ele>135.000</ele></trkpt>
      <trkpt lat="22.3942478053" lon="114.0500270440"><ele>132.000</ele></trkpt>
      <trkpt lat="22.3942591618" lon="114.0500360262"><ele>132.000</ele></trkpt>
      <trkpt lat="22.3942687233" lon="114.0500417986"><ele>132.000</ele></trkpt>
      <trkpt lat="22.3942920293" lon="114.0500546243"><ele>134.000</ele></trkpt>
      <trkpt lat="22.3943153349" lon="114.0500668082"><ele>134.000</ele></trkpt>
      <trkpt lat="22.3943350532" lon="114.0500751409"><ele>134.000</ele></trkpt>
      <trkpt lat="22.3943523795" lon="114.0500802644"><ele>134.000</ele></trkpt>
      <trkpt lat="22.3943708980" lon="114.0500821743"><ele>134.000</ele></trkpt>
      <trkpt lat="22.3943977777" lon="114.0500815080"><ele>134.000</ele></trkpt>
      <trkpt lat="22.3944192779" lon="114.0500763494"><ele>134.000</ele></trkpt>
      <trkpt lat="22.3944401753" lon="114.0500647683"><ele>134.000</ele></trkpt>
      <trkpt lat="22.3944688335" lon="114.0500473982"><ele>134.000</ele></trkpt>
      <trkpt lat="22.3944939065" lon="114.0500287475"><ele>132.000</ele></trkpt>
      <trkpt lat="22.3945350974" lon="114.0499965925"><ele>132.000</ele></trkpt>
      <trkpt lat="22.3945864381" lon="114.0499592890"><ele>130.000</ele></trkpt>
      <trkpt lat="22.3946144949" lon="114.0499361394"><ele>130.000</ele></trkpt>
      <trkpt lat="22.3946395653" lon="114.0499142762"><ele>130.000</ele></trkpt>
      <trkpt lat="22.3946616479" lon="114.0498904891"><ele>128.000</ele></trkpt>
      <trkpt lat="22.3946855184" lon="114.0498609192"><ele>128.000</ele></trkpt>
      <trkpt lat="22.3947147569" lon="114.0498223510"><ele>127.000</ele></trkpt>
      <trkpt lat="22.3947386254" lon="114.0497902115"><ele>128.000</ele></trkpt>
      <trkpt lat="22.3947762199" lon="114.0497426431"><ele>126.000</ele></trkpt>
      <trkpt lat="22.3948066495" lon="114.0496995784"><ele>126.000</ele></trkpt>
      <trkpt lat="22.3948275363" lon="114.0496745075"><ele>126.000</ele></trkpt>
      <trkpt lat="22.3948472299" lon="114.0496513644"><ele>124.000</ele></trkpt>
      <trkpt lat="22.3948651353" lon="114.0496327201"><ele>124.000</ele></trkpt>
      <trkpt lat="22.3948800585" lon="114.0496192167"><ele>123.000</ele></trkpt>
      <trkpt lat="22.3948949832" lon="114.0496089258"><ele>123.000</ele></trkpt>
      <trkpt lat="22.3949122994" lon="114.0496012013"><ele>124.000</ele></trkpt>
      <trkpt lat="22.3949308143" lon="114.0495973311"><ele>124.000</ele></trkpt>
      <trkpt lat="22.3949558994" lon="114.0495940958"><ele>124.000</ele></trkpt>
      <trkpt lat="22.3949845686" lon="114.0495908582"><ele>122.000</ele></trkpt>
      <trkpt lat="22.3950102505" lon="114.0495863386"><ele>122.000</ele></trkpt>
      <trkpt lat="22.3950353295" lon="114.0495753955"><ele>122.000</ele></trkpt>
      <trkpt lat="22.3950627980" lon="114.0495644503"><ele>120.000</ele></trkpt>
      <trkpt lat="22.3950848921" lon="114.0495554376"><ele>123.000</ele></trkpt>
      <trkpt lat="22.3951004187" lon="114.0495502843"><ele>123.000</ele></trkpt>
      <trkpt lat="22.3951153514" lon="114.0495489859"><ele>122.000</ele></trkpt>
      <trkpt lat="22.3951278943" lon="114.0495483326"><ele>122.000</ele></trkpt>
      <trkpt lat="22.3951434254" lon="114.0495489604"><ele>122.000</ele></trkpt>
      <trkpt lat="22.3951619484" lon="114.0495553675"><ele>122.000</ele></trkpt>
      <trkpt lat="22.3951852500" lon="114.0495636969"><ele>120.000</ele></trkpt>
      <trkpt lat="22.3952049717" lon="114.0495752411"><ele>120.000</ele></trkpt>
      <trkpt lat="22.3952229026" lon="114.0495899985"><ele>120.000</ele></trkpt>
      <trkpt lat="22.3952336668" lon="114.0496047633"><ele>118.000</ele></trkpt>
      <trkpt lat="22.3952444346" lon="114.0496253092"><ele>119.000</ele></trkpt>
      <trkpt lat="22.3952557983" lon="114.0496432840"><ele>119.000</ele></trkpt>
      <trkpt lat="22.3952677543" lon="114.0496554782"><ele>116.000</ele></trkpt>
      <trkpt lat="22.3952809021" lon="114.0496638169"><ele>116.000</ele></trkpt>
      <trkpt lat="22.3952940473" lon="114.0496689441"><ele>116.000</ele></trkpt>
      <trkpt lat="22.3953095799" lon="114.0496714996"><ele>116.000</ele></trkpt>
      <trkpt lat="22.3953364626" lon="114.0496746866"><ele>118.000</ele></trkpt>
      <trkpt lat="22.3953746949" lon="114.0496791482"><ele>118.000</ele></trkpt>
      <trkpt lat="22.3954171102" lon="114.0496848907"><ele>118.000</ele></trkpt>
      <trkpt lat="22.3954517588" lon="114.0496899984"><ele>118.000</ele></trkpt>
      <trkpt lat="22.3954828267" lon="114.0496983208"><ele>118.000</ele></trkpt>
      <trkpt lat="22.3955103107" lon="114.0497060046"><ele>115.000</ele></trkpt>
      <trkpt lat="22.3955360013" lon="114.0497136890"><ele>115.000</ele></trkpt>
      <trkpt lat="22.3955610969" lon="114.0497239446"><ele>115.000</ele></trkpt>
      <trkpt lat="22.3955897747" lon="114.0497303415"><ele>115.000</ele></trkpt>
      <trkpt lat="22.3956357778" lon="114.0497418619"><ele>114.000</ele></trkpt>
      <trkpt lat="22.3956943242" lon="114.0497520871"><ele>112.000</ele></trkpt>
      <trkpt lat="22.3957498812" lon="114.0497584596"><ele>110.000</ele></trkpt>
      <trkpt lat="22.3957964757" lon="114.0497616297"><ele>110.000</ele></trkpt>
      <trkpt lat="22.3958364981" lon="114.0497641620"><ele>110.000</ele></trkpt>
      <trkpt lat="22.3958603969" lon="114.0497705642"><ele>110.000</ele></trkpt>
      <trkpt lat="22.3958884759" lon="114.0497769627"><ele>110.000</ele></trkpt>
      <trkpt lat="22.3959123717" lon="114.0497795106"><ele>110.000</ele></trkpt>
      <trkpt lat="22.3959356687" lon="114.0497807733"><ele>110.000</ele></trkpt>
      <trkpt lat="22.3959619485" lon="114.0497775379"><ele>108.000</ele></trkpt>
      <trkpt lat="22.3959876293" lon="114.0497717334"><ele>108.000</ele></trkpt>
      <trkpt lat="22.3960079304" lon="114.0497620795"><ele>107.000</ele></trkpt>
      <trkpt lat="22.3960222598" lon="114.0497537157"><ele>107.000</ele></trkpt>
      <trkpt lat="22.3960353912" lon="114.0497402139"><ele>109.000</ele></trkpt>
      <trkpt lat="22.3960526958" lon="114.0497177156"><ele>106.000</ele></trkpt>
      <trkpt lat="22.3960783520" lon="114.0496804360"><ele>108.000</ele></trkpt>
      <trkpt lat="22.3961016151" lon="114.0496386612"><ele>106.000</ele></trkpt>
      <trkpt lat="22.3961165191" lon="114.0496020323"><ele>106.000</ele></trkpt>
      <trkpt lat="22.3961308241" lon="114.0495628363"><ele>106.000</ele></trkpt>
      <trkpt lat="22.3961385667" lon="114.0495339227"><ele>107.000</ele></trkpt>
      <trkpt lat="22.3961439157" lon="114.0494998730"><ele>104.000</ele></trkpt>
      <trkpt lat="22.3961456800" lon="114.0494638989"><ele>104.000</ele></trkpt>
      <trkpt lat="22.3961438596" lon="114.0494285710"><ele>104.000</ele></trkpt>
      <trkpt lat="22.3961384609" lon="114.0493996693"><ele>105.000</ele></trkpt>
      <trkpt lat="22.3961288853" lon="114.0493759107"><ele>105.000</ele></trkpt>
      <trkpt lat="22.3961163289" lon="114.0493605055"><ele>105.000</ele></trkpt>
      <trkpt lat="22.3961025822" lon="114.0493495977"><ele>104.000</ele></trkpt>
      <trkpt lat="22.3960804725" lon="114.0493399824"><ele>105.000</ele></trkpt>
      <trkpt lat="22.3960601597" lon="114.0493348617"><ele>105.000</ele></trkpt>
      <trkpt lat="22.3960320798" lon="114.0493284643"><ele>106.000</ele></trkpt>
      <trkpt lat="22.3960135592" lon="114.0493239848"><ele>106.000</ele></trkpt>
      <trkpt lat="22.3959902537" lon="114.0493118010"><ele>104.000</ele></trkpt>
      <trkpt lat="22.3959609698" lon="114.0492925567"><ele>104.000</ele></trkpt>
      <trkpt lat="22.3959370593" lon="114.0492713807"><ele>105.000</ele></trkpt>
      <trkpt lat="22.3959227112" lon="114.0492559772"><ele>104.000</ele></trkpt>
      <trkpt lat="22.3959113526" lon="114.0492444254"><ele>106.000</ele></trkpt>
      <trkpt lat="22.3958999979" lon="114.0492367269"><ele>106.000</ele></trkpt>
      <trkpt lat="22.3958778881" lon="114.0492258268"><ele>106.000</ele></trkpt>
      <trkpt lat="22.3958587631" lon="114.0492129972"><ele>106.000</ele></trkpt>
      <trkpt lat="22.3958432193" lon="114.0491963100"><ele>106.000</ele></trkpt>
      <trkpt lat="22.3958330533" lon="114.0491821875"><ele>106.000</ele></trkpt>
      <trkpt lat="22.3958276653" lon="114.0491667758"><ele>106.000</ele></trkpt>
      <trkpt lat="22.3958258620" lon="114.0491520028"><ele>106.000</ele></trkpt>
      <trkpt lat="22.3958300325" lon="114.0491385100"><ele>106.000</ele></trkpt>
      <trkpt lat="22.3958359936" lon="114.0491237299"><ele>106.000</ele></trkpt>
      <trkpt lat="22.3958538908" lon="114.0490948080"><ele>104.000</ele></trkpt>
      <trkpt lat="22.3958699985" lon="114.0490684564"><ele>104.000</ele></trkpt>
      <trkpt lat="22.3958831198" lon="114.0490433923"><ele>102.000</ele></trkpt>
      <trkpt lat="22.3958950429" lon="114.0490138330"><ele>102.000</ele></trkpt>
      <trkpt lat="22.3958998056" lon="114.0489932728"><ele>102.000</ele></trkpt>
      <trkpt lat="22.3959081516" lon="114.0489727094"><ele>102.000</ele></trkpt>
      <trkpt lat="22.3959224595" lon="114.0489373667"><ele>99.000</ele></trkpt>
      <trkpt lat="22.3959397498" lon="114.0488968822"><ele>99.000</ele></trkpt>
      <trkpt lat="22.3959474973" lon="114.0488743926"><ele>99.000</ele></trkpt>
      <trkpt lat="22.3959576409" lon="114.0488602505"><ele>99.000</ele></trkpt>
      <trkpt lat="22.3959695746" lon="114.0488441810"><ele>96.000</ele></trkpt>
      <trkpt lat="22.3959761329" lon="114.0488274736"><ele>96.000</ele></trkpt>
      <trkpt lat="22.3959814920" lon="114.0488062710"><ele>96.000</ele></trkpt>
      <trkpt lat="22.3959838643" lon="114.0487857130"><ele>96.000</ele></trkpt>
      <trkpt lat="22.3959838485" lon="114.0487658001"><ele>96.000</ele></trkpt>
      <trkpt lat="22.3959802489" lon="114.0487452475"><ele>96.000</ele></trkpt>
      <trkpt lat="22.3959736641" lon="114.0487272683"><ele>96.000</ele></trkpt>
      <trkpt lat="22.3959670793" lon="114.0487092881"><ele>96.000</ele></trkpt>
      <trkpt lat="22.3959622861" lon="114.0486913063"><ele>96.000</ele></trkpt>
      <trkpt lat="22.3959610776" lon="114.0486739631"><ele>96.000</ele></trkpt>
      <trkpt lat="22.3959646486" lon="114.0486572584"><ele>96.000</ele></trkpt>
      <trkpt lat="22.3959723991" lon="114.0486386232"><ele>96.000</ele></trkpt>
      <trkpt lat="22.3959825340" lon="114.0486135617"><ele>96.000</ele></trkpt>
      <trkpt lat="22.3959920686" lon="114.0485852894"><ele>96.000</ele></trkpt>
      <trkpt lat="22.3959968292" lon="114.0485621596"><ele>95.000</ele></trkpt>
      <trkpt lat="22.3959991994" lon="114.0485390329"><ele>95.000</ele></trkpt>
      <trkpt lat="22.3959997783" lon="114.0485152651"><ele>94.000</ele></trkpt>
      <trkpt lat="22.3959967741" lon="114.0484927853"><ele>94.000</ele></trkpt>
      <trkpt lat="22.3959883870" lon="114.0484626017"><ele>94.000</ele></trkpt>
      <trkpt lat="22.3959770171" lon="114.0484369181"><ele>94.000</ele></trkpt>
      <trkpt lat="22.3959632596" lon="114.0484125205"><ele>94.000</ele></trkpt>
      <trkpt lat="22.3959548812" lon="114.0483932581"><ele>96.000</ele></trkpt>
      <trkpt lat="22.3959458982" lon="114.0483643599"><ele>95.000</ele></trkpt>
      <trkpt lat="22.3959392985" lon="114.0483277516"><ele>95.000</ele></trkpt>
      <trkpt lat="22.3959320897" lon="114.0482757263"><ele>94.000</ele></trkpt>
      <trkpt lat="22.3959254854" lon="114.0482333369"><ele>94.000</ele></trkpt>
      <trkpt lat="22.3959182858" lon="114.0481941596"><ele>94.000</ele></trkpt>
      <trkpt lat="22.3959092992" lon="114.0481607650"><ele>96.000</ele></trkpt>
      <trkpt lat="22.3959033075" lon="114.0481370032"><ele>96.000</ele></trkpt>
      <trkpt lat="22.3959009058" lon="114.0481215888"><ele>96.000</ele></trkpt>
      <trkpt lat="22.3959002807" lon="114.0480862598"><ele>98.000</ele></trkpt>
      <trkpt lat="22.3958984375" lon="114.0480226674"><ele>98.000</ele></trkpt>
      <trkpt lat="22.3958978043" lon="114.0479770610"><ele>98.000</ele></trkpt>
      <trkpt lat="22.3958947929" lon="114.0479468725"><ele>98.000</ele></trkpt>
      <trkpt lat="22.3958917840" lon="114.0479186116"><ele>98.000</ele></trkpt>
      <trkpt lat="22.3958881819" lon="114.0478961325"><ele>97.000</ele></trkpt>
      <trkpt lat="22.3958839839" lon="114.0478749386"><ele>97.000</ele></trkpt>
      <trkpt lat="22.3958785932" lon="114.0478563145"><ele>97.000</ele></trkpt>
      <trkpt lat="22.3958714144" lon="114.0478421893"><ele>94.000</ele></trkpt>
      <trkpt lat="22.3958648357" lon="114.0478332027"><ele>96.000</ele></trkpt>
      <trkpt lat="22.3958564674" lon="114.0478255017"><ele>96.000</ele></trkpt>
      <trkpt lat="22.3958451143" lon="114.0478210158"><ele>96.000</ele></trkpt>
      <trkpt lat="22.3958325694" lon="114.0478191007"><ele>96.000</ele></trkpt>
      <trkpt lat="22.3958200246" lon="114.0478184694"><ele>96.000</ele></trkpt>
      <trkpt lat="22.3958098678" lon="114.0478159092"><ele>96.000</ele></trkpt>
      <trkpt lat="22.3958008995" lon="114.0478056400"><ele>93.000</ele></trkpt>
      <trkpt lat="22.3957889470" lon="114.0477979423"><ele>93.000</ele></trkpt>
      <trkpt lat="22.3957799818" lon="114.0477915275"><ele>93.000</ele></trkpt>
      <trkpt lat="22.3957734030" lon="114.0477812562"><ele>93.000</ele></trkpt>
      <trkpt lat="22.3957674200" lon="114.0477684137"><ele>93.000</ele></trkpt>
      <trkpt lat="22.3957644255" lon="114.0477594239"><ele>93.000</ele></trkpt>
      <trkpt lat="22.3957626277" lon="114.0477517168"><ele>90.000</ele></trkpt>
      <trkpt lat="22.3957637953" lon="114.0477176710"><ele>90.000</ele></trkpt>
      <trkpt lat="22.3958151713" lon="114.0477253314"><ele>90.000</ele></trkpt>
      <trkpt lat="22.3958575852" lon="114.0477291466"><ele>90.000</ele></trkpt>
      <trkpt lat="22.3958952165" lon="114.0477284699"><ele>90.000</ele></trkpt>
      <trkpt lat="22.3959316511" lon="114.0477252238"><ele>90.000</ele></trkpt>
      <trkpt lat="22.3959621125" lon="114.0477226271"><ele>90.000</ele></trkpt>
      <trkpt lat="22.3959877994" lon="114.0477245301"><ele>90.000</ele></trkpt>
      <trkpt lat="22.3960063205" lon="114.0477296522"><ele>89.000</ele></trkpt>
      <trkpt lat="22.3960278299" lon="114.0477360553"><ele>89.000</ele></trkpt>
      <trkpt lat="22.3960517300" lon="114.0477450269"><ele>88.000</ele></trkpt>
      <trkpt lat="22.3960768313" lon="114.0477610622"><ele>89.000</ele></trkpt>
      <trkpt lat="22.3961073132" lon="114.0477841595"><ele>88.000</ele></trkpt>
      <trkpt lat="22.3961389939" lon="114.0478123940"><ele>89.000</ele></trkpt>
      <trkpt lat="22.3961682917" lon="114.0478476965"><ele>88.000</ele></trkpt>
      <trkpt lat="22.3961963866" lon="114.0478727228"><ele>86.000</ele></trkpt>
      <trkpt lat="22.3962220870" lon="114.0478926130"><ele>86.000</ele></trkpt>
      <trkpt lat="22.3962543547" lon="114.0479073570"><ele>86.000</ele></trkpt>
      <trkpt lat="22.3962860200" lon="114.0479150367"><ele>86.000</ele></trkpt>
      <trkpt lat="22.3963152912" lon="114.0479182212"><ele>86.000</ele></trkpt>
      <trkpt lat="22.3963457530" lon="114.0479149816"><ele>86.000</ele></trkpt>
      <trkpt lat="22.3963738244" lon="114.0479117432"><ele>86.000</ele></trkpt>
      <trkpt lat="22.3964126402" lon="114.0478982184"><ele>86.000</ele></trkpt>
      <trkpt lat="22.3964472739" lon="114.0478834118"><ele>86.000</ele></trkpt>
      <trkpt lat="22.3964813067" lon="114.0478647522"><ele>86.000</ele></trkpt>
      <trkpt lat="22.3965147395" lon="114.0478422377"><ele>84.000</ele></trkpt>
      <trkpt lat="22.3965541404" lon="114.0478139376"><ele>84.000</ele></trkpt>
      <trkpt lat="22.3965869769" lon="114.0477933524"><ele>84.000</ele></trkpt>
      <trkpt lat="22.3966138494" lon="114.0477836920"><ele>84.000</ele></trkpt>
      <trkpt lat="22.3966437128" lon="114.0477798101"><ele>84.000</ele></trkpt>
      <trkpt lat="22.3966646198" lon="114.0477804337"><ele>84.000</ele></trkpt>
      <trkpt lat="22.3966897120" lon="114.0477861916"><ele>82.000</ele></trkpt>
      <trkpt lat="22.3967183936" lon="114.0477983694"><ele>82.000</ele></trkpt>
      <trkpt lat="22.3967434954" lon="114.0478150477"><ele>82.000</ele></trkpt>
      <trkpt lat="22.3967638199" lon="114.0478349430"><ele>82.000</ele></trkpt>
      <trkpt lat="22.3967919158" lon="114.0478612532"><ele>82.000</ele></trkpt>
      <trkpt lat="22.3968194118" lon="114.0478849953"><ele>82.000</ele></trkpt>
      <trkpt lat="22.3968504900" lon="114.0479061645"><ele>82.000</ele></trkpt>
      <trkpt lat="22.3968803724" lon="114.0479260510"><ele>82.000</ele></trkpt>
      <trkpt lat="22.3969114480" lon="114.0479440087"><ele>80.000</ele></trkpt>
      <trkpt lat="22.3969556693" lon="114.0479677354"><ele>80.000</ele></trkpt>
      <trkpt lat="22.3970112372" lon="114.0479888821"><ele>78.000</ele></trkpt>
      <trkpt lat="22.3970709865" lon="114.0480080982"><ele>80.000</ele></trkpt>
      <trkpt lat="22.3971534382" lon="114.0480337165"><ele>78.000</ele></trkpt>
      <trkpt lat="22.3972329029" lon="114.0480586956"><ele>78.000</ele></trkpt>
      <trkpt lat="22.3973231214" lon="114.0480862345"><ele>76.000</ele></trkpt>
      <trkpt lat="22.3973995987" lon="114.0481099317"><ele>76.000</ele></trkpt>
      <trkpt lat="22.3975023671" lon="114.0481445251"><ele>74.000</ele></trkpt>
      <trkpt lat="22.3975943765" lon="114.0481701347"><ele>74.000</ele></trkpt>
      <trkpt lat="22.3977317934" lon="114.0482085498"><ele>74.000</ele></trkpt>
      <trkpt lat="22.3977891421" lon="114.0482149212"><ele>74.000</ele></trkpt>
      <trkpt lat="22.3978452919" lon="114.0482161543"><ele>72.000</ele></trkpt>
      <trkpt lat="22.3979002408" lon="114.0482083949"><ele>72.000</ele></trkpt>
      <trkpt lat="22.3979372687" lon="114.0482006529"><ele>72.000</ele></trkpt>
      <trkpt lat="22.3979790653" lon="114.0481800583"><ele>71.000</ele></trkpt>
      <trkpt lat="22.3980375739" lon="114.0481427477"><ele>70.000</ele></trkpt>
      <trkpt lat="22.3981343081" lon="114.0481002615"><ele>68.000</ele></trkpt>
      <trkpt lat="22.3982047683" lon="114.0480693629"><ele>66.000</ele></trkpt>
      <trkpt lat="22.3982620935" lon="114.0480461853"><ele>70.000</ele></trkpt>
      <trkpt lat="22.3982919467" lon="114.0480294561"><ele>70.000</ele></trkpt>
      <trkpt lat="22.3983062693" lon="114.0480127412"><ele>70.000</ele></trkpt>
      <trkpt lat="22.3983110318" lon="114.0479921807"><ele>70.000</ele></trkpt>
      <trkpt lat="22.3983074343" lon="114.0479754823"><ele>70.000</ele></trkpt>
      <trkpt lat="22.3983072526" lon="114.0479752620"><ele>70.000</ele></trkpt>
      <trkpt lat="22.3983050229" lon="114.0479728673"><ele>70.000</ele></trkpt>
      <trkpt lat="22.3982663712" lon="114.0479249343"><ele>71.000</ele></trkpt>
      <trkpt lat="22.3981717504" lon="114.0478204918"><ele>72.000</ele></trkpt>
      <trkpt lat="22.3981131105" lon="114.0477532469"><ele>72.000</ele></trkpt>
      <trkpt lat="22.3980638162" lon="114.0477174942"><ele>72.000</ele></trkpt>
      <trkpt lat="22.3978884321" lon="114.0476711109"><ele>73.000</ele></trkpt>
      <trkpt lat="22.3978533929" lon="114.0476618442"><ele>73.000</ele></trkpt>
      <trkpt lat="22.3977468446" lon="114.0476275769"><ele>72.000</ele></trkpt>
      <trkpt lat="22.3976802414" lon="114.0475918414"><ele>74.000</ele></trkpt>
      <trkpt lat="22.3975643361" lon="114.0475117618"><ele>74.000</ele></trkpt>
      <trkpt lat="22.3974297667" lon="114.0474037784"><ele>72.000</ele></trkpt>
      <trkpt lat="22.3973724598" lon="114.0473379642"><ele>72.000</ele></trkpt>
      <trkpt lat="22.3973457908" lon="114.0472893040"><ele>72.000</ele></trkpt>
      <trkpt lat="22.3973284399" lon="114.0472377712"><ele>72.000</ele></trkpt>
      <trkpt lat="22.3973243920" lon="114.0471719077"><ele>72.000</ele></trkpt>
      <trkpt lat="22.3973390018" lon="114.0471260741"><ele>72.000</ele></trkpt>
      <trkpt lat="22.3973855574" lon="114.0470673228"><ele>72.000</ele></trkpt>
      <trkpt lat="22.3974547649" lon="114.0470285977"><ele>72.000</ele></trkpt>
      <trkpt lat="22.3975292893" lon="114.0469784110"><ele>70.000</ele></trkpt>
      <trkpt lat="22.3975745221" lon="114.0469311164"><ele>70.000</ele></trkpt>
      <trkpt lat="22.3975944603" lon="114.0468881416"><ele>72.000</ele></trkpt>
      <trkpt lat="22.3975944292" lon="114.0468494797"><ele>72.000</ele></trkpt>
      <trkpt lat="22.3975810882" lon="114.0468165589"><ele>70.000</ele></trkpt>
      <trkpt lat="22.3975557697" lon="114.0467922399"><ele>70.000</ele></trkpt>
      <trkpt lat="22.3974705271" lon="114.0467593851"><ele>72.000</ele></trkpt>
      <trkpt lat="22.3973786262" lon="114.0467265374"><ele>72.000</ele></trkpt>
      <trkpt lat="22.3973386405" lon="114.0466764582"><ele>74.000</ele></trkpt>
      <trkpt lat="22.3972853182" lon="114.0465991852"><ele>74.000</ele></trkpt>
      <trkpt lat="22.3972266951" lon="114.0465534187"><ele>74.000</ele></trkpt>
      <trkpt lat="22.3971361101" lon="114.0465005229"><ele>74.000</ele></trkpt>
      <trkpt lat="22.3970095461" lon="114.0464132953"><ele>74.000</ele></trkpt>
      <trkpt lat="22.3969482691" lon="114.0463789870"><ele>72.000</ele></trkpt>
      <trkpt lat="22.3967884397" lon="114.0463189968"><ele>70.000</ele></trkpt>
      <trkpt lat="22.3966485911" lon="114.0462690112"><ele>68.000</ele></trkpt>
      <trkpt lat="22.3965673390" lon="114.0462318578"><ele>68.000</ele></trkpt>
      <trkpt lat="22.3965167002" lon="114.0461810733"><ele>68.000</ele></trkpt>
      <trkpt lat="22.3964767047" lon="114.0461181077"><ele>67.000</ele></trkpt>
      <trkpt lat="22.3964100737" lon="114.0460494393"><ele>66.000</ele></trkpt>
      <trkpt lat="22.3963314847" lon="114.0460122827"><ele>66.000</ele></trkpt>
      <trkpt lat="22.3962821922" lon="114.0459793959"><ele>64.000</ele></trkpt>
      <trkpt lat="22.3962608481" lon="114.0459307323"><ele>64.000</ele></trkpt>
      <trkpt lat="22.3962301694" lon="114.0458634619"><ele>64.000</ele></trkpt>
      <trkpt lat="22.3962021459" lon="114.0457875984"><ele>64.000</ele></trkpt>
      <trkpt lat="22.3961954213" lon="114.0457045549"><ele>64.000</ele></trkpt>
      <trkpt lat="22.3962020263" lon="114.0456401135"><ele>64.000</ele></trkpt>
      <trkpt lat="22.3962299256" lon="114.0455627661"><ele>66.000</ele></trkpt>
      <trkpt lat="22.3962857684" lon="114.0454639131"><ele>66.000</ele></trkpt>
      <trkpt lat="22.3963904963" lon="114.0453056740"><ele>69.000</ele></trkpt>
      <trkpt lat="22.3963948185" lon="114.0452991431"><ele>69.000</ele></trkpt>
      <trkpt lat="22.3964985979" lon="114.0451401829"><ele>70.000</ele></trkpt>
      <trkpt lat="22.3965051961" lon="114.0451300764"><ele>72.000</ele></trkpt>
      <trkpt lat="22.3965703316" lon="114.0449975656"><ele>72.000</ele></trkpt>
      <trkpt lat="22.3965955663" lon="114.0449187870"><ele>74.000</ele></trkpt>
      <trkpt lat="22.3966128292" lon="114.0448614954"><ele>74.000</ele></trkpt>
      <trkpt lat="22.3966234117" lon="114.0447770039"><ele>74.000</ele></trkpt>
      <trkpt lat="22.3966326396" lon="114.0446638760"><ele>74.000</ele></trkpt>
      <trkpt lat="22.3966472285" lon="114.0445922676"><ele>75.000</ele></trkpt>
      <trkpt lat="22.3966817986" lon="114.0445320957"><ele>76.000</ele></trkpt>
      <trkpt lat="22.3967230400" lon="114.0444890997"><ele>74.000</ele></trkpt>
      <trkpt lat="22.3967735829" lon="114.0444231848"><ele>76.000</ele></trkpt>
      <trkpt lat="22.3968108031" lon="114.0443472596"><ele>76.000</ele></trkpt>
      <trkpt lat="22.3968174076" lon="114.0442828178"><ele>77.000</ele></trkpt>
      <trkpt lat="22.3968239977" lon="114.0441997613"><ele>76.000</ele></trkpt>
      <trkpt lat="22.3968252641" lon="114.0441210062"><ele>76.000</ele></trkpt>
      <trkpt lat="22.3968238484" lon="114.0440179113"><ele>76.000</ele></trkpt>
      <trkpt lat="22.3968304457" lon="114.0439448788"><ele>76.000</ele></trkpt>
      <trkpt lat="22.3968437093" lon="114.0438818621"><ele>76.000</ele></trkpt>
      <trkpt lat="22.3968782685" lon="114.0438088030"><ele>76.000</ele></trkpt>
      <trkpt lat="22.3969341309" lon="114.0437350069"><ele>76.000</ele></trkpt>
      <trkpt lat="22.3969713593" lon="114.0436705369"><ele>76.000</ele></trkpt>
      <trkpt lat="22.3969806452" lon="114.0436275709"><ele>76.000</ele></trkpt>
      <trkpt lat="22.3969806706" lon="114.0436266182"><ele>76.000</ele></trkpt>
      <trkpt lat="22.3969814180" lon="114.0436240392"><ele>76.000</ele></trkpt>
      <trkpt lat="22.3969945370" lon="114.0435970467"><ele>76.000</ele></trkpt>
      <trkpt lat="22.3970160254" lon="114.0435777550"><ele>76.000</ele></trkpt>
      <trkpt lat="22.3970422992" lon="114.0435674525"><ele>76.000</ele></trkpt>
      <trkpt lat="22.3970649908" lon="114.0435584382"><ele>76.000</ele></trkpt>
      <trkpt lat="22.3970870857" lon="114.0435507082"><ele>76.000</ele></trkpt>
      <trkpt lat="22.3971079890" lon="114.0435468339"><ele>76.000</ele></trkpt>
      <trkpt lat="22.3971294902" lon="114.0435442447"><ele>76.000</ele></trkpt>
      <trkpt lat="22.3971468123" lon="114.0435429434"><ele>76.000</ele></trkpt>
      <trkpt lat="22.3971748911" lon="114.0435486978"><ele>76.000</ele></trkpt>
      <trkpt lat="22.3972095471" lon="114.0435615119"><ele>76.000</ele></trkpt>
      <trkpt lat="22.3972316531" lon="114.0435672720"><ele>76.000</ele></trkpt>
      <trkpt lat="22.3972597364" lon="114.0435775228"><ele>76.000</ele></trkpt>
      <trkpt lat="22.3972866262" lon="114.0435903452"><ele>78.000</ele></trkpt>
      <trkpt lat="22.3973021600" lon="114.0435941839"><ele>78.000</ele></trkpt>
      <trkpt lat="22.3973170938" lon="114.0435941697"><ele>77.000</ele></trkpt>
      <trkpt lat="22.3973386035" lon="114.0436018580"><ele>77.000</ele></trkpt>
      <trkpt lat="22.3973750496" lon="114.0436127437"><ele>76.000</ele></trkpt>
      <trkpt lat="22.3974013393" lon="114.0436217114"><ele>76.000</ele></trkpt>
      <trkpt lat="22.3974348001" lon="114.0436338848"><ele>78.000</ele></trkpt>
      <trkpt lat="22.3974706514" lon="114.0436473406"><ele>76.000</ele></trkpt>
      <trkpt lat="22.3975118812" lon="114.0436640030"><ele>76.000</ele></trkpt>
      <trkpt lat="22.3975483304" lon="114.0436787422"><ele>77.000</ele></trkpt>
      <trkpt lat="22.3975740255" lon="114.0436915649"><ele>77.000</ele></trkpt>
      <trkpt lat="22.3976003256" lon="114.0437120959"><ele>77.000</ele></trkpt>
      <trkpt lat="22.3976296097" lon="114.0437306963"><ele>78.000</ele></trkpt>
      <trkpt lat="22.3976499303" lon="114.0437441671"><ele>78.000</ele></trkpt>
      <trkpt lat="22.3976648726" lon="114.0437557152"><ele>78.000</ele></trkpt>
      <trkpt lat="22.3976780281" lon="114.0437730462"><ele>80.000</ele></trkpt>
      <trkpt lat="22.3976941777" lon="114.0437987262"><ele>80.000</ele></trkpt>
      <trkpt lat="22.3977073389" lon="114.0438231242"><ele>80.000</ele></trkpt>
      <trkpt lat="22.3977175095" lon="114.0438423848"><ele>80.000</ele></trkpt>
      <trkpt lat="22.3977282797" lon="114.0438648573"><ele>80.000</ele></trkpt>
      <trkpt lat="22.3977420331" lon="114.0438834736"><ele>80.000</ele></trkpt>
      <trkpt lat="22.3977575748" lon="114.0438969479"><ele>80.000</ele></trkpt>
      <trkpt lat="22.3977755071" lon="114.0439117058"><ele>80.000</ele></trkpt>
      <trkpt lat="22.3977952299" lon="114.0439251771"><ele>80.000</ele></trkpt>
      <trkpt lat="22.3978155500" lon="114.0439380050"><ele>80.000</ele></trkpt>
      <trkpt lat="22.3978298928" lon="114.0439463422"><ele>80.000</ele></trkpt>
      <trkpt lat="22.3978424402" lon="114.0439501847"><ele>80.000</ele></trkpt>
      <trkpt lat="22.3978531924" lon="114.0439508164"><ele>82.000</ele></trkpt>
      <trkpt lat="22.3978645403" lon="114.0439488789"><ele>82.000</ele></trkpt>
      <trkpt lat="22.3978782747" lon="114.0439443685"><ele>82.000</ele></trkpt>
      <trkpt lat="22.3978896163" lon="114.0439347221"><ele>82.000</ele></trkpt>
      <trkpt lat="22.3978997605" lon="114.0439218652"><ele>84.000</ele></trkpt>
      <trkpt lat="22.3979087100" lon="114.0439090095"><ele>82.000</ele></trkpt>
      <trkpt lat="22.3979206421" lon="114.0438916546"><ele>82.000</ele></trkpt>
      <trkpt lat="22.3979313833" lon="114.0438787962"><ele>82.000</ele></trkpt>
      <trkpt lat="22.3979433234" lon="114.0438710769"><ele>84.000</ele></trkpt>
      <trkpt lat="22.3979600429" lon="114.0438639950"><ele>84.000</ele></trkpt>
      <trkpt lat="22.3979743756" lon="114.0438601269"><ele>84.000</ele></trkpt>
      <trkpt lat="22.3979863220" lon="114.0438601156"><ele>84.000</ele></trkpt>
      <trkpt lat="22.3980012573" lon="114.0438620291"><ele>84.000</ele></trkpt>
      <trkpt lat="22.3980173828" lon="114.0438594441"><ele>84.000</ele></trkpt>
      <trkpt lat="22.3980317139" lon="114.0438536483"><ele>84.000</ele></trkpt>
      <trkpt lat="22.3980460472" lon="114.0438504231"><ele>84.000</ele></trkpt>
      <trkpt lat="22.3980627715" lon="114.0438491224"><ele>84.000</ele></trkpt>
      <trkpt lat="22.3980783015" lon="114.0438484657"><ele>84.000</ele></trkpt>
      <trkpt lat="22.3980992070" lon="114.0438471610"><ele>84.000</ele></trkpt>
      <trkpt lat="22.3981284766" lon="114.0438471331"><ele>84.000</ele></trkpt>
      <trkpt lat="22.3981535652" lon="114.0438483941"><ele>84.000</ele></trkpt>
      <trkpt lat="22.3981690963" lon="114.0438490213"><ele>84.000</ele></trkpt>
      <trkpt lat="22.3981876144" lon="114.0438502885"><ele>84.000</ele></trkpt>
      <trkpt lat="22.3982049423" lon="114.0438560532"><ele>84.000</ele></trkpt>
      <trkpt lat="22.3982222699" lon="114.0438624608"><ele>86.000</ele></trkpt>
      <trkpt lat="22.3982467695" lon="114.0438733580"><ele>86.000</ele></trkpt>
      <trkpt lat="22.3982730629" lon="114.0438868221"><ele>85.000</ele></trkpt>
      <trkpt lat="22.3982939757" lon="114.0438945112"><ele>85.000</ele></trkpt>
      <trkpt lat="22.3983154874" lon="114.0439034835"><ele>84.000</ele></trkpt>
      <trkpt lat="22.3983387913" lon="114.0439130970"><ele>84.000</ele></trkpt>
      <trkpt lat="22.3983608962" lon="114.0439175724"><ele>84.000</ele></trkpt>
      <trkpt lat="22.3983812059" lon="114.0439188379"><ele>84.000</ele></trkpt>
      <trkpt lat="22.3983955444" lon="114.0439220368"><ele>84.000</ele></trkpt>
      <trkpt lat="22.3984098861" lon="114.0439290892"><ele>84.000</ele></trkpt>
      <trkpt lat="22.3984218387" lon="114.0439355010"><ele>84.000</ele></trkpt>
      <trkpt lat="22.3984290131" lon="114.0439438450"><ele>84.000</ele></trkpt>
      <trkpt lat="22.3984361926" lon="114.0439573283"><ele>84.000</ele></trkpt>
      <trkpt lat="22.3984439711" lon="114.0439733807"><ele>85.000</ele></trkpt>
      <trkpt lat="22.3984529429" lon="114.0439887891"><ele>85.000</ele></trkpt>
      <trkpt lat="22.3984601208" lon="114.0440003447"><ele>85.000</ele></trkpt>
      <trkpt lat="22.3984696846" lon="114.0440086865"><ele>85.000</ele></trkpt>
      <trkpt lat="22.3984828321" lon="114.0440163819"><ele>85.000</ele></trkpt>
      <trkpt lat="22.3984995632" lon="114.0440234321"><ele>86.000</ele></trkpt>
      <trkpt lat="22.3985139034" lon="114.0440285578"><ele>86.000</ele></trkpt>
      <trkpt lat="22.3985264518" lon="114.0440336851"><ele>86.000</ele></trkpt>
      <trkpt lat="22.3985407919" lon="114.0440388098"><ele>84.000</ele></trkpt>
      <trkpt lat="22.3985551326" lon="114.0440445784"><ele>84.000</ele></trkpt>
      <trkpt lat="22.3985676810" lon="114.0440497048"><ele>84.000</ele></trkpt>
      <trkpt lat="22.3985808280" lon="114.0440567584"><ele>86.000</ele></trkpt>
      <trkpt lat="22.3985915818" lon="114.0440593178"><ele>86.000</ele></trkpt>
      <trkpt lat="22.3986035308" lon="114.0440625180"><ele>86.000</ele></trkpt>
      <trkpt lat="22.3986184646" lon="114.0440625038"><ele>86.000</ele></trkpt>
      <trkpt lat="22.3986322010" lon="114.0440605640"><ele>86.000</ele></trkpt>
      <trkpt lat="22.3986471337" lon="114.0440592650"><ele>86.000</ele></trkpt>
      <trkpt lat="22.3986602706" lon="114.0440541133"><ele>86.000</ele></trkpt>
      <trkpt lat="22.3986698244" lon="114.0440502507"><ele>86.000</ele></trkpt>
      <trkpt lat="22.3986793781" lon="114.0440451023"><ele>86.000</ele></trkpt>
      <trkpt lat="22.3986895293" lon="114.0440418811"><ele>86.000</ele></trkpt>
      <trkpt lat="22.3987014745" lon="114.0440393001"><ele>86.000</ele></trkpt>
      <trkpt lat="22.3987367121" lon="114.0440334854"><ele>86.000</ele></trkpt>
      <trkpt lat="22.3987838930" lon="114.0440238049"><ele>86.000</ele></trkpt>
      <trkpt lat="22.3988239095" lon="114.0440179857"><ele>86.000</ele></trkpt>
      <trkpt lat="22.3988466055" lon="114.0440153944"><ele>87.000</ele></trkpt>
      <trkpt lat="22.3988675120" lon="114.0440153746"><ele>87.000</ele></trkpt>
      <trkpt lat="22.3988955890" lon="114.0440179176"><ele>86.000</ele></trkpt>
      <trkpt lat="22.3989188907" lon="114.0440249615"><ele>86.000</ele></trkpt>
      <trkpt lat="22.3989469772" lon="114.0440390669"><ele>86.000</ele></trkpt>
      <trkpt lat="22.3989798470" lon="114.0440595920"><ele>86.000</ele></trkpt>
      <trkpt lat="22.3990163062" lon="114.0440865368"><ele>86.000</ele></trkpt>
      <trkpt lat="22.3990432032" lon="114.0441070675"><ele>86.000</ele></trkpt>
      <trkpt lat="22.3990718977" lon="114.0441346616"><ele>87.000</ele></trkpt>
      <trkpt lat="22.3990880394" lon="114.0441519910"><ele>87.000</ele></trkpt>
      <trkpt lat="22.3991017974" lon="114.0441751029"><ele>86.000</ele></trkpt>
      <trkpt lat="22.3991107796" lon="114.0442020748"><ele>86.000</ele></trkpt>
      <trkpt lat="22.3991173719" lon="114.0442296899"><ele>88.000</ele></trkpt>
      <trkpt lat="22.3991233692" lon="114.0442585914"><ele>88.000</ele></trkpt>
      <trkpt lat="22.3991269766" lon="114.0442868523"><ele>88.000</ele></trkpt>
      <trkpt lat="22.3991293824" lon="114.0443067643"><ele>88.000</ele></trkpt>
      <trkpt lat="22.3991341747" lon="114.0443241035"><ele>88.000</ele></trkpt>
      <trkpt lat="22.3991395679" lon="114.0443452966"><ele>88.000</ele></trkpt>
      <trkpt lat="22.3991485446" lon="114.0443645596"><ele>88.000</ele></trkpt>
      <trkpt lat="22.3991587137" lon="114.0443831785"><ele>88.000</ele></trkpt>
      <trkpt lat="22.3991700764" lon="114.0443992276"><ele>90.000</ele></trkpt>
      <trkpt lat="22.3991916002" lon="114.0444229751"><ele>88.000</ele></trkpt>
      <trkpt lat="22.3992208862" lon="114.0444441456"><ele>88.000</ele></trkpt>
      <trkpt lat="22.3992495717" lon="114.0444608202"><ele>89.000</ele></trkpt>
      <trkpt lat="22.3992824372" lon="114.0444762061"><ele>88.000</ele></trkpt>
      <trkpt lat="22.3993170889" lon="114.0444838813"><ele>88.000</ele></trkpt>
      <trkpt lat="22.3993511434" lon="114.0444921999"><ele>89.000</ele></trkpt>
      <trkpt lat="22.3993720509" lon="114.0444934650"><ele>89.000</ele></trkpt>
      <trkpt lat="22.3993983325" lon="114.0444915133"><ele>89.000</ele></trkpt>
      <trkpt lat="22.3994323759" lon="114.0444863418"><ele>89.000</ele></trkpt>
      <trkpt lat="22.3994538714" lon="114.0444766857"><ele>88.000</ele></trkpt>
      <trkpt lat="22.3994807384" lon="114.0444606013"><ele>88.000</ele></trkpt>
      <trkpt lat="22.3994962606" lon="114.0444503089"><ele>88.000</ele></trkpt>
      <trkpt lat="22.3995087928" lon="114.0444355220"><ele>88.000</ele></trkpt>
      <trkpt lat="22.3995237093" lon="114.0444155944"><ele>89.000</ele></trkpt>
      <trkpt lat="22.3995410152" lon="114.0443956636"><ele>88.000</ele></trkpt>
      <trkpt lat="22.3995559310" lon="114.0443738093"><ele>88.000</ele></trkpt>
      <trkpt lat="22.3995684658" lon="114.0443622349"><ele>88.000</ele></trkpt>
      <trkpt lat="22.3995780133" lon="114.0443506624"><ele>88.000</ele></trkpt>
      <trkpt lat="22.3995887597" lon="114.0443442280"><ele>88.000</ele></trkpt>
      <trkpt lat="22.3995995049" lon="114.0443352250"><ele>88.000</ele></trkpt>
      <trkpt lat="22.3996186115" lon="114.0443262140"><ele>90.000</ele></trkpt>
      <trkpt lat="22.3996335394" lon="114.0443191338"><ele>90.000</ele></trkpt>
      <trkpt lat="22.3996472754" lon="114.0443165511"><ele>90.000</ele></trkpt>
      <trkpt lat="22.3996604128" lon="114.0443120422"><ele>92.000</ele></trkpt>
      <trkpt lat="22.3996693676" lon="114.0443056095"><ele>89.000</ele></trkpt>
      <trkpt lat="22.3996783192" lon="114.0442953234"><ele>89.000</ele></trkpt>
      <trkpt lat="22.3996902562" lon="114.0442837485"><ele>89.000</ele></trkpt>
      <trkpt lat="22.3997015915" lon="114.0442663940"><ele>89.000</ele></trkpt>
      <trkpt lat="22.3997099462" lon="114.0442561074"><ele>88.000</ele></trkpt>
      <trkpt lat="22.3997194942" lon="114.0442451787"><ele>88.000</ele></trkpt>
      <trkpt lat="22.3997314332" lon="114.0442361736"><ele>88.000</ele></trkpt>
      <trkpt lat="22.3997433759" lon="114.0442316658"><ele>88.000</ele></trkpt>
      <trkpt lat="22.3997583054" lon="114.0442265133"><ele>90.000</ele></trkpt>
      <trkpt lat="22.3997738318" lon="114.0442213592"><ele>90.000</ele></trkpt>
      <trkpt lat="22.3997899562" lon="114.0442174894"><ele>90.000</ele></trkpt>
      <trkpt lat="22.3998084716" lon="114.0442155441"><ele>90.000</ele></trkpt>
      <trkpt lat="22.3998251996" lon="114.0442187408"><ele>90.000</ele></trkpt>
      <trkpt lat="22.3998431218" lon="114.0442212935"><ele>90.000</ele></trkpt>
      <trkpt lat="22.3998598493" lon="114.0442238473"><ele>90.000</ele></trkpt>
      <trkpt lat="22.3998741857" lon="114.0442244756"><ele>90.000</ele></trkpt>
      <trkpt lat="22.3998867294" lon="114.0442238218"><ele>90.000</ele></trkpt>
      <trkpt lat="22.3999034526" lon="114.0442212363"><ele>90.000</ele></trkpt>
      <trkpt lat="22.3999201718" lon="114.0442147962"><ele>90.000</ele></trkpt>
      <trkpt lat="22.3999386830" lon="114.0442077126"><ele>89.000</ele></trkpt>
      <trkpt lat="22.3999577910" lon="114.0441993435"><ele>89.000</ele></trkpt>
      <trkpt lat="22.3999757026" lon="114.0441890488"><ele>91.000</ele></trkpt>
      <trkpt lat="22.3999936117" lon="114.0441755415"><ele>91.000</ele></trkpt>
      <trkpt lat="22.4000103238" lon="114.0441594666"><ele>88.000</ele></trkpt>
      <trkpt lat="22.4000228540" lon="114.0441433948"><ele>88.000</ele></trkpt>
      <trkpt lat="22.4000419519" lon="114.0441228212"><ele>88.000</ele></trkpt>
      <trkpt lat="22.4000520935" lon="114.0441067516"><ele>88.000</ele></trkpt>
      <trkpt lat="22.4000634321" lon="114.0440945354"><ele>88.000</ele></trkpt>
      <trkpt lat="22.4000741773" lon="114.0440855323"><ele>88.000</ele></trkpt>
      <trkpt lat="22.4000885058" lon="114.0440765248"><ele>88.000</ele></trkpt>
      <trkpt lat="22.4001046286" lon="114.0440707282"><ele>88.000</ele></trkpt>
      <trkpt lat="22.4001177733" lon="114.0440739283"><ele>88.000</ele></trkpt>
      <trkpt lat="22.4001356988" lon="114.0440816194"><ele>88.000</ele></trkpt>
      <trkpt lat="22.4001512379" lon="114.0440918823"><ele>88.000</ele></trkpt>
      <trkpt lat="22.4001620010" lon="114.0441047205"><ele>90.000</ele></trkpt>
      <trkpt lat="22.4001727680" lon="114.0441233390"><ele>90.000</ele></trkpt>
      <trkpt lat="22.4001793523" lon="114.0441400346"><ele>90.000</ele></trkpt>
      <trkpt lat="22.4001823513" lon="114.0441554489"><ele>90.000</ele></trkpt>
      <trkpt lat="22.4001793802" lon="114.0441740804"><ele>90.000</ele></trkpt>
      <trkpt lat="22.4001746171" lon="114.0441933565"><ele>90.000</ele></trkpt>
      <trkpt lat="22.4001692560" lon="114.0442113483"><ele>90.000</ele></trkpt>
      <trkpt lat="22.4001668818" lon="114.0442299793"><ele>90.000</ele></trkpt>
      <trkpt lat="22.4001674976" lon="114.0442518200"><ele>90.000</ele></trkpt>
      <trkpt lat="22.4001758787" lon="114.0442749372"><ele>91.000</ele></trkpt>
      <trkpt lat="22.4001842529" lon="114.0442884195"><ele>91.000</ele></trkpt>
      <trkpt lat="22.4001944168" lon="114.0443006154"><ele>91.000</ele></trkpt>
      <trkpt lat="22.4002075674" lon="114.0443121655"><ele>92.000</ele></trkpt>
      <trkpt lat="22.4002207137" lon="114.0443172924"><ele>92.000</ele></trkpt>
      <trkpt lat="22.4002392344" lon="114.0443217713"><ele>92.000</ele></trkpt>
      <trkpt lat="22.4002655214" lon="114.0443275276"><ele>92.000</ele></trkpt>
      <trkpt lat="22.4002840411" lon="114.0443307217"><ele>92.000</ele></trkpt>
      <trkpt lat="22.4003043501" lon="114.0443300605"><ele>92.000</ele></trkpt>
      <trkpt lat="22.4003204766" lon="114.0443287604"><ele>92.000</ele></trkpt>
      <trkpt lat="22.4003395888" lon="114.0443255306"><ele>92.000</ele></trkpt>
      <trkpt lat="22.4003551152" lon="114.0443203766"><ele>92.000</ele></trkpt>
      <trkpt lat="22.4003718368" lon="114.0443158643"><ele>92.000</ele></trkpt>
      <trkpt lat="22.4003837822" lon="114.0443145681"><ele>90.000</ele></trkpt>
      <trkpt lat="22.4003963275" lon="114.0443158411"><ele>90.000</ele></trkpt>
      <trkpt lat="22.4004100671" lon="114.0443177548"><ele>90.000</ele></trkpt>
      <trkpt lat="22.4004250035" lon="114.0443209532"><ele>90.000</ele></trkpt>
      <trkpt lat="22.4004399415" lon="114.0443273623"><ele>90.000</ele></trkpt>
      <trkpt lat="22.4004590627" lon="114.0443350532"><ele>90.000</ele></trkpt>
      <trkpt lat="22.4004823681" lon="114.0443465937"><ele>92.000</ele></trkpt>
      <trkpt lat="22.4004996982" lon="114.0443562131"><ele>91.000</ele></trkpt>
      <trkpt lat="22.4005200131" lon="114.0443626171"><ele>92.000</ele></trkpt>
      <trkpt lat="22.4005397279" lon="114.0443664529"><ele>92.000</ele></trkpt>
      <trkpt lat="22.4005642223" lon="114.0443709262"><ele>92.000</ele></trkpt>
      <trkpt lat="22.4005857320" lon="114.0443786149"><ele>92.000</ele></trkpt>
      <trkpt lat="22.4006084378" lon="114.0443869443"><ele>92.000</ele></trkpt>
      <trkpt lat="22.4006317406" lon="114.0443952732"><ele>92.000</ele></trkpt>
      <trkpt lat="22.4006496644" lon="114.0443997527"><ele>92.000</ele></trkpt>
      <trkpt lat="22.4006681856" lon="114.0444048746"><ele>92.000</ele></trkpt>
      <trkpt lat="22.4006861072" lon="114.0444067844"><ele>92.000</ele></trkpt>
      <trkpt lat="22.4007046237" lon="114.0444061249"><ele>93.000</ele></trkpt>
      <trkpt lat="22.4007243323" lon="114.0444022517"><ele>92.000</ele></trkpt>
      <trkpt lat="22.4007410545" lon="114.0443983813"><ele>92.000</ele></trkpt>
      <trkpt lat="22.4007703174" lon="114.0443912874"><ele>92.000</ele></trkpt>
      <trkpt lat="22.4007912186" lon="114.0443848444"><ele>94.000</ele></trkpt>
      <trkpt lat="22.4008109270" lon="114.0443796863"><ele>94.000</ele></trkpt>
      <trkpt lat="22.4008306372" lon="114.0443777399"><ele>94.000</ele></trkpt>
      <trkpt lat="22.4008473620" lon="114.0443770821"><ele>94.000</ele></trkpt>
      <trkpt lat="22.4008664748" lon="114.0443757792"><ele>94.000</ele></trkpt>
      <trkpt lat="22.4009052956" lon="114.0443686762"><ele>94.000</ele></trkpt>
      <trkpt lat="22.4009429221" lon="114.0443622164"><ele>94.000</ele></trkpt>
      <trkpt lat="22.4009668138" lon="114.0443596240"><ele>94.000</ele></trkpt>
      <trkpt lat="22.4009901039" lon="114.0443525368"><ele>94.000</ele></trkpt>
      <trkpt lat="22.4010068247" lon="114.0443480235"><ele>94.000</ele></trkpt>
      <trkpt lat="22.4010271337" lon="114.0443473623"><ele>94.000</ele></trkpt>
      <trkpt lat="22.4010492349" lon="114.0443473413"><ele>94.000</ele></trkpt>
      <trkpt lat="22.4010677508" lon="114.0443460389"><ele>94.000</ele></trkpt>
      <trkpt lat="22.4010838761" lon="114.0443421691"><ele>94.000</ele></trkpt>
      <trkpt lat="22.4011101526" lon="114.0443350781"><ele>94.000</ele></trkpt>
      <trkpt lat="22.4011310523" lon="114.0443267072"><ele>94.000</ele></trkpt>
      <trkpt lat="22.4011549361" lon="114.0443157639"><ele>94.000</ele></trkpt>
      <trkpt lat="22.4012003154" lon="114.0442938804"><ele>94.000</ele></trkpt>
      <trkpt lat="22.4012307702" lon="114.0442822879"><ele>94.000</ele></trkpt>
      <trkpt lat="22.4012576408" lon="114.0442706998"><ele>94.000</ele></trkpt>
      <trkpt lat="22.4012725694" lon="114.0442655462"><ele>94.000</ele></trkpt>
      <trkpt lat="22.4012880995" lon="114.0442648895"><ele>94.000</ele></trkpt>
      <trkpt lat="22.4013125923" lon="114.0442674360"><ele>94.000</ele></trkpt>
      <trkpt lat="22.4013448519" lon="114.0442719019"><ele>94.000</ele></trkpt>
      <trkpt lat="22.4013741238" lon="114.0442757287"><ele>94.000</ele></trkpt>
      <trkpt lat="22.4014033960" lon="114.0442789126"><ele>94.000</ele></trkpt>
      <trkpt lat="22.4014213152" lon="114.0442788956"><ele>94.000</ele></trkpt>
      <trkpt lat="22.4014398304" lon="114.0442756664"><ele>94.000</ele></trkpt>
      <trkpt lat="22.4014613286" lon="114.0442692218"><ele>94.000</ele></trkpt>
      <trkpt lat="22.4014834229" lon="114.0442608498"><ele>94.000</ele></trkpt>
      <trkpt lat="22.4015025324" lon="114.0442544074"><ele>94.000</ele></trkpt>
      <trkpt lat="22.4015198526" lon="114.0442518222"><ele>94.000</ele></trkpt>
      <trkpt lat="22.4015371763" lon="114.0442524477"><ele>94.000</ele></trkpt>
      <trkpt lat="22.4015545012" lon="114.0442556439"><ele>94.000</ele></trkpt>
      <trkpt lat="22.4015700308" lon="114.0442543434"><ele>94.000</ele></trkpt>
      <trkpt lat="22.4015825713" lon="114.0442498350"><ele>94.000</ele></trkpt>
      <trkpt lat="22.4016022757" lon="114.0442408233"><ele>94.000</ele></trkpt>
      <trkpt lat="22.4016279489" lon="114.0442260237"><ele>94.000</ele></trkpt>
      <trkpt lat="22.4016536192" lon="114.0442086553"><ele>96.000</ele></trkpt>
      <trkpt lat="22.4016816761" lon="114.0441867871"><ele>94.000</ele></trkpt>
      <trkpt lat="22.4017019720" lon="114.0441700658"><ele>95.000</ele></trkpt>
      <trkpt lat="22.4017145090" lon="114.0441623457"><ele>95.000</ele></trkpt>
      <trkpt lat="22.4017270490" lon="114.0441571944"><ele>94.000</ele></trkpt>
      <trkpt lat="22.4017497424" lon="114.0441513915"><ele>94.000</ele></trkpt>
      <trkpt lat="22.4017790056" lon="114.0441436556"><ele>94.000</ele></trkpt>
      <trkpt lat="22.4018076668" lon="114.0441307799"><ele>94.000</ele></trkpt>
      <trkpt lat="22.4018387186" lon="114.0441191877"><ele>96.000</ele></trkpt>
      <trkpt lat="22.4018751398" lon="114.0440998813"><ele>94.000</ele></trkpt>
      <trkpt lat="22.4018990200" lon="114.0440844413"><ele>94.000</ele></trkpt>
      <trkpt lat="22.4019318534" lon="114.0440606418"><ele>94.000</ele></trkpt>
      <trkpt lat="22.4019658829" lon="114.0440374841"><ele>94.000</ele></trkpt>
      <trkpt lat="22.4019957341" lon="114.0440188258"><ele>94.000</ele></trkpt>
      <trkpt lat="22.4020237970" lon="114.0440053096"><ele>94.000</ele></trkpt>
      <trkpt lat="22.4020626156" lon="114.0439956368"><ele>94.000</ele></trkpt>
      <trkpt lat="22.4020912800" lon="114.0439866156"><ele>94.000</ele></trkpt>
      <trkpt lat="22.4021163610" lon="114.0439775987"><ele>94.000</ele></trkpt>
      <trkpt lat="22.4021348717" lon="114.0439698730"><ele>94.000</ele></trkpt>
      <trkpt lat="22.4021569697" lon="114.0439659974"><ele>94.000</ele></trkpt>
      <trkpt lat="22.4021748882" lon="114.0439640526"><ele>94.000</ele></trkpt>
      <trkpt lat="22.4021969889" lon="114.0439633896"><ele>94.000</ele></trkpt>
      <trkpt lat="22.4022172938" lon="114.0439588738"><ele>94.000</ele></trkpt>
      <trkpt lat="22.4022364039" lon="114.0439530743"><ele>94.000</ele></trkpt>
      <trkpt lat="22.4022537203" lon="114.0439459916"><ele>94.000</ele></trkpt>
      <trkpt lat="22.4022781994" lon="114.0439318349"><ele>94.000</ele></trkpt>
      <trkpt lat="22.4022984999" lon="114.0439208958"><ele>94.000</ele></trkpt>
      <trkpt lat="22.4023193932" lon="114.0439048157"><ele>94.000</ele></trkpt>
      <trkpt lat="22.4023379023" lon="114.0438951621"><ele>94.000</ele></trkpt>
      <trkpt lat="22.4023605965" lon="114.0438893592"><ele>94.000</ele></trkpt>
      <trkpt lat="22.4023797062" lon="114.0438842016"><ele>94.000</ele></trkpt>
      <trkpt lat="22.4023940384" lon="114.0438796914"><ele>94.000</ele></trkpt>
      <trkpt lat="22.4024137491" lon="114.0438783878"><ele>94.000</ele></trkpt>
      <trkpt lat="22.4024322659" lon="114.0438770853"><ele>94.000</ele></trkpt>
      <trkpt lat="22.4024465981" lon="114.0438725752"><ele>94.000</ele></trkpt>
      <trkpt lat="22.4024603309" lon="114.0438661388"><ele>94.000</ele></trkpt>
      <trkpt lat="22.4024704772" lon="114.0438558503"><ele>94.000</ele></trkpt>
      <trkpt lat="22.4024818145" lon="114.0438410651"><ele>94.000</ele></trkpt>
      <trkpt lat="22.4024889672" lon="114.0438230712"><ele>94.000</ele></trkpt>
      <trkpt lat="22.4024979077" lon="114.0437992943"><ele>94.000</ele></trkpt>
      <trkpt lat="22.4025116250" lon="114.0437729431"><ele>94.000</ele></trkpt>
      <trkpt lat="22.4025211629" lon="114.0437498075"><ele>94.000</ele></trkpt>
      <trkpt lat="22.4025307070" lon="114.0437330962"><ele>94.000</ele></trkpt>
      <trkpt lat="22.4025414455" lon="114.0437170267"><ele>94.000</ele></trkpt>
      <trkpt lat="22.4025575587" lon="114.0436996662"><ele>94.000</ele></trkpt>
      <trkpt lat="22.4025688971" lon="114.0436861658"><ele>94.000</ele></trkpt>
      <trkpt lat="22.4025808261" lon="114.0436649557"><ele>94.000</ele></trkpt>
      <trkpt lat="22.4025951413" lon="114.0436398878"><ele>95.000</ele></trkpt>
      <trkpt lat="22.4026076697" lon="114.0436206049"><ele>94.000</ele></trkpt>
      <trkpt lat="22.4026190065" lon="114.0436051768"><ele>94.000</ele></trkpt>
      <trkpt lat="22.4026369092" lon="114.0435852458"><ele>94.000</ele></trkpt>
      <trkpt lat="22.4026572008" lon="114.0435633848"><ele>94.000</ele></trkpt>
      <trkpt lat="22.4026846524" lon="114.0435325239"><ele>96.000</ele></trkpt>
      <trkpt lat="22.4027132945" lon="114.0434965225"><ele>94.000</ele></trkpt>
      <trkpt lat="22.4027347808" lon="114.0434746613"><ele>94.000</ele></trkpt>
      <trkpt lat="22.4027520876" lon="114.0434560147"><ele>94.000</ele></trkpt>
      <trkpt lat="22.4027717861" lon="114.0434399366"><ele>94.000</ele></trkpt>
      <trkpt lat="22.4027890966" lon="114.0434245027"><ele>96.000</ele></trkpt>
      <trkpt lat="22.4028046176" lon="114.0434129242"><ele>96.000</ele></trkpt>
      <trkpt lat="22.4028159615" lon="114.0434071319"><ele>96.000</ele></trkpt>
      <trkpt lat="22.4028344778" lon="114.0434051875"><ele>96.000</ele></trkpt>
      <trkpt lat="22.4028559785" lon="114.0434019553"><ele>96.000</ele></trkpt>
      <trkpt lat="22.4028828501" lon="114.0433916507"><ele>96.000</ele></trkpt>
      <trkpt lat="22.4029115145" lon="114.0433826303"><ele>96.000</ele></trkpt>
      <trkpt lat="22.4029288309" lon="114.0433755475"><ele>96.000</ele></trkpt>
      <trkpt lat="22.4029425645" lon="114.0433691101"><ele>96.000</ele></trkpt>
      <trkpt lat="22.4029574878" lon="114.0433575330"><ele>96.000</ele></trkpt>
      <trkpt lat="22.4029688288" lon="114.0433472443"><ele>96.000</ele></trkpt>
      <trkpt lat="22.4029759878" lon="114.0433369585"><ele>96.000</ele></trkpt>
      <trkpt lat="22.4029873294" lon="114.0433273117"><ele>98.000</ele></trkpt>
      <trkpt lat="22.4029998651" lon="114.0433170218"><ele>97.000</ele></trkpt>
      <trkpt lat="22.4030118062" lon="114.0433105860"><ele>97.000</ele></trkpt>
      <trkpt lat="22.4030297215" lon="114.0433047875"><ele>97.000</ele></trkpt>
      <trkpt lat="22.4030518211" lon="114.0433028396"><ele>98.000</ele></trkpt>
      <trkpt lat="22.4030769050" lon="114.0432983191"><ele>98.000</ele></trkpt>
      <trkpt lat="22.4030948229" lon="114.0432957323"><ele>98.000</ele></trkpt>
      <trkpt lat="22.4031133357" lon="114.0432905751"><ele>98.000</ele></trkpt>
      <trkpt lat="22.4031354326" lon="114.0432854145"><ele>99.000</ele></trkpt>
      <trkpt lat="22.4031539432" lon="114.0432776886"><ele>98.000</ele></trkpt>
      <trkpt lat="22.4031748426" lon="114.0432680327"><ele>98.000</ele></trkpt>
      <trkpt lat="22.4031933522" lon="114.0432590219"><ele>98.000</ele></trkpt>
      <trkpt lat="22.4032106633" lon="114.0432455147"><ele>98.000</ele></trkpt>
      <trkpt lat="22.4032231990" lon="114.0432352238"><ele>101.000</ele></trkpt>
      <trkpt lat="22.4032369307" lon="114.0432275025"><ele>100.000</ele></trkpt>
      <trkpt lat="22.4032488728" lon="114.0432210667"><ele>100.000</ele></trkpt>
      <trkpt lat="22.4032602182" lon="114.0432172023"><ele>100.000</ele></trkpt>
      <trkpt lat="22.4032751487" lon="114.0432133334"><ele>100.000</ele></trkpt>
      <trkpt lat="22.4032906772" lon="114.0432107488"><ele>100.000</ele></trkpt>
      <trkpt lat="22.4033056089" lon="114.0432094497"><ele>100.000</ele></trkpt>
      <trkpt lat="22.4033247221" lon="114.0432075046"><ele>100.000</ele></trkpt>
      <trkpt lat="22.4033426422" lon="114.0432074875"><ele>100.000</ele></trkpt>
      <trkpt lat="22.4033665340" lon="114.0432061798"><ele>100.000</ele></trkpt>
      <trkpt lat="22.4033844535" lon="114.0432055197"><ele>100.000</ele></trkpt>
      <trkpt lat="22.4033993836" lon="114.0432022937"><ele>100.000</ele></trkpt>
      <trkpt lat="22.4034131184" lon="114.0431971411"><ele>100.000</ele></trkpt>
      <trkpt lat="22.4034262558" lon="114.0431926320"><ele>100.000</ele></trkpt>
      <trkpt lat="22.4034435706" lon="114.0431836224"><ele>100.000</ele></trkpt>
      <trkpt lat="22.4034555121" lon="114.0431765447"><ele>100.000</ele></trkpt>
      <trkpt lat="22.4034668506" lon="114.0431643281"><ele>100.000</ele></trkpt>
      <trkpt lat="22.4034758011" lon="114.0431527567"><ele>100.000</ele></trkpt>
      <trkpt lat="22.4034835568" lon="114.0431411854"><ele>100.000</ele></trkpt>
      <trkpt lat="22.4034913104" lon="114.0431270454"><ele>101.000</ele></trkpt>
      <trkpt lat="22.4034990672" lon="114.0431167600"><ele>102.000</ele></trkpt>
      <trkpt lat="22.4035110084" lon="114.0431103243"><ele>102.000</ele></trkpt>
      <trkpt lat="22.4035271320" lon="114.0431045274"><ele>102.000</ele></trkpt>
      <trkpt lat="22.4035426578" lon="114.0430987312"><ele>102.000</ele></trkpt>
      <trkpt lat="22.4035540016" lon="114.0430929389"><ele>102.000</ele></trkpt>
      <trkpt lat="22.4035671368" lon="114.0430845751"><ele>104.000</ele></trkpt>
      <trkpt lat="22.4035778810" lon="114.0430755718"><ele>104.000</ele></trkpt>
      <trkpt lat="22.4035928064" lon="114.0430665634"><ele>104.000</ele></trkpt>
      <trkpt lat="22.4036095253" lon="114.0430588391"><ele>104.000</ele></trkpt>
      <trkpt lat="22.4036268423" lon="114.0430523982"><ele>104.000</ele></trkpt>
      <trkpt lat="22.4036411734" lon="114.0430466031"><ele>104.000</ele></trkpt>
      <trkpt lat="22.4036555049" lon="114.0430401650"><ele>105.000</ele></trkpt>
      <trkpt lat="22.4036728229" lon="114.0430350099"><ele>105.000</ele></trkpt>
      <trkpt lat="22.4036883508" lon="114.0430317824"><ele>105.000</ele></trkpt>
      <trkpt lat="22.4037014893" lon="114.0430285581"><ele>105.000</ele></trkpt>
      <trkpt lat="22.4037134336" lon="114.0430259770"><ele>105.000</ele></trkpt>
      <trkpt lat="22.4037235857" lon="114.0430227555"><ele>104.000</ele></trkpt>
      <trkpt lat="22.4037355279" lon="114.0430176046"><ele>104.000</ele></trkpt>
      <trkpt lat="22.4037432894" lon="114.0430131006"><ele>104.000</ele></trkpt>
      <trkpt lat="22.4037528427" lon="114.0430085949"><ele>104.000</ele></trkpt>
      <trkpt lat="22.4037623942" lon="114.0430008766"><ele>104.000</ele></trkpt>
      <trkpt lat="22.4037707495" lon="114.0429925174"><ele>104.000</ele></trkpt>
      <trkpt lat="22.4037767173" lon="114.0429854454"><ele>105.000</ele></trkpt>
      <trkpt lat="22.4037831293" lon="114.0429706229"><ele>105.000</ele></trkpt>
      <trkpt lat="22.4037950485" lon="114.0429476421"><ele>105.000</ele></trkpt>
      <trkpt lat="22.4038067357" lon="114.0429278771"><ele>108.000</ele></trkpt>
      <trkpt lat="22.4038232311" lon="114.0429021736"><ele>106.000</ele></trkpt>
      <trkpt lat="22.4038344083" lon="114.0428881876"><ele>108.000</ele></trkpt>
      <trkpt lat="22.4038441809" lon="114.0428683662"><ele>108.000</ele></trkpt>
      <trkpt lat="22.4038563442" lon="114.0428456677"><ele>110.000</ele></trkpt>
      <trkpt lat="22.4038675866" lon="114.0428232033"><ele>108.000</ele></trkpt>
      <trkpt lat="22.4038795184" lon="114.0427935902"><ele>110.000</ele></trkpt>
      <trkpt lat="22.4038829533" lon="114.0427866819"><ele>110.000</ele></trkpt>
      <trkpt lat="22.4038854843" lon="114.0427787837"><ele>110.000</ele></trkpt>
      <trkpt lat="22.4038893817" lon="114.0427632411"><ele>110.000</ele></trkpt>
      <trkpt lat="22.4038909914" lon="114.0427550914"><ele>110.000</ele></trkpt>
      <trkpt lat="22.4038930540" lon="114.0427378121"><ele>111.000</ele></trkpt>
      <trkpt lat="22.4038937432" lon="114.0427304110"><ele>111.000</ele></trkpt>
      <trkpt lat="22.4038935113" lon="114.0427230108"><ele>111.000</ele></trkpt>
      <trkpt lat="22.4038864065" lon="114.0426711858"><ele>112.000</ele></trkpt>
      <trkpt lat="22.4038859466" lon="114.0426610665"><ele>112.000</ele></trkpt>
      <trkpt lat="22.4038861756" lon="114.0426541515"><ele>112.000</ele></trkpt>
      <trkpt lat="22.4038875587" lon="114.0426450210"><ele>114.000</ele></trkpt>
      <trkpt lat="22.4038914562" lon="114.0426297212"><ele>114.000</ele></trkpt>
      <trkpt lat="22.4038969618" lon="114.0426151579"><ele>114.000</ele></trkpt>
      <trkpt lat="22.4039047701" lon="114.0426006021"><ele>114.000</ele></trkpt>
      <trkpt lat="22.4039098128" lon="114.0425941778"><ele>114.000</ele></trkpt>
      <trkpt lat="22.4039291238" lon="114.0425769888"><ele>114.000</ele></trkpt>
      <trkpt lat="22.4039506060" lon="114.0425645564"><ele>112.000</ele></trkpt>
      <trkpt lat="22.4039684998" lon="114.0425590424"><ele>112.000</ele></trkpt>
      <trkpt lat="22.4039905403" lon="114.0425554958"><ele>112.000</ele></trkpt>
      <trkpt lat="22.4040447308" lon="114.0425537927"><ele>117.000</ele></trkpt>
      <trkpt lat="22.4040608029" lon="114.0425512619"><ele>117.000</ele></trkpt>
      <trkpt lat="22.4040856001" lon="114.0425506651"><ele>118.000</ele></trkpt>
      <trkpt lat="22.4041094746" lon="114.0425480977"><ele>118.000</ele></trkpt>
      <trkpt lat="22.4041264588" lon="114.0425455563"><ele>118.000</ele></trkpt>
      <trkpt lat="22.4041613369" lon="114.0425375105"><ele>120.000</ele></trkpt>
      <trkpt lat="22.4041787702" lon="114.0425320066"><ele>122.000</ele></trkpt>
      <trkpt lat="22.4041960292" lon="114.0425232202"><ele>122.000</ele></trkpt>
      <trkpt lat="22.4042087311" lon="114.0425184298"><ele>122.000</ele></trkpt>
      <trkpt lat="22.4042224989" lon="114.0425139977"><ele>124.000</ele></trkpt>
      <trkpt lat="22.4042452118" lon="114.0425046137"><ele>125.000</ele></trkpt>
      <trkpt lat="22.4042587452" lon="114.0425006674"><ele>125.000</ele></trkpt>
      <trkpt lat="22.4042814536" lon="114.0424967220"><ele>124.000</ele></trkpt>
      <trkpt lat="22.4042952222" lon="114.0424932707"><ele>124.000</ele></trkpt>
      <trkpt lat="22.4043094128" lon="114.0424868861"><ele>124.000</ele></trkpt>
      <trkpt lat="22.4043296883" lon="114.0424785242"><ele>124.000</ele></trkpt>
      <trkpt lat="22.4043443669" lon="114.0424725373"><ele>124.000</ele></trkpt>
      <trkpt lat="22.4043562711" lon="114.0424640960"><ele>126.000</ele></trkpt>
      <trkpt lat="22.4043837384" lon="114.0424382943"><ele>122.000</ele></trkpt>
      <trkpt lat="22.4044011381" lon="114.0424248850"><ele>124.000</ele></trkpt>
      <trkpt lat="22.4044130303" lon="114.0424129765"><ele>124.000</ele></trkpt>
      <trkpt lat="22.4044304291" lon="114.0423985863"><ele>122.000</ele></trkpt>
      <trkpt lat="22.4044482987" lon="114.0423856718"><ele>122.000</ele></trkpt>
      <trkpt lat="22.4044638771" lon="114.0423757216"><ele>122.000</ele></trkpt>
      <trkpt lat="22.4044826469" lon="114.0423593488"><ele>121.000</ele></trkpt>
      <trkpt lat="22.4044982141" lon="114.0423469317"><ele>120.000</ele></trkpt>
      <trkpt lat="22.4045192756" lon="114.0423280705"><ele>120.000</ele></trkpt>
      <trkpt lat="22.4045614018" lon="114.0422943104"><ele>118.000</ele></trkpt>
      <trkpt lat="22.4045820146" lon="114.0422789167"><ele>120.000</ele></trkpt>
      <trkpt lat="22.4046007847" lon="114.0422630295"><ele>119.000</ele></trkpt>
      <trkpt lat="22.4046246013" lon="114.0422451464"><ele>118.000</ele></trkpt>
      <trkpt lat="22.4046635233" lon="114.0422133706"><ele>118.000</ele></trkpt>
      <trkpt lat="22.4047033689" lon="114.0421845560"><ele>118.000</ele></trkpt>
      <trkpt lat="22.4047235100" lon="114.0421666959"><ele>118.000</ele></trkpt>
      <trkpt lat="22.4047436631" lon="114.0421522835"><ele>118.000</ele></trkpt>
      <trkpt lat="22.4047592390" lon="114.0421393808"><ele>118.000</ele></trkpt>
      <trkpt lat="22.4047816751" lon="114.0421229850"><ele>118.000</ele></trkpt>
      <trkpt lat="22.4048009156" lon="114.0421080878"><ele>118.000</ele></trkpt>
      <trkpt lat="22.4048325218" lon="114.0420857298"><ele>118.000</ele></trkpt>
      <trkpt lat="22.4048494608" lon="114.0420723208"><ele>118.000</ele></trkpt>
      <trkpt lat="22.4048613633" lon="114.0420618982"><ele>116.000</ele></trkpt>
      <trkpt lat="22.4048892800" lon="114.0420336291"><ele>116.000</ele></trkpt>
      <trkpt lat="22.4049080502" lon="114.0420177418"><ele>118.000</ele></trkpt>
      <trkpt lat="22.4049217842" lon="114.0420053362"><ele>118.000</ele></trkpt>
      <trkpt lat="22.4049355088" lon="114.0419924353"><ele>118.000</ele></trkpt>
      <trkpt lat="22.4049455782" lon="114.0419820242"><ele>116.000</ele></trkpt>
      <trkpt lat="22.4049547149" lon="114.0419773673"><ele>116.000</ele></trkpt>
      <trkpt lat="22.4049827048" lon="114.0419630987"><ele>119.000</ele></trkpt>
      <trkpt lat="22.4050033409" lon="114.0419541245"><ele>118.000</ele></trkpt>
      <trkpt lat="22.4050469181" lon="114.0419386308"><ele>118.000</ele></trkpt>
      <trkpt lat="22.4050657335" lon="114.0419336110"><ele>118.000</ele></trkpt>
      <trkpt lat="22.4051097934" lon="114.0419230602"><ele>116.000</ele></trkpt>
      <trkpt lat="22.4051198922" lon="114.0419230194"><ele>116.000</ele></trkpt>
      <trkpt lat="22.4051690422" lon="114.0419228185"><ele>118.000</ele></trkpt>
      <trkpt lat="22.4051719567" lon="114.0419221786"><ele>118.000</ele></trkpt>
      <trkpt lat="22.4051828112" lon="114.0419197945"><ele>118.000</ele></trkpt>
      <trkpt lat="22.4051878469" lon="114.0419158175"><ele>118.000</ele></trkpt>
      <trkpt lat="22.4051965337" lon="114.0419044268"><ele>118.000</ele></trkpt>
      <trkpt lat="22.4052033676" lon="114.0418910566"><ele>118.000</ele></trkpt>
      <trkpt lat="22.4052115598" lon="114.0418712656"><ele>119.000</ele></trkpt>
      <trkpt lat="22.4052183929" lon="114.0418569145"><ele>119.000</ele></trkpt>
      <trkpt lat="22.4052233822" lon="114.0418405937"><ele>119.000</ele></trkpt>
      <trkpt lat="22.4052434194" lon="114.0417955597"><ele>117.000</ele></trkpt>
      <trkpt lat="22.4052502385" lon="114.0417752747"><ele>116.000</ele></trkpt>
      <trkpt lat="22.4052542943" lon="114.0417550020"><ele>116.000</ele></trkpt>
      <trkpt lat="22.4052556081" lon="114.0417386945"><ele>116.000</ele></trkpt>
      <trkpt lat="22.4052555506" lon="114.0417238839"><ele>114.000</ele></trkpt>
      <trkpt lat="22.4052559990" lon="114.0417201414"><ele>116.000</ele></trkpt>
      <trkpt lat="22.4052582141" lon="114.0417016410"><ele>116.000</ele></trkpt>
      <trkpt lat="22.4052623151" lon="114.0416922359"><ele>116.000</ele></trkpt>
      <trkpt lat="22.4052700693" lon="114.0416778840"><ele>113.000</ele></trkpt>
      <trkpt lat="22.4052874101" lon="114.0416481682"><ele>113.000</ele></trkpt>
      <trkpt lat="22.4052992904" lon="114.0416328119"><ele>113.000</ele></trkpt>
      <trkpt lat="22.4053203299" lon="114.0416095024"><ele>112.000</ele></trkpt>
      <trkpt lat="22.4053313113" lon="114.0415990903"><ele>112.000</ele></trkpt>
      <trkpt lat="22.4053386276" lon="114.0415901677"><ele>112.000</ele></trkpt>
      <trkpt lat="22.4053468526" lon="114.0415772915"><ele>110.000</ele></trkpt>
      <trkpt lat="22.4053650824" lon="114.0415416409"><ele>110.000</ele></trkpt>
      <trkpt lat="22.4053742183" lon="114.0415272778"><ele>110.000</ele></trkpt>
      <trkpt lat="22.4053810513" lon="114.0415129267"><ele>110.000</ele></trkpt>
      <trkpt lat="22.4053837600" lon="114.0415015611"><ele>110.000</ele></trkpt>
      <trkpt lat="22.4053846347" lon="114.0414892068"><ele>110.000</ele></trkpt>
      <trkpt lat="22.4053780084" lon="114.0414378566"><ele>110.000</ele></trkpt>
      <trkpt lat="22.4053793461" lon="114.0414284639"><ele>110.000</ele></trkpt>
      <trkpt lat="22.4053857400" lon="114.0414180659"><ele>110.000</ele></trkpt>
      <trkpt lat="22.4053907650" lon="114.0414121174"><ele>110.000</ele></trkpt>
      <trkpt lat="22.4054081752" lon="114.0414006890"><ele>108.000</ele></trkpt>
      <trkpt lat="22.4054223928" lon="114.0413942071"><ele>108.000</ele></trkpt>
      <trkpt lat="22.4054361400" lon="114.0413867350"><ele>106.000</ele></trkpt>
      <trkpt lat="22.4054503460" lon="114.0413772910"><ele>106.000</ele></trkpt>
      <trkpt lat="22.4054682172" lon="114.0413663575"><ele>106.000</ele></trkpt>
      <trkpt lat="22.4054957206" lon="114.0413514230"><ele>105.000</ele></trkpt>
      <trkpt lat="22.4055085569" lon="114.0413454378"><ele>105.000</ele></trkpt>
      <trkpt lat="22.4055296655" lon="114.0413399204"><ele>104.000</ele></trkpt>
      <trkpt lat="22.4055558201" lon="114.0413319118"><ele>104.000</ele></trkpt>
      <trkpt lat="22.4055961960" lon="114.0413218597"><ele>103.000</ele></trkpt>
      <trkpt lat="22.4056439432" lon="114.0413147528"><ele>102.000</ele></trkpt>
      <trkpt lat="22.4056627598" lon="114.0413112188"><ele>100.000</ele></trkpt>
      <trkpt lat="22.4056769786" lon="114.0413062131"><ele>100.000</ele></trkpt>
      <trkpt lat="22.4056898030" lon="114.0412967801"><ele>100.000</ele></trkpt>
      <trkpt lat="22.4057163490" lon="114.0412709789"><ele>100.000</ele></trkpt>
      <trkpt lat="22.4057396708" lon="114.0412447049"><ele>100.000</ele></trkpt>
      <trkpt lat="22.4057506513" lon="114.0412333022"><ele>100.000</ele></trkpt>
      <trkpt lat="22.4057648458" lon="114.0412208863"><ele>98.000</ele></trkpt>
      <trkpt lat="22.4057795133" lon="114.0412124324"><ele>98.000</ele></trkpt>
      <trkpt lat="22.4057932592" lon="114.0412034840"><ele>98.000</ele></trkpt>
      <trkpt lat="22.4058033421" lon="114.0411985017"><ele>98.000</ele></trkpt>
      <trkpt lat="22.4058189434" lon="114.0411944853"><ele>98.000</ele></trkpt>
      <trkpt lat="22.4058492693" lon="114.0411963400"><ele>98.000</ele></trkpt>
      <trkpt lat="22.4058625772" lon="114.0411928210"><ele>97.000</ele></trkpt>
      <trkpt lat="22.4058786408" lon="114.0411907854"><ele>97.000</ele></trkpt>
      <trkpt lat="22.4058974444" lon="114.0411858878"><ele>96.000</ele></trkpt>
      <trkpt lat="22.4058979166" lon="114.0411857650"><ele>96.000</ele></trkpt>
      <trkpt lat="22.4059070780" lon="114.0411802883"><ele>96.000</ele></trkpt>
      <trkpt lat="22.4059391774" lon="114.0411648443"><ele>97.000</ele></trkpt>
      <trkpt lat="22.4059501715" lon="114.0411588705"><ele>97.000</ele></trkpt>
      <trkpt lat="22.4059625448" lon="114.0411499332"><ele>97.000</ele></trkpt>
      <trkpt lat="22.4059753585" lon="114.0411385189"><ele>96.000</ele></trkpt>
      <trkpt lat="22.4059941392" lon="114.0411246126"><ele>96.000</ele></trkpt>
      <trkpt lat="22.4060174832" lon="114.0411032722"><ele>96.000</ele></trkpt>
      <trkpt lat="22.4060321271" lon="114.0410883889"><ele>95.000</ele></trkpt>
      <trkpt lat="22.4060472329" lon="114.0410749912"><ele>95.000</ele></trkpt>
      <trkpt lat="22.4060669253" lon="114.0410605887"><ele>95.000</ele></trkpt>
      <trkpt lat="22.4061030578" lon="114.0410409257"><ele>94.000</ele></trkpt>
      <trkpt lat="22.4061100167" lon="114.0410365971"><ele>94.000</ele></trkpt>
      <trkpt lat="22.4061180213" lon="114.0410301406"><ele>95.000</ele></trkpt>
      <trkpt lat="22.4061228205" lon="114.0410242019"><ele>95.000</ele></trkpt>
      <trkpt lat="22.4061282939" lon="114.0410145526"><ele>95.000</ele></trkpt>
      <trkpt lat="22.4061314647" lon="114.0410051678"><ele>95.000</ele></trkpt>
      <trkpt lat="22.4061362506" lon="114.0409940429"><ele>94.000</ele></trkpt>
      <trkpt lat="22.4061456255" lon="114.0409848754"><ele>94.000</ele></trkpt>
      <trkpt lat="22.4061547774" lon="114.0409789131"><ele>94.000</ele></trkpt>
      <trkpt lat="22.4061801851" lon="114.0409632619"><ele>93.000</ele></trkpt>
      <trkpt lat="22.4062088076" lon="114.0409475978"><ele>92.000</ele></trkpt>
      <trkpt lat="22.4062273817" lon="114.0409457927"><ele>92.000</ele></trkpt>
      <trkpt lat="22.4062363313" lon="114.0409462502"><ele>92.000</ele></trkpt>
      <trkpt lat="22.4062636205" lon="114.0409451456"><ele>92.000</ele></trkpt>
      <trkpt lat="22.4062909083" lon="114.0409423220"><ele>92.000</ele></trkpt>
      <trkpt lat="22.4063055802" lon="114.0409392971"><ele>90.000</ele></trkpt>
      <trkpt lat="22.4063456846" lon="114.0409285263"><ele>88.000</ele></trkpt>
      <trkpt lat="22.4063644831" lon="114.0409249923"><ele>88.000</ele></trkpt>
      <trkpt lat="22.4063722626" lon="114.0409193518"><ele>88.000</ele></trkpt>
      <trkpt lat="22.4063813762" lon="114.0409108061"><ele>88.000</ele></trkpt>
      <trkpt lat="22.4064000070" lon="114.0409022045"><ele>86.000</ele></trkpt>
      <trkpt lat="22.4064167269" lon="114.0408957638"><ele>88.000</ele></trkpt>
      <trkpt lat="22.4064310557" lon="114.0408873985"><ele>85.000</ele></trkpt>
      <trkpt lat="22.4064483645" lon="114.0408713220"><ele>85.000</ele></trkpt>
      <trkpt lat="22.4064686583" lon="114.0408526717"><ele>88.000</ele></trkpt>
      <trkpt lat="22.4064835782" lon="114.0408372394"><ele>84.000</ele></trkpt>
      <trkpt lat="22.4064985027" lon="114.0408263047"><ele>84.000</ele></trkpt>
      <trkpt lat="22.4065140273" lon="114.0408192222"><ele>84.000</ele></trkpt>
      <trkpt lat="22.4065265629" lon="114.0408089318"><ele>82.000</ele></trkpt>
      <trkpt lat="22.4065402874" lon="114.0407928587"><ele>83.000</ele></trkpt>
      <trkpt lat="22.4065540118" lon="114.0407754997"><ele>83.000</ele></trkpt>
      <trkpt lat="22.4065659436" lon="114.0407581435"><ele>80.000</ele></trkpt>
      <trkpt lat="22.4065772796" lon="114.0407420717"><ele>81.000</ele></trkpt>
      <trkpt lat="22.4065874237" lon="114.0407304988"><ele>81.000</ele></trkpt>
      <trkpt lat="22.4066035413" lon="114.0407176351"><ele>81.000</ele></trkpt>
      <trkpt lat="22.4066220469" lon="114.0407041261"><ele>80.000</ele></trkpt>
      <trkpt lat="22.4066435409" lon="114.0406918991"><ele>80.000</ele></trkpt>
      <trkpt lat="22.4066542867" lon="114.0406848222"><ele>80.000</ele></trkpt>
      <trkpt lat="22.4066644290" lon="114.0406700375"><ele>78.000</ele></trkpt>
      <trkpt lat="22.4066787551" lon="114.0406584594"><ele>79.000</ele></trkpt>
      <trkpt lat="22.4066960698" lon="114.0406494492"><ele>79.000</ele></trkpt>
      <trkpt lat="22.4067133872" lon="114.0406436508"><ele>78.000</ele></trkpt>
      <trkpt lat="22.4067301087" lon="114.0406391379"><ele>78.000</ele></trkpt>
      <trkpt lat="22.4067390601" lon="114.0406288500"><ele>78.000</ele></trkpt>
      <trkpt lat="22.4067474140" lon="114.0406179216"><ele>76.000</ele></trkpt>
      <trkpt lat="22.4067605477" lon="114.0406101995"><ele>76.000</ele></trkpt>
      <trkpt lat="22.4067826446" lon="114.0406050383"><ele>78.000</ele></trkpt>
      <trkpt lat="22.4068035487" lon="114.0406011642"><ele>77.000</ele></trkpt>
      <trkpt lat="22.4068244530" lon="114.0405985740"><ele>77.000</ele></trkpt>
      <trkpt lat="22.4068363999" lon="114.0405992044"><ele>77.000</ele></trkpt>
      <trkpt lat="22.4068459612" lon="114.0406043346"><ele>77.000</ele></trkpt>
      <trkpt lat="22.4068567213" lon="114.0406133175"><ele>74.000</ele></trkpt>
      <trkpt lat="22.4068668837" lon="114.0406223019"><ele>74.000</ele></trkpt>
      <trkpt lat="22.4068764433" lon="114.0406255043"><ele>74.000</ele></trkpt>
      <trkpt lat="22.4068859998" lon="114.0406248530"><ele>72.000</ele></trkpt>
      <trkpt lat="22.4068943575" lon="114.0406184204"><ele>72.000</ele></trkpt>
      <trkpt lat="22.4069051059" lon="114.0406145552"><ele>72.000</ele></trkpt>
      <trkpt lat="22.4069152666" lon="114.0406216118"><ele>72.000</ele></trkpt>
      <trkpt lat="22.4069224379" lon="114.0406261024"><ele>72.000</ele></trkpt>
      <trkpt lat="22.4069313990" lon="114.0406273776"><ele>72.000</ele></trkpt>
      <trkpt lat="22.4069415505" lon="114.0406235140"><ele>72.000</ele></trkpt>
      <trkpt lat="22.4069552815" lon="114.0406151492"><ele>72.000</ele></trkpt>
      <trkpt lat="22.4069690129" lon="114.0406061415"><ele>74.000</ele></trkpt>
      <trkpt lat="22.4069887133" lon="114.0405926323"><ele>72.000</ele></trkpt>
      <trkpt lat="22.4070018490" lon="114.0405861950"><ele>72.000</ele></trkpt>
      <trkpt lat="22.4070143916" lon="114.0405842559"><ele>72.000</ele></trkpt>
      <trkpt lat="22.4070275327" lon="114.0405842431"><ele>70.000</ele></trkpt>
      <trkpt lat="22.4070430595" lon="114.0405797304"><ele>70.000</ele></trkpt>
      <trkpt lat="22.4070729173" lon="114.0405694230"><ele>70.000</ele></trkpt>
      <trkpt lat="22.4071009873" lon="114.0405636141"><ele>70.000</ele></trkpt>
      <trkpt lat="22.4071296542" lon="114.0405578045"><ele>71.000</ele></trkpt>
      <trkpt lat="22.4071565280" lon="114.0405513538"><ele>70.000</ele></trkpt>
      <trkpt lat="22.4071869825" lon="114.0405397610"><ele>70.000</ele></trkpt>
      <trkpt lat="22.4072066855" lon="114.0405294626"><ele>68.000</ele></trkpt>
      <trkpt lat="22.4072239991" lon="114.0405191674"><ele>68.000</ele></trkpt>
      <trkpt lat="22.4072377267" lon="114.0405056640"><ele>70.000</ele></trkpt>
      <trkpt lat="22.4072526459" lon="114.0404895887"><ele>68.000</ele></trkpt>
      <trkpt lat="22.4072741253" lon="114.0404600169"><ele>68.000</ele></trkpt>
      <trkpt lat="22.4072962015" lon="114.0404304445"><ele>68.000</ele></trkpt>
      <trkpt lat="22.4073152925" lon="114.0404021599"><ele>67.000</ele></trkpt>
      <trkpt lat="22.4073307992" lon="114.0403738779"><ele>67.000</ele></trkpt>
      <trkpt lat="22.4073475072" lon="114.0403533051"><ele>66.000</ele></trkpt>
      <trkpt lat="22.4073612290" lon="114.0403340191"><ele>66.000</ele></trkpt>
      <trkpt lat="22.4073737526" lon="114.0403095946"><ele>67.000</ele></trkpt>
      <trkpt lat="22.4073868774" lon="114.0402903102"><ele>66.000</ele></trkpt>
      <trkpt lat="22.4073982134" lon="114.0402742383"><ele>66.000</ele></trkpt>
      <trkpt lat="22.4074101489" lon="114.0402613786"><ele>66.000</ele></trkpt>
      <trkpt lat="22.4074256665" lon="114.0402459455"><ele>66.000</ele></trkpt>
      <trkpt lat="22.4074405857" lon="114.0402298701"><ele>66.000</ele></trkpt>
      <trkpt lat="22.4074555074" lon="114.0402157226"><ele>67.000</ele></trkpt>
      <trkpt lat="22.4074698357" lon="114.0402067152"><ele>66.000</ele></trkpt>
      <trkpt lat="22.4074817756" lon="114.0401989941"><ele>66.000</ele></trkpt>
      <trkpt lat="22.4074943155" lon="114.0401938432"><ele>66.000</ele></trkpt>
      <trkpt lat="22.4075110397" lon="114.0401925419"><ele>66.000</ele></trkpt>
      <trkpt lat="22.4075253729" lon="114.0401893152"><ele>66.000</ele></trkpt>
      <trkpt lat="22.4075486619" lon="114.0401822259"><ele>66.000</ele></trkpt>
      <trkpt lat="22.4075785213" lon="114.0401738453"><ele>65.000</ele></trkpt>
      <trkpt lat="22.4076006171" lon="114.0401674001"><ele>68.000</ele></trkpt>
      <trkpt lat="22.4076233128" lon="114.0401635232"><ele>68.000</ele></trkpt>
      <trkpt lat="22.4076436207" lon="114.0401615755"><ele>68.000</ele></trkpt>
      <trkpt lat="22.4076615382" lon="114.0401596311"><ele>66.000</ele></trkpt>
      <trkpt lat="22.4076764736" lon="114.0401615434"><ele>66.000</ele></trkpt>
      <trkpt lat="22.4076997733" lon="114.0401660183"><ele>68.000</ele></trkpt>
      <trkpt lat="22.4077170993" lon="114.0401704980"><ele>68.000</ele></trkpt>
      <trkpt lat="22.4077386079" lon="114.0401756166"><ele>65.000</ele></trkpt>
      <trkpt lat="22.4077553360" lon="114.0401788120"><ele>65.000</ele></trkpt>
      <trkpt lat="22.4077696729" lon="114.0401800829"><ele>65.000</ele></trkpt>
      <trkpt lat="22.4077840088" lon="114.0401800689"><ele>64.000</ele></trkpt>
      <trkpt lat="22.4077977430" lon="114.0401755588"><ele>64.000</ele></trkpt>
      <trkpt lat="22.4078102840" lon="114.0401716918"><ele>66.000</ele></trkpt>
      <trkpt lat="22.4078216297" lon="114.0401671840"><ele>66.000</ele></trkpt>
      <trkpt lat="22.4078323743" lon="114.0401588221"><ele>64.000</ele></trkpt>
      <trkpt lat="22.4078413240" lon="114.0401466072"><ele>64.000</ele></trkpt>
      <trkpt lat="22.4078496754" lon="114.0401337509"><ele>64.000</ele></trkpt>
      <trkpt lat="22.4078562334" lon="114.0401189685"><ele>66.000</ele></trkpt>
      <trkpt lat="22.4078651821" lon="114.0401054697"><ele>66.000</ele></trkpt>
      <trkpt lat="22.4078759196" lon="114.0400887563"><ele>64.000</ele></trkpt>
      <trkpt lat="22.4078932270" lon="114.0400701087"><ele>66.000</ele></trkpt>
      <trkpt lat="22.4079105362" lon="114.0400546738"><ele>66.000</ele></trkpt>
      <trkpt lat="22.4079302376" lon="114.0400424494"><ele>64.000</ele></trkpt>
      <trkpt lat="22.4079511348" lon="114.0400315077"><ele>64.000</ele></trkpt>
      <trkpt lat="22.4079768104" lon="114.0400199184"><ele>64.000</ele></trkpt>
      <trkpt lat="22.4079929319" lon="114.0400128370"><ele>64.000</ele></trkpt>
      <trkpt lat="22.4080054691" lon="114.0400044733"><ele>64.000</ele></trkpt>
      <trkpt lat="22.4080162077" lon="114.0399890439"><ele>62.000</ele></trkpt>
      <trkpt lat="22.4080239577" lon="114.0399710495"><ele>63.000</ele></trkpt>
      <trkpt lat="22.4080281224" lon="114.0399504879"><ele>63.000</ele></trkpt>
      <trkpt lat="22.4080293002" lon="114.0399305721"><ele>63.000</ele></trkpt>
      <trkpt lat="22.4080304826" lon="114.0399170798"><ele>64.000</ele></trkpt>
      <trkpt lat="22.4080322665" lon="114.0399067998"><ele>64.000</ele></trkpt>
      <trkpt lat="22.4080376374" lon="114.0399010129"><ele>64.000</ele></trkpt>
      <trkpt lat="22.4080459958" lon="114.0398965070"><ele>64.000</ele></trkpt>
      <trkpt lat="22.4080663021" lon="114.0398926334"><ele>64.000</ele></trkpt>
      <trkpt lat="22.4081003480" lon="114.0398906722"><ele>63.000</ele></trkpt>
      <trkpt lat="22.4081427549" lon="114.0398861339"><ele>63.000</ele></trkpt>
      <trkpt lat="22.4081732150" lon="114.0398822493"><ele>62.000</ele></trkpt>
      <trkpt lat="22.4081965071" lon="114.0398777298"><ele>62.000</ele></trkpt>
      <trkpt lat="22.4082054633" lon="114.0398732243"><ele>62.000</ele></trkpt>
      <trkpt lat="22.4082162096" lon="114.0398667892"><ele>62.000</ele></trkpt>
      <trkpt lat="22.4082215760" lon="114.0398545778"><ele>62.000</ele></trkpt>
      <trkpt lat="22.4082239504" lon="114.0398378726"><ele>62.000</ele></trkpt>
      <trkpt lat="22.4082239357" lon="114.0398205277"><ele>62.000</ele></trkpt>
      <trkpt lat="22.4082215199" lon="114.0397884093"><ele>62.000</ele></trkpt>
      <trkpt lat="22.4082197044" lon="114.0397614298"><ele>62.000</ele></trkpt>
      <trkpt lat="22.4082166908" lon="114.0397293120"><ele>62.000</ele></trkpt>
      <trkpt lat="22.4082178741" lon="114.0397158197"><ele>62.000</ele></trkpt>
      <trkpt lat="22.4082202510" lon="114.0397010423"><ele>62.000</ele></trkpt>
      <trkpt lat="22.4082238251" lon="114.0396901176"><ele>62.000</ele></trkpt>
      <trkpt lat="22.4082303864" lon="114.0396791899"><ele>62.000</ele></trkpt>
      <trkpt lat="22.4082363513" lon="114.0396689057"><ele>60.000</ele></trkpt>
      <trkpt lat="22.4082441106" lon="114.0396618316"><ele>60.000</ele></trkpt>
      <trkpt lat="22.4082536610" lon="114.0396541127"><ele>60.000</ele></trkpt>
      <trkpt lat="22.4082679898" lon="114.0396457472"><ele>60.000</ele></trkpt>
      <trkpt lat="22.4082864975" lon="114.0396348078"><ele>59.000</ele></trkpt>
      <trkpt lat="22.4083187300" lon="114.0396071520"><ele>59.000</ele></trkpt>
      <trkpt lat="22.4083473761" lon="114.0395769308"><ele>58.000</ele></trkpt>
      <trkpt lat="22.4083730353" lon="114.0395460696"><ele>56.000</ele></trkpt>
      <trkpt lat="22.4083927202" lon="114.0395145714"><ele>57.000</ele></trkpt>
      <trkpt lat="22.4084076354" lon="114.0394927151"><ele>57.000</ele></trkpt>
      <trkpt lat="22.4084141934" lon="114.0394779327"><ele>58.000</ele></trkpt>
      <trkpt lat="22.4084183625" lon="114.0394637955"><ele>56.000</ele></trkpt>
      <trkpt lat="22.4084189483" lon="114.0394496618"><ele>56.000</ele></trkpt>
      <trkpt lat="22.4084219232" lon="114.0394361678"><ele>57.000</ele></trkpt>
      <trkpt lat="22.4084249019" lon="114.0394271715"><ele>57.000</ele></trkpt>
      <trkpt lat="22.4084314665" lon="114.0394200985"><ele>57.000</ele></trkpt>
      <trkpt lat="22.4084416130" lon="114.0394104521"><ele>57.000</ele></trkpt>
      <trkpt lat="22.4084678822" lon="114.0393950083"><ele>56.000</ele></trkpt>
      <trkpt lat="22.4084881808" lon="114.0393821402"><ele>58.000</ele></trkpt>
      <trkpt lat="22.4085401266" lon="114.0393563917"><ele>56.000</ele></trkpt>
      <trkpt lat="22.4085735636" lon="114.0393402989"><ele>57.000</ele></trkpt>
      <trkpt lat="22.4086052064" lon="114.0393222799"><ele>56.000</ele></trkpt>
      <trkpt lat="22.4086189383" lon="114.0393139149"><ele>56.000</ele></trkpt>
      <trkpt lat="22.4086308803" lon="114.0393087635"><ele>56.000</ele></trkpt>
      <trkpt lat="22.4086428240" lon="114.0393055400"><ele>56.000</ele></trkpt>
      <trkpt lat="22.4086529798" lon="114.0393068149"><ele>56.000</ele></trkpt>
      <trkpt lat="22.4086649284" lon="114.0393093729"><ele>56.000</ele></trkpt>
      <trkpt lat="22.4086780739" lon="114.0393144987"><ele>56.000</ele></trkpt>
      <trkpt lat="22.4086942105" lon="114.0393241192"><ele>56.000</ele></trkpt>
      <trkpt lat="22.4087121390" lon="114.0393350229"><ele>56.000</ele></trkpt>
      <trkpt lat="22.4087270765" lon="114.0393395049"><ele>56.000</ele></trkpt>
      <trkpt lat="22.4087473884" lon="114.0393433397"><ele>56.000</ele></trkpt>
      <trkpt lat="22.4087700868" lon="114.0393426753"><ele>56.000</ele></trkpt>
      <trkpt lat="22.4087933827" lon="114.0393426524"><ele>54.000</ele></trkpt>
      <trkpt lat="22.4088083111" lon="114.0393374981"><ele>54.000</ele></trkpt>
      <trkpt lat="22.4088393614" lon="114.0393246193"><ele>54.000</ele></trkpt>
      <trkpt lat="22.4088674258" lon="114.0393123855"><ele>52.000</ele></trkpt>
      <trkpt lat="22.4088871283" lon="114.0393014448"><ele>52.000</ele></trkpt>
      <trkpt lat="22.4089116063" lon="114.0392866456"><ele>52.000</ele></trkpt>
      <trkpt lat="22.4089330987" lon="114.0392737752"><ele>52.000</ele></trkpt>
      <trkpt lat="22.4089587688" lon="114.0392557621"><ele>50.000</ele></trkpt>
      <trkpt lat="22.4089754865" lon="114.0392467522"><ele>50.000</ele></trkpt>
      <trkpt lat="22.4089963863" lon="114.0392390230"><ele>50.000</ele></trkpt>
      <trkpt lat="22.4090160942" lon="114.0392345059"><ele>50.000</ele></trkpt>
      <trkpt lat="22.4090334146" lon="114.0392312771"><ele>50.000</ele></trkpt>
      <trkpt lat="22.4090561111" lon="114.0392293278"><ele>51.000</ele></trkpt>
      <trkpt lat="22.4090800044" lon="114.0392299463"><ele>51.000</ele></trkpt>
      <trkpt lat="22.4091098725" lon="114.0392318438"><ele>52.000</ele></trkpt>
      <trkpt lat="22.4091439221" lon="114.0392330951"><ele>52.000</ele></trkpt>
      <trkpt lat="22.4091642307" lon="114.0392330751"><ele>52.000</ele></trkpt>
      <trkpt lat="22.4091851366" lon="114.0392324126"><ele>52.000</ele></trkpt>
      <trkpt lat="22.4092018559" lon="114.0392253295"><ele>52.000</ele></trkpt>
      <trkpt lat="22.4092185731" lon="114.0392156767"><ele>52.000</ele></trkpt>
      <trkpt lat="22.4092328963" lon="114.0392008864"><ele>52.000</ele></trkpt>
      <trkpt lat="22.4092448285" lon="114.0391841717"><ele>52.000</ele></trkpt>
      <trkpt lat="22.4092543685" lon="114.0391642475"><ele>52.000</ele></trkpt>
      <trkpt lat="22.4092680806" lon="114.0391327558"><ele>52.000</ele></trkpt>
      <trkpt lat="22.4092823809" lon="114.0390909842"><ele>52.000</ele></trkpt>
      <trkpt lat="22.4093020444" lon="114.0390344312"><ele>52.000</ele></trkpt>
      <trkpt lat="22.4093199278" lon="114.0389913721"><ele>52.000</ele></trkpt>
      <trkpt lat="22.4093360173" lon="114.0389457439"><ele>52.000</ele></trkpt>
      <trkpt lat="22.4093473440" lon="114.0389200362"><ele>52.000</ele></trkpt>
      <trkpt lat="22.4093592737" lon="114.0388994667"><ele>52.000</ele></trkpt>
      <trkpt lat="22.4093735906" lon="114.0388782528"><ele>50.000</ele></trkpt>
      <trkpt lat="22.4093885068" lon="114.0388576803"><ele>52.000</ele></trkpt>
      <trkpt lat="22.4094004405" lon="114.0388428924"><ele>52.000</ele></trkpt>
      <trkpt lat="22.4094135735" lon="114.0388332430"><ele>51.000</ele></trkpt>
      <trkpt lat="22.4094261111" lon="114.0388255220"><ele>51.000</ele></trkpt>
      <trkpt lat="22.4094452193" lon="114.0388177936"><ele>51.000</ele></trkpt>
      <trkpt lat="22.4094625361" lon="114.0388113529"><ele>50.000</ele></trkpt>
      <trkpt lat="22.4094774626" lon="114.0388029866"><ele>52.000</ele></trkpt>
      <trkpt lat="22.4094911935" lon="114.0387946215"><ele>52.000</ele></trkpt>
      <trkpt lat="22.4095037301" lon="114.0387856147"><ele>52.000</ele></trkpt>
      <trkpt lat="22.4095162633" lon="114.0387727540"><ele>52.000</ele></trkpt>
      <trkpt lat="22.4095281971" lon="114.0387579671"><ele>52.000</ele></trkpt>
      <trkpt lat="22.4095431123" lon="114.0387373945"><ele>52.000</ele></trkpt>
      <trkpt lat="22.4095538486" lon="114.0387193960"><ele>52.000</ele></trkpt>
      <trkpt lat="22.4095615985" lon="114.0387014003"><ele>53.000</ele></trkpt>
      <trkpt lat="22.4095699479" lon="114.0386853320"><ele>53.000</ele></trkpt>
      <trkpt lat="22.4095794944" lon="114.0386731163"><ele>53.000</ele></trkpt>
      <trkpt lat="22.4095950146" lon="114.0386608946"><ele>52.000</ele></trkpt>
      <trkpt lat="22.4096087459" lon="114.0386518876"><ele>52.000</ele></trkpt>
      <trkpt lat="22.4096206818" lon="114.0386396695"><ele>52.000</ele></trkpt>
      <trkpt lat="22.4096314187" lon="114.0386223128"><ele>52.000</ele></trkpt>
      <trkpt lat="22.4096397666" lon="114.0386056025"><ele>50.000</ele></trkpt>
      <trkpt lat="22.4096517007" lon="114.0385901726"><ele>50.000</ele></trkpt>
      <trkpt lat="22.4096642279" lon="114.0385702443"><ele>50.000</ele></trkpt>
      <trkpt lat="22.4096791442" lon="114.0385509576"><ele>48.000</ele></trkpt>
      <trkpt lat="22.4096904816" lon="114.0385368132"><ele>48.000</ele></trkpt>
      <trkpt lat="22.4097042070" lon="114.0385220235"><ele>48.000</ele></trkpt>
      <trkpt lat="22.4097149510" lon="114.0385130193"><ele>48.000</ele></trkpt>
      <trkpt lat="22.4097250959" lon="114.0385014450"><ele>47.000</ele></trkpt>
      <trkpt lat="22.4097346449" lon="114.0384911571"><ele>47.000</ele></trkpt>
      <trkpt lat="22.4097388150" lon="114.0384783047"><ele>47.000</ele></trkpt>
      <trkpt lat="22.4097417904" lon="114.0384654534"><ele>48.000</ele></trkpt>
      <trkpt lat="22.4097423767" lon="114.0384519616"><ele>48.000</ele></trkpt>
      <trkpt lat="22.4097417667" lon="114.0384378290"><ele>48.000</ele></trkpt>
      <trkpt lat="22.4097423426" lon="114.0384121309"><ele>48.000</ele></trkpt>
      <trkpt lat="22.4097447089" lon="114.0383851471"><ele>48.000</ele></trkpt>
      <trkpt lat="22.4097488630" lon="114.0383536647"><ele>48.000</ele></trkpt>
      <trkpt lat="22.4097512261" lon="114.0383228251"><ele>48.000</ele></trkpt>
      <trkpt lat="22.4097553835" lon="114.0382951975"><ele>48.000</ele></trkpt>
      <trkpt lat="22.4097601388" lon="114.0382675684"><ele>48.000</ele></trkpt>
      <trkpt lat="22.4097672881" lon="114.0382463615"><ele>48.000</ele></trkpt>
      <trkpt lat="22.4097696704" lon="114.0382380076"><ele>48.000</ele></trkpt>
      <trkpt lat="22.4097714532" lon="114.0382277264"><ele>48.000</ele></trkpt>
      <trkpt lat="22.4097744256" lon="114.0382103784"><ele>48.000</ele></trkpt>
      <trkpt lat="22.4097797915" lon="114.0381988097"><ele>48.000</ele></trkpt>
      <trkpt lat="22.4097893358" lon="114.0381840241"><ele>48.000</ele></trkpt>
      <trkpt lat="22.4098012662" lon="114.0381653823"><ele>48.000</ele></trkpt>
      <trkpt lat="22.4098137950" lon="114.0381473818"><ele>48.000</ele></trkpt>
      <trkpt lat="22.4098233398" lon="114.0381332392"><ele>48.000</ele></trkpt>
      <trkpt lat="22.4098334808" lon="114.0381171680"><ele>48.000</ele></trkpt>
      <trkpt lat="22.4098448126" lon="114.0380965999"><ele>48.000</ele></trkpt>
      <trkpt lat="22.4098543552" lon="114.0380798873"><ele>48.000</ele></trkpt>
      <trkpt lat="22.4098603140" lon="114.0380625354"><ele>48.000</ele></trkpt>
      <trkpt lat="22.4098620930" lon="114.0380477584"><ele>48.000</ele></trkpt>
      <trkpt lat="22.4098626781" lon="114.0380329817"><ele>48.000</ele></trkpt>
      <trkpt lat="22.4098626648" lon="114.0380175635"><ele>48.000</ele></trkpt>
      <trkpt lat="22.4098632441" lon="114.0379970051"><ele>48.000</ele></trkpt>
      <trkpt lat="22.4098626328" lon="114.0379803036"><ele>48.000</ele></trkpt>
      <trkpt lat="22.4098632171" lon="114.0379655268"><ele>48.000</ele></trkpt>
      <trkpt lat="22.4098632033" lon="114.0379494658"><ele>48.000</ele></trkpt>
      <trkpt lat="22.4098673711" lon="114.0379340435"><ele>48.000</ele></trkpt>
      <trkpt lat="22.4098703462" lon="114.0379199073"><ele>48.000</ele></trkpt>
      <trkpt lat="22.4098780966" lon="114.0379025545"><ele>48.000</ele></trkpt>
      <trkpt lat="22.4098870414" lon="114.0378858426"><ele>48.000</ele></trkpt>
      <trkpt lat="22.4098953929" lon="114.0378723430"><ele>48.000</ele></trkpt>
      <trkpt lat="22.4099037391" lon="114.0378537047"><ele>48.000</ele></trkpt>
      <trkpt lat="22.4099108926" lon="114.0378363525"><ele>48.000</ele></trkpt>
      <trkpt lat="22.4099210313" lon="114.0378177115"><ele>48.000</ele></trkpt>
      <trkpt lat="22.4099329617" lon="114.0377990696"><ele>48.000</ele></trkpt>
      <trkpt lat="22.4099436984" lon="114.0377817129"><ele>49.000</ele></trkpt>
      <trkpt lat="22.4099568213" lon="114.0377605000"><ele>48.000</ele></trkpt>
      <trkpt lat="22.4099717445" lon="114.0377482798"><ele>48.000</ele></trkpt>
      <trkpt lat="22.4099866740" lon="114.0377444102"><ele>48.000</ele></trkpt>
      <trkpt lat="22.4100010082" lon="114.0377424680"><ele>48.000</ele></trkpt>
      <trkpt lat="22.4100135541" lon="114.0377443834"><ele>48.000</ele></trkpt>
      <trkpt lat="22.4100296866" lon="114.0377501490"><ele>48.000</ele></trkpt>
      <trkpt lat="22.4100416412" lon="114.0377597736"><ele>48.000</ele></trkpt>
      <trkpt lat="22.4100518043" lon="114.0377694000"><ele>48.000</ele></trkpt>
      <trkpt lat="22.4100667468" lon="114.0377796636"><ele>48.000</ele></trkpt>
      <trkpt lat="22.4100804904" lon="114.0377860736"><ele>48.000</ele></trkpt>
      <trkpt lat="22.4100918432" lon="114.0377899171"><ele>48.000</ele></trkpt>
      <trkpt lat="22.4101067797" lon="114.0377931150"><ele>48.000</ele></trkpt>
      <trkpt lat="22.4101217119" lon="114.0377924572"><ele>48.000</ele></trkpt>
      <trkpt lat="22.4101360466" lon="114.0377911580"><ele>48.000</ele></trkpt>
      <trkpt lat="22.4101509770" lon="114.0377872893"><ele>48.000</ele></trkpt>
      <trkpt lat="22.4101676976" lon="114.0377827749"><ele>48.000</ele></trkpt>
      <trkpt lat="22.4101796393" lon="114.0377763394"><ele>46.000</ele></trkpt>
      <trkpt lat="22.4101921760" lon="114.0377686173"><ele>46.000</ele></trkpt>
      <trkpt lat="22.4102035172" lon="114.0377589696"><ele>46.000</ele></trkpt>
      <trkpt lat="22.4102112726" lon="114.0377473984"><ele>46.000</ele></trkpt>
      <trkpt lat="22.4102190246" lon="114.0377319725"><ele>47.000</ele></trkpt>
      <trkpt lat="22.4102285672" lon="114.0377152599"><ele>46.000</ele></trkpt>
      <trkpt lat="22.4102387120" lon="114.0377036864"><ele>46.000</ele></trkpt>
      <trkpt lat="22.4102488568" lon="114.0376921129"><ele>48.000</ele></trkpt>
      <trkpt lat="22.4102625841" lon="114.0376786080"><ele>48.000</ele></trkpt>
      <trkpt lat="22.4102757192" lon="114.0376715283"><ele>47.000</ele></trkpt>
      <trkpt lat="22.4102954248" lon="114.0376644420"><ele>47.000</ele></trkpt>
      <trkpt lat="22.4103133426" lon="114.0376618543"><ele>47.000</ele></trkpt>
      <trkpt lat="22.4103432074" lon="114.0376598976"><ele>47.000</ele></trkpt>
      <trkpt lat="22.4103611266" lon="114.0376598798"><ele>48.000</ele></trkpt>
      <trkpt lat="22.4103790505" lon="114.0376643587"><ele>48.000</ele></trkpt>
      <trkpt lat="22.4103933947" lon="114.0376739809"><ele>48.000</ele></trkpt>
      <trkpt lat="22.4104125244" lon="114.0376913070"><ele>49.000</ele></trkpt>
      <trkpt lat="22.4104250830" lon="114.0377079976"><ele>46.000</ele></trkpt>
      <trkpt lat="22.4104376412" lon="114.0377253312"><ele>46.000</ele></trkpt>
      <trkpt lat="22.4104531857" lon="114.0377413759"><ele>46.000</ele></trkpt>
      <trkpt lat="22.4104681298" lon="114.0377535674"><ele>46.000</ele></trkpt>
      <trkpt lat="22.4104806803" lon="114.0377619055"><ele>46.000</ele></trkpt>
      <trkpt lat="22.4104986043" lon="114.0377663854"><ele>45.000</ele></trkpt>
      <trkpt lat="22.4105201102" lon="114.0377682910"><ele>45.000</ele></trkpt>
      <trkpt lat="22.4105374291" lon="114.0377644199"><ele>43.000</ele></trkpt>
      <trkpt lat="22.4105535489" lon="114.0377554093"><ele>43.000</ele></trkpt>
      <trkpt lat="22.4105660831" lon="114.0377438334"><ele>43.000</ele></trkpt>
      <trkpt lat="22.4105833938" lon="114.0377303249"><ele>42.000</ele></trkpt>
      <trkpt lat="22.4105977153" lon="114.0377136074"><ele>42.000</ele></trkpt>
      <trkpt lat="22.4106108475" lon="114.0377033159"><ele>42.000</ele></trkpt>
      <trkpt lat="22.4106215929" lon="114.0376949536"><ele>42.000</ele></trkpt>
      <trkpt lat="22.4106365152" lon="114.0376827323"><ele>42.000</ele></trkpt>
      <trkpt lat="22.4106538229" lon="114.0376647270"><ele>42.000</ele></trkpt>
      <trkpt lat="22.4106693380" lon="114.0376467234"><ele>42.000</ele></trkpt>
      <trkpt lat="22.4106812722" lon="114.0376325783"><ele>40.000</ele></trkpt>
      <trkpt lat="22.4106961900" lon="114.0376152182"><ele>40.000</ele></trkpt>
      <trkpt lat="22.4107123029" lon="114.0375972141"><ele>40.000</ele></trkpt>
      <trkpt lat="22.4107272169" lon="114.0375753563"><ele>38.000</ele></trkpt>
      <trkpt lat="22.4107456951" lon="114.0375303681"><ele>39.000</ele></trkpt>
      <trkpt lat="22.4107629956" lon="114.0375040111"><ele>36.000</ele></trkpt>
      <trkpt lat="22.4107814854" lon="114.0374725142"><ele>36.000</ele></trkpt>
      <trkpt lat="22.4107987866" lon="114.0374480841"><ele>38.000</ele></trkpt>
      <trkpt lat="22.4108220603" lon="114.0374223642"><ele>36.000</ele></trkpt>
      <trkpt lat="22.4108519046" lon="114.0373966376"><ele>36.000</ele></trkpt>
      <trkpt lat="22.4108895108" lon="114.0373670475"><ele>36.000</ele></trkpt>
      <trkpt lat="22.4109169684" lon="114.0373445352"><ele>35.000</ele></trkpt>
      <trkpt lat="22.4109360694" lon="114.0373284559"><ele>35.000</ele></trkpt>
      <trkpt lat="22.4109527753" lon="114.0373059543"><ele>34.000</ele></trkpt>
      <trkpt lat="22.4109676870" lon="114.0372815265"><ele>34.000</ele></trkpt>
      <trkpt lat="22.4109796149" lon="114.0372590297"><ele>34.000</ele></trkpt>
      <trkpt lat="22.4109903493" lon="114.0372391039"><ele>32.000</ele></trkpt>
      <trkpt lat="22.4109969049" lon="114.0372217522"><ele>32.000</ele></trkpt>
      <trkpt lat="22.4110034649" lon="114.0372095392"><ele>32.000</ele></trkpt>
      <trkpt lat="22.4110118205" lon="114.0372018212"><ele>34.000</ele></trkpt>
      <trkpt lat="22.4110243597" lon="114.0371960270"><ele>34.000</ele></trkpt>
      <trkpt lat="22.4110398936" lon="114.0371998662"><ele>34.000</ele></trkpt>
      <trkpt lat="22.4110566173" lon="114.0371979226"><ele>34.000</ele></trkpt>
      <trkpt lat="22.4110727381" lon="114.0371901969"><ele>34.000</ele></trkpt>
      <trkpt lat="22.4110858682" lon="114.0371773353"><ele>33.000</ele></trkpt>
      <trkpt lat="22.4110990004" lon="114.0371670437"><ele>33.000</ele></trkpt>
      <trkpt lat="22.4111121369" lon="114.0371606059"><ele>33.000</ele></trkpt>
      <trkpt lat="22.4111276625" lon="114.0371548086"><ele>34.000</ele></trkpt>
      <trkpt lat="22.4111437884" lon="114.0371528646"><ele>34.000</ele></trkpt>
      <trkpt lat="22.4111634984" lon="114.0371509180"><ele>34.000</ele></trkpt>
      <trkpt lat="22.4111873915" lon="114.0371502521"><ele>34.000</ele></trkpt>
      <trkpt lat="22.4112077029" lon="114.0371534437"><ele>34.000</ele></trkpt>
      <trkpt lat="22.4112256219" lon="114.0371521408"><ele>34.000</ele></trkpt>
      <trkpt lat="22.4112584691" lon="114.0371456833"><ele>33.000</ele></trkpt>
      <trkpt lat="22.4112853403" lon="114.0371353779"><ele>33.000</ele></trkpt>
      <trkpt lat="22.4113134068" lon="114.0371257132"><ele>32.000</ele></trkpt>
      <trkpt lat="22.4113348991" lon="114.0371128433"><ele>32.000</ele></trkpt>
      <trkpt lat="22.4113534027" lon="114.0370974065"><ele>32.000</ele></trkpt>
      <trkpt lat="22.4113677291" lon="114.0370864707"><ele>32.000</ele></trkpt>
      <trkpt lat="22.4113778711" lon="114.0370716842"><ele>32.000</ele></trkpt>
      <trkpt lat="22.4113862209" lon="114.0370562575"><ele>33.000</ele></trkpt>
      <trkpt lat="22.4113903848" lon="114.0370363382"><ele>33.000</ele></trkpt>
      <trkpt lat="22.4113927537" lon="114.0370125659"><ele>30.000</ele></trkpt>
      <trkpt lat="22.4113957167" lon="114.0369855811"><ele>32.000</ele></trkpt>
      <trkpt lat="22.4113974900" lon="114.0369643793"><ele>32.000</ele></trkpt>
      <trkpt lat="22.4114004584" lon="114.0369425333"><ele>32.000</ele></trkpt>
      <trkpt lat="22.4113980578" lon="114.0369296873"><ele>32.000</ele></trkpt>
      <trkpt lat="22.4113878947" lon="114.0369200609"><ele>34.000</ele></trkpt>
      <trkpt lat="22.4113735505" lon="114.0369104387"><ele>34.000</ele></trkpt>
      <trkpt lat="22.4113592046" lon="114.0368988895"><ele>34.000</ele></trkpt>
      <trkpt lat="22.4113472448" lon="114.0368834832"><ele>34.000</ele></trkpt>
      <trkpt lat="22.4113394656" lon="114.0368674297"><ele>36.000</ele></trkpt>
      <trkpt lat="22.4113328767" lon="114.0368462363"><ele>38.000</ele></trkpt>
      <trkpt lat="22.4113262939" lon="114.0368321095"><ele>38.000</ele></trkpt>
      <trkpt lat="22.4113101488" lon="114.0368128526"><ele>38.000</ele></trkpt>
      <trkpt lat="22.4112952010" lon="114.0367955223"><ele>40.000</ele></trkpt>
      <trkpt lat="22.4112832435" lon="114.0367826859"><ele>40.000</ele></trkpt>
      <trkpt lat="22.4112778573" lon="114.0367717698"><ele>40.000</ele></trkpt>
      <trkpt lat="22.4112712694" lon="114.0367518613"><ele>40.000</ele></trkpt>
      <trkpt lat="22.4112646849" lon="114.0367358066"><ele>40.000</ele></trkpt>
      <trkpt lat="22.4112557171" lon="114.0367268220"><ele>42.000</ele></trkpt>
      <trkpt lat="22.4112443696" lon="114.0367281183"><ele>42.000</ele></trkpt>
      <trkpt lat="22.4112318310" lon="114.0367345546"><ele>42.000</ele></trkpt>
      <trkpt lat="22.4112157096" lon="114.0367416375"><ele>42.000</ele></trkpt>
      <trkpt lat="22.4111989882" lon="114.0367461510"><ele>44.000</ele></trkpt>
      <trkpt lat="22.4111774862" lon="114.0367487425"><ele>44.000</ele></trkpt>
      <trkpt lat="22.4111583703" lon="114.0367474767"><ele>46.000</ele></trkpt>
      <trkpt lat="22.4111410436" lon="114.0367423553"><ele>46.000</ele></trkpt>
      <trkpt lat="22.4111225171" lon="114.0367314524"><ele>46.000</ele></trkpt>
      <trkpt lat="22.4111027999" lon="114.0367250474"><ele>48.000</ele></trkpt>
      <trkpt lat="22.4110818895" lon="114.0367205716"><ele>49.000</ele></trkpt>
      <trkpt lat="22.4110693392" lon="114.0367135175"><ele>50.000</ele></trkpt>
      <trkpt lat="22.4110526050" lon="114.0367032548"><ele>50.000</ele></trkpt>
      <trkpt lat="22.4110221215" lon="114.0366801584"><ele>50.000</ele></trkpt>
      <trkpt lat="22.4109946228" lon="114.0366551312"><ele>52.000</ele></trkpt>
      <trkpt lat="22.4109635388" lon="114.0366288227"><ele>52.000</ele></trkpt>
      <trkpt lat="22.4109384364" lon="114.0366127876"><ele>55.000</ele></trkpt>
      <trkpt lat="22.4109043755" lon="114.0365974035"><ele>55.000</ele></trkpt>
      <trkpt lat="22.4108739026" lon="114.0365865126"><ele>56.000</ele></trkpt>
      <trkpt lat="22.4108422341" lon="114.0365756230"><ele>56.000</ele></trkpt>
      <trkpt lat="22.4108189343" lon="114.0365711496"><ele>58.000</ele></trkpt>
      <trkpt lat="22.4108063873" lon="114.0365679503"><ele>58.000</ele></trkpt>
      <trkpt lat="22.4108010046" lon="114.0365589612"><ele>58.000</ele></trkpt>
      <trkpt lat="22.4108027862" lon="114.0365473959"><ele>58.000</ele></trkpt>
      <trkpt lat="22.4108087498" lon="114.0365358265"><ele>58.000</ele></trkpt>
      <trkpt lat="22.4108218781" lon="114.0365210370"><ele>59.000</ele></trkpt>
      <trkpt lat="22.4108499348" lon="114.0365010938"><ele>59.000</ele></trkpt>
      <trkpt lat="22.4108857503" lon="114.0364727912"><ele>60.000</ele></trkpt>
      <trkpt lat="22.4109084294" lon="114.0364509255"><ele>60.000</ele></trkpt>
      <trkpt lat="22.4109275314" lon="114.0364361300"><ele>60.000</ele></trkpt>
      <trkpt lat="22.4109400672" lon="114.0364264818"><ele>60.000</ele></trkpt>
      <trkpt lat="22.4109508178" lon="114.0364251861"><ele>60.000</ele></trkpt>
      <trkpt lat="22.4109597733" lon="114.0364200373"><ele>60.000</ele></trkpt>
      <trkpt lat="22.4109705133" lon="114.0364065352"><ele>60.000</ele></trkpt>
      <trkpt lat="22.4109770643" lon="114.0363840437"><ele>60.000</ele></trkpt>
      <trkpt lat="22.4109824228" lon="114.0363641232"><ele>60.000</ele></trkpt>
      <trkpt lat="22.4109800186" lon="114.0363461375"><ele>60.000</ele></trkpt>
      <trkpt lat="22.4109746279" lon="114.0363300827"><ele>60.000</ele></trkpt>
      <trkpt lat="22.4109626743" lon="114.0363217431"><ele>60.000</ele></trkpt>
      <trkpt lat="22.4109483356" lon="114.0363185447"><ele>60.000</ele></trkpt>
      <trkpt lat="22.4109328050" lon="114.0363185603"><ele>60.000</ele></trkpt>
      <trkpt lat="22.4109130889" lon="114.0363134413"><ele>60.000</ele></trkpt>
      <trkpt lat="22.4108897790" lon="114.0362974036"><ele>62.000</ele></trkpt>
      <trkpt lat="22.4108347893" lon="114.0362563439"><ele>64.000</ele></trkpt>
      <trkpt lat="22.4107720320" lon="114.0362127212"><ele>67.000</ele></trkpt>
      <trkpt lat="22.4107301947" lon="114.0361857816"><ele>74.000</ele></trkpt>
      <trkpt lat="22.4107122991" lon="114.0362127813"><ele>73.000</ele></trkpt>
      <trkpt lat="22.4106740840" lon="114.0362295229"><ele>73.000</ele></trkpt>
      <trkpt lat="22.4106316815" lon="114.0362379172"><ele>72.000</ele></trkpt>
      <trkpt lat="22.4105958414" lon="114.0362379532"><ele>72.000</ele></trkpt>
      <trkpt lat="22.4105564124" lon="114.0362315692"><ele>74.000</ele></trkpt>
      <trkpt lat="22.4105217559" lon="114.0362187557"><ele>76.000</ele></trkpt>
      <trkpt lat="22.4104978396" lon="114.0361917972"><ele>76.000</ele></trkpt>
      <trkpt lat="22.4104762895" lon="114.0361391405"><ele>78.000</ele></trkpt>
      <trkpt lat="22.4104714658" lon="114.0360877510"><ele>78.000</ele></trkpt>
      <trkpt lat="22.4104714210" lon="114.0360363567"><ele>78.000</ele></trkpt>
      <trkpt lat="22.4104821344" lon="114.0359913762"><ele>78.000</ele></trkpt>
      <trkpt lat="22.4105035896" lon="114.0359361054"><ele>78.000</ele></trkpt>
      <trkpt lat="22.4105166893" lon="114.0358885526"><ele>78.000</ele></trkpt>
      <trkpt lat="22.4105226136" lon="114.0358320134"><ele>78.000</ele></trkpt>
      <trkpt lat="22.4105237714" lon="114.0357896124"><ele>78.000</ele></trkpt>
      <trkpt lat="22.4105129849" lon="114.0357497923"><ele>80.000</ele></trkpt>
      <trkpt lat="22.4104926440" lon="114.0357138367"><ele>80.000</ele></trkpt>
      <trkpt lat="22.4104663326" lon="114.0356804570"><ele>80.000</ele></trkpt>
      <trkpt lat="22.4104400270" lon="114.0356547869"><ele>80.000</ele></trkpt>
      <trkpt lat="22.4103922101" lon="114.0356201440"><ele>80.000</ele></trkpt>
      <trkpt lat="22.4103479863" lon="114.0355944920"><ele>80.000</ele></trkpt>
      <trkpt lat="22.4102965897" lon="114.0355649925"><ele>82.000</ele></trkpt>
      <trkpt lat="22.4102523695" lon="114.0355444793"><ele>82.000</ele></trkpt>
      <trkpt lat="22.4102105487" lon="114.0355355280"><ele>83.000</ele></trkpt>
      <trkpt lat="22.4101591713" lon="114.0355278704"><ele>84.000</ele></trkpt>
      <trkpt lat="22.4101149633" lon="114.0355214905"><ele>86.000</ele></trkpt>
      <trkpt lat="22.4100707442" lon="114.0355022632"><ele>86.000</ele></trkpt>
      <trkpt lat="22.4100277231" lon="114.0354868886"><ele>88.000</ele></trkpt>
      <trkpt lat="22.4099954380" lon="114.0354535141"><ele>87.000</ele></trkpt>
      <trkpt lat="22.4099750956" lon="114.0354149897"><ele>89.000</ele></trkpt>
      <trkpt lat="22.4099643091" lon="114.0353751708"><ele>88.000</ele></trkpt>
      <trkpt lat="22.4099654669" lon="114.0353340539"><ele>88.000</ele></trkpt>
      <trkpt lat="22.4099737918" lon="114.0352903609"><ele>88.000</ele></trkpt>
      <trkpt lat="22.4099880928" lon="114.0352505156"><ele>90.000</ele></trkpt>
      <trkpt lat="22.4100143435" lon="114.0352145139"><ele>88.000</ele></trkpt>
      <trkpt lat="22.4100310328" lon="114.0351733812"><ele>88.000</ele></trkpt>
      <trkpt lat="22.4100321915" lon="114.0351322653"><ele>90.000</ele></trkpt>
      <trkpt lat="22.4100214004" lon="114.0350873066"><ele>90.000</ele></trkpt>
      <trkpt lat="22.4100070262" lon="114.0350436356"><ele>90.000</ele></trkpt>
      <trkpt lat="22.4099854701" lon="114.0349845547"><ele>92.000</ele></trkpt>
      <trkpt lat="22.4099519507" lon="114.0349062130"><ele>92.000</ele></trkpt>
      <trkpt lat="22.4099268202" lon="114.0348574142"><ele>92.000</ele></trkpt>
      <trkpt lat="22.4099005007" lon="114.0348150413"><ele>92.000</ele></trkpt>
      <trkpt lat="22.4098777814" lon="114.0347919367"><ele>92.000</ele></trkpt>
      <trkpt lat="22.4098419219" lon="114.0347688464"><ele>94.000</ele></trkpt>
      <trkpt lat="22.4098036867" lon="114.0347624606"><ele>94.000</ele></trkpt>
      <trkpt lat="22.4097678486" lon="114.0347637820"><ele>94.000</ele></trkpt>
      <trkpt lat="22.4097260289" lon="114.0347561159"><ele>95.000</ele></trkpt>
      <trkpt lat="22.4096614934" lon="114.0347291991"><ele>96.000</ele></trkpt>
      <trkpt lat="22.4095921586" lon="114.0346791605"><ele>96.000</ele></trkpt>
      <trkpt lat="22.4095288005" lon="114.0346316857"><ele>98.000</ele></trkpt>
      <trkpt lat="22.4094977213" lon="114.0346111605"><ele>98.000</ele></trkpt>
      <trkpt lat="22.4094845586" lon="114.0345867613"><ele>98.000</ele></trkpt>
      <trkpt lat="22.4094761684" lon="114.0345559337"><ele>98.000</ele></trkpt>
      <trkpt lat="22.4094761288" lon="114.0345109643"><ele>98.000</ele></trkpt>
      <trkpt lat="22.4094808624" lon="114.0344595655"><ele>96.000</ele></trkpt>
      <trkpt lat="22.4095059013" lon="114.0344042922"><ele>98.000</ele></trkpt>
      <trkpt lat="22.4095428965" lon="114.0343592841"><ele>98.000</ele></trkpt>
      <trkpt lat="22.4095595879" lon="114.0343207223"><ele>98.000</ele></trkpt>
      <trkpt lat="22.4095750754" lon="114.0342718823"><ele>100.000</ele></trkpt>
      <trkpt lat="22.4095893637" lon="114.0342179038"><ele>100.000</ele></trkpt>
      <trkpt lat="22.4095917091" lon="114.0341690772"><ele>100.000</ele></trkpt>
      <trkpt lat="22.4095880793" lon="114.0341164029"><ele>100.000</ele></trkpt>
      <trkpt lat="22.4095784679" lon="114.0340547403"><ele>100.000</ele></trkpt>
      <trkpt lat="22.4095640891" lon="114.0340072157"><ele>100.000</ele></trkpt>
      <trkpt lat="22.4095461325" lon="114.0339648335"><ele>100.000</ele></trkpt>
      <trkpt lat="22.4095234040" lon="114.0339314507"><ele>100.000</ele></trkpt>
      <trkpt lat="22.4094935114" lon="114.0339019300"><ele>100.000</ele></trkpt>
      <trkpt lat="22.4094588533" lon="114.0338865473"><ele>100.000</ele></trkpt>
      <trkpt lat="22.4094146430" lon="114.0338775991"><ele>100.000</ele></trkpt>
      <trkpt lat="22.4093644659" lon="114.0338763655"><ele>100.000</ele></trkpt>
      <trkpt lat="22.4092963810" lon="114.0338879985"><ele>101.000</ele></trkpt>
      <trkpt lat="22.4092211345" lon="114.0339073483"><ele>102.000</ele></trkpt>
      <trkpt lat="22.4091590167" lon="114.0339125515"><ele>102.000</ele></trkpt>
      <trkpt lat="22.4091124192" lon="114.0339061746"><ele>102.000</ele></trkpt>
      <trkpt lat="22.4090729890" lon="114.0338985054"><ele>104.000</ele></trkpt>
      <trkpt lat="22.4090466934" lon="114.0338843991"><ele>104.000</ele></trkpt>
      <trkpt lat="22.4090132186" lon="114.0338561671"><ele>105.000</ele></trkpt>
      <trkpt lat="22.4089893005" lon="114.0338285673"><ele>106.000</ele></trkpt>
      <trkpt lat="22.4089689680" lon="114.0338016068"><ele>108.000</ele></trkpt>
      <trkpt lat="22.4089432627" lon="114.0337791485"><ele>110.000</ele></trkpt>
      <trkpt lat="22.4089253330" lon="114.0337682455"><ele>110.000</ele></trkpt>
      <trkpt lat="22.4089056150" lon="114.0337611991"><ele>111.000</ele></trkpt>
      <trkpt lat="22.4088775305" lon="114.0337503066"><ele>112.000</ele></trkpt>
      <trkpt lat="22.4088404824" lon="114.0337342845"><ele>114.000</ele></trkpt>
      <trkpt lat="22.4088213602" lon="114.0337259526"><ele>114.000</ele></trkpt>
      <trkpt lat="22.4088171472" lon="114.0336899812"><ele>115.000</ele></trkpt>
      <trkpt lat="22.4088696719" lon="114.0336449582"><ele>116.000</ele></trkpt>
      <trkpt lat="22.4089007269" lon="114.0336378598"><ele>116.000</ele></trkpt>
      <trkpt lat="22.4089407276" lon="114.0336146913"><ele>117.000</ele></trkpt>
      <trkpt lat="22.4089604393" lon="114.0336146711"><ele>117.000</ele></trkpt>
      <trkpt lat="22.4090034492" lon="114.0336171968"><ele>112.000</ele></trkpt>
      <trkpt lat="22.4090255503" lon="114.0336171742"><ele>112.000</ele></trkpt>
      <trkpt lat="22.4090422751" lon="114.0336165150"><ele>110.000</ele></trkpt>
      <trkpt lat="22.4090542169" lon="114.0336113631"><ele>115.000</ele></trkpt>
      <trkpt lat="22.4090781010" lon="114.0336004173"><ele>115.000</ele></trkpt>
      <trkpt lat="22.4090906403" lon="114.0335959077"><ele>113.000</ele></trkpt>
      <trkpt lat="22.4091013912" lon="114.0335939698"><ele>113.000</ele></trkpt>
      <trkpt lat="22.4091234895" lon="114.0335907344"><ele>113.000</ele></trkpt>
      <trkpt lat="22.4091491705" lon="114.0335868533"><ele>111.000</ele></trkpt>
      <trkpt lat="22.4091694772" lon="114.0335836207"><ele>111.000</ele></trkpt>
      <trkpt lat="22.4091796274" lon="114.0335784716"><ele>109.000</ele></trkpt>
      <trkpt lat="22.4091987337" lon="114.0335688156"><ele>109.000</ele></trkpt>
      <trkpt lat="22.4092297800" lon="114.0335520807"><ele>110.000</ele></trkpt>
      <trkpt lat="22.4092363438" lon="114.0335443645"><ele>110.000</ele></trkpt>
      <trkpt lat="22.4092482776" lon="114.0335302191"><ele>110.000</ele></trkpt>
      <trkpt lat="22.4092608067" lon="114.0335141462"><ele>116.000</ele></trkpt>
      <trkpt lat="22.4092751323" lon="114.0335025672"><ele>109.000</ele></trkpt>
      <trkpt lat="22.4092918451" lon="114.0334884169"><ele>109.000</ele></trkpt>
      <trkpt lat="22.4093037844" lon="114.0334794112"><ele>109.000</ele></trkpt>
      <trkpt lat="22.4093163158" lon="114.0334659071"><ele>106.000</ele></trkpt>
      <trkpt lat="22.4093294433" lon="114.0334504756"><ele>106.000</ele></trkpt>
      <trkpt lat="22.4093449596" lon="114.0334343996"><ele>106.000</ele></trkpt>
      <trkpt lat="22.4093610715" lon="114.0334157522"><ele>107.000</ele></trkpt>
      <trkpt lat="22.4093736023" lon="114.0334016061"><ele>107.000</ele></trkpt>
      <trkpt lat="22.4093789707" lon="114.0333932491"><ele>107.000</ele></trkpt>
      <trkpt lat="22.4093867143" lon="114.0333688296"><ele>109.000</ele></trkpt>
      <trkpt lat="22.4093890929" lon="114.0333566209"><ele>109.000</ele></trkpt>
      <trkpt lat="22.4093938468" lon="114.0333283496"><ele>109.000</ele></trkpt>
      <trkpt lat="22.4093974081" lon="114.0333026485"><ele>113.000</ele></trkpt>
      <trkpt lat="22.4093991707" lon="114.0332698836"><ele>114.000</ele></trkpt>
      <trkpt lat="22.4094009378" lon="114.0332422574"><ele>114.000</ele></trkpt>
      <trkpt lat="22.4094033056" lon="114.0332178434"><ele>113.000</ele></trkpt>
      <trkpt lat="22.4094062706" lon="114.0331927858"><ele>113.000</ele></trkpt>
      <trkpt lat="22.4094104283" lon="114.0331664421"><ele>114.000</ele></trkpt>
      <trkpt lat="22.4094157733" lon="114.0331317457"><ele>114.000</ele></trkpt>
      <trkpt lat="22.4094205402" lon="114.0331182496"><ele>115.000</ele></trkpt>
      <trkpt lat="22.4094288818" lon="114.0330951143"><ele>115.000</ele></trkpt>
      <trkpt lat="22.4094330544" lon="114.0330854736"><ele>115.000</ele></trkpt>
      <trkpt lat="22.4094396169" lon="114.0330764734"><ele>116.000</ele></trkpt>
      <trkpt lat="22.4094449848" lon="114.0330674734"><ele>116.000</ele></trkpt>
      <trkpt lat="22.4094515443" lon="114.0330539754"><ele>114.000</ele></trkpt>
      <trkpt lat="22.4094610812" lon="114.0330314809"><ele>114.000</ele></trkpt>
      <trkpt lat="22.4094724101" lon="114.0330083426"><ele>114.000</ele></trkpt>
      <trkpt lat="22.4094843359" lon="114.0329852027"><ele>114.000</ele></trkpt>
      <trkpt lat="22.4094962617" lon="114.0329620637"><ele>112.000</ele></trkpt>
      <trkpt lat="22.4095040145" lon="114.0329479226"><ele>112.000</ele></trkpt>
      <trkpt lat="22.4095117717" lon="114.0329389201"><ele>112.000</ele></trkpt>
      <trkpt lat="22.4095278832" lon="114.0329209156"><ele>114.000</ele></trkpt>
      <trkpt lat="22.4095433961" lon="114.0329009847"><ele>114.000</ele></trkpt>
      <trkpt lat="22.4095523458" lon="114.0328894122"><ele>114.000</ele></trkpt>
      <trkpt lat="22.4095630826" lon="114.0328726981"><ele>114.000</ele></trkpt>
      <trkpt lat="22.4095744138" lon="114.0328521286"><ele>114.000</ele></trkpt>
      <trkpt lat="22.4095851452" lon="114.0328283479"><ele>114.000</ele></trkpt>
      <trkpt lat="22.4095917009" lon="114.0328116381"><ele>114.000</ele></trkpt>
      <trkpt lat="22.4095982548" lon="114.0327930014"><ele>114.000</ele></trkpt>
      <trkpt lat="22.4096018267" lon="114.0327801495"><ele>114.000</ele></trkpt>
      <trkpt lat="22.4095988214" lon="114.0327589518"><ele>114.000</ele></trkpt>
      <trkpt lat="22.4095922211" lon="114.0327255535"><ele>114.000</ele></trkpt>
      <trkpt lat="22.4095826309" lon="114.0326883025"><ele>114.000</ele></trkpt>
      <trkpt lat="22.4095754304" lon="114.0326523340"><ele>114.000</ele></trkpt>
      <trkpt lat="22.4095682389" lon="114.0326253600"><ele>114.000</ele></trkpt>
      <trkpt lat="22.4095628369" lon="114.0325970992"><ele>114.000</ele></trkpt>
      <trkpt lat="22.4095568464" lon="114.0325771896"><ele>114.000</ele></trkpt>
      <trkpt lat="22.4095496631" lon="114.0325604939"><ele>114.000</ele></trkpt>
      <trkpt lat="22.4095365019" lon="114.0325380228"><ele>114.000</ele></trkpt>
      <trkpt lat="22.4095245366" lon="114.0325168354"><ele>114.000</ele></trkpt>
      <trkpt lat="22.4095137688" lon="114.0324988586"><ele>114.000</ele></trkpt>
      <trkpt lat="22.4095035980" lon="114.0324808811"><ele>114.000</ele></trkpt>
      <trkpt lat="22.4094994060" lon="114.0324686801"><ele>114.000</ele></trkpt>
      <trkpt lat="22.4094946122" lon="114.0324519821"><ele>114.000</ele></trkpt>
      <trkpt lat="22.4094892203" lon="114.0324339997"><ele>116.000</ele></trkpt>
      <trkpt lat="22.4094820369" lon="114.0324173041"><ele>116.000</ele></trkpt>
      <trkpt lat="22.4094700785" lon="114.0324038252"><ele>116.000</ele></trkpt>
      <trkpt lat="22.4094569264" lon="114.0323916335"><ele>115.000</ele></trkpt>
      <trkpt lat="22.4094407909" lon="114.0323826557"><ele>116.000</ele></trkpt>
      <trkpt lat="22.4094240575" lon="114.0323736796"><ele>116.000</ele></trkpt>
      <trkpt lat="22.4094091175" lon="114.0323666274"><ele>116.000</ele></trkpt>
      <trkpt lat="22.4093894007" lon="114.0323608662"><ele>116.000</ele></trkpt>
      <trkpt lat="22.4093720784" lon="114.0323608841"><ele>116.000</ele></trkpt>
      <trkpt lat="22.4093457970" lon="114.0323628391"><ele>116.000</ele></trkpt>
      <trkpt lat="22.4093362401" lon="114.0323628490"><ele>116.000</ele></trkpt>
      <trkpt lat="22.4093152360" lon="114.0322536592"><ele>116.000</ele></trkpt>
      <trkpt lat="22.4092924287" lon="114.0321316221"><ele>116.000</ele></trkpt>
      <trkpt lat="22.4092732276" lon="114.0320352787"><ele>116.000</ele></trkpt>
      <trkpt lat="22.4092456308" lon="114.0319016843"><ele>116.000</ele></trkpt>
      <trkpt lat="22.4092239906" lon="114.0317500949"><ele>116.000</ele></trkpt>
      <trkpt lat="22.4091987830" lon="114.0316164981"><ele>115.000</ele></trkpt>
      <trkpt lat="22.4091843790" lon="114.0315407066"><ele>114.000</ele></trkpt>
      <trkpt lat="22.4091759616" lon="114.0314803280"><ele>114.000</ele></trkpt>
      <trkpt lat="22.4091627696" lon="114.0314238092"><ele>114.000</ele></trkpt>
      <trkpt lat="22.4091436188" lon="114.0313827136"><ele>114.000</ele></trkpt>
      <trkpt lat="22.4091208909" lon="114.0313506162"><ele>115.000</ele></trkpt>
      <trkpt lat="22.4090790375" lon="114.0313056905"><ele>114.000</ele></trkpt>
      <trkpt lat="22.4090359871" lon="114.0312581963"><ele>114.000</ele></trkpt>
      <trkpt lat="22.4089821758" lon="114.0312004349"><ele>114.000</ele></trkpt>
      <trkpt lat="22.4089438976" lon="114.0311465112"><ele>114.000</ele></trkpt>
      <trkpt lat="22.4089187707" lon="114.0311028531"><ele>112.000</ele></trkpt>
      <trkpt lat="22.4089032088" lon="114.0310681785"><ele>112.000</ele></trkpt>
      <trkpt lat="22.4088924189" lon="114.0310257904"><ele>112.000</ele></trkpt>
      <trkpt lat="22.4088899912" lon="114.0309833926"><ele>112.000</ele></trkpt>
      <trkpt lat="22.4088923447" lon="114.0309435606"><ele>112.000</ele></trkpt>
      <trkpt lat="22.4089006651" lon="114.0308972978"><ele>112.000</ele></trkpt>
      <trkpt lat="22.4089197347" lon="114.0308471690"><ele>112.000</ele></trkpt>
      <trkpt lat="22.4089602762" lon="114.0307623269"><ele>110.000</ele></trkpt>
      <trkpt lat="22.4090091703" lon="114.0306659127"><ele>108.000</ele></trkpt>
      <trkpt lat="22.4090544813" lon="114.0305707872"><ele>107.000</ele></trkpt>
      <trkpt lat="22.4090795038" lon="114.0304988104"><ele>106.000</ele></trkpt>
      <trkpt lat="22.4090949750" lon="114.0304332672"><ele>106.000</ele></trkpt>
      <trkpt lat="22.4091056638" lon="114.0303638742"><ele>106.000</ele></trkpt>
      <trkpt lat="22.4091044062" lon="114.0302944947"><ele>105.000</ele></trkpt>
      <trkpt lat="22.4091043386" lon="114.0302199734"><ele>104.000</ele></trkpt>
      <trkpt lat="22.4091150236" lon="114.0301454417"><ele>104.000</ele></trkpt>
      <trkpt lat="22.4091269233" lon="114.0300940353"><ele>103.000</ele></trkpt>
      <trkpt lat="22.4091507718" lon="114.0300451862"><ele>102.000</ele></trkpt>
      <trkpt lat="22.4091806056" lon="114.0300091800"><ele>100.000</ele></trkpt>
      <trkpt lat="22.4092092470" lon="114.0299757440"><ele>100.000</ele></trkpt>
      <trkpt lat="22.4092426789" lon="114.0299551511"><ele>100.000</ele></trkpt>
      <trkpt lat="22.4092832877" lon="114.0299448300"><ele>100.000</ele></trkpt>
      <trkpt lat="22.4093489908" lon="114.0299409062"><ele>100.000</ele></trkpt>
      <trkpt lat="22.4094266426" lon="114.0299395396"><ele>100.000</ele></trkpt>
      <trkpt lat="22.4095066876" lon="114.0299433102"><ele>98.000</ele></trkpt>
      <trkpt lat="22.4095747906" lon="114.0299509472"><ele>98.000</ele></trkpt>
      <trkpt lat="22.4096548438" lon="114.0299637113"><ele>96.000</ele></trkpt>
      <trkpt lat="22.4097564094" lon="114.0299854473"><ele>96.000</ele></trkpt>
      <trkpt lat="22.4097994322" lon="114.0300021052"><ele>96.000</ele></trkpt>
      <trkpt lat="22.4098556156" lon="114.0300393071"><ele>94.000</ele></trkpt>
      <trkpt lat="22.4098998611" lon="114.0300868000"><ele>94.000</ele></trkpt>
      <trkpt lat="22.4099357505" lon="114.0301420102"><ele>93.000</ele></trkpt>
      <trkpt lat="22.4099668897" lon="114.0302280628"><ele>92.000</ele></trkpt>
      <trkpt lat="22.4100231957" lon="114.0304014583"><ele>90.000</ele></trkpt>
      <trkpt lat="22.4100735124" lon="114.0305568722"><ele>88.000</ele></trkpt>
      <trkpt lat="22.4101238165" lon="114.0306994379"><ele>86.000</ele></trkpt>
      <trkpt lat="22.4101453661" lon="114.0307495247"><ele>86.000</ele></trkpt>
      <trkpt lat="22.4101621146" lon="114.0307752038"><ele>86.000</ele></trkpt>
      <trkpt lat="22.4102111458" lon="114.0308304016"><ele>86.000</ele></trkpt>
    </trkseg>
  </trk>
</gpx>
