<?xml version="1.0" encoding="UTF-8"?>
<gpx xmlns:xsi="http://www.w3.org/2001/XMLSchema-instance"
     xsi:schemaLocation="http://www.topografix.com/GPX/1/1 http://www.topografix.com/GPX/1/1/gpx.xsd"
     version="1.1" creator="json3d_batch_to_gpx"
     xmlns="http://www.topografix.com/GPX/1/1">
  <metadata>
    <name>ShekPikCountryTrail</name>
  </metadata>
  <trk>
    <name>ShekPikCountryTrail</name>
    <type>hike</type>
    <trkseg>
      <trkpt lat="22.2525824663" lon="113.9122450008"><ele>454.000</ele></trkpt>
      <trkpt lat="22.2525745990" lon="113.9122506152"><ele>454.000</ele></trkpt>
      <trkpt lat="22.2525566275" lon="113.9122668898"><ele>453.000</ele></trkpt>
      <trkpt lat="22.2525472892" lon="113.9122792814"><ele>453.000</ele></trkpt>
      <trkpt lat="22.2525257421" lon="113.9123102563"><ele>453.000</ele></trkpt>
      <trkpt lat="22.2525027504" lon="113.9123381412"><ele>452.000</ele></trkpt>
      <trkpt lat="22.2524876534" lon="113.9123505435"><ele>452.000</ele></trkpt>
      <trkpt lat="22.2524711084" lon="113.9123583084"><ele>452.000</ele></trkpt>
      <trkpt lat="22.2524236167" lon="113.9123723180"><ele>453.000</ele></trkpt>
      <trkpt lat="22.2523797251" lon="113.9123855475"><ele>453.000</ele></trkpt>
      <trkpt lat="22.2523365486" lon="113.9123964562"><ele>453.000</ele></trkpt>
      <trkpt lat="22.2523113603" lon="113.9124019168"><ele>453.000</ele></trkpt>
      <trkpt lat="22.2522818448" lon="113.9124019722"><ele>452.000</ele></trkpt>
      <trkpt lat="22.2522400914" lon="113.9124028238"><ele>452.000</ele></trkpt>
      <trkpt lat="22.2521897015" lon="113.9124044648"><ele>452.000</ele></trkpt>
      <trkpt lat="22.2521522700" lon="113.9124068556"><ele>450.000</ele></trkpt>
      <trkpt lat="22.2521112498" lon="113.9124154397"><ele>450.000</ele></trkpt>
      <trkpt lat="22.2520680771" lon="113.9124286678"><ele>450.000</ele></trkpt>
      <trkpt lat="22.2520256278" lon="113.9124442152"><ele>448.000</ele></trkpt>
      <trkpt lat="22.2519889522" lon="113.9124682577"><ele>450.000</ele></trkpt>
      <trkpt lat="22.2519611347" lon="113.9124990328"><ele>448.000</ele></trkpt>
      <trkpt lat="22.2519563619" lon="113.9125073072"><ele>448.000</ele></trkpt>
      <trkpt lat="22.2519523424" lon="113.9125178309"><ele>450.000</ele></trkpt>
      <trkpt lat="22.2519509422" lon="113.9125286795"><ele>450.000</ele></trkpt>
      <trkpt lat="22.2519499989" lon="113.9125483942"><ele>450.000</ele></trkpt>
      <trkpt lat="22.2519517596" lon="113.9125982068"><ele>450.000</ele></trkpt>
      <trkpt lat="22.2519590231" lon="113.9126499978"><ele>452.000</ele></trkpt>
      <trkpt lat="22.2519590071" lon="113.9126623281"><ele>453.000</ele></trkpt>
      <trkpt lat="22.2519580455" lon="113.9126874755"><ele>453.000</ele></trkpt>
      <trkpt lat="22.2519511439" lon="113.9127027485"><ele>453.000</ele></trkpt>
      <trkpt lat="22.2519331638" lon="113.9127470974"><ele>451.000</ele></trkpt>
      <trkpt lat="22.2519317750" lon="113.9127594206"><ele>450.000</ele></trkpt>
      <trkpt lat="22.2519340527" lon="113.9127717466"><ele>450.000</ele></trkpt>
      <trkpt lat="22.2519367920" lon="113.9127791532"><ele>450.000</ele></trkpt>
      <trkpt lat="22.2519445834" lon="113.9127890242"><ele>453.000</ele></trkpt>
      <trkpt lat="22.2519473176" lon="113.9127988949"><ele>453.000</ele></trkpt>
      <trkpt lat="22.2519482245" lon="113.9128067900"><ele>452.000</ele></trkpt>
      <trkpt lat="22.2519491128" lon="113.9128255312"><ele>452.000</ele></trkpt>
      <trkpt lat="22.2519486396" lon="113.9128343990"><ele>452.000</ele></trkpt>
      <trkpt lat="22.2519463255" lon="113.9128496828"><ele>454.000</ele></trkpt>
      <trkpt lat="22.2519357351" lon="113.9128679118"><ele>452.000</ele></trkpt>
      <trkpt lat="22.2519325033" lon="113.9128797437"><ele>452.000</ele></trkpt>
      <trkpt lat="22.2519329520" lon="113.9128891143"><ele>452.000</ele></trkpt>
      <trkpt lat="22.2519352180" lon="113.9129053887"><ele>454.000</ele></trkpt>
      <trkpt lat="22.2519374965" lon="113.9129182095"><ele>454.000</ele></trkpt>
      <trkpt lat="22.2519406886" lon="113.9129320277"><ele>456.000</ele></trkpt>
      <trkpt lat="22.2519392967" lon="113.9129423816"><ele>456.000</ele></trkpt>
      <trkpt lat="22.2519374550" lon="113.9129482931"><ele>455.000</ele></trkpt>
      <trkpt lat="22.2519333079" lon="113.9129581476"><ele>455.000</ele></trkpt>
      <trkpt lat="22.2519259384" lon="113.9129689783"><ele>455.000</ele></trkpt>
      <trkpt lat="22.2519153682" lon="113.9129773412"><ele>455.000</ele></trkpt>
      <trkpt lat="22.2518919439" lon="113.9129891429"><ele>454.000</ele></trkpt>
      <trkpt lat="22.2518731106" lon="113.9129974922"><ele>454.000</ele></trkpt>
      <trkpt lat="22.2518648417" lon="113.9129994479"><ele>454.000</ele></trkpt>
      <trkpt lat="22.2518565795" lon="113.9129999290"><ele>454.000</ele></trkpt>
      <trkpt lat="22.2518405124" lon="113.9129989114"><ele>452.000</ele></trkpt>
      <trkpt lat="22.2518294926" lon="113.9129974090"><ele>452.000</ele></trkpt>
      <trkpt lat="22.2518042523" lon="113.9129919459"><ele>452.000</ele></trkpt>
      <trkpt lat="22.2517863620" lon="113.9129859938"><ele>452.000</ele></trkpt>
      <trkpt lat="22.2517707656" lon="113.9129800471"><ele>452.000</ele></trkpt>
      <trkpt lat="22.2517184619" lon="113.9129587539"><ele>451.000</ele></trkpt>
      <trkpt lat="22.2516991891" lon="113.9129523095"><ele>450.000</ele></trkpt>
      <trkpt lat="22.2516840416" lon="113.9129503104"><ele>450.000</ele></trkpt>
      <trkpt lat="22.2516675198" lon="113.9129473243"><ele>448.000</ele></trkpt>
      <trkpt lat="22.2516569680" lon="113.9129448411"><ele>446.000</ele></trkpt>
      <trkpt lat="22.2516285027" lon="113.9129442930"><ele>446.000</ele></trkpt>
      <trkpt lat="22.2516129012" lon="113.9129408104"><ele>446.000</ele></trkpt>
      <trkpt lat="22.2516041884" lon="113.9129363641"><ele>446.000</ele></trkpt>
      <trkpt lat="22.2515950210" lon="113.9129299300"><ele>446.000</ele></trkpt>
      <trkpt lat="22.2515890551" lon="113.9129264681"><ele>446.000</ele></trkpt>
      <trkpt lat="22.2515752943" lon="113.9129220120"><ele>448.000</ele></trkpt>
      <trkpt lat="22.2515638148" lon="113.9129210051"><ele>448.000</ele></trkpt>
      <trkpt lat="22.2515371977" lon="113.9129130709"><ele>448.000</ele></trkpt>
      <trkpt lat="22.2515243522" lon="113.9129105824"><ele>448.000</ele></trkpt>
      <trkpt lat="22.2515009482" lon="113.9129070853"><ele>448.000</ele></trkpt>
      <trkpt lat="22.2514780016" lon="113.9129016180"><ele>446.000</ele></trkpt>
      <trkpt lat="22.2514610193" lon="113.9128986328"><ele>446.000</ele></trkpt>
      <trkpt lat="22.2514201832" lon="113.9128877081"><ele>444.000</ele></trkpt>
      <trkpt lat="22.2513866782" lon="113.9128812420"><ele>443.000</ele></trkpt>
      <trkpt lat="22.2513674071" lon="113.9128757872"><ele>443.000</ele></trkpt>
      <trkpt lat="22.2513504189" lon="113.9128747713"><ele>443.000</ele></trkpt>
      <trkpt lat="22.2513251735" lon="113.9128717628"><ele>443.000</ele></trkpt>
      <trkpt lat="22.2512852451" lon="113.9128692280"><ele>443.000</ele></trkpt>
      <trkpt lat="22.2512402553" lon="113.9128696422"><ele>443.000</ele></trkpt>
      <trkpt lat="22.2511897637" lon="113.9128631400"><ele>443.000</ele></trkpt>
      <trkpt lat="22.2511691183" lon="113.9128566983"><ele>444.000</ele></trkpt>
      <trkpt lat="22.2511558164" lon="113.9128512420"><ele>444.000</ele></trkpt>
      <trkpt lat="22.2511337970" lon="113.9128383904"><ele>442.000</ele></trkpt>
      <trkpt lat="22.2511218719" lon="113.9128299825"><ele>443.000</ele></trkpt>
      <trkpt lat="22.2511095004" lon="113.9128191112"><ele>443.000</ele></trkpt>
      <trkpt lat="22.2510957490" lon="113.9128037994"><ele>443.000</ele></trkpt>
      <trkpt lat="22.2510696364" lon="113.9127672652"><ele>443.000</ele></trkpt>
      <trkpt lat="22.2510494811" lon="113.9127401106"><ele>442.000</ele></trkpt>
      <trkpt lat="22.2510439801" lon="113.9127336891"><ele>442.000</ele></trkpt>
      <trkpt lat="22.2510316028" lon="113.9127247872"><ele>441.000</ele></trkpt>
      <trkpt lat="22.2510150843" lon="113.9127183475"><ele>441.000</ele></trkpt>
      <trkpt lat="22.2510017750" lon="113.9127138905"><ele>441.000</ele></trkpt>
      <trkpt lat="22.2509806681" lon="113.9127123779"><ele>440.000</ele></trkpt>
      <trkpt lat="22.2509641338" lon="113.9127128358"><ele>440.000</ele></trkpt>
      <trkpt lat="22.2509494434" lon="113.9127142894"><ele>440.000</ele></trkpt>
      <trkpt lat="22.2509315431" lon="113.9127132752"><ele>440.000</ele></trkpt>
      <trkpt lat="22.2509012561" lon="113.9127087822"><ele>440.000</ele></trkpt>
      <trkpt lat="22.2508815170" lon="113.9127043081"><ele>439.000</ele></trkpt>
      <trkpt lat="22.2508599479" lon="113.9127018069"><ele>439.000</ele></trkpt>
      <trkpt lat="22.2508356111" lon="113.9127022600"><ele>438.000</ele></trkpt>
      <trkpt lat="22.2507226813" lon="113.9127064977"><ele>440.000</ele></trkpt>
      <trkpt lat="22.2507020193" lon="113.9127064589"><ele>442.000</ele></trkpt>
      <trkpt lat="22.2506919280" lon="113.9127039749"><ele>439.000</ele></trkpt>
      <trkpt lat="22.2506735682" lon="113.9126980237"><ele>439.000</ele></trkpt>
      <trkpt lat="22.2506634728" lon="113.9126984986"><ele>439.000</ele></trkpt>
      <trkpt lat="22.2506529151" lon="113.9126979848"><ele>439.000</ele></trkpt>
      <trkpt lat="22.2506134349" lon="113.9126989029"><ele>439.000</ele></trkpt>
      <trkpt lat="22.2505863454" lon="113.9127003409"><ele>439.000</ele></trkpt>
      <trkpt lat="22.2505725737" lon="113.9127003085"><ele>437.000</ele></trkpt>
      <trkpt lat="22.2505569663" lon="113.9126988050"><ele>437.000</ele></trkpt>
      <trkpt lat="22.2505376968" lon="113.9126943301"><ele>435.000</ele></trkpt>
      <trkpt lat="22.2505294380" lon="113.9126913577"><ele>435.000</ele></trkpt>
      <trkpt lat="22.2505207237" lon="113.9126859220"><ele>435.000</ele></trkpt>
      <trkpt lat="22.2504821782" lon="113.9126730335"><ele>435.000</ele></trkpt>
      <trkpt lat="22.2504344600" lon="113.9126616078"><ele>435.000</ele></trkpt>
      <trkpt lat="22.2504193124" lon="113.9126596087"><ele>435.000</ele></trkpt>
      <trkpt lat="22.2503913100" lon="113.9126605440"><ele>435.000</ele></trkpt>
      <trkpt lat="22.2503582563" lon="113.9126595001"><ele>435.000</ele></trkpt>
      <trkpt lat="22.2503481577" lon="113.9126580056"><ele>435.000</ele></trkpt>
      <trkpt lat="22.2503160175" lon="113.9126633724"><ele>435.000</ele></trkpt>
      <trkpt lat="22.2503082108" lon="113.9126663168"><ele>433.000</ele></trkpt>
      <trkpt lat="22.2502999369" lon="113.9126707366"><ele>433.000</ele></trkpt>
      <trkpt lat="22.2502898282" lon="113.9126741704"><ele>433.000</ele></trkpt>
      <trkpt lat="22.2502792664" lon="113.9126766155"><ele>433.000</ele></trkpt>
      <trkpt lat="22.2502645776" lon="113.9126790586"><ele>431.000</ele></trkpt>
      <trkpt lat="22.2502535552" lon="113.9126815045"><ele>431.000</ele></trkpt>
      <trkpt lat="22.2502347311" lon="113.9126844308"><ele>431.000</ele></trkpt>
      <trkpt lat="22.2502080906" lon="113.9126898067"><ele>431.000</ele></trkpt>
      <trkpt lat="22.2501805395" lon="113.9126961641"><ele>431.000</ele></trkpt>
      <trkpt lat="22.2501653901" lon="113.9126986080"><ele>432.000</ele></trkpt>
      <trkpt lat="22.2501557404" lon="113.9127010514"><ele>432.000</ele></trkpt>
      <trkpt lat="22.2501497685" lon="113.9127049916"><ele>432.000</ele></trkpt>
      <trkpt lat="22.2501378214" lon="113.9127163061"><ele>434.000</ele></trkpt>
      <trkpt lat="22.2501267831" lon="113.9127256592"><ele>433.000</ele></trkpt>
      <trkpt lat="22.2501185090" lon="113.9127355117"><ele>433.000</ele></trkpt>
      <trkpt lat="22.2501125271" lon="113.9127443703"><ele>433.000</ele></trkpt>
      <trkpt lat="22.2501060812" lon="113.9127566931"><ele>435.000</ele></trkpt>
      <trkpt lat="22.2500987234" lon="113.9127635753"><ele>435.000</ele></trkpt>
      <trkpt lat="22.2500766879" lon="113.9127630442"><ele>431.000</ele></trkpt>
      <trkpt lat="22.2500629178" lon="113.9127640111"><ele>431.000</ele></trkpt>
      <trkpt lat="22.2500532771" lon="113.9127664544"><ele>431.000</ele></trkpt>
      <trkpt lat="22.2500454630" lon="113.9127703883"><ele>431.000</ele></trkpt>
      <trkpt lat="22.2500280074" lon="113.9127762708"><ele>431.000</ele></trkpt>
      <trkpt lat="22.2499935599" lon="113.9127900236"><ele>431.000</ele></trkpt>
      <trkpt lat="22.2499756429" lon="113.9127954122"><ele>431.000</ele></trkpt>
      <trkpt lat="22.2499600329" lon="113.9127978474"><ele>431.000</ele></trkpt>
      <trkpt lat="22.2499467234" lon="113.9127988133"><ele>433.000</ele></trkpt>
      <trkpt lat="22.2499347883" lon="113.9127953433"><ele>433.000</ele></trkpt>
      <trkpt lat="22.2499242400" lon="113.9127894066"><ele>433.000</ele></trkpt>
      <trkpt lat="22.2499068206" lon="113.9127731026"><ele>435.000</ele></trkpt>
      <trkpt lat="22.2498930792" lon="113.9127528628"><ele>432.000</ele></trkpt>
      <trkpt lat="22.2498871311" lon="113.9127380603"><ele>432.000</ele></trkpt>
      <trkpt lat="22.2498862359" lon="113.9127262170"><ele>432.000</ele></trkpt>
      <trkpt lat="22.2498807618" lon="113.9127030319"><ele>428.000</ele></trkpt>
      <trkpt lat="22.2498656546" lon="113.9126758875"><ele>428.000</ele></trkpt>
      <trkpt lat="22.2498574035" lon="113.9126665026"><ele>431.000</ele></trkpt>
      <trkpt lat="22.2498418197" lon="113.9126516795"><ele>428.000</ele></trkpt>
      <trkpt lat="22.2498321951" lon="113.9126418024"><ele>428.000</ele></trkpt>
      <trkpt lat="22.2498134022" lon="113.9126250062"><ele>430.000</ele></trkpt>
      <trkpt lat="22.2498014771" lon="113.9126165984"><ele>430.000</ele></trkpt>
      <trkpt lat="22.2497799090" lon="113.9126091690"><ele>428.000</ele></trkpt>
      <trkpt lat="22.2497363305" lon="113.9125888688"><ele>427.000</ele></trkpt>
      <trkpt lat="22.2497138645" lon="113.9125735444"><ele>427.000</ele></trkpt>
      <trkpt lat="22.2496991851" lon="113.9125651417"><ele>427.000</ele></trkpt>
      <trkpt lat="22.2496647664" lon="113.9125576782"><ele>422.000</ele></trkpt>
      <trkpt lat="22.2496441136" lon="113.9125522165"><ele>422.000</ele></trkpt>
      <trkpt lat="22.2496262209" lon="113.9125447899"><ele>424.000</ele></trkpt>
      <trkpt lat="22.2496170550" lon="113.9125393551"><ele>424.000</ele></trkpt>
      <trkpt lat="22.2496083441" lon="113.9125304658"><ele>424.000</ele></trkpt>
      <trkpt lat="22.2495964325" lon="113.9125136762"><ele>422.000</ele></trkpt>
      <trkpt lat="22.2495918552" lon="113.9125033144"><ele>422.000</ele></trkpt>
      <trkpt lat="22.2495886612" lon="113.9124939394"><ele>428.000</ele></trkpt>
      <trkpt lat="22.2495850280" lon="113.9124643483"><ele>425.000</ele></trkpt>
      <trkpt lat="22.2495791015" lon="113.9124406597"><ele>425.000</ele></trkpt>
      <trkpt lat="22.2495708722" lon="113.9124169851"><ele>425.000</ele></trkpt>
      <trkpt lat="22.2495502774" lon="113.9123750278"><ele>424.000</ele></trkpt>
      <trkpt lat="22.2495307752" lon="113.9123441471"><ele>424.000</ele></trkpt>
      <trkpt lat="22.2495191316" lon="113.9123255332"><ele>424.000</ele></trkpt>
      <trkpt lat="22.2495149074" lon="113.9123157236"><ele>421.000</ele></trkpt>
      <trkpt lat="22.2495088295" lon="113.9123044527"><ele>421.000</ele></trkpt>
      <trkpt lat="22.2495008408" lon="113.9122843283"><ele>421.000</ele></trkpt>
      <trkpt lat="22.2494965503" lon="113.9122671170"><ele>421.000</ele></trkpt>
      <trkpt lat="22.2494867643" lon="113.9122524382"><ele>421.000</ele></trkpt>
      <trkpt lat="22.2494770627" lon="113.9122451515"><ele>421.000</ele></trkpt>
      <trkpt lat="22.2494682632" lon="113.9122373587"><ele>421.000</ele></trkpt>
      <trkpt lat="22.2494613059" lon="113.9122295430"><ele>421.000</ele></trkpt>
      <trkpt lat="22.2494497187" lon="113.9122178362"><ele>421.000</ele></trkpt>
      <trkpt lat="22.2494265982" lon="113.9121998550"><ele>421.000</ele></trkpt>
      <trkpt lat="22.2493703044" lon="113.9121684227"><ele>418.000</ele></trkpt>
      <trkpt lat="22.2493527913" lon="113.9121612089"><ele>420.000</ele></trkpt>
      <trkpt lat="22.2493449891" lon="113.9121613011"><ele>420.000</ele></trkpt>
      <trkpt lat="22.2493187943" lon="113.9121576349"><ele>422.000</ele></trkpt>
      <trkpt lat="22.2493022138" lon="113.9121519036"><ele>422.000</ele></trkpt>
      <trkpt lat="22.2492860710" lon="113.9121432030"><ele>422.000</ele></trkpt>
      <trkpt lat="22.2492745271" lon="113.9121359295"><ele>422.000</ele></trkpt>
      <trkpt lat="22.2492643984" lon="113.9121325919"><ele>422.000</ele></trkpt>
      <trkpt lat="22.2492492232" lon="113.9121302922"><ele>422.000</ele></trkpt>
      <trkpt lat="22.2492354289" lon="113.9121274757"><ele>422.000</ele></trkpt>
      <trkpt lat="22.2492014221" lon="113.9121234070"><ele>419.000</ele></trkpt>
      <trkpt lat="22.2491480469" lon="113.9121096930"><ele>419.000</ele></trkpt>
      <trkpt lat="22.2491038892" lon="113.9120998130"><ele>418.000</ele></trkpt>
      <trkpt lat="22.2490946536" lon="113.9120958820"><ele>418.000</ele></trkpt>
      <trkpt lat="22.2490854737" lon="113.9120929405"><ele>416.000</ele></trkpt>
      <trkpt lat="22.2490308026" lon="113.9120708861"><ele>413.000</ele></trkpt>
      <trkpt lat="22.2490115071" lon="113.9120615705"><ele>413.000</ele></trkpt>
      <trkpt lat="22.2489853132" lon="113.9120473398"><ele>414.000</ele></trkpt>
      <trkpt lat="22.2489609696" lon="113.9120380241"><ele>414.000</ele></trkpt>
      <trkpt lat="22.2489453592" lon="113.9120346193"><ele>416.000</ele></trkpt>
      <trkpt lat="22.2489283711" lon="113.9120336714"><ele>416.000</ele></trkpt>
      <trkpt lat="22.2489127663" lon="113.9120337105"><ele>416.000</ele></trkpt>
      <trkpt lat="22.2489026733" lon="113.9120356987"><ele>416.000</ele></trkpt>
      <trkpt lat="22.2488568145" lon="113.9120570011"><ele>413.000</ele></trkpt>
      <trkpt lat="22.2488462772" lon="113.9120634333"><ele>413.000</ele></trkpt>
      <trkpt lat="22.2488320709" lon="113.9120738207"><ele>413.000</ele></trkpt>
      <trkpt lat="22.2488164878" lon="113.9120871695"><ele>412.000</ele></trkpt>
      <trkpt lat="22.2488082507" lon="113.9120975359"><ele>412.000</ele></trkpt>
      <trkpt lat="22.2487926814" lon="113.9121138338"><ele>412.000</ele></trkpt>
      <trkpt lat="22.2487844289" lon="113.9121202617"><ele>412.000</ele></trkpt>
      <trkpt lat="22.2487624348" lon="113.9121341173"><ele>413.000</ele></trkpt>
      <trkpt lat="22.2487427207" lon="113.9121450098"><ele>413.000</ele></trkpt>
      <trkpt lat="22.2487280522" lon="113.9121544085"><ele>408.000</ele></trkpt>
      <trkpt lat="22.2487170478" lon="113.9121623161"><ele>408.000</ele></trkpt>
      <trkpt lat="22.2487060556" lon="113.9121722027"><ele>408.000</ele></trkpt>
      <trkpt lat="22.2487005688" lon="113.9121800999"><ele>410.000</ele></trkpt>
      <trkpt lat="22.2486872925" lon="113.9121959084"><ele>410.000</ele></trkpt>
      <trkpt lat="22.2486772107" lon="113.9122048038"><ele>407.000</ele></trkpt>
      <trkpt lat="22.2486657563" lon="113.9122137017"><ele>407.000</ele></trkpt>
      <trkpt lat="22.2486552100" lon="113.9122201339"><ele>407.000</ele></trkpt>
      <trkpt lat="22.2486332005" lon="113.9122300412"><ele>412.000</ele></trkpt>
      <trkpt lat="22.2486226526" lon="113.9122354936"><ele>412.000</ele></trkpt>
      <trkpt lat="22.2486116500" lon="113.9122389678"><ele>412.000</ele></trkpt>
      <trkpt lat="22.2485988043" lon="113.9122419507"><ele>412.000</ele></trkpt>
      <trkpt lat="22.2485818186" lon="113.9122424871"><ele>410.000</ele></trkpt>
      <trkpt lat="22.2485497049" lon="113.9122474949"><ele>408.000</ele></trkpt>
      <trkpt lat="22.2485327272" lon="113.9122529497"><ele>408.000</ele></trkpt>
      <trkpt lat="22.2485052197" lon="113.9122638567"><ele>407.000</ele></trkpt>
      <trkpt lat="22.2484923796" lon="113.9122703029"><ele>407.000</ele></trkpt>
      <trkpt lat="22.2484818381" lon="113.9122796842"><ele>407.000</ele></trkpt>
      <trkpt lat="22.2484644388" lon="113.9122979644"><ele>407.000</ele></trkpt>
      <trkpt lat="22.2484475121" lon="113.9123236360"><ele>406.000</ele></trkpt>
      <trkpt lat="22.2484300026" lon="113.9123408008"><ele>406.000</ele></trkpt>
      <trkpt lat="22.2484221819" lon="113.9123462286"><ele>406.000</ele></trkpt>
      <trkpt lat="22.2484021024" lon="113.9123601582"><ele>405.000</ele></trkpt>
      <trkpt lat="22.2483864667" lon="113.9123689669"><ele>405.000</ele></trkpt>
      <trkpt lat="22.2483602625" lon="113.9123816759"><ele>406.000</ele></trkpt>
      <trkpt lat="22.2483492276" lon="113.9123875366"><ele>406.000</ele></trkpt>
      <trkpt lat="22.2483377298" lon="113.9123919237"><ele>406.000</ele></trkpt>
      <trkpt lat="22.2483189115" lon="113.9123928321"><ele>404.000</ele></trkpt>
      <trkpt lat="22.2482959653" lon="113.9123932244"><ele>404.000</ele></trkpt>
      <trkpt lat="22.2482464018" lon="113.9123910280"><ele>403.000</ele></trkpt>
      <trkpt lat="22.2482340125" lon="113.9123914684"><ele>402.000</ele></trkpt>
      <trkpt lat="22.2482220616" lon="113.9123948668"><ele>402.000</ele></trkpt>
      <trkpt lat="22.2481990765" lon="113.9124046303"><ele>402.000</ele></trkpt>
      <trkpt lat="22.2481825329" lon="113.9124104722"><ele>400.000</ele></trkpt>
      <trkpt lat="22.2481705719" lon="113.9124187987"><ele>400.000</ele></trkpt>
      <trkpt lat="22.2481535370" lon="113.9124335180"><ele>404.000</ele></trkpt>
      <trkpt lat="22.2481355892" lon="113.9124477442"><ele>401.000</ele></trkpt>
      <trkpt lat="22.2481213063" lon="113.9124609934"><ele>401.000</ele></trkpt>
      <trkpt lat="22.2481097219" lon="113.9124726903"><ele>404.000</ele></trkpt>
      <trkpt lat="22.2481038066" lon="113.9124786626"><ele>404.000</ele></trkpt>
      <trkpt lat="22.2480835428" lon="113.9124958326"><ele>400.000</ele></trkpt>
      <trkpt lat="22.2480402671" lon="113.9125340968"><ele>400.000</ele></trkpt>
      <trkpt lat="22.2480103136" lon="113.9125679900"><ele>400.000</ele></trkpt>
      <trkpt lat="22.2479789965" lon="113.9125964532"><ele>400.000</ele></trkpt>
      <trkpt lat="22.2479684222" lon="113.9126023227"><ele>400.000</ele></trkpt>
      <trkpt lat="22.2479408164" lon="113.9126194579"><ele>399.000</ele></trkpt>
      <trkpt lat="22.2479099931" lon="113.9126405182"><ele>398.000</ele></trkpt>
      <trkpt lat="22.2478952769" lon="113.9126483454"><ele>398.000</ele></trkpt>
      <trkpt lat="22.2478621889" lon="113.9126595442"><ele>396.000</ele></trkpt>
      <trkpt lat="22.2478465640" lon="113.9126639098"><ele>397.000</ele></trkpt>
      <trkpt lat="22.2478369357" lon="113.9126628802"><ele>397.000</ele></trkpt>
      <trkpt lat="22.2478273175" lon="113.9126569224"><ele>396.000</ele></trkpt>
      <trkpt lat="22.2478067258" lon="113.9126390822"><ele>396.000</ele></trkpt>
      <trkpt lat="22.2477980411" lon="113.9126296691"><ele>396.000</ele></trkpt>
      <trkpt lat="22.2477893615" lon="113.9126178017"><ele>396.000</ele></trkpt>
      <trkpt lat="22.2477820519" lon="113.9126098801"><ele>400.000</ele></trkpt>
      <trkpt lat="22.2477788552" lon="113.9126044438"><ele>400.000</ele></trkpt>
      <trkpt lat="22.2477775075" lon="113.9125975296"><ele>400.000</ele></trkpt>
      <trkpt lat="22.2477762029" lon="113.9125782950"><ele>400.000</ele></trkpt>
      <trkpt lat="22.2477734777" lon="113.9125684246"><ele>400.000</ele></trkpt>
      <trkpt lat="22.2477671191" lon="113.9125511397"><ele>401.000</ele></trkpt>
      <trkpt lat="22.2477621075" lon="113.9125402744"><ele>401.000</ele></trkpt>
      <trkpt lat="22.2477607897" lon="113.9125239986"><ele>401.000</ele></trkpt>
      <trkpt lat="22.2477623655" lon="113.9124712419"><ele>399.000</ele></trkpt>
      <trkpt lat="22.2477582851" lon="113.9124554467"><ele>399.000</ele></trkpt>
      <trkpt lat="22.2477542004" lon="113.9124426103"><ele>399.000</ele></trkpt>
      <trkpt lat="22.2477478419" lon="113.9124253255"><ele>399.000</ele></trkpt>
      <trkpt lat="22.2477433149" lon="113.9124070574"><ele>400.000</ele></trkpt>
      <trkpt lat="22.2477410725" lon="113.9123942272"><ele>400.000</ele></trkpt>
      <trkpt lat="22.2477246421" lon="113.9123475383"><ele>408.000</ele></trkpt>
      <trkpt lat="22.2477200337" lon="113.9123347029"><ele>408.000</ele></trkpt>
      <trkpt lat="22.2477121741" lon="113.9123051492"><ele>407.000</ele></trkpt>
      <trkpt lat="22.2477089334" lon="113.9122948044"><ele>407.000</ele></trkpt>
      <trkpt lat="22.2477084333" lon="113.9122760825"><ele>407.000</ele></trkpt>
      <trkpt lat="22.2477070212" lon="113.9122573526"><ele>402.000</ele></trkpt>
      <trkpt lat="22.2477074099" lon="113.9122243298"><ele>399.000</ele></trkpt>
      <trkpt lat="22.2477082817" lon="113.9122051009"><ele>399.000</ele></trkpt>
      <trkpt lat="22.2477073405" lon="113.9121927825"><ele>399.000</ele></trkpt>
      <trkpt lat="22.2477064114" lon="113.9121878562"><ele>399.000</ele></trkpt>
      <trkpt lat="22.2477013334" lon="113.9121750508"><ele>396.000</ele></trkpt>
      <trkpt lat="22.2476953086" lon="113.9121464734"><ele>396.000</ele></trkpt>
      <trkpt lat="22.2476934188" lon="113.9121228260"><ele>397.000</ele></trkpt>
      <trkpt lat="22.2476897137" lon="113.9121045952"><ele>397.000</ele></trkpt>
      <trkpt lat="22.2476855560" lon="113.9120912933"><ele>397.000</ele></trkpt>
      <trkpt lat="22.2476818394" lon="113.9120715880"><ele>394.000</ele></trkpt>
      <trkpt lat="22.2476776671" lon="113.9120548423"><ele>394.000</ele></trkpt>
      <trkpt lat="22.2476749007" lon="113.9120474554"><ele>394.000</ele></trkpt>
      <trkpt lat="22.2476753500" lon="113.9120405475"><ele>394.000</ele></trkpt>
      <trkpt lat="22.2476734909" lon="113.9120302098"><ele>395.000</ele></trkpt>
      <trkpt lat="22.2476702680" lon="113.9120252877"><ele>395.000</ele></trkpt>
      <trkpt lat="22.2476610460" lon="113.9120075621"><ele>395.000</ele></trkpt>
      <trkpt lat="22.2476555050" lon="113.9119932830"><ele>395.000</ele></trkpt>
      <trkpt lat="22.2476490512" lon="113.9119785109"><ele>395.000</ele></trkpt>
      <trkpt lat="22.2476439812" lon="113.9119706336"><ele>400.000</ele></trkpt>
      <trkpt lat="22.2476402825" lon="113.9119563510"><ele>400.000</ele></trkpt>
      <trkpt lat="22.2476425455" lon="113.9119430371"><ele>400.000</ele></trkpt>
      <trkpt lat="22.2476480325" lon="113.9119297171"><ele>400.000</ele></trkpt>
      <trkpt lat="22.2476507593" lon="113.9119183715"><ele>395.000</ele></trkpt>
      <trkpt lat="22.2476530159" lon="113.9119011190"><ele>395.000</ele></trkpt>
      <trkpt lat="22.2476529868" lon="113.9118887892"><ele>395.000</ele></trkpt>
      <trkpt lat="22.2476511277" lon="113.9118784418"><ele>395.000</ele></trkpt>
      <trkpt lat="22.2476432777" lon="113.9118548056"><ele>400.000</ele></trkpt>
      <trkpt lat="22.2476340623" lon="113.9118356054"><ele>398.000</ele></trkpt>
      <trkpt lat="22.2476275994" lon="113.9118208333"><ele>398.000</ele></trkpt>
      <trkpt lat="22.2476160627" lon="113.9117902971"><ele>398.000</ele></trkpt>
      <trkpt lat="22.2476091231" lon="113.9117656697"><ele>396.000</ele></trkpt>
      <trkpt lat="22.2476035765" lon="113.9117479372"><ele>396.000</ele></trkpt>
      <trkpt lat="22.2475998761" lon="113.9117326651"><ele>399.000</ele></trkpt>
      <trkpt lat="22.2475989235" lon="113.9117188722"><ele>399.000</ele></trkpt>
      <trkpt lat="22.2475929139" lon="113.9116996563"><ele>399.000</ele></trkpt>
      <trkpt lat="22.2475892256" lon="113.9116917860"><ele>398.000</ele></trkpt>
      <trkpt lat="22.2475777156" lon="113.9116720954"><ele>398.000</ele></trkpt>
      <trkpt lat="22.2475708116" lon="113.9116637268"><ele>398.000</ele></trkpt>
      <trkpt lat="22.2475615952" lon="113.9116494547"><ele>398.000</ele></trkpt>
      <trkpt lat="22.2475601950" lon="113.9116381266"><ele>397.000</ele></trkpt>
      <trkpt lat="22.2475500148" lon="113.9115977317"><ele>402.000</ele></trkpt>
      <trkpt lat="22.2475449207" lon="113.9115750702"><ele>402.000</ele></trkpt>
      <trkpt lat="22.2475360977" lon="113.9115307341"><ele>400.000</ele></trkpt>
      <trkpt lat="22.2475342297" lon="113.9115149639"><ele>400.000</ele></trkpt>
      <trkpt lat="22.2475342096" lon="113.9115026438"><ele>400.000</ele></trkpt>
      <trkpt lat="22.2475328004" lon="113.9114913060"><ele>396.000</ele></trkpt>
      <trkpt lat="22.2475268151" lon="113.9114814612"><ele>396.000</ele></trkpt>
      <trkpt lat="22.2475180755" lon="113.9114716215"><ele>396.000</ele></trkpt>
      <trkpt lat="22.2475065653" lon="113.9114573634"><ele>399.000</ele></trkpt>
      <trkpt lat="22.2475010437" lon="113.9114494869"><ele>397.000</ele></trkpt>
      <trkpt lat="22.2474922790" lon="113.9114297911"><ele>397.000</ele></trkpt>
      <trkpt lat="22.2474844418" lon="113.9114140322"><ele>397.000</ele></trkpt>
      <trkpt lat="22.2474719839" lon="113.9113835074"><ele>395.000</ele></trkpt>
      <trkpt lat="22.2474641605" lon="113.9113707073"><ele>396.000</ele></trkpt>
      <trkpt lat="22.2474600141" lon="113.9113643125"><ele>396.000</ele></trkpt>
      <trkpt lat="22.2474402224" lon="113.9113387296"><ele>394.000</ele></trkpt>
      <trkpt lat="22.2474351492" lon="113.9113288830"><ele>394.000</ele></trkpt>
      <trkpt lat="22.2474162689" lon="113.9112973809"><ele>392.000</ele></trkpt>
      <trkpt lat="22.2474079840" lon="113.9112895097"><ele>392.000</ele></trkpt>
      <trkpt lat="22.2473776380" lon="113.9112654310"><ele>392.000</ele></trkpt>
      <trkpt lat="22.2473633897" lon="113.9112556114"><ele>389.000</ele></trkpt>
      <trkpt lat="22.2473408672" lon="113.9112389004"><ele>389.000</ele></trkpt>
      <trkpt lat="22.2473229475" lon="113.9112315518"><ele>389.000</ele></trkpt>
      <trkpt lat="22.2472990724" lon="113.9112271732"><ele>389.000</ele></trkpt>
      <trkpt lat="22.2472784155" lon="113.9112247578"><ele>389.000</ele></trkpt>
      <trkpt lat="22.2472471888" lon="113.9112198983"><ele>389.000</ele></trkpt>
      <trkpt lat="22.2471875262" lon="113.9112215144"><ele>389.000</ele></trkpt>
      <trkpt lat="22.2471356612" lon="113.9112201668"><ele>389.000</ele></trkpt>
      <trkpt lat="22.2471173021" lon="113.9112202014"><ele>389.000</ele></trkpt>
      <trkpt lat="22.2471016850" lon="113.9112182712"><ele>391.000</ele></trkpt>
      <trkpt lat="22.2470842333" lon="113.9112099323"><ele>391.000</ele></trkpt>
      <trkpt lat="22.2470621687" lon="113.9111971687"><ele>386.000</ele></trkpt>
      <trkpt lat="22.2470470025" lon="113.9111893202"><ele>386.000</ele></trkpt>
      <trkpt lat="22.2470079679" lon="113.9111756088"><ele>386.000</ele></trkpt>
      <trkpt lat="22.2469946422" lon="113.9111721901"><ele>386.000</ele></trkpt>
      <trkpt lat="22.2469817828" lon="113.9111668012"><ele>386.000</ele></trkpt>
      <trkpt lat="22.2469684597" lon="113.9111594343"><ele>385.000</ele></trkpt>
      <trkpt lat="22.2469615654" lon="113.9111569930"><ele>385.000</ele></trkpt>
      <trkpt lat="22.2469464179" lon="113.9111550522"><ele>385.000</ele></trkpt>
      <trkpt lat="22.2469381549" lon="113.9111550678"><ele>385.000</ele></trkpt>
      <trkpt lat="22.2469087760" lon="113.9111536584"><ele>383.000</ele></trkpt>
      <trkpt lat="22.2468959304" lon="113.9111566511"><ele>383.000</ele></trkpt>
      <trkpt lat="22.2468863012" lon="113.9111606175"><ele>383.000</ele></trkpt>
      <trkpt lat="22.2468697817" lon="113.9111645969"><ele>385.000</ele></trkpt>
      <trkpt lat="22.2468330829" lon="113.9111710881"><ele>382.000</ele></trkpt>
      <trkpt lat="22.2468060091" lon="113.9111765814"><ele>382.000</ele></trkpt>
      <trkpt lat="22.2467798532" lon="113.9111800842"><ele>382.000</ele></trkpt>
      <trkpt lat="22.2467550797" lon="113.9111840889"><ele>382.000</ele></trkpt>
      <trkpt lat="22.2467316773" lon="113.9111871015"><ele>382.000</ele></trkpt>
      <trkpt lat="22.2466697104" lon="113.9111877422"><ele>382.000</ele></trkpt>
      <trkpt lat="22.2466352997" lon="113.9111907755"><ele>382.000</ele></trkpt>
      <trkpt lat="22.2466210683" lon="113.9111913068"><ele>382.000</ele></trkpt>
      <trkpt lat="22.2466027043" lon="113.9111883924"><ele>382.000</ele></trkpt>
      <trkpt lat="22.2465866154" lon="113.9111795561"><ele>382.000</ele></trkpt>
      <trkpt lat="22.2465700661" lon="113.9111652980"><ele>382.000</ele></trkpt>
      <trkpt lat="22.2465516754" lon="113.9111515477"><ele>379.000</ele></trkpt>
      <trkpt lat="22.2465405655" lon="113.9111446713"><ele>379.000</ele></trkpt>
      <trkpt lat="22.2465375537" lon="113.9111418541"><ele>379.000</ele></trkpt>
      <trkpt lat="22.2465349287" lon="113.9111380951"><ele>379.000</ele></trkpt>
      <trkpt lat="22.2465317638" lon="113.9111360920"><ele>379.000</ele></trkpt>
      <trkpt lat="22.2465287781" lon="113.9111348336"><ele>379.000</ele></trkpt>
      <trkpt lat="22.2465232227" lon="113.9111333182"><ele>379.000</ele></trkpt>
      <trkpt lat="22.2465131502" lon="113.9111329200"><ele>379.000</ele></trkpt>
      <trkpt lat="22.2465009695" lon="113.9111333388"><ele>379.000</ele></trkpt>
      <trkpt lat="22.2464842419" lon="113.9111320879"><ele>379.000</ele></trkpt>
      <trkpt lat="22.2464716901" lon="113.9111276191"><ele>380.000</ele></trkpt>
      <trkpt lat="22.2464627017" lon="113.9111103113"><ele>376.000</ele></trkpt>
      <trkpt lat="22.2464543058" lon="113.9110897933"><ele>376.000</ele></trkpt>
      <trkpt lat="22.2464447299" lon="113.9110782615"><ele>376.000</ele></trkpt>
      <trkpt lat="22.2464250118" lon="113.9110750906"><ele>376.000</ele></trkpt>
      <trkpt lat="22.2463921439" lon="113.9110661687"><ele>376.000</ele></trkpt>
      <trkpt lat="22.2463712277" lon="113.9110604332"><ele>372.000</ele></trkpt>
      <trkpt lat="22.2463503231" lon="113.9110617561"><ele>372.000</ele></trkpt>
      <trkpt lat="22.2463294175" lon="113.9110624367"><ele>372.000</ele></trkpt>
      <trkpt lat="22.2463025423" lon="113.9110656965"><ele>376.000</ele></trkpt>
      <trkpt lat="22.2462762629" lon="113.9110676707"><ele>376.000</ele></trkpt>
      <trkpt lat="22.2462601406" lon="113.9110715514"><ele>376.000</ele></trkpt>
      <trkpt lat="22.2462422401" lon="113.9110831350"><ele>374.000</ele></trkpt>
      <trkpt lat="22.2462255397" lon="113.9110985666"><ele>374.000</ele></trkpt>
      <trkpt lat="22.2462076603" lon="113.9111236256"><ele>378.000</ele></trkpt>
      <trkpt lat="22.2461879704" lon="113.9111371381"><ele>376.000</ele></trkpt>
      <trkpt lat="22.2461647015" lon="113.9111538655"><ele>376.000</ele></trkpt>
      <trkpt lat="22.2461467928" lon="113.9111609576"><ele>376.000</ele></trkpt>
      <trkpt lat="22.2461252892" lon="113.9111609982"><ele>376.000</ele></trkpt>
      <trkpt lat="22.2460978235" lon="113.9111687495"><ele>380.000</ele></trkpt>
      <trkpt lat="22.2460721524" lon="113.9111771397"><ele>380.000</ele></trkpt>
      <trkpt lat="22.2460440940" lon="113.9111874599"><ele>379.000</ele></trkpt>
      <trkpt lat="22.2460243978" lon="113.9111971223"><ele>379.000</ele></trkpt>
      <trkpt lat="22.2460094828" lon="113.9112087002"><ele>376.000</ele></trkpt>
      <trkpt lat="22.2459897949" lon="113.9112234952"><ele>379.000</ele></trkpt>
      <trkpt lat="22.2459629343" lon="113.9112350966"><ele>376.000</ele></trkpt>
      <trkpt lat="22.2459378539" lon="113.9112402766"><ele>376.000</ele></trkpt>
      <trkpt lat="22.2459289032" lon="113.9112460683"><ele>373.000</ele></trkpt>
      <trkpt lat="22.2459098143" lon="113.9112615044"><ele>376.000</ele></trkpt>
      <trkpt lat="22.2458805685" lon="113.9112763183"><ele>372.000</ele></trkpt>
      <trkpt lat="22.2458483373" lon="113.9112917791"><ele>372.000</ele></trkpt>
      <trkpt lat="22.2458268484" lon="113.9113008036"><ele>370.000</ele></trkpt>
      <trkpt lat="22.2458119323" lon="113.9113117393"><ele>371.000</ele></trkpt>
      <trkpt lat="22.2457892727" lon="113.9113355238"><ele>369.000</ele></trkpt>
      <trkpt lat="22.2457672153" lon="113.9113625161"><ele>371.000</ele></trkpt>
      <trkpt lat="22.2457469370" lon="113.9113818037"><ele>368.000</ele></trkpt>
      <trkpt lat="22.2457231036" lon="113.9114184245"><ele>368.000</ele></trkpt>
      <trkpt lat="22.2457052147" lon="113.9114377075"><ele>365.000</ele></trkpt>
      <trkpt lat="22.2456879111" lon="113.9114492899"><ele>365.000</ele></trkpt>
      <trkpt lat="22.2456694025" lon="113.9114551006"><ele>370.000</ele></trkpt>
      <trkpt lat="22.2456526768" lon="113.9114544899"><ele>370.000</ele></trkpt>
      <trkpt lat="22.2456347460" lon="113.9114481076"><ele>365.000</ele></trkpt>
      <trkpt lat="22.2456150194" lon="113.9114391608"><ele>369.000</ele></trkpt>
      <trkpt lat="22.2455922866" lon="113.9114186709"><ele>369.000</ele></trkpt>
      <trkpt lat="22.2455689632" lon="113.9114020314"><ele>372.000</ele></trkpt>
      <trkpt lat="22.2455432556" lon="113.9113886045"><ele>372.000</ele></trkpt>
      <trkpt lat="22.2455139614" lon="113.9113732597"><ele>374.000</ele></trkpt>
      <trkpt lat="22.2454930338" lon="113.9113604659"><ele>374.000</ele></trkpt>
      <trkpt lat="22.2454768842" lon="113.9113476632"><ele>369.000</ele></trkpt>
      <trkpt lat="22.2454613220" lon="113.9113284423"><ele>369.000</ele></trkpt>
      <trkpt lat="22.2454379628" lon="113.9112893446"><ele>364.000</ele></trkpt>
      <trkpt lat="22.2454074038" lon="113.9112316514"><ele>363.000</ele></trkpt>
      <trkpt lat="22.2453810635" lon="113.9111964096"><ele>364.000</ele></trkpt>
      <trkpt lat="22.2453589254" lon="113.9111739931"><ele>364.000</ele></trkpt>
      <trkpt lat="22.2453385883" lon="113.9111573480"><ele>361.000</ele></trkpt>
      <trkpt lat="22.2453110921" lon="113.9111458501"><ele>361.000</ele></trkpt>
      <trkpt lat="22.2452788285" lon="113.9111414195"><ele>362.000</ele></trkpt>
      <trkpt lat="22.2452549322" lon="113.9111395390"><ele>362.000</ele></trkpt>
      <trkpt lat="22.2452334225" lon="113.9111363715"><ele>365.000</ele></trkpt>
      <trkpt lat="22.2452113042" lon="113.9111261469"><ele>365.000</ele></trkpt>
      <trkpt lat="22.2451849891" lon="113.9111063041"><ele>364.000</ele></trkpt>
      <trkpt lat="22.2451598646" lon="113.9110838933"><ele>364.000</ele></trkpt>
      <trkpt lat="22.2451395296" lon="113.9110685316"><ele>364.000</ele></trkpt>
      <trkpt lat="22.2451150293" lon="113.9110628030"><ele>361.000</ele></trkpt>
      <trkpt lat="22.2450911267" lon="113.9110570732"><ele>361.000</ele></trkpt>
      <trkpt lat="22.2450743875" lon="113.9110487631"><ele>361.000</ele></trkpt>
      <trkpt lat="22.2450594346" lon="113.9110365994"><ele>361.000</ele></trkpt>
      <trkpt lat="22.2450498547" lon="113.9110231431"><ele>361.000</ele></trkpt>
      <trkpt lat="22.2450438525" lon="113.9110051877"><ele>357.000</ele></trkpt>
      <trkpt lat="22.2450378462" lon="113.9109853066"><ele>357.000</ele></trkpt>
      <trkpt lat="22.2450300493" lon="113.9109660721"><ele>354.000</ele></trkpt>
      <trkpt lat="22.2450156661" lon="113.9109372240"><ele>358.000</ele></trkpt>
      <trkpt lat="22.2449851246" lon="113.9108897983"><ele>356.000</ele></trkpt>
      <trkpt lat="22.2449683519" lon="113.9108609547"><ele>358.000</ele></trkpt>
      <trkpt lat="22.2449545613" lon="113.9108295396"><ele>358.000</ele></trkpt>
      <trkpt lat="22.2449461538" lon="113.9108019636"><ele>355.000</ele></trkpt>
      <trkpt lat="22.2449383633" lon="113.9107865784"><ele>355.000</ele></trkpt>
      <trkpt lat="22.2449305758" lon="113.9107731178"><ele>352.000</ele></trkpt>
      <trkpt lat="22.2449168230" lon="113.9107648021"><ele>352.000</ele></trkpt>
      <trkpt lat="22.2449024838" lon="113.9107629045"><ele>352.000</ele></trkpt>
      <trkpt lat="22.2448899405" lon="113.9107635694"><ele>351.000</ele></trkpt>
      <trkpt lat="22.2448762096" lon="113.9107680878"><ele>351.000</ele></trkpt>
      <trkpt lat="22.2448618852" lon="113.9107751731"><ele>351.000</ele></trkpt>
      <trkpt lat="22.2448451827" lon="113.9107893212"><ele>354.000</ele></trkpt>
      <trkpt lat="22.2448350436" lon="113.9107989654"><ele>354.000</ele></trkpt>
      <trkpt lat="22.2448171275" lon="113.9108015651"><ele>354.000</ele></trkpt>
      <trkpt lat="22.2447908544" lon="113.9108073905"><ele>354.000</ele></trkpt>
      <trkpt lat="22.2447657739" lon="113.9108119293"><ele>354.000</ele></trkpt>
      <trkpt lat="22.2447377165" lon="113.9108228908"><ele>352.000</ele></trkpt>
      <trkpt lat="22.2447072822" lon="113.9108409150"><ele>355.000</ele></trkpt>
      <trkpt lat="22.2446857882" lon="113.9108473716"><ele>355.000</ele></trkpt>
      <trkpt lat="22.2446595224" lon="113.9108576885"><ele>355.000</ele></trkpt>
      <trkpt lat="22.2446356314" lon="113.9108590160"><ele>355.000</ele></trkpt>
      <trkpt lat="22.2446015814" lon="113.9108584391"><ele>354.000</ele></trkpt>
      <trkpt lat="22.2445496048" lon="113.9108534036"><ele>355.000</ele></trkpt>
      <trkpt lat="22.2445155452" lon="113.9108464096"><ele>355.000</ele></trkpt>
      <trkpt lat="22.2444868637" lon="113.9108406889"><ele>355.000</ele></trkpt>
      <trkpt lat="22.2444623539" lon="113.9108291855"><ele>355.000</ele></trkpt>
      <trkpt lat="22.2444438167" lon="113.9108170286"><ele>352.000</ele></trkpt>
      <trkpt lat="22.2444199110" lon="113.9108093743"><ele>352.000</ele></trkpt>
      <trkpt lat="22.2443924284" lon="113.9108062172"><ele>352.000</ele></trkpt>
      <trkpt lat="22.2443446297" lon="113.9107992492"><ele>352.000</ele></trkpt>
      <trkpt lat="22.2443207336" lon="113.9107980109"><ele>352.000</ele></trkpt>
      <trkpt lat="22.2443028123" lon="113.9107974036"><ele>352.000</ele></trkpt>
      <trkpt lat="22.2442830962" lon="113.9107948740"><ele>352.000</ele></trkpt>
      <trkpt lat="22.2442675484" lon="113.9107839949"><ele>352.000</ele></trkpt>
      <trkpt lat="22.2442477999" lon="113.9107622153"><ele>351.000</ele></trkpt>
      <trkpt lat="22.2442250627" lon="113.9107385177"><ele>351.000</ele></trkpt>
      <trkpt lat="22.2441975507" lon="113.9107173940"><ele>348.000</ele></trkpt>
      <trkpt lat="22.2441760293" lon="113.9107071684"><ele>348.000</ele></trkpt>
      <trkpt lat="22.2441598932" lon="113.9107020653"><ele>348.000</ele></trkpt>
      <trkpt lat="22.2441360003" lon="113.9107027526"><ele>348.000</ele></trkpt>
      <trkpt lat="22.2440995638" lon="113.9107034626"><ele>348.000</ele></trkpt>
      <trkpt lat="22.2440750696" lon="113.9107009421"><ele>348.000</ele></trkpt>
      <trkpt lat="22.2440583306" lon="113.9106932742"><ele>348.000</ele></trkpt>
      <trkpt lat="22.2440170814" lon="113.9106728187"><ele>343.000</ele></trkpt>
      <trkpt lat="22.2439764281" lon="113.9106517208"><ele>343.000</ele></trkpt>
      <trkpt lat="22.2439327727" lon="113.9106216449"><ele>340.000</ele></trkpt>
      <trkpt lat="22.2439040702" lon="113.9106030912"><ele>340.000</ele></trkpt>
      <trkpt lat="22.2438657906" lon="113.9105723639"><ele>339.000</ele></trkpt>
      <trkpt lat="22.2438382756" lon="113.9105499579"><ele>341.000</ele></trkpt>
      <trkpt lat="22.2438155446" lon="113.9105301096"><ele>338.000</ele></trkpt>
      <trkpt lat="22.2437945959" lon="113.9105044822"><ele>340.000</ele></trkpt>
      <trkpt lat="22.2437712650" lon="113.9104833516"><ele>338.000</ele></trkpt>
      <trkpt lat="22.2437389561" lon="113.9104513297"><ele>340.000</ele></trkpt>
      <trkpt lat="22.2437144105" lon="113.9104180097"><ele>339.000</ele></trkpt>
      <trkpt lat="22.2436820815" lon="113.9103731547"><ele>336.000</ele></trkpt>
      <trkpt lat="22.2436611266" lon="113.9103443194"><ele>337.000</ele></trkpt>
      <trkpt lat="22.2436324019" lon="113.9103122907"><ele>334.000</ele></trkpt>
      <trkpt lat="22.2436108530" lon="113.9102847408"><ele>334.000</ele></trkpt>
      <trkpt lat="22.2435928728" lon="113.9102481995"><ele>334.000</ele></trkpt>
      <trkpt lat="22.2435742840" lon="113.9102046020"><ele>336.000</ele></trkpt>
      <trkpt lat="22.2435592723" lon="113.9101571477"><ele>333.000</ele></trkpt>
      <trkpt lat="22.2435508468" lon="113.9101186646"><ele>332.000</ele></trkpt>
      <trkpt lat="22.2435454004" lon="113.9100756835"><ele>330.000</ele></trkpt>
      <trkpt lat="22.2435375434" lon="113.9100198740"><ele>328.000</ele></trkpt>
      <trkpt lat="22.2435308927" lon="113.9099711205"><ele>329.000</ele></trkpt>
      <trkpt lat="22.2435206504" lon="113.9099178823"><ele>328.000</ele></trkpt>
      <trkpt lat="22.2435026595" lon="113.9098749250"><ele>326.000</ele></trkpt>
      <trkpt lat="22.2434727073" lon="113.9098230076"><ele>328.000</ele></trkpt>
      <trkpt lat="22.2434487575" lon="113.9097890444"><ele>325.000</ele></trkpt>
      <trkpt lat="22.2434068807" lon="113.9097499826"><ele>322.000</ele></trkpt>
      <trkpt lat="22.2433859499" lon="113.9097359059"><ele>320.000</ele></trkpt>
      <trkpt lat="22.2433608505" lon="113.9097288953"><ele>320.000</ele></trkpt>
      <trkpt lat="22.2433405416" lon="113.9097289338"><ele>320.000</ele></trkpt>
      <trkpt lat="22.2433208403" lon="113.9097360294"><ele>320.000</ele></trkpt>
      <trkpt lat="22.2433005526" lon="113.9097489008"><ele>320.000</ele></trkpt>
      <trkpt lat="22.2432808670" lon="113.9097649801"><ele>321.000</ele></trkpt>
      <trkpt lat="22.2432701406" lon="113.9097810414"><ele>321.000</ele></trkpt>
      <trkpt lat="22.2432528487" lon="113.9097996829"><ele>319.000</ele></trkpt>
      <trkpt lat="22.2432355695" lon="113.9098260238"><ele>321.000</ele></trkpt>
      <trkpt lat="22.2432218630" lon="113.9098459409"><ele>321.000</ele></trkpt>
      <trkpt lat="22.2432093692" lon="113.9098767641"><ele>320.000</ele></trkpt>
      <trkpt lat="22.2431974700" lon="113.9099056606"><ele>320.000</ele></trkpt>
      <trkpt lat="22.2431849845" lon="113.9099409761"><ele>320.000</ele></trkpt>
      <trkpt lat="22.2431796361" lon="113.9099583106"><ele>320.000</ele></trkpt>
      <trkpt lat="22.2431796646" lon="113.9099756359"><ele>320.000</ele></trkpt>
      <trkpt lat="22.2431886605" lon="113.9099974346"><ele>320.000</ele></trkpt>
      <trkpt lat="22.2431988460" lon="113.9100160240"><ele>320.000</ele></trkpt>
      <trkpt lat="22.2432084451" lon="113.9100416718"><ele>320.000</ele></trkpt>
      <trkpt lat="22.2432102767" lon="113.9100654096"><ele>316.000</ele></trkpt>
      <trkpt lat="22.2432144957" lon="113.9100885018"><ele>316.000</ele></trkpt>
      <trkpt lat="22.2432205231" lon="113.9101212145"><ele>321.000</ele></trkpt>
      <trkpt lat="22.2432241528" lon="113.9101494403"><ele>321.000</ele></trkpt>
      <trkpt lat="22.2432253865" lon="113.9101731794"><ele>321.000</ele></trkpt>
      <trkpt lat="22.2432230347" lon="113.9101956417"><ele>321.000</ele></trkpt>
      <trkpt lat="22.2432170989" lon="113.9102187531"><ele>318.000</ele></trkpt>
      <trkpt lat="22.2432165305" lon="113.9102367207"><ele>318.000</ele></trkpt>
      <trkpt lat="22.2432195462" lon="113.9102540394"><ele>317.000</ele></trkpt>
      <trkpt lat="22.2432237558" lon="113.9102713568"><ele>320.000</ele></trkpt>
      <trkpt lat="22.2432291927" lon="113.9103085620"><ele>319.000</ele></trkpt>
      <trkpt lat="22.2432316432" lon="113.9103457739"><ele>318.000</ele></trkpt>
      <trkpt lat="22.2432328874" lon="113.9103759288"><ele>318.000</ele></trkpt>
      <trkpt lat="22.2432341242" lon="113.9104015934"><ele>319.000</ele></trkpt>
      <trkpt lat="22.2432335789" lon="113.9104336774"><ele>319.000</ele></trkpt>
      <trkpt lat="22.2432342125" lon="113.9104554919"><ele>320.000</ele></trkpt>
      <trkpt lat="22.2432276660" lon="113.9104702629"><ele>320.000</ele></trkpt>
      <trkpt lat="22.2432187237" lon="113.9104811881"><ele>318.000</ele></trkpt>
      <trkpt lat="22.2432032087" lon="113.9104908424"><ele>320.000</ele></trkpt>
      <trkpt lat="22.2431817210" lon="113.9105011492"><ele>320.000</ele></trkpt>
      <trkpt lat="22.2431494887" lon="113.9105153265"><ele>317.000</ele></trkpt>
      <trkpt lat="22.2431202398" lon="113.9105282148"><ele>314.000</ele></trkpt>
      <trkpt lat="22.2430838370" lon="113.9105494591"><ele>313.000</ele></trkpt>
      <trkpt lat="22.2430617545" lon="113.9105610503"><ele>313.000</ele></trkpt>
      <trkpt lat="22.2430504238" lon="113.9105726213"><ele>313.000</ele></trkpt>
      <trkpt lat="22.2430432720" lon="113.9105822598"><ele>313.000</ele></trkpt>
      <trkpt lat="22.2430420993" lon="113.9105957371"><ele>315.000</ele></trkpt>
      <trkpt lat="22.2430445182" lon="113.9106136991"><ele>315.000</ele></trkpt>
      <trkpt lat="22.2430451487" lon="113.9106342303"><ele>315.000</ele></trkpt>
      <trkpt lat="22.2430439803" lon="113.9106502744"><ele>319.000</ele></trkpt>
      <trkpt lat="22.2430380305" lon="113.9106644020"><ele>315.000</ele></trkpt>
      <trkpt lat="22.2430272999" lon="113.9106778974"><ele>315.000</ele></trkpt>
      <trkpt lat="22.2430117912" lon="113.9106914008"><ele>318.000</ele></trkpt>
      <trkpt lat="22.2429944897" lon="113.9107042665"><ele>315.000</ele></trkpt>
      <trkpt lat="22.2429831590" lon="113.9107158384"><ele>315.000</ele></trkpt>
      <trkpt lat="22.2429724292" lon="113.9107293328"><ele>315.000</ele></trkpt>
      <trkpt lat="22.2429718628" lon="113.9107479426"><ele>317.000</ele></trkpt>
      <trkpt lat="22.2429754755" lon="113.9107659013"><ele>317.000</ele></trkpt>
      <trkpt lat="22.2429748996" lon="113.9107787363"><ele>317.000</ele></trkpt>
      <trkpt lat="22.2429713363" lon="113.9107915760"><ele>319.000</ele></trkpt>
      <trkpt lat="22.2429617982" lon="113.9108031436"><ele>319.000</ele></trkpt>
      <trkpt lat="22.2429462884" lon="113.9108160058"><ele>318.000</ele></trkpt>
      <trkpt lat="22.2429301724" lon="113.9108237366"><ele>318.000</ele></trkpt>
      <trkpt lat="22.2429134552" lon="113.9108289007"><ele>323.000</ele></trkpt>
      <trkpt lat="22.2428919484" lon="113.9108270167"><ele>318.000</ele></trkpt>
      <trkpt lat="22.2428578711" lon="113.9108091146"><ele>318.000</ele></trkpt>
      <trkpt lat="22.2428303675" lon="113.9107931256"><ele>318.000</ele></trkpt>
      <trkpt lat="22.2428016859" lon="113.9107874049"><ele>314.000</ele></trkpt>
      <trkpt lat="22.2427831752" lon="113.9107919313"><ele>314.000</ele></trkpt>
      <trkpt lat="22.2427652759" lon="113.9108047980"><ele>312.000</ele></trkpt>
      <trkpt lat="22.2427360426" lon="113.9108266698"><ele>312.000</ele></trkpt>
      <trkpt lat="22.2427008439" lon="113.9108536855"><ele>311.000</ele></trkpt>
      <trkpt lat="22.2426745875" lon="113.9108697760"><ele>310.000</ele></trkpt>
      <trkpt lat="22.2426513156" lon="113.9108852206"><ele>310.000</ele></trkpt>
      <trkpt lat="22.2426154980" lon="113.9108987623"><ele>309.000</ele></trkpt>
      <trkpt lat="22.2425940143" lon="113.9109109946"><ele>309.000</ele></trkpt>
      <trkpt lat="22.2425755309" lon="113.9109322039"><ele>308.000</ele></trkpt>
      <trkpt lat="22.2425540598" lon="113.9109521355"><ele>308.000</ele></trkpt>
      <trkpt lat="22.2425295982" lon="113.9109701481"><ele>306.000</ele></trkpt>
      <trkpt lat="22.2425063220" lon="113.9109823837"><ele>307.000</ele></trkpt>
      <trkpt lat="22.2424835578" lon="113.9110018657"><ele>304.000</ele></trkpt>
      <trkpt lat="22.2424580821" lon="113.9110292209"><ele>306.000</ele></trkpt>
      <trkpt lat="22.2424371144" lon="113.9110466730"><ele>304.000</ele></trkpt>
      <trkpt lat="22.2424229724" lon="113.9110576516"><ele>304.000</ele></trkpt>
      <trkpt lat="22.2423873457" lon="113.9110791862"><ele>302.000</ele></trkpt>
      <trkpt lat="22.2423507963" lon="113.9110997427"><ele>302.000</ele></trkpt>
      <trkpt lat="22.2423184074" lon="113.9111242008"><ele>302.000</ele></trkpt>
      <trkpt lat="22.2423047144" lon="113.9111336944"><ele>302.000</ele></trkpt>
      <trkpt lat="22.2422873665" lon="113.9111447081"><ele>302.000</ele></trkpt>
      <trkpt lat="22.2422681765" lon="113.9111557350"><ele>301.000</ele></trkpt>
      <trkpt lat="22.2422480636" lon="113.9111657840"><ele>301.000</ele></trkpt>
      <trkpt lat="22.2422037021" lon="113.9111859284"><ele>300.000</ele></trkpt>
      <trkpt lat="22.2421872548" lon="113.9111954465"><ele>300.000</ele></trkpt>
      <trkpt lat="22.2421671306" lon="113.9112040210"><ele>299.000</ele></trkpt>
      <trkpt lat="22.2421488052" lon="113.9112081394"><ele>299.000</ele></trkpt>
      <trkpt lat="22.2421125716" lon="113.9112119425"><ele>296.000</ele></trkpt>
      <trkpt lat="22.2420960679" lon="113.9112145636"><ele>296.000</ele></trkpt>
      <trkpt lat="22.2420773040" lon="113.9112211469"><ele>294.000</ele></trkpt>
      <trkpt lat="22.2420608682" lon="113.9112321492"><ele>294.000</ele></trkpt>
      <trkpt lat="22.2420481405" lon="113.9112465688"><ele>294.000</ele></trkpt>
      <trkpt lat="22.2420349882" lon="113.9112664021"><ele>292.000</ele></trkpt>
      <trkpt lat="22.2420204184" lon="113.9112808349"><ele>294.000</ele></trkpt>
      <trkpt lat="22.2420053642" lon="113.9112918249"><ele>294.000</ele></trkpt>
      <trkpt lat="22.2419856907" lon="113.9112999037"><ele>294.000</ele></trkpt>
      <trkpt lat="22.2419724239" lon="113.9113049536"><ele>294.000</ele></trkpt>
      <trkpt lat="22.2419577641" lon="113.9113085510"><ele>296.000</ele></trkpt>
      <trkpt lat="22.2419448810" lon="113.9113052189"><ele>296.000</ele></trkpt>
      <trkpt lat="22.2419305239" lon="113.9112895893"><ele>296.000</ele></trkpt>
      <trkpt lat="22.2419100971" lon="113.9112621849"><ele>296.000</ele></trkpt>
      <trkpt lat="22.2418859032" lon="113.9112229918"><ele>296.000</ele></trkpt>
      <trkpt lat="22.2418672295" lon="113.9111852240"><ele>296.000</ele></trkpt>
      <trkpt lat="22.2418433293" lon="113.9111268039"><ele>294.000</ele></trkpt>
      <trkpt lat="22.2418240150" lon="113.9110673469"><ele>291.000</ele></trkpt>
      <trkpt lat="22.2418047129" lon="113.9110098688"><ele>293.000</ele></trkpt>
      <trkpt lat="22.2417758760" lon="113.9109091152"><ele>294.000</ele></trkpt>
      <trkpt lat="22.2417276027" lon="113.9107903069"><ele>295.000</ele></trkpt>
      <trkpt lat="22.2417064543" lon="113.9107303878"><ele>289.000</ele></trkpt>
      <trkpt lat="22.2416914917" lon="113.9106979969"><ele>289.000</ele></trkpt>
      <trkpt lat="22.2416479490" lon="113.9105949237"><ele>288.000</ele></trkpt>
      <trkpt lat="22.2416417679" lon="113.9105703349"><ele>286.000</ele></trkpt>
      <trkpt lat="22.2416383935" lon="113.9105501642"><ele>289.000</ele></trkpt>
      <trkpt lat="22.2416272307" lon="113.9105330153"><ele>287.000</ele></trkpt>
      <trkpt lat="22.2416150895" lon="113.9105084959"><ele>287.000</ele></trkpt>
      <trkpt lat="22.2416033966" lon="113.9104819968"><ele>285.000</ele></trkpt>
      <trkpt lat="22.2415911769" lon="113.9104481069"><ele>288.000</ele></trkpt>
      <trkpt lat="22.2415729856" lon="113.9104127926"><ele>286.000</ele></trkpt>
      <trkpt lat="22.2415682426" lon="113.9103950981"><ele>286.000</ele></trkpt>
      <trkpt lat="22.2415602267" lon="113.9103695426"><ele>284.000</ele></trkpt>
      <trkpt lat="22.2415378773" lon="113.9103318111"><ele>284.000</ele></trkpt>
      <trkpt lat="22.2415136497" lon="113.9102886702"><ele>283.000</ele></trkpt>
      <trkpt lat="22.2415042726" lon="113.9102646112"><ele>284.000</ele></trkpt>
      <trkpt lat="22.2414897820" lon="113.9102337037"><ele>282.000</ele></trkpt>
      <trkpt lat="22.2414558190" lon="113.9101793190"><ele>282.000</ele></trkpt>
      <trkpt lat="22.2414219125" lon="113.9101318409"><ele>279.000</ele></trkpt>
      <trkpt lat="22.2414088706" lon="113.9101088075"><ele>282.000</ele></trkpt>
      <trkpt lat="22.2413869023" lon="113.9100612099"><ele>280.000</ele></trkpt>
      <trkpt lat="22.2413776054" lon="113.9100475013"><ele>278.000</ele></trkpt>
      <trkpt lat="22.2413650813" lon="113.9100318489"><ele>280.000</ele></trkpt>
      <trkpt lat="22.2413319264" lon="113.9099636590"><ele>279.000</ele></trkpt>
      <trkpt lat="22.2413160083" lon="113.9099268466"><ele>282.000</ele></trkpt>
      <trkpt lat="22.2412987396" lon="113.9098925201"><ele>282.000</ele></trkpt>
      <trkpt lat="22.2412889714" lon="113.9098778230"><ele>282.000</ele></trkpt>
      <trkpt lat="22.2412833040" lon="113.9098581708"><ele>278.000</ele></trkpt>
      <trkpt lat="22.2412682275" lon="113.9098114914"><ele>278.000</ele></trkpt>
      <trkpt lat="22.2412551529" lon="113.9097850047"><ele>278.000</ele></trkpt>
      <trkpt lat="22.2412379414" lon="113.9097580603"><ele>275.000</ele></trkpt>
      <trkpt lat="22.2412305203" lon="113.9097482768"><ele>276.000</ele></trkpt>
      <trkpt lat="22.2412244619" lon="113.9097379864"><ele>276.000</ele></trkpt>
      <trkpt lat="22.2412112406" lon="113.9096937578"><ele>273.000</ele></trkpt>
      <trkpt lat="22.2412045629" lon="113.9096637571"><ele>270.000</ele></trkpt>
      <trkpt lat="22.2412021455" lon="113.9096489975"><ele>270.000</ele></trkpt>
      <trkpt lat="22.2411960184" lon="113.9096298313"><ele>270.000</ele></trkpt>
      <trkpt lat="22.2411889799" lon="113.9096111711"><ele>270.000</ele></trkpt>
      <trkpt lat="22.2411846974" lon="113.9095934662"><ele>272.000</ele></trkpt>
      <trkpt lat="22.2411803462" lon="113.9095668951"><ele>271.000</ele></trkpt>
      <trkpt lat="22.2411741396" lon="113.9095378732"><ele>271.000</ele></trkpt>
      <trkpt lat="22.2411660793" lon="113.9095073999"><ele>271.000</ele></trkpt>
      <trkpt lat="22.2411543076" lon="113.9094715304"><ele>269.000</ele></trkpt>
      <trkpt lat="22.2411275732" lon="113.9094032897"><ele>269.000</ele></trkpt>
      <trkpt lat="22.2411193051" lon="113.9093782199"><ele>269.000</ele></trkpt>
      <trkpt lat="22.2411126434" lon="113.9093580361"><ele>268.000</ele></trkpt>
      <trkpt lat="22.2410960130" lon="113.9093329822"><ele>269.000</ele></trkpt>
      <trkpt lat="22.2410918353" lon="113.9093241336"><ele>269.000</ele></trkpt>
      <trkpt lat="22.2410848666" lon="113.9093039601"><ele>269.000</ele></trkpt>
      <trkpt lat="22.2410825320" lon="113.9092955930"><ele>269.000</ele></trkpt>
      <trkpt lat="22.2410744901" lon="113.9092434002"><ele>269.000</ele></trkpt>
      <trkpt lat="22.2410735257" lon="113.9092335464"><ele>269.000</ele></trkpt>
      <trkpt lat="22.2410716491" lon="113.9092236943"><ele>268.000</ele></trkpt>
      <trkpt lat="22.2410672745" lon="113.9091719699"><ele>265.000</ele></trkpt>
      <trkpt lat="22.2410616335" lon="113.9091409584"><ele>265.000</ele></trkpt>
      <trkpt lat="22.2410574558" lon="113.9091321001"><ele>264.000</ele></trkpt>
      <trkpt lat="22.2410551163" lon="113.9091207841"><ele>264.000</ele></trkpt>
      <trkpt lat="22.2410532176" lon="113.9091084681"><ele>264.000</ele></trkpt>
      <trkpt lat="22.2410504077" lon="113.9090966582"><ele>266.000</ele></trkpt>
      <trkpt lat="22.2410448231" lon="113.9090779566"><ele>264.000</ele></trkpt>
      <trkpt lat="22.2410401383" lon="113.9090572841"><ele>264.000</ele></trkpt>
      <trkpt lat="22.2410381971" lon="113.9090356072"><ele>264.000</ele></trkpt>
      <trkpt lat="22.2410353546" lon="113.9090149214"><ele>264.000</ele></trkpt>
      <trkpt lat="22.2410343786" lon="113.9090035931"><ele>264.000</ele></trkpt>
      <trkpt lat="22.2410325021" lon="113.9089937410"><ele>264.000</ele></trkpt>
      <trkpt lat="22.2410286836" lon="113.9089617270"><ele>264.000</ele></trkpt>
      <trkpt lat="22.2410281797" lon="113.9089518722"><ele>264.000</ele></trkpt>
      <trkpt lat="22.2410279401" lon="113.9088996356"><ele>264.000</ele></trkpt>
      <trkpt lat="22.2410236169" lon="113.9088572721"><ele>262.000</ele></trkpt>
      <trkpt lat="22.2410184266" lon="113.9088257651"><ele>260.000</ele></trkpt>
      <trkpt lat="22.2410179120" lon="113.9088149209"><ele>260.000</ele></trkpt>
      <trkpt lat="22.2410173099" lon="113.9087838708"><ele>260.000</ele></trkpt>
      <trkpt lat="22.2410213044" lon="113.9087528023"><ele>260.000</ele></trkpt>
      <trkpt lat="22.2410240023" lon="113.9087404775"><ele>260.000</ele></trkpt>
      <trkpt lat="22.2410271656" lon="113.9087310911"><ele>260.000</ele></trkpt>
      <trkpt lat="22.2410317098" lon="113.9087212171"><ele>260.000</ele></trkpt>
      <trkpt lat="22.2410348813" lon="113.9087113457"><ele>260.000</ele></trkpt>
      <trkpt lat="22.2410371219" lon="113.9087009813"><ele>260.000</ele></trkpt>
      <trkpt lat="22.2410428923" lon="113.9086570853"><ele>260.000</ele></trkpt>
      <trkpt lat="22.2410456033" lon="113.9086472148"><ele>260.000</ele></trkpt>
      <trkpt lat="22.2410496869" lon="113.9086373416"><ele>260.000</ele></trkpt>
      <trkpt lat="22.2410528502" lon="113.9086279649"><ele>256.000</ele></trkpt>
      <trkpt lat="22.2410582721" lon="113.9086082238"><ele>256.000</ele></trkpt>
      <trkpt lat="22.2410646061" lon="113.9085884809"><ele>256.000</ele></trkpt>
      <trkpt lat="22.2410700166" lon="113.9085672557"><ele>256.000</ele></trkpt>
      <trkpt lat="22.2410741018" lon="113.9085583623"><ele>256.000</ele></trkpt>
      <trkpt lat="22.2410777339" lon="113.9085484899"><ele>257.000</ele></trkpt>
      <trkpt lat="22.2410808947" lon="113.9085376291"><ele>257.000</ele></trkpt>
      <trkpt lat="22.2410831345" lon="113.9085267797"><ele>257.000</ele></trkpt>
      <trkpt lat="22.2410844720" lon="113.9085164267"><ele>257.000</ele></trkpt>
      <trkpt lat="22.2410867133" lon="113.9085065570"><ele>257.000</ele></trkpt>
      <trkpt lat="22.2410880516" lon="113.9084966891"><ele>257.000</ele></trkpt>
      <trkpt lat="22.2410930032" lon="113.9084764638"><ele>257.000</ele></trkpt>
      <trkpt lat="22.2410935020" lon="113.9084723208"><ele>257.000</ele></trkpt>
      <trkpt lat="22.2410883289" lon="113.9084567711"><ele>257.000</ele></trkpt>
      <trkpt lat="22.2410836890" lon="113.9084469339"><ele>256.000</ele></trkpt>
      <trkpt lat="22.2410799702" lon="113.9084371047"><ele>256.000</ele></trkpt>
      <trkpt lat="22.2410669480" lon="113.9083987253"><ele>255.000</ele></trkpt>
      <trkpt lat="22.2410414417" lon="113.9083416865"><ele>256.000</ele></trkpt>
      <trkpt lat="22.2410302910" lon="113.9083102006"><ele>256.000</ele></trkpt>
      <trkpt lat="22.2410274843" lon="113.9083003599"><ele>254.000</ele></trkpt>
      <trkpt lat="22.2410233025" lon="113.9082890474"><ele>254.000</ele></trkpt>
      <trkpt lat="22.2410200427" lon="113.9082782182"><ele>254.000</ele></trkpt>
      <trkpt lat="22.2410158723" lon="113.9082683802"><ele>254.000</ele></trkpt>
      <trkpt lat="22.2410121544" lon="113.9082590360"><ele>251.000</ele></trkpt>
      <trkpt lat="22.2409978068" lon="113.9082329884"><ele>255.000</ele></trkpt>
      <trkpt lat="22.2409922671" lon="113.9082251319"><ele>255.000</ele></trkpt>
      <trkpt lat="22.2409853466" lon="113.9082177727"><ele>255.000</ele></trkpt>
      <trkpt lat="22.2409775139" lon="113.9082104250"><ele>253.000</ele></trkpt>
      <trkpt lat="22.2409696829" lon="113.9082040570"><ele>253.000</ele></trkpt>
      <trkpt lat="22.2409540249" lon="113.9081937849"><ele>258.000</ele></trkpt>
      <trkpt lat="22.2409462672" lon="113.9081880570"><ele>258.000</ele></trkpt>
      <trkpt lat="22.2409317622" lon="113.9081760076"><ele>258.000</ele></trkpt>
      <trkpt lat="22.2409231613" lon="113.9081683121"><ele>258.000</ele></trkpt>
      <trkpt lat="22.2409107019" lon="113.9081535912"><ele>254.000</ele></trkpt>
      <trkpt lat="22.2408867482" lon="113.9081344881"><ele>254.000</ele></trkpt>
      <trkpt lat="22.2408784689" lon="113.9081300999"><ele>254.000</ele></trkpt>
      <trkpt lat="22.2408697397" lon="113.9081266922"><ele>254.000</ele></trkpt>
      <trkpt lat="22.2408614506" lon="113.9081218093"><ele>255.000</ele></trkpt>
      <trkpt lat="22.2408527091" lon="113.9081164325"><ele>248.000</ele></trkpt>
      <trkpt lat="22.2408457992" lon="113.9081100531"><ele>248.000</ele></trkpt>
      <trkpt lat="22.2408375109" lon="113.9081056649"><ele>248.000</ele></trkpt>
      <trkpt lat="22.2408287686" lon="113.9080997934"><ele>248.000</ele></trkpt>
      <trkpt lat="22.2408191207" lon="113.9080978717"><ele>247.000</ele></trkpt>
      <trkpt lat="22.2408094835" lon="113.9080969297"><ele>247.000</ele></trkpt>
      <trkpt lat="22.2408002994" lon="113.9080969763"><ele>247.000</ele></trkpt>
      <trkpt lat="22.2407814782" lon="113.9080960907"><ele>247.000</ele></trkpt>
      <trkpt lat="22.2407617333" lon="113.9080937226"><ele>250.000</ele></trkpt>
      <trkpt lat="22.2407428957" lon="113.9080883942"><ele>250.000</ele></trkpt>
      <trkpt lat="22.2407346156" lon="113.9080835112"><ele>250.000</ele></trkpt>
      <trkpt lat="22.2407267862" lon="113.9080781327"><ele>255.000</ele></trkpt>
      <trkpt lat="22.2407198763" lon="113.9080717630"><ele>255.000</ele></trkpt>
      <trkpt lat="22.2407129442" lon="113.9080629197"><ele>246.000</ele></trkpt>
      <trkpt lat="22.2407069423" lon="113.9080540843"><ele>246.000</ele></trkpt>
      <trkpt lat="22.2407023131" lon="113.9080452366"><ele>246.000</ele></trkpt>
      <trkpt lat="22.2406869863" lon="113.9080058820"><ele>242.000</ele></trkpt>
      <trkpt lat="22.2406757987" lon="113.9079684886"><ele>242.000</ele></trkpt>
      <trkpt lat="22.2406734616" lon="113.9079586374"><ele>242.000</ele></trkpt>
      <trkpt lat="22.2406729028" lon="113.9079374527"><ele>242.000</ele></trkpt>
      <trkpt lat="22.2406741870" lon="113.9079167495"><ele>244.000</ele></trkpt>
      <trkpt lat="22.2406736266" lon="113.9078945753"><ele>244.000</ele></trkpt>
      <trkpt lat="22.2406721982" lon="113.9078827531"><ele>244.000</ele></trkpt>
      <trkpt lat="22.2406698520" lon="113.9078729117"><ele>244.000</ele></trkpt>
      <trkpt lat="22.2406684253" lon="113.9078620693"><ele>244.000</ele></trkpt>
      <trkpt lat="22.2406630939" lon="113.9078000062"><ele>244.000</ele></trkpt>
      <trkpt lat="22.2406607035" lon="113.9077798144"><ele>244.000</ele></trkpt>
      <trkpt lat="22.2406610617" lon="113.9077561543"><ele>242.000</ele></trkpt>
      <trkpt lat="22.2406623369" lon="113.9077354511"><ele>242.000</ele></trkpt>
      <trkpt lat="22.2406622485" lon="113.9077147505"><ele>240.000</ele></trkpt>
      <trkpt lat="22.2406608226" lon="113.9077044028"><ele>240.000</ele></trkpt>
      <trkpt lat="22.2406584747" lon="113.9076935719"><ele>240.000</ele></trkpt>
      <trkpt lat="22.2406556770" lon="113.9076837313"><ele>240.000</ele></trkpt>
      <trkpt lat="22.2406524171" lon="113.9076729118"><ele>238.000</ele></trkpt>
      <trkpt lat="22.2406486983" lon="113.9076630729"><ele>238.000</ele></trkpt>
      <trkpt lat="22.2406440674" lon="113.9076532358"><ele>238.000</ele></trkpt>
      <trkpt lat="22.2406260443" lon="113.9076272051"><ele>238.000</ele></trkpt>
      <trkpt lat="22.2406131234" lon="113.9076120001"><ele>238.000</ele></trkpt>
      <trkpt lat="22.2406002001" lon="113.9075953012"><ele>238.000</ele></trkpt>
      <trkpt lat="22.2405937409" lon="113.9075884359"><ele>242.000</ele></trkpt>
      <trkpt lat="22.2405821910" lon="113.9075722291"><ele>239.000</ele></trkpt>
      <trkpt lat="22.2405720219" lon="113.9075555250"><ele>239.000</ele></trkpt>
      <trkpt lat="22.2405623020" lon="113.9075373455"><ele>239.000</ele></trkpt>
      <trkpt lat="22.2405585831" lon="113.9075275066"><ele>236.000</ele></trkpt>
      <trkpt lat="22.2405539530" lon="113.9075181643"><ele>236.000</ele></trkpt>
      <trkpt lat="22.2405437717" lon="113.9074994910"><ele>239.000</ele></trkpt>
      <trkpt lat="22.2405367954" lon="113.9074803071"><ele>238.000</ele></trkpt>
      <trkpt lat="22.2405335346" lon="113.9074689832"><ele>238.000</ele></trkpt>
      <trkpt lat="22.2405265591" lon="113.9074502941"><ele>238.000</ele></trkpt>
      <trkpt lat="22.2405190747" lon="113.9074187916"><ele>237.000</ele></trkpt>
      <trkpt lat="22.2405120959" lon="113.9073981236"><ele>237.000</ele></trkpt>
      <trkpt lat="22.2405046681" lon="113.9073789406"><ele>238.000</ele></trkpt>
      <trkpt lat="22.2404954103" lon="113.9073617400"><ele>238.000</ele></trkpt>
      <trkpt lat="22.2404912416" lon="113.9073528915"><ele>238.000</ele></trkpt>
      <trkpt lat="22.2404842644" lon="113.9073332129"><ele>234.000</ele></trkpt>
      <trkpt lat="22.2404814667" lon="113.9073233723"><ele>234.000</ele></trkpt>
      <trkpt lat="22.2404768365" lon="113.9073140300"><ele>234.000</ele></trkpt>
      <trkpt lat="22.2404694554" lon="113.9073066717"><ele>234.000</ele></trkpt>
      <trkpt lat="22.2404616243" lon="113.9073003038"><ele>234.000</ele></trkpt>
      <trkpt lat="22.2404524214" lon="113.9072944430"><ele>237.000</ele></trkpt>
      <trkpt lat="22.2404376820" lon="113.9072826851"><ele>234.000</ele></trkpt>
      <trkpt lat="22.2404316826" lon="113.9072753242"><ele>234.000</ele></trkpt>
      <trkpt lat="22.2404054645" lon="113.9072631324"><ele>236.000</ele></trkpt>
      <trkpt lat="22.2403971737" lon="113.9072572601"><ele>236.000</ele></trkpt>
      <trkpt lat="22.2403833432" lon="113.9072435314"><ele>234.000</ele></trkpt>
      <trkpt lat="22.2403538505" lon="113.9072170668"><ele>235.000</ele></trkpt>
      <trkpt lat="22.2403372787" lon="113.9072058169"><ele>235.000</ele></trkpt>
      <trkpt lat="22.2403299090" lon="113.9071999428"><ele>235.000</ele></trkpt>
      <trkpt lat="22.2403225279" lon="113.9071925846"><ele>234.000</ele></trkpt>
      <trkpt lat="22.2403049768" lon="113.9071680373"><ele>234.000</ele></trkpt>
      <trkpt lat="22.2402925156" lon="113.9071523271"><ele>234.000</ele></trkpt>
      <trkpt lat="22.2402865144" lon="113.9071439768"><ele>230.000</ele></trkpt>
      <trkpt lat="22.2402800544" lon="113.9071366168"><ele>231.000</ele></trkpt>
      <trkpt lat="22.2402689650" lon="113.9071204092"><ele>231.000</ele></trkpt>
      <trkpt lat="22.2402592458" lon="113.9071027245"><ele>231.000</ele></trkpt>
      <trkpt lat="22.2402462675" lon="113.9070746957"><ele>228.000</ele></trkpt>
      <trkpt lat="22.2402342545" lon="113.9070570154"><ele>230.000</ele></trkpt>
      <trkpt lat="22.2402277953" lon="113.9070501502"><ele>226.000</ele></trkpt>
      <trkpt lat="22.2402199642" lon="113.9070437823"><ele>226.000</ele></trkpt>
      <trkpt lat="22.2402029450" lon="113.9070349972"><ele>226.000</ele></trkpt>
      <trkpt lat="22.2401937462" lon="113.9070315906"><ele>226.000</ele></trkpt>
      <trkpt lat="22.2401813252" lon="113.9070237667"><ele>229.000</ele></trkpt>
      <trkpt lat="22.2401629218" lon="113.9070135098"><ele>229.000</ele></trkpt>
      <trkpt lat="22.2401252244" lon="113.9070003991"><ele>229.000</ele></trkpt>
      <trkpt lat="22.2401169450" lon="113.9069960012"><ele>229.000</ele></trkpt>
      <trkpt lat="22.2401072939" lon="113.9069921105"><ele>229.000</ele></trkpt>
      <trkpt lat="22.2400852299" lon="113.9069853236"><ele>231.000</ele></trkpt>
      <trkpt lat="22.2400769514" lon="113.9069814205"><ele>231.000</ele></trkpt>
      <trkpt lat="22.2400682139" lon="113.9069785077"><ele>231.000</ele></trkpt>
      <trkpt lat="22.2400599354" lon="113.9069746046"><ele>231.000</ele></trkpt>
      <trkpt lat="22.2400502859" lon="113.9069716935"><ele>233.000</ele></trkpt>
      <trkpt lat="22.2400204285" lon="113.9069649507"><ele>233.000</ele></trkpt>
      <trkpt lat="22.2399804480" lon="113.9069528339"><ele>229.000</ele></trkpt>
      <trkpt lat="22.2399707993" lon="113.9069504175"><ele>229.000</ele></trkpt>
      <trkpt lat="22.2399501202" lon="113.9069455875"><ele>230.000</ele></trkpt>
      <trkpt lat="22.2399303770" lon="113.9069442091"><ele>230.000</ele></trkpt>
      <trkpt lat="22.2399211880" lon="113.9069413069"><ele>230.000</ele></trkpt>
      <trkpt lat="22.2399138175" lon="113.9069349284"><ele>233.000</ele></trkpt>
      <trkpt lat="22.2399082671" lon="113.9069260923"><ele>233.000</ele></trkpt>
      <trkpt lat="22.2399036386" lon="113.9069177394"><ele>233.000</ele></trkpt>
      <trkpt lat="22.2399008400" lon="113.9069074041"><ele>233.000</ele></trkpt>
      <trkpt lat="22.2398975243" lon="113.9068847503"><ele>231.000</ele></trkpt>
      <trkpt lat="22.2398947257" lon="113.9068744150"><ele>231.000</ele></trkpt>
      <trkpt lat="22.2398910076" lon="113.9068650710"><ele>231.000</ele></trkpt>
      <trkpt lat="22.2398882107" lon="113.9068557154"><ele>228.000</ele></trkpt>
      <trkpt lat="22.2398858726" lon="113.9068453793"><ele>228.000</ele></trkpt>
      <trkpt lat="22.2398798165" lon="113.9068256991"><ele>228.000</ele></trkpt>
      <trkpt lat="22.2398770081" lon="113.9068148691"><ele>228.000</ele></trkpt>
      <trkpt lat="22.2398695793" lon="113.9067951915"><ele>232.000</ele></trkpt>
      <trkpt lat="22.2398654007" lon="113.9067858483"><ele>232.000</ele></trkpt>
      <trkpt lat="22.2398510398" lon="113.9067573373"><ele>230.000</ele></trkpt>
      <trkpt lat="22.2398427006" lon="113.9067386509"><ele>230.000</ele></trkpt>
      <trkpt lat="22.2398242309" lon="113.9067155896"><ele>234.000</ele></trkpt>
      <trkpt lat="22.2398173193" lon="113.9067082306"><ele>233.000</ele></trkpt>
      <trkpt lat="22.2398090276" lon="113.9067018636"><ele>233.000</ele></trkpt>
      <trkpt lat="22.2398002861" lon="113.9066964869"><ele>233.000</ele></trkpt>
      <trkpt lat="22.2397915478" lon="113.9066930794"><ele>233.000</ele></trkpt>
      <trkpt lat="22.2397828071" lon="113.9066881975"><ele>234.000</ele></trkpt>
      <trkpt lat="22.2397740697" lon="113.9066852847"><ele>234.000</ele></trkpt>
      <trkpt lat="22.2397543117" lon="113.9066804530"><ele>234.000</ele></trkpt>
      <trkpt lat="22.2397442008" lon="113.9066770579"><ele>234.000</ele></trkpt>
      <trkpt lat="22.2397341014" lon="113.9066751371"><ele>235.000</ele></trkpt>
      <trkpt lat="22.2397253631" lon="113.9066717296"><ele>235.000</ele></trkpt>
      <trkpt lat="22.2396986812" lon="113.9066575697"><ele>231.000</ele></trkpt>
      <trkpt lat="22.2396742816" lon="113.9066419310"><ele>232.000</ele></trkpt>
      <trkpt lat="22.2396577098" lon="113.9066306715"><ele>232.000</ele></trkpt>
      <trkpt lat="22.2396319392" lon="113.9066160248"><ele>234.000</ele></trkpt>
      <trkpt lat="22.2396236607" lon="113.9066121217"><ele>229.000</ele></trkpt>
      <trkpt lat="22.2396158403" lon="113.9066067433"><ele>229.000</ele></trkpt>
      <trkpt lat="22.2396084706" lon="113.9066008596"><ele>229.000</ele></trkpt>
      <trkpt lat="22.2396010902" lon="113.9065939962"><ele>231.000</ele></trkpt>
      <trkpt lat="22.2395928092" lon="113.9065886187"><ele>231.000</ele></trkpt>
      <trkpt lat="22.2395854395" lon="113.9065827447"><ele>231.000</ele></trkpt>
      <trkpt lat="22.2395789802" lon="113.9065758795"><ele>231.000</ele></trkpt>
      <trkpt lat="22.2395320052" lon="113.9065391566"><ele>226.000</ele></trkpt>
      <trkpt lat="22.2395237160" lon="113.9065342641"><ele>226.000</ele></trkpt>
      <trkpt lat="22.2394997744" lon="113.9065171404"><ele>223.000</ele></trkpt>
      <trkpt lat="22.2394841262" lon="113.9065073633"><ele>223.000</ele></trkpt>
      <trkpt lat="22.2394661990" lon="113.9065010439"><ele>225.000</ele></trkpt>
      <trkpt lat="22.2394574583" lon="113.9064961620"><ele>225.000</ele></trkpt>
      <trkpt lat="22.2394491666" lon="113.9064897951"><ele>225.000</ele></trkpt>
      <trkpt lat="22.2394422460" lon="113.9064824361"><ele>225.000</ele></trkpt>
      <trkpt lat="22.2394302461" lon="113.9064672198"><ele>223.000</ele></trkpt>
      <trkpt lat="22.2394251553" lon="113.9064578881"><ele>223.000</ele></trkpt>
      <trkpt lat="22.2394214364" lon="113.9064480494"><ele>223.000</ele></trkpt>
      <trkpt lat="22.2394158408" lon="113.9064283587"><ele>228.000</ele></trkpt>
      <trkpt lat="22.2394116614" lon="113.9064185305"><ele>226.000</ele></trkpt>
      <trkpt lat="22.2394065706" lon="113.9064091891"><ele>226.000</ele></trkpt>
      <trkpt lat="22.2393695776" lon="113.9063472844"><ele>227.000</ele></trkpt>
      <trkpt lat="22.2393492623" lon="113.9063222480"><ele>220.000</ele></trkpt>
      <trkpt lat="22.2393437216" lon="113.9063138969"><ele>220.000</ele></trkpt>
      <trkpt lat="22.2393386301" lon="113.9063040705"><ele>220.000</ele></trkpt>
      <trkpt lat="22.2393353709" lon="113.9062937362"><ele>220.000</ele></trkpt>
      <trkpt lat="22.2393330246" lon="113.9062838948"><ele>220.000</ele></trkpt>
      <trkpt lat="22.2393306858" lon="113.9062730640"><ele>219.000</ele></trkpt>
      <trkpt lat="22.2393236100" lon="113.9062321905"><ele>226.000</ele></trkpt>
      <trkpt lat="22.2393203508" lon="113.9062218562"><ele>228.000</ele></trkpt>
      <trkpt lat="22.2393180136" lon="113.9062120148"><ele>228.000</ele></trkpt>
      <trkpt lat="22.2393147552" lon="113.9062021752"><ele>228.000</ele></trkpt>
      <trkpt lat="22.2393105765" lon="113.9061928321"><ele>228.000</ele></trkpt>
      <trkpt lat="22.2393054850" lon="113.9061830057"><ele>228.000</ele></trkpt>
      <trkpt lat="22.2392999443" lon="113.9061746546"><ele>226.000</ele></trkpt>
      <trkpt lat="22.2392957657" lon="113.9061653115"><ele>226.000</ele></trkpt>
      <trkpt lat="22.2392897505" lon="113.9061540027"><ele>226.000</ele></trkpt>
      <trkpt lat="22.2392864913" lon="113.9061436684"><ele>226.000</ele></trkpt>
      <trkpt lat="22.2392855267" lon="113.9061338244"><ele>226.000</ele></trkpt>
      <trkpt lat="22.2392854726" lon="113.9061229795"><ele>224.000</ele></trkpt>
      <trkpt lat="22.2392867426" lon="113.9060993178"><ele>224.000</ele></trkpt>
      <trkpt lat="22.2392889362" lon="113.9060771289"><ele>222.000</ele></trkpt>
      <trkpt lat="22.2392911742" lon="113.9060652901"><ele>222.000</ele></trkpt>
      <trkpt lat="22.2393042586" lon="113.9060159387"><ele>224.000</ele></trkpt>
      <trkpt lat="22.2393065088" lon="113.9060060691"><ele>224.000</ele></trkpt>
      <trkpt lat="22.2393145633" lon="113.9059621691"><ele>224.000</ele></trkpt>
      <trkpt lat="22.2393190055" lon="113.9059291309"><ele>224.000</ele></trkpt>
      <trkpt lat="22.2393189513" lon="113.9059182860"><ele>224.000</ele></trkpt>
      <trkpt lat="22.2393179415" lon="113.9058975970"><ele>224.000</ele></trkpt>
      <trkpt lat="22.2393177855" lon="113.9058635878"><ele>224.000</ele></trkpt>
      <trkpt lat="22.2393168192" lon="113.9058527544"><ele>224.000</ele></trkpt>
      <trkpt lat="22.2393116291" lon="113.9058217329"><ele>224.000</ele></trkpt>
      <trkpt lat="22.2393088198" lon="113.9058104083"><ele>224.000</ele></trkpt>
      <trkpt lat="22.2393017817" lon="113.9057759467"><ele>224.000</ele></trkpt>
      <trkpt lat="22.2392952534" lon="113.9057547931"><ele>224.000</ele></trkpt>
      <trkpt lat="22.2392901060" lon="113.9057331324"><ele>222.000</ele></trkpt>
      <trkpt lat="22.2392845087" lon="113.9057124620"><ele>228.000</ele></trkpt>
      <trkpt lat="22.2392788588" lon="113.9056819361"><ele>224.000</ele></trkpt>
      <trkpt lat="22.2392782972" lon="113.9056592674"><ele>224.000</ele></trkpt>
      <trkpt lat="22.2392804924" lon="113.9056380679"><ele>222.000</ele></trkpt>
      <trkpt lat="22.2392822821" lon="113.9056281992"><ele>222.000</ele></trkpt>
      <trkpt lat="22.2392822369" lon="113.9056173543"><ele>222.000</ele></trkpt>
      <trkpt lat="22.2392807673" lon="113.9055971610"><ele>221.000</ele></trkpt>
      <trkpt lat="22.2392741405" lon="113.9055548122"><ele>221.000</ele></trkpt>
      <trkpt lat="22.2392680703" lon="113.9055321736"><ele>221.000</ele></trkpt>
      <trkpt lat="22.2392615534" lon="113.9055124944"><ele>221.000</ele></trkpt>
      <trkpt lat="22.2392490354" lon="113.9054844650"><ele>221.000</ele></trkpt>
      <trkpt lat="22.2392425720" lon="113.9054751360"><ele>221.000</ele></trkpt>
      <trkpt lat="22.2392328542" lon="113.9054584216"><ele>226.000</ele></trkpt>
      <trkpt lat="22.2392263949" lon="113.9054515565"><ele>224.000</ele></trkpt>
      <trkpt lat="22.2392194849" lon="113.9054451870"><ele>224.000</ele></trkpt>
      <trkpt lat="22.2392121028" lon="113.9054373342"><ele>224.000</ele></trkpt>
      <trkpt lat="22.2392047331" lon="113.9054314603"><ele>224.000</ele></trkpt>
      <trkpt lat="22.2391877113" lon="113.9054212010"><ele>227.000</ele></trkpt>
      <trkpt lat="22.2391789730" lon="113.9054177936"><ele>227.000</ele></trkpt>
      <trkpt lat="22.2391380836" lon="113.9054076482"><ele>228.000</ele></trkpt>
      <trkpt lat="22.2391178814" lon="113.9054072603"><ele>228.000</ele></trkpt>
      <trkpt lat="22.2391077952" lon="113.9054078035"><ele>228.000</ele></trkpt>
      <trkpt lat="22.2390986234" lon="113.9054098195"><ele>228.000</ele></trkpt>
      <trkpt lat="22.2390885413" lon="113.9054128266"><ele>228.000</ele></trkpt>
      <trkpt lat="22.2390789213" lon="113.9054168222"><ele>228.000</ele></trkpt>
      <trkpt lat="22.2390610507" lon="113.9054228224"><ele>228.000</ele></trkpt>
      <trkpt lat="22.2390514307" lon="113.9054268180"><ele>228.000</ele></trkpt>
      <trkpt lat="22.2390262742" lon="113.9054446860"><ele>228.000</ele></trkpt>
      <trkpt lat="22.2390185014" lon="113.9054516270"><ele>228.000</ele></trkpt>
      <trkpt lat="22.2390020412" lon="113.9054640267"><ele>230.000</ele></trkpt>
      <trkpt lat="22.2389855835" lon="113.9054779105"><ele>230.000</ele></trkpt>
      <trkpt lat="22.2389782713" lon="113.9054848506"><ele>230.000</ele></trkpt>
      <trkpt lat="22.2389700363" lon="113.9054908030"><ele>230.000</ele></trkpt>
      <trkpt lat="22.2389613530" lon="113.9054987352"><ele>230.000</ele></trkpt>
      <trkpt lat="22.2389366480" lon="113.9055166023"><ele>232.000</ele></trkpt>
      <trkpt lat="22.2389284097" lon="113.9055205856"><ele>232.000</ele></trkpt>
      <trkpt lat="22.2389192634" lon="113.9055270345"><ele>231.000</ele></trkpt>
      <trkpt lat="22.2389009462" lon="113.9055360038"><ele>231.000</ele></trkpt>
      <trkpt lat="22.2388917753" lon="113.9055385145"><ele>231.000</ele></trkpt>
      <trkpt lat="22.2388789257" lon="113.9055390727"><ele>231.000</ele></trkpt>
      <trkpt lat="22.2388688271" lon="113.9055376371"><ele>230.000</ele></trkpt>
      <trkpt lat="22.2388600896" lon="113.9055347244"><ele>230.000</ele></trkpt>
      <trkpt lat="22.2388407774" lon="113.9055264484"><ele>230.000</ele></trkpt>
      <trkpt lat="22.2388306665" lon="113.9055230534"><ele>229.000</ele></trkpt>
      <trkpt lat="22.2388210046" lon="113.9055181733"><ele>229.000</ele></trkpt>
      <trkpt lat="22.2388113534" lon="113.9055142729"><ele>229.000</ele></trkpt>
      <trkpt lat="22.2388030749" lon="113.9055103796"><ele>229.000</ele></trkpt>
      <trkpt lat="22.2387934155" lon="113.9055069740"><ele>229.000</ele></trkpt>
      <trkpt lat="22.2387837635" lon="113.9055025887"><ele>228.000</ele></trkpt>
      <trkpt lat="22.2387731912" lon="113.9054986998"><ele>226.000</ele></trkpt>
      <trkpt lat="22.2387639899" lon="113.9054938188"><ele>226.000</ele></trkpt>
      <trkpt lat="22.2387538806" lon="113.9054914035"><ele>226.000</ele></trkpt>
      <trkpt lat="22.2387047430" lon="113.9054847564"><ele>226.000</ele></trkpt>
      <trkpt lat="22.2386772089" lon="113.9054848967"><ele>224.000</ele></trkpt>
      <trkpt lat="22.2386579410" lon="113.9054869612"><ele>224.000</ele></trkpt>
      <trkpt lat="22.2386487685" lon="113.9054884921"><ele>224.000</ele></trkpt>
      <trkpt lat="22.2386299603" lon="113.9054900610"><ele>224.000</ele></trkpt>
      <trkpt lat="22.2386207984" lon="113.9054925716"><ele>224.000</ele></trkpt>
      <trkpt lat="22.2386116415" lon="113.9054980408"><ele>224.000</ele></trkpt>
      <trkpt lat="22.2386038662" lon="113.9055034976"><ele>222.000</ele></trkpt>
      <trkpt lat="22.2385773017" lon="113.9055164502"><ele>222.000</ele></trkpt>
      <trkpt lat="22.2385672894" lon="113.9055342404"><ele>222.000</ele></trkpt>
      <trkpt lat="22.2385632051" lon="113.9055436285"><ele>222.000</ele></trkpt>
      <trkpt lat="22.2385623275" lon="113.9055534857"><ele>222.000</ele></trkpt>
      <trkpt lat="22.2385671097" lon="113.9055943633"><ele>222.000</ele></trkpt>
      <trkpt lat="22.2385703689" lon="113.9056046976"><ele>223.000</ele></trkpt>
      <trkpt lat="22.2385759088" lon="113.9056125539"><ele>223.000</ele></trkpt>
      <trkpt lat="22.2385828303" lon="113.9056204075"><ele>223.000</ele></trkpt>
      <trkpt lat="22.2385990089" lon="113.9056449667"><ele>223.000</ele></trkpt>
      <trkpt lat="22.2386114711" lon="113.9056611616"><ele>226.000</ele></trkpt>
      <trkpt lat="22.2386225686" lon="113.9056767190"><ele>226.000</ele></trkpt>
      <trkpt lat="22.2386276489" lon="113.9056852261"><ele>226.000</ele></trkpt>
      <trkpt lat="22.2386343208" lon="113.9056950009"><ele>226.000</ele></trkpt>
      <trkpt lat="22.2386388952" lon="113.9057033634"><ele>225.000</ele></trkpt>
      <trkpt lat="22.2386424484" lon="113.9057112721"><ele>225.000</ele></trkpt>
      <trkpt lat="22.2386461682" lon="113.9057216054"><ele>225.000</ele></trkpt>
      <trkpt lat="22.2386489767" lon="113.9057324353"><ele>225.000</ele></trkpt>
      <trkpt lat="22.2386545444" lon="113.9057462087"><ele>226.000</ele></trkpt>
      <trkpt lat="22.2386624889" lon="113.9057772151"><ele>226.000</ele></trkpt>
      <trkpt lat="22.2386643746" lon="113.9057870573"><ele>226.000</ele></trkpt>
      <trkpt lat="22.2386667669" lon="113.9058082382"><ele>226.000</ele></trkpt>
      <trkpt lat="22.2386682824" lon="113.9058397710"><ele>226.000</ele></trkpt>
      <trkpt lat="22.2386683924" lon="113.9058624404"><ele>226.000</ele></trkpt>
      <trkpt lat="22.2386666914" lon="113.9058929997"><ele>226.000</ele></trkpt>
      <trkpt lat="22.2386644510" lon="113.9059033640"><ele>226.000</ele></trkpt>
      <trkpt lat="22.2386612813" lon="113.9059142247"><ele>226.000</ele></trkpt>
      <trkpt lat="22.2386581182" lon="113.9059236013"><ele>226.000</ele></trkpt>
      <trkpt lat="22.2386531120" lon="113.9059324964"><ele>226.000</ele></trkpt>
      <trkpt lat="22.2386485581" lon="113.9059418854"><ele>226.000</ele></trkpt>
      <trkpt lat="22.2386417187" lon="113.9059507937"><ele>226.000</ele></trkpt>
      <trkpt lat="22.2386339467" lon="113.9059582197"><ele>226.000</ele></trkpt>
      <trkpt lat="22.2386275564" lon="113.9059656430"><ele>226.000</ele></trkpt>
      <trkpt lat="22.2386202433" lon="113.9059720884"><ele>226.000</ele></trkpt>
      <trkpt lat="22.2385950719" lon="113.9059865126"><ele>226.000</ele></trkpt>
      <trkpt lat="22.2385863755" lon="113.9059919712"><ele>226.000</ele></trkpt>
      <trkpt lat="22.2385781405" lon="113.9059979334"><ele>226.000</ele></trkpt>
      <trkpt lat="22.2385712896" lon="113.9060053576"><ele>226.000</ele></trkpt>
      <trkpt lat="22.2385479768" lon="113.9060242016"><ele>225.000</ele></trkpt>
      <trkpt lat="22.2385397418" lon="113.9060301540"><ele>225.000</ele></trkpt>
      <trkpt lat="22.2385246542" lon="113.9060425509"><ele>226.000</ele></trkpt>
      <trkpt lat="22.2384912626" lon="113.9060663808"><ele>224.000</ele></trkpt>
      <trkpt lat="22.2384555772" lon="113.9060902151"><ele>221.000</ele></trkpt>
      <trkpt lat="22.2384468799" lon="113.9060951886"><ele>221.000</ele></trkpt>
      <trkpt lat="22.2384377205" lon="113.9060991737"><ele>221.000</ele></trkpt>
      <trkpt lat="22.2384111568" lon="113.9061126208"><ele>216.000</ele></trkpt>
      <trkpt lat="22.2384033823" lon="113.9061185723"><ele>216.000</ele></trkpt>
      <trkpt lat="22.2383974525" lon="113.9061259948"><ele>216.000</ele></trkpt>
      <trkpt lat="22.2383872731" lon="113.9061302727"><ele>216.000</ele></trkpt>
      <trkpt lat="22.2383799501" lon="113.9061362040"><ele>215.000</ele></trkpt>
      <trkpt lat="22.2383740121" lon="113.9061441114"><ele>215.000</ele></trkpt>
      <trkpt lat="22.2383639635" lon="113.9061618823"><ele>215.000</ele></trkpt>
      <trkpt lat="22.2383603234" lon="113.9061722395"><ele>215.000</ele></trkpt>
      <trkpt lat="22.2383511959" lon="113.9061900086"><ele>217.000</ele></trkpt>
      <trkpt lat="22.2383447973" lon="113.9061979169"><ele>217.000</ele></trkpt>
      <trkpt lat="22.2383319879" lon="113.9062117547"><ele>215.000</ele></trkpt>
      <trkpt lat="22.2383237421" lon="113.9062167080"><ele>215.000</ele></trkpt>
      <trkpt lat="22.2383145712" lon="113.9062191992"><ele>215.000</ele></trkpt>
      <trkpt lat="22.2383053986" lon="113.9062207106"><ele>215.000</ele></trkpt>
      <trkpt lat="22.2382953032" lon="113.9062212344"><ele>215.000</ele></trkpt>
      <trkpt lat="22.2382861151" lon="113.9062188076"><ele>214.000</ele></trkpt>
      <trkpt lat="22.2382677354" lon="113.9062119654"><ele>214.000</ele></trkpt>
      <trkpt lat="22.2382580957" lon="113.9062095297"><ele>214.000</ele></trkpt>
      <trkpt lat="22.2382383484" lon="113.9062056584"><ele>213.000</ele></trkpt>
      <trkpt lat="22.2382098898" lon="113.9062037827"><ele>213.000</ele></trkpt>
      <trkpt lat="22.2381910701" lon="113.9062038383"><ele>213.000</ele></trkpt>
      <trkpt lat="22.2381814369" lon="113.9062053506"><ele>213.000</ele></trkpt>
      <trkpt lat="22.2381428994" lon="113.9062084317"><ele>211.000</ele></trkpt>
      <trkpt lat="22.2381236192" lon="113.9062084978"><ele>211.000</ele></trkpt>
      <trkpt lat="22.2381052789" lon="113.9062144696"><ele>211.000</ele></trkpt>
      <trkpt lat="22.2380961055" lon="113.9062154863"><ele>211.000</ele></trkpt>
      <trkpt lat="22.2380869288" lon="113.9062145339"><ele>211.000</ele></trkpt>
      <trkpt lat="22.2380685557" lon="113.9062116300"><ele>211.000</ele></trkpt>
      <trkpt lat="22.2380488174" lon="113.9062077587"><ele>210.000</ele></trkpt>
      <trkpt lat="22.2380299928" lon="113.9062048654"><ele>210.000</ele></trkpt>
      <trkpt lat="22.2379703073" lon="113.9061981607"><ele>208.000</ele></trkpt>
      <trkpt lat="22.2379418520" lon="113.9061982541"><ele>208.000</ele></trkpt>
      <trkpt lat="22.2379317575" lon="113.9061992727"><ele>208.000</ele></trkpt>
      <trkpt lat="22.2379216613" lon="113.9061993017"><ele>207.000</ele></trkpt>
      <trkpt lat="22.2379019279" lon="113.9061983890"><ele>207.000</ele></trkpt>
      <trkpt lat="22.2378922907" lon="113.9061974278"><ele>207.000</ele></trkpt>
      <trkpt lat="22.2378826583" lon="113.9061994348"><ele>205.000</ele></trkpt>
      <trkpt lat="22.2378744118" lon="113.9062038934"><ele>205.000</ele></trkpt>
      <trkpt lat="22.2378666283" lon="113.9062098352"><ele>205.000</ele></trkpt>
      <trkpt lat="22.2378611426" lon="113.9062182268"><ele>205.000</ele></trkpt>
      <trkpt lat="22.2378575008" lon="113.9062276042"><ele>205.000</ele></trkpt>
      <trkpt lat="22.2378511309" lon="113.9062473274"><ele>208.000</ele></trkpt>
      <trkpt lat="22.2378451545" lon="113.9062592867"><ele>208.000</ele></trkpt>
      <trkpt lat="22.2378420043" lon="113.9062655911"><ele>208.000</ele></trkpt>
      <trkpt lat="22.2378379019" lon="113.9062749694"><ele>205.000</ele></trkpt>
      <trkpt lat="22.2378342609" lon="113.9062848319"><ele>207.000</ele></trkpt>
      <trkpt lat="22.2378265438" lon="113.9063144228"><ele>207.000</ele></trkpt>
      <trkpt lat="22.2378229668" lon="113.9063464599"><ele>208.000</ele></trkpt>
      <trkpt lat="22.2378216942" lon="113.9063794821"><ele>209.000</ele></trkpt>
      <trkpt lat="22.2378217565" lon="113.9064006673"><ele>209.000</ele></trkpt>
      <trkpt lat="22.2378182664" lon="113.9064632601"><ele>210.000</ele></trkpt>
      <trkpt lat="22.2378169192" lon="113.9064731182"><ele>210.000</ele></trkpt>
      <trkpt lat="22.2378142018" lon="113.9064844630"><ele>210.000</ele></trkpt>
      <trkpt lat="22.2378101019" lon="113.9064953157"><ele>210.000</ele></trkpt>
      <trkpt lat="22.2378041958" lon="113.9065170071"><ele>210.000</ele></trkpt>
      <trkpt lat="22.2378005564" lon="113.9065278590"><ele>209.000</ele></trkpt>
      <trkpt lat="22.2377987847" lon="113.9065485628"><ele>209.000</ele></trkpt>
      <trkpt lat="22.2377942538" lon="113.9065663132"><ele>204.000</ele></trkpt>
      <trkpt lat="22.2377942808" lon="113.9065771581"><ele>202.000</ele></trkpt>
      <trkpt lat="22.2377929688" lon="113.9065973662"><ele>202.000</ele></trkpt>
      <trkpt lat="22.2377930197" lon="113.9066170771"><ele>202.000</ele></trkpt>
      <trkpt lat="22.2377949234" lon="113.9066377641"><ele>202.000</ele></trkpt>
      <trkpt lat="22.2377950127" lon="113.9066697845"><ele>202.000</ele></trkpt>
      <trkpt lat="22.2377941301" lon="113.9066821055"><ele>202.000</ele></trkpt>
      <trkpt lat="22.2377923231" lon="113.9066924591"><ele>202.000</ele></trkpt>
      <trkpt lat="22.2377896032" lon="113.9067023295"><ele>202.000</ele></trkpt>
      <trkpt lat="22.2377855017" lon="113.9067121928"><ele>202.000</ele></trkpt>
      <trkpt lat="22.2377795915" lon="113.9067314301"><ele>202.000</ele></trkpt>
      <trkpt lat="22.2377768716" lon="113.9067412907"><ele>202.000</ele></trkpt>
      <trkpt lat="22.2377755243" lon="113.9067511585"><ele>202.000</ele></trkpt>
      <trkpt lat="22.2377732576" lon="113.9067619980"><ele>202.000</ele></trkpt>
      <trkpt lat="22.2377705279" lon="113.9067713737"><ele>203.000</ele></trkpt>
      <trkpt lat="22.2377582322" lon="113.9068009733"><ele>203.000</ele></trkpt>
      <trkpt lat="22.2377491309" lon="113.9068290924"><ele>200.000</ele></trkpt>
      <trkpt lat="22.2377450301" lon="113.9068394505"><ele>200.000</ele></trkpt>
      <trkpt lat="22.2377418496" lon="113.9068493217"><ele>200.000</ele></trkpt>
      <trkpt lat="22.2377309528" lon="113.9068892688"><ele>201.000</ele></trkpt>
      <trkpt lat="22.2377268496" lon="113.9068981524"><ele>201.000</ele></trkpt>
      <trkpt lat="22.2377227841" lon="113.9069188606"><ele>201.000</ele></trkpt>
      <trkpt lat="22.2377214687" lon="113.9069425123"><ele>201.000</ele></trkpt>
      <trkpt lat="22.2377228774" lon="113.9069533448"><ele>201.000</ele></trkpt>
      <trkpt lat="22.2377256653" lon="113.9069627002"><ele>201.000</ele></trkpt>
      <trkpt lat="22.2377298161" lon="113.9069715583"><ele>201.000</ele></trkpt>
      <trkpt lat="22.2377335169" lon="113.9069813970"><ele>201.000</ele></trkpt>
      <trkpt lat="22.2377400064" lon="113.9070010858"><ele>201.000</ele></trkpt>
      <trkpt lat="22.2377414143" lon="113.9070114332"><ele>201.000</ele></trkpt>
      <trkpt lat="22.2377465132" lon="113.9070311247"><ele>201.000</ele></trkpt>
      <trkpt lat="22.2377516628" lon="113.9070651046"><ele>206.000</ele></trkpt>
      <trkpt lat="22.2377544532" lon="113.9070759344"><ele>206.000</ele></trkpt>
      <trkpt lat="22.2377633257" lon="113.9071276392"><ele>204.000</ele></trkpt>
      <trkpt lat="22.2377679755" lon="113.9071488157"><ele>204.000</ele></trkpt>
      <trkpt lat="22.2377722040" lon="113.9071827973"><ele>202.000</ele></trkpt>
      <trkpt lat="22.2377749960" lon="113.9071946166"><ele>202.000</ele></trkpt>
      <trkpt lat="22.2377815174" lon="113.9072280991"><ele>200.000</ele></trkpt>
      <trkpt lat="22.2377838726" lon="113.9072487852"><ele>200.000</ele></trkpt>
      <trkpt lat="22.2377871128" lon="113.9072586345"><ele>200.000</ele></trkpt>
      <trkpt lat="22.2377922223" lon="113.9072793057"><ele>200.000</ele></trkpt>
      <trkpt lat="22.2377982529" lon="113.9072999848"><ele>206.000</ele></trkpt>
      <trkpt lat="22.2377996599" lon="113.9073098376"><ele>206.000</ele></trkpt>
      <trkpt lat="22.2377978521" lon="113.9073196965"><ele>206.000</ele></trkpt>
      <trkpt lat="22.2377928277" lon="113.9073285818"><ele>200.000</ele></trkpt>
      <trkpt lat="22.2377891859" lon="113.9073379593"><ele>200.000</ele></trkpt>
      <trkpt lat="22.2377791364" lon="113.9073552352"><ele>204.000</ele></trkpt>
      <trkpt lat="22.2377754937" lon="113.9073641179"><ele>204.000</ele></trkpt>
      <trkpt lat="22.2377732359" lon="113.9073749574"><ele>204.000</ele></trkpt>
      <trkpt lat="22.2377723410" lon="113.9073853093"><ele>204.000</ele></trkpt>
      <trkpt lat="22.2377705331" lon="113.9073951780"><ele>206.000</ele></trkpt>
      <trkpt lat="22.2377655448" lon="113.9074148984"><ele>206.000</ele></trkpt>
      <trkpt lat="22.2377615037" lon="113.9074449672"><ele>206.000</ele></trkpt>
      <trkpt lat="22.2377615684" lon="113.9074676366"><ele>206.000</ele></trkpt>
      <trkpt lat="22.2377625255" lon="113.9074784700"><ele>206.000</ele></trkpt>
      <trkpt lat="22.2377667499" lon="113.9075099877"><ele>206.000</ele></trkpt>
      <trkpt lat="22.2377695287" lon="113.9075193432"><ele>206.000</ele></trkpt>
      <trkpt lat="22.2377694523" lon="113.9075222534"><ele>206.000</ele></trkpt>
      <trkpt lat="22.2377751004" lon="113.9075410029"><ele>206.000</ele></trkpt>
      <trkpt lat="22.2377769688" lon="113.9075513495"><ele>206.000</ele></trkpt>
      <trkpt lat="22.2377784028" lon="113.9075720374"><ele>206.000</ele></trkpt>
      <trkpt lat="22.2377784298" lon="113.9075828823"><ele>206.000</ele></trkpt>
      <trkpt lat="22.2377775438" lon="113.9075932245"><ele>206.000</ele></trkpt>
      <trkpt lat="22.2377739380" lon="113.9076134467"><ele>206.000</ele></trkpt>
      <trkpt lat="22.2377721563" lon="113.9076336460"><ele>206.000</ele></trkpt>
      <trkpt lat="22.2377703591" lon="113.9076444943"><ele>208.000</ele></trkpt>
      <trkpt lat="22.2377644488" lon="113.9076637316"><ele>208.000</ele></trkpt>
      <trkpt lat="22.2377626409" lon="113.9076735905"><ele>208.000</ele></trkpt>
      <trkpt lat="22.2377599479" lon="113.9076942960"><ele>208.000</ele></trkpt>
      <trkpt lat="22.2377558733" lon="113.9077150041"><ele>208.000</ele></trkpt>
      <trkpt lat="22.2377459758" lon="113.9077805676"><ele>205.000</ele></trkpt>
      <trkpt lat="22.2377460036" lon="113.9077919072"><ele>205.000</ele></trkpt>
      <trkpt lat="22.2377451537" lon="113.9078130942"><ele>205.000</ele></trkpt>
      <trkpt lat="22.2377433834" lon="113.9078347776"><ele>207.000</ele></trkpt>
      <trkpt lat="22.2377434341" lon="113.9078544884"><ele>207.000</ele></trkpt>
      <trkpt lat="22.2377439306" lon="113.9078653324"><ele>207.000</ele></trkpt>
      <trkpt lat="22.2377476584" lon="113.9078860062"><ele>206.000</ele></trkpt>
      <trkpt lat="22.2377504748" lon="113.9079071862"><ele>206.000</ele></trkpt>
      <trkpt lat="22.2377528046" lon="113.9079180170"><ele>206.000</ele></trkpt>
      <trkpt lat="22.2377560448" lon="113.9079278662"><ele>208.000</ele></trkpt>
      <trkpt lat="22.2377657384" lon="113.9079465595"><ele>206.000</ele></trkpt>
      <trkpt lat="22.2377721919" lon="113.9079554036"><ele>206.000</ele></trkpt>
      <trkpt lat="22.2377777242" lon="113.9079642591"><ele>206.000</ele></trkpt>
      <trkpt lat="22.2377896985" lon="113.9079804744"><ele>204.000</ele></trkpt>
      <trkpt lat="22.2378016860" lon="113.9079991634"><ele>206.000</ele></trkpt>
      <trkpt lat="22.2378104659" lon="113.9080168690"><ele>206.000</ele></trkpt>
      <trkpt lat="22.2378137061" lon="113.9080267183"><ele>205.000</ele></trkpt>
      <trkpt lat="22.2378247961" lon="113.9080542750"><ele>205.000</ele></trkpt>
      <trkpt lat="22.2378271258" lon="113.9080651058"><ele>205.000</ele></trkpt>
      <trkpt lat="22.2378280731" lon="113.9080754541"><ele>206.000</ele></trkpt>
      <trkpt lat="22.2378281099" lon="113.9080867840"><ele>206.000</ele></trkpt>
      <trkpt lat="22.2378263020" lon="113.9080966429"><ele>206.000</ele></trkpt>
      <trkpt lat="22.2378208538" lon="113.9081168589"><ele>206.000</ele></trkpt>
      <trkpt lat="22.2378195065" lon="113.9081267267"><ele>206.000</ele></trkpt>
      <trkpt lat="22.2378190827" lon="113.9081380574"><ele>206.000</ele></trkpt>
      <trkpt lat="22.2378192706" lon="113.9082026026"><ele>207.000</ele></trkpt>
      <trkpt lat="22.2378170022" lon="113.9082124623"><ele>207.000</ele></trkpt>
      <trkpt lat="22.2378129005" lon="113.9082223353"><ele>208.000</ele></trkpt>
      <trkpt lat="22.2378033221" lon="113.9082405998"><ele>208.000</ele></trkpt>
      <trkpt lat="22.2377918892" lon="113.9082568986"><ele>206.000</ele></trkpt>
      <trkpt lat="22.2377795581" lon="113.9082761480"><ele>208.000</ele></trkpt>
      <trkpt lat="22.2377685988" lon="113.9082949098"><ele>208.000</ele></trkpt>
      <trkpt lat="22.2377594842" lon="113.9083151425"><ele>208.000</ele></trkpt>
      <trkpt lat="22.2377562946" lon="113.9083250041"><ele>208.000</ele></trkpt>
      <trkpt lat="22.2377503965" lon="113.9083462104"><ele>205.000</ele></trkpt>
      <trkpt lat="22.2377481305" lon="113.9083575543"><ele>205.000</ele></trkpt>
      <trkpt lat="22.2377454399" lon="113.9083797342"><ele>205.000</ele></trkpt>
      <trkpt lat="22.2377445654" lon="113.9083915605"><ele>205.000</ele></trkpt>
      <trkpt lat="22.2377391621" lon="113.9084280437"><ele>206.000</ele></trkpt>
      <trkpt lat="22.2377301111" lon="113.9084704511"><ele>207.000</ele></trkpt>
      <trkpt lat="22.2377260715" lon="113.9085015093"><ele>207.000</ele></trkpt>
      <trkpt lat="22.2377242660" lon="113.9085128426"><ele>209.000</ele></trkpt>
      <trkpt lat="22.2377226668" lon="113.9085232735"><ele>209.000</ele></trkpt>
      <trkpt lat="22.2377046028" lon="113.9085380328"><ele>205.000</ele></trkpt>
      <trkpt lat="22.2376982025" lon="113.9085449613"><ele>205.000</ele></trkpt>
      <trkpt lat="22.2376908811" lon="113.9085518818"><ele>205.000</ele></trkpt>
      <trkpt lat="22.2376844832" lon="113.9085602750"><ele>208.000</ele></trkpt>
      <trkpt lat="22.2376789990" lon="113.9085696559"><ele>208.000</ele></trkpt>
      <trkpt lat="22.2376748965" lon="113.9085790342"><ele>208.000</ele></trkpt>
      <trkpt lat="22.2376712562" lon="113.9085893913"><ele>208.000</ele></trkpt>
      <trkpt lat="22.2376653474" lon="113.9086096081"><ele>210.000</ele></trkpt>
      <trkpt lat="22.2376608203" lon="113.9086298321"><ele>206.000</ele></trkpt>
      <trkpt lat="22.2376580913" lon="113.9086396927"><ele>206.000</ele></trkpt>
      <trkpt lat="22.2376544493" lon="113.9086490701"><ele>206.000</ele></trkpt>
      <trkpt lat="22.2376407692" lon="113.9086771977"><ele>207.000</ele></trkpt>
      <trkpt lat="22.2376211320" lon="113.9087127380"><ele>212.000</ele></trkpt>
      <trkpt lat="22.2376156561" lon="113.9087216242"><ele>207.000</ele></trkpt>
      <trkpt lat="22.2376115527" lon="113.9087305077"><ele>207.000</ele></trkpt>
      <trkpt lat="22.2376092851" lon="113.9087408622"><ele>207.000</ele></trkpt>
      <trkpt lat="22.2376056439" lon="113.9087507246"><ele>207.000</ele></trkpt>
      <trkpt lat="22.2376015414" lon="113.9087601028"><ele>212.000</ele></trkpt>
      <trkpt lat="22.2375874007" lon="113.9087882410"><ele>212.000</ele></trkpt>
      <trkpt lat="22.2375796480" lon="113.9088074817"><ele>215.000</ele></trkpt>
      <trkpt lat="22.2375769288" lon="113.9088178370"><ele>215.000</ele></trkpt>
      <trkpt lat="22.2375765026" lon="113.9088276932"><ele>215.000</ele></trkpt>
      <trkpt lat="22.2375765931" lon="113.9088607030"><ele>216.000</ele></trkpt>
      <trkpt lat="22.2375771500" lon="113.9088917427"><ele>216.000</ele></trkpt>
      <trkpt lat="22.2375748823" lon="113.9089020972"><ele>216.000</ele></trkpt>
      <trkpt lat="22.2375630410" lon="113.9089336746"><ele>212.000</ele></trkpt>
      <trkpt lat="22.2375580565" lon="113.9089558589"><ele>213.000</ele></trkpt>
      <trkpt lat="22.2375567116" lon="113.9089672010"><ele>213.000</ele></trkpt>
      <trkpt lat="22.2375544529" lon="113.9089775555"><ele>213.000</ele></trkpt>
      <trkpt lat="22.2375517638" lon="113.9090007248"><ele>215.000</ele></trkpt>
      <trkpt lat="22.2375505160" lon="113.9090435925"><ele>215.000</ele></trkpt>
      <trkpt lat="22.2375505543" lon="113.9090559118"><ele>213.000</ele></trkpt>
      <trkpt lat="22.2375488247" lon="113.9090913888"><ele>213.000</ele></trkpt>
      <trkpt lat="22.2375488866" lon="113.9091125838"><ele>211.000</ele></trkpt>
      <trkpt lat="22.2375498354" lon="113.9091239118"><ele>211.000</ele></trkpt>
      <trkpt lat="22.2375521553" lon="113.9091342479"><ele>211.000</ele></trkpt>
      <trkpt lat="22.2375572368" lon="113.9091435990"><ele>209.000</ele></trkpt>
      <trkpt lat="22.2375609359" lon="113.9091524483"><ele>209.000</ele></trkpt>
      <trkpt lat="22.2375664665" lon="113.9091603144"><ele>209.000</ele></trkpt>
      <trkpt lat="22.2375710809" lon="113.9091711408"><ele>209.000</ele></trkpt>
      <trkpt lat="22.2375738687" lon="113.9091804962"><ele>209.000</ele></trkpt>
      <trkpt lat="22.2375743929" lon="113.9092026700"><ele>211.000</ele></trkpt>
      <trkpt lat="22.2375702920" lon="113.9092130279"><ele>211.000</ele></trkpt>
      <trkpt lat="22.2375652675" lon="113.9092219132"><ele>211.000</ele></trkpt>
      <trkpt lat="22.2375579452" lon="113.9092283390"><ele>211.000</ele></trkpt>
      <trkpt lat="22.2375405292" lon="113.9092362874"><ele>211.000</ele></trkpt>
      <trkpt lat="22.2375111748" lon="113.9092442586"><ele>214.000</ele></trkpt>
      <trkpt lat="22.2374932950" lon="113.9092502388"><ele>214.000</ele></trkpt>
      <trkpt lat="22.2374872786" lon="113.9092545377"><ele>214.000</ele></trkpt>
      <trkpt lat="22.2374722207" lon="113.9092631122"><ele>211.000</ele></trkpt>
      <trkpt lat="22.2374648976" lon="113.9092690529"><ele>211.000</ele></trkpt>
      <trkpt lat="22.2374580383" lon="113.9092769523"><ele>211.000</ele></trkpt>
      <trkpt lat="22.2374520903" lon="113.9092843648"><ele>211.000</ele></trkpt>
      <trkpt lat="22.2374466127" lon="113.9092922712"><ele>216.000</ele></trkpt>
      <trkpt lat="22.2374429608" lon="113.9093011539"><ele>216.000</ele></trkpt>
      <trkpt lat="22.2374402408" lon="113.9093110145"><ele>216.000</ele></trkpt>
      <trkpt lat="22.2374307739" lon="113.9093696801"><ele>214.000</ele></trkpt>
      <trkpt lat="22.2374221841" lon="113.9094125714"><ele>214.000</ele></trkpt>
      <trkpt lat="22.2374209010" lon="113.9094450988"><ele>214.000</ele></trkpt>
      <trkpt lat="22.2374160167" lon="113.9095007971"><ele>216.000</ele></trkpt>
      <trkpt lat="22.2374134253" lon="113.9095559866"><ele>216.000</ele></trkpt>
      <trkpt lat="22.2374098461" lon="113.9095870439"><ele>214.000</ele></trkpt>
      <trkpt lat="22.2374048583" lon="113.9096072589"><ele>214.000</ele></trkpt>
      <trkpt lat="22.2373980274" lon="113.9096269925"><ele>216.000</ele></trkpt>
      <trkpt lat="22.2373916710" lon="113.9096496739"><ele>211.000</ele></trkpt>
      <trkpt lat="22.2373876068" lon="113.9096713714"><ele>211.000</ele></trkpt>
      <trkpt lat="22.2373848777" lon="113.9096812320"><ele>215.000</ele></trkpt>
      <trkpt lat="22.2373826206" lon="113.9096925758"><ele>215.000</ele></trkpt>
      <trkpt lat="22.2373762495" lon="113.9097118138"><ele>215.000</ele></trkpt>
      <trkpt lat="22.2373625341" lon="113.9097296009"><ele>218.000</ele></trkpt>
      <trkpt lat="22.2373483533" lon="113.9097444206"><ele>214.000</ele></trkpt>
      <trkpt lat="22.2373428666" lon="113.9097523270"><ele>214.000</ele></trkpt>
      <trkpt lat="22.2373364679" lon="113.9097602351"><ele>214.000</ele></trkpt>
      <trkpt lat="22.2373309836" lon="113.9097696062"><ele>214.000</ele></trkpt>
      <trkpt lat="22.2373268811" lon="113.9097789844"><ele>219.000</ele></trkpt>
      <trkpt lat="22.2373214059" lon="113.9097883652"><ele>219.000</ele></trkpt>
      <trkpt lat="22.2373145375" lon="113.9097962742"><ele>219.000</ele></trkpt>
      <trkpt lat="22.2373067563" lon="113.9098036902"><ele>219.000</ele></trkpt>
      <trkpt lat="22.2373003608" lon="113.9098135675"><ele>213.000</ele></trkpt>
      <trkpt lat="22.2372944226" lon="113.9098214650"><ele>218.000</ele></trkpt>
      <trkpt lat="22.2372884876" lon="113.9098313414"><ele>218.000</ele></trkpt>
      <trkpt lat="22.2372756819" lon="113.9098476426"><ele>218.000</ele></trkpt>
      <trkpt lat="22.2372624238" lon="113.9098634500"><ele>218.000</ele></trkpt>
      <trkpt lat="22.2372551039" lon="113.9098713599"><ele>213.000</ele></trkpt>
      <trkpt lat="22.2372464024" lon="113.9098792723"><ele>213.000</ele></trkpt>
      <trkpt lat="22.2372400028" lon="113.9098866857"><ele>213.000</ele></trkpt>
      <trkpt lat="22.2372336073" lon="113.9098965630"><ele>213.000</ele></trkpt>
      <trkpt lat="22.2372290425" lon="113.9099049526"><ele>213.000</ele></trkpt>
      <trkpt lat="22.2372263126" lon="113.9099143185"><ele>213.000</ele></trkpt>
      <trkpt lat="22.2372259115" lon="113.9099340301"><ele>212.000</ele></trkpt>
      <trkpt lat="22.2372218121" lon="113.9099453774"><ele>212.000</ele></trkpt>
      <trkpt lat="22.2372177087" lon="113.9099542609"><ele>212.000</ele></trkpt>
      <trkpt lat="22.2372140675" lon="113.9099641232"><ele>210.000</ele></trkpt>
      <trkpt lat="22.2372081318" lon="113.9099735049"><ele>211.000</ele></trkpt>
      <trkpt lat="22.2372026451" lon="113.9099814113"><ele>211.000</ele></trkpt>
      <trkpt lat="22.2371893870" lon="113.9099972186"><ele>211.000</ele></trkpt>
      <trkpt lat="22.2371820548" lon="113.9100031593"><ele>211.000</ele></trkpt>
      <trkpt lat="22.2371738074" lon="113.9100071229"><ele>211.000</ele></trkpt>
      <trkpt lat="22.2371650977" lon="113.9100101077"><ele>207.000</ele></trkpt>
      <trkpt lat="22.2371453839" lon="113.9100155965"><ele>210.000</ele></trkpt>
      <trkpt lat="22.2371274958" lon="113.9100220616"><ele>210.000</ele></trkpt>
      <trkpt lat="22.2371183240" lon="113.9100240578"><ele>203.000</ele></trkpt>
      <trkpt lat="22.2371077771" lon="113.9100245919"><ele>203.000</ele></trkpt>
      <trkpt lat="22.2370981292" lon="113.9100226507"><ele>203.000</ele></trkpt>
      <trkpt lat="22.2370925978" lon="113.9100142899"><ele>202.000</ele></trkpt>
      <trkpt lat="22.2370879867" lon="113.9100054327"><ele>202.000</ele></trkpt>
      <trkpt lat="22.2370791793" lon="113.9099763972"><ele>202.000</ele></trkpt>
      <trkpt lat="22.2370736080" lon="113.9099547278"><ele>202.000</ele></trkpt>
      <trkpt lat="22.2370671270" lon="113.9099345539"><ele>202.000</ele></trkpt>
      <trkpt lat="22.2370583473" lon="113.9099168385"><ele>200.000</ele></trkpt>
      <trkpt lat="22.2370468223" lon="113.9098991381"><ele>200.000</ele></trkpt>
      <trkpt lat="22.2370334665" lon="113.9098829252"><ele>205.000</ele></trkpt>
      <trkpt lat="22.2370256437" lon="113.9098760529"><ele>205.000</ele></trkpt>
      <trkpt lat="22.2370182791" lon="113.9098676956"><ele>203.000</ele></trkpt>
      <trkpt lat="22.2369869571" lon="113.9098269073"><ele>208.000</ele></trkpt>
      <trkpt lat="22.2369814257" lon="113.9098185465"><ele>206.000</ele></trkpt>
      <trkpt lat="22.2369763442" lon="113.9098091954"><ele>206.000</ele></trkpt>
      <trkpt lat="22.2369744767" lon="113.9097993533"><ele>206.000</ele></trkpt>
      <trkpt lat="22.2369739910" lon="113.9097894988"><ele>206.000</ele></trkpt>
      <trkpt lat="22.2369739633" lon="113.9097781690"><ele>206.000</ele></trkpt>
      <trkpt lat="22.2369761968" lon="113.9097579592"><ele>206.000</ele></trkpt>
      <trkpt lat="22.2369761357" lon="113.9097372591"><ele>206.000</ele></trkpt>
      <trkpt lat="22.2369751894" lon="113.9097274055"><ele>206.000</ele></trkpt>
      <trkpt lat="22.2369724107" lon="113.9097180598"><ele>205.000</ele></trkpt>
      <trkpt lat="22.2369687108" lon="113.9097087061"><ele>205.000</ele></trkpt>
      <trkpt lat="22.2369502874" lon="113.9096861007"><ele>205.000</ele></trkpt>
      <trkpt lat="22.2369383042" lon="113.9096698756"><ele>206.000</ele></trkpt>
      <trkpt lat="22.2369332317" lon="113.9096605342"><ele>206.000</ele></trkpt>
      <trkpt lat="22.2369299924" lon="113.9096511797"><ele>206.000</ele></trkpt>
      <trkpt lat="22.2369239629" lon="113.9096310050"><ele>206.000</ele></trkpt>
      <trkpt lat="22.2369220946" lon="113.9096206584"><ele>205.000</ele></trkpt>
      <trkpt lat="22.2369220319" lon="113.9095989786"><ele>205.000</ele></trkpt>
      <trkpt lat="22.2369251809" lon="113.9095753235"><ele>205.000</ele></trkpt>
      <trkpt lat="22.2369260653" lon="113.9095639823"><ele>205.000</ele></trkpt>
      <trkpt lat="22.2369259691" lon="113.9095329418"><ele>205.000</ele></trkpt>
      <trkpt lat="22.2369231904" lon="113.9095235864"><ele>205.000</ele></trkpt>
      <trkpt lat="22.2369190291" lon="113.9095137486"><ele>205.000</ele></trkpt>
      <trkpt lat="22.2369079630" lon="113.9094950579"><ele>205.000</ele></trkpt>
      <trkpt lat="22.2368987317" lon="113.9094773531"><ele>204.000</ele></trkpt>
      <trkpt lat="22.2368913295" lon="113.9094571713"><ele>208.000</ele></trkpt>
      <trkpt lat="22.2368871683" lon="113.9094473335"><ele>208.000</ele></trkpt>
      <trkpt lat="22.2368710117" lon="113.9094138791"><ele>206.000</ele></trkpt>
      <trkpt lat="22.2368659318" lon="113.9094055175"><ele>206.000</ele></trkpt>
      <trkpt lat="22.2368617804" lon="113.9093961743"><ele>206.000</ele></trkpt>
      <trkpt lat="22.2368580789" lon="113.9093858410"><ele>206.000</ele></trkpt>
      <trkpt lat="22.2368539177" lon="113.9093759935"><ele>204.000</ele></trkpt>
      <trkpt lat="22.2368478873" lon="113.9093553241"><ele>208.000</ele></trkpt>
      <trkpt lat="22.2368414071" lon="113.9093356353"><ele>207.000</ele></trkpt>
      <trkpt lat="22.2368335484" lon="113.9093179182"><ele>207.000</ele></trkpt>
      <trkpt lat="22.2368284759" lon="113.9093085769"><ele>207.000</ele></trkpt>
      <trkpt lat="22.2368169492" lon="113.9092898871"><ele>207.000</ele></trkpt>
      <trkpt lat="22.2368017250" lon="113.9092633277"><ele>210.000</ele></trkpt>
      <trkpt lat="22.2367952716" lon="113.9092544837"><ele>210.000</ele></trkpt>
      <trkpt lat="22.2367685623" lon="113.9092235229"><ele>207.000</ele></trkpt>
      <trkpt lat="22.2367634906" lon="113.9092146763"><ele>207.000</ele></trkpt>
      <trkpt lat="22.2367565514" lon="113.9091959778"><ele>210.000</ele></trkpt>
      <trkpt lat="22.2367514674" lon="113.9091851523"><ele>207.000</ele></trkpt>
      <trkpt lat="22.2367344068" lon="113.9091566274"><ele>207.000</ele></trkpt>
      <trkpt lat="22.2367191802" lon="113.9091285936"><ele>205.000</ele></trkpt>
      <trkpt lat="22.2367113166" lon="113.9091079181"><ele>208.000</ele></trkpt>
      <trkpt lat="22.2367071261" lon="113.9090857611"><ele>206.000</ele></trkpt>
      <trkpt lat="22.2367043358" lon="113.9090749313"><ele>206.000</ele></trkpt>
      <trkpt lat="22.2367028906" lon="113.9090527691"><ele>206.000</ele></trkpt>
      <trkpt lat="22.2367028637" lon="113.9090419244"><ele>206.000</ele></trkpt>
      <trkpt lat="22.2367046692" lon="113.9090305814"><ele>206.000</ele></trkpt>
      <trkpt lat="22.2367064412" lon="113.9090098875"><ele>206.000</ele></trkpt>
      <trkpt lat="22.2367068390" lon="113.9089882069"><ele>206.000</ele></trkpt>
      <trkpt lat="22.2367063156" lon="113.9089665279"><ele>206.000</ele></trkpt>
      <trkpt lat="22.2367020916" lon="113.9089350007"><ele>208.000</ele></trkpt>
      <trkpt lat="22.2366978919" lon="113.9089128437"><ele>208.000</ele></trkpt>
      <trkpt lat="22.2366964826" lon="113.9089015166"><ele>208.000</ele></trkpt>
      <trkpt lat="22.2366913725" lon="113.9088803508"><ele>208.000</ele></trkpt>
      <trkpt lat="22.2366843925" lon="113.9088478490"><ele>206.000</ele></trkpt>
      <trkpt lat="22.2366816112" lon="113.9088370192"><ele>206.000</ele></trkpt>
      <trkpt lat="22.2366700469" lon="113.9088065050"><ele>211.000</ele></trkpt>
      <trkpt lat="22.2366612410" lon="113.9087784494"><ele>211.000</ele></trkpt>
      <trkpt lat="22.2366436585" lon="113.9087292351"><ele>212.000</ele></trkpt>
      <trkpt lat="22.2366404184" lon="113.9087193858"><ele>212.000</ele></trkpt>
      <trkpt lat="22.2366348469" lon="113.9086977262"><ele>211.000</ele></trkpt>
      <trkpt lat="22.2366306864" lon="113.9086883832"><ele>211.000</ele></trkpt>
      <trkpt lat="22.2366279068" lon="113.9086785331"><ele>211.000</ele></trkpt>
      <trkpt lat="22.2366242053" lon="113.9086681997"><ele>216.000</ele></trkpt>
      <trkpt lat="22.2366186109" lon="113.9086381592"><ele>211.000</ele></trkpt>
      <trkpt lat="22.2366088806" lon="113.9086081363"><ele>208.000</ele></trkpt>
      <trkpt lat="22.2365982390" lon="113.9085786098"><ele>208.000</ele></trkpt>
      <trkpt lat="22.2365894657" lon="113.9085594201"><ele>206.000</ele></trkpt>
      <trkpt lat="22.2365843833" lon="113.9085495841"><ele>206.000</ele></trkpt>
      <trkpt lat="22.2365802302" lon="113.9085392516"><ele>206.000</ele></trkpt>
      <trkpt lat="22.2365719101" lon="113.9085210408"><ele>210.000</ele></trkpt>
      <trkpt lat="22.2365640473" lon="113.9085008697"><ele>209.000</ele></trkpt>
      <trkpt lat="22.2365571064" lon="113.9084811819"><ele>209.000</ele></trkpt>
      <trkpt lat="22.2365436916" lon="113.9084457533"><ele>207.000</ele></trkpt>
      <trkpt lat="22.2365385921" lon="113.9084255672"><ele>207.000</ele></trkpt>
      <trkpt lat="22.2365343949" lon="113.9084048847"><ele>212.000</ele></trkpt>
      <trkpt lat="22.2365320415" lon="113.9083851785"><ele>212.000</ele></trkpt>
      <trkpt lat="22.2365320146" lon="113.9083743434"><ele>212.000</ele></trkpt>
      <trkpt lat="22.2365301103" lon="113.9083531619"><ele>212.000</ele></trkpt>
      <trkpt lat="22.2365273037" lon="113.9083324767"><ele>212.000</ele></trkpt>
      <trkpt lat="22.2365207874" lon="113.9083019433"><ele>212.000</ele></trkpt>
      <trkpt lat="22.2365184323" lon="113.9082812573"><ele>212.000</ele></trkpt>
      <trkpt lat="22.2365183711" lon="113.9082605670"><ele>212.000</ele></trkpt>
      <trkpt lat="22.2365191958" lon="113.9082295248"><ele>212.000</ele></trkpt>
      <trkpt lat="22.2365191100" lon="113.9081994642"><ele>212.000</ele></trkpt>
      <trkpt lat="22.2365195362" lon="113.9081896080"><ele>212.000</ele></trkpt>
      <trkpt lat="22.2365222293" lon="113.9081689027"><ele>212.000</ele></trkpt>
      <trkpt lat="22.2365254090" lon="113.9081585465"><ele>212.000</ele></trkpt>
      <trkpt lat="22.2365336123" lon="113.9081388104"><ele>212.000</ele></trkpt>
      <trkpt lat="22.2365363307" lon="113.9081279605"><ele>209.000</ele></trkpt>
      <trkpt lat="22.2365381386" lon="113.9081181016"><ele>207.000</ele></trkpt>
      <trkpt lat="22.2365380765" lon="113.9080969166"><ele>207.000</ele></trkpt>
      <trkpt lat="22.2365375898" lon="113.9080865674"><ele>207.000</ele></trkpt>
      <trkpt lat="22.2365356969" lon="113.9080668700"><ele>207.000</ele></trkpt>
      <trkpt lat="22.2365328821" lon="113.9080466699"><ele>212.000</ele></trkpt>
      <trkpt lat="22.2365301016" lon="113.9080363348"><ele>212.000</ele></trkpt>
      <trkpt lat="22.2365254798" lon="113.9080264979"><ele>212.000</ele></trkpt>
      <trkpt lat="22.2365194893" lon="113.9080191275"><ele>212.000</ele></trkpt>
      <trkpt lat="22.2365084279" lon="113.9080033955"><ele>212.000</ele></trkpt>
      <trkpt lat="22.2365047271" lon="113.9079935472"><ele>212.000</ele></trkpt>
      <trkpt lat="22.2365037554" lon="113.9079738480"><ele>211.000</ele></trkpt>
      <trkpt lat="22.2365014248" lon="113.9079625227"><ele>211.000</ele></trkpt>
      <trkpt lat="22.2364935734" lon="113.9079438260"><ele>211.000</ele></trkpt>
      <trkpt lat="22.2364889540" lon="113.9079354636"><ele>211.000</ele></trkpt>
      <trkpt lat="22.2364801806" lon="113.9079162740"><ele>209.000</ele></trkpt>
      <trkpt lat="22.2364764798" lon="113.9079064257"><ele>209.000</ele></trkpt>
      <trkpt lat="22.2364746123" lon="113.9078965836"><ele>209.000</ele></trkpt>
      <trkpt lat="22.2364695012" lon="113.9078749231"><ele>207.000</ele></trkpt>
      <trkpt lat="22.2364611900" lon="113.9078567124"><ele>207.000</ele></trkpt>
      <trkpt lat="22.2364436735" lon="113.9078311471"><ele>207.000</ele></trkpt>
      <trkpt lat="22.2364367693" lon="113.9078227987"><ele>212.000</ele></trkpt>
      <trkpt lat="22.2364316893" lon="113.9078144371"><ele>212.000</ele></trkpt>
      <trkpt lat="22.2364270781" lon="113.9078055800"><ele>212.000</ele></trkpt>
      <trkpt lat="22.2364127372" lon="113.9077671947"><ele>210.000</ele></trkpt>
      <trkpt lat="22.2363919412" lon="113.9077189761"><ele>213.000</ele></trkpt>
      <trkpt lat="22.2363854624" lon="113.9077002768"><ele>213.000</ele></trkpt>
      <trkpt lat="22.2363831318" lon="113.9076889515"><ele>213.000</ele></trkpt>
      <trkpt lat="22.2363817240" lon="113.9076786041"><ele>210.000</ele></trkpt>
      <trkpt lat="22.2363807162" lon="113.9076480602"><ele>210.000</ele></trkpt>
      <trkpt lat="22.2363788560" lon="113.9076372287"><ele>207.000</ele></trkpt>
      <trkpt lat="22.2363746946" lon="113.9076273813"><ele>207.000</ele></trkpt>
      <trkpt lat="22.2363691516" lon="113.9076175462"><ele>207.000</ele></trkpt>
      <trkpt lat="22.2363651373" lon="113.9076092505"><ele>207.000</ele></trkpt>
      <trkpt lat="22.2363435329" lon="113.9075582398"><ele>210.000</ele></trkpt>
      <trkpt lat="22.2363296541" lon="113.9075316879"><ele>208.000</ele></trkpt>
      <trkpt lat="22.2363243561" lon="113.9075225993"><ele>208.000</ele></trkpt>
      <trkpt lat="22.2363197432" lon="113.9075127624"><ele>208.000</ele></trkpt>
      <trkpt lat="22.2363114213" lon="113.9074935720"><ele>206.000</ele></trkpt>
      <trkpt lat="22.2363095628" lon="113.9074837202"><ele>206.000</ele></trkpt>
      <trkpt lat="22.2363062873" lon="113.9074635307"><ele>210.000</ele></trkpt>
      <trkpt lat="22.2362998052" lon="113.9074428624"><ele>208.000</ele></trkpt>
      <trkpt lat="22.2362877858" lon="113.9074157928"><ele>208.000</ele></trkpt>
      <trkpt lat="22.2362808440" lon="113.9073956201"><ele>207.000</ele></trkpt>
      <trkpt lat="22.2362771358" lon="113.9073813388"><ele>207.000</ele></trkpt>
      <trkpt lat="22.2362714183" lon="113.9073637760"><ele>207.000</ele></trkpt>
      <trkpt lat="22.2362698711" lon="113.9073494217"><ele>207.000</ele></trkpt>
      <trkpt lat="22.2362704467" lon="113.9073365873"><ele>208.000</ele></trkpt>
      <trkpt lat="22.2362740023" lon="113.9073192570"><ele>208.000</ele></trkpt>
      <trkpt lat="22.2362769536" lon="113.9072980779"><ele>209.000</ele></trkpt>
      <trkpt lat="22.2362775110" lon="113.9072736945"><ele>209.000</ele></trkpt>
      <trkpt lat="22.2362756801" lon="113.9072506000"><ele>209.000</ele></trkpt>
      <trkpt lat="22.2362684679" lon="113.9072236658"><ele>209.000</ele></trkpt>
      <trkpt lat="22.2362576671" lon="113.9071941708"><ele>212.000</ele></trkpt>
      <trkpt lat="22.2362432802" lon="113.9071640425"><ele>212.000</ele></trkpt>
      <trkpt lat="22.2362342880" lon="113.9071441695"><ele>210.000</ele></trkpt>
      <trkpt lat="22.2362252927" lon="113.9071230123"><ele>210.000</ele></trkpt>
      <trkpt lat="22.2362109343" lon="113.9071095662"><ele>213.000</ele></trkpt>
      <trkpt lat="22.2361941779" lon="113.9070909905"><ele>211.000</ele></trkpt>
      <trkpt lat="22.2361780088" lon="113.9070666401"><ele>211.000</ele></trkpt>
      <trkpt lat="22.2361594096" lon="113.9070172709"><ele>214.000</ele></trkpt>
      <trkpt lat="22.2361407838" lon="113.9069518607"><ele>212.000</ele></trkpt>
      <trkpt lat="22.2361251955" lon="113.9069172426"><ele>215.000</ele></trkpt>
      <trkpt lat="22.2361096168" lon="113.9068883989"><ele>215.000</ele></trkpt>
      <trkpt lat="22.2360874536" lon="113.9068512278"><ele>214.000</ele></trkpt>
      <trkpt lat="22.2360778539" lon="113.9068255805"><ele>218.000</ele></trkpt>
      <trkpt lat="22.2360712012" lon="113.9067761885"><ele>216.000</ele></trkpt>
      <trkpt lat="22.2360633666" lon="113.9067344978"><ele>216.000</ele></trkpt>
      <trkpt lat="22.2360441727" lon="113.9066870543"><ele>215.000</ele></trkpt>
      <trkpt lat="22.2360393489" lon="113.9066601146"><ele>214.000</ele></trkpt>
      <trkpt lat="22.2360405138" lon="113.9066421477"><ele>214.000</ele></trkpt>
      <trkpt lat="22.2360476482" lon="113.9066216018"><ele>216.000</ele></trkpt>
      <trkpt lat="22.2360577766" lon="113.9066061834"><ele>216.000</ele></trkpt>
      <trkpt lat="22.2360774606" lon="113.9065888222"><ele>216.000</ele></trkpt>
      <trkpt lat="22.2360941585" lon="113.9065721078"><ele>215.000</ele></trkpt>
      <trkpt lat="22.2361007046" lon="113.9065573375"><ele>215.000</ele></trkpt>
      <trkpt lat="22.2361012621" lon="113.9065335963"><ele>215.000</ele></trkpt>
      <trkpt lat="22.2361012141" lon="113.9065047229"><ele>215.000</ele></trkpt>
      <trkpt lat="22.2360975786" lon="113.9064739319"><ele>215.000</ele></trkpt>
      <trkpt lat="22.2360891416" lon="113.9064290345"><ele>215.000</ele></trkpt>
      <trkpt lat="22.2360806920" lon="113.9063770793"><ele>214.000</ele></trkpt>
      <trkpt lat="22.2360686739" lon="113.9063341133"><ele>216.000</ele></trkpt>
      <trkpt lat="22.2360602753" lon="113.9063123138"><ele>214.000</ele></trkpt>
      <trkpt lat="22.2360441189" lon="113.9062956625"><ele>214.000</ele></trkpt>
      <trkpt lat="22.2360285732" lon="113.9062867100"><ele>216.000</ele></trkpt>
      <trkpt lat="22.2360052663" lon="113.9062803381"><ele>214.000</ele></trkpt>
      <trkpt lat="22.2359789784" lon="113.9062771807"><ele>212.000</ele></trkpt>
      <trkpt lat="22.2359503031" lon="113.9062753113"><ele>212.000</ele></trkpt>
      <trkpt lat="22.2359258121" lon="113.9062753583"><ele>212.000</ele></trkpt>
      <trkpt lat="22.2359019222" lon="113.9062773286"><ele>212.000</ele></trkpt>
      <trkpt lat="22.2358852041" lon="113.9062818519"><ele>212.000</ele></trkpt>
      <trkpt lat="22.2358678945" lon="113.9062895851"><ele>213.000</ele></trkpt>
      <trkpt lat="22.2358517819" lon="113.9062992405"><ele>212.000</ele></trkpt>
      <trkpt lat="22.2358362692" lon="113.9063101780"><ele>212.000</ele></trkpt>
      <trkpt lat="22.2358237417" lon="113.9063198256"><ele>212.000</ele></trkpt>
      <trkpt lat="22.2358112091" lon="113.9063269084"><ele>212.000</ele></trkpt>
      <trkpt lat="22.2357980699" lon="113.9063282160"><ele>212.000</ele></trkpt>
      <trkpt lat="22.2357807378" lon="113.9063224747"><ele>212.000</ele></trkpt>
      <trkpt lat="22.2357538414" lon="113.9063129019"><ele>212.000</ele></trkpt>
      <trkpt lat="22.2357185794" lon="113.9063014206"><ele>212.000</ele></trkpt>
      <trkpt lat="22.2356958737" lon="113.9062976142"><ele>212.000</ele></trkpt>
      <trkpt lat="22.2356576019" lon="113.9062720231"><ele>214.000</ele></trkpt>
      <trkpt lat="22.2356270954" lon="113.9062464171"><ele>214.000</ele></trkpt>
      <trkpt lat="22.2355888237" lon="113.9062214672"><ele>215.000</ele></trkpt>
      <trkpt lat="22.2355589312" lon="113.9062061257"><ele>213.000</ele></trkpt>
      <trkpt lat="22.2355314314" lon="113.9061927041"><ele>213.000</ele></trkpt>
      <trkpt lat="22.2355141057" lon="113.9061908128"><ele>213.000</ele></trkpt>
      <trkpt lat="22.2354914075" lon="113.9061914976"><ele>214.000</ele></trkpt>
      <trkpt lat="22.2354681081" lon="113.9061896169"><ele>214.000</ele></trkpt>
      <trkpt lat="22.2354531698" lon="113.9061864377"><ele>212.000</ele></trkpt>
      <trkpt lat="22.2354424086" lon="113.9061813261"><ele>212.000</ele></trkpt>
      <trkpt lat="22.2354304406" lon="113.9061685168"><ele>212.000</ele></trkpt>
      <trkpt lat="22.2354160800" lon="113.9061537866"><ele>212.000</ele></trkpt>
      <trkpt lat="22.2354035248" lon="113.9061467530"><ele>212.000</ele></trkpt>
      <trkpt lat="22.2353891834" lon="113.9061435727"><ele>210.000</ele></trkpt>
      <trkpt lat="22.2353736549" lon="113.9061455270"><ele>210.000</ele></trkpt>
      <trkpt lat="22.2353527555" lon="113.9061494161"><ele>210.000</ele></trkpt>
      <trkpt lat="22.2353306775" lon="113.9061635751"><ele>210.000</ele></trkpt>
      <trkpt lat="22.2353103945" lon="113.9061796541"><ele>208.000</ele></trkpt>
      <trkpt lat="22.2352913157" lon="113.9062015062"><ele>210.000</ele></trkpt>
      <trkpt lat="22.2352638800" lon="113.9062265822"><ele>209.000</ele></trkpt>
      <trkpt lat="22.2352423947" lon="113.9062381724"><ele>210.000</ele></trkpt>
      <trkpt lat="22.2352191154" lon="113.9062478415"><ele>210.000</ele></trkpt>
      <trkpt lat="22.2351892624" lon="113.9062562399"><ele>210.000</ele></trkpt>
      <trkpt lat="22.2351689558" lon="113.9062582034"><ele>210.000</ele></trkpt>
      <trkpt lat="22.2351396870" lon="113.9062589017"><ele>210.000</ele></trkpt>
      <trkpt lat="22.2351146055" lon="113.9062627998"><ele>208.000</ele></trkpt>
      <trkpt lat="22.2350901359" lon="113.9062756790"><ele>208.000</ele></trkpt>
      <trkpt lat="22.2350603139" lon="113.9063026840"><ele>210.000</ele></trkpt>
      <trkpt lat="22.2350483993" lon="113.9063219557"><ele>210.000</ele></trkpt>
      <trkpt lat="22.2350406723" lon="113.9063450683"><ele>208.000</ele></trkpt>
      <trkpt lat="22.2350359584" lon="113.9063842171"><ele>210.000</ele></trkpt>
      <trkpt lat="22.2350288335" lon="113.9064098953"><ele>210.000</ele></trkpt>
      <trkpt lat="22.2350145423" lon="113.9064368704"><ele>211.000</ele></trkpt>
      <trkpt lat="22.2349984574" lon="113.9064632079"><ele>211.000</ele></trkpt>
      <trkpt lat="22.2349764103" lon="113.9064959724"><ele>210.000</ele></trkpt>
      <trkpt lat="22.2349650968" lon="113.9065171674"><ele>210.000</ele></trkpt>
      <trkpt lat="22.2349603594" lon="113.9065422007"><ele>210.000</ele></trkpt>
      <trkpt lat="22.2349592233" lon="113.9065774917"><ele>212.000</ele></trkpt>
      <trkpt lat="22.2349592819" lon="113.9066127804"><ele>212.000</ele></trkpt>
      <trkpt lat="22.2349569394" lon="113.9066410160"><ele>212.000</ele></trkpt>
      <trkpt lat="22.2349468706" lon="113.9066923651"><ele>210.000</ele></trkpt>
      <trkpt lat="22.2349332199" lon="113.9067456456"><ele>212.000</ele></trkpt>
      <trkpt lat="22.2349183798" lon="113.9068021371"><ele>217.000</ele></trkpt>
      <trkpt lat="22.2349035214" lon="113.9068470788"><ele>216.000</ele></trkpt>
      <trkpt lat="22.2348976052" lon="113.9068817378"><ele>216.000</ele></trkpt>
      <trkpt lat="22.2348982446" lon="113.9069067598"><ele>216.000</ele></trkpt>
      <trkpt lat="22.2349018756" lon="113.9069349839"><ele>216.000</ele></trkpt>
      <trkpt lat="22.2349109158" lon="113.9069837298"><ele>223.000</ele></trkpt>
      <trkpt lat="22.2349193610" lon="113.9070331180"><ele>224.000</ele></trkpt>
      <trkpt lat="22.2349236209" lon="113.9070805897"><ele>224.000</ele></trkpt>
      <trkpt lat="22.2349266871" lon="113.9071287059"><ele>224.000</ele></trkpt>
      <trkpt lat="22.2349273414" lon="113.9071627101"><ele>222.000</ele></trkpt>
      <trkpt lat="22.2349267850" lon="113.9071877344"><ele>222.000</ele></trkpt>
      <trkpt lat="22.2349208526" lon="113.9072121269"><ele>219.000</ele></trkpt>
      <trkpt lat="22.2349077528" lon="113.9072371752"><ele>219.000</ele></trkpt>
      <trkpt lat="22.2348904688" lon="113.9072609482"><ele>217.000</ele></trkpt>
      <trkpt lat="22.2348702122" lon="113.9072930679"><ele>217.000</ele></trkpt>
      <trkpt lat="22.2348535300" lon="113.9073187652"><ele>216.000</ele></trkpt>
      <trkpt lat="22.2348350617" lon="113.9073483149"><ele>216.000</ele></trkpt>
      <trkpt lat="22.2348231493" lon="113.9073695109"><ele>215.000</ele></trkpt>
      <trkpt lat="22.2348148242" lon="113.9073919835"><ele>215.000</ele></trkpt>
      <trkpt lat="22.2348088803" lon="113.9074099603"><ele>218.000</ele></trkpt>
      <trkpt lat="22.2348023479" lon="113.9074330715"><ele>218.000</ele></trkpt>
      <trkpt lat="22.2347940174" lon="113.9074523353"><ele>218.000</ele></trkpt>
      <trkpt lat="22.2347844816" lon="113.9074651867"><ele>218.000</ele></trkpt>
      <trkpt lat="22.2347707754" lon="113.9074851028"><ele>218.000</ele></trkpt>
      <trkpt lat="22.2347558809" lon="113.9075088712"><ele>218.000</ele></trkpt>
      <trkpt lat="22.2347439779" lon="113.9075352005"><ele>218.000</ele></trkpt>
      <trkpt lat="22.2347243328" lon="113.9075756600"><ele>218.000</ele></trkpt>
      <trkpt lat="22.2347022930" lon="113.9076129154"><ele>218.000</ele></trkpt>
      <trkpt lat="22.2346886100" lon="113.9076463058"><ele>219.000</ele></trkpt>
      <trkpt lat="22.2346808838" lon="113.9076700605"><ele>220.000</ele></trkpt>
      <trkpt lat="22.2346671914" lon="113.9076983176"><ele>221.000</ele></trkpt>
      <trkpt lat="22.2346517243" lon="113.9077368447"><ele>221.000</ele></trkpt>
      <trkpt lat="22.2346332952" lon="113.9077901341"><ele>218.000</ele></trkpt>
      <trkpt lat="22.2346267651" lon="113.9078151697"><ele>218.000</ele></trkpt>
      <trkpt lat="22.2346214060" lon="113.9078248044"><ele>218.000</ele></trkpt>
      <trkpt lat="22.2346118533" lon="113.9078280304"><ele>218.000</ele></trkpt>
      <trkpt lat="22.2345999046" lon="113.9078267699"><ele>218.000</ele></trkpt>
      <trkpt lat="22.2345867591" lon="113.9078242293"><ele>218.000</ele></trkpt>
      <trkpt lat="22.2345718220" lon="113.9078223323"><ele>218.000</ele></trkpt>
      <trkpt lat="22.2345562910" lon="113.9078217208"><ele>218.000</ele></trkpt>
      <trkpt lat="22.2345431520" lon="113.9078236704"><ele>218.000</ele></trkpt>
      <trkpt lat="22.2345270338" lon="113.9078294756"><ele>218.000</ele></trkpt>
      <trkpt lat="22.2345162926" lon="113.9078359126"><ele>218.000</ele></trkpt>
      <trkpt lat="22.2345097379" lon="113.9078455495"><ele>218.000</ele></trkpt>
      <trkpt lat="22.2345061738" lon="113.9078577464"><ele>218.000</ele></trkpt>
      <trkpt lat="22.2345044267" lon="113.9078846974"><ele>218.000</ele></trkpt>
      <trkpt lat="22.2345039106" lon="113.9079341035"><ele>220.000</ele></trkpt>
      <trkpt lat="22.2345034080" lon="113.9079912086"><ele>224.000</ele></trkpt>
      <trkpt lat="22.2345022866" lon="113.9080361238"><ele>226.000</ele></trkpt>
      <trkpt lat="22.2345065302" lon="113.9080733299"><ele>226.000</ele></trkpt>
      <trkpt lat="22.2345095654" lon="113.9081028384"><ele>224.000</ele></trkpt>
      <trkpt lat="22.2345101918" lon="113.9081201605"><ele>224.000</ele></trkpt>
      <trkpt lat="22.2345072225" lon="113.9081310739"><ele>222.000</ele></trkpt>
      <trkpt lat="22.2344994709" lon="113.9081394297"><ele>220.000</ele></trkpt>
      <trkpt lat="22.2344863423" lon="113.9081471546"><ele>220.000</ele></trkpt>
      <trkpt lat="22.2344702210" lon="113.9081510343"><ele>220.000</ele></trkpt>
      <trkpt lat="22.2344540944" lon="113.9081523484"><ele>219.000</ele></trkpt>
      <trkpt lat="22.2344355751" lon="113.9081511004"><ele>219.000</ele></trkpt>
      <trkpt lat="22.2344224285" lon="113.9081479176"><ele>219.000</ele></trkpt>
      <trkpt lat="22.2344062912" lon="113.9081421740"><ele>219.000</ele></trkpt>
      <trkpt lat="22.2343865614" lon="113.9081319460"><ele>219.000</ele></trkpt>
      <trkpt lat="22.2343686293" lon="113.9081242803"><ele>218.000</ele></trkpt>
      <trkpt lat="22.2343542720" lon="113.9081114755"><ele>216.000</ele></trkpt>
      <trkpt lat="22.2343441065" lon="113.9081050783"><ele>216.000</ele></trkpt>
      <trkpt lat="22.2343315558" lon="113.9081012533"><ele>216.000</ele></trkpt>
      <trkpt lat="22.2343190123" lon="113.9081012772"><ele>220.000</ele></trkpt>
      <trkpt lat="22.2343052785" lon="113.9081045112"><ele>220.000</ele></trkpt>
      <trkpt lat="22.2342861729" lon="113.9081103220"><ele>220.000</ele></trkpt>
      <trkpt lat="22.2342598988" lon="113.9081155054"><ele>226.000</ele></trkpt>
      <trkpt lat="22.2342151043" lon="113.9081187986"><ele>225.000</ele></trkpt>
      <trkpt lat="22.2341882259" lon="113.9081201331"><ele>225.000</ele></trkpt>
      <trkpt lat="22.2341571717" lon="113.9081246834"><ele>218.000</ele></trkpt>
      <trkpt lat="22.2341452262" lon="113.9081253483"><ele>218.000</ele></trkpt>
      <trkpt lat="22.2341344734" lon="113.9081247267"><ele>214.000</ele></trkpt>
      <trkpt lat="22.2341243100" lon="113.9081196128"><ele>214.000</ele></trkpt>
      <trkpt lat="22.2341129360" lon="113.9081048779"><ele>214.000</ele></trkpt>
      <trkpt lat="22.2340997597" lon="113.9080837298"><ele>214.000</ele></trkpt>
      <trkpt lat="22.2340722314" lon="113.9080529848"><ele>214.000</ele></trkpt>
      <trkpt lat="22.2340548783" lon="113.9080350525"><ele>214.000</ele></trkpt>
      <trkpt lat="22.2340453096" lon="113.9080280130"><ele>215.000</ele></trkpt>
      <trkpt lat="22.2340315662" lon="113.9080254726"><ele>215.000</ele></trkpt>
      <trkpt lat="22.2340142490" lon="113.9080287134"><ele>215.000</ele></trkpt>
      <trkpt lat="22.2339969393" lon="113.9080364463"><ele>216.000</ele></trkpt>
      <trkpt lat="22.2339838181" lon="113.9080486613"><ele>216.000</ele></trkpt>
      <trkpt lat="22.2339701013" lon="113.9080621617"><ele>216.000</ele></trkpt>
      <trkpt lat="22.2339426705" lon="113.9080904449"><ele>215.000</ele></trkpt>
      <trkpt lat="22.2339116662" lon="113.9081251514"><ele>214.000</ele></trkpt>
      <trkpt lat="22.2338913914" lon="113.9081463632"><ele>215.000</ele></trkpt>
      <trkpt lat="22.2338663321" lon="113.9081637351"><ele>212.000</ele></trkpt>
      <trkpt lat="22.2338454508" lon="113.9081791737"><ele>213.000</ele></trkpt>
      <trkpt lat="22.2338180052" lon="113.9081984746"><ele>210.000</ele></trkpt>
      <trkpt lat="22.2337947398" lon="113.9082171255"><ele>210.000</ele></trkpt>
      <trkpt lat="22.2337774438" lon="113.9082331983"><ele>211.000</ele></trkpt>
      <trkpt lat="22.2337655112" lon="113.9082422042"><ele>211.000</ele></trkpt>
      <trkpt lat="22.2337523794" lon="113.9082480036"><ele>211.000</ele></trkpt>
      <trkpt lat="22.2337410349" lon="113.9082505919"><ele>211.000</ele></trkpt>
      <trkpt lat="22.2337272957" lon="113.9082506180"><ele>209.000</ele></trkpt>
      <trkpt lat="22.2337117586" lon="113.9082467977"><ele>209.000</ele></trkpt>
      <trkpt lat="22.2336824715" lon="113.9082359459"><ele>211.000</ele></trkpt>
      <trkpt lat="22.2336484056" lon="113.9082257453"><ele>208.000</ele></trkpt>
      <trkpt lat="22.2336239050" lon="113.9082193755"><ele>210.000</ele></trkpt>
      <trkpt lat="22.2335838685" lon="113.9082111107"><ele>210.000</ele></trkpt>
      <trkpt lat="22.2335593742" lon="113.9082085908"><ele>210.000</ele></trkpt>
      <trkpt lat="22.2335378665" lon="113.9082067073"><ele>210.000</ele></trkpt>
      <trkpt lat="22.2335145703" lon="113.9082067517"><ele>210.000</ele></trkpt>
      <trkpt lat="22.2334936636" lon="113.9082067916"><ele>210.000</ele></trkpt>
      <trkpt lat="22.2334560366" lon="113.9082100710"><ele>210.000</ele></trkpt>
      <trkpt lat="22.2334106432" lon="113.9082127241"><ele>210.000</ele></trkpt>
      <trkpt lat="22.2333736098" lon="113.9082134359"><ele>210.000</ele></trkpt>
      <trkpt lat="22.2333467389" lon="113.9082192624"><ele>210.000</ele></trkpt>
      <trkpt lat="22.2333216627" lon="113.9082263679"><ele>212.000</ele></trkpt>
      <trkpt lat="22.2332930075" lon="113.9082366880"><ele>212.000</ele></trkpt>
      <trkpt lat="22.2332643513" lon="113.9082463668"><ele>212.000</ele></trkpt>
      <trkpt lat="22.2332410741" lon="113.9082579600"><ele>212.000</ele></trkpt>
      <trkpt lat="22.2332213812" lon="113.9082695472"><ele>212.000</ele></trkpt>
      <trkpt lat="22.2332028885" lon="113.9082849811"><ele>212.000</ele></trkpt>
      <trkpt lat="22.2331844063" lon="113.9083061893"><ele>212.000</ele></trkpt>
      <trkpt lat="22.2331700967" lon="113.9083222564"><ele>212.000</ele></trkpt>
      <trkpt lat="22.2331623482" lon="113.9083325376"><ele>212.000</ele></trkpt>
      <trkpt lat="22.2331450480" lon="113.9083460438"><ele>212.000</ele></trkpt>
      <trkpt lat="22.2331301332" lon="113.9083576219"><ele>212.000</ele></trkpt>
      <trkpt lat="22.2331164055" lon="113.9083640636"><ele>212.000</ele></trkpt>
      <trkpt lat="22.2331044696" lon="113.9083705028"><ele>212.000</ele></trkpt>
      <trkpt lat="22.2330871515" lon="113.9083737436"><ele>211.000</ele></trkpt>
      <trkpt lat="22.2330680426" lon="113.9083769877"><ele>212.000</ele></trkpt>
      <trkpt lat="22.2330489233" lon="113.9083744585"><ele>212.000</ele></trkpt>
      <trkpt lat="22.2330214407" lon="113.9083713021"><ele>212.000</ele></trkpt>
      <trkpt lat="22.2329975445" lon="113.9083700643"><ele>212.000</ele></trkpt>
      <trkpt lat="22.2329730481" lon="113.9083662620"><ele>212.000</ele></trkpt>
      <trkpt lat="22.2329515425" lon="113.9083656608"><ele>212.000</ele></trkpt>
      <trkpt lat="22.2329348085" lon="113.9083605595"><ele>212.000</ele></trkpt>
      <trkpt lat="22.2329126911" lon="113.9083509783"><ele>211.000</ele></trkpt>
      <trkpt lat="22.2328929643" lon="113.9083420328"><ele>211.000</ele></trkpt>
      <trkpt lat="22.2328738302" lon="113.9083305205"><ele>212.000</ele></trkpt>
      <trkpt lat="22.2328511085" lon="113.9083164485"><ele>211.000</ele></trkpt>
      <trkpt lat="22.2328343660" lon="113.9083062140"><ele>211.000</ele></trkpt>
      <trkpt lat="22.2328128456" lon="113.9082966317"><ele>212.000</ele></trkpt>
      <trkpt lat="22.2327925197" lon="113.9082864040"><ele>212.000</ele></trkpt>
      <trkpt lat="22.2327775753" lon="113.9082800169"><ele>212.000</ele></trkpt>
      <trkpt lat="22.2327596465" lon="113.9082749179"><ele>211.000</ele></trkpt>
      <trkpt lat="22.2327339522" lon="113.9082691925"><ele>211.000</ele></trkpt>
      <trkpt lat="22.2327040747" lon="113.9082628329"><ele>211.000</ele></trkpt>
      <trkpt lat="22.2326765910" lon="113.9082590354"><ele>212.000</ele></trkpt>
      <trkpt lat="22.2326550790" lon="113.9082545853"><ele>212.000</ele></trkpt>
      <trkpt lat="22.2326335702" lon="113.9082520597"><ele>212.000</ele></trkpt>
      <trkpt lat="22.2326162488" lon="113.9082527348"><ele>212.000</ele></trkpt>
      <trkpt lat="22.2326019159" lon="113.9082546866"><ele>212.000</ele></trkpt>
      <trkpt lat="22.2325881831" lon="113.9082585626"><ele>212.000</ele></trkpt>
      <trkpt lat="22.2325726638" lon="113.9082650087"><ele>212.000</ele></trkpt>
      <trkpt lat="22.2325601332" lon="113.9082733735"><ele>212.000</ele></trkpt>
      <trkpt lat="22.2325482036" lon="113.9082836616"><ele>212.000</ele></trkpt>
      <trkpt lat="22.2325386679" lon="113.9082971539"><ele>212.000</ele></trkpt>
      <trkpt lat="22.2325273530" lon="113.9083177063"><ele>212.000</ele></trkpt>
      <trkpt lat="22.2325184311" lon="113.9083414628"><ele>210.000</ele></trkpt>
      <trkpt lat="22.2325095143" lon="113.9083671448"><ele>210.000</ele></trkpt>
      <trkpt lat="22.2325047819" lon="113.9083953843"><ele>210.000</ele></trkpt>
      <trkpt lat="22.2324994557" lon="113.9084255495"><ele>211.000</ele></trkpt>
      <trkpt lat="22.2324959403" lon="113.9084672609"><ele>211.000</ele></trkpt>
      <trkpt lat="22.2324930142" lon="113.9085038390"><ele>211.000</ele></trkpt>
      <trkpt lat="22.2324924693" lon="113.9085359205"><ele>211.000</ele></trkpt>
      <trkpt lat="22.2324925000" lon="113.9085545268"><ele>211.000</ele></trkpt>
      <trkpt lat="22.2324871527" lon="113.9085718600"><ele>212.000</ele></trkpt>
      <trkpt lat="22.2324782147" lon="113.9085853511"><ele>212.000</ele></trkpt>
      <trkpt lat="22.2324656850" lon="113.9085937159"><ele>210.000</ele></trkpt>
      <trkpt lat="22.2324525564" lon="113.9086014397"><ele>210.000</ele></trkpt>
      <trkpt lat="22.2324352425" lon="113.9086072480"><ele>210.000</ele></trkpt>
      <trkpt lat="22.2324083746" lon="113.9086143567"><ele>209.000</ele></trkpt>
      <trkpt lat="22.2323880712" lon="113.9086182443"><ele>211.000</ele></trkpt>
      <trkpt lat="22.2323671750" lon="113.9086247005"><ele>209.000</ele></trkpt>
      <trkpt lat="22.2323510632" lon="113.9086343554"><ele>209.000</ele></trkpt>
      <trkpt lat="22.2323325493" lon="113.9086369572"><ele>210.000</ele></trkpt>
      <trkpt lat="22.2323170153" lon="113.9086350613"><ele>210.000</ele></trkpt>
      <trkpt lat="22.2322942989" lon="113.9086241970"><ele>210.000</ele></trkpt>
      <trkpt lat="22.2322745670" lon="113.9086126859"><ele>208.000</ele></trkpt>
      <trkpt lat="22.2322333048" lon="113.9085845338"><ele>208.000</ele></trkpt>
      <trkpt lat="22.2322075874" lon="113.9085653343"><ele>210.000</ele></trkpt>
      <trkpt lat="22.2321836773" lon="113.9085551145"><ele>212.000</ele></trkpt>
      <trkpt lat="22.2321687392" lon="113.9085525763"><ele>212.000</ele></trkpt>
      <trkpt lat="22.2321526125" lon="113.9085532481"><ele>214.000</ele></trkpt>
      <trkpt lat="22.2321329048" lon="113.9085558522"><ele>214.000</ele></trkpt>
      <trkpt lat="22.2321132002" lon="113.9085603817"><ele>214.000</ele></trkpt>
      <trkpt lat="22.2320935011" lon="113.9085687592"><ele>214.000</ele></trkpt>
      <trkpt lat="22.2320708239" lon="113.9085816353"><ele>212.000</ele></trkpt>
      <trkpt lat="22.2320523288" lon="113.9085951436"><ele>211.000</ele></trkpt>
      <trkpt lat="22.2320350256" lon="113.9086073673"><ele>211.000</ele></trkpt>
      <trkpt lat="22.2320147357" lon="113.9086189545"><ele>209.000</ele></trkpt>
      <trkpt lat="22.2319944386" lon="113.9086266929"><ele>209.000</ele></trkpt>
      <trkpt lat="22.2319753278" lon="113.9086292958"><ele>209.000</ele></trkpt>
      <trkpt lat="22.2319562168" lon="113.9086312566"><ele>210.000</ele></trkpt>
      <trkpt lat="22.2319406839" lon="113.9086300029"><ele>210.000</ele></trkpt>
      <trkpt lat="22.2319251520" lon="113.9086293913"><ele>211.000</ele></trkpt>
      <trkpt lat="22.2319084159" lon="113.9086230067"><ele>211.000</ele></trkpt>
      <trkpt lat="22.2318868764" lon="113.9086018748"><ele>210.000</ele></trkpt>
      <trkpt lat="22.2318587566" lon="113.9085743390"><ele>210.000</ele></trkpt>
      <trkpt lat="22.2318348160" lon="113.9085461541"><ele>210.000</ele></trkpt>
      <trkpt lat="22.2318072804" lon="113.9085109185"><ele>208.000</ele></trkpt>
      <trkpt lat="22.2317929041" lon="113.9084865643"><ele>210.000</ele></trkpt>
      <trkpt lat="22.2317779256" lon="113.9084590035"><ele>208.000</ele></trkpt>
      <trkpt lat="22.2317617547" lon="113.9084333705"><ele>208.000</ele></trkpt>
      <trkpt lat="22.2317449963" lon="113.9084135128"><ele>208.000</ele></trkpt>
      <trkpt lat="22.2317216734" lon="113.9083968754"><ele>208.000</ele></trkpt>
      <trkpt lat="22.2317061140" lon="113.9083795812"><ele>208.000</ele></trkpt>
      <trkpt lat="22.2316941369" lon="113.9083616399"><ele>209.000</ele></trkpt>
      <trkpt lat="22.2316881249" lon="113.9083379119"><ele>209.000</ele></trkpt>
      <trkpt lat="22.2316803097" lon="113.9083077710"><ele>208.000</ele></trkpt>
      <trkpt lat="22.2316659281" lon="113.9082802091"><ele>208.000</ele></trkpt>
      <trkpt lat="22.2316467749" lon="113.9082571483"><ele>208.000</ele></trkpt>
      <trkpt lat="22.2316240341" lon="113.9082315268"><ele>208.000</ele></trkpt>
      <trkpt lat="22.2315917396" lon="113.9082084911"><ele>208.000</ele></trkpt>
      <trkpt lat="22.2315666254" lon="113.9081931405"><ele>210.000</ele></trkpt>
      <trkpt lat="22.2315391311" lon="113.9081829266"><ele>210.000</ele></trkpt>
      <trkpt lat="22.2315032776" lon="113.9081746540"><ele>208.000</ele></trkpt>
      <trkpt lat="22.2314811666" lon="113.9081689219"><ele>208.000</ele></trkpt>
      <trkpt lat="22.2314590450" lon="113.9081567733"><ele>208.000</ele></trkpt>
      <trkpt lat="22.2314333338" lon="113.9081414238"><ele>208.000</ele></trkpt>
      <trkpt lat="22.2314118038" lon="113.9081260664"><ele>208.000</ele></trkpt>
      <trkpt lat="22.2313920611" lon="113.9081074978"><ele>208.000</ele></trkpt>
      <trkpt lat="22.2313687193" lon="113.9080799531"><ele>209.000</ele></trkpt>
      <trkpt lat="22.2313513756" lon="113.9080671543"><ele>209.000</ele></trkpt>
      <trkpt lat="22.2313232676" lon="113.9080473184"><ele>210.000</ele></trkpt>
      <trkpt lat="22.2312999470" lon="113.9080326055"><ele>210.000</ele></trkpt>
      <trkpt lat="22.2312814181" lon="113.9080255833"><ele>210.000</ele></trkpt>
      <trkpt lat="22.2312628892" lon="113.9080185610"><ele>210.000</ele></trkpt>
      <trkpt lat="22.2312485521" lon="113.9080179472"><ele>210.000</ele></trkpt>
      <trkpt lat="22.2312348119" lon="113.9080173313"><ele>210.000</ele></trkpt>
      <trkpt lat="22.2312186916" lon="113.9080218530"><ele>210.000</ele></trkpt>
      <trkpt lat="22.2312031724" lon="113.9080289412"><ele>210.000</ele></trkpt>
      <trkpt lat="22.2311870616" lon="113.9080392372"><ele>210.000</ele></trkpt>
      <trkpt lat="22.2311721500" lon="113.9080527396"><ele>210.000</ele></trkpt>
      <trkpt lat="22.2311548593" lon="113.9080720199"><ele>210.000</ele></trkpt>
      <trkpt lat="22.2311423383" lon="113.9080861589"><ele>210.000</ele></trkpt>
      <trkpt lat="22.2311280361" lon="113.9081067178"><ele>210.000</ele></trkpt>
      <trkpt lat="22.2311083740" lon="113.9081369109"><ele>212.000</ele></trkpt>
      <trkpt lat="22.2310905151" lon="113.9081741573"><ele>212.000</ele></trkpt>
      <trkpt lat="22.2310750490" lon="113.9082133245"><ele>212.000</ele></trkpt>
      <trkpt lat="22.2310595891" lon="113.9082563415"><ele>212.000</ele></trkpt>
      <trkpt lat="22.2310524533" lon="113.9082756034"><ele>212.000</ele></trkpt>
      <trkpt lat="22.2310387534" lon="113.9082993687"><ele>212.000</ele></trkpt>
      <trkpt lat="22.2310173071" lon="113.9083346975"><ele>212.000</ele></trkpt>
      <trkpt lat="22.2309898933" lon="113.9083732462"><ele>212.000</ele></trkpt>
      <trkpt lat="22.2309726163" lon="113.9084008682"><ele>212.000</ele></trkpt>
      <trkpt lat="22.2309607036" lon="113.9084214215"><ele>212.000</ele></trkpt>
      <trkpt lat="22.2309529827" lon="113.9084483841"><ele>211.000</ele></trkpt>
      <trkpt lat="22.2309506228" lon="113.9084663536"><ele>211.000</ele></trkpt>
      <trkpt lat="22.2309506578" lon="113.9084875262"><ele>210.000</ele></trkpt>
      <trkpt lat="22.2309554706" lon="113.9085080477"><ele>210.000</ele></trkpt>
      <trkpt lat="22.2309656657" lon="113.9085324097"><ele>210.000</ele></trkpt>
      <trkpt lat="22.2309800473" lon="113.9085599714"><ele>210.000</ele></trkpt>
      <trkpt lat="22.2309968397" lon="113.9086010016"><ele>212.000</ele></trkpt>
      <trkpt lat="22.2310130286" lon="113.9086375419"><ele>212.000</ele></trkpt>
      <trkpt lat="22.2310262197" lon="113.9086676725"><ele>212.000</ele></trkpt>
      <trkpt lat="22.2310346285" lon="113.9086958868"><ele>214.000</ele></trkpt>
      <trkpt lat="22.2310382593" lon="113.9087241102"><ele>214.000</ele></trkpt>
      <trkpt lat="22.2310371439" lon="113.9087722330"><ele>214.000</ele></trkpt>
      <trkpt lat="22.2310377988" lon="113.9088068785"><ele>214.000</ele></trkpt>
      <trkpt lat="22.2310450340" lon="113.9088479269"><ele>214.000</ele></trkpt>
      <trkpt lat="22.2310528512" lon="113.9088793510"><ele>213.000</ele></trkpt>
      <trkpt lat="22.2310618600" lon="113.9089088475"><ele>213.000</ele></trkpt>
      <trkpt lat="22.2310624876" lon="113.9089274524"><ele>212.000</ele></trkpt>
      <trkpt lat="22.2310589254" lon="113.9089402910"><ele>212.000</ele></trkpt>
      <trkpt lat="22.2310493822" lon="113.9089492922"><ele>212.000</ele></trkpt>
      <trkpt lat="22.2310314776" lon="113.9089583082"><ele>212.000</ele></trkpt>
      <trkpt lat="22.2310135710" lon="113.9089666831"><ele>212.000</ele></trkpt>
      <trkpt lat="22.2309968613" lon="113.9089763390"><ele>212.000</ele></trkpt>
      <trkpt lat="22.2309801600" lon="113.9089911279"><ele>212.000</ele></trkpt>
      <trkpt lat="22.2309652547" lon="113.9090084791"><ele>212.000</ele></trkpt>
      <trkpt lat="22.2309497543" lon="113.9090264735"><ele>212.000</ele></trkpt>
      <trkpt lat="22.2309372395" lon="113.9090444623"><ele>212.000</ele></trkpt>
      <trkpt lat="22.2309259205" lon="113.9090630899"><ele>210.000</ele></trkpt>
      <trkpt lat="22.2309175983" lon="113.9090874871"><ele>210.000</ele></trkpt>
      <trkpt lat="22.2309110762" lon="113.9091170121"><ele>212.000</ele></trkpt>
      <trkpt lat="22.2309045657" lon="113.9091535965"><ele>212.000</ele></trkpt>
      <trkpt lat="22.2309010343" lon="113.9091856833"><ele>212.000</ele></trkpt>
      <trkpt lat="22.2308987145" lon="113.9092280331"><ele>214.000</ele></trkpt>
      <trkpt lat="22.2308952157" lon="113.9092800093"><ele>214.000</ele></trkpt>
      <trkpt lat="22.2308887326" lon="113.9093332754"><ele>214.000</ele></trkpt>
      <trkpt lat="22.2308876096" lon="113.9093769062"><ele>213.000</ele></trkpt>
      <trkpt lat="22.2308918413" lon="113.9094070528"><ele>213.000</ele></trkpt>
      <trkpt lat="22.2309014363" lon="113.9094301328"><ele>214.000</ele></trkpt>
      <trkpt lat="22.2309152135" lon="113.9094532047"><ele>214.000</ele></trkpt>
      <trkpt lat="22.2309236138" lon="113.9094762859"><ele>214.000</ele></trkpt>
      <trkpt lat="22.2309326214" lon="113.9095051412"><ele>212.000</ele></trkpt>
      <trkpt lat="22.2309356552" lon="113.9095340069"><ele>212.000</ele></trkpt>
      <trkpt lat="22.2309356890" lon="113.9095545384"><ele>212.000</ele></trkpt>
      <trkpt lat="22.2309297393" lon="113.9095686648"><ele>212.000</ele></trkpt>
      <trkpt lat="22.2309196013" lon="113.9095789503"><ele>212.000</ele></trkpt>
      <trkpt lat="22.2309052694" lon="113.9095815431"><ele>212.000</ele></trkpt>
      <trkpt lat="22.2308861512" lon="113.9095796549"><ele>210.000</ele></trkpt>
      <trkpt lat="22.2308718036" lon="113.9095726245"><ele>210.000</ele></trkpt>
      <trkpt lat="22.2308460978" lon="113.9095604825"><ele>212.000</ele></trkpt>
      <trkpt lat="22.2308084402" lon="113.9095451555"><ele>212.000</ele></trkpt>
      <trkpt lat="22.2307815354" lon="113.9095298081"><ele>212.000</ele></trkpt>
      <trkpt lat="22.2307522390" lon="113.9095138241"><ele>212.000</ele></trkpt>
      <trkpt lat="22.2307253248" lon="113.9094933436"><ele>210.000</ele></trkpt>
      <trkpt lat="22.2306936294" lon="113.9094709478"><ele>213.000</ele></trkpt>
      <trkpt lat="22.2306714952" lon="113.9094511004"><ele>213.000</ele></trkpt>
      <trkpt lat="22.2306445789" lon="113.9094293366"><ele>214.000</ele></trkpt>
      <trkpt lat="22.2306344070" lon="113.9094184485"><ele>214.000</ele></trkpt>
      <trkpt lat="22.2306014884" lon="113.9093793734"><ele>210.000</ele></trkpt>
      <trkpt lat="22.2305763541" lon="113.9093511909"><ele>210.000</ele></trkpt>
      <trkpt lat="22.2305512272" lon="113.9093274993"><ele>209.000</ele></trkpt>
      <trkpt lat="22.2305255066" lon="113.9093063755"><ele>210.000</ele></trkpt>
      <trkpt lat="22.2305099505" lon="113.9092910066"><ele>208.000</ele></trkpt>
      <trkpt lat="22.2304967733" lon="113.9092692169"><ele>208.000</ele></trkpt>
      <trkpt lat="22.2304782160" lon="113.9092448718"><ele>207.000</ele></trkpt>
      <trkpt lat="22.2304440921" lon="113.9091993826"><ele>206.000</ele></trkpt>
      <trkpt lat="22.2304201419" lon="113.9091647815"><ele>208.000</ele></trkpt>
      <trkpt lat="22.2304009677" lon="113.9091288881"><ele>206.000</ele></trkpt>
      <trkpt lat="22.2303704099" lon="113.9090718446"><ele>206.000</ele></trkpt>
      <trkpt lat="22.2303428142" lon="113.9090000374"><ele>206.000</ele></trkpt>
      <trkpt lat="22.2303146281" lon="113.9089327233"><ele>206.000</ele></trkpt>
      <trkpt lat="22.2302894218" lon="113.9088609116"><ele>206.000</ele></trkpt>
      <trkpt lat="22.2302696105" lon="113.9088006392"><ele>206.000</ele></trkpt>
      <trkpt lat="22.2302479822" lon="113.9087256130"><ele>206.000</ele></trkpt>
      <trkpt lat="22.2302377364" lon="113.9086704555"><ele>205.000</ele></trkpt>
      <trkpt lat="22.2302311234" lon="113.9086448035"><ele>203.000</ele></trkpt>
      <trkpt lat="22.2302179535" lon="113.9086275058"><ele>203.000</ele></trkpt>
      <trkpt lat="22.2301988036" lon="113.9086063697"><ele>204.000</ele></trkpt>
      <trkpt lat="22.2301641046" lon="113.9085737136"><ele>204.000</ele></trkpt>
      <trkpt lat="22.2301258216" lon="113.9085417065"><ele>203.000</ele></trkpt>
      <trkpt lat="22.2300893227" lon="113.9085045639"><ele>202.000</ele></trkpt>
      <trkpt lat="22.2300587933" lon="113.9084648425"><ele>200.000</ele></trkpt>
      <trkpt lat="22.2300133098" lon="113.9084129598"><ele>200.000</ele></trkpt>
      <trkpt lat="22.2299720276" lon="113.9083732599"><ele>198.000</ele></trkpt>
      <trkpt lat="22.2299415056" lon="113.9083380294"><ele>200.000</ele></trkpt>
      <trkpt lat="22.2299205471" lon="113.9083072727"><ele>200.000</ele></trkpt>
      <trkpt lat="22.2298983906" lon="113.9082739518"><ele>198.000</ele></trkpt>
      <trkpt lat="22.2298792118" lon="113.9082348509"><ele>200.000</ele></trkpt>
      <trkpt lat="22.2298606225" lon="113.9081912580"><ele>198.000</ele></trkpt>
      <trkpt lat="22.2298402067" lon="113.9081271372"><ele>196.000</ele></trkpt>
      <trkpt lat="22.2298251572" lon="113.9080565898"><ele>194.000</ele></trkpt>
      <trkpt lat="22.2298148835" lon="113.9079847510"><ele>198.000</ele></trkpt>
      <trkpt lat="22.2298052067" lon="113.9079129110"><ele>198.000</ele></trkpt>
      <trkpt lat="22.2297979341" lon="113.9078494064"><ele>198.000</ele></trkpt>
      <trkpt lat="22.2297870911" lon="113.9077942493"><ele>197.000</ele></trkpt>
      <trkpt lat="22.2297672614" lon="113.9077237120"><ele>197.000</ele></trkpt>
      <trkpt lat="22.2297480592" lon="113.9076704963"><ele>198.000</ele></trkpt>
      <trkpt lat="22.2297360351" lon="113.9076236823"><ele>198.000</ele></trkpt>
      <trkpt lat="22.2297156223" lon="113.9075614870"><ele>195.000</ele></trkpt>
      <trkpt lat="22.2296970126" lon="113.9075057036"><ele>196.000</ele></trkpt>
      <trkpt lat="22.2296837162" lon="113.9074120561"><ele>196.000</ele></trkpt>
      <trkpt lat="22.2296782214" lon="113.9073408485"><ele>192.000</ele></trkpt>
      <trkpt lat="22.2296775235" lon="113.9072798988"><ele>191.000</ele></trkpt>
      <trkpt lat="22.2296816249" lon="113.9072317708"><ele>192.000</ele></trkpt>
      <trkpt lat="22.2296803291" lon="113.9071708222"><ele>192.000</ele></trkpt>
      <trkpt lat="22.2296778131" lon="113.9070944768"><ele>192.000</ele></trkpt>
      <trkpt lat="22.2296723063" lon="113.9070155706"><ele>190.000</ele></trkpt>
      <trkpt lat="22.2296649907" lon="113.9069264036"><ele>190.000</ele></trkpt>
      <trkpt lat="22.2296636767" lon="113.9068545468"><ele>190.000</ele></trkpt>
      <trkpt lat="22.2296683503" lon="113.9067910204"><ele>190.000</ele></trkpt>
      <trkpt lat="22.2296813904" lon="113.9067300434"><ele>189.000</ele></trkpt>
      <trkpt lat="22.2297111188" lon="113.9066465787"><ele>189.000</ele></trkpt>
      <trkpt lat="22.2297515925" lon="113.9065592445"><ele>190.000</ele></trkpt>
      <trkpt lat="22.2297902745" lon="113.9064719128"><ele>190.000</ele></trkpt>
      <trkpt lat="22.2298283299" lon="113.9063672595"><ele>190.000</ele></trkpt>
      <trkpt lat="22.2298526800" lon="113.9062825226"><ele>188.000</ele></trkpt>
      <trkpt lat="22.2298615462" lon="113.9062260445"><ele>185.000</ele></trkpt>
      <trkpt lat="22.2298697943" lon="113.9061573780"><ele>184.000</ele></trkpt>
      <trkpt lat="22.2298649020" lon="113.9060887367"><ele>185.000</ele></trkpt>
      <trkpt lat="22.2298606377" lon="113.9060393413"><ele>186.000</ele></trkpt>
      <trkpt lat="22.2298498314" lon="113.9060066411"><ele>186.000</ele></trkpt>
      <trkpt lat="22.2298240976" lon="113.9059778183"><ele>186.000</ele></trkpt>
      <trkpt lat="22.2297930080" lon="113.9059605553"><ele>183.000</ele></trkpt>
      <trkpt lat="22.2297601389" lon="113.9059516356"><ele>186.000</ele></trkpt>
      <trkpt lat="22.2297320657" lon="113.9059523316"><ele>183.000</ele></trkpt>
      <trkpt lat="22.2297045981" lon="113.9059587998"><ele>181.000</ele></trkpt>
      <trkpt lat="22.2296670030" lon="113.9059806866"><ele>182.000</ele></trkpt>
      <trkpt lat="22.2296168776" lon="113.9060115795"><ele>183.000</ele></trkpt>
      <trkpt lat="22.2295428997" lon="113.9060668992"><ele>180.000</ele></trkpt>
      <trkpt lat="22.2294969574" lon="113.9060984251"><ele>180.000</ele></trkpt>
      <trkpt lat="22.2294593584" lon="113.9061190286"><ele>180.000</ele></trkpt>
      <trkpt lat="22.2294199600" lon="113.9061345025"><ele>180.000</ele></trkpt>
      <trkpt lat="22.2293715919" lon="113.9061442194"><ele>180.000</ele></trkpt>
      <trkpt lat="22.2293226143" lon="113.9061468800"><ele>179.000</ele></trkpt>
      <trkpt lat="22.2292431621" lon="113.9061431827"><ele>178.000</ele></trkpt>
      <trkpt lat="22.2291959664" lon="113.9061394235"><ele>177.000</ele></trkpt>
      <trkpt lat="22.2291368231" lon="113.9061356873"><ele>177.000</ele></trkpt>
      <trkpt lat="22.2291021632" lon="113.9061267719"><ele>176.000</ele></trkpt>
      <trkpt lat="22.2290722803" lon="113.9061172053"><ele>176.000</ele></trkpt>
      <trkpt lat="22.2290345979" lon="113.9060871224"><ele>174.000</ele></trkpt>
      <trkpt lat="22.2289771788" lon="113.9060423213"><ele>174.000</ele></trkpt>
      <trkpt lat="22.2289185832" lon="113.9060084298"><ele>173.000</ele></trkpt>
      <trkpt lat="22.2288552321" lon="113.9059886623"><ele>173.000</ele></trkpt>
      <trkpt lat="22.2287835037" lon="113.9059599281"><ele>170.000</ele></trkpt>
      <trkpt lat="22.2287476556" lon="113.9059555061"><ele>170.000</ele></trkpt>
      <trkpt lat="22.2287058497" lon="113.9059600773"><ele>167.000</ele></trkpt>
      <trkpt lat="22.2286580721" lon="113.9059659433"><ele>166.000</ele></trkpt>
      <trkpt lat="22.2286001405" lon="113.9059718288"><ele>164.000</ele></trkpt>
      <trkpt lat="22.2285326339" lon="113.9059674675"><ele>160.000</ele></trkpt>
      <trkpt lat="22.2284663209" lon="113.9059624619"><ele>158.000</ele></trkpt>
      <trkpt lat="22.2283552200" lon="113.9059652418"><ele>154.000</ele></trkpt>
      <trkpt lat="22.2282895209" lon="113.9059698589"><ele>152.000</ele></trkpt>
      <trkpt lat="22.2282869566" lon="113.9059549265"><ele>152.000</ele></trkpt>
      <trkpt lat="22.2282614162" lon="113.9057628841"><ele>145.000</ele></trkpt>
      <trkpt lat="22.2282358756" lon="113.9055708418"><ele>137.000</ele></trkpt>
      <trkpt lat="22.2282168117" lon="113.9054274999"><ele>129.000</ele></trkpt>
      <trkpt lat="22.2281822987" lon="113.9053951813"><ele>128.000</ele></trkpt>
      <trkpt lat="22.2280017017" lon="113.9053926763"><ele>122.000</ele></trkpt>
      <trkpt lat="22.2278893901" lon="113.9053911185"><ele>114.000</ele></trkpt>
      <trkpt lat="22.2277385475" lon="113.9053405181"><ele>110.000</ele></trkpt>
      <trkpt lat="22.2276072463" lon="113.9052073123"><ele>106.000</ele></trkpt>
      <trkpt lat="22.2275121140" lon="113.9051108002"><ele>106.000</ele></trkpt>
      <trkpt lat="22.2274667201" lon="113.9050634549"><ele>104.000</ele></trkpt>
      <trkpt lat="22.2273472121" lon="113.9049180040"><ele>94.000</ele></trkpt>
      <trkpt lat="22.2272465952" lon="113.9047955455"><ele>98.000</ele></trkpt>
      <trkpt lat="22.2271311928" lon="113.9046463190"><ele>98.000</ele></trkpt>
      <trkpt lat="22.2270393926" lon="113.9045276128"><ele>96.000</ele></trkpt>
      <trkpt lat="22.2269313004" lon="113.9043721997"><ele>92.000</ele></trkpt>
      <trkpt lat="22.2268232080" lon="113.9042167868"><ele>90.000</ele></trkpt>
      <trkpt lat="22.2268134297" lon="113.9042027278"><ele>88.000</ele></trkpt>
      <trkpt lat="22.2267945916" lon="113.9041939522"><ele>88.000</ele></trkpt>
      <trkpt lat="22.2267140881" lon="113.9041670191"><ele>76.000</ele></trkpt>
    </trkseg>
  </trk>
</gpx>
