<?xml version="1.0" encoding="UTF-8"?>
<gpx xmlns:xsi="http://www.w3.org/2001/XMLSchema-instance"
     xsi:schemaLocation="http://www.topografix.com/GPX/1/1 http://www.topografix.com/GPX/1/1/gpx.xsd"
     version="1.1" creator="json3d_batch_to_gpx"
     xmlns="http://www.topografix.com/GPX/1/1">
  <metadata>
    <name>CheungSheungCountryTrail</name>
  </metadata>
  <trk>
    <name>CheungSheungCountryTrail</name>
    <type>hike</type>
    <trkseg>
      <trkpt lat="22.4365479459" lon="114.3260338662"><ele>90.000</ele></trkpt>
      <trkpt lat="22.4365633182" lon="114.3260086104"><ele>95.000</ele></trkpt>
      <trkpt lat="22.4365926289" lon="114.3259630206"><ele>100.000</ele></trkpt>
      <trkpt lat="22.4366028602" lon="114.3258801432"><ele>100.000</ele></trkpt>
      <trkpt lat="22.4366088880" lon="114.3258203926"><ele>100.000</ele></trkpt>
      <trkpt lat="22.4366399118" lon="114.3258609062"><ele>100.000</ele></trkpt>
      <trkpt lat="22.4366488575" lon="114.3258763368"><ele>100.000</ele></trkpt>
      <trkpt lat="22.4366596018" lon="114.3258853445"><ele>100.000</ele></trkpt>
      <trkpt lat="22.4366709509" lon="114.3258847136"><ele>100.000</ele></trkpt>
      <trkpt lat="22.4366805129" lon="114.3258802262"><ele>102.000</ele></trkpt>
      <trkpt lat="22.4366996403" lon="114.3258654676"><ele>102.000</ele></trkpt>
      <trkpt lat="22.4367235517" lon="114.3258462165"><ele>104.000</ele></trkpt>
      <trkpt lat="22.4367516475" lon="114.3258224722"><ele>104.000</ele></trkpt>
      <trkpt lat="22.4367827311" lon="114.3257980891"><ele>104.000</ele></trkpt>
      <trkpt lat="22.4367976766" lon="114.3257852542"><ele>102.000</ele></trkpt>
      <trkpt lat="22.4368114276" lon="114.3257711320"><ele>100.000</ele></trkpt>
      <trkpt lat="22.4368245847" lon="114.3257537976"><ele>100.000</ele></trkpt>
      <trkpt lat="22.4368395385" lon="114.3257319676"><ele>102.000</ele></trkpt>
      <trkpt lat="22.4368550827" lon="114.3257172051"><ele>100.000</ele></trkpt>
      <trkpt lat="22.4368754034" lon="114.3257050181"><ele>100.000</ele></trkpt>
      <trkpt lat="22.4369004961" lon="114.3256992621"><ele>101.000</ele></trkpt>
      <trkpt lat="22.4369303631" lon="114.3256986519"><ele>101.000</ele></trkpt>
      <trkpt lat="22.4369578376" lon="114.3257012515"><ele>102.000</ele></trkpt>
      <trkpt lat="22.4369823240" lon="114.3257057753"><ele>102.000</ele></trkpt>
      <trkpt lat="22.4370086020" lon="114.3257103009"><ele>102.000</ele></trkpt>
      <trkpt lat="22.4370324947" lon="114.3257103264"><ele>102.000</ele></trkpt>
      <trkpt lat="22.4370540037" lon="114.3257052087"><ele>102.000</ele></trkpt>
      <trkpt lat="22.4370719319" lon="114.3256962325"><ele>102.000</ele></trkpt>
      <trkpt lat="22.4370988347" lon="114.3256705596"><ele>104.000</ele></trkpt>
      <trkpt lat="22.4371191596" lon="114.3256538740"><ele>104.000</ele></trkpt>
      <trkpt lat="22.4371430706" lon="114.3256339807"><ele>106.000</ele></trkpt>
      <trkpt lat="22.4371753495" lon="114.3256089556"><ele>106.000</ele></trkpt>
      <trkpt lat="22.4372153949" lon="114.3255826546"><ele>111.000</ele></trkpt>
      <trkpt lat="22.4372422920" lon="114.3255640487"><ele>111.000</ele></trkpt>
      <trkpt lat="22.4372644109" lon="114.3255447955"><ele>112.000</ele></trkpt>
      <trkpt lat="22.4372775626" lon="114.3255332439"><ele>112.000</ele></trkpt>
      <trkpt lat="22.4372889174" lon="114.3255274732"><ele>112.000</ele></trkpt>
      <trkpt lat="22.4373026583" lon="114.3255242754"><ele>112.000</ele></trkpt>
      <trkpt lat="22.4373175911" lon="114.3255242913"><ele>112.000</ele></trkpt>
      <trkpt lat="22.4373325253" lon="114.3255236641"><ele>112.000</ele></trkpt>
      <trkpt lat="22.4373498469" lon="114.3255243256"><ele>112.000</ele></trkpt>
      <trkpt lat="22.4373671741" lon="114.3255198455"><ele>112.000</ele></trkpt>
      <trkpt lat="22.4373809192" lon="114.3255121500"><ele>112.000</ele></trkpt>
      <trkpt lat="22.4373916824" lon="114.3255005959"><ele>112.000</ele></trkpt>
      <trkpt lat="22.4374030404" lon="114.3254903265"><ele>115.000</ele></trkpt>
      <trkpt lat="22.4374120087" lon="114.3254813408"><ele>115.000</ele></trkpt>
      <trkpt lat="22.4374221705" lon="114.3254736405"><ele>115.000</ele></trkpt>
      <trkpt lat="22.4374389023" lon="114.3254665903"><ele>115.000</ele></trkpt>
      <trkpt lat="22.4374604177" lon="114.3254544055"><ele>115.000</ele></trkpt>
      <trkpt lat="22.4374819316" lon="114.3254428618"><ele>116.000</ele></trkpt>
      <trkpt lat="22.4374956829" lon="114.3254293835"><ele>116.000</ele></trkpt>
      <trkpt lat="22.4375070456" lon="114.3254139744"><ele>116.000</ele></trkpt>
      <trkpt lat="22.4375214057" lon="114.3253876449"><ele>118.000</ele></trkpt>
      <trkpt lat="22.4375387595" lon="114.3253542506"><ele>119.000</ele></trkpt>
      <trkpt lat="22.4375525199" lon="114.3253298478"><ele>120.000</ele></trkpt>
      <trkpt lat="22.4375650795" lon="114.3253131548"><ele>120.000</ele></trkpt>
      <trkpt lat="22.4375752472" lon="114.3252990296"><ele>123.000</ele></trkpt>
      <trkpt lat="22.4375925841" lon="114.3252829847"><ele>123.000</ele></trkpt>
      <trkpt lat="22.4376111129" lon="114.3252701536"><ele>123.000</ele></trkpt>
      <trkpt lat="22.4376320334" lon="114.3252547546"><ele>123.000</ele></trkpt>
      <trkpt lat="22.4376541498" lon="114.3252380718"><ele>126.000</ele></trkpt>
      <trkpt lat="22.4376696975" lon="114.3252194536"><ele>124.000</ele></trkpt>
      <trkpt lat="22.4376792707" lon="114.3252027574"><ele>126.000</ele></trkpt>
      <trkpt lat="22.4376840616" lon="114.3251886265"><ele>126.000</ele></trkpt>
      <trkpt lat="22.4376858689" lon="114.3251725651"><ele>126.000</ele></trkpt>
      <trkpt lat="22.4376847008" lon="114.3251436487"><ele>126.000</ele></trkpt>
      <trkpt lat="22.4376835544" lon="114.3250909579"><ele>128.000</ele></trkpt>
      <trkpt lat="22.4376800275" lon="114.3250286272"><ele>128.000</ele></trkpt>
      <trkpt lat="22.4376771018" lon="114.3249624415"><ele>128.000</ele></trkpt>
      <trkpt lat="22.4376753467" lon="114.3249226010"><ele>130.000</ele></trkpt>
      <trkpt lat="22.4376789536" lon="114.3248969031"><ele>130.000</ele></trkpt>
      <trkpt lat="22.4376855548" lon="114.3248634973"><ele>130.000</ele></trkpt>
      <trkpt lat="22.4376885626" lon="114.3248410112"><ele>130.000</ele></trkpt>
      <trkpt lat="22.4376879954" lon="114.3248075978"><ele>130.000</ele></trkpt>
      <trkpt lat="22.4376922060" lon="114.3247754747"><ele>130.000</ele></trkpt>
      <trkpt lat="22.4376946172" lon="114.3247517028"><ele>130.000</ele></trkpt>
      <trkpt lat="22.4376940374" lon="114.3247330675"><ele>130.000</ele></trkpt>
      <trkpt lat="22.4376856949" lon="114.3247105695"><ele>132.000</ele></trkpt>
      <trkpt lat="22.4376707892" lon="114.3246809964"><ele>132.000</ele></trkpt>
      <trkpt lat="22.4376564775" lon="114.3246546365"><ele>132.000</ele></trkpt>
      <trkpt lat="22.4376427586" lon="114.3246327758"><ele>132.000</ele></trkpt>
      <trkpt lat="22.4376350063" lon="114.3246186316"><ele>132.000</ele></trkpt>
      <trkpt lat="22.4376314424" lon="114.3245974228"><ele>132.000</ele></trkpt>
      <trkpt lat="22.4376242946" lon="114.3245749260"><ele>132.000</ele></trkpt>
      <trkpt lat="22.4376129687" lon="114.3245492123"><ele>134.000</ele></trkpt>
      <trkpt lat="22.4376064211" lon="114.3245241458"><ele>136.000</ele></trkpt>
      <trkpt lat="22.4376088335" lon="114.3244990887"><ele>136.000</ele></trkpt>
      <trkpt lat="22.4376124353" lon="114.3244798158"><ele>136.000</ele></trkpt>
      <trkpt lat="22.4376202228" lon="114.3244554075"><ele>136.000</ele></trkpt>
      <trkpt lat="22.4376303970" lon="114.3244342142"><ele>136.000</ele></trkpt>
      <trkpt lat="22.4376357969" lon="114.3244078752"><ele>136.000</ele></trkpt>
      <trkpt lat="22.4376364178" lon="114.3243815311"><ele>136.000</ele></trkpt>
      <trkpt lat="22.4376340560" lon="114.3243513282"><ele>136.000</ele></trkpt>
      <trkpt lat="22.4376269167" lon="114.3243204783"><ele>136.000</ele></trkpt>
      <trkpt lat="22.4376102231" lon="114.3242857627"><ele>138.000</ele></trkpt>
      <trkpt lat="22.4375959102" lon="114.3242606889"><ele>138.000</ele></trkpt>
      <trkpt lat="22.4375833842" lon="114.3242407559"><ele>138.000</ele></trkpt>
      <trkpt lat="22.4375726502" lon="114.3242214678"><ele>140.000</ele></trkpt>
      <trkpt lat="22.4375637060" lon="114.3242041098"><ele>140.000</ele></trkpt>
      <trkpt lat="22.4375511730" lon="114.3241918879"><ele>140.000</ele></trkpt>
      <trkpt lat="22.4375374414" lon="114.3241848053"><ele>140.000</ele></trkpt>
      <trkpt lat="22.4375153456" lon="114.3241789992"><ele>140.000</ele></trkpt>
      <trkpt lat="22.4375004190" lon="114.3241712733"><ele>140.000</ele></trkpt>
      <trkpt lat="22.4374807191" lon="114.3241584007"><ele>140.000</ele></trkpt>
      <trkpt lat="22.4374610239" lon="114.3241403884"><ele>140.000</ele></trkpt>
      <trkpt lat="22.4374431215" lon="114.3241210937"><ele>140.000</ele></trkpt>
      <trkpt lat="22.4374282093" lon="114.3240985888"><ele>141.000</ele></trkpt>
      <trkpt lat="22.4374138963" lon="114.3240735141"><ele>142.000</ele></trkpt>
      <trkpt lat="22.4373971927" lon="114.3240497221"><ele>142.000</ele></trkpt>
      <trkpt lat="22.4373798869" lon="114.3240317123"><ele>145.000</ele></trkpt>
      <trkpt lat="22.4373566099" lon="114.3240111259"><ele>145.000</ele></trkpt>
      <trkpt lat="22.4373363250" lon="114.3239841176"><ele>148.000</ele></trkpt>
      <trkpt lat="22.4373100739" lon="114.3239500351"><ele>148.000</ele></trkpt>
      <trkpt lat="22.4373005336" lon="114.3239307484"><ele>148.000</ele></trkpt>
      <trkpt lat="22.4372898066" lon="114.3239037493"><ele>148.000</ele></trkpt>
      <trkpt lat="22.4372766889" lon="114.3238780338"><ele>149.000</ele></trkpt>
      <trkpt lat="22.4372623735" lon="114.3238555296"><ele>149.000</ele></trkpt>
      <trkpt lat="22.4372402994" lon="114.3238259492"><ele>149.000</ele></trkpt>
      <trkpt lat="22.4372188268" lon="114.3237912287"><ele>152.000</ele></trkpt>
      <trkpt lat="22.4372051081" lon="114.3237700102"><ele>150.000</ele></trkpt>
      <trkpt lat="22.4371872103" lon="114.3237455740"><ele>152.000</ele></trkpt>
      <trkpt lat="22.4371627484" lon="114.3237140638"><ele>150.000</ele></trkpt>
      <trkpt lat="22.4371436609" lon="114.3236851287"><ele>152.000</ele></trkpt>
      <trkpt lat="22.4371287495" lon="114.3236606966"><ele>152.000</ele></trkpt>
      <trkpt lat="22.4371162339" lon="114.3236291980"><ele>151.000</ele></trkpt>
      <trkpt lat="22.4371037222" lon="114.3235944870"><ele>152.000</ele></trkpt>
      <trkpt lat="22.4370906202" lon="114.3235514232"><ele>154.000</ele></trkpt>
      <trkpt lat="22.4370727457" lon="114.3235012854"><ele>154.000</ele></trkpt>
      <trkpt lat="22.4370620192" lon="114.3234736443"><ele>154.000</ele></trkpt>
      <trkpt lat="22.4370584537" lon="114.3234530787"><ele>154.000</ele></trkpt>
      <trkpt lat="22.4370584764" lon="114.3234280192"><ele>154.000</ele></trkpt>
      <trkpt lat="22.4370597050" lon="114.3233907533"><ele>156.000</ele></trkpt>
      <trkpt lat="22.4370627298" lon="114.3233483476"><ele>156.000</ele></trkpt>
      <trkpt lat="22.4370669447" lon="114.3233110848"><ele>156.000</ele></trkpt>
      <trkpt lat="22.4370705586" lon="114.3232783180"><ele>158.000</ele></trkpt>
      <trkpt lat="22.4370711899" lon="114.3232404084"><ele>159.000</ele></trkpt>
      <trkpt lat="22.4370712284" lon="114.3231980005"><ele>160.000</ele></trkpt>
      <trkpt lat="22.4370724662" lon="114.3231504532"><ele>160.000</ele></trkpt>
      <trkpt lat="22.4370725023" lon="114.3231106147"><ele>160.000</ele></trkpt>
      <trkpt lat="22.4370716802" lon="114.3230620685"><ele>162.000</ele></trkpt>
      <trkpt lat="22.4370678964" lon="114.3230352459"><ele>162.000</ele></trkpt>
      <trkpt lat="22.4370611685" lon="114.3230074875"><ele>162.000</ele></trkpt>
      <trkpt lat="22.4370508448" lon="114.3229746790"><ele>162.000</ele></trkpt>
      <trkpt lat="22.4370367076" lon="114.3229397905"><ele>164.000</ele></trkpt>
      <trkpt lat="22.4370337261" lon="114.3229124733"><ele>164.000</ele></trkpt>
      <trkpt lat="22.4370320745" lon="114.3229004591"><ele>164.000</ele></trkpt>
      <trkpt lat="22.4370279143" lon="114.3228773225"><ele>164.000</ele></trkpt>
      <trkpt lat="22.4370273351" lon="114.3228567610"><ele>165.000</ele></trkpt>
      <trkpt lat="22.4370273560" lon="114.3228336288"><ele>165.000</ele></trkpt>
      <trkpt lat="22.4370279788" lon="114.3228059997"><ele>166.000</ele></trkpt>
      <trkpt lat="22.4370315952" lon="114.3227693783"><ele>166.000</ele></trkpt>
      <trkpt lat="22.4370346109" lon="114.3227378971"><ele>166.000</ele></trkpt>
      <trkpt lat="22.4370340566" lon="114.3226897048"><ele>168.000</ele></trkpt>
      <trkpt lat="22.4370352984" lon="114.3226376599"><ele>169.000</ele></trkpt>
      <trkpt lat="22.4370377325" lon="114.3225881865"><ele>170.000</ele></trkpt>
      <trkpt lat="22.4370407858" lon="114.3225149385"><ele>170.000</ele></trkpt>
      <trkpt lat="22.4370414198" lon="114.3224738164"><ele>172.000</ele></trkpt>
      <trkpt lat="22.4370450446" lon="114.3224288420"><ele>172.000</ele></trkpt>
      <trkpt lat="22.4370468710" lon="114.3223902905"><ele>172.000</ele></trkpt>
      <trkpt lat="22.4370481010" lon="114.3223510963"><ele>172.000</ele></trkpt>
      <trkpt lat="22.4370451425" lon="114.3223202509"><ele>174.000</ele></trkpt>
      <trkpt lat="22.4370409903" lon="114.3222881191"><ele>176.000</ele></trkpt>
      <trkpt lat="22.4370356356" lon="114.3222636962"><ele>176.000</ele></trkpt>
      <trkpt lat="22.4370201345" lon="114.3222309105"><ele>174.000</ele></trkpt>
      <trkpt lat="22.4370034385" lon="114.3221994077"><ele>174.000</ele></trkpt>
      <trkpt lat="22.4369795790" lon="114.3221614726"><ele>175.000</ele></trkpt>
      <trkpt lat="22.4369628856" lon="114.3221261153"><ele>178.000</ele></trkpt>
      <trkpt lat="22.4369449983" lon="114.3220907568"><ele>180.000</ele></trkpt>
      <trkpt lat="22.4369342729" lon="114.3220605454"><ele>180.000</ele></trkpt>
      <trkpt lat="22.4369277399" lon="114.3220187728"><ele>180.000</ele></trkpt>
      <trkpt lat="22.4369200116" lon="114.3219776421"><ele>181.000</ele></trkpt>
      <trkpt lat="22.4369164690" lon="114.3219313750"><ele>182.000</ele></trkpt>
      <trkpt lat="22.4369170968" lon="114.3218979630"><ele>184.000</ele></trkpt>
      <trkpt lat="22.4369207052" lon="114.3218709791"><ele>184.000</ele></trkpt>
      <trkpt lat="22.4369261018" lon="114.3218478535"><ele>184.000</ele></trkpt>
      <trkpt lat="22.4369422489" lon="114.3218260232"><ele>184.000</ele></trkpt>
      <trkpt lat="22.4369560080" lon="114.3218035484"><ele>184.000</ele></trkpt>
      <trkpt lat="22.4369596106" lon="114.3217829913"><ele>184.000</ele></trkpt>
      <trkpt lat="22.4369590347" lon="114.3217585733"><ele>184.000</ele></trkpt>
      <trkpt lat="22.4369530920" lon="114.3217251545"><ele>186.000</ele></trkpt>
      <trkpt lat="22.4369459646" lon="114.3216795268"><ele>186.000</ele></trkpt>
      <trkpt lat="22.4369394148" lon="114.3216563878"><ele>186.000</ele></trkpt>
      <trkpt lat="22.4369322637" lon="114.3216371037"><ele>186.000</ele></trkpt>
      <trkpt lat="22.4369167545" lon="114.3216133133"><ele>186.000</ele></trkpt>
      <trkpt lat="22.4368988596" lon="114.3215863080"><ele>188.000</ele></trkpt>
      <trkpt lat="22.4368875222" lon="114.3215728024"><ele>188.000</ele></trkpt>
      <trkpt lat="22.4368809632" lon="114.3215599448"><ele>190.000</ele></trkpt>
      <trkpt lat="22.4368779901" lon="114.3215451637"><ele>190.000</ele></trkpt>
      <trkpt lat="22.4368762119" lon="114.3215290976"><ele>190.000</ele></trkpt>
      <trkpt lat="22.4368750345" lon="114.3215098197"><ele>189.000</ele></trkpt>
      <trkpt lat="22.4368726669" lon="114.3214854009"><ele>189.000</ele></trkpt>
      <trkpt lat="22.4368631428" lon="114.3214487660"><ele>188.000</ele></trkpt>
      <trkpt lat="22.4368494422" lon="114.3214069860"><ele>192.000</ele></trkpt>
      <trkpt lat="22.4368333546" lon="114.3213613481"><ele>192.000</ele></trkpt>
      <trkpt lat="22.4368196419" lon="114.3213330620"><ele>192.000</ele></trkpt>
      <trkpt lat="22.4368041327" lon="114.3213092716"><ele>194.000</ele></trkpt>
      <trkpt lat="22.4367993658" lon="114.3212957729"><ele>194.000</ele></trkpt>
      <trkpt lat="22.4367993814" lon="114.3212784245"><ele>194.000</ele></trkpt>
      <trkpt lat="22.4368005956" lon="114.3212565787"><ele>194.000</ele></trkpt>
      <trkpt lat="22.4367946467" lon="114.3212289428"><ele>194.000</ele></trkpt>
      <trkpt lat="22.4367898923" lon="114.3212025942"><ele>194.000</ele></trkpt>
      <trkpt lat="22.4367887133" lon="114.3211839585"><ele>194.000</ele></trkpt>
      <trkpt lat="22.4367941107" lon="114.3211608329"><ele>196.000</ele></trkpt>
      <trkpt lat="22.4367971183" lon="114.3211370617"><ele>196.000</ele></trkpt>
      <trkpt lat="22.4367965392" lon="114.3211171414"><ele>198.000</ele></trkpt>
      <trkpt lat="22.4367923727" lon="114.3210997887"><ele>198.000</ele></trkpt>
      <trkpt lat="22.4367822390" lon="114.3210772891"><ele>198.000</ele></trkpt>
      <trkpt lat="22.4367792678" lon="114.3210592946"><ele>198.000</ele></trkpt>
      <trkpt lat="22.4367822654" lon="114.3210477321"><ele>198.000</ele></trkpt>
      <trkpt lat="22.4367870623" lon="114.3210265331"><ele>198.000</ele></trkpt>
      <trkpt lat="22.4367870847" lon="114.3210014737"><ele>198.000</ele></trkpt>
      <trkpt lat="22.4367811395" lon="114.3209706243"><ele>198.000</ele></trkpt>
      <trkpt lat="22.4367710134" lon="114.3209384874"><ele>198.000</ele></trkpt>
      <trkpt lat="22.4367632711" lon="114.3209127769"><ele>201.000</ele></trkpt>
      <trkpt lat="22.4367609017" lon="114.3208902854"><ele>201.000</ele></trkpt>
      <trkpt lat="22.4367627134" lon="114.3208677982"><ele>203.000</ele></trkpt>
      <trkpt lat="22.4367681125" lon="114.3208427443"><ele>204.000</ele></trkpt>
      <trkpt lat="22.4367699253" lon="114.3208189719"><ele>204.000</ele></trkpt>
      <trkpt lat="22.4367645730" lon="114.3207926218"><ele>204.000</ele></trkpt>
      <trkpt lat="22.4367502646" lon="114.3207617648"><ele>204.000</ele></trkpt>
      <trkpt lat="22.4367377439" lon="114.3207354073"><ele>204.000</ele></trkpt>
      <trkpt lat="22.4367282117" lon="114.3207077686"><ele>207.000</ele></trkpt>
      <trkpt lat="22.4367144922" lon="114.3206859075"><ele>204.000</ele></trkpt>
      <trkpt lat="22.4367109218" lon="114.3206704827"><ele>204.000</ele></trkpt>
      <trkpt lat="22.4367121257" lon="114.3206602026"><ele>204.000</ele></trkpt>
      <trkpt lat="22.4367175095" lon="114.3206512129"><ele>204.000</ele></trkpt>
      <trkpt lat="22.4367282689" lon="114.3206435139"><ele>205.000</ele></trkpt>
      <trkpt lat="22.4367408219" lon="114.3206326033"><ele>207.000</ele></trkpt>
      <trkpt lat="22.4367497945" lon="114.3206184766"><ele>207.000</ele></trkpt>
      <trkpt lat="22.4367515985" lon="114.3206056277"><ele>207.000</ele></trkpt>
      <trkpt lat="22.4367557939" lon="114.3205895678"><ele>210.000</ele></trkpt>
      <trkpt lat="22.4367647613" lon="114.3205812239"><ele>212.000</ele></trkpt>
      <trkpt lat="22.4367832885" lon="114.3205696774"><ele>212.000</ele></trkpt>
      <trkpt lat="22.4368000292" lon="114.3205523453"><ele>212.000</ele></trkpt>
      <trkpt lat="22.4368155849" lon="114.3205240894"><ele>215.000</ele></trkpt>
      <trkpt lat="22.4368227747" lon="114.3204990374"><ele>215.000</ele></trkpt>
      <trkpt lat="22.4368299636" lon="114.3204759136"><ele>216.000</ele></trkpt>
      <trkpt lat="22.4368485091" lon="114.3204438052"><ele>216.000</ele></trkpt>
      <trkpt lat="22.4368652652" lon="114.3204091247"><ele>216.000</ele></trkpt>
      <trkpt lat="22.4368754514" lon="114.3203737943"><ele>218.000</ele></trkpt>
      <trkpt lat="22.4368856472" lon="114.3203275414"><ele>223.000</ele></trkpt>
      <trkpt lat="22.4368916627" lon="114.3202793569"><ele>222.000</ele></trkpt>
      <trkpt lat="22.4368964816" lon="114.3202343836"><ele>222.000</ele></trkpt>
      <trkpt lat="22.4368977009" lon="114.3202067551"><ele>222.000</ele></trkpt>
      <trkpt lat="22.4369001034" lon="114.3201919785"><ele>224.000</ele></trkpt>
      <trkpt lat="22.4369066871" lon="114.3201772072"><ele>224.000</ele></trkpt>
      <trkpt lat="22.4369234323" lon="114.3201547353"><ele>224.000</ele></trkpt>
      <trkpt lat="22.4369449681" lon="114.3201181323"><ele>226.000</ele></trkpt>
      <trkpt lat="22.4369778607" lon="114.3200731869"><ele>226.000</ele></trkpt>
      <trkpt lat="22.4370005967" lon="114.3200314454"><ele>219.000</ele></trkpt>
      <trkpt lat="22.4370269216" lon="114.3199832807"><ele>221.000</ele></trkpt>
      <trkpt lat="22.4370484696" lon="114.3199338269"><ele>221.000</ele></trkpt>
      <trkpt lat="22.4370658180" lon="114.3199042876"><ele>224.000</ele></trkpt>
      <trkpt lat="22.4370801766" lon="114.3198785997"><ele>224.000</ele></trkpt>
      <trkpt lat="22.4370957384" lon="114.3198432757"><ele>226.000</ele></trkpt>
      <trkpt lat="22.4371089125" lon="114.3198060210"><ele>226.000</ele></trkpt>
      <trkpt lat="22.4371197023" lon="114.3197629811"><ele>228.000</ele></trkpt>
      <trkpt lat="22.4371358835" lon="114.3197032412"><ele>228.000</ele></trkpt>
      <trkpt lat="22.4371418852" lon="114.3196704768"><ele>228.000</ele></trkpt>
      <trkpt lat="22.4371562580" lon="114.3196287257"><ele>230.000</ele></trkpt>
      <trkpt lat="22.4371676330" lon="114.3195998232"><ele>230.000</ele></trkpt>
      <trkpt lat="22.4371712473" lon="114.3195657712"><ele>230.000</ele></trkpt>
      <trkpt lat="22.4371724624" lon="114.3195426412"><ele>229.000</ele></trkpt>
      <trkpt lat="22.4371778621" lon="114.3195156589"><ele>229.000</ele></trkpt>
      <trkpt lat="22.4371838516" lon="114.3194976735"><ele>229.000</ele></trkpt>
      <trkpt lat="22.4371922337" lon="114.3194751939"><ele>229.000</ele></trkpt>
      <trkpt lat="22.4372042016" lon="114.3194507887"><ele>231.000</ele></trkpt>
      <trkpt lat="22.4372072039" lon="114.3194328003"><ele>231.000</ele></trkpt>
      <trkpt lat="22.4372036367" lon="114.3194135199"><ele>234.000</ele></trkpt>
      <trkpt lat="22.4371917060" lon="114.3193968014"><ele>234.000</ele></trkpt>
      <trkpt lat="22.4371755975" lon="114.3193742958"><ele>234.000</ele></trkpt>
      <trkpt lat="22.4371511365" lon="114.3193408581"><ele>236.000</ele></trkpt>
      <trkpt lat="22.4371338415" lon="114.3193099981"><ele>234.000</ele></trkpt>
      <trkpt lat="22.4371159425" lon="114.3192862055"><ele>235.000</ele></trkpt>
      <trkpt lat="22.4370944545" lon="114.3192688351"><ele>234.000</ele></trkpt>
      <trkpt lat="22.4370693752" lon="114.3192585291"><ele>235.000</ele></trkpt>
      <trkpt lat="22.4370371217" lon="114.3192559258"><ele>235.000</ele></trkpt>
      <trkpt lat="22.4370048707" lon="114.3192513943"><ele>236.000</ele></trkpt>
      <trkpt lat="22.4369594842" lon="114.3192384972"><ele>236.000</ele></trkpt>
      <trkpt lat="22.4369194771" lon="114.3192236783"><ele>236.000</ele></trkpt>
      <trkpt lat="22.4368896209" lon="114.3192120823"><ele>236.000</ele></trkpt>
      <trkpt lat="22.4368520063" lon="114.3191927672"><ele>236.000</ele></trkpt>
      <trkpt lat="22.4368114092" lon="114.3191689515"><ele>235.000</ele></trkpt>
      <trkpt lat="22.4367761806" lon="114.3191534945"><ele>235.000</ele></trkpt>
      <trkpt lat="22.4367337803" lon="114.3191418847"><ele>236.000</ele></trkpt>
      <trkpt lat="22.4366800325" lon="114.3191289791"><ele>234.000</ele></trkpt>
      <trkpt lat="22.4366256835" lon="114.3191199284"><ele>236.000</ele></trkpt>
      <trkpt lat="22.4365934311" lon="114.3191160400"><ele>236.000</ele></trkpt>
      <trkpt lat="22.4365653604" lon="114.3191115138"><ele>236.000</ele></trkpt>
      <trkpt lat="22.4365450546" lon="114.3191082807"><ele>236.000</ele></trkpt>
      <trkpt lat="22.4365259478" lon="114.3190992650"><ele>238.000</ele></trkpt>
      <trkpt lat="22.4365020667" lon="114.3190851047"><ele>238.000</ele></trkpt>
      <trkpt lat="22.4364769928" lon="114.3190696581"><ele>237.000</ele></trkpt>
      <trkpt lat="22.4364513214" lon="114.3190548529"><ele>237.000</ele></trkpt>
      <trkpt lat="22.4364262501" lon="114.3190355517"><ele>238.000</ele></trkpt>
      <trkpt lat="22.4364029740" lon="114.3190130380"><ele>236.000</ele></trkpt>
      <trkpt lat="22.4363826827" lon="114.3189924566"><ele>236.000</ele></trkpt>
      <trkpt lat="22.4363600039" lon="114.3189705865"><ele>234.000</ele></trkpt>
      <trkpt lat="22.4363349408" lon="114.3189429313"><ele>236.000</ele></trkpt>
      <trkpt lat="22.4363134575" lon="114.3189191352"><ele>236.000</ele></trkpt>
      <trkpt lat="22.4362770449" lon="114.3188914694"><ele>236.000</ele></trkpt>
      <trkpt lat="22.4362651110" lon="114.3188773204"><ele>235.000</ele></trkpt>
      <trkpt lat="22.4362537853" lon="114.3188503223"><ele>235.000</ele></trkpt>
      <trkpt lat="22.4362376776" lon="114.3188278169"><ele>234.000</ele></trkpt>
      <trkpt lat="22.4362144032" lon="114.3188033769"><ele>236.000</ele></trkpt>
      <trkpt lat="22.4361833642" lon="114.3187782860"><ele>236.000</ele></trkpt>
      <trkpt lat="22.4361720271" lon="114.3187641386"><ele>238.000</ele></trkpt>
      <trkpt lat="22.4361571164" lon="114.3187390641"><ele>238.000</ele></trkpt>
      <trkpt lat="22.4361445937" lon="114.3187146341"><ele>238.000</ele></trkpt>
      <trkpt lat="22.4361320837" lon="114.3186767114"><ele>241.000</ele></trkpt>
      <trkpt lat="22.4361177919" lon="114.3186265782"><ele>238.000</ele></trkpt>
      <trkpt lat="22.4361040863" lon="114.3185886543"><ele>238.000</ele></trkpt>
      <trkpt lat="22.4360820100" lon="114.3185603601"><ele>240.000</ele></trkpt>
      <trkpt lat="22.4360641007" lon="114.3185481333"><ele>240.000</ele></trkpt>
      <trkpt lat="22.4360437961" lon="114.3185436151"><ele>240.000</ele></trkpt>
      <trkpt lat="22.4360252794" lon="114.3185423111"><ele>240.000</ele></trkpt>
      <trkpt lat="22.4360007892" lon="114.3185429283"><ele>240.000</ele></trkpt>
      <trkpt lat="22.4359804787" lon="114.3185441929"><ele>240.000</ele></trkpt>
      <trkpt lat="22.4359506151" lon="114.3185409501"><ele>243.000</ele></trkpt>
      <trkpt lat="22.4359303119" lon="114.3185338616"><ele>243.000</ele></trkpt>
      <trkpt lat="22.4359082243" lon="114.3185184181"><ele>246.000</ele></trkpt>
      <trkpt lat="22.4358753941" lon="114.3184926834"><ele>243.000</ele></trkpt>
      <trkpt lat="22.4358449522" lon="114.3184682353"><ele>248.000</ele></trkpt>
      <trkpt lat="22.4358133035" lon="114.3184566377"><ele>250.000</ele></trkpt>
      <trkpt lat="22.4357810550" lon="114.3184482519"><ele>248.000</ele></trkpt>
      <trkpt lat="22.4357470165" lon="114.3184379370"><ele>248.000</ele></trkpt>
      <trkpt lat="22.4357201399" lon="114.3184340542"><ele>248.000</ele></trkpt>
      <trkpt lat="22.4356950553" lon="114.3184308154"><ele>248.000</ele></trkpt>
      <trkpt lat="22.4356837092" lon="114.3184269484"><ele>248.000</ele></trkpt>
      <trkpt lat="22.4356717702" lon="114.3184185842"><ele>250.000</ele></trkpt>
      <trkpt lat="22.4356580479" lon="114.3184005789"><ele>246.000</ele></trkpt>
      <trkpt lat="22.4356443287" lon="114.3183780761"><ele>246.000</ele></trkpt>
      <trkpt lat="22.4356264358" lon="114.3183472159"><ele>246.000</ele></trkpt>
      <trkpt lat="22.4356097398" lon="114.3183137867"><ele>246.000</ele></trkpt>
      <trkpt lat="22.4355948380" lon="114.3182784320"><ele>247.000</ele></trkpt>
      <trkpt lat="22.4355811205" lon="114.3182540010"><ele>255.000</ele></trkpt>
      <trkpt lat="22.4355602400" lon="114.3182244230"><ele>255.000</ele></trkpt>
      <trkpt lat="22.4355411526" lon="114.3181942038"><ele>256.000</ele></trkpt>
      <trkpt lat="22.4355220604" lon="114.3181684832"><ele>256.000</ele></trkpt>
      <trkpt lat="22.4355005775" lon="114.3181440443"><ele>258.000</ele></trkpt>
      <trkpt lat="22.4354785006" lon="114.3181163934"><ele>258.000</ele></trkpt>
      <trkpt lat="22.4354612071" lon="114.3180836057"><ele>255.000</ele></trkpt>
      <trkpt lat="22.4354254362" lon="114.3180045374"><ele>254.000</ele></trkpt>
      <trkpt lat="22.4353980110" lon="114.3179453951"><ele>254.000</ele></trkpt>
      <trkpt lat="22.4353777411" lon="114.3179010399"><ele>253.000</ele></trkpt>
      <trkpt lat="22.4353676072" lon="114.3178772557"><ele>253.000</ele></trkpt>
      <trkpt lat="22.4353532854" lon="114.3178611772"><ele>254.000</ele></trkpt>
      <trkpt lat="22.4353377661" lon="114.3178483108"><ele>254.000</ele></trkpt>
      <trkpt lat="22.4353246367" lon="114.3178348039"><ele>254.000</ele></trkpt>
      <trkpt lat="22.4353180774" lon="114.3178219466"><ele>256.000</ele></trkpt>
      <trkpt lat="22.4353127153" lon="114.3178052351"><ele>258.000</ele></trkpt>
      <trkpt lat="22.4353139229" lon="114.3177904584"><ele>258.000</ele></trkpt>
      <trkpt lat="22.4353199094" lon="114.3177756856"><ele>258.000</ele></trkpt>
      <trkpt lat="22.4353205224" lon="114.3177583380"><ele>262.000</ele></trkpt>
      <trkpt lat="22.4353157625" lon="114.3177364864"><ele>262.000</ele></trkpt>
      <trkpt lat="22.4353121969" lon="114.3177152791"><ele>266.000</ele></trkpt>
      <trkpt lat="22.4353146009" lon="114.3176985754"><ele>266.000</ele></trkpt>
      <trkpt lat="22.4353193944" lon="114.3176818741"><ele>266.000</ele></trkpt>
      <trkpt lat="22.4353289715" lon="114.3176587519"><ele>262.000</ele></trkpt>
      <trkpt lat="22.4353331794" lon="114.3176279142"><ele>262.000</ele></trkpt>
      <trkpt lat="22.4353350022" lon="114.3175932196"><ele>264.000</ele></trkpt>
      <trkpt lat="22.4353332422" lon="114.3175559501"><ele>264.000</ele></trkpt>
      <trkpt lat="22.4353278960" lon="114.3175218904"><ele>262.000</ele></trkpt>
      <trkpt lat="22.4353207532" lon="114.3174936106"><ele>264.000</ele></trkpt>
      <trkpt lat="22.4353094317" lon="114.3174614721"><ele>262.000</ele></trkpt>
      <trkpt lat="22.4352987015" lon="114.3174357600"><ele>262.000</ele></trkpt>
      <trkpt lat="22.4352879695" lon="114.3174132603"><ele>261.000</ele></trkpt>
      <trkpt lat="22.4352736521" lon="114.3173920422"><ele>262.000</ele></trkpt>
      <trkpt lat="22.4352515807" lon="114.3173579647"><ele>262.000</ele></trkpt>
      <trkpt lat="22.4352342853" lon="114.3173271054"><ele>260.000</ele></trkpt>
      <trkpt lat="22.4352205794" lon="114.3172891818"><ele>262.000</ele></trkpt>
      <trkpt lat="22.4352134326" lon="114.3172654006"><ele>263.000</ele></trkpt>
      <trkpt lat="22.4352044854" lon="114.3172506137"><ele>263.000</ele></trkpt>
      <trkpt lat="22.4351901574" lon="114.3172416032"><ele>263.000</ele></trkpt>
      <trkpt lat="22.4351680670" lon="114.3172293724"><ele>262.000</ele></trkpt>
      <trkpt lat="22.4351531451" lon="114.3172158647"><ele>262.000</ele></trkpt>
      <trkpt lat="22.4351358379" lon="114.3171984981"><ele>262.000</ele></trkpt>
      <trkpt lat="22.4351155458" lon="114.3171785592"><ele>260.000</ele></trkpt>
      <trkpt lat="22.4350952573" lon="114.3171554079"><ele>262.000</ele></trkpt>
      <trkpt lat="22.4350773641" lon="114.3171245471"><ele>260.000</ele></trkpt>
      <trkpt lat="22.4350487265" lon="114.3170853234"><ele>261.000</ele></trkpt>
      <trkpt lat="22.4350141164" lon="114.3170448085"><ele>261.000</ele></trkpt>
      <trkpt lat="22.4349985981" lon="114.3170306572"><ele>262.000</ele></trkpt>
      <trkpt lat="22.4349741232" lon="114.3170126414"><ele>262.000</ele></trkpt>
      <trkpt lat="22.4349526249" lon="114.3170068370"><ele>264.000</ele></trkpt>
      <trkpt lat="22.4349120136" lon="114.3169990863"><ele>265.000</ele></trkpt>
      <trkpt lat="22.4348839406" lon="114.3169971299"><ele>265.000</ele></trkpt>
      <trkpt lat="22.4348522850" lon="114.3169932426"><ele>264.000</ele></trkpt>
      <trkpt lat="22.4348086879" lon="114.3169848468"><ele>264.000</ele></trkpt>
      <trkpt lat="22.4347609093" lon="114.3169758027"><ele>264.000</ele></trkpt>
      <trkpt lat="22.4347280599" lon="114.3169719152"><ele>264.000</ele></trkpt>
      <trkpt lat="22.4346999846" lon="114.3169725291"><ele>264.000</ele></trkpt>
      <trkpt lat="22.4346719069" lon="114.3169769985"><ele>266.000</ele></trkpt>
      <trkpt lat="22.4346438260" lon="114.3169840381"><ele>266.000</ele></trkpt>
      <trkpt lat="22.4346103657" lon="114.3169962130"><ele>268.000</ele></trkpt>
      <trkpt lat="22.4345745129" lon="114.3170109558"><ele>269.000</ele></trkpt>
      <trkpt lat="22.4345488170" lon="114.3170231375"><ele>269.000</ele></trkpt>
      <trkpt lat="22.4345320845" lon="114.3170314737"><ele>269.000</ele></trkpt>
      <trkpt lat="22.4345177409" lon="114.3170404554"><ele>269.000</ele></trkpt>
      <trkpt lat="22.4345039906" lon="114.3170545773"><ele>267.000</ele></trkpt>
      <trkpt lat="22.4344890469" lon="114.3170661277"><ele>267.000</ele></trkpt>
      <trkpt lat="22.4344723149" lon="114.3170738218"><ele>267.000</ele></trkpt>
      <trkpt lat="22.4344537958" lon="114.3170763725"><ele>268.000</ele></trkpt>
      <trkpt lat="22.4344322936" lon="114.3170750667"><ele>268.000</ele></trkpt>
      <trkpt lat="22.4343964553" lon="114.3170731025"><ele>268.000</ele></trkpt>
      <trkpt lat="22.4343647967" lon="114.3170737138"><ele>268.000</ele></trkpt>
      <trkpt lat="22.4343337323" lon="114.3170775370"><ele>268.000</ele></trkpt>
      <trkpt lat="22.4343092406" lon="114.3170787976"><ele>266.000</ele></trkpt>
      <trkpt lat="22.4342960989" lon="114.3170794274"><ele>266.000</ele></trkpt>
      <trkpt lat="22.4342811681" lon="114.3170761991"><ele>266.000</ele></trkpt>
      <trkpt lat="22.4342668378" lon="114.3170697599"><ele>266.000</ele></trkpt>
      <trkpt lat="22.4342560896" lon="114.3170658936"><ele>266.000</ele></trkpt>
      <trkpt lat="22.4342387668" lon="114.3170665193"><ele>266.000</ele></trkpt>
      <trkpt lat="22.4342071062" lon="114.3170684147"><ele>266.000</ele></trkpt>
      <trkpt lat="22.4341820238" lon="114.3170626068"><ele>266.000</ele></trkpt>
      <trkpt lat="22.4341664982" lon="114.3170568075"><ele>266.000</ele></trkpt>
      <trkpt lat="22.4341491861" lon="114.3170452248"><ele>266.000</ele></trkpt>
      <trkpt lat="22.4341396417" lon="114.3170297944"><ele>268.000</ele></trkpt>
      <trkpt lat="22.4341259221" lon="114.3170085771"><ele>268.000</ele></trkpt>
      <trkpt lat="22.4341074226" lon="114.3169873550"><ele>268.000</ele></trkpt>
      <trkpt lat="22.4340889163" lon="114.3169751279"><ele>268.000</ele></trkpt>
      <trkpt lat="22.4340739908" lon="114.3169667600"><ele>268.000</ele></trkpt>
      <trkpt lat="22.4340662361" lon="114.3169545447"><ele>268.000</ele></trkpt>
      <trkpt lat="22.4340644598" lon="114.3169359088"><ele>270.000</ele></trkpt>
      <trkpt lat="22.4340674638" lon="114.3169166355"><ele>270.000</ele></trkpt>
      <trkpt lat="22.4340668810" lon="114.3168992869"><ele>270.000</ele></trkpt>
      <trkpt lat="22.4340621214" lon="114.3168780786"><ele>272.000</ele></trkpt>
      <trkpt lat="22.4340579600" lon="114.3168543006"><ele>273.000</ele></trkpt>
      <trkpt lat="22.4340567870" lon="114.3168292405"><ele>274.000</ele></trkpt>
      <trkpt lat="22.4340586102" lon="114.3167939031"><ele>275.000</ele></trkpt>
      <trkpt lat="22.4340676025" lon="114.3167566447"><ele>276.000</ele></trkpt>
      <trkpt lat="22.4340771839" lon="114.3167283830"><ele>276.000</ele></trkpt>
      <trkpt lat="22.4340843734" lon="114.3167039733"><ele>276.000</ele></trkpt>
      <trkpt lat="22.4340909656" lon="114.3166789210"><ele>274.000</ele></trkpt>
      <trkpt lat="22.4341089231" lon="114.3166346047"><ele>270.000</ele></trkpt>
      <trkpt lat="22.4341328685" lon="114.3165748726"><ele>271.000</ele></trkpt>
      <trkpt lat="22.4341460396" lon="114.3165401887"><ele>273.000</ele></trkpt>
      <trkpt lat="22.4341562243" lon="114.3165055017"><ele>270.000</ele></trkpt>
      <trkpt lat="22.4341670049" lon="114.3164721006"><ele>270.000</ele></trkpt>
      <trkpt lat="22.4341759982" lon="114.3164335580"><ele>271.000</ele></trkpt>
      <trkpt lat="22.4341837924" lon="114.3164001538"><ele>274.000</ele></trkpt>
      <trkpt lat="22.4341891937" lon="114.3163706027"><ele>274.000</ele></trkpt>
      <trkpt lat="22.4341880256" lon="114.3163397598"><ele>276.000</ele></trkpt>
      <trkpt lat="22.4341880528" lon="114.3163082751"><ele>276.000</ele></trkpt>
      <trkpt lat="22.4341886745" lon="114.3162806465"><ele>276.000</ele></trkpt>
      <trkpt lat="22.4341922883" lon="114.3162453109"><ele>276.000</ele></trkpt>
      <trkpt lat="22.4341917219" lon="114.3162099711"><ele>274.000</ele></trkpt>
      <trkpt lat="22.4341869779" lon="114.3161694865"><ele>274.000</ele></trkpt>
      <trkpt lat="22.4341780528" lon="114.3161289978"><ele>274.000</ele></trkpt>
      <trkpt lat="22.4341667403" lon="114.3160872216"><ele>274.000</ele></trkpt>
      <trkpt lat="22.4341560143" lon="114.3160563692"><ele>274.000</ele></trkpt>
      <trkpt lat="22.4341369332" lon="114.3160184407"><ele>274.000</ele></trkpt>
      <trkpt lat="22.4341154605" lon="114.3159817949"><ele>274.000</ele></trkpt>
      <trkpt lat="22.4340933866" lon="114.3159502882"><ele>275.000</ele></trkpt>
      <trkpt lat="22.4340766884" lon="114.3159187878"><ele>274.000</ele></trkpt>
      <trkpt lat="22.4340635578" lon="114.3159065663"><ele>274.000</ele></trkpt>
      <trkpt lat="22.4340319199" lon="114.3158821179"><ele>275.000</ele></trkpt>
      <trkpt lat="22.4339793793" lon="114.3158544373"><ele>276.000</ele></trkpt>
      <trkpt lat="22.4339477357" lon="114.3158376998"><ele>277.000</ele></trkpt>
      <trkpt lat="22.4339059368" lon="114.3158215943"><ele>278.000</ele></trkpt>
      <trkpt lat="22.4338766750" lon="114.3158125701"><ele>278.000</ele></trkpt>
      <trkpt lat="22.4338509964" lon="114.3158048337"><ele>278.000</ele></trkpt>
      <trkpt lat="22.4338402503" lon="114.3157983982"><ele>278.000</ele></trkpt>
      <trkpt lat="22.4338229364" lon="114.3157887428"><ele>276.000</ele></trkpt>
      <trkpt lat="22.4338050291" lon="114.3157739463"><ele>276.000</ele></trkpt>
      <trkpt lat="22.4337907038" lon="114.3157617236"><ele>276.000</ele></trkpt>
      <trkpt lat="22.4337775787" lon="114.3157430774"><ele>277.000</ele></trkpt>
      <trkpt lat="22.4337614686" lon="114.3157218579"><ele>278.000</ele></trkpt>
      <trkpt lat="22.4337459562" lon="114.3157006390"><ele>278.000</ele></trkpt>
      <trkpt lat="22.4337364093" lon="114.3156890642"><ele>278.000</ele></trkpt>
      <trkpt lat="22.4337250653" lon="114.3156826271"><ele>278.000</ele></trkpt>
      <trkpt lat="22.4336999889" lon="114.3156697517"><ele>280.000</ele></trkpt>
      <trkpt lat="22.4336540139" lon="114.3156478595"><ele>278.000</ele></trkpt>
      <trkpt lat="22.4335943059" lon="114.3156188858"><ele>276.000</ele></trkpt>
      <trkpt lat="22.4335471386" lon="114.3155931379"><ele>276.000</ele></trkpt>
      <trkpt lat="22.4334999699" lon="114.3155699594"><ele>278.000</ele></trkpt>
      <trkpt lat="22.4334754881" lon="114.3155596549"><ele>278.000</ele></trkpt>
      <trkpt lat="22.4334498150" lon="114.3155454938"><ele>278.000</ele></trkpt>
      <trkpt lat="22.4334205608" lon="114.3155287588"><ele>278.000</ele></trkpt>
      <trkpt lat="22.4333966824" lon="114.3155120292"><ele>278.000</ele></trkpt>
      <trkpt lat="22.4333638486" lon="114.3154888659"><ele>278.000</ele></trkpt>
      <trkpt lat="22.4333435603" lon="114.3154725955"><ele>279.000</ele></trkpt>
      <trkpt lat="22.4333223948" lon="114.3154609567"><ele>278.000</ele></trkpt>
      <trkpt lat="22.4332978169" lon="114.3154511485"><ele>278.000</ele></trkpt>
      <trkpt lat="22.4332853138" lon="114.3154474671"><ele>278.000</ele></trkpt>
      <trkpt lat="22.4332734723" lon="114.3154462508"><ele>278.000</ele></trkpt>
      <trkpt lat="22.4332675123" lon="114.3154461089"><ele>278.000</ele></trkpt>
      <trkpt lat="22.4332561101" lon="114.3154423772"><ele>278.000</ele></trkpt>
      <trkpt lat="22.4332365762" lon="114.3154330034"><ele>279.000</ele></trkpt>
      <trkpt lat="22.4332180391" lon="114.3154196964"><ele>279.000</ele></trkpt>
      <trkpt lat="22.4332013914" lon="114.3154039532"><ele>280.000</ele></trkpt>
      <trkpt lat="22.4331589598" lon="114.3153485130"><ele>278.000</ele></trkpt>
      <trkpt lat="22.4330987433" lon="114.3152659245"><ele>280.000</ele></trkpt>
      <trkpt lat="22.4330765314" lon="114.3152307578"><ele>280.000</ele></trkpt>
      <trkpt lat="22.4330560298" lon="114.3152020623"><ele>280.000</ele></trkpt>
      <trkpt lat="22.4330309318" lon="114.3151732553"><ele>281.000</ele></trkpt>
      <trkpt lat="22.4330103549" lon="114.3151480275"><ele>282.000</ele></trkpt>
      <trkpt lat="22.4329949674" lon="114.3151159858"><ele>282.000</ele></trkpt>
      <trkpt lat="22.4329878240" lon="114.3150846419"><ele>282.000</ele></trkpt>
      <trkpt lat="22.4329854090" lon="114.3150469790"><ele>282.000</ele></trkpt>
      <trkpt lat="22.4329850667" lon="114.3150174972"><ele>282.000</ele></trkpt>
      <trkpt lat="22.4329883010" lon="114.3149694179"><ele>282.000</ele></trkpt>
      <trkpt lat="22.4330075903" lon="114.3148148870"><ele>282.000</ele></trkpt>
      <trkpt lat="22.4330123656" lon="114.3147535771"><ele>280.000</ele></trkpt>
      <trkpt lat="22.4329997035" lon="114.3147351151"><ele>280.000</ele></trkpt>
      <trkpt lat="22.4329751056" lon="114.3147222559"><ele>280.000</ele></trkpt>
      <trkpt lat="22.4329482659" lon="114.3147142077"><ele>280.000</ele></trkpt>
      <trkpt lat="22.4329079987" lon="114.3147125632"><ele>282.000</ele></trkpt>
      <trkpt lat="22.4328438674" lon="114.3147100937"><ele>282.000</ele></trkpt>
      <trkpt lat="22.4327886847" lon="114.3147084345"><ele>281.000</ele></trkpt>
      <trkpt lat="22.4327700436" lon="114.3147068123"><ele>281.000</ele></trkpt>
      <trkpt lat="22.4327156109" lon="114.3147003406"><ele>281.000</ele></trkpt>
      <trkpt lat="22.4326738386" lon="114.3147131342"><ele>282.000</ele></trkpt>
      <trkpt lat="22.4326279752" lon="114.3147146937"><ele>280.000</ele></trkpt>
      <trkpt lat="22.4326033677" lon="114.3147130646"><ele>280.000</ele></trkpt>
      <trkpt lat="22.4325757697" lon="114.3147194543"><ele>280.000</ele></trkpt>
      <trkpt lat="22.4325508112" lon="114.3146921562"><ele>280.000</ele></trkpt>
      <trkpt lat="22.4325433573" lon="114.3146881390"><ele>280.000</ele></trkpt>
      <trkpt lat="22.4325344090" lon="114.3146881302"><ele>280.000</ele></trkpt>
      <trkpt lat="22.4325120336" lon="114.3146921179"><ele>279.000</ele></trkpt>
      <trkpt lat="22.4325015908" lon="114.3146953170"><ele>279.000</ele></trkpt>
      <trkpt lat="22.4324926388" lon="114.3146985167"><ele>279.000</ele></trkpt>
      <trkpt lat="22.4324172835" lon="114.3147417589"><ele>279.000</ele></trkpt>
      <trkpt lat="22.4324097959" lon="114.3147443296"><ele>279.000</ele></trkpt>
      <trkpt lat="22.4322584146" lon="114.3147752923"><ele>276.000</ele></trkpt>
      <trkpt lat="22.4322487195" lon="114.3147752827"><ele>276.000</ele></trkpt>
      <trkpt lat="22.4322420129" lon="114.3147696615"><ele>276.000</ele></trkpt>
      <trkpt lat="22.4321842929" lon="114.3146829712"><ele>276.000</ele></trkpt>
      <trkpt lat="22.4321783343" lon="114.3146749437"><ele>276.000</ele></trkpt>
      <trkpt lat="22.4321693892" lon="114.3146701217"><ele>276.000</ele></trkpt>
      <trkpt lat="22.4321194372" lon="114.3146564362"><ele>275.000</ele></trkpt>
      <trkpt lat="22.4321090026" lon="114.3146500080"><ele>276.000</ele></trkpt>
      <trkpt lat="22.4321000609" lon="114.3146411752"><ele>276.000</ele></trkpt>
      <trkpt lat="22.4320554498" lon="114.3145647022"><ele>276.000</ele></trkpt>
      <trkpt lat="22.4320463609" lon="114.3145485490"><ele>278.000</ele></trkpt>
      <trkpt lat="22.4320294030" lon="114.3145258798"><ele>278.000</ele></trkpt>
      <trkpt lat="22.4320050661" lon="114.3145045146"><ele>278.000</ele></trkpt>
      <trkpt lat="22.4319892547" lon="114.3144927648"><ele>278.000</ele></trkpt>
      <trkpt lat="22.4319725318" lon="114.3144804896"><ele>278.000</ele></trkpt>
      <trkpt lat="22.4319077265" lon="114.3144413375"><ele>280.000</ele></trkpt>
      <trkpt lat="22.4318913794" lon="114.3144330259"><ele>282.000</ele></trkpt>
      <trkpt lat="22.4318795445" lon="114.3144282933"><ele>282.000</ele></trkpt>
      <trkpt lat="22.4318685835" lon="114.3144260483"><ele>282.000</ele></trkpt>
      <trkpt lat="22.4318581586" lon="114.3144198601"><ele>282.000</ele></trkpt>
      <trkpt lat="22.4318491441" lon="114.3144117305"><ele>282.000</ele></trkpt>
      <trkpt lat="22.4318406370" lon="114.3144016296"><ele>284.000</ele></trkpt>
      <trkpt lat="22.4318326656" lon="114.3143880807"><ele>284.000</ele></trkpt>
      <trkpt lat="22.4318265652" lon="114.3143726007"><ele>284.000</ele></trkpt>
      <trkpt lat="22.4318173720" lon="114.3143515905"><ele>284.000</ele></trkpt>
      <trkpt lat="22.4318091192" lon="114.3143291339"><ele>284.000</ele></trkpt>
      <trkpt lat="22.4317872079" lon="114.3142801162"><ele>284.000</ele></trkpt>
      <trkpt lat="22.4317680319" lon="114.3142534331"><ele>282.000</ele></trkpt>
      <trkpt lat="22.4317598912" lon="114.3142477911"><ele>282.000</ele></trkpt>
      <trkpt lat="22.4317498890" lon="114.3142435947"><ele>284.000</ele></trkpt>
      <trkpt lat="22.4317389000" lon="114.3142423502"><ele>284.000</ele></trkpt>
      <trkpt lat="22.4317200900" lon="114.3142418946"><ele>284.000</ele></trkpt>
      <trkpt lat="22.4316979990" lon="114.3142448355"><ele>284.000</ele></trkpt>
      <trkpt lat="22.4316750149" lon="114.3142467556"><ele>284.000</ele></trkpt>
      <trkpt lat="22.4316589402" lon="114.3142473615"><ele>286.000</ele></trkpt>
      <trkpt lat="22.4316442758" lon="114.3142460260"><ele>286.000</ele></trkpt>
      <trkpt lat="22.4316301563" lon="114.3142412329"><ele>286.000</ele></trkpt>
      <trkpt lat="22.4315964843" lon="114.3142275714"><ele>288.000</ele></trkpt>
      <trkpt lat="22.4315783230" lon="114.3142182284"><ele>288.000</ele></trkpt>
      <trkpt lat="22.4315642228" lon="114.3142119491"><ele>290.000</ele></trkpt>
      <trkpt lat="22.4315569280" lon="114.3142097952"><ele>290.000</ele></trkpt>
      <trkpt lat="22.4315467964" lon="114.3142102029"><ele>290.000</ele></trkpt>
      <trkpt lat="22.4315386874" lon="114.3142108730"><ele>290.000</ele></trkpt>
      <trkpt lat="22.4315237525" lon="114.3142134285"><ele>292.000</ele></trkpt>
      <trkpt lat="22.4315058297" lon="114.3142166232"><ele>292.000</ele></trkpt>
      <trkpt lat="22.4314873084" lon="114.3142217455"><ele>291.000</ele></trkpt>
      <trkpt lat="22.4314669907" lon="114.3142313634"><ele>290.000</ele></trkpt>
      <trkpt lat="22.4314430849" lon="114.3142467604"><ele>290.000</ele></trkpt>
      <trkpt lat="22.4314191776" lon="114.3142627995"><ele>290.000</ele></trkpt>
      <trkpt lat="22.4313928811" lon="114.3142794793"><ele>291.000</ele></trkpt>
      <trkpt lat="22.4313647927" lon="114.3142955152"><ele>291.000</ele></trkpt>
      <trkpt lat="22.4313385039" lon="114.3143031991"><ele>290.000</ele></trkpt>
      <trkpt lat="22.4313116201" lon="114.3143076701"><ele>290.000</ele></trkpt>
      <trkpt lat="22.4312847410" lon="114.3143076436"><ele>291.000</ele></trkpt>
      <trkpt lat="22.4312524879" lon="114.3143043995"><ele>295.000</ele></trkpt>
      <trkpt lat="22.4312076944" lon="114.3142966447"><ele>296.000</ele></trkpt>
      <trkpt lat="22.4311676780" lon="114.3142921078"><ele>296.000</ele></trkpt>
      <trkpt lat="22.4311396033" lon="114.3142920802"><ele>296.000</ele></trkpt>
      <trkpt lat="22.4311097369" lon="114.3142920507"><ele>294.000</ele></trkpt>
      <trkpt lat="22.4310786785" lon="114.3142888078"><ele>295.000</ele></trkpt>
      <trkpt lat="22.4310476217" lon="114.3142836368"><ele>295.000</ele></trkpt>
      <trkpt lat="22.4310040255" lon="114.3142739559"><ele>294.000</ele></trkpt>
      <trkpt lat="22.4309717741" lon="114.3142687847"><ele>293.000</ele></trkpt>
      <trkpt lat="22.4309377271" lon="114.3142681081"><ele>292.000</ele></trkpt>
      <trkpt lat="22.4309018865" lon="114.3142687158"><ele>292.000</ele></trkpt>
      <trkpt lat="22.4308546958" lon="114.3142712396"><ele>292.000</ele></trkpt>
      <trkpt lat="22.4308170619" lon="114.3142737718"><ele>292.000</ele></trkpt>
      <trkpt lat="22.4307674806" lon="114.3142775784"><ele>291.000</ele></trkpt>
      <trkpt lat="22.4307244704" lon="114.3142807493"><ele>292.000</ele></trkpt>
      <trkpt lat="22.4306850478" lon="114.3142787823"><ele>294.000</ele></trkpt>
      <trkpt lat="22.4306575714" lon="114.3142781132"><ele>297.000</ele></trkpt>
      <trkpt lat="22.4306271065" lon="114.3142800104"><ele>301.000</ele></trkpt>
      <trkpt lat="22.4305918617" lon="114.3142819029"><ele>301.000</ele></trkpt>
      <trkpt lat="22.4305613940" lon="114.3142870134"><ele>301.000</ele></trkpt>
      <trkpt lat="22.4305333127" lon="114.3142946964"><ele>300.000</ele></trkpt>
      <trkpt lat="22.4305100103" lon="114.3143023832"><ele>300.000</ele></trkpt>
      <trkpt lat="22.4304914863" lon="114.3143107177"><ele>299.000</ele></trkpt>
      <trkpt lat="22.4304681800" lon="114.3143229029"><ele>302.000</ele></trkpt>
      <trkpt lat="22.4304436774" lon="114.3143370141"><ele>302.000</ele></trkpt>
      <trkpt lat="22.4304197754" lon="114.3143479135"><ele>302.000</ele></trkpt>
      <trkpt lat="22.4303988668" lon="114.3143504632"><ele>302.000</ele></trkpt>
      <trkpt lat="22.4303725884" lon="114.3143459389"><ele>302.000</ele></trkpt>
      <trkpt lat="22.4303522883" lon="114.3143349969"><ele>302.000</ele></trkpt>
      <trkpt lat="22.4303343786" lon="114.3143227711"><ele>302.000</ele></trkpt>
      <trkpt lat="22.4303188612" lon="114.3143073354"><ele>300.000</ele></trkpt>
      <trkpt lat="22.4303111123" lon="114.3142880520"><ele>302.000</ele></trkpt>
      <trkpt lat="22.4303081478" lon="114.3142623488"><ele>300.000</ele></trkpt>
      <trkpt lat="22.4303093710" lon="114.3142289389"><ele>300.000</ele></trkpt>
      <trkpt lat="22.4303165699" lon="114.3141929647"><ele>296.000</ele></trkpt>
      <trkpt lat="22.4303279491" lon="114.3141569946"><ele>295.000</ele></trkpt>
      <trkpt lat="22.4303363422" lon="114.3141216647"><ele>296.000</ele></trkpt>
      <trkpt lat="22.4303363619" lon="114.3140985336"><ele>296.000</ele></trkpt>
      <trkpt lat="22.4303262345" lon="114.3140663977"><ele>298.000</ele></trkpt>
      <trkpt lat="22.4303095408" lon="114.3140291159"><ele>298.000</ele></trkpt>
      <trkpt lat="22.4302785174" lon="114.3139847513"><ele>298.000</ele></trkpt>
      <trkpt lat="22.4302528582" lon="114.3139538853"><ele>298.000</ele></trkpt>
      <trkpt lat="22.4302086931" lon="114.3139101510"><ele>300.000</ele></trkpt>
      <trkpt lat="22.4301531739" lon="114.3138728301"><ele>302.000</ele></trkpt>
      <trkpt lat="22.4300976484" lon="114.3138419348"><ele>304.000</ele></trkpt>
      <trkpt lat="22.4300504773" lon="114.3138213277"><ele>302.000</ele></trkpt>
      <trkpt lat="22.4300170370" lon="114.3138090878"><ele>304.000</ele></trkpt>
      <trkpt lat="22.4299615131" lon="114.3137762644"><ele>304.000</ele></trkpt>
      <trkpt lat="22.4298994274" lon="114.3137331547"><ele>306.000</ele></trkpt>
      <trkpt lat="22.4298510702" lon="114.3137022666"><ele>307.000</ele></trkpt>
      <trkpt lat="22.4297925708" lon="114.3136565912"><ele>308.000</ele></trkpt>
      <trkpt lat="22.4297197426" lon="114.3136025481"><ele>308.000</ele></trkpt>
      <trkpt lat="22.4296642224" lon="114.3135652275"><ele>310.000</ele></trkpt>
      <trkpt lat="22.4295836219" lon="114.3135195306"><ele>309.000</ele></trkpt>
      <trkpt lat="22.4295406361" lon="114.3134937874"><ele>310.000</ele></trkpt>
      <trkpt lat="22.4295048162" lon="114.3134699793"><ele>309.000</ele></trkpt>
      <trkpt lat="22.4294731734" lon="114.3134519587"><ele>310.000</ele></trkpt>
      <trkpt lat="22.4294080968" lon="114.3134139859"><ele>310.000</ele></trkpt>
      <trkpt lat="22.4293358557" lon="114.3133715096"><ele>310.000</ele></trkpt>
      <trkpt lat="22.4292815246" lon="114.3133419010"><ele>310.000</ele></trkpt>
      <trkpt lat="22.4292271953" lon="114.3133090791"><ele>310.000</ele></trkpt>
      <trkpt lat="22.4291812239" lon="114.3132814069"><ele>305.000</ele></trkpt>
      <trkpt lat="22.4291615242" lon="114.3132672524"><ele>305.000</ele></trkpt>
      <trkpt lat="22.4291477964" lon="114.3132550310"><ele>305.000</ele></trkpt>
      <trkpt lat="22.4291310898" lon="114.3132318838"><ele>302.000</ele></trkpt>
      <trkpt lat="22.4290905227" lon="114.3131714482"><ele>307.000</ele></trkpt>
      <trkpt lat="22.4290547275" lon="114.3131193699"><ele>310.000</ele></trkpt>
      <trkpt lat="22.4290016368" lon="114.3130345061"><ele>302.000</ele></trkpt>
      <trkpt lat="22.4289491352" lon="114.3129599238"><ele>304.000</ele></trkpt>
      <trkpt lat="22.4288888771" lon="114.3128737681"><ele>303.000</ele></trkpt>
      <trkpt lat="22.4288208649" lon="114.3127753979"><ele>304.000</ele></trkpt>
      <trkpt lat="22.4287850686" lon="114.3127233198"><ele>307.000</ele></trkpt>
      <trkpt lat="22.4287641904" lon="114.3126898888"><ele>306.000</ele></trkpt>
      <trkpt lat="22.4287439084" lon="114.3126571005"><ele>306.000</ele></trkpt>
      <trkpt lat="22.4287248254" lon="114.3126204590"><ele>304.000</ele></trkpt>
      <trkpt lat="22.4287051326" lon="114.3125979520"><ele>305.000</ele></trkpt>
      <trkpt lat="22.4286872266" lon="114.3125812293"><ele>304.000</ele></trkpt>
      <trkpt lat="22.4286663305" lon="114.3125690010"><ele>304.000</ele></trkpt>
      <trkpt lat="22.4286412508" lon="114.3125586968"><ele>299.000</ele></trkpt>
      <trkpt lat="22.4286167640" lon="114.3125541756"><ele>299.000</ele></trkpt>
      <trkpt lat="22.4285934767" lon="114.3125438722"><ele>298.000</ele></trkpt>
      <trkpt lat="22.4285767659" lon="114.3125277937"><ele>298.000</ele></trkpt>
      <trkpt lat="22.4285552816" lon="114.3125039999"><ele>298.000</ele></trkpt>
      <trkpt lat="22.4285373902" lon="114.3124699289"><ele>301.000</ele></trkpt>
      <trkpt lat="22.4285254708" lon="114.3124377928"><ele>301.000</ele></trkpt>
      <trkpt lat="22.4285213210" lon="114.3124005228"><ele>304.000</ele></trkpt>
      <trkpt lat="22.4285147811" lon="114.3123638936"><ele>308.000</ele></trkpt>
      <trkpt lat="22.4285028800" lon="114.3123099108"><ele>310.000</ele></trkpt>
      <trkpt lat="22.4285011306" lon="114.3122585081"><ele>310.000</ele></trkpt>
      <trkpt lat="22.4284982051" lon="114.3121859016"><ele>310.000</ele></trkpt>
      <trkpt lat="22.4285006462" lon="114.3121242231"><ele>312.000</ele></trkpt>
      <trkpt lat="22.4285054719" lon="114.3120683294"><ele>310.000</ele></trkpt>
      <trkpt lat="22.4285055047" lon="114.3120291363"><ele>310.000</ele></trkpt>
      <trkpt lat="22.4285007559" lon="114.3119931519"><ele>310.000</ele></trkpt>
      <trkpt lat="22.4284978024" lon="114.3119539560"><ele>312.000</ele></trkpt>
      <trkpt lat="22.4284948393" lon="114.3119250398"><ele>308.000</ele></trkpt>
      <trkpt lat="22.4284978475" lon="114.3118999848"><ele>308.000</ele></trkpt>
      <trkpt lat="22.4285080330" lon="114.3118620867"><ele>304.000</ele></trkpt>
      <trkpt lat="22.4285140282" lon="114.3118363915"><ele>306.000</ele></trkpt>
      <trkpt lat="22.4285134806" lon="114.3117772803"><ele>310.000</ele></trkpt>
      <trkpt lat="22.4285123278" lon="114.3117271633"><ele>312.000</ele></trkpt>
      <trkpt lat="22.4285225154" lon="114.3116866949"><ele>312.000</ele></trkpt>
      <trkpt lat="22.4285351046" lon="114.3116327368"><ele>311.000</ele></trkpt>
      <trkpt lat="22.4285500915" lon="114.3115678572"><ele>312.000</ele></trkpt>
      <trkpt lat="22.4285645065" lon="114.3114740647"><ele>312.000</ele></trkpt>
      <trkpt lat="22.4285765043" lon="114.3114123954"><ele>312.000</ele></trkpt>
      <trkpt lat="22.4285873062" lon="114.3113520100"><ele>314.000</ele></trkpt>
      <trkpt lat="22.4286010757" lon="114.3113154004"><ele>311.000</ele></trkpt>
      <trkpt lat="22.4286100608" lon="114.3112852107"><ele>311.000</ele></trkpt>
      <trkpt lat="22.4286172737" lon="114.3112306043"><ele>311.000</ele></trkpt>
      <trkpt lat="22.4286173181" lon="114.3111772761"><ele>311.000</ele></trkpt>
      <trkpt lat="22.4286161746" lon="114.3111155941"><ele>310.000</ele></trkpt>
      <trkpt lat="22.4286138210" lon="114.3110725435"><ele>310.000</ele></trkpt>
      <trkpt lat="22.4286072734" lon="114.3110449090"><ele>310.000</ele></trkpt>
      <trkpt lat="22.4285935610" lon="114.3110140554"><ele>310.000</ele></trkpt>
      <trkpt lat="22.4285774481" lon="114.3109954074"><ele>312.000</ele></trkpt>
      <trkpt lat="22.4285541688" lon="114.3109754665"><ele>313.000</ele></trkpt>
      <trkpt lat="22.4285296963" lon="114.3109535982"><ele>314.000</ele></trkpt>
      <trkpt lat="22.4285195553" lon="114.3109381683"><ele>314.000</ele></trkpt>
      <trkpt lat="22.4285195713" lon="114.3109188928"><ele>314.000</ele></trkpt>
      <trkpt lat="22.4285249610" lon="114.3109021926"><ele>313.000</ele></trkpt>
      <trkpt lat="22.4285369239" lon="114.3108822866"><ele>313.000</ele></trkpt>
      <trkpt lat="22.4285614401" lon="114.3108514687"><ele>310.000</ele></trkpt>
      <trkpt lat="22.4285907300" lon="114.3108257968"><ele>310.000</ele></trkpt>
      <trkpt lat="22.4286152403" lon="114.3108020474"><ele>308.000</ele></trkpt>
      <trkpt lat="22.4286367679" lon="114.3107737978"><ele>308.000</ele></trkpt>
      <trkpt lat="22.4286541168" lon="114.3107416889"><ele>308.000</ele></trkpt>
      <trkpt lat="22.4286672898" lon="114.3107031514"><ele>310.000</ele></trkpt>
      <trkpt lat="22.4286744949" lon="114.3106588248"><ele>312.000</ele></trkpt>
      <trkpt lat="22.4286739285" lon="114.3106209163"><ele>313.000</ele></trkpt>
      <trkpt lat="22.4286691830" lon="114.3105817186"><ele>313.000</ele></trkpt>
      <trkpt lat="22.4286542866" lon="114.3105367287"><ele>314.000</ele></trkpt>
      <trkpt lat="22.4286513310" lon="114.3104994600"><ele>312.000</ele></trkpt>
      <trkpt lat="22.4286477846" lon="114.3104538380"><ele>314.000</ele></trkpt>
      <trkpt lat="22.4286418487" lon="114.3104082146"><ele>316.000</ele></trkpt>
      <trkpt lat="22.4286400857" lon="114.3103735172"><ele>316.000</ele></trkpt>
      <trkpt lat="22.4286377212" lon="114.3103433165"><ele>316.000</ele></trkpt>
      <trkpt lat="22.4286401356" lon="114.3103131214"><ele>316.000</ele></trkpt>
      <trkpt lat="22.4286455338" lon="114.3102861405"><ele>316.000</ele></trkpt>
      <trkpt lat="22.4286545150" lon="114.3102604490"><ele>314.000</ele></trkpt>
      <trkpt lat="22.4286682799" lon="114.3102289787"><ele>317.000</ele></trkpt>
      <trkpt lat="22.4286790639" lon="114.3101897958"><ele>317.000</ele></trkpt>
      <trkpt lat="22.4286922501" lon="114.3101351951"><ele>315.000</ele></trkpt>
      <trkpt lat="22.4286994577" lon="114.3100876562"><ele>315.000</ele></trkpt>
      <trkpt lat="22.4287108450" lon="114.3100407643"><ele>314.000</ele></trkpt>
      <trkpt lat="22.4287174558" lon="114.3099919387"><ele>314.000</ele></trkpt>
      <trkpt lat="22.4287133097" lon="114.3099495293"><ele>314.000</ele></trkpt>
      <trkpt lat="22.4287019962" lon="114.3099058281"><ele>314.000</ele></trkpt>
      <trkpt lat="22.4286894290" lon="114.3098680100"><ele>312.000</ele></trkpt>
      <trkpt lat="22.4286797604" lon="114.3098346281"><ele>308.000</ele></trkpt>
      <trkpt lat="22.4286679803" lon="114.3098148012"><ele>308.000</ele></trkpt>
      <trkpt lat="22.4286532904" lon="114.3097961887"><ele>306.000</ele></trkpt>
      <trkpt lat="22.4286376247" lon="114.3097848751"><ele>303.000</ele></trkpt>
      <trkpt lat="22.4286237838" lon="114.3097813980"><ele>303.000</ele></trkpt>
      <trkpt lat="22.4286088664" lon="114.3097627504"><ele>303.000</ele></trkpt>
      <trkpt lat="22.4286017250" lon="114.3097299760"><ele>302.000</ele></trkpt>
      <trkpt lat="22.4286035466" lon="114.3096946389"><ele>303.000</ele></trkpt>
      <trkpt lat="22.4286107373" lon="114.3096663755"><ele>303.000</ele></trkpt>
      <trkpt lat="22.4286179237" lon="114.3096445376"><ele>306.000</ele></trkpt>
      <trkpt lat="22.4286233238" lon="114.3096149864"><ele>306.000</ele></trkpt>
      <trkpt lat="22.4286203765" lon="114.3095674378"><ele>309.000</ele></trkpt>
      <trkpt lat="22.4286192208" lon="114.3095198910"><ele>310.000</ele></trkpt>
      <trkpt lat="22.4286174663" lon="114.3094736286"><ele>310.000</ele></trkpt>
      <trkpt lat="22.4286216931" lon="114.3094190193"><ele>310.000</ele></trkpt>
      <trkpt lat="22.4286271043" lon="114.3093759760"><ele>310.000</ele></trkpt>
      <trkpt lat="22.4286325196" lon="114.3093277933"><ele>310.000</ele></trkpt>
      <trkpt lat="22.4286361412" lon="114.3092821782"><ele>311.000</ele></trkpt>
      <trkpt lat="22.4286254245" lon="114.3092384775"><ele>311.000</ele></trkpt>
      <trkpt lat="22.4286123245" lon="114.3091883491"><ele>311.000</ele></trkpt>
      <trkpt lat="22.4286010038" lon="114.3091542857"><ele>312.000</ele></trkpt>
      <trkpt lat="22.4285920806" lon="114.3091093017"><ele>312.000</ele></trkpt>
      <trkpt lat="22.4285897317" lon="114.3090598256"><ele>312.000</ele></trkpt>
      <trkpt lat="22.4286023134" lon="114.3090129347"><ele>310.000</ele></trkpt>
      <trkpt lat="22.4286124923" lon="114.3089833890"><ele>310.000</ele></trkpt>
      <trkpt lat="22.4286220774" lon="114.3089499875"><ele>310.000</ele></trkpt>
      <trkpt lat="22.4286203054" lon="114.3089249278"><ele>309.000</ele></trkpt>
      <trkpt lat="22.4286107689" lon="114.3088998608"><ele>309.000</ele></trkpt>
      <trkpt lat="22.4286030310" lon="114.3088664428"><ele>309.000</ele></trkpt>
      <trkpt lat="22.4285959067" lon="114.3088124648"><ele>312.000</ele></trkpt>
      <trkpt lat="22.4285899739" lon="114.3087636284"><ele>311.000</ele></trkpt>
      <trkpt lat="22.4285858347" lon="114.3087122244"><ele>310.000</ele></trkpt>
      <trkpt lat="22.4285744968" lon="114.3086980785"><ele>310.000</ele></trkpt>
      <trkpt lat="22.4285410777" lon="114.3086594959"><ele>310.000</ele></trkpt>
      <trkpt lat="22.4285219797" lon="114.3086389173"><ele>310.000</ele></trkpt>
      <trkpt lat="22.4285076617" lon="114.3086170591"><ele>310.000</ele></trkpt>
      <trkpt lat="22.4284987195" lon="114.3085952049"><ele>310.000</ele></trkpt>
      <trkpt lat="22.4284957468" lon="114.3085784968"><ele>310.000</ele></trkpt>
      <trkpt lat="22.4284957735" lon="114.3085457292"><ele>310.000</ele></trkpt>
      <trkpt lat="22.4284958070" lon="114.3085046081"><ele>310.000</ele></trkpt>
      <trkpt lat="22.4284952394" lon="114.3084686267"><ele>310.000</ele></trkpt>
      <trkpt lat="22.4284880962" lon="114.3084377796"><ele>310.000</ele></trkpt>
      <trkpt lat="22.4284785665" lon="114.3084043600"><ele>310.000</ele></trkpt>
      <trkpt lat="22.4284678373" lon="114.3083767227"><ele>308.000</ele></trkpt>
      <trkpt lat="22.4284463640" lon="114.3083387945"><ele>311.000</ele></trkpt>
      <trkpt lat="22.4284290684" lon="114.3083060096"><ele>311.000</ele></trkpt>
      <trkpt lat="22.4284141552" lon="114.3082809376"><ele>313.000</ele></trkpt>
      <trkpt lat="22.4284058118" lon="114.3082578000"><ele>313.000</ele></trkpt>
      <trkpt lat="22.4283998559" lon="114.3082359487"><ele>312.000</ele></trkpt>
      <trkpt lat="22.4283962916" lon="114.3082115304"><ele>312.000</ele></trkpt>
      <trkpt lat="22.4283987051" lon="114.3081819764"><ele>312.000</ele></trkpt>
      <trkpt lat="22.4284041060" lon="114.3081511411"><ele>312.000</ele></trkpt>
      <trkpt lat="22.4284166956" lon="114.3080952546"><ele>312.000</ele></trkpt>
      <trkpt lat="22.4284274849" lon="114.3080490041"><ele>312.000</ele></trkpt>
      <trkpt lat="22.4284370803" lon="114.3080027525"><ele>312.000</ele></trkpt>
      <trkpt lat="22.4284466784" lon="114.3079520036"><ele>312.000</ele></trkpt>
      <trkpt lat="22.4284580654" lon="114.3079057536"><ele>312.000</ele></trkpt>
      <trkpt lat="22.4284628700" lon="114.3078729896"><ele>312.000</ele></trkpt>
      <trkpt lat="22.4284658851" lon="114.3078376547"><ele>312.000</ele></trkpt>
      <trkpt lat="22.4284712972" lon="114.3077939693"><ele>312.000</ele></trkpt>
      <trkpt lat="22.4284826732" lon="114.3077612114"><ele>312.000</ele></trkpt>
      <trkpt lat="22.4284928505" lon="114.3077323087"><ele>314.000</ele></trkpt>
      <trkpt lat="22.4285072197" lon="114.3076912009"><ele>314.000</ele></trkpt>
      <trkpt lat="22.4285227799" lon="114.3076545926"><ele>314.000</ele></trkpt>
      <trkpt lat="22.4285341481" lon="114.3076314735"><ele>314.000</ele></trkpt>
      <trkpt lat="22.4285395343" lon="114.3076186275"><ele>314.000</ele></trkpt>
      <trkpt lat="22.4285513183" lon="114.3076017866"><ele>314.000</ele></trkpt>
      <trkpt lat="22.4285632756" lon="114.3075883047"><ele>313.000</ele></trkpt>
      <trkpt lat="22.4285764313" lon="114.3075703266"><ele>313.000</ele></trkpt>
      <trkpt lat="22.4285866130" lon="114.3075369255"><ele>314.000</ele></trkpt>
      <trkpt lat="22.4285932174" lon="114.3074951694"><ele>314.000</ele></trkpt>
      <trkpt lat="22.4286010294" lon="114.3074373501"><ele>314.000</ele></trkpt>
      <trkpt lat="22.4286034589" lon="114.3073878794"><ele>314.000</ele></trkpt>
      <trkpt lat="22.4286052822" lon="114.3073486880"><ele>314.000</ele></trkpt>
      <trkpt lat="22.4286047180" lon="114.3073082093"><ele>315.000</ele></trkpt>
      <trkpt lat="22.4286005723" lon="114.3072632299"><ele>314.000</ele></trkpt>
      <trkpt lat="22.4285916448" lon="114.3072240284"><ele>314.000</ele></trkpt>
      <trkpt lat="22.4285749569" lon="114.3071777512"><ele>314.000</ele></trkpt>
      <trkpt lat="22.4285660155" lon="114.3071546130"><ele>314.000</ele></trkpt>
      <trkpt lat="22.4285594693" lon="114.3071244085"><ele>314.000</ele></trkpt>
      <trkpt lat="22.4285535340" lon="114.3070768572"><ele>316.000</ele></trkpt>
      <trkpt lat="22.4285517921" lon="114.3070151748"><ele>317.000</ele></trkpt>
      <trkpt lat="22.4285506284" lon="114.3069766236"><ele>317.000</ele></trkpt>
      <trkpt lat="22.4285512435" lon="114.3069541364"><ele>317.000</ele></trkpt>
      <trkpt lat="22.4285554374" lon="114.3069393622"><ele>317.000</ele></trkpt>
      <trkpt lat="22.4285650072" lon="114.3069233078"><ele>316.000</ele></trkpt>
      <trkpt lat="22.4285817517" lon="114.3068995505"><ele>316.000</ele></trkpt>
      <trkpt lat="22.4286002898" lon="114.3068732257"><ele>318.000</ele></trkpt>
      <trkpt lat="22.4286170353" lon="114.3068481833"><ele>316.000</ele></trkpt>
      <trkpt lat="22.4286325891" lon="114.3068192845"><ele>319.000</ele></trkpt>
      <trkpt lat="22.4286439572" lon="114.3067961643"><ele>319.000</ele></trkpt>
      <trkpt lat="22.4286481595" lon="114.3067698251"><ele>319.000</ele></trkpt>
      <trkpt lat="22.4286439986" lon="114.3067447642"><ele>319.000</ele></trkpt>
      <trkpt lat="22.4286380461" lon="114.3067184156"><ele>319.000</ele></trkpt>
      <trkpt lat="22.4286344836" lon="114.3066914271"><ele>319.000</ele></trkpt>
      <trkpt lat="22.4286345022" lon="114.3066682963"><ele>317.000</ele></trkpt>
      <trkpt lat="22.4286369128" lon="114.3066419554"><ele>317.000</ele></trkpt>
      <trkpt lat="22.4286435066" lon="114.3066130483"><ele>317.000</ele></trkpt>
      <trkpt lat="22.4286536820" lon="114.3065873577"><ele>316.000</ele></trkpt>
      <trkpt lat="22.4286662443" lon="114.3065648816"><ele>316.000</ele></trkpt>
      <trkpt lat="22.4286865740" lon="114.3065385574"><ele>318.000</ele></trkpt>
      <trkpt lat="22.4287045095" lon="114.3065192985"><ele>316.000</ele></trkpt>
      <trkpt lat="22.4287206520" lon="114.3065006810"><ele>316.000</ele></trkpt>
      <trkpt lat="22.4287302258" lon="114.3064807723"><ele>317.000</ele></trkpt>
      <trkpt lat="22.4287344193" lon="114.3064653559"><ele>317.000</ele></trkpt>
      <trkpt lat="22.4287344363" lon="114.3064441532"><ele>319.000</ele></trkpt>
      <trkpt lat="22.4287362537" lon="114.3064120293"><ele>319.000</ele></trkpt>
      <trkpt lat="22.4287374690" lon="114.3063863294"><ele>320.000</ele></trkpt>
      <trkpt lat="22.4287422701" lon="114.3063587057"><ele>318.000</ele></trkpt>
      <trkpt lat="22.4287554401" lon="114.3063227380"><ele>315.000</ele></trkpt>
      <trkpt lat="22.4287650222" lon="114.3062912634"><ele>312.000</ele></trkpt>
      <trkpt lat="22.4287728102" lon="114.3062630003"><ele>312.000</ele></trkpt>
      <trkpt lat="22.4287865769" lon="114.3062283173"><ele>312.000</ele></trkpt>
      <trkpt lat="22.4288003348" lon="114.3062045571"><ele>310.000</ele></trkpt>
      <trkpt lat="22.4288134888" lon="114.3061885070"><ele>310.000</ele></trkpt>
      <trkpt lat="22.4288194729" lon="114.3061743774"><ele>310.000</ele></trkpt>
      <trkpt lat="22.4288212870" lon="114.3061473929"><ele>308.000</ele></trkpt>
      <trkpt lat="22.4288213153" lon="114.3061120551"><ele>308.000</ele></trkpt>
      <trkpt lat="22.4288219379" lon="114.3060799300"><ele>307.000</ele></trkpt>
      <trkpt lat="22.4288249485" lon="114.3060497344"><ele>308.000</ele></trkpt>
      <trkpt lat="22.4288303432" lon="114.3060272516"><ele>310.000</ele></trkpt>
      <trkpt lat="22.4288429034" lon="114.3060060605"><ele>312.000</ele></trkpt>
      <trkpt lat="22.4288590467" lon="114.3059874419"><ele>312.000</ele></trkpt>
      <trkpt lat="22.4288626413" lon="114.3059733111"><ele>312.000</ele></trkpt>
      <trkpt lat="22.4288614651" lon="114.3059501791"><ele>312.000</ele></trkpt>
      <trkpt lat="22.4288638689" lon="114.3059321909"><ele>312.000</ele></trkpt>
      <trkpt lat="22.4288668747" lon="114.3059090638"><ele>310.000</ele></trkpt>
      <trkpt lat="22.4288704739" lon="114.3058891485"><ele>310.000</ele></trkpt>
      <trkpt lat="22.4288770521" lon="114.3058795178"><ele>312.000</ele></trkpt>
      <trkpt lat="22.4288919960" lon="114.3058666806"><ele>312.000</ele></trkpt>
      <trkpt lat="22.4289153099" lon="114.3058442143"><ele>310.000</ele></trkpt>
      <trkpt lat="22.4289344432" lon="114.3058198169"><ele>313.000</ele></trkpt>
      <trkpt lat="22.4289601552" lon="114.3057864300"><ele>312.000</ele></trkpt>
      <trkpt lat="22.4289864646" lon="114.3057524015"><ele>312.000</ele></trkpt>
      <trkpt lat="22.4290175509" lon="114.3057209466"><ele>313.000</ele></trkpt>
      <trkpt lat="22.4290516275" lon="114.3056856401"><ele>312.000</ele></trkpt>
      <trkpt lat="22.4290809207" lon="114.3056548266"><ele>313.000</ele></trkpt>
      <trkpt lat="22.4291054297" lon="114.3056317183"><ele>314.000</ele></trkpt>
      <trkpt lat="22.4291293491" lon="114.3055983296"><ele>316.000</ele></trkpt>
      <trkpt lat="22.4291472911" lon="114.3055707179"><ele>317.000</ele></trkpt>
      <trkpt lat="22.4291652321" lon="114.3055443922"><ele>317.000</ele></trkpt>
      <trkpt lat="22.4291801869" lon="114.3055167777"><ele>318.000</ele></trkpt>
      <trkpt lat="22.4291921675" lon="114.3054750253"><ele>316.000</ele></trkpt>
      <trkpt lat="22.4291969659" lon="114.3054493295"><ele>316.000</ele></trkpt>
      <trkpt lat="22.4292053459" lon="114.3054281335"><ele>318.000</ele></trkpt>
      <trkpt lat="22.4292149213" lon="114.3054050124"><ele>318.000</ele></trkpt>
      <trkpt lat="22.4292288099" lon="114.3053609974"><ele>318.000</ele></trkpt>
      <trkpt lat="22.4292338277" lon="114.3053535614"><ele>318.000</ele></trkpt>
      <trkpt lat="22.4292534420" lon="114.3053307332"><ele>318.000</ele></trkpt>
      <trkpt lat="22.4292584429" lon="114.3053218207"><ele>318.000</ele></trkpt>
      <trkpt lat="22.4292657070" lon="114.3053059749"><ele>318.000</ele></trkpt>
      <trkpt lat="22.4292720350" lon="114.3052861844"><ele>318.000</ele></trkpt>
      <trkpt lat="22.4292760850" lon="114.3052693739"><ele>317.000</ele></trkpt>
      <trkpt lat="22.4292878344" lon="114.3052342508"><ele>318.000</ele></trkpt>
      <trkpt lat="22.4292959568" lon="114.3052065454"><ele>318.000</ele></trkpt>
      <trkpt lat="22.4293072543" lon="114.3051719172"><ele>316.000</ele></trkpt>
      <trkpt lat="22.4293306935" lon="114.3050858667"><ele>316.000</ele></trkpt>
      <trkpt lat="22.4293356626" lon="114.3050715146"><ele>316.000</ele></trkpt>
      <trkpt lat="22.4293437692" lon="114.3050408563"><ele>316.000</ele></trkpt>
      <trkpt lat="22.4293477881" lon="114.3050176251"><ele>316.000</ele></trkpt>
      <trkpt lat="22.4293499809" lon="114.3049968692"><ele>316.000</ele></trkpt>
      <trkpt lat="22.4293517053" lon="114.3049746364"><ele>314.000</ele></trkpt>
      <trkpt lat="22.4293511273" lon="114.3049519255"><ele>314.000</ele></trkpt>
      <trkpt lat="22.4293477958" lon="114.3049282408"><ele>315.000</ele></trkpt>
      <trkpt lat="22.4293458377" lon="114.3049035568"><ele>315.000</ele></trkpt>
      <trkpt lat="22.4293429585" lon="114.3048788816"><ele>316.000</ele></trkpt>
      <trkpt lat="22.4293399709" lon="114.3048314961"><ele>316.000</ele></trkpt>
      <trkpt lat="22.4293415781" lon="114.3047918953"><ele>316.000</ele></trkpt>
      <trkpt lat="22.4293420155" lon="114.3047811136"><ele>316.000</ele></trkpt>
      <trkpt lat="22.4293422498" lon="114.3047361788"><ele>316.000</ele></trkpt>
      <trkpt lat="22.4293467045" lon="114.3047099756"><ele>316.000</ele></trkpt>
      <trkpt lat="22.4293479848" lon="114.3046897240"><ele>318.000</ele></trkpt>
      <trkpt lat="22.4293501619" lon="114.3046660054"><ele>318.000</ele></trkpt>
      <trkpt lat="22.4293591105" lon="114.3046210203"><ele>318.000</ele></trkpt>
      <trkpt lat="22.4293579874" lon="114.3045795423"><ele>318.000</ele></trkpt>
      <trkpt lat="22.4293564894" lon="114.3045553541"><ele>318.000</ele></trkpt>
      <trkpt lat="22.4293568643" lon="114.3045380740"><ele>320.000</ele></trkpt>
      <trkpt lat="22.4293608431" lon="114.3045084221"><ele>320.000</ele></trkpt>
      <trkpt lat="22.4293657890" lon="114.3044891355"><ele>320.000</ele></trkpt>
      <trkpt lat="22.4293802631" lon="114.3044455930"><ele>320.000</ele></trkpt>
      <trkpt lat="22.4293833989" lon="114.3044312586"><ele>320.000</ele></trkpt>
      <trkpt lat="22.4293988637" lon="114.3044025303"><ele>322.000</ele></trkpt>
      <trkpt lat="22.4294207012" lon="114.3043658717"><ele>322.000</ele></trkpt>
      <trkpt lat="22.4294457154" lon="114.3043202990"><ele>324.000</ele></trkpt>
      <trkpt lat="22.4294511769" lon="114.3043113772"><ele>324.000</ele></trkpt>
      <trkpt lat="22.4294611832" lon="114.3042968432"><ele>324.000</ele></trkpt>
      <trkpt lat="22.4294761316" lon="114.3042782242"><ele>324.000</ele></trkpt>
      <trkpt lat="22.4294886930" lon="114.3042563898"><ele>324.000</ele></trkpt>
      <trkpt lat="22.4294988621" lon="114.3042371234"><ele>324.000</ele></trkpt>
      <trkpt lat="22.4295066421" lon="114.3042184979"><ele>324.000</ele></trkpt>
      <trkpt lat="22.4295126365" lon="114.3041921602"><ele>327.000</ele></trkpt>
      <trkpt lat="22.4295162536" lon="114.3041503999"><ele>328.000</ele></trkpt>
      <trkpt lat="22.4295168859" lon="114.3041054246"><ele>325.000</ele></trkpt>
      <trkpt lat="22.4295193123" lon="114.3040585237"><ele>320.000</ele></trkpt>
      <trkpt lat="22.4295247180" lon="114.3040206194"><ele>320.000</ele></trkpt>
      <trkpt lat="22.4295271211" lon="114.3040032741"><ele>318.000</ele></trkpt>
      <trkpt lat="22.4295247408" lon="114.3039917070"><ele>318.000</ele></trkpt>
      <trkpt lat="22.4295163887" lon="114.3039788492"><ele>318.000</ele></trkpt>
      <trkpt lat="22.4295056502" lon="114.3039621340"><ele>318.000</ele></trkpt>
      <trkpt lat="22.4294961070" lon="114.3039434918"><ele>318.000</ele></trkpt>
      <trkpt lat="22.4294895436" lon="114.3039344910"><ele>318.000</ele></trkpt>
      <trkpt lat="22.4294740165" lon="114.3039299795"><ele>318.000</ele></trkpt>
      <trkpt lat="22.4294501268" lon="114.3039261024"><ele>319.000</ele></trkpt>
      <trkpt lat="22.4294316124" lon="114.3039228733"><ele>317.000</ele></trkpt>
      <trkpt lat="22.4294136969" lon="114.3039170735"><ele>318.000</ele></trkpt>
      <trkpt lat="22.4293957804" lon="114.3039125598"><ele>318.000</ele></trkpt>
      <trkpt lat="22.4293689044" lon="114.3039073959"><ele>319.000</ele></trkpt>
      <trkpt lat="22.4293551679" lon="114.3039054552"><ele>319.000</ele></trkpt>
      <trkpt lat="22.4293432292" lon="114.3038945214"><ele>319.000</ele></trkpt>
      <trkpt lat="22.4293354781" lon="114.3038765239"><ele>319.000</ele></trkpt>
      <trkpt lat="22.4293331007" lon="114.3038623865"><ele>316.000</ele></trkpt>
      <trkpt lat="22.4293354973" lon="114.3038521088"><ele>316.000</ele></trkpt>
      <trkpt lat="22.4293438629" lon="114.3038489041"><ele>316.000</ele></trkpt>
      <trkpt lat="22.4293570025" lon="114.3038508433"><ele>316.000</ele></trkpt>
      <trkpt lat="22.4293725321" lon="114.3038521425"><ele>316.000</ele></trkpt>
      <trkpt lat="22.4293791052" lon="114.3038489362"><ele>316.000</ele></trkpt>
      <trkpt lat="22.4293940489" lon="114.3038360987"><ele>316.000</ele></trkpt>
      <trkpt lat="22.4294143717" lon="114.3038181277"><ele>314.000</ele></trkpt>
      <trkpt lat="22.4294299108" lon="114.3038072189"><ele>313.000</ele></trkpt>
      <trkpt lat="22.4294526214" lon="114.3037924613"><ele>313.000</ele></trkpt>
      <trkpt lat="22.4294663639" lon="114.3037866913"><ele>310.000</ele></trkpt>
      <trkpt lat="22.4294801044" lon="114.3037847766"><ele>310.000</ele></trkpt>
      <trkpt lat="22.4294962314" lon="114.3037854333"><ele>310.000</ele></trkpt>
      <trkpt lat="22.4295171388" lon="114.3037841672"><ele>307.000</ele></trkpt>
      <trkpt lat="22.4295499960" lon="114.3037796997"><ele>307.000</ele></trkpt>
      <trkpt lat="22.4295804664" lon="114.3037707326"><ele>302.000</ele></trkpt>
      <trkpt lat="22.4296055619" lon="114.3037604746"><ele>302.000</ele></trkpt>
      <trkpt lat="22.4296318543" lon="114.3037476484"><ele>302.000</ele></trkpt>
      <trkpt lat="22.4296521748" lon="114.3037335316"><ele>304.000</ele></trkpt>
      <trkpt lat="22.4296730964" lon="114.3037142750"><ele>299.000</ele></trkpt>
      <trkpt lat="22.4296898378" lon="114.3036937294"><ele>299.000</ele></trkpt>
      <trkpt lat="22.4296976152" lon="114.3036783161"><ele>298.000</ele></trkpt>
      <trkpt lat="22.4297041893" lon="114.3036738247"><ele>298.000</ele></trkpt>
      <trkpt lat="22.4297155474" lon="114.3036629121"><ele>298.000</ele></trkpt>
      <trkpt lat="22.4297358721" lon="114.3036423707"><ele>298.000</ele></trkpt>
      <trkpt lat="22.4297561982" lon="114.3036211853"><ele>296.000</ele></trkpt>
      <trkpt lat="22.4297842947" lon="114.3035935834"><ele>297.000</ele></trkpt>
      <trkpt lat="22.4298040250" lon="114.3035698282"><ele>294.000</ele></trkpt>
      <trkpt lat="22.4298183820" lon="114.3035428549"><ele>294.000</ele></trkpt>
      <trkpt lat="22.4298285574" lon="114.3035165218"><ele>292.000</ele></trkpt>
      <trkpt lat="22.4298351491" lon="114.3034895414"><ele>292.000</ele></trkpt>
      <trkpt lat="22.4298399508" lon="114.3034593481"><ele>290.000</ele></trkpt>
      <trkpt lat="22.4298429578" lon="114.3034330075"><ele>287.000</ele></trkpt>
      <trkpt lat="22.4298441746" lon="114.3034060232"><ele>287.000</ele></trkpt>
      <trkpt lat="22.4298467009" lon="114.3033823078"><ele>286.000</ele></trkpt>
      <trkpt lat="22.4298467067" lon="114.3033749653"><ele>286.000</ele></trkpt>
      <trkpt lat="22.4298503048" lon="114.3033687858"><ele>286.000</ele></trkpt>
      <trkpt lat="22.4298526452" lon="114.3033622186"><ele>286.000</ele></trkpt>
      <trkpt lat="22.4298522926" lon="114.3033535227"><ele>286.000</ele></trkpt>
      <trkpt lat="22.4298497829" lon="114.3033467578"><ele>286.000</ele></trkpt>
      <trkpt lat="22.4298338064" lon="114.3033326382"><ele>284.000</ele></trkpt>
      <trkpt lat="22.4298273406" lon="114.3033314735"><ele>284.000</ele></trkpt>
      <trkpt lat="22.4298208729" lon="114.3033328197"><ele>282.000</ele></trkpt>
      <trkpt lat="22.4298038000" lon="114.3033430453"><ele>284.000</ele></trkpt>
      <trkpt lat="22.4297969707" lon="114.3033470965"><ele>284.000</ele></trkpt>
      <trkpt lat="22.4297919401" lon="114.3033490240"><ele>284.000</ele></trkpt>
      <trkpt lat="22.4297863717" lon="114.3033482467"><ele>284.000</ele></trkpt>
      <trkpt lat="22.4297860216" lon="114.3033362656"><ele>282.000</ele></trkpt>
      <trkpt lat="22.4297829911" lon="114.3033072804"><ele>282.000</ele></trkpt>
      <trkpt lat="22.4297778126" lon="114.3032674722"><ele>276.000</ele></trkpt>
      <trkpt lat="22.4297765675" lon="114.3032522071"><ele>276.000</ele></trkpt>
      <trkpt lat="22.4297816049" lon="114.3032415840"><ele>279.000</ele></trkpt>
      <trkpt lat="22.4297841265" lon="114.3032330850"><ele>279.000</ele></trkpt>
      <trkpt lat="22.4297832348" lon="114.3032243895"><ele>279.000</ele></trkpt>
      <trkpt lat="22.4297800065" lon="114.3032185895"><ele>275.000</ele></trkpt>
      <trkpt lat="22.4297733623" lon="114.3032156850"><ele>275.000</ele></trkpt>
      <trkpt lat="22.4297663565" lon="114.3032156786"><ele>275.000</ele></trkpt>
      <trkpt lat="22.4297575521" lon="114.3032187625"><ele>275.000</ele></trkpt>
      <trkpt lat="22.4297517325" lon="114.3032215373"><ele>275.000</ele></trkpt>
      <trkpt lat="22.4297415741" lon="114.3032273096"><ele>275.000</ele></trkpt>
      <trkpt lat="22.4297314129" lon="114.3032356541"><ele>274.000</ele></trkpt>
      <trkpt lat="22.4297224443" lon="114.3032465689"><ele>276.000</ele></trkpt>
      <trkpt lat="22.4297110818" lon="114.3032632631"><ele>276.000</ele></trkpt>
      <trkpt lat="22.4296985249" lon="114.3032806002"><ele>276.000</ele></trkpt>
      <trkpt lat="22.4296877613" lon="114.3032947257"><ele>277.000</ele></trkpt>
      <trkpt lat="22.4296752119" lon="114.3033024250"><ele>277.000</ele></trkpt>
      <trkpt lat="22.4296572864" lon="114.3033094764"><ele>277.000</ele></trkpt>
      <trkpt lat="22.4296350485" lon="114.3033144889"><ele>276.000</ele></trkpt>
      <trkpt lat="22.4295909717" lon="114.3033238721"><ele>276.000</ele></trkpt>
      <trkpt lat="22.4295835362" lon="114.3033258644"><ele>276.000</ele></trkpt>
      <trkpt lat="22.4295751747" lon="114.3033250001"><ele>276.000</ele></trkpt>
      <trkpt lat="22.4295723903" lon="114.3033208576"><ele>276.000</ele></trkpt>
      <trkpt lat="22.4295714664" lon="114.3033140029"><ele>276.000</ele></trkpt>
      <trkpt lat="22.4295736599" lon="114.3033094006"><ele>276.000</ele></trkpt>
      <trkpt lat="22.4295796391" lon="114.3033023384"><ele>276.000</ele></trkpt>
      <trkpt lat="22.4295939855" lon="114.3032888583"><ele>274.000</ele></trkpt>
      <trkpt lat="22.4296065402" lon="114.3032753765"><ele>274.000</ele></trkpt>
      <trkpt lat="22.4296137177" lon="114.3032625329"><ele>274.000</ele></trkpt>
      <trkpt lat="22.4296209012" lon="114.3032432637"><ele>272.000</ele></trkpt>
      <trkpt lat="22.4296292815" lon="114.3032201413"><ele>272.000</ele></trkpt>
      <trkpt lat="22.4296382596" lon="114.3031970184"><ele>272.000</ele></trkpt>
      <trkpt lat="22.4296460395" lon="114.3031783928"><ele>270.000</ele></trkpt>
      <trkpt lat="22.4296520287" lon="114.3031584805"><ele>270.000</ele></trkpt>
      <trkpt lat="22.4296538334" lon="114.3031417767"><ele>269.000</ele></trkpt>
      <trkpt lat="22.4296532480" lon="114.3031269979"><ele>269.000</ele></trkpt>
      <trkpt lat="22.4296496729" lon="114.3031154296"><ele>269.000</ele></trkpt>
      <trkpt lat="22.4296455008" lon="114.3031038599"><ele>269.000</ele></trkpt>
      <trkpt lat="22.4296437168" lon="114.3030929363"><ele>263.000</ele></trkpt>
      <trkpt lat="22.4296467127" lon="114.3030807310"><ele>266.000</ele></trkpt>
      <trkpt lat="22.4296521055" lon="114.3030601751"><ele>266.000</ele></trkpt>
      <trkpt lat="22.4296580959" lon="114.3030376925"><ele>265.000</ele></trkpt>
      <trkpt lat="22.4296652873" lon="114.3030081434"><ele>265.000</ele></trkpt>
      <trkpt lat="22.4296706847" lon="114.3029805199"><ele>262.000</ele></trkpt>
      <trkpt lat="22.4296736897" lon="114.3029567496"><ele>262.000</ele></trkpt>
      <trkpt lat="22.4296749004" lon="114.3029361909"><ele>261.000</ele></trkpt>
      <trkpt lat="22.4296737178" lon="114.3029207685"><ele>261.000</ele></trkpt>
      <trkpt lat="22.4296665703" lon="114.3028950618"><ele>258.000</ele></trkpt>
      <trkpt lat="22.4296564452" lon="114.3028571443"><ele>258.000</ele></trkpt>
      <trkpt lat="22.4296457211" lon="114.3028217966"><ele>255.000</ele></trkpt>
      <trkpt lat="22.4296332000" lon="114.3027922297"><ele>249.000</ele></trkpt>
      <trkpt lat="22.4296266429" lon="114.3027748753"><ele>249.000</ele></trkpt>
      <trkpt lat="22.4296218740" lon="114.3027620209"><ele>249.000</ele></trkpt>
      <trkpt lat="22.4296212841" lon="114.3027530256"><ele>248.000</ele></trkpt>
      <trkpt lat="22.4296236806" lon="114.3027440320"><ele>248.000</ele></trkpt>
      <trkpt lat="22.4296284681" lon="114.3027318282"><ele>248.000</ele></trkpt>
      <trkpt lat="22.4296344538" lon="114.3027164133"><ele>248.000</ele></trkpt>
      <trkpt lat="22.4296392417" lon="114.3027048526"><ele>246.000</ele></trkpt>
      <trkpt lat="22.4296386544" lon="114.3026913589"><ele>246.000</ele></trkpt>
      <trkpt lat="22.4296332871" lon="114.3026804321"><ele>246.000</ele></trkpt>
      <trkpt lat="22.4296243366" lon="114.3026682160"><ele>246.000</ele></trkpt>
      <trkpt lat="22.4296082231" lon="114.3026502109"><ele>242.000</ele></trkpt>
      <trkpt lat="22.4295909135" lon="114.3026328478"><ele>241.000</ele></trkpt>
      <trkpt lat="22.4295628572" lon="114.3026103336"><ele>238.000</ele></trkpt>
      <trkpt lat="22.4295401697" lon="114.3025955359"><ele>236.000</ele></trkpt>
      <trkpt lat="22.4295222582" lon="114.3025845968"><ele>236.000</ele></trkpt>
      <trkpt lat="22.4294989713" lon="114.3025742959"><ele>238.000</ele></trkpt>
      <trkpt lat="22.4294906127" lon="114.3025685059"><ele>238.000</ele></trkpt>
      <trkpt lat="22.4294840491" lon="114.3025595042"><ele>235.000</ele></trkpt>
      <trkpt lat="22.4294774916" lon="114.3025427929"><ele>235.000</ele></trkpt>
      <trkpt lat="22.4294679511" lon="114.3025215815"><ele>235.000</ele></trkpt>
      <trkpt lat="22.4294530420" lon="114.3024900854"><ele>231.000</ele></trkpt>
      <trkpt lat="22.4294387306" lon="114.3024585888"><ele>230.000</ele></trkpt>
      <trkpt lat="22.4294256125" lon="114.3024290215"><ele>230.000</ele></trkpt>
      <trkpt lat="22.4294112966" lon="114.3024033074"><ele>228.000</ele></trkpt>
      <trkpt lat="22.4293969788" lon="114.3023801646"><ele>228.000</ele></trkpt>
      <trkpt lat="22.4293874333" lon="114.3023653777"><ele>224.000</ele></trkpt>
      <trkpt lat="22.4293731080" lon="114.3023518727"><ele>223.000</ele></trkpt>
      <trkpt lat="22.4293551985" lon="114.3023370783"><ele>223.000</ele></trkpt>
      <trkpt lat="22.4293396789" lon="114.3023242143"><ele>223.000</ele></trkpt>
      <trkpt lat="22.4293217733" lon="114.3023055656"><ele>220.000</ele></trkpt>
      <trkpt lat="22.4293050620" lon="114.3022875601"><ele>220.000</ele></trkpt>
      <trkpt lat="22.4292883531" lon="114.3022663423"><ele>218.000</ele></trkpt>
      <trkpt lat="22.4292680670" lon="114.3022374106"><ele>217.000</ele></trkpt>
      <trkpt lat="22.4292567340" lon="114.3022161977"><ele>215.000</ele></trkpt>
      <trkpt lat="22.4292442078" lon="114.3021930555"><ele>215.000</ele></trkpt>
      <trkpt lat="22.4292340710" lon="114.3021699164"><ele>210.000</ele></trkpt>
      <trkpt lat="22.4292257267" lon="114.3021467780"><ele>210.000</ele></trkpt>
      <trkpt lat="22.4292197735" lon="114.3021204295"><ele>208.000</ele></trkpt>
      <trkpt lat="22.4292150164" lon="114.3020934399"><ele>208.000</ele></trkpt>
      <trkpt lat="22.4292108562" lon="114.3020664509"><ele>208.000</ele></trkpt>
      <trkpt lat="22.4292072990" lon="114.3020317518"><ele>208.000</ele></trkpt>
      <trkpt lat="22.4292043371" lon="114.3019989804"><ele>208.000</ele></trkpt>
      <trkpt lat="22.4292019704" lon="114.3019707079"><ele>206.000</ele></trkpt>
      <trkpt lat="22.4291984086" lon="114.3019417913"><ele>206.000</ele></trkpt>
      <trkpt lat="22.4291924584" lon="114.3019115885"><ele>203.000</ele></trkpt>
      <trkpt lat="22.4291882947" lon="114.3018890969"><ele>203.000</ele></trkpt>
      <trkpt lat="22.4291829293" lon="114.3018755989"><ele>202.000</ele></trkpt>
      <trkpt lat="22.4291704130" lon="114.3018396067"><ele>202.000</ele></trkpt>
      <trkpt lat="22.4291608794" lon="114.3018094007"><ele>202.000</ele></trkpt>
      <trkpt lat="22.4291501516" lon="114.3017785505"><ele>199.000</ele></trkpt>
      <trkpt lat="22.4291394184" lon="114.3017534818"><ele>199.000</ele></trkpt>
      <trkpt lat="22.4291352512" lon="114.3017354886"><ele>196.000</ele></trkpt>
      <trkpt lat="22.4291257211" lon="114.3017007842"><ele>196.000</ele></trkpt>
      <trkpt lat="22.4291161916" lon="114.3016641526"><ele>193.000</ele></trkpt>
      <trkpt lat="22.4291078572" lon="114.3016281642"><ele>190.000</ele></trkpt>
      <trkpt lat="22.4291013095" lon="114.3015986029"><ele>192.000</ele></trkpt>
      <trkpt lat="22.4290935601" lon="114.3015780352"><ele>189.000</ele></trkpt>
      <trkpt lat="22.4290846130" lon="114.3015613219"><ele>189.000</ele></trkpt>
      <trkpt lat="22.4290696976" lon="114.3015388207"><ele>186.000</ele></trkpt>
      <trkpt lat="22.4290577647" lon="114.3015201775"><ele>186.000</ele></trkpt>
      <trkpt lat="22.4290470284" lon="114.3015002502"><ele>186.000</ele></trkpt>
      <trkpt lat="22.4290344981" lon="114.3014822485"><ele>184.000</ele></trkpt>
      <trkpt lat="22.4290165988" lon="114.3014565315"><ele>184.000</ele></trkpt>
      <trkpt lat="22.4290046624" lon="114.3014423856"><ele>182.000</ele></trkpt>
      <trkpt lat="22.4289825791" lon="114.3014192360"><ele>182.000</ele></trkpt>
      <trkpt lat="22.4289515432" lon="114.3013877248"><ele>180.000</ele></trkpt>
      <trkpt lat="22.4289133434" lon="114.3013491395"><ele>179.000</ele></trkpt>
      <trkpt lat="22.4288906647" lon="114.3013240622"><ele>178.000</ele></trkpt>
      <trkpt lat="22.4288805203" lon="114.3013105601"><ele>178.000</ele></trkpt>
      <trkpt lat="22.4288608378" lon="114.3012726345"><ele>176.000</ele></trkpt>
      <trkpt lat="22.4288459294" lon="114.3012398525"><ele>176.000</ele></trkpt>
      <trkpt lat="22.4288340088" lon="114.3012064322"><ele>176.000</ele></trkpt>
      <trkpt lat="22.4288197051" lon="114.3011646561"><ele>176.000</ele></trkpt>
      <trkpt lat="22.4288077938" lon="114.3011190268"><ele>173.000</ele></trkpt>
      <trkpt lat="22.4287988634" lon="114.3010804677"><ele>171.000</ele></trkpt>
      <trkpt lat="22.4287923260" lon="114.3010374144"><ele>170.000</ele></trkpt>
      <trkpt lat="22.4287893717" lon="114.3009956484"><ele>170.000</ele></trkpt>
      <trkpt lat="22.4287852401" lon="114.3009301085"><ele>172.000</ele></trkpt>
      <trkpt lat="22.4287846920" lon="114.3008664988"><ele>170.000</ele></trkpt>
      <trkpt lat="22.4287847394" lon="114.3008048179"><ele>167.000</ele></trkpt>
      <trkpt lat="22.4287877736" lon="114.3007424975"><ele>166.000</ele></trkpt>
      <trkpt lat="22.4287895903" lon="114.3007110156"><ele>164.000</ele></trkpt>
      <trkpt lat="22.4287961943" lon="114.3006673310"><ele>164.000</ele></trkpt>
      <trkpt lat="22.4288058118" lon="114.3005883101"><ele>163.000</ele></trkpt>
      <trkpt lat="22.4288178389" lon="114.3004829492"><ele>160.000</ele></trkpt>
      <trkpt lat="22.4288257163" lon="114.3004108059"><ele>159.000</ele></trkpt>
      <trkpt lat="22.4288347324" lon="114.3003362829"><ele>154.000</ele></trkpt>
      <trkpt lat="22.4288395398" lon="114.3002990211"><ele>152.000</ele></trkpt>
      <trkpt lat="22.4288407596" lon="114.3002662545"><ele>150.000</ele></trkpt>
      <trkpt lat="22.4288425836" lon="114.3002238497"><ele>148.000</ele></trkpt>
      <trkpt lat="22.4288432104" lon="114.3001859432"><ele>148.000</ele></trkpt>
      <trkpt lat="22.4288438333" lon="114.3001518900"><ele>146.000</ele></trkpt>
      <trkpt lat="22.4288444561" lon="114.3001191219"><ele>144.000</ele></trkpt>
      <trkpt lat="22.4288438902" lon="114.3000773590"><ele>144.000</ele></trkpt>
      <trkpt lat="22.4288439225" lon="114.3000349526"><ele>143.000</ele></trkpt>
      <trkpt lat="22.4288433477" lon="114.3000060397"><ele>143.000</ele></trkpt>
      <trkpt lat="22.4288457533" lon="114.2999848391"><ele>142.000</ele></trkpt>
      <trkpt lat="22.4288463649" lon="114.2999655641"><ele>142.000</ele></trkpt>
      <trkpt lat="22.4288493670" lon="114.2999450060"><ele>142.000</ele></trkpt>
      <trkpt lat="22.4288571695" lon="114.2998961820"><ele>140.000</ele></trkpt>
      <trkpt lat="22.4288637718" lon="114.2998557095"><ele>140.000</ele></trkpt>
      <trkpt lat="22.4288691735" lon="114.2998216615"><ele>140.000</ele></trkpt>
      <trkpt lat="22.4288775631" lon="114.2997856879"><ele>140.000</ele></trkpt>
      <trkpt lat="22.4288901528" lon="114.2997259452"><ele>136.000</ele></trkpt>
      <trkpt lat="22.4289027415" lon="114.2996662034"><ele>134.000</ele></trkpt>
      <trkpt lat="22.4289141286" lon="114.2996167393"><ele>132.000</ele></trkpt>
      <trkpt lat="22.4289225200" lon="114.2995794817"><ele>130.000</ele></trkpt>
      <trkpt lat="22.4289285157" lon="114.2995492885"><ele>130.000</ele></trkpt>
      <trkpt lat="22.4289357031" lon="114.2995242367"><ele>130.000</ele></trkpt>
      <trkpt lat="22.4289417017" lon="114.2994901892"><ele>128.000</ele></trkpt>
      <trkpt lat="22.4289459014" lon="114.2994657769"><ele>128.000</ele></trkpt>
      <trkpt lat="22.4289465192" lon="114.2994394343"><ele>126.000</ele></trkpt>
      <trkpt lat="22.4289477329" lon="114.2994143773"><ele>126.000</ele></trkpt>
      <trkpt lat="22.4289453581" lon="114.2993951006"><ele>124.000</ele></trkpt>
      <trkpt lat="22.4289400062" lon="114.2993636124"><ele>124.000</ele></trkpt>
      <trkpt lat="22.4289316616" lon="114.2993391900"><ele>122.000</ele></trkpt>
      <trkpt lat="22.4289233135" lon="114.2993205492"><ele>123.000</ele></trkpt>
      <trkpt lat="22.4289215336" lon="114.2993051274"><ele>120.000</ele></trkpt>
      <trkpt lat="22.4289114095" lon="114.2992646402"><ele>120.000</ele></trkpt>
      <trkpt lat="22.4288929403" lon="114.2992016579"><ele>118.000</ele></trkpt>
      <trkpt lat="22.4288673022" lon="114.2991393123"><ele>118.000</ele></trkpt>
      <trkpt lat="22.4288458388" lon="114.2990853221"><ele>116.000</ele></trkpt>
      <trkpt lat="22.4288273539" lon="114.2990429005"><ele>116.000</ele></trkpt>
      <trkpt lat="22.4288064791" lon="114.2990011189"><ele>116.000</ele></trkpt>
      <trkpt lat="22.4287969407" lon="114.2989766946"><ele>116.000</ele></trkpt>
      <trkpt lat="22.4287903866" lon="114.2989548440"><ele>116.000</ele></trkpt>
      <trkpt lat="22.4287880122" lon="114.2989349243"><ele>116.000</ele></trkpt>
      <trkpt lat="22.4287880486" lon="114.2988867355"><ele>116.000</ele></trkpt>
      <trkpt lat="22.4287844965" lon="114.2988443270"><ele>115.000</ele></trkpt>
      <trkpt lat="22.4287815408" lon="114.2988025610"><ele>114.000</ele></trkpt>
      <trkpt lat="22.4287779890" lon="114.2987607945"><ele>111.000</ele></trkpt>
      <trkpt lat="22.4287732436" lon="114.2987164568"><ele>110.000</ele></trkpt>
      <trkpt lat="22.4287684951" lon="114.2986772595"><ele>108.000</ele></trkpt>
      <trkpt lat="22.4287619556" lon="114.2986348484"><ele>108.000</ele></trkpt>
      <trkpt lat="22.4287566040" lon="114.2986027181"><ele>108.000</ele></trkpt>
      <trkpt lat="22.4287494617" lon="114.2985693012"><ele>106.000</ele></trkpt>
      <trkpt lat="22.4287423118" lon="114.2985448790"><ele>108.000</ele></trkpt>
      <trkpt lat="22.4287321817" lon="114.2985121025"><ele>106.000</ele></trkpt>
      <trkpt lat="22.4287244377" lon="114.2984838255"><ele>106.000</ele></trkpt>
      <trkpt lat="22.4287178846" lon="114.2984606890"><ele>104.000</ele></trkpt>
      <trkpt lat="22.4287149147" lon="114.2984388416"><ele>104.000</ele></trkpt>
      <trkpt lat="22.4287125445" lon="114.2984131385"><ele>103.000</ele></trkpt>
      <trkpt lat="22.4287113692" lon="114.2983874374"><ele>103.000</ele></trkpt>
      <trkpt lat="22.4287107940" lon="114.2983585236"><ele>102.000</ele></trkpt>
      <trkpt lat="22.4287066376" lon="114.2983244672"><ele>101.000</ele></trkpt>
      <trkpt lat="22.4287030756" lon="114.2982961938"><ele>101.000</ele></trkpt>
      <trkpt lat="22.4286971193" lon="114.2982730578"><ele>103.000</ele></trkpt>
      <trkpt lat="22.4286834059" lon="114.2982402783"><ele>103.000</ele></trkpt>
      <trkpt lat="22.4286661157" lon="114.2981965717"><ele>102.000</ele></trkpt>
      <trkpt lat="22.4286476282" lon="114.2981573625"><ele>103.000</ele></trkpt>
      <trkpt lat="22.4286309265" lon="114.2981258655"><ele>99.000</ele></trkpt>
      <trkpt lat="22.4286106440" lon="114.2980911521"><ele>99.000</ele></trkpt>
      <trkpt lat="22.4285903542" lon="114.2980647914"><ele>100.000</ele></trkpt>
      <trkpt lat="22.4285617023" lon="114.2980384235"><ele>96.000</ele></trkpt>
      <trkpt lat="22.4285348387" lon="114.2980165554"><ele>96.000</ele></trkpt>
      <trkpt lat="22.4285205115" lon="114.2980049771"><ele>96.000</ele></trkpt>
      <trkpt lat="22.4285109647" lon="114.2979914767"><ele>96.000</ele></trkpt>
      <trkpt lat="22.4285055995" lon="114.2979773369"><ele>96.000</ele></trkpt>
      <trkpt lat="22.4285008302" lon="114.2979644818"><ele>96.000</ele></trkpt>
      <trkpt lat="22.4284835224" lon="114.2979451922"><ele>94.000</ele></trkpt>
      <trkpt lat="22.4284560729" lon="114.2979085446"><ele>96.000</ele></trkpt>
      <trkpt lat="22.4284280333" lon="114.2978616176"><ele>93.000</ele></trkpt>
      <trkpt lat="22.4284035798" lon="114.2978121235"><ele>90.000</ele></trkpt>
      <trkpt lat="22.4283791248" lon="114.2977645566"><ele>93.000</ele></trkpt>
      <trkpt lat="22.4283618261" lon="114.2977330582"><ele>93.000</ele></trkpt>
      <trkpt lat="22.4283528844" lon="114.2977086346"><ele>93.000</ele></trkpt>
      <trkpt lat="22.4283499148" lon="114.2976861442"><ele>89.000</ele></trkpt>
      <trkpt lat="22.4283469425" lon="114.2976662241"><ele>89.000</ele></trkpt>
      <trkpt lat="22.4283266670" lon="114.2976218731"><ele>90.000</ele></trkpt>
      <trkpt lat="22.4283207097" lon="114.2976000233"><ele>87.000</ele></trkpt>
      <trkpt lat="22.4283123773" lon="114.2975601800"><ele>87.000</ele></trkpt>
      <trkpt lat="22.4282938973" lon="114.2975106912"><ele>87.000</ele></trkpt>
      <trkpt lat="22.4282772022" lon="114.2974701986"><ele>87.000</ele></trkpt>
      <trkpt lat="22.4282658744" lon="114.2974412756"><ele>84.000</ele></trkpt>
      <trkpt lat="22.4282503889" lon="114.2973808666"><ele>81.000</ele></trkpt>
      <trkpt lat="22.4282366835" lon="114.2973358793"><ele>78.000</ele></trkpt>
      <trkpt lat="22.4282050906" lon="114.2972484703"><ele>74.000</ele></trkpt>
      <trkpt lat="22.4281806498" lon="114.2971816291"><ele>73.000</ele></trkpt>
      <trkpt lat="22.4281657462" lon="114.2971424233"><ele>72.000</ele></trkpt>
      <trkpt lat="22.4281472614" lon="114.2970993591"><ele>70.000</ele></trkpt>
      <trkpt lat="22.4281293695" lon="114.2970614358"><ele>70.000</ele></trkpt>
      <trkpt lat="22.4281067021" lon="114.2970190101"><ele>68.000</ele></trkpt>
      <trkpt lat="22.4280738862" lon="114.2969695090"><ele>66.000</ele></trkpt>
      <trkpt lat="22.4280500244" lon="114.2969277254"><ele>63.000</ele></trkpt>
      <trkpt lat="22.4280315286" lon="114.2968981542"><ele>63.000</ele></trkpt>
      <trkpt lat="22.4280004937" lon="114.2968627899"><ele>62.000</ele></trkpt>
      <trkpt lat="22.4279700533" lon="114.2968319234"><ele>62.000</ele></trkpt>
      <trkpt lat="22.4279503602" lon="114.2968068486"><ele>60.000</ele></trkpt>
      <trkpt lat="22.4279312588" lon="114.2967888418"><ele>61.000</ele></trkpt>
      <trkpt lat="22.4279014067" lon="114.2967695407"><ele>60.000</ele></trkpt>
      <trkpt lat="22.4278625950" lon="114.2967495899"><ele>60.000</ele></trkpt>
      <trkpt lat="22.4278470721" lon="114.2967392958"><ele>60.000</ele></trkpt>
      <trkpt lat="22.4278327443" lon="114.2967283617"><ele>58.000</ele></trkpt>
      <trkpt lat="22.4278231984" lon="114.2967135754"><ele>58.000</ele></trkpt>
      <trkpt lat="22.4278112754" lon="114.2966820819"><ele>56.000</ele></trkpt>
      <trkpt lat="22.4277945772" lon="114.2966454448"><ele>56.000</ele></trkpt>
      <trkpt lat="22.4277731040" lon="114.2966036633"><ele>56.000</ele></trkpt>
      <trkpt lat="22.4277540134" lon="114.2965721646"><ele>56.000</ele></trkpt>
      <trkpt lat="22.4277361134" lon="114.2965451643"><ele>56.000</ele></trkpt>
      <trkpt lat="22.4277188117" lon="114.2965175215"><ele>56.000</ele></trkpt>
      <trkpt lat="22.4277098659" lon="114.2964982384"><ele>56.000</ele></trkpt>
      <trkpt lat="22.4277039075" lon="114.2964776728"><ele>56.000</ele></trkpt>
      <trkpt lat="22.4276973579" lon="114.2964493971"><ele>56.000</ele></trkpt>
      <trkpt lat="22.4276925923" lon="114.2964314027"><ele>56.000</ele></trkpt>
      <trkpt lat="22.4276842396" lon="114.2964185456"><ele>56.000</ele></trkpt>
      <trkpt lat="22.4276699152" lon="114.2964031132"><ele>56.000</ele></trkpt>
      <trkpt lat="22.4276549991" lon="114.2963793277"><ele>56.000</ele></trkpt>
      <trkpt lat="22.4276424739" lon="114.2963536171"><ele>56.000</ele></trkpt>
      <trkpt lat="22.4276263735" lon="114.2963169797"><ele>55.000</ele></trkpt>
      <trkpt lat="22.4276120652" lon="114.2962797027"><ele>54.000</ele></trkpt>
      <trkpt lat="22.4276019209" lon="114.2962655590"><ele>54.000</ele></trkpt>
      <trkpt lat="22.4275744578" lon="114.2962469022"><ele>53.000</ele></trkpt>
      <trkpt lat="22.4275666977" lon="114.2962398281"><ele>55.000</ele></trkpt>
      <trkpt lat="22.4275553629" lon="114.2962211860"><ele>55.000</ele></trkpt>
      <trkpt lat="22.4275446298" lon="114.2961948339"><ele>52.000</ele></trkpt>
      <trkpt lat="22.4275332964" lon="114.2961742638"><ele>52.000</ele></trkpt>
      <trkpt lat="22.4275285398" lon="114.2961440625"><ele>51.000</ele></trkpt>
      <trkpt lat="22.4275297478" lon="114.2961260733"><ele>51.000</ele></trkpt>
      <trkpt lat="22.4275387206" lon="114.2961087327"><ele>51.000</ele></trkpt>
      <trkpt lat="22.4275524767" lon="114.2960843297"><ele>48.000</ele></trkpt>
      <trkpt lat="22.4275668306" lon="114.2960599272"><ele>48.000</ele></trkpt>
      <trkpt lat="22.4275835739" lon="114.2960355257"><ele>46.000</ele></trkpt>
      <trkpt lat="22.4275489579" lon="114.2959956613"><ele>44.000</ele></trkpt>
      <trkpt lat="22.4275310601" lon="114.2959667329"><ele>44.000</ele></trkpt>
      <trkpt lat="22.4275167470" lon="114.2959358805"><ele>46.000</ele></trkpt>
      <trkpt lat="22.4275048230" lon="114.2959043871"><ele>46.000</ele></trkpt>
      <trkpt lat="22.4274988772" lon="114.2958677594"><ele>46.000</ele></trkpt>
      <trkpt lat="22.4274959240" lon="114.2958214966"><ele>44.000</ele></trkpt>
      <trkpt lat="22.4274965464" lon="114.2957880867"><ele>44.000</ele></trkpt>
      <trkpt lat="22.4274959746" lon="114.2957527487"><ele>44.000</ele></trkpt>
      <trkpt lat="22.4274977956" lon="114.2957141995"><ele>44.000</ele></trkpt>
      <trkpt lat="22.4275026109" lon="114.2956647310"><ele>42.000</ele></trkpt>
      <trkpt lat="22.4275056261" lon="114.2956255408"><ele>42.000</ele></trkpt>
      <trkpt lat="22.4275092362" lon="114.2955902063"><ele>40.000</ele></trkpt>
      <trkpt lat="22.4275092556" lon="114.2955638634"><ele>38.000</ele></trkpt>
      <trkpt lat="22.4275086748" lon="114.2955407323"><ele>38.000</ele></trkpt>
      <trkpt lat="22.4275039157" lon="114.2955150284"><ele>38.000</ele></trkpt>
      <trkpt lat="22.4274955757" lon="114.2954835381"><ele>38.000</ele></trkpt>
      <trkpt lat="22.4274860546" lon="114.2954346995"><ele>39.000</ele></trkpt>
      <trkpt lat="22.4274741531" lon="114.2953723669"><ele>40.000</ele></trkpt>
      <trkpt lat="22.4274640374" lon="114.2953203146"><ele>40.000</ele></trkpt>
      <trkpt lat="22.4274443856" lon="114.2952387001"><ele>41.000</ele></trkpt>
      <trkpt lat="22.4274336678" lon="114.2951911456"><ele>40.000</ele></trkpt>
      <trkpt lat="22.4274307012" lon="114.2951641582"><ele>42.000</ele></trkpt>
      <trkpt lat="22.4274343061" lon="114.2951358912"><ele>42.000</ele></trkpt>
      <trkpt lat="22.4274343250" lon="114.2951101904"><ele>42.000</ele></trkpt>
      <trkpt lat="22.4274319651" lon="114.2950697106"><ele>41.000</ele></trkpt>
      <trkpt lat="22.4274290046" lon="114.2950343705"><ele>41.000</ele></trkpt>
      <trkpt lat="22.4274248391" lon="114.2950118794"><ele>40.000</ele></trkpt>
      <trkpt lat="22.4274200742" lon="114.2949938851"><ele>40.000</ele></trkpt>
      <trkpt lat="22.4274093400" lon="114.2949688182"><ele>38.000</ele></trkpt>
      <trkpt lat="22.4274045770" lon="114.2949482537"><ele>38.000</ele></trkpt>
      <trkpt lat="22.4274016047" lon="114.2949289768"><ele>38.000</ele></trkpt>
      <trkpt lat="22.4274016174" lon="114.2949116286"><ele>38.000</ele></trkpt>
      <trkpt lat="22.4274040172" lon="114.2948962106"><ele>38.000</ele></trkpt>
      <trkpt lat="22.4274117947" lon="114.2948795120"><ele>38.000</ele></trkpt>
      <trkpt lat="22.4274213666" lon="114.2948602447"><ele>38.000</ele></trkpt>
      <trkpt lat="22.4274315341" lon="114.2948416210"><ele>38.000</ele></trkpt>
      <trkpt lat="22.4274375228" lon="114.2948210656"><ele>36.000</ele></trkpt>
      <trkpt lat="22.4274435147" lon="114.2947960128"><ele>38.000</ele></trkpt>
      <trkpt lat="22.4274459211" lon="114.2947728852"><ele>38.000</ele></trkpt>
      <trkpt lat="22.4274447413" lon="114.2947523238"><ele>38.000</ele></trkpt>
      <trkpt lat="22.4274405762" lon="114.2947291906"><ele>36.000</ele></trkpt>
      <trkpt lat="22.4274346175" lon="114.2947099102"><ele>36.000</ele></trkpt>
      <trkpt lat="22.4274280634" lon="114.2946874170"><ele>36.000</ele></trkpt>
      <trkpt lat="22.4274161372" lon="114.2946597790"><ele>36.000</ele></trkpt>
      <trkpt lat="22.4274119678" lon="114.2946424283"><ele>36.000</ele></trkpt>
      <trkpt lat="22.4274119814" lon="114.2946237950"><ele>36.000</ele></trkpt>
      <trkpt lat="22.4274113967" lon="114.2946070893"><ele>36.000</ele></trkpt>
      <trkpt lat="22.4274102179" lon="114.2945852437"><ele>38.000</ele></trkpt>
      <trkpt lat="22.4274090498" lon="114.2945486192"><ele>38.000</ele></trkpt>
      <trkpt lat="22.4274084833" lon="114.2945068567"><ele>38.000</ele></trkpt>
      <trkpt lat="22.4274079136" lon="114.2944683055"><ele>35.000</ele></trkpt>
      <trkpt lat="22.4274067488" lon="114.2944271846"><ele>34.000</ele></trkpt>
      <trkpt lat="22.4274067708" lon="114.2943969865"><ele>32.000</ele></trkpt>
      <trkpt lat="22.4274038059" lon="114.2943674289"><ele>32.000</ele></trkpt>
      <trkpt lat="22.4273972531" lon="114.2943430076"><ele>32.000</ele></trkpt>
      <trkpt lat="22.4273889059" lon="114.2943211560"><ele>36.000</ele></trkpt>
      <trkpt lat="22.4273745939" lon="114.2942883757"><ele>35.000</ele></trkpt>
      <trkpt lat="22.4273596831" lon="114.2942581660"><ele>35.000</ele></trkpt>
      <trkpt lat="22.4273382050" lon="114.2942221674"><ele>30.000</ele></trkpt>
      <trkpt lat="22.4273174184" lon="114.2941927396"><ele>26.000</ele></trkpt>
      <trkpt lat="22.4273055701" lon="114.2941757884"><ele>26.000</ele></trkpt>
    </trkseg>
  </trk>
</gpx>
