<?xml version="1.0" encoding="UTF-8"?>
<gpx xmlns:xsi="http://www.w3.org/2001/XMLSchema-instance"
     xsi:schemaLocation="http://www.topografix.com/GPX/1/1 http://www.topografix.com/GPX/1/1/gpx.xsd"
     version="1.1" creator="json3d_batch_to_gpx"
     xmlns="http://www.topografix.com/GPX/1/1">
  <metadata>
    <name>KatOHeritageTrail</name>
  </metadata>
  <trk>
    <name>KatOHeritageTrail</name>
    <type>hike</type>
    <trkseg>
      <trkpt lat="22.5505094607" lon="114.2902869968"><ele>3.000</ele></trkpt>
      <trkpt lat="22.5505491339" lon="114.2903102052"><ele>3.000</ele></trkpt>
      <trkpt lat="22.5505888070" lon="114.2903334137"><ele>4.000</ele></trkpt>
      <trkpt lat="22.5506284802" lon="114.2903566221"><ele>4.000</ele></trkpt>
      <trkpt lat="22.5506561012" lon="114.2903727802"><ele>4.000</ele></trkpt>
      <trkpt lat="22.5506719248" lon="114.2903537695"><ele>4.000</ele></trkpt>
      <trkpt lat="22.5507020574" lon="114.2903175679"><ele>4.000</ele></trkpt>
      <trkpt lat="22.5507052794" lon="114.2903136969"><ele>4.000</ele></trkpt>
      <trkpt lat="22.5507276114" lon="114.2902714487"><ele>5.000</ele></trkpt>
      <trkpt lat="22.5507499433" lon="114.2902292005"><ele>5.000</ele></trkpt>
      <trkpt lat="22.5507615755" lon="114.2902071944"><ele>5.000</ele></trkpt>
      <trkpt lat="22.5507839074" lon="114.2901649462"><ele>4.000</ele></trkpt>
      <trkpt lat="22.5508062394" lon="114.2901226980"><ele>4.000</ele></trkpt>
      <trkpt lat="22.5508210752" lon="114.2900946310"><ele>4.000</ele></trkpt>
      <trkpt lat="22.5508456866" lon="114.2900538770"><ele>5.000</ele></trkpt>
      <trkpt lat="22.5508654876" lon="114.2900210887"><ele>4.000</ele></trkpt>
      <trkpt lat="22.5508946791" lon="114.2899840041"><ele>4.000</ele></trkpt>
      <trkpt lat="22.5509134989" lon="114.2899600956"><ele>4.000</ele></trkpt>
      <trkpt lat="22.5509438169" lon="114.2899240739"><ele>4.000</ele></trkpt>
      <trkpt lat="22.5509549606" lon="114.2899108339"><ele>4.000</ele></trkpt>
      <trkpt lat="22.5509862932" lon="114.2898758330"><ele>4.000</ele></trkpt>
      <trkpt lat="22.5510176258" lon="114.2898408320"><ele>4.000</ele></trkpt>
      <trkpt lat="22.5510422532" lon="114.2898133214"><ele>4.000</ele></trkpt>
      <trkpt lat="22.5510752360" lon="114.2897801242"><ele>4.000</ele></trkpt>
      <trkpt lat="22.5511082188" lon="114.2897469270"><ele>4.000</ele></trkpt>
      <trkpt lat="22.5511412016" lon="114.2897137298"><ele>4.000</ele></trkpt>
      <trkpt lat="22.5511741844" lon="114.2896805326"><ele>4.000</ele></trkpt>
      <trkpt lat="22.5511924063" lon="114.2896621922"><ele>4.000</ele></trkpt>
      <trkpt lat="22.5512268934" lon="114.2896308168"><ele>4.000</ele></trkpt>
      <trkpt lat="22.5512613805" lon="114.2895994415"><ele>4.000</ele></trkpt>
      <trkpt lat="22.5512958676" lon="114.2895680661"><ele>4.000</ele></trkpt>
      <trkpt lat="22.5513303547" lon="114.2895366907"><ele>4.000</ele></trkpt>
      <trkpt lat="22.5513648418" lon="114.2895053153"><ele>4.000</ele></trkpt>
      <trkpt lat="22.5513993289" lon="114.2894739399"><ele>4.000</ele></trkpt>
      <trkpt lat="22.5514008841" lon="114.2894725250"><ele>4.000</ele></trkpt>
      <trkpt lat="22.5513663970" lon="114.2895039004"><ele>4.000</ele></trkpt>
      <trkpt lat="22.5513319099" lon="114.2895352758"><ele>4.000</ele></trkpt>
      <trkpt lat="22.5512974228" lon="114.2895666512"><ele>4.000</ele></trkpt>
      <trkpt lat="22.5512629357" lon="114.2895980266"><ele>4.000</ele></trkpt>
      <trkpt lat="22.5512284486" lon="114.2896294019"><ele>4.000</ele></trkpt>
      <trkpt lat="22.5511939615" lon="114.2896607773"><ele>4.000</ele></trkpt>
      <trkpt lat="22.5511924063" lon="114.2896621922"><ele>4.000</ele></trkpt>
      <trkpt lat="22.5511594235" lon="114.2896953894"><ele>4.000</ele></trkpt>
      <trkpt lat="22.5511264407" lon="114.2897285866"><ele>4.000</ele></trkpt>
      <trkpt lat="22.5510934579" lon="114.2897617838"><ele>4.000</ele></trkpt>
      <trkpt lat="22.5510604751" lon="114.2897949810"><ele>4.000</ele></trkpt>
      <trkpt lat="22.5510422532" lon="114.2898133214"><ele>4.000</ele></trkpt>
      <trkpt lat="22.5510109206" lon="114.2898483223"><ele>4.000</ele></trkpt>
      <trkpt lat="22.5509795880" lon="114.2898833232"><ele>4.000</ele></trkpt>
      <trkpt lat="22.5509549606" lon="114.2899108339"><ele>4.000</ele></trkpt>
      <trkpt lat="22.5509246425" lon="114.2899468556"><ele>4.000</ele></trkpt>
      <trkpt lat="22.5509134989" lon="114.2899600956"><ele>4.000</ele></trkpt>
      <trkpt lat="22.5508843074" lon="114.2899971802"><ele>4.000</ele></trkpt>
      <trkpt lat="22.5508654876" lon="114.2900210887"><ele>4.000</ele></trkpt>
      <trkpt lat="22.5508408762" lon="114.2900618427"><ele>4.000</ele></trkpt>
      <trkpt lat="22.5508210752" lon="114.2900946310"><ele>4.000</ele></trkpt>
      <trkpt lat="22.5508602002" lon="114.2901188942"><ele>5.000</ele></trkpt>
      <trkpt lat="22.5508974980" lon="114.2901420243"><ele>7.000</ele></trkpt>
      <trkpt lat="22.5509293367" lon="114.2901617691"><ele>7.000</ele></trkpt>
      <trkpt lat="22.5509662688" lon="114.2901440657"><ele>8.000</ele></trkpt>
      <trkpt lat="22.5509693447" lon="114.2901425912"><ele>8.000</ele></trkpt>
      <trkpt lat="22.5510040626" lon="114.2901417079"><ele>9.000</ele></trkpt>
      <trkpt lat="22.5510484511" lon="114.2901506069"><ele>11.000</ele></trkpt>
      <trkpt lat="22.5510928397" lon="114.2901595059"><ele>14.000</ele></trkpt>
      <trkpt lat="22.5511319056" lon="114.2901673378"><ele>17.000</ele></trkpt>
      <trkpt lat="22.5511770572" lon="114.2901673747"><ele>21.000</ele></trkpt>
      <trkpt lat="22.5511885449" lon="114.2901673841"><ele>21.000</ele></trkpt>
      <trkpt lat="22.5512106542" lon="114.2901674021"><ele>23.000</ele></trkpt>
      <trkpt lat="22.5512250587" lon="114.2901537395"><ele>23.000</ele></trkpt>
      <trkpt lat="22.5512696273" lon="114.2901459535"><ele>26.000</ele></trkpt>
      <trkpt lat="22.5512789400" lon="114.2901443266"><ele>26.000</ele></trkpt>
      <trkpt lat="22.5513029704" lon="114.2901401288"><ele>28.000</ele></trkpt>
      <trkpt lat="22.5513478501" lon="114.2901383420"><ele>31.000</ele></trkpt>
      <trkpt lat="22.5513600459" lon="114.2901192405"><ele>28.000</ele></trkpt>
      <trkpt lat="22.5513628135" lon="114.2901677596"><ele>31.000</ele></trkpt>
      <trkpt lat="22.5513633414" lon="114.2901770151"><ele>31.000</ele></trkpt>
      <trkpt lat="22.5513606964" lon="114.2902255421"><ele>33.000</ele></trkpt>
      <trkpt lat="22.5513595368" lon="114.2902468160"><ele>34.000</ele></trkpt>
      <trkpt lat="22.5513595031" lon="114.2902954264"><ele>34.000</ele></trkpt>
      <trkpt lat="22.5513595006" lon="114.2902991009"><ele>34.000</ele></trkpt>
      <trkpt lat="22.5513621720" lon="114.2903476262"><ele>34.000</ele></trkpt>
      <trkpt lat="22.5513622206" lon="114.2903485101"><ele>34.000</ele></trkpt>
      <trkpt lat="22.5513624510" lon="114.2903809722"><ele>34.000</ele></trkpt>
      <trkpt lat="22.5513644345" lon="114.2904138824"><ele>34.000</ele></trkpt>
      <trkpt lat="22.5513913375" lon="114.2904148540"><ele>35.000</ele></trkpt>
      <trkpt lat="22.5514357433" lon="114.2904060555"><ele>35.000</ele></trkpt>
      <trkpt lat="22.5514801491" lon="114.2903972571"><ele>36.000</ele></trkpt>
      <trkpt lat="22.5515245550" lon="114.2903884586"><ele>37.000</ele></trkpt>
      <trkpt lat="22.5515410396" lon="114.2903851923"><ele>37.000</ele></trkpt>
      <trkpt lat="22.5515736505" lon="114.2903802761"><ele>37.000</ele></trkpt>
      <trkpt lat="22.5516132871" lon="114.2903731430"><ele>40.000</ele></trkpt>
      <trkpt lat="22.5516233279" lon="114.2903649198"><ele>40.000</ele></trkpt>
      <trkpt lat="22.5516434210" lon="114.2903320106"><ele>40.000</ele></trkpt>
      <trkpt lat="22.5516670322" lon="114.2903036986"><ele>43.000</ele></trkpt>
      <trkpt lat="22.5516943518" lon="114.2902836256"><ele>43.000</ele></trkpt>
      <trkpt lat="22.5517232624" lon="114.2902759994"><ele>45.000</ele></trkpt>
      <trkpt lat="22.5517408033" lon="114.2902747773"><ele>45.000</ele></trkpt>
      <trkpt lat="22.5517600647" lon="114.2902697203"><ele>46.000</ele></trkpt>
      <trkpt lat="22.5517847801" lon="114.2902705946"><ele>46.000</ele></trkpt>
      <trkpt lat="22.5518015742" lon="114.2902735249"><ele>48.000</ele></trkpt>
      <trkpt lat="22.5518159652" lon="114.2902776185"><ele>48.000</ele></trkpt>
      <trkpt lat="22.5518335115" lon="114.2902828585"><ele>48.000</ele></trkpt>
      <trkpt lat="22.5518535090" lon="114.2902888304"><ele>50.000</ele></trkpt>
      <trkpt lat="22.5518737710" lon="114.2902987589"><ele>50.000</ele></trkpt>
      <trkpt lat="22.5518933775" lon="114.2903068339"><ele>52.000</ele></trkpt>
      <trkpt lat="22.5519012700" lon="114.2903100688"><ele>52.000</ele></trkpt>
      <trkpt lat="22.5519176014" lon="114.2903167625"><ele>52.000</ele></trkpt>
      <trkpt lat="22.5519316512" lon="114.2903161258"><ele>54.000</ele></trkpt>
      <trkpt lat="22.5519426896" lon="114.2903156254"><ele>54.000</ele></trkpt>
      <trkpt lat="22.5519581083" lon="114.2903153794"><ele>54.000</ele></trkpt>
      <trkpt lat="22.5519745893" lon="114.2903151165"><ele>55.000</ele></trkpt>
      <trkpt lat="22.5519928768" lon="114.2903148249"><ele>55.000</ele></trkpt>
      <trkpt lat="22.5520112429" lon="114.2903145318"><ele>55.000</ele></trkpt>
      <trkpt lat="22.5520263822" lon="114.2903142904"><ele>57.000</ele></trkpt>
      <trkpt lat="22.5520577347" lon="114.2903137903"><ele>57.000</ele></trkpt>
      <trkpt lat="22.5520650173" lon="114.2903145692"><ele>59.000</ele></trkpt>
      <trkpt lat="22.5520831784" lon="114.2903165119"><ele>59.000</ele></trkpt>
      <trkpt lat="22.5521078545" lon="114.2903205510"><ele>60.000</ele></trkpt>
      <trkpt lat="22.5521333452" lon="114.2903281284"><ele>60.000</ele></trkpt>
      <trkpt lat="22.5521475224" lon="114.2903346779"><ele>60.000</ele></trkpt>
      <trkpt lat="22.5521613708" lon="114.2903809458"><ele>61.000</ele></trkpt>
      <trkpt lat="22.5521614629" lon="114.2903812533"><ele>61.000</ele></trkpt>
      <trkpt lat="22.5521602001" lon="114.2904169538"><ele>61.000</ele></trkpt>
      <trkpt lat="22.5521600225" lon="114.2904286504"><ele>61.000</ele></trkpt>
      <trkpt lat="22.5521736789" lon="114.2904437989"><ele>61.000</ele></trkpt>
      <trkpt lat="22.5522011388" lon="114.2904823865"><ele>62.000</ele></trkpt>
      <trkpt lat="22.5522257782" lon="114.2905170106"><ele>62.000</ele></trkpt>
      <trkpt lat="22.5522487603" lon="114.2905427241"><ele>62.000</ele></trkpt>
      <trkpt lat="22.5522663517" lon="114.2905550273"><ele>62.000</ele></trkpt>
      <trkpt lat="22.5522993279" lon="114.2905714265"><ele>62.000</ele></trkpt>
      <trkpt lat="22.5523184803" lon="114.2905855102"><ele>62.000</ele></trkpt>
      <trkpt lat="22.5523314001" lon="114.2906018929"><ele>62.000</ele></trkpt>
      <trkpt lat="22.5523449766" lon="114.2906231363"><ele>62.000</ele></trkpt>
      <trkpt lat="22.5523456159" lon="114.2906244814"><ele>62.000</ele></trkpt>
      <trkpt lat="22.5523662015" lon="114.2906677460"><ele>63.000</ele></trkpt>
      <trkpt lat="22.5523867870" lon="114.2907110106"><ele>63.000</ele></trkpt>
      <trkpt lat="22.5524073565" lon="114.2907542414"><ele>63.000</ele></trkpt>
      <trkpt lat="22.5524216881" lon="114.2908003385"><ele>64.000</ele></trkpt>
      <trkpt lat="22.5524269266" lon="114.2908171881"><ele>66.000</ele></trkpt>
      <trkpt lat="22.5524436113" lon="114.2908614669"><ele>66.000</ele></trkpt>
      <trkpt lat="22.5524654197" lon="114.2908993420"><ele>67.000</ele></trkpt>
      <trkpt lat="22.5524718806" lon="114.2909062501"><ele>68.000</ele></trkpt>
      <trkpt lat="22.5524787471" lon="114.2909101981"><ele>68.000</ele></trkpt>
      <trkpt lat="22.5524789459" lon="114.2909113765"><ele>68.000</ele></trkpt>
      <trkpt lat="22.5525194798" lon="114.2909327919"><ele>69.000</ele></trkpt>
      <trkpt lat="22.5525290120" lon="114.2909378280"><ele>69.000</ele></trkpt>
      <trkpt lat="22.5525592495" lon="114.2909538041"><ele>69.000</ele></trkpt>
      <trkpt lat="22.5526003398" lon="114.2909739529"><ele>69.000</ele></trkpt>
      <trkpt lat="22.5526133187" lon="114.2909803172"><ele>70.000</ele></trkpt>
      <trkpt lat="22.5526253384" lon="114.2909862119"><ele>70.000</ele></trkpt>
      <trkpt lat="22.5526493895" lon="114.2909980053"><ele>70.000</ele></trkpt>
      <trkpt lat="22.5526896412" lon="114.2910120967"><ele>71.000</ele></trkpt>
      <trkpt lat="22.5527100347" lon="114.2910192359"><ele>72.000</ele></trkpt>
      <trkpt lat="22.5527332092" lon="114.2910192550"><ele>72.000</ele></trkpt>
      <trkpt lat="22.5527783608" lon="114.2910192922"><ele>73.000</ele></trkpt>
      <trkpt lat="22.5528034850" lon="114.2910193128"><ele>74.000</ele></trkpt>
      <trkpt lat="22.5528463085" lon="114.2910347205"><ele>76.000</ele></trkpt>
      <trkpt lat="22.5528477394" lon="114.2910352353"><ele>76.000</ele></trkpt>
      <trkpt lat="22.5528919782" lon="114.2910449602"><ele>77.000</ele></trkpt>
      <trkpt lat="22.5529362171" lon="114.2910546852"><ele>78.000</ele></trkpt>
      <trkpt lat="22.5529444535" lon="114.2910564958"><ele>78.000</ele></trkpt>
      <trkpt lat="22.5529488132" lon="114.2910592391"><ele>79.000</ele></trkpt>
      <trkpt lat="22.5529584289" lon="114.2910652884"><ele>79.000</ele></trkpt>
      <trkpt lat="22.5529974124" lon="114.2910898143"><ele>81.000</ele></trkpt>
      <trkpt lat="22.5530034475" lon="114.2910936112"><ele>81.000</ele></trkpt>
      <trkpt lat="22.5530485787" lon="114.2910921503"><ele>82.000</ele></trkpt>
      <trkpt lat="22.5530751488" lon="114.2910912903"><ele>82.000</ele></trkpt>
      <trkpt lat="22.5530300176" lon="114.2910927512"><ele>82.000</ele></trkpt>
      <trkpt lat="22.5530034475" lon="114.2910936112"><ele>81.000</ele></trkpt>
      <trkpt lat="22.5529644640" lon="114.2910690853"><ele>81.000</ele></trkpt>
      <trkpt lat="22.5529584289" lon="114.2910652884"><ele>79.000</ele></trkpt>
      <trkpt lat="22.5529488132" lon="114.2910592391"><ele>79.000</ele></trkpt>
      <trkpt lat="22.5529444535" lon="114.2910564958"><ele>78.000</ele></trkpt>
      <trkpt lat="22.5529002147" lon="114.2910467708"><ele>77.000</ele></trkpt>
      <trkpt lat="22.5528559758" lon="114.2910370459"><ele>76.000</ele></trkpt>
      <trkpt lat="22.5528477394" lon="114.2910352353"><ele>76.000</ele></trkpt>
      <trkpt lat="22.5528049159" lon="114.2910198277"><ele>74.000</ele></trkpt>
      <trkpt lat="22.5528034850" lon="114.2910193128"><ele>74.000</ele></trkpt>
      <trkpt lat="22.5527583334" lon="114.2910192757"><ele>73.000</ele></trkpt>
      <trkpt lat="22.5527332092" lon="114.2910192550"><ele>72.000</ele></trkpt>
      <trkpt lat="22.5527100347" lon="114.2910192359"><ele>72.000</ele></trkpt>
      <trkpt lat="22.5526896412" lon="114.2910120967"><ele>71.000</ele></trkpt>
      <trkpt lat="22.5526493895" lon="114.2909980053"><ele>70.000</ele></trkpt>
      <trkpt lat="22.5526253384" lon="114.2909862119"><ele>70.000</ele></trkpt>
      <trkpt lat="22.5526133187" lon="114.2909803172"><ele>70.000</ele></trkpt>
      <trkpt lat="22.5525722284" lon="114.2909601683"><ele>69.000</ele></trkpt>
      <trkpt lat="22.5525592495" lon="114.2909538041"><ele>69.000</ele></trkpt>
      <trkpt lat="22.5525290120" lon="114.2909378280"><ele>69.000</ele></trkpt>
      <trkpt lat="22.5524884780" lon="114.2909164127"><ele>68.000</ele></trkpt>
      <trkpt lat="22.5524789459" lon="114.2909113765"><ele>68.000</ele></trkpt>
      <trkpt lat="22.5524787471" lon="114.2909101981"><ele>68.000</ele></trkpt>
      <trkpt lat="22.5524718806" lon="114.2909062501"><ele>68.000</ele></trkpt>
      <trkpt lat="22.5524654197" lon="114.2908993420"><ele>67.000</ele></trkpt>
      <trkpt lat="22.5524436113" lon="114.2908614669"><ele>66.000</ele></trkpt>
      <trkpt lat="22.5524269266" lon="114.2908171881"><ele>66.000</ele></trkpt>
      <trkpt lat="22.5524125950" lon="114.2907710910"><ele>64.000</ele></trkpt>
      <trkpt lat="22.5524073565" lon="114.2907542414"><ele>63.000</ele></trkpt>
      <trkpt lat="22.5523867709" lon="114.2907109767"><ele>63.000</ele></trkpt>
      <trkpt lat="22.5523661853" lon="114.2906677121"><ele>63.000</ele></trkpt>
      <trkpt lat="22.5523456159" lon="114.2906244814"><ele>62.000</ele></trkpt>
      <trkpt lat="22.5523449766" lon="114.2906231363"><ele>62.000</ele></trkpt>
      <trkpt lat="22.5523314001" lon="114.2906018929"><ele>62.000</ele></trkpt>
      <trkpt lat="22.5523184803" lon="114.2905855102"><ele>62.000</ele></trkpt>
      <trkpt lat="22.5522993279" lon="114.2905714265"><ele>62.000</ele></trkpt>
      <trkpt lat="22.5522663517" lon="114.2905550273"><ele>62.000</ele></trkpt>
      <trkpt lat="22.5522487603" lon="114.2905427241"><ele>62.000</ele></trkpt>
      <trkpt lat="22.5522257782" lon="114.2905170106"><ele>62.000</ele></trkpt>
      <trkpt lat="22.5521983184" lon="114.2904784230"><ele>62.000</ele></trkpt>
      <trkpt lat="22.5521736789" lon="114.2904437989"><ele>61.000</ele></trkpt>
      <trkpt lat="22.5521600225" lon="114.2904286504"><ele>61.000</ele></trkpt>
      <trkpt lat="22.5521602001" lon="114.2904169538"><ele>61.000</ele></trkpt>
      <trkpt lat="22.5521614629" lon="114.2903812533"><ele>61.000</ele></trkpt>
      <trkpt lat="22.5521476145" lon="114.2903349854"><ele>60.000</ele></trkpt>
      <trkpt lat="22.5521475224" lon="114.2903346779"><ele>60.000</ele></trkpt>
      <trkpt lat="22.5521333452" lon="114.2903281284"><ele>60.000</ele></trkpt>
      <trkpt lat="22.5521078545" lon="114.2903205510"><ele>60.000</ele></trkpt>
      <trkpt lat="22.5520831784" lon="114.2903165119"><ele>59.000</ele></trkpt>
      <trkpt lat="22.5520650173" lon="114.2903145692"><ele>59.000</ele></trkpt>
      <trkpt lat="22.5520577347" lon="114.2903137903"><ele>57.000</ele></trkpt>
      <trkpt lat="22.5520263822" lon="114.2903142904"><ele>57.000</ele></trkpt>
      <trkpt lat="22.5520112429" lon="114.2903145318"><ele>55.000</ele></trkpt>
      <trkpt lat="22.5519928768" lon="114.2903148249"><ele>55.000</ele></trkpt>
      <trkpt lat="22.5519745893" lon="114.2903151165"><ele>55.000</ele></trkpt>
      <trkpt lat="22.5519581083" lon="114.2903153794"><ele>54.000</ele></trkpt>
      <trkpt lat="22.5519426896" lon="114.2903156254"><ele>54.000</ele></trkpt>
      <trkpt lat="22.5519316512" lon="114.2903161258"><ele>54.000</ele></trkpt>
      <trkpt lat="22.5519176014" lon="114.2903167625"><ele>52.000</ele></trkpt>
      <trkpt lat="22.5519012700" lon="114.2903100688"><ele>52.000</ele></trkpt>
      <trkpt lat="22.5518933775" lon="114.2903068339"><ele>52.000</ele></trkpt>
      <trkpt lat="22.5518737710" lon="114.2902987589"><ele>50.000</ele></trkpt>
      <trkpt lat="22.5518535090" lon="114.2902888304"><ele>50.000</ele></trkpt>
      <trkpt lat="22.5518335115" lon="114.2902828585"><ele>48.000</ele></trkpt>
      <trkpt lat="22.5518159652" lon="114.2902776185"><ele>48.000</ele></trkpt>
      <trkpt lat="22.5518015742" lon="114.2902735249"><ele>48.000</ele></trkpt>
      <trkpt lat="22.5517847801" lon="114.2902705946"><ele>46.000</ele></trkpt>
      <trkpt lat="22.5517600647" lon="114.2902697203"><ele>46.000</ele></trkpt>
      <trkpt lat="22.5517408033" lon="114.2902747773"><ele>45.000</ele></trkpt>
      <trkpt lat="22.5517232624" lon="114.2902759994"><ele>45.000</ele></trkpt>
      <trkpt lat="22.5516943518" lon="114.2902836256"><ele>43.000</ele></trkpt>
      <trkpt lat="22.5516670322" lon="114.2903036986"><ele>43.000</ele></trkpt>
      <trkpt lat="22.5516434210" lon="114.2903320106"><ele>40.000</ele></trkpt>
      <trkpt lat="22.5516233279" lon="114.2903649198"><ele>40.000</ele></trkpt>
      <trkpt lat="22.5516132871" lon="114.2903731430"><ele>40.000</ele></trkpt>
      <trkpt lat="22.5515736505" lon="114.2903802761"><ele>37.000</ele></trkpt>
      <trkpt lat="22.5515410396" lon="114.2903851923"><ele>37.000</ele></trkpt>
      <trkpt lat="22.5514966338" lon="114.2903939908"><ele>36.000</ele></trkpt>
      <trkpt lat="22.5514522279" lon="114.2904027893"><ele>35.000</ele></trkpt>
      <trkpt lat="22.5514078221" lon="114.2904115878"><ele>35.000</ele></trkpt>
      <trkpt lat="22.5513913375" lon="114.2904148540"><ele>35.000</ele></trkpt>
      <trkpt lat="22.5513644345" lon="114.2904138824"><ele>34.000</ele></trkpt>
      <trkpt lat="22.5513624510" lon="114.2903809722"><ele>34.000</ele></trkpt>
      <trkpt lat="22.5513622206" lon="114.2903485101"><ele>34.000</ele></trkpt>
      <trkpt lat="22.5513595492" lon="114.2902999848"><ele>34.000</ele></trkpt>
      <trkpt lat="22.5513595006" lon="114.2902991009"><ele>34.000</ele></trkpt>
      <trkpt lat="22.5513595342" lon="114.2902504904"><ele>34.000</ele></trkpt>
      <trkpt lat="22.5513595368" lon="114.2902468160"><ele>34.000</ele></trkpt>
      <trkpt lat="22.5513621819" lon="114.2901982889"><ele>33.000</ele></trkpt>
      <trkpt lat="22.5513633414" lon="114.2901770151"><ele>31.000</ele></trkpt>
      <trkpt lat="22.5513605738" lon="114.2901284960"><ele>28.000</ele></trkpt>
      <trkpt lat="22.5513600459" lon="114.2901192405"><ele>28.000</ele></trkpt>
      <trkpt lat="22.5513478501" lon="114.2901383420"><ele>31.000</ele></trkpt>
      <trkpt lat="22.5513029704" lon="114.2901401288"><ele>28.000</ele></trkpt>
      <trkpt lat="22.5512789400" lon="114.2901443266"><ele>26.000</ele></trkpt>
      <trkpt lat="22.5512343713" lon="114.2901521126"><ele>23.000</ele></trkpt>
      <trkpt lat="22.5512250587" lon="114.2901537395"><ele>23.000</ele></trkpt>
      <trkpt lat="22.5512106542" lon="114.2901674021"><ele>23.000</ele></trkpt>
      <trkpt lat="22.5511885449" lon="114.2901673841"><ele>21.000</ele></trkpt>
      <trkpt lat="22.5511433933" lon="114.2901673472"><ele>17.000</ele></trkpt>
      <trkpt lat="22.5511319056" lon="114.2901673378"><ele>17.000</ele></trkpt>
      <trkpt lat="22.5510875170" lon="114.2901584388"><ele>14.000</ele></trkpt>
      <trkpt lat="22.5510431285" lon="114.2901495398"><ele>11.000</ele></trkpt>
      <trkpt lat="22.5510040626" lon="114.2901417079"><ele>9.000</ele></trkpt>
      <trkpt lat="22.5509693447" lon="114.2901425912"><ele>8.000</ele></trkpt>
      <trkpt lat="22.5509662688" lon="114.2901440657"><ele>8.000</ele></trkpt>
      <trkpt lat="22.5509293367" lon="114.2901617691"><ele>7.000</ele></trkpt>
      <trkpt lat="22.5508974980" lon="114.2901420243"><ele>7.000</ele></trkpt>
      <trkpt lat="22.5508583731" lon="114.2901177611"><ele>5.000</ele></trkpt>
      <trkpt lat="22.5508210752" lon="114.2900946310"><ele>4.000</ele></trkpt>
      <trkpt lat="22.5507987433" lon="114.2901368793"><ele>5.000</ele></trkpt>
      <trkpt lat="22.5507764114" lon="114.2901791275"><ele>4.000</ele></trkpt>
      <trkpt lat="22.5507540794" lon="114.2902213758"><ele>5.000</ele></trkpt>
      <trkpt lat="22.5507317475" lon="114.2902636240"><ele>5.000</ele></trkpt>
      <trkpt lat="22.5507094155" lon="114.2903058722"><ele>5.000</ele></trkpt>
      <trkpt lat="22.5507052794" lon="114.2903136969"><ele>4.000</ele></trkpt>
      <trkpt lat="22.5506751468" lon="114.2903498985"><ele>4.000</ele></trkpt>
      <trkpt lat="22.5506561012" lon="114.2903727802"><ele>4.000</ele></trkpt>
      <trkpt lat="22.5506402357" lon="114.2903918411"><ele>4.000</ele></trkpt>
      <trkpt lat="22.5506150600" lon="114.2904321935"><ele>4.000</ele></trkpt>
      <trkpt lat="22.5505898842" lon="114.2904725459"><ele>4.000</ele></trkpt>
      <trkpt lat="22.5505647084" lon="114.2905128983"><ele>4.000</ele></trkpt>
      <trkpt lat="22.5505395326" lon="114.2905532506"><ele>4.000</ele></trkpt>
      <trkpt lat="22.5505143568" lon="114.2905936029"><ele>4.000</ele></trkpt>
      <trkpt lat="22.5504891810" lon="114.2906339553"><ele>4.000</ele></trkpt>
      <trkpt lat="22.5504766241" lon="114.2906540818"><ele>4.000</ele></trkpt>
      <trkpt lat="22.5504492658" lon="114.2906927524"><ele>4.000</ele></trkpt>
      <trkpt lat="22.5504219076" lon="114.2907314230"><ele>4.000</ele></trkpt>
      <trkpt lat="22.5503945493" lon="114.2907700937"><ele>4.000</ele></trkpt>
      <trkpt lat="22.5503671910" lon="114.2908087643"><ele>4.000</ele></trkpt>
      <trkpt lat="22.5503398327" lon="114.2908474349"><ele>3.000</ele></trkpt>
      <trkpt lat="22.5503124744" lon="114.2908861054"><ele>4.000</ele></trkpt>
      <trkpt lat="22.5502851161" lon="114.2909247760"><ele>4.000</ele></trkpt>
      <trkpt lat="22.5502577578" lon="114.2909634466"><ele>4.000</ele></trkpt>
      <trkpt lat="22.5502417611" lon="114.2909860576"><ele>4.000</ele></trkpt>
      <trkpt lat="22.5502164930" lon="114.2910263429"><ele>4.000</ele></trkpt>
      <trkpt lat="22.5501912249" lon="114.2910666282"><ele>4.000</ele></trkpt>
      <trkpt lat="22.5501775383" lon="114.2910884489"><ele>4.000</ele></trkpt>
      <trkpt lat="22.5501733651" lon="114.2911054011"><ele>4.000</ele></trkpt>
      <trkpt lat="22.5502080625" lon="114.2911365063"><ele>4.000</ele></trkpt>
      <trkpt lat="22.5502427599" lon="114.2911676116"><ele>4.000</ele></trkpt>
      <trkpt lat="22.5502774573" lon="114.2911987169"><ele>4.000</ele></trkpt>
      <trkpt lat="22.5503121547" lon="114.2912298222"><ele>4.000</ele></trkpt>
      <trkpt lat="22.5503468521" lon="114.2912609275"><ele>4.000</ele></trkpt>
      <trkpt lat="22.5503690107" lon="114.2912807921"><ele>4.000</ele></trkpt>
      <trkpt lat="22.5504101054" lon="114.2913009301"><ele>4.000</ele></trkpt>
      <trkpt lat="22.5504512002" lon="114.2913210682"><ele>4.000</ele></trkpt>
      <trkpt lat="22.5504922950" lon="114.2913412063"><ele>4.000</ele></trkpt>
      <trkpt lat="22.5505333898" lon="114.2913613443"><ele>4.000</ele></trkpt>
      <trkpt lat="22.5505489202" lon="114.2913689549"><ele>4.000</ele></trkpt>
      <trkpt lat="22.5505900150" lon="114.2913890930"><ele>5.000</ele></trkpt>
      <trkpt lat="22.5506311097" lon="114.2914092312"><ele>5.000</ele></trkpt>
      <trkpt lat="22.5506353430" lon="114.2914113057"><ele>5.000</ele></trkpt>
      <trkpt lat="22.5506711292" lon="114.2914317513"><ele>5.000</ele></trkpt>
      <trkpt lat="22.5507002982" lon="114.2914489710"><ele>5.000</ele></trkpt>
      <trkpt lat="22.5507398724" lon="114.2914723744"><ele>5.000</ele></trkpt>
      <trkpt lat="22.5507794466" lon="114.2914957777"><ele>5.000</ele></trkpt>
      <trkpt lat="22.5508190209" lon="114.2915191811"><ele>5.000</ele></trkpt>
      <trkpt lat="22.5508585951" lon="114.2915425845"><ele>5.000</ele></trkpt>
      <trkpt lat="22.5508981693" lon="114.2915659878"><ele>5.000</ele></trkpt>
      <trkpt lat="22.5509289751" lon="114.2915842058"><ele>5.000</ele></trkpt>
      <trkpt lat="22.5509486251" lon="114.2915940476"><ele>5.000</ele></trkpt>
      <trkpt lat="22.5509572569" lon="114.2915943460"><ele>5.000</ele></trkpt>
      <trkpt lat="22.5509800278" lon="114.2915936791"><ele>5.000</ele></trkpt>
      <trkpt lat="22.5509880630" lon="114.2915895529"><ele>5.000</ele></trkpt>
      <trkpt lat="22.5510000044" lon="114.2915846483"><ele>5.000</ele></trkpt>
      <trkpt lat="22.5510081100" lon="114.2915833620"><ele>5.000</ele></trkpt>
      <trkpt lat="22.5510284867" lon="114.2915836413"><ele>5.000</ele></trkpt>
      <trkpt lat="22.5510349017" lon="114.2915851973"><ele>5.000</ele></trkpt>
      <trkpt lat="22.5510479537" lon="114.2915933503"><ele>6.000</ele></trkpt>
      <trkpt lat="22.5510645552" lon="114.2916070039"><ele>6.000</ele></trkpt>
      <trkpt lat="22.5510846925" lon="114.2916267901"><ele>6.000</ele></trkpt>
      <trkpt lat="22.5511179013" lon="114.2916597252"><ele>11.000</ele></trkpt>
      <trkpt lat="22.5511511100" lon="114.2916926602"><ele>11.000</ele></trkpt>
      <trkpt lat="22.5511518583" lon="114.2916934024"><ele>11.000</ele></trkpt>
      <trkpt lat="22.5511844163" lon="114.2917270822"><ele>14.000</ele></trkpt>
      <trkpt lat="22.5512157463" lon="114.2917594918"><ele>14.000</ele></trkpt>
      <trkpt lat="22.5512312697" lon="114.2917783704"><ele>14.000</ele></trkpt>
      <trkpt lat="22.5512317304" lon="114.2917791381"><ele>14.000</ele></trkpt>
      <trkpt lat="22.5512380166" lon="114.2917896193"><ele>13.000</ele></trkpt>
      <trkpt lat="22.5512445387" lon="114.2918053889"><ele>13.000</ele></trkpt>
      <trkpt lat="22.5512474550" lon="114.2918190897"><ele>13.000</ele></trkpt>
      <trkpt lat="22.5512466636" lon="114.2918274887"><ele>13.000</ele></trkpt>
      <trkpt lat="22.5512384310" lon="114.2918424731"><ele>12.000</ele></trkpt>
      <trkpt lat="22.5512320021" lon="114.2918606919"><ele>12.000</ele></trkpt>
      <trkpt lat="22.5512179616" lon="114.2919068923"><ele>13.000</ele></trkpt>
      <trkpt lat="22.5512067766" lon="114.2919436966"><ele>14.000</ele></trkpt>
      <trkpt lat="22.5511957514" lon="114.2919908356"><ele>13.000</ele></trkpt>
      <trkpt lat="22.5511847263" lon="114.2920379746"><ele>15.000</ele></trkpt>
      <trkpt lat="22.5511737011" lon="114.2920851136"><ele>15.000</ele></trkpt>
      <trkpt lat="22.5511673718" lon="114.2921121749"><ele>15.000</ele></trkpt>
      <trkpt lat="22.5511620527" lon="114.2921479716"><ele>15.000</ele></trkpt>
      <trkpt lat="22.5511556131" lon="114.2921913117"><ele>15.000</ele></trkpt>
      <trkpt lat="22.5511524973" lon="114.2922398062"><ele>14.000</ele></trkpt>
      <trkpt lat="22.5511524401" lon="114.2922406968"><ele>14.000</ele></trkpt>
      <trkpt lat="22.5511532155" lon="114.2922618911"><ele>14.000</ele></trkpt>
      <trkpt lat="22.5511599578" lon="114.2922856769"><ele>14.000</ele></trkpt>
      <trkpt lat="22.5511668113" lon="114.2922993808"><ele>14.000</ele></trkpt>
      <trkpt lat="22.5511762598" lon="114.2923142535"><ele>14.000</ele></trkpt>
      <trkpt lat="22.5511798848" lon="114.2923190612"><ele>14.000</ele></trkpt>
      <trkpt lat="22.5512077506" lon="114.2923560210"><ele>14.000</ele></trkpt>
      <trkpt lat="22.5512198924" lon="114.2923810993"><ele>14.000</ele></trkpt>
      <trkpt lat="22.5512225892" lon="114.2923919611"><ele>14.000</ele></trkpt>
      <trkpt lat="22.5512236960" lon="114.2924103122"><ele>14.000</ele></trkpt>
      <trkpt lat="22.5512180919" lon="114.2924563849"><ele>12.000</ele></trkpt>
      <trkpt lat="22.5512179644" lon="114.2924769368"><ele>10.000</ele></trkpt>
      <trkpt lat="22.5512189707" lon="114.2924844334"><ele>10.000</ele></trkpt>
      <trkpt lat="22.5512275140" lon="114.2925089934"><ele>10.000</ele></trkpt>
      <trkpt lat="22.5512326735" lon="114.2925299292"><ele>7.000</ele></trkpt>
      <trkpt lat="22.5512363554" lon="114.2925782651"><ele>7.000</ele></trkpt>
      <trkpt lat="22.5512403901" lon="114.2926061850"><ele>7.000</ele></trkpt>
      <trkpt lat="22.5512533784" lon="114.2926527408"><ele>7.000</ele></trkpt>
      <trkpt lat="22.5512658318" lon="114.2926973790"><ele>7.000</ele></trkpt>
      <trkpt lat="22.5512802251" lon="114.2927434535"><ele>7.000</ele></trkpt>
      <trkpt lat="22.5512876430" lon="114.2927671990"><ele>6.000</ele></trkpt>
      <trkpt lat="22.5513013262" lon="114.2928110004"><ele>6.000</ele></trkpt>
      <trkpt lat="22.5513124574" lon="114.2928345273"><ele>6.000</ele></trkpt>
      <trkpt lat="22.5513381027" lon="114.2928745357"><ele>6.000</ele></trkpt>
      <trkpt lat="22.5513609789" lon="114.2929102242"><ele>6.000</ele></trkpt>
      <trkpt lat="22.5513661597" lon="114.2929250499"><ele>6.000</ele></trkpt>
      <trkpt lat="22.5513669932" lon="114.2929404939"><ele>6.000</ele></trkpt>
      <trkpt lat="22.5513603154" lon="114.2929885698"><ele>5.000</ele></trkpt>
      <trkpt lat="22.5513572040" lon="114.2930109702"><ele>6.000</ele></trkpt>
      <trkpt lat="22.5513559127" lon="114.2930428085"><ele>6.000</ele></trkpt>
      <trkpt lat="22.5513584357" lon="114.2930631153"><ele>6.000</ele></trkpt>
      <trkpt lat="22.5513637133" lon="114.2930805704"><ele>6.000</ele></trkpt>
      <trkpt lat="22.5513749267" lon="114.2931180631"><ele>6.000</ele></trkpt>
      <trkpt lat="22.5514109322" lon="114.2931473948"><ele>5.000</ele></trkpt>
      <trkpt lat="22.5514469378" lon="114.2931767266"><ele>5.000</ele></trkpt>
      <trkpt lat="22.5514562079" lon="114.2931842785"><ele>5.000</ele></trkpt>
      <trkpt lat="22.5514202024" lon="114.2931549467"><ele>5.000</ele></trkpt>
      <trkpt lat="22.5513841969" lon="114.2931256150"><ele>5.000</ele></trkpt>
      <trkpt lat="22.5513749267" lon="114.2931180631"><ele>6.000</ele></trkpt>
      <trkpt lat="22.5513637133" lon="114.2930805704"><ele>6.000</ele></trkpt>
      <trkpt lat="22.5513584357" lon="114.2930631153"><ele>6.000</ele></trkpt>
      <trkpt lat="22.5513559127" lon="114.2930428085"><ele>6.000</ele></trkpt>
      <trkpt lat="22.5513572040" lon="114.2930109702"><ele>6.000</ele></trkpt>
      <trkpt lat="22.5513638817" lon="114.2929628943"><ele>5.000</ele></trkpt>
      <trkpt lat="22.5513669932" lon="114.2929404939"><ele>6.000</ele></trkpt>
      <trkpt lat="22.5513661597" lon="114.2929250499"><ele>6.000</ele></trkpt>
      <trkpt lat="22.5513609789" lon="114.2929102242"><ele>6.000</ele></trkpt>
      <trkpt lat="22.5513353336" lon="114.2928702158"><ele>6.000</ele></trkpt>
      <trkpt lat="22.5513124574" lon="114.2928345273"><ele>6.000</ele></trkpt>
      <trkpt lat="22.5513013262" lon="114.2928110004"><ele>6.000</ele></trkpt>
      <trkpt lat="22.5512876430" lon="114.2927671990"><ele>6.000</ele></trkpt>
      <trkpt lat="22.5512732497" lon="114.2927211245"><ele>7.000</ele></trkpt>
      <trkpt lat="22.5512658318" lon="114.2926973790"><ele>7.000</ele></trkpt>
      <trkpt lat="22.5512528435" lon="114.2926508232"><ele>7.000</ele></trkpt>
      <trkpt lat="22.5512403901" lon="114.2926061850"><ele>7.000</ele></trkpt>
      <trkpt lat="22.5512363554" lon="114.2925782651"><ele>7.000</ele></trkpt>
      <trkpt lat="22.5512326735" lon="114.2925299292"><ele>7.000</ele></trkpt>
      <trkpt lat="22.5512275140" lon="114.2925089934"><ele>10.000</ele></trkpt>
      <trkpt lat="22.5512189707" lon="114.2924844334"><ele>10.000</ele></trkpt>
      <trkpt lat="22.5512179644" lon="114.2924769368"><ele>10.000</ele></trkpt>
      <trkpt lat="22.5512180919" lon="114.2924563849"><ele>12.000</ele></trkpt>
      <trkpt lat="22.5512236960" lon="114.2924103122"><ele>14.000</ele></trkpt>
      <trkpt lat="22.5512225892" lon="114.2923919611"><ele>14.000</ele></trkpt>
      <trkpt lat="22.5512198924" lon="114.2923810993"><ele>14.000</ele></trkpt>
      <trkpt lat="22.5512077506" lon="114.2923560210"><ele>14.000</ele></trkpt>
      <trkpt lat="22.5511798848" lon="114.2923190612"><ele>14.000</ele></trkpt>
      <trkpt lat="22.5511762598" lon="114.2923142535"><ele>14.000</ele></trkpt>
      <trkpt lat="22.5511668113" lon="114.2922993808"><ele>14.000</ele></trkpt>
      <trkpt lat="22.5511599578" lon="114.2922856769"><ele>14.000</ele></trkpt>
      <trkpt lat="22.5511532155" lon="114.2922618911"><ele>14.000</ele></trkpt>
      <trkpt lat="22.5511524401" lon="114.2922406968"><ele>14.000</ele></trkpt>
      <trkpt lat="22.5511555559" lon="114.2921922022"><ele>15.000</ele></trkpt>
      <trkpt lat="22.5511556131" lon="114.2921913117"><ele>15.000</ele></trkpt>
      <trkpt lat="22.5511620527" lon="114.2921479716"><ele>15.000</ele></trkpt>
      <trkpt lat="22.5511673718" lon="114.2921121749"><ele>15.000</ele></trkpt>
      <trkpt lat="22.5511783970" lon="114.2920650360"><ele>15.000</ele></trkpt>
      <trkpt lat="22.5511894221" lon="114.2920178970"><ele>13.000</ele></trkpt>
      <trkpt lat="22.5512004473" lon="114.2919707580"><ele>11.000</ele></trkpt>
      <trkpt lat="22.5512067766" lon="114.2919436966"><ele>14.000</ele></trkpt>
      <trkpt lat="22.5512208171" lon="114.2918974962"><ele>13.000</ele></trkpt>
      <trkpt lat="22.5512320021" lon="114.2918606919"><ele>12.000</ele></trkpt>
      <trkpt lat="22.5512384310" lon="114.2918424731"><ele>12.000</ele></trkpt>
      <trkpt lat="22.5512466636" lon="114.2918274887"><ele>13.000</ele></trkpt>
      <trkpt lat="22.5512474550" lon="114.2918190897"><ele>13.000</ele></trkpt>
      <trkpt lat="22.5512445387" lon="114.2918053889"><ele>13.000</ele></trkpt>
      <trkpt lat="22.5512380166" lon="114.2917896193"><ele>13.000</ele></trkpt>
      <trkpt lat="22.5512317304" lon="114.2917791381"><ele>14.000</ele></trkpt>
      <trkpt lat="22.5512312697" lon="114.2917783704"><ele>14.000</ele></trkpt>
      <trkpt lat="22.5512157463" lon="114.2917594918"><ele>14.000</ele></trkpt>
      <trkpt lat="22.5511831884" lon="114.2917258120"><ele>14.000</ele></trkpt>
      <trkpt lat="22.5511518583" lon="114.2916934024"><ele>11.000</ele></trkpt>
      <trkpt lat="22.5511186496" lon="114.2916604673"><ele>11.000</ele></trkpt>
      <trkpt lat="22.5510854408" lon="114.2916275323"><ele>6.000</ele></trkpt>
      <trkpt lat="22.5510846925" lon="114.2916267901"><ele>6.000</ele></trkpt>
      <trkpt lat="22.5510645552" lon="114.2916070039"><ele>6.000</ele></trkpt>
      <trkpt lat="22.5510479537" lon="114.2915933503"><ele>6.000</ele></trkpt>
      <trkpt lat="22.5510349017" lon="114.2915851973"><ele>5.000</ele></trkpt>
      <trkpt lat="22.5510284867" lon="114.2915836413"><ele>5.000</ele></trkpt>
      <trkpt lat="22.5510081100" lon="114.2915833620"><ele>5.000</ele></trkpt>
      <trkpt lat="22.5510000044" lon="114.2915846483"><ele>5.000</ele></trkpt>
      <trkpt lat="22.5509880630" lon="114.2915895529"><ele>5.000</ele></trkpt>
      <trkpt lat="22.5509800278" lon="114.2915936791"><ele>5.000</ele></trkpt>
      <trkpt lat="22.5509572569" lon="114.2915943460"><ele>5.000</ele></trkpt>
      <trkpt lat="22.5509486251" lon="114.2915940476"><ele>5.000</ele></trkpt>
      <trkpt lat="22.5509289751" lon="114.2915842058"><ele>5.000</ele></trkpt>
      <trkpt lat="22.5508894009" lon="114.2915608024"><ele>5.000</ele></trkpt>
      <trkpt lat="22.5508498267" lon="114.2915373990"><ele>5.000</ele></trkpt>
      <trkpt lat="22.5508102524" lon="114.2915139956"><ele>5.000</ele></trkpt>
      <trkpt lat="22.5507706782" lon="114.2914905923"><ele>5.000</ele></trkpt>
      <trkpt lat="22.5507311040" lon="114.2914671889"><ele>5.000</ele></trkpt>
      <trkpt lat="22.5507002982" lon="114.2914489710"><ele>5.000</ele></trkpt>
      <trkpt lat="22.5506711292" lon="114.2914317513"><ele>5.000</ele></trkpt>
      <trkpt lat="22.5506353430" lon="114.2914113057"><ele>5.000</ele></trkpt>
      <trkpt lat="22.5505942483" lon="114.2913911675"><ele>5.000</ele></trkpt>
      <trkpt lat="22.5505531535" lon="114.2913710294"><ele>4.000</ele></trkpt>
      <trkpt lat="22.5505489202" lon="114.2913689549"><ele>4.000</ele></trkpt>
      <trkpt lat="22.5505078255" lon="114.2913488168"><ele>4.000</ele></trkpt>
      <trkpt lat="22.5504667307" lon="114.2913286787"><ele>4.000</ele></trkpt>
      <trkpt lat="22.5504256359" lon="114.2913085407"><ele>4.000</ele></trkpt>
      <trkpt lat="22.5503845411" lon="114.2912884026"><ele>4.000</ele></trkpt>
      <trkpt lat="22.5503690107" lon="114.2912807921"><ele>4.000</ele></trkpt>
      <trkpt lat="22.5503343133" lon="114.2912496868"><ele>4.000</ele></trkpt>
      <trkpt lat="22.5502996159" lon="114.2912185815"><ele>4.000</ele></trkpt>
      <trkpt lat="22.5502649185" lon="114.2911874762"><ele>4.000</ele></trkpt>
      <trkpt lat="22.5502302211" lon="114.2911563709"><ele>4.000</ele></trkpt>
      <trkpt lat="22.5501955238" lon="114.2911252657"><ele>4.000</ele></trkpt>
      <trkpt lat="22.5501733651" lon="114.2911054011"><ele>4.000</ele></trkpt>
      <trkpt lat="22.5501606485" lon="114.2911520434"><ele>4.000</ele></trkpt>
      <trkpt lat="22.5501534956" lon="114.2911782787"><ele>4.000</ele></trkpt>
      <trkpt lat="22.5501309366" lon="114.2912203867"><ele>4.000</ele></trkpt>
      <trkpt lat="22.5501242896" lon="114.2912327937"><ele>4.000</ele></trkpt>
      <trkpt lat="22.5501035862" lon="114.2912759924"><ele>3.000</ele></trkpt>
      <trkpt lat="22.5500926193" lon="114.2912988756"><ele>3.000</ele></trkpt>
      <trkpt lat="22.5500713034" lon="114.2913417277"><ele>3.000</ele></trkpt>
      <trkpt lat="22.5500499876" lon="114.2913845797"><ele>3.000</ele></trkpt>
      <trkpt lat="22.5500474224" lon="114.2913897367"><ele>3.000</ele></trkpt>
      <trkpt lat="22.5500278695" lon="114.2914335523"><ele>3.000</ele></trkpt>
      <trkpt lat="22.5500188446" lon="114.2914537762"><ele>3.000</ele></trkpt>
      <trkpt lat="22.5500061468" lon="114.2914734295"><ele>3.000</ele></trkpt>
      <trkpt lat="22.5499827848" lon="114.2915061833"><ele>3.000</ele></trkpt>
      <trkpt lat="22.5499573600" lon="114.2915364216"><ele>3.000</ele></trkpt>
      <trkpt lat="22.5499238736" lon="114.2915658119"><ele>3.000</ele></trkpt>
      <trkpt lat="22.5498870963" lon="114.2915940117"><ele>3.000</ele></trkpt>
      <trkpt lat="22.5498756447" lon="114.2916027924"><ele>3.000</ele></trkpt>
      <trkpt lat="22.5498498401" lon="114.2916232646"><ele>3.000</ele></trkpt>
      <trkpt lat="22.5498112216" lon="114.2916484504"><ele>3.000</ele></trkpt>
      <trkpt lat="22.5497726031" lon="114.2916736362"><ele>3.000</ele></trkpt>
      <trkpt lat="22.5497339846" lon="114.2916988220"><ele>3.000</ele></trkpt>
      <trkpt lat="22.5496953660" lon="114.2917240078"><ele>3.000</ele></trkpt>
      <trkpt lat="22.5496787489" lon="114.2917348450"><ele>3.000</ele></trkpt>
      <trkpt lat="22.5496383854" lon="114.2917566298"><ele>3.000</ele></trkpt>
      <trkpt lat="22.5496114850" lon="114.2917711485"><ele>3.000</ele></trkpt>
      <trkpt lat="22.5495740092" lon="114.2917975607"><ele>3.000</ele></trkpt>
      <trkpt lat="22.5495351193" lon="114.2918222577"><ele>3.000</ele></trkpt>
      <trkpt lat="22.5495267063" lon="114.2918276004"><ele>4.000</ele></trkpt>
      <trkpt lat="22.5494821132" lon="114.2918352226"><ele>4.000</ele></trkpt>
      <trkpt lat="22.5494811313" lon="114.2918353905"><ele>4.000</ele></trkpt>
      <trkpt lat="22.5494366553" lon="114.2918429927"><ele>4.000</ele></trkpt>
      <trkpt lat="22.5493916083" lon="114.2918462998"><ele>4.000</ele></trkpt>
      <trkpt lat="22.5493626479" lon="114.2918484260"><ele>4.000</ele></trkpt>
      <trkpt lat="22.5493178867" lon="114.2918420474"><ele>4.000</ele></trkpt>
      <trkpt lat="22.5493141679" lon="114.2918415175"><ele>4.000</ele></trkpt>
      <trkpt lat="22.5492693089" lon="114.2918359918"><ele>4.000</ele></trkpt>
      <trkpt lat="22.5492244500" lon="114.2918304661"><ele>3.000</ele></trkpt>
      <trkpt lat="22.5492018965" lon="114.2918276880"><ele>3.000</ele></trkpt>
      <trkpt lat="22.5491569280" lon="114.2918233149"><ele>3.000</ele></trkpt>
      <trkpt lat="22.5491164157" lon="114.2918193752"><ele>3.000</ele></trkpt>
      <trkpt lat="22.5490716171" lon="114.2918133088"><ele>3.000</ele></trkpt>
      <trkpt lat="22.5490449709" lon="114.2918097005"><ele>3.000</ele></trkpt>
      <trkpt lat="22.5490000405" lon="114.2918048939"><ele>4.000</ele></trkpt>
      <trkpt lat="22.5489551102" lon="114.2918000873"><ele>4.000</ele></trkpt>
      <trkpt lat="22.5489543874" lon="114.2918000100"><ele>4.000</ele></trkpt>
      <trkpt lat="22.5489092924" lon="114.2917975751"><ele>4.000</ele></trkpt>
      <trkpt lat="22.5488641975" lon="114.2917951402"><ele>4.000</ele></trkpt>
      <trkpt lat="22.5488510417" lon="114.2917944298"><ele>4.000</ele></trkpt>
      <trkpt lat="22.5488058901" lon="114.2917943924"><ele>4.000</ele></trkpt>
      <trkpt lat="22.5487910734" lon="114.2917943801"><ele>4.000</ele></trkpt>
      <trkpt lat="22.5487591783" lon="114.2917902328"><ele>4.000</ele></trkpt>
      <trkpt lat="22.5487209016" lon="114.2917888277"><ele>4.000</ele></trkpt>
      <trkpt lat="22.5486757674" lon="114.2917874769"><ele>4.000</ele></trkpt>
      <trkpt lat="22.5486736936" lon="114.2917874149"><ele>5.000</ele></trkpt>
      <trkpt lat="22.5486354257" lon="114.2917736468"><ele>4.000</ele></trkpt>
      <trkpt lat="22.5486158290" lon="114.2917298544"><ele>4.000</ele></trkpt>
      <trkpt lat="22.5486157444" lon="114.2917296654"><ele>4.000</ele></trkpt>
      <trkpt lat="22.5486040020" lon="114.2917218021"><ele>4.000</ele></trkpt>
      <trkpt lat="22.5485820170" lon="114.2917145034"><ele>4.000</ele></trkpt>
      <trkpt lat="22.5485382587" lon="114.2917025210"><ele>4.000</ele></trkpt>
      <trkpt lat="22.5484945003" lon="114.2916905386"><ele>4.000</ele></trkpt>
      <trkpt lat="22.5484507420" lon="114.2916785563"><ele>4.000</ele></trkpt>
      <trkpt lat="22.5484421906" lon="114.2916762146"><ele>4.000</ele></trkpt>
      <trkpt lat="22.5483999203" lon="114.2916591279"><ele>4.000</ele></trkpt>
      <trkpt lat="22.5483576501" lon="114.2916420413"><ele>5.000</ele></trkpt>
      <trkpt lat="22.5483440251" lon="114.2916365337"><ele>4.000</ele></trkpt>
      <trkpt lat="22.5483061821" lon="114.2916100189"><ele>4.000</ele></trkpt>
      <trkpt lat="22.5482874403" lon="114.2915968875"><ele>4.000</ele></trkpt>
      <trkpt lat="22.5482537166" lon="114.2915645653"><ele>4.000</ele></trkpt>
      <trkpt lat="22.5482471668" lon="114.2915582877"><ele>4.000</ele></trkpt>
      <trkpt lat="22.5482196831" lon="114.2915252079"><ele>4.000</ele></trkpt>
      <trkpt lat="22.5481948483" lon="114.2914846121"><ele>4.000</ele></trkpt>
      <trkpt lat="22.5481728392" lon="114.2914486352"><ele>4.000</ele></trkpt>
      <trkpt lat="22.5481729130" lon="114.2914485366"><ele>4.000</ele></trkpt>
      <trkpt lat="22.5481480054" lon="114.2914079925"><ele>4.000</ele></trkpt>
      <trkpt lat="22.5481408354" lon="114.2913963214"><ele>4.000</ele></trkpt>
      <trkpt lat="22.5481183583" lon="114.2913751149"><ele>4.000</ele></trkpt>
      <trkpt lat="22.5480801645" lon="114.2913515197"><ele>4.000</ele></trkpt>
      <trkpt lat="22.5480410026" lon="114.2913273263"><ele>4.000</ele></trkpt>
      <trkpt lat="22.5480018406" lon="114.2913031329"><ele>4.000</ele></trkpt>
      <trkpt lat="22.5479804646" lon="114.2912899273"><ele>3.000</ele></trkpt>
      <trkpt lat="22.5479413027" lon="114.2912657340"><ele>4.000</ele></trkpt>
      <trkpt lat="22.5479021407" lon="114.2912415406"><ele>4.000</ele></trkpt>
      <trkpt lat="22.5478629787" lon="114.2912173473"><ele>4.000</ele></trkpt>
      <trkpt lat="22.5478288989" lon="114.2911962936"><ele>4.000</ele></trkpt>
      <trkpt lat="22.5477912748" lon="114.2911694203"><ele>4.000</ele></trkpt>
      <trkpt lat="22.5477855837" lon="114.2911653553"><ele>4.000</ele></trkpt>
      <trkpt lat="22.5477488945" lon="114.2911370233"><ele>3.000</ele></trkpt>
      <trkpt lat="22.5477360344" lon="114.2911270926"><ele>3.000</ele></trkpt>
      <trkpt lat="22.5477252330" lon="114.2911210343"><ele>4.000</ele></trkpt>
      <trkpt lat="22.5477040621" lon="114.2911091603"><ele>4.000</ele></trkpt>
      <trkpt lat="22.5476739988" lon="114.2911056921"><ele>4.000</ele></trkpt>
      <trkpt lat="22.5476413701" lon="114.2911111749"><ele>4.000</ele></trkpt>
      <trkpt lat="22.5476008305" lon="114.2911325770"><ele>4.000</ele></trkpt>
      <trkpt lat="22.5475860154" lon="114.2911403983"><ele>4.000</ele></trkpt>
      <trkpt lat="22.5475501722" lon="114.2911686049"><ele>4.000</ele></trkpt>
      <trkpt lat="22.5475157274" lon="114.2912000332"><ele>5.000</ele></trkpt>
      <trkpt lat="22.5474951224" lon="114.2912188336"><ele>5.000</ele></trkpt>
      <trkpt lat="22.5474647213" lon="114.2912547732"><ele>5.000</ele></trkpt>
      <trkpt lat="22.5474343202" lon="114.2912907128"><ele>4.000</ele></trkpt>
      <trkpt lat="22.5474338130" lon="114.2912913125"><ele>4.000</ele></trkpt>
      <trkpt lat="22.5474205367" lon="114.2913045133"><ele>4.000</ele></trkpt>
      <trkpt lat="22.5474064585" lon="114.2913113886"><ele>4.000</ele></trkpt>
      <trkpt lat="22.5473622209" lon="114.2913211198"><ele>4.000</ele></trkpt>
      <trkpt lat="22.5473179833" lon="114.2913308511"><ele>4.000</ele></trkpt>
      <trkpt lat="22.5472974155" lon="114.2913353755"><ele>4.000</ele></trkpt>
      <trkpt lat="22.5472816976" lon="114.2913388329"><ele>4.000</ele></trkpt>
      <trkpt lat="22.5472473757" lon="114.2913367723"><ele>4.000</ele></trkpt>
      <trkpt lat="22.5472396281" lon="114.2913351380"><ele>4.000</ele></trkpt>
      <trkpt lat="22.5471953189" lon="114.2913257923"><ele>4.000</ele></trkpt>
      <trkpt lat="22.5471600280" lon="114.2913183489"><ele>4.000</ele></trkpt>
      <trkpt lat="22.5471157188" lon="114.2913090032"><ele>4.000</ele></trkpt>
      <trkpt lat="22.5471113716" lon="114.2913080863"><ele>4.000</ele></trkpt>
      <trkpt lat="22.5470677972" lon="114.2912953507"><ele>4.000</ele></trkpt>
      <trkpt lat="22.5470242228" lon="114.2912826152"><ele>4.000</ele></trkpt>
      <trkpt lat="22.5469988448" lon="114.2912751979"><ele>4.000</ele></trkpt>
      <trkpt lat="22.5469739244" lon="114.2912730311"><ele>4.000</ele></trkpt>
      <trkpt lat="22.5469683998" lon="114.2912744422"><ele>4.000</ele></trkpt>
      <trkpt lat="22.5469506538" lon="114.2912297451"><ele>4.000</ele></trkpt>
      <trkpt lat="22.5469329078" lon="114.2911850480"><ele>4.000</ele></trkpt>
      <trkpt lat="22.5469151618" lon="114.2911403508"><ele>4.000</ele></trkpt>
      <trkpt lat="22.5469071660" lon="114.2911202117"><ele>4.000</ele></trkpt>
      <trkpt lat="22.5468954337" lon="114.2910761203"><ele>4.000</ele></trkpt>
      <trkpt lat="22.5469030525" lon="114.2910282084"><ele>4.000</ele></trkpt>
      <trkpt lat="22.5469037070" lon="114.2910240927"><ele>4.000</ele></trkpt>
      <trkpt lat="22.5469079997" lon="114.2909757040"><ele>5.000</ele></trkpt>
      <trkpt lat="22.5469119433" lon="114.2909312513"><ele>5.000</ele></trkpt>
      <trkpt lat="22.5469026754" lon="114.2908836774"><ele>4.000</ele></trkpt>
      <trkpt lat="22.5469010888" lon="114.2908755333"><ele>4.000</ele></trkpt>
      <trkpt lat="22.5468847215" lon="114.2908302305"><ele>4.000</ele></trkpt>
      <trkpt lat="22.5468802495" lon="114.2908178527"><ele>4.000</ele></trkpt>
      <trkpt lat="22.5468584915" lon="114.2907753202"><ele>5.000</ele></trkpt>
      <trkpt lat="22.5468273585" lon="114.2907401145"><ele>3.000</ele></trkpt>
      <trkpt lat="22.5468213001" lon="114.2907332636"><ele>5.000</ele></trkpt>
      <trkpt lat="22.5467977068" lon="114.2907185841"><ele>5.000</ele></trkpt>
      <trkpt lat="22.5467554421" lon="114.2907014816"><ele>4.000</ele></trkpt>
      <trkpt lat="22.5467468826" lon="114.2906980180"><ele>4.000</ele></trkpt>
      <trkpt lat="22.5467133080" lon="114.2906764888"><ele>5.000</ele></trkpt>
      <trkpt lat="22.5466798602" lon="114.2906438363"><ele>3.000</ele></trkpt>
      <trkpt lat="22.5466797410" lon="114.2906437200"><ele>3.000</ele></trkpt>
      <trkpt lat="22.5466643204" lon="114.2906261153"><ele>3.000</ele></trkpt>
      <trkpt lat="22.5466452648" lon="114.2906133941"><ele>2.000</ele></trkpt>
      <trkpt lat="22.5466098633" lon="114.2906075009"><ele>3.000</ele></trkpt>
      <trkpt lat="22.5465686761" lon="114.2905875834"><ele>4.000</ele></trkpt>
      <trkpt lat="22.5465572268" lon="114.2905820468"><ele>4.000</ele></trkpt>
      <trkpt lat="22.5465183004" lon="114.2905766592"><ele>4.000</ele></trkpt>
      <trkpt lat="22.5464732024" lon="114.2905742926"><ele>4.000</ele></trkpt>
      <trkpt lat="22.5464695568" lon="114.2905741013"><ele>4.000</ele></trkpt>
      <trkpt lat="22.5464422000" lon="114.2905799649"><ele>4.000</ele></trkpt>
      <trkpt lat="22.5464071204" lon="114.2906105685"><ele>3.000</ele></trkpt>
      <trkpt lat="22.5463720409" lon="114.2906411720"><ele>3.000</ele></trkpt>
      <trkpt lat="22.5463369613" lon="114.2906717756"><ele>5.000</ele></trkpt>
      <trkpt lat="22.5463018817" lon="114.2907023791"><ele>4.000</ele></trkpt>
      <trkpt lat="22.5463004090" lon="114.2907036639"><ele>4.000</ele></trkpt>
      <trkpt lat="22.5462927119" lon="114.2907082071"><ele>4.000</ele></trkpt>
      <trkpt lat="22.5462652710" lon="114.2907468087"><ele>3.000</ele></trkpt>
      <trkpt lat="22.5462624503" lon="114.2907507767"><ele>3.000</ele></trkpt>
      <trkpt lat="22.5462515179" lon="114.2907757013"><ele>4.000</ele></trkpt>
      <trkpt lat="22.5462399162" lon="114.2908226779"><ele>4.000</ele></trkpt>
      <trkpt lat="22.5462395548" lon="114.2908241415"><ele>4.000</ele></trkpt>
      <trkpt lat="22.5462376187" lon="114.2908319810"><ele>4.000</ele></trkpt>
      <trkpt lat="22.5462368086" lon="114.2908805818"><ele>5.000</ele></trkpt>
      <trkpt lat="22.5462359985" lon="114.2909291827"><ele>3.000</ele></trkpt>
      <trkpt lat="22.5462351883" lon="114.2909777836"><ele>2.000</ele></trkpt>
      <trkpt lat="22.5462343782" lon="114.2910263845"><ele>2.000</ele></trkpt>
      <trkpt lat="22.5462343290" lon="114.2910293352"><ele>2.000</ele></trkpt>
      <trkpt lat="22.5462370425" lon="114.2910778561"><ele>4.000</ele></trkpt>
      <trkpt lat="22.5462397560" lon="114.2911263769"><ele>3.000</ele></trkpt>
      <trkpt lat="22.5462405496" lon="114.2911405658"><ele>3.000</ele></trkpt>
      <trkpt lat="22.5462405150" lon="114.2911891745"><ele>3.000</ele></trkpt>
      <trkpt lat="22.5462405139" lon="114.2911907528"><ele>3.000</ele></trkpt>
      <trkpt lat="22.5462348793" lon="114.2912389815"><ele>3.000</ele></trkpt>
      <trkpt lat="22.5462348095" lon="114.2912395787"><ele>3.000</ele></trkpt>
      <trkpt lat="22.5462385715" lon="114.2912646754"><ele>3.000</ele></trkpt>
      <trkpt lat="22.5462468806" lon="114.2912766212"><ele>3.000</ele></trkpt>
      <trkpt lat="22.5462218477" lon="114.2912658175"><ele>3.000</ele></trkpt>
      <trkpt lat="22.5461810870" lon="114.2912581766"><ele>3.000</ele></trkpt>
      <trkpt lat="22.5461528217" lon="114.2912593238"><ele>3.000</ele></trkpt>
      <trkpt lat="22.5461174159" lon="114.2912668800"><ele>3.000</ele></trkpt>
      <trkpt lat="22.5460773460" lon="114.2912892839"><ele>3.000</ele></trkpt>
      <trkpt lat="22.5460372761" lon="114.2913116877"><ele>3.000</ele></trkpt>
      <trkpt lat="22.5460331608" lon="114.2913139887"><ele>3.000</ele></trkpt>
      <trkpt lat="22.5460732306" lon="114.2912915848"><ele>3.000</ele></trkpt>
      <trkpt lat="22.5461133005" lon="114.2912691810"><ele>3.000</ele></trkpt>
      <trkpt lat="22.5461174159" lon="114.2912668800"><ele>3.000</ele></trkpt>
      <trkpt lat="22.5461528217" lon="114.2912593238"><ele>3.000</ele></trkpt>
      <trkpt lat="22.5461810870" lon="114.2912581766"><ele>3.000</ele></trkpt>
      <trkpt lat="22.5462218477" lon="114.2912658175"><ele>3.000</ele></trkpt>
      <trkpt lat="22.5462468806" lon="114.2912766212"><ele>3.000</ele></trkpt>
      <trkpt lat="22.5462517334" lon="114.2912787157"><ele>3.000</ele></trkpt>
      <trkpt lat="22.5462857824" lon="114.2913106397"><ele>3.000</ele></trkpt>
      <trkpt lat="22.5463141996" lon="114.2913372836"><ele>3.000</ele></trkpt>
      <trkpt lat="22.5463210535" lon="114.2913450785"><ele>3.000</ele></trkpt>
      <trkpt lat="22.5463384080" lon="114.2913648156"><ele>3.000</ele></trkpt>
      <trkpt lat="22.5463694474" lon="114.2914001169"><ele>3.000</ele></trkpt>
      <trkpt lat="22.5463736697" lon="114.2914049190"><ele>3.000</ele></trkpt>
      <trkpt lat="22.5463901284" lon="114.2914200968"><ele>3.000</ele></trkpt>
      <trkpt lat="22.5464205786" lon="114.2914481772"><ele>3.000</ele></trkpt>
      <trkpt lat="22.5464548696" lon="114.2914797996"><ele>3.000</ele></trkpt>
      <trkpt lat="22.5464562346" lon="114.2914810584"><ele>3.000</ele></trkpt>
      <trkpt lat="22.5464953877" lon="114.2915052681"><ele>4.000</ele></trkpt>
      <trkpt lat="22.5464989882" lon="114.2915074944"><ele>4.000</ele></trkpt>
      <trkpt lat="22.5465152744" lon="114.2915093217"><ele>4.000</ele></trkpt>
      <trkpt lat="22.5465321273" lon="114.2915038939"><ele>4.000</ele></trkpt>
      <trkpt lat="22.5465670032" lon="114.2914730217"><ele>4.000</ele></trkpt>
      <trkpt lat="22.5465894503" lon="114.2914531515"><ele>4.000</ele></trkpt>
      <trkpt lat="22.5465938338" lon="114.2914509274"><ele>4.000</ele></trkpt>
      <trkpt lat="22.5466096765" lon="114.2914428894"><ele>4.000</ele></trkpt>
      <trkpt lat="22.5466237171" lon="114.2914435055"><ele>4.000</ele></trkpt>
      <trkpt lat="22.5466644650" lon="114.2914644440"><ele>4.000</ele></trkpt>
      <trkpt lat="22.5467009137" lon="114.2914831733"><ele>4.000</ele></trkpt>
      <trkpt lat="22.5467121459" lon="114.2914837873"><ele>4.000</ele></trkpt>
      <trkpt lat="22.5467540323" lon="114.2914656383"><ele>4.000</ele></trkpt>
      <trkpt lat="22.5467790014" lon="114.2914548196"><ele>4.000</ele></trkpt>
      <trkpt lat="22.5468055362" lon="114.2914337248"><ele>4.000</ele></trkpt>
      <trkpt lat="22.5468225429" lon="114.2914202046"><ele>4.000</ele></trkpt>
      <trkpt lat="22.5468565240" lon="114.2913881967"><ele>4.000</ele></trkpt>
      <trkpt lat="22.5468709240" lon="114.2913746329"><ele>4.000</ele></trkpt>
      <trkpt lat="22.5469005315" lon="114.2913379336"><ele>4.000</ele></trkpt>
      <trkpt lat="22.5469262999" lon="114.2913059932"><ele>4.000</ele></trkpt>
      <trkpt lat="22.5469459052" lon="114.2912882121"><ele>4.000</ele></trkpt>
      <trkpt lat="22.5469582206" lon="114.2912770427"><ele>4.000</ele></trkpt>
      <trkpt lat="22.5469683998" lon="114.2912744422"><ele>4.000</ele></trkpt>
      <trkpt lat="22.5469739244" lon="114.2912730311"><ele>4.000</ele></trkpt>
      <trkpt lat="22.5469988448" lon="114.2912751979"><ele>4.000</ele></trkpt>
      <trkpt lat="22.5470424192" lon="114.2912879335"><ele>4.000</ele></trkpt>
      <trkpt lat="22.5470859936" lon="114.2913006690"><ele>4.000</ele></trkpt>
      <trkpt lat="22.5471113716" lon="114.2913080863"><ele>4.000</ele></trkpt>
      <trkpt lat="22.5471556808" lon="114.2913174320"><ele>4.000</ele></trkpt>
      <trkpt lat="22.5471600280" lon="114.2913183489"><ele>4.000</ele></trkpt>
      <trkpt lat="22.5472043373" lon="114.2913276945"><ele>4.000</ele></trkpt>
      <trkpt lat="22.5472396281" lon="114.2913351380"><ele>4.000</ele></trkpt>
      <trkpt lat="22.5472473757" lon="114.2913367723"><ele>4.000</ele></trkpt>
      <trkpt lat="22.5472816976" lon="114.2913388329"><ele>4.000</ele></trkpt>
      <trkpt lat="22.5472974155" lon="114.2913353755"><ele>4.000</ele></trkpt>
      <trkpt lat="22.5473416531" lon="114.2913256442"><ele>4.000</ele></trkpt>
      <trkpt lat="22.5473858907" lon="114.2913159130"><ele>4.000</ele></trkpt>
      <trkpt lat="22.5474064585" lon="114.2913113886"><ele>4.000</ele></trkpt>
      <trkpt lat="22.5474205367" lon="114.2913045133"><ele>4.000</ele></trkpt>
      <trkpt lat="22.5474338130" lon="114.2912913125"><ele>4.000</ele></trkpt>
      <trkpt lat="22.5474642141" lon="114.2912553729"><ele>5.000</ele></trkpt>
      <trkpt lat="22.5474946151" lon="114.2912194333"><ele>5.000</ele></trkpt>
      <trkpt lat="22.5474951224" lon="114.2912188336"><ele>5.000</ele></trkpt>
      <trkpt lat="22.5475295673" lon="114.2911874053"><ele>5.000</ele></trkpt>
      <trkpt lat="22.5475501722" lon="114.2911686049"><ele>4.000</ele></trkpt>
      <trkpt lat="22.5475860154" lon="114.2911403983"><ele>4.000</ele></trkpt>
      <trkpt lat="22.5476265550" lon="114.2911189962"><ele>4.000</ele></trkpt>
      <trkpt lat="22.5476413701" lon="114.2911111749"><ele>4.000</ele></trkpt>
      <trkpt lat="22.5476739988" lon="114.2911056921"><ele>4.000</ele></trkpt>
      <trkpt lat="22.5477040621" lon="114.2911091603"><ele>4.000</ele></trkpt>
      <trkpt lat="22.5477252330" lon="114.2911210343"><ele>4.000</ele></trkpt>
      <trkpt lat="22.5477360344" lon="114.2911270926"><ele>3.000</ele></trkpt>
      <trkpt lat="22.5477727236" lon="114.2911554246"><ele>4.000</ele></trkpt>
      <trkpt lat="22.5477855837" lon="114.2911653553"><ele>4.000</ele></trkpt>
      <trkpt lat="22.5478232078" lon="114.2911922287"><ele>4.000</ele></trkpt>
      <trkpt lat="22.5478288989" lon="114.2911962936"><ele>4.000</ele></trkpt>
      <trkpt lat="22.5478680609" lon="114.2912204869"><ele>4.000</ele></trkpt>
      <trkpt lat="22.5479072229" lon="114.2912446803"><ele>3.000</ele></trkpt>
      <trkpt lat="22.5479463848" lon="114.2912688736"><ele>4.000</ele></trkpt>
      <trkpt lat="22.5479804646" lon="114.2912899273"><ele>3.000</ele></trkpt>
      <trkpt lat="22.5480196266" lon="114.2913141207"><ele>4.000</ele></trkpt>
      <trkpt lat="22.5480587885" lon="114.2913383141"><ele>3.000</ele></trkpt>
      <trkpt lat="22.5480979505" lon="114.2913625074"><ele>4.000</ele></trkpt>
      <trkpt lat="22.5481183583" lon="114.2913751149"><ele>4.000</ele></trkpt>
      <trkpt lat="22.5481408354" lon="114.2913963214"><ele>4.000</ele></trkpt>
      <trkpt lat="22.5481657431" lon="114.2914368654"><ele>4.000</ele></trkpt>
      <trkpt lat="22.5481729130" lon="114.2914485366"><ele>4.000</ele></trkpt>
      <trkpt lat="22.5481728392" lon="114.2914486352"><ele>4.000</ele></trkpt>
      <trkpt lat="22.5481445123" lon="114.2914864883"><ele>4.000</ele></trkpt>
      <trkpt lat="22.5481285228" lon="114.2915078549"><ele>5.000</ele></trkpt>
      <trkpt lat="22.5481132661" lon="114.2915370157"><ele>5.000</ele></trkpt>
      <trkpt lat="22.5480691694" lon="114.2915265692"><ele>6.000</ele></trkpt>
      <trkpt lat="22.5480250728" lon="114.2915161227"><ele>7.000</ele></trkpt>
      <trkpt lat="22.5480156925" lon="114.2915139005"><ele>7.000</ele></trkpt>
      <trkpt lat="22.5479805743" lon="114.2915076981"><ele>7.000</ele></trkpt>
      <trkpt lat="22.5479354370" lon="114.2915064756"><ele>8.000</ele></trkpt>
      <trkpt lat="22.5479217993" lon="114.2915061062"><ele>8.000</ele></trkpt>
      <trkpt lat="22.5478766530" lon="114.2915053645"><ele>8.000</ele></trkpt>
      <trkpt lat="22.5478315066" lon="114.2915046228"><ele>8.000</ele></trkpt>
      <trkpt lat="22.5478228843" lon="114.2915044812"><ele>8.000</ele></trkpt>
      <trkpt lat="22.5478063994" lon="114.2915029242"><ele>8.000</ele></trkpt>
      <trkpt lat="22.5477856438" lon="114.2915077775"><ele>8.000</ele></trkpt>
      <trkpt lat="22.5477749712" lon="114.2915320922"><ele>8.000</ele></trkpt>
      <trkpt lat="22.5477617245" lon="114.2915566336"><ele>10.000</ele></trkpt>
      <trkpt lat="22.5477347232" lon="114.2915955932"><ele>13.000</ele></trkpt>
      <trkpt lat="22.5477305703" lon="114.2916015854"><ele>13.000</ele></trkpt>
      <trkpt lat="22.5477211031" lon="114.2916130249"><ele>13.000</ele></trkpt>
      <trkpt lat="22.5476989432" lon="114.2916376222"><ele>15.000</ele></trkpt>
      <trkpt lat="22.5476850803" lon="114.2916530097"><ele>15.000</ele></trkpt>
      <trkpt lat="22.5476563257" lon="114.2916818547"><ele>15.000</ele></trkpt>
      <trkpt lat="22.5476289591" lon="114.2917016643"><ele>15.000</ele></trkpt>
      <trkpt lat="22.5476010797" lon="114.2917185230"><ele>15.000</ele></trkpt>
      <trkpt lat="22.5475959054" lon="114.2917210289"><ele>15.000</ele></trkpt>
      <trkpt lat="22.5475541907" lon="114.2917396308"><ele>14.000</ele></trkpt>
      <trkpt lat="22.5475201034" lon="114.2917548314"><ele>13.000</ele></trkpt>
      <trkpt lat="22.5474775647" lon="114.2917681720"><ele>11.000</ele></trkpt>
      <trkpt lat="22.5474393301" lon="114.2917768858"><ele>11.000</ele></trkpt>
      <trkpt lat="22.5474015726" lon="114.2917866291"><ele>12.000</ele></trkpt>
      <trkpt lat="22.5473570502" lon="114.2917947161"><ele>12.000</ele></trkpt>
      <trkpt lat="22.5473125278" lon="114.2918028031"><ele>12.000</ele></trkpt>
      <trkpt lat="22.5472963224" lon="114.2918057467"><ele>12.000</ele></trkpt>
      <trkpt lat="22.5472875562" lon="114.2918055085"><ele>12.000</ele></trkpt>
      <trkpt lat="22.5472820915" lon="114.2918060506"><ele>12.000</ele></trkpt>
      <trkpt lat="22.5472370546" lon="114.2918025886"><ele>12.000</ele></trkpt>
      <trkpt lat="22.5472308881" lon="114.2918021146"><ele>12.000</ele></trkpt>
      <trkpt lat="22.5471860996" lon="114.2917959624"><ele>12.000</ele></trkpt>
      <trkpt lat="22.5471764609" lon="114.2917946384"><ele>13.000</ele></trkpt>
      <trkpt lat="22.5471712580" lon="114.2917978642"><ele>13.000</ele></trkpt>
      <trkpt lat="22.5471644620" lon="114.2918190188"><ele>13.000</ele></trkpt>
      <trkpt lat="22.5471559943" lon="114.2918328389"><ele>14.000</ele></trkpt>
      <trkpt lat="22.5471190981" lon="114.2918608574"><ele>13.000</ele></trkpt>
      <trkpt lat="22.5471128764" lon="114.2918655821"><ele>13.000</ele></trkpt>
      <trkpt lat="22.5470878262" lon="114.2918785397"><ele>12.000</ele></trkpt>
      <trkpt lat="22.5470510507" lon="114.2918911085"><ele>13.000</ele></trkpt>
      <trkpt lat="22.5470334841" lon="114.2918948028"><ele>13.000</ele></trkpt>
      <trkpt lat="22.5469885714" lon="114.2918997973"><ele>13.000</ele></trkpt>
      <trkpt lat="22.5469869295" lon="114.2918999799"><ele>13.000</ele></trkpt>
      <trkpt lat="22.5469480182" lon="114.2919123427"><ele>13.000</ele></trkpt>
      <trkpt lat="22.5469228652" lon="114.2919242600"><ele>13.000</ele></trkpt>
      <trkpt lat="22.5469044259" lon="114.2919363775"><ele>14.000</ele></trkpt>
      <trkpt lat="22.5468983674" lon="114.2919414713"><ele>14.000</ele></trkpt>
      <trkpt lat="22.5468871278" lon="114.2919588010"><ele>14.000</ele></trkpt>
      <trkpt lat="22.5468781499" lon="114.2919782999"><ele>15.000</ele></trkpt>
      <trkpt lat="22.5468750458" lon="114.2919907511"><ele>15.000</ele></trkpt>
      <trkpt lat="22.5468695423" lon="114.2920128289"><ele>15.000</ele></trkpt>
      <trkpt lat="22.5468608658" lon="114.2920605319"><ele>14.000</ele></trkpt>
      <trkpt lat="22.5468551466" lon="114.2920919756"><ele>14.000</ele></trkpt>
      <trkpt lat="22.5468520577" lon="114.2921404706"><ele>14.000</ele></trkpt>
      <trkpt lat="22.5468514719" lon="114.2921496675"><ele>14.000</ele></trkpt>
      <trkpt lat="22.5468507778" lon="114.2921671211"><ele>14.000</ele></trkpt>
      <trkpt lat="22.5468562995" lon="114.2922116262"><ele>13.000</ele></trkpt>
      <trkpt lat="22.5468586028" lon="114.2922430387"><ele>12.000</ele></trkpt>
      <trkpt lat="22.5468589729" lon="114.2922882400"><ele>11.000</ele></trkpt>
      <trkpt lat="22.5468637055" lon="114.2923365812"><ele>11.000</ele></trkpt>
      <trkpt lat="22.5468668940" lon="114.2923691503"><ele>10.000</ele></trkpt>
      <trkpt lat="22.5468839059" lon="114.2924141770"><ele>11.000</ele></trkpt>
      <trkpt lat="22.5468845650" lon="114.2924159215"><ele>11.000</ele></trkpt>
      <trkpt lat="22.5468993917" lon="114.2924618349"><ele>10.000</ele></trkpt>
      <trkpt lat="22.5469087495" lon="114.2924908133"><ele>10.000</ele></trkpt>
      <trkpt lat="22.5469163018" lon="114.2925184046"><ele>11.000</ele></trkpt>
      <trkpt lat="22.5469206278" lon="114.2925434465"><ele>11.000</ele></trkpt>
      <trkpt lat="22.5469217080" lon="114.2925802973"><ele>11.000</ele></trkpt>
      <trkpt lat="22.5469155501" lon="114.2926284521"><ele>11.000</ele></trkpt>
      <trkpt lat="22.5469149203" lon="114.2926333770"><ele>11.000</ele></trkpt>
      <trkpt lat="22.5469068300" lon="114.2926769623"><ele>11.000</ele></trkpt>
      <trkpt lat="22.5469052933" lon="114.2927048961"><ele>12.000</ele></trkpt>
      <trkpt lat="22.5469084808" lon="114.2927305203"><ele>12.000</ele></trkpt>
      <trkpt lat="22.5469211014" lon="114.2927677213"><ele>11.000</ele></trkpt>
      <trkpt lat="22.5469221699" lon="114.2927728579"><ele>11.000</ele></trkpt>
      <trkpt lat="22.5469281437" lon="114.2928015779"><ele>11.000</ele></trkpt>
      <trkpt lat="22.5469294995" lon="114.2928501650"><ele>11.000</ele></trkpt>
      <trkpt lat="22.5469308553" lon="114.2928987520"><ele>10.000</ele></trkpt>
      <trkpt lat="22.5469313759" lon="114.2929174097"><ele>9.000</ele></trkpt>
      <trkpt lat="22.5469368080" lon="114.2929656656"><ele>9.000</ele></trkpt>
      <trkpt lat="22.5469389047" lon="114.2929842915"><ele>9.000</ele></trkpt>
      <trkpt lat="22.5469393939" lon="114.2930015624"><ele>9.000</ele></trkpt>
      <trkpt lat="22.5469370634" lon="114.2930214947"><ele>9.000</ele></trkpt>
      <trkpt lat="22.5469316986" lon="114.2930417745"><ele>9.000</ele></trkpt>
      <trkpt lat="22.5469173419" lon="114.2930652890"><ele>8.000</ele></trkpt>
      <trkpt lat="22.5468892062" lon="114.2931033066"><ele>8.000</ele></trkpt>
      <trkpt lat="22.5468689157" lon="114.2931307237"><ele>8.000</ele></trkpt>
      <trkpt lat="22.5468367675" lon="114.2931648556"><ele>9.000</ele></trkpt>
      <trkpt lat="22.5468236670" lon="114.2931787644"><ele>9.000</ele></trkpt>
      <trkpt lat="22.5468005608" lon="114.2932073460"><ele>9.000</ele></trkpt>
      <trkpt lat="22.5467942249" lon="114.2932154681"><ele>9.000</ele></trkpt>
      <trkpt lat="22.5467850927" lon="114.2932316664"><ele>9.000</ele></trkpt>
      <trkpt lat="22.5467761140" lon="114.2932670070"><ele>8.000</ele></trkpt>
      <trkpt lat="22.5467701658" lon="114.2933151923"><ele>7.000</ele></trkpt>
      <trkpt lat="22.5467688662" lon="114.2933257198"><ele>7.000</ele></trkpt>
      <trkpt lat="22.5467588955" lon="114.2933655556"><ele>6.000</ele></trkpt>
      <trkpt lat="22.5467569007" lon="114.2933803853"><ele>6.000</ele></trkpt>
      <trkpt lat="22.5467503201" lon="114.2934022846"><ele>5.000</ele></trkpt>
      <trkpt lat="22.5467461733" lon="114.2934110042"><ele>5.000</ele></trkpt>
      <trkpt lat="22.5467423768" lon="114.2934189807"><ele>5.000</ele></trkpt>
      <trkpt lat="22.5467337360" lon="114.2934307961"><ele>5.000</ele></trkpt>
      <trkpt lat="22.5467102189" lon="114.2934592509"><ele>5.000</ele></trkpt>
      <trkpt lat="22.5466901433" lon="114.2934801939"><ele>5.000</ele></trkpt>
      <trkpt lat="22.5466740374" lon="114.2934933437"><ele>5.000</ele></trkpt>
      <trkpt lat="22.5466339165" lon="114.2935156415"><ele>4.000</ele></trkpt>
      <trkpt lat="22.5466299882" lon="114.2935178247"><ele>4.000</ele></trkpt>
      <trkpt lat="22.5465877109" lon="114.2935348909"><ele>4.000</ele></trkpt>
      <trkpt lat="22.5465713604" lon="114.2935414912"><ele>4.000</ele></trkpt>
      <trkpt lat="22.5465324292" lon="114.2935627003"><ele>4.000</ele></trkpt>
      <trkpt lat="22.5464957493" lon="114.2935865215"><ele>4.000</ele></trkpt>
      <trkpt lat="22.5464592324" lon="114.2936151102"><ele>4.000</ele></trkpt>
      <trkpt lat="22.5464230938" lon="114.2936434027"><ele>4.000</ele></trkpt>
      <trkpt lat="22.5464053058" lon="114.2936521616"><ele>4.000</ele></trkpt>
      <trkpt lat="22.5463741532" lon="114.2936723452"><ele>4.000</ele></trkpt>
      <trkpt lat="22.5464053058" lon="114.2936521616"><ele>4.000</ele></trkpt>
      <trkpt lat="22.5464230938" lon="114.2936434027"><ele>4.000</ele></trkpt>
      <trkpt lat="22.5464596106" lon="114.2936148140"><ele>4.000</ele></trkpt>
      <trkpt lat="22.5464939871" lon="114.2935879011"><ele>4.000</ele></trkpt>
      <trkpt lat="22.5464957493" lon="114.2935865215"><ele>4.000</ele></trkpt>
      <trkpt lat="22.5465324292" lon="114.2935627003"><ele>4.000</ele></trkpt>
      <trkpt lat="22.5465713604" lon="114.2935414912"><ele>4.000</ele></trkpt>
      <trkpt lat="22.5466136377" lon="114.2935244250"><ele>4.000</ele></trkpt>
      <trkpt lat="22.5466299882" lon="114.2935178247"><ele>4.000</ele></trkpt>
      <trkpt lat="22.5466701091" lon="114.2934955269"><ele>5.000</ele></trkpt>
      <trkpt lat="22.5466740374" lon="114.2934933437"><ele>5.000</ele></trkpt>
      <trkpt lat="22.5466901433" lon="114.2934801939"><ele>5.000</ele></trkpt>
      <trkpt lat="22.5467102189" lon="114.2934592509"><ele>5.000</ele></trkpt>
      <trkpt lat="22.5467337360" lon="114.2934307961"><ele>5.000</ele></trkpt>
      <trkpt lat="22.5467423768" lon="114.2934189807"><ele>5.000</ele></trkpt>
      <trkpt lat="22.5467461733" lon="114.2934110042"><ele>5.000</ele></trkpt>
      <trkpt lat="22.5467911175" lon="114.2934063495"><ele>5.000</ele></trkpt>
      <trkpt lat="22.5468360616" lon="114.2934016947"><ele>5.000</ele></trkpt>
      <trkpt lat="22.5468364987" lon="114.2934016495"><ele>5.000</ele></trkpt>
      <trkpt lat="22.5468815816" lon="114.2933989667"><ele>6.000</ele></trkpt>
      <trkpt lat="22.5468824917" lon="114.2933989125"><ele>6.000</ele></trkpt>
      <trkpt lat="22.5469115600" lon="114.2933993939"><ele>6.000</ele></trkpt>
      <trkpt lat="22.5469358313" lon="114.2934025106"><ele>5.000</ele></trkpt>
      <trkpt lat="22.5469802303" lon="114.2934113488"><ele>5.000</ele></trkpt>
      <trkpt lat="22.5470220266" lon="114.2934196688"><ele>5.000</ele></trkpt>
      <trkpt lat="22.5470519972" lon="114.2934274423"><ele>6.000</ele></trkpt>
      <trkpt lat="22.5470567639" lon="114.2934304600"><ele>6.000</ele></trkpt>
      <trkpt lat="22.5470776677" lon="114.2934436941"><ele>5.000</ele></trkpt>
      <trkpt lat="22.5470954413" lon="114.2934599931"><ele>7.000</ele></trkpt>
      <trkpt lat="22.5471097105" lon="114.2934769791"><ele>7.000</ele></trkpt>
      <trkpt lat="22.5471289645" lon="114.2935129946"><ele>6.000</ele></trkpt>
      <trkpt lat="22.5471402121" lon="114.2935262751"><ele>7.000</ele></trkpt>
      <trkpt lat="22.5471683192" lon="114.2935643173"><ele>7.000</ele></trkpt>
      <trkpt lat="22.5471847148" lon="114.2935865085"><ele>7.000</ele></trkpt>
      <trkpt lat="22.5472027914" lon="114.2936133301"><ele>7.000</ele></trkpt>
      <trkpt lat="22.5472160109" lon="114.2936413751"><ele>7.000</ele></trkpt>
      <trkpt lat="22.5472250387" lon="114.2936765076"><ele>7.000</ele></trkpt>
      <trkpt lat="22.5472288480" lon="114.2937102542"><ele>7.000</ele></trkpt>
      <trkpt lat="22.5472443412" lon="114.2937554722"><ele>6.000</ele></trkpt>
      <trkpt lat="22.5472489025" lon="114.2937759509"><ele>6.000</ele></trkpt>
      <trkpt lat="22.5472531452" lon="114.2938162120"><ele>6.000</ele></trkpt>
      <trkpt lat="22.5472659801" lon="114.2938483338"><ele>6.000</ele></trkpt>
      <trkpt lat="22.5472831040" lon="114.2938718456"><ele>7.000</ele></trkpt>
      <trkpt lat="22.5472794648" lon="114.2939202965"><ele>7.000</ele></trkpt>
      <trkpt lat="22.5472759481" lon="114.2939671177"><ele>7.000</ele></trkpt>
      <trkpt lat="22.5472636571" lon="114.2940138911"><ele>7.000</ele></trkpt>
      <trkpt lat="22.5472513661" lon="114.2940606645"><ele>6.000</ele></trkpt>
      <trkpt lat="22.5472413296" lon="114.2940988584"><ele>6.000</ele></trkpt>
      <trkpt lat="22.5472318344" lon="114.2941463805"><ele>6.000</ele></trkpt>
      <trkpt lat="22.5472224304" lon="114.2941934464"><ele>5.000</ele></trkpt>
      <trkpt lat="22.5472567787" lon="114.2942249968"><ele>5.000</ele></trkpt>
      <trkpt lat="22.5472911271" lon="114.2942565472"><ele>5.000</ele></trkpt>
      <trkpt lat="22.5473071101" lon="114.2942712283"><ele>5.000</ele></trkpt>
      <trkpt lat="22.5473456601" lon="114.2942965351"><ele>5.000</ele></trkpt>
      <trkpt lat="22.5473842101" lon="114.2943218418"><ele>4.000</ele></trkpt>
      <trkpt lat="22.5474227601" lon="114.2943471486"><ele>5.000</ele></trkpt>
      <trkpt lat="22.5474514072" lon="114.2943659545"><ele>4.000</ele></trkpt>
      <trkpt lat="22.5474955640" lon="114.2943558069"><ele>5.000</ele></trkpt>
      <trkpt lat="22.5475392970" lon="114.2943457567"><ele>5.000</ele></trkpt>
      <trkpt lat="22.5475823219" lon="114.2943310140"><ele>5.000</ele></trkpt>
      <trkpt lat="22.5476253468" lon="114.2943162713"><ele>5.000</ele></trkpt>
      <trkpt lat="22.5476683717" lon="114.2943015285"><ele>8.000</ele></trkpt>
      <trkpt lat="22.5476868387" lon="114.2942952007"><ele>7.000</ele></trkpt>
      <trkpt lat="22.5477178554" lon="114.2942598760"><ele>11.000</ele></trkpt>
      <trkpt lat="22.5477488722" lon="114.2942245513"><ele>10.000</ele></trkpt>
      <trkpt lat="22.5477798889" lon="114.2941892266"><ele>13.000</ele></trkpt>
      <trkpt lat="22.5477997414" lon="114.2941666168"><ele>13.000</ele></trkpt>
      <trkpt lat="22.5478019763" lon="114.2941605523"><ele>18.000</ele></trkpt>
      <trkpt lat="22.5478105171" lon="114.2941507696"><ele>18.000</ele></trkpt>
      <trkpt lat="22.5478286162" lon="114.2941351531"><ele>15.000</ele></trkpt>
      <trkpt lat="22.5478542401" lon="114.2941025288"><ele>18.000</ele></trkpt>
      <trkpt lat="22.5478635916" lon="114.2940955370"><ele>15.000</ele></trkpt>
      <trkpt lat="22.5478737459" lon="114.2940897124"><ele>15.000</ele></trkpt>
      <trkpt lat="22.5478826873" lon="114.2940878631"><ele>15.000</ele></trkpt>
      <trkpt lat="22.5478964463" lon="114.2940829681"><ele>15.000</ele></trkpt>
      <trkpt lat="22.5479095134" lon="114.2940783195"><ele>15.000</ele></trkpt>
      <trkpt lat="22.5479209181" lon="114.2940667212"><ele>15.000</ele></trkpt>
      <trkpt lat="22.5479338679" lon="114.2940538614"><ele>15.000</ele></trkpt>
      <trkpt lat="22.5479415579" lon="114.2940448722"><ele>15.000</ele></trkpt>
      <trkpt lat="22.5479579443" lon="114.2940257175"><ele>15.000</ele></trkpt>
      <trkpt lat="22.5479740737" lon="114.2940116538"><ele>15.000</ele></trkpt>
      <trkpt lat="22.5479844501" lon="114.2940031321"><ele>15.000</ele></trkpt>
      <trkpt lat="22.5479918831" lon="114.2939970277"><ele>15.000</ele></trkpt>
      <trkpt lat="22.5480044011" lon="114.2939807542"><ele>15.000</ele></trkpt>
      <trkpt lat="22.5480142819" lon="114.2939661223"><ele>15.000</ele></trkpt>
      <trkpt lat="22.5480240053" lon="114.2939418942"><ele>15.000</ele></trkpt>
      <trkpt lat="22.5480419133" lon="114.2938972716"><ele>15.000</ele></trkpt>
      <trkpt lat="22.5480431944" lon="114.2938940795"><ele>15.000</ele></trkpt>
      <trkpt lat="22.5480485517" lon="114.2938765234"><ele>15.000</ele></trkpt>
      <trkpt lat="22.5480569738" lon="114.2938489238"><ele>16.000</ele></trkpt>
      <trkpt lat="22.5480571786" lon="114.2938482527"><ele>16.000</ele></trkpt>
      <trkpt lat="22.5480598360" lon="114.2938325152"><ele>16.000</ele></trkpt>
      <trkpt lat="22.5480608119" lon="114.2938192651"><ele>16.000</ele></trkpt>
      <trkpt lat="22.5480600958" lon="114.2938093200"><ele>16.000</ele></trkpt>
      <trkpt lat="22.5480571593" lon="114.2937991580"><ele>16.000</ele></trkpt>
      <trkpt lat="22.5480595724" lon="114.2937839747"><ele>16.000</ele></trkpt>
      <trkpt lat="22.5480660902" lon="114.2937666658"><ele>17.000</ele></trkpt>
      <trkpt lat="22.5480754775" lon="114.2937417368"><ele>17.000</ele></trkpt>
      <trkpt lat="22.5480784550" lon="114.2937283729"><ele>17.000</ele></trkpt>
      <trkpt lat="22.5480803608" lon="114.2937198191"><ele>17.000</ele></trkpt>
      <trkpt lat="22.5480830119" lon="114.2937126466"><ele>17.000</ele></trkpt>
      <trkpt lat="22.5480871066" lon="114.2937071183"><ele>17.000</ele></trkpt>
      <trkpt lat="22.5480996199" lon="114.2936971931"><ele>17.000</ele></trkpt>
      <trkpt lat="22.5481208063" lon="114.2936827819"><ele>17.000</ele></trkpt>
      <trkpt lat="22.5481227309" lon="114.2936814728"><ele>17.000</ele></trkpt>
      <trkpt lat="22.5481354865" lon="114.2936748532"><ele>18.000</ele></trkpt>
      <trkpt lat="22.5481472450" lon="114.2936697753"><ele>18.000</ele></trkpt>
      <trkpt lat="22.5481563272" lon="114.2936658532"><ele>18.000</ele></trkpt>
      <trkpt lat="22.5481629203" lon="114.2936630059"><ele>18.000</ele></trkpt>
      <trkpt lat="22.5481650748" lon="114.2936619354"><ele>18.000</ele></trkpt>
      <trkpt lat="22.5481893419" lon="114.2936498788"><ele>19.000</ele></trkpt>
      <trkpt lat="22.5482023781" lon="114.2936434019"><ele>19.000</ele></trkpt>
      <trkpt lat="22.5482031739" lon="114.2936425447"><ele>19.000</ele></trkpt>
      <trkpt lat="22.5482069600" lon="114.2936384670"><ele>19.000</ele></trkpt>
      <trkpt lat="22.5482139358" lon="114.2936323967"><ele>19.000</ele></trkpt>
      <trkpt lat="22.5482206793" lon="114.2936230111"><ele>19.000</ele></trkpt>
      <trkpt lat="22.5482269447" lon="114.2936128084"><ele>21.000</ele></trkpt>
      <trkpt lat="22.5482303423" lon="114.2936056909"><ele>21.000</ele></trkpt>
      <trkpt lat="22.5482310317" lon="114.2936042468"><ele>21.000</ele></trkpt>
      <trkpt lat="22.5482344086" lon="114.2935923793"><ele>21.000</ele></trkpt>
      <trkpt lat="22.5482346574" lon="114.2935825247"><ele>21.000</ele></trkpt>
      <trkpt lat="22.5482346597" lon="114.2935824340"><ele>21.000</ele></trkpt>
      <trkpt lat="22.5482334642" lon="114.2935747041"><ele>22.000</ele></trkpt>
      <trkpt lat="22.5482278951" lon="114.2935555930"><ele>22.000</ele></trkpt>
      <trkpt lat="22.5482209874" lon="114.2935318891"><ele>21.000</ele></trkpt>
      <trkpt lat="22.5482160509" lon="114.2935139318"><ele>21.000</ele></trkpt>
      <trkpt lat="22.5482130670" lon="114.2935030770"><ele>21.000</ele></trkpt>
      <trkpt lat="22.5482075498" lon="114.2934830067"><ele>22.000</ele></trkpt>
      <trkpt lat="22.5482063004" lon="114.2934706455"><ele>22.000</ele></trkpt>
      <trkpt lat="22.5482043899" lon="114.2934696104"><ele>22.000</ele></trkpt>
      <trkpt lat="22.5482032998" lon="114.2934690199"><ele>22.000</ele></trkpt>
      <trkpt lat="22.5481873760" lon="114.2934603938"><ele>22.000</ele></trkpt>
      <trkpt lat="22.5481800327" lon="114.2934564158"><ele>22.000</ele></trkpt>
      <trkpt lat="22.5481564880" lon="114.2934440981"><ele>20.000</ele></trkpt>
      <trkpt lat="22.5481551307" lon="114.2934433880"><ele>20.000</ele></trkpt>
      <trkpt lat="22.5481474122" lon="114.2934393500"><ele>20.000</ele></trkpt>
      <trkpt lat="22.5481285441" lon="114.2934294788"><ele>19.000</ele></trkpt>
      <trkpt lat="22.5481474122" lon="114.2934393500"><ele>20.000</ele></trkpt>
      <trkpt lat="22.5481221161" lon="114.2934261159"><ele>19.000</ele></trkpt>
      <trkpt lat="22.5480815056" lon="114.2934048699"><ele>18.000</ele></trkpt>
      <trkpt lat="22.5480546761" lon="114.2933908337"><ele>18.000</ele></trkpt>
      <trkpt lat="22.5480229731" lon="114.2933624290"><ele>18.000</ele></trkpt>
      <trkpt lat="22.5480058846" lon="114.2933417945"><ele>18.000</ele></trkpt>
      <trkpt lat="22.5480046764" lon="114.2933401760"><ele>18.000</ele></trkpt>
      <trkpt lat="22.5480421126" lon="114.2933130001"><ele>20.000</ele></trkpt>
      <trkpt lat="22.5480795488" lon="114.2932858241"><ele>20.000</ele></trkpt>
      <trkpt lat="22.5481169849" lon="114.2932586482"><ele>21.000</ele></trkpt>
      <trkpt lat="22.5481544211" lon="114.2932314722"><ele>23.000</ele></trkpt>
      <trkpt lat="22.5481918573" lon="114.2932042962"><ele>23.000</ele></trkpt>
      <trkpt lat="22.5482292934" lon="114.2931771201"><ele>24.000</ele></trkpt>
      <trkpt lat="22.5482667296" lon="114.2931499441"><ele>24.000</ele></trkpt>
      <trkpt lat="22.5483041657" lon="114.2931227681"><ele>25.000</ele></trkpt>
      <trkpt lat="22.5483389005" lon="114.2930975530"><ele>26.000</ele></trkpt>
      <trkpt lat="22.5483772592" lon="114.2931231946"><ele>28.000</ele></trkpt>
      <trkpt lat="22.5484156179" lon="114.2931488362"><ele>28.000</ele></trkpt>
      <trkpt lat="22.5484534217" lon="114.2931741068"><ele>30.000</ele></trkpt>
      <trkpt lat="22.5484956616" lon="114.2931569335"><ele>31.000</ele></trkpt>
      <trkpt lat="22.5485379015" lon="114.2931397601"><ele>32.000</ele></trkpt>
      <trkpt lat="22.5485801415" lon="114.2931225868"><ele>32.000</ele></trkpt>
      <trkpt lat="22.5486223814" lon="114.2931054134"><ele>33.000</ele></trkpt>
      <trkpt lat="22.5486646213" lon="114.2930882401"><ele>35.000</ele></trkpt>
      <trkpt lat="22.5487068613" lon="114.2930710667"><ele>36.000</ele></trkpt>
      <trkpt lat="22.5487491012" lon="114.2930538933"><ele>38.000</ele></trkpt>
      <trkpt lat="22.5487783902" lon="114.2930419854"><ele>42.000</ele></trkpt>
      <trkpt lat="22.5488035927" lon="114.2930016529"><ele>42.000</ele></trkpt>
      <trkpt lat="22.5488287953" lon="114.2929613204"><ele>44.000</ele></trkpt>
      <trkpt lat="22.5488442504" lon="114.2929365870"><ele>44.000</ele></trkpt>
      <trkpt lat="22.5488502525" lon="114.2928884088"><ele>44.000</ele></trkpt>
      <trkpt lat="22.5488530070" lon="114.2928662983"><ele>44.000</ele></trkpt>
      <trkpt lat="22.5488725990" lon="114.2928616282"><ele>46.000</ele></trkpt>
      <trkpt lat="22.5489121447" lon="114.2928850871"><ele>48.000</ele></trkpt>
      <trkpt lat="22.5489161108" lon="114.2928874398"><ele>48.000</ele></trkpt>
      <trkpt lat="22.5489480416" lon="114.2928933942"><ele>51.000</ele></trkpt>
      <trkpt lat="22.5489792214" lon="114.2928992088"><ele>51.000</ele></trkpt>
      <trkpt lat="22.5490233225" lon="114.2929096334"><ele>54.000</ele></trkpt>
      <trkpt lat="22.5490674236" lon="114.2929200580"><ele>57.000</ele></trkpt>
      <trkpt lat="22.5491115247" lon="114.2929304826"><ele>59.000</ele></trkpt>
      <trkpt lat="22.5491144798" lon="114.2929311812"><ele>59.000</ele></trkpt>
      <trkpt lat="22.5491184947" lon="114.2929321302"><ele>59.000</ele></trkpt>
      <trkpt lat="22.5491466733" lon="114.2929701116"><ele>61.000</ele></trkpt>
      <trkpt lat="22.5491748518" lon="114.2930080930"><ele>63.000</ele></trkpt>
      <trkpt lat="22.5491963653" lon="114.2930370906"><ele>63.000</ele></trkpt>
      <trkpt lat="22.5492228658" lon="114.2930728103"><ele>64.000</ele></trkpt>
      <trkpt lat="22.5492541227" lon="114.2931078892"><ele>64.000</ele></trkpt>
      <trkpt lat="22.5492722462" lon="114.2931282289"><ele>64.000</ele></trkpt>
      <trkpt lat="22.5493035031" lon="114.2931633078"><ele>65.000</ele></trkpt>
      <trkpt lat="22.5493294286" lon="114.2931924036"><ele>65.000</ele></trkpt>
      <trkpt lat="22.5493679606" lon="114.2932177425"><ele>66.000</ele></trkpt>
      <trkpt lat="22.5494064925" lon="114.2932430814"><ele>67.000</ele></trkpt>
      <trkpt lat="22.5494450245" lon="114.2932684204"><ele>68.000</ele></trkpt>
      <trkpt lat="22.5494835565" lon="114.2932937593"><ele>67.000</ele></trkpt>
      <trkpt lat="22.5495078182" lon="114.2933097141"><ele>68.000</ele></trkpt>
      <trkpt lat="22.5495340319" lon="114.2933246831"><ele>68.000</ele></trkpt>
      <trkpt lat="22.5495739198" lon="114.2933474606"><ele>67.000</ele></trkpt>
      <trkpt lat="22.5495852393" lon="114.2933539244"><ele>68.000</ele></trkpt>
      <trkpt lat="22.5496187744" lon="114.2933730742"><ele>68.000</ele></trkpt>
      <trkpt lat="22.5496635146" lon="114.2933796214"><ele>68.000</ele></trkpt>
      <trkpt lat="22.5496992972" lon="114.2933848578"><ele>66.000</ele></trkpt>
      <trkpt lat="22.5497417882" lon="114.2934012975"><ele>64.000</ele></trkpt>
      <trkpt lat="22.5497842793" lon="114.2934177372"><ele>62.000</ele></trkpt>
      <trkpt lat="22.5498146202" lon="114.2934294760"><ele>61.000</ele></trkpt>
      <trkpt lat="22.5498456928" lon="114.2934647443"><ele>61.000</ele></trkpt>
      <trkpt lat="22.5498559399" lon="114.2934763751"><ele>60.000</ele></trkpt>
      <trkpt lat="22.5498684295" lon="114.2934743172"><ele>60.000</ele></trkpt>
      <trkpt lat="22.5499125361" lon="114.2934670499"><ele>60.000</ele></trkpt>
      <trkpt lat="22.5499539293" lon="114.2934864668"><ele>59.000</ele></trkpt>
      <trkpt lat="22.5499625789" lon="114.2934905242"><ele>59.000</ele></trkpt>
      <trkpt lat="22.5500075839" lon="114.2934944385"><ele>59.000</ele></trkpt>
      <trkpt lat="22.5500169884" lon="114.2934952564"><ele>59.000</ele></trkpt>
      <trkpt lat="22.5500578016" lon="114.2935160475"><ele>59.000</ele></trkpt>
      <trkpt lat="22.5500953140" lon="114.2935351570"><ele>59.000</ele></trkpt>
      <trkpt lat="22.5501403426" lon="114.2935387422"><ele>59.000</ele></trkpt>
      <trkpt lat="22.5501845461" lon="114.2935422618"><ele>59.000</ele></trkpt>
      <trkpt lat="22.5502294049" lon="114.2935477881"><ele>59.000</ele></trkpt>
      <trkpt lat="22.5502742638" lon="114.2935533144"><ele>59.000</ele></trkpt>
      <trkpt lat="22.5502803041" lon="114.2935540586"><ele>59.000</ele></trkpt>
      <trkpt lat="22.5503158395" lon="114.2935840472"><ele>59.000</ele></trkpt>
      <trkpt lat="22.5503168651" lon="114.2935849128"><ele>59.000</ele></trkpt>
      <trkpt lat="22.5503303335" lon="114.2935962787"><ele>59.000</ele></trkpt>
      <trkpt lat="22.5503555827" lon="114.2936365778"><ele>60.000</ele></trkpt>
      <trkpt lat="22.5503808318" lon="114.2936768769"><ele>60.000</ele></trkpt>
      <trkpt lat="22.5503846834" lon="114.2936830243"><ele>59.000</ele></trkpt>
      <trkpt lat="22.5504048442" lon="114.2937265195"><ele>59.000</ele></trkpt>
      <trkpt lat="22.5504250050" lon="114.2937700148"><ele>60.000</ele></trkpt>
      <trkpt lat="22.5504324918" lon="114.2937861667"><ele>59.000</ele></trkpt>
      <trkpt lat="22.5504305874" lon="114.2937984088"><ele>59.000</ele></trkpt>
      <trkpt lat="22.5504281182" lon="114.2938142818"><ele>59.000</ele></trkpt>
      <trkpt lat="22.5504341838" lon="114.2938624514"><ele>58.000</ele></trkpt>
      <trkpt lat="22.5504402494" lon="114.2939106209"><ele>57.000</ele></trkpt>
      <trkpt lat="22.5504463150" lon="114.2939587905"><ele>56.000</ele></trkpt>
      <trkpt lat="22.5504475945" lon="114.2939689518"><ele>56.000</ele></trkpt>
      <trkpt lat="22.5504794963" lon="114.2940033514"><ele>52.000</ele></trkpt>
      <trkpt lat="22.5504802164" lon="114.2940041279"><ele>52.000</ele></trkpt>
      <trkpt lat="22.5504865668" lon="114.2940522549"><ele>51.000</ele></trkpt>
      <trkpt lat="22.5504867102" lon="114.2940533413"><ele>51.000</ele></trkpt>
      <trkpt lat="22.5504995660" lon="114.2940999394"><ele>50.000</ele></trkpt>
      <trkpt lat="22.5505084807" lon="114.2941322525"><ele>49.000</ele></trkpt>
      <trkpt lat="22.5505171011" lon="114.2941634989"><ele>49.000</ele></trkpt>
      <trkpt lat="22.5505417362" lon="114.2942042362"><ele>47.000</ele></trkpt>
      <trkpt lat="22.5505663713" lon="114.2942449736"><ele>46.000</ele></trkpt>
      <trkpt lat="22.5505823177" lon="114.2942713431"><ele>45.000</ele></trkpt>
      <trkpt lat="22.5505938375" lon="114.2943183446"><ele>44.000</ele></trkpt>
      <trkpt lat="22.5506018484" lon="114.2943510297"><ele>44.000</ele></trkpt>
      <trkpt lat="22.5506256133" lon="114.2943923617"><ele>43.000</ele></trkpt>
      <trkpt lat="22.5506426249" lon="114.2944219483"><ele>42.000</ele></trkpt>
      <trkpt lat="22.5506631558" lon="114.2944652424"><ele>41.000</ele></trkpt>
      <trkpt lat="22.5506754363" lon="114.2944911386"><ele>41.000</ele></trkpt>
      <trkpt lat="22.5506796620" lon="114.2945054229"><ele>41.000</ele></trkpt>
      <trkpt lat="22.5506808996" lon="114.2945171390"><ele>41.000</ele></trkpt>
      <trkpt lat="22.5506811244" lon="114.2945431457"><ele>41.000</ele></trkpt>
      <trkpt lat="22.5506862759" lon="114.2945914386"><ele>41.000</ele></trkpt>
      <trkpt lat="22.5506888582" lon="114.2946156460"><ele>40.000</ele></trkpt>
      <trkpt lat="22.5506919333" lon="114.2946444726"><ele>40.000</ele></trkpt>
      <trkpt lat="22.5506921685" lon="114.2946466784"><ele>40.000</ele></trkpt>
      <trkpt lat="22.5506966679" lon="114.2946506226"><ele>40.000</ele></trkpt>
      <trkpt lat="22.5507126988" lon="114.2946259604"><ele>39.000</ele></trkpt>
      <trkpt lat="22.5507176200" lon="114.2946183894"><ele>39.000</ele></trkpt>
      <trkpt lat="22.5507224630" lon="114.2945803779"><ele>39.000</ele></trkpt>
      <trkpt lat="22.5507208972" lon="114.2945317968"><ele>38.000</ele></trkpt>
      <trkpt lat="22.5507193314" lon="114.2944832158"><ele>38.000</ele></trkpt>
      <trkpt lat="22.5507190867" lon="114.2944756250"><ele>38.000</ele></trkpt>
      <trkpt lat="22.5507156980" lon="114.2944271518"><ele>38.000</ele></trkpt>
      <trkpt lat="22.5507147961" lon="114.2944142516"><ele>38.000</ele></trkpt>
      <trkpt lat="22.5507117459" lon="114.2943926857"><ele>37.000</ele></trkpt>
      <trkpt lat="22.5507024754" lon="114.2943495902"><ele>40.000</ele></trkpt>
      <trkpt lat="22.5507007067" lon="114.2943290851"><ele>40.000</ele></trkpt>
      <trkpt lat="22.5507013614" lon="114.2943040371"><ele>39.000</ele></trkpt>
      <trkpt lat="22.5507080131" lon="114.2942559572"><ele>36.000</ele></trkpt>
      <trkpt lat="22.5507098305" lon="114.2942428203"><ele>36.000</ele></trkpt>
      <trkpt lat="22.5507112489" lon="114.2942166062"><ele>36.000</ele></trkpt>
      <trkpt lat="22.5507095176" lon="114.2941680317"><ele>35.000</ele></trkpt>
      <trkpt lat="22.5507077862" lon="114.2941194572"><ele>35.000</ele></trkpt>
      <trkpt lat="22.5507060549" lon="114.2940708827"><ele>34.000</ele></trkpt>
      <trkpt lat="22.5507043235" lon="114.2940223082"><ele>37.000</ele></trkpt>
      <trkpt lat="22.5507031179" lon="114.2939884837"><ele>37.000</ele></trkpt>
      <trkpt lat="22.5507063204" lon="114.2939678322"><ele>34.000</ele></trkpt>
      <trkpt lat="22.5507170532" lon="114.2939206152"><ele>34.000</ele></trkpt>
      <trkpt lat="22.5507253935" lon="114.2938839236"><ele>34.000</ele></trkpt>
      <trkpt lat="22.5507291198" lon="114.2938505269"><ele>34.000</ele></trkpt>
      <trkpt lat="22.5507240352" lon="114.2938194757"><ele>33.000</ele></trkpt>
      <trkpt lat="22.5507254646" lon="114.2937843224"><ele>33.000</ele></trkpt>
      <trkpt lat="22.5507240752" lon="114.2937636521"><ele>32.000</ele></trkpt>
      <trkpt lat="22.5507121330" lon="114.2937167730"><ele>31.000</ele></trkpt>
      <trkpt lat="22.5507085460" lon="114.2937026922"><ele>31.000</ele></trkpt>
      <trkpt lat="22.5507040947" lon="114.2936763225"><ele>35.000</ele></trkpt>
      <trkpt lat="22.5507017055" lon="114.2936331113"><ele>35.000</ele></trkpt>
      <trkpt lat="22.5507028769" lon="114.2935986919"><ele>35.000</ele></trkpt>
      <trkpt lat="22.5507083832" lon="114.2935699877"><ele>30.000</ele></trkpt>
      <trkpt lat="22.5507227219" lon="114.2935238938"><ele>29.000</ele></trkpt>
      <trkpt lat="22.5507287297" lon="114.2935045810"><ele>29.000</ele></trkpt>
      <trkpt lat="22.5507309067" lon="114.2934908115"><ele>29.000</ele></trkpt>
      <trkpt lat="22.5507321990" lon="114.2934515166"><ele>29.000</ele></trkpt>
      <trkpt lat="22.5507404740" lon="114.2934343595"><ele>29.000</ele></trkpt>
      <trkpt lat="22.5507495095" lon="114.2934078066"><ele>29.000</ele></trkpt>
      <trkpt lat="22.5507529963" lon="114.2933593415"><ele>26.000</ele></trkpt>
      <trkpt lat="22.5507564638" lon="114.2933111424"><ele>26.000</ele></trkpt>
      <trkpt lat="22.5507597994" lon="114.2932874139"><ele>27.000</ele></trkpt>
      <trkpt lat="22.5507729674" lon="114.2932528635"><ele>27.000</ele></trkpt>
      <trkpt lat="22.5507936658" lon="114.2932131862"><ele>29.000</ele></trkpt>
      <trkpt lat="22.5508018931" lon="114.2931858170"><ele>28.000</ele></trkpt>
      <trkpt lat="22.5508032606" lon="114.2931812672"><ele>28.000</ele></trkpt>
      <trkpt lat="22.5508064689" lon="114.2931522257"><ele>28.000</ele></trkpt>
      <trkpt lat="22.5508039328" lon="114.2931183619"><ele>30.000</ele></trkpt>
      <trkpt lat="22.5507987227" lon="114.2930925797"><ele>31.000</ele></trkpt>
      <trkpt lat="22.5507912102" lon="114.2930662077"><ele>33.000</ele></trkpt>
      <trkpt lat="22.5507816577" lon="114.2930383706"><ele>34.000</ele></trkpt>
      <trkpt lat="22.5507668864" lon="114.2930033493"><ele>34.000</ele></trkpt>
      <trkpt lat="22.5507557979" lon="114.2929835704"><ele>34.000</ele></trkpt>
      <trkpt lat="22.5507288779" lon="114.2929445448"><ele>35.000</ele></trkpt>
      <trkpt lat="22.5507019580" lon="114.2929055192"><ele>36.000</ele></trkpt>
      <trkpt lat="22.5506761692" lon="114.2928681334"><ele>35.000</ele></trkpt>
      <trkpt lat="22.5506519012" lon="114.2928285886"><ele>34.000</ele></trkpt>
      <trkpt lat="22.5506422115" lon="114.2928100214"><ele>34.000</ele></trkpt>
      <trkpt lat="22.5506297528" lon="114.2927736607"><ele>33.000</ele></trkpt>
      <trkpt lat="22.5506213068" lon="114.2927328264"><ele>32.000</ele></trkpt>
      <trkpt lat="22.5506135890" lon="114.2926849315"><ele>31.000</ele></trkpt>
      <trkpt lat="22.5506112549" lon="114.2926704469"><ele>31.000</ele></trkpt>
      <trkpt lat="22.5506066969" lon="114.2926544406"><ele>30.000</ele></trkpt>
      <trkpt lat="22.5506002904" lon="114.2926408392"><ele>30.000</ele></trkpt>
      <trkpt lat="22.5505872586" lon="114.2926235525"><ele>30.000</ele></trkpt>
      <trkpt lat="22.5505530356" lon="114.2925918438"><ele>29.000</ele></trkpt>
      <trkpt lat="22.5505464728" lon="114.2925857632"><ele>29.000</ele></trkpt>
      <trkpt lat="22.5505165089" lon="114.2925495192"><ele>26.000</ele></trkpt>
      <trkpt lat="22.5504845341" lon="114.2925151981"><ele>26.000</ele></trkpt>
      <trkpt lat="22.5504745047" lon="114.2925044327"><ele>24.000</ele></trkpt>
      <trkpt lat="22.5504599530" lon="114.2924844032"><ele>24.000</ele></trkpt>
      <trkpt lat="22.5504516040" lon="114.2924658419"><ele>24.000</ele></trkpt>
      <trkpt lat="22.5504454860" lon="114.2924466361"><ele>23.000</ele></trkpt>
      <trkpt lat="22.5504440477" lon="114.2924400421"><ele>23.000</ele></trkpt>
      <trkpt lat="22.5504402654" lon="114.2924227012"><ele>23.000</ele></trkpt>
      <trkpt lat="22.5504382318" lon="114.2923931156"><ele>22.000</ele></trkpt>
      <trkpt lat="22.5504381852" lon="114.2923738124"><ele>22.000</ele></trkpt>
      <trkpt lat="22.5504381445" lon="114.2923568965"><ele>22.000</ele></trkpt>
      <trkpt lat="22.5504406713" lon="114.2923083625"><ele>21.000</ele></trkpt>
      <trkpt lat="22.5504410831" lon="114.2923004533"><ele>21.000</ele></trkpt>
      <trkpt lat="22.5504385494" lon="114.2922564254"><ele>20.000</ele></trkpt>
      <trkpt lat="22.5504353324" lon="114.2922340237"><ele>20.000</ele></trkpt>
      <trkpt lat="22.5504243183" lon="114.2921868820"><ele>19.000</ele></trkpt>
      <trkpt lat="22.5504200179" lon="114.2921684754"><ele>18.000</ele></trkpt>
      <trkpt lat="22.5504200700" lon="114.2921663879"><ele>18.000</ele></trkpt>
      <trkpt lat="22.5504211887" lon="114.2921214757"><ele>17.000</ele></trkpt>
      <trkpt lat="22.5504185171" lon="114.2921067546"><ele>17.000</ele></trkpt>
      <trkpt lat="22.5504146283" lon="114.2920958724"><ele>17.000</ele></trkpt>
      <trkpt lat="22.5504083882" lon="114.2920830684"><ele>17.000</ele></trkpt>
      <trkpt lat="22.5503824985" lon="114.2920432432"><ele>15.000</ele></trkpt>
      <trkpt lat="22.5503751578" lon="114.2920319513"><ele>15.000</ele></trkpt>
      <trkpt lat="22.5503602728" lon="114.2920090542"><ele>14.000</ele></trkpt>
      <trkpt lat="22.5503318829" lon="114.2919712554"><ele>10.000</ele></trkpt>
      <trkpt lat="22.5503306450" lon="114.2919696073"><ele>10.000</ele></trkpt>
      <trkpt lat="22.5503227350" lon="114.2919625620"><ele>10.000</ele></trkpt>
      <trkpt lat="22.5502850864" lon="114.2919357278"><ele>9.000</ele></trkpt>
      <trkpt lat="22.5502532951" lon="114.2919130684"><ele>7.000</ele></trkpt>
      <trkpt lat="22.5502189463" lon="114.2918843262"><ele>7.000</ele></trkpt>
      <trkpt lat="22.5502150480" lon="114.2918736970"><ele>6.000</ele></trkpt>
      <trkpt lat="22.5502135148" lon="114.2918387553"><ele>6.000</ele></trkpt>
      <trkpt lat="22.5502105139" lon="114.2918235232"><ele>6.000</ele></trkpt>
      <trkpt lat="22.5502030573" lon="114.2917998593"><ele>5.000</ele></trkpt>
      <trkpt lat="22.5501962733" lon="114.2917783288"><ele>5.000</ele></trkpt>
      <trkpt lat="22.5501802984" lon="114.2917439480"><ele>5.000</ele></trkpt>
      <trkpt lat="22.5501771508" lon="114.2917371733"><ele>5.000</ele></trkpt>
      <trkpt lat="22.5501837326" lon="114.2917304297"><ele>5.000</ele></trkpt>
      <trkpt lat="22.5502164398" lon="114.2916969182"><ele>5.000</ele></trkpt>
      <trkpt lat="22.5502491470" lon="114.2916634067"><ele>5.000</ele></trkpt>
      <trkpt lat="22.5502818542" lon="114.2916298952"><ele>5.000</ele></trkpt>
      <trkpt lat="22.5503000425" lon="114.2916112596"><ele>5.000</ele></trkpt>
      <trkpt lat="22.5503083081" lon="114.2916032123"><ele>5.000</ele></trkpt>
      <trkpt lat="22.5503417970" lon="114.2915706079"><ele>5.000</ele></trkpt>
      <trkpt lat="22.5503752859" lon="114.2915380035"><ele>5.000</ele></trkpt>
      <trkpt lat="22.5504087748" lon="114.2915053991"><ele>5.000</ele></trkpt>
      <trkpt lat="22.5504422637" lon="114.2914727947"><ele>5.000</ele></trkpt>
      <trkpt lat="22.5504757526" lon="114.2914401902"><ele>4.000</ele></trkpt>
      <trkpt lat="22.5505092415" lon="114.2914075857"><ele>5.000</ele></trkpt>
      <trkpt lat="22.5505427304" lon="114.2913749812"><ele>4.000</ele></trkpt>
      <trkpt lat="22.5505489202" lon="114.2913689549"><ele>4.000</ele></trkpt>
      <trkpt lat="22.5505078255" lon="114.2913488168"><ele>4.000</ele></trkpt>
      <trkpt lat="22.5504667307" lon="114.2913286787"><ele>4.000</ele></trkpt>
      <trkpt lat="22.5504256359" lon="114.2913085407"><ele>4.000</ele></trkpt>
      <trkpt lat="22.5503845411" lon="114.2912884026"><ele>4.000</ele></trkpt>
      <trkpt lat="22.5503690107" lon="114.2912807921"><ele>4.000</ele></trkpt>
      <trkpt lat="22.5503343133" lon="114.2912496868"><ele>4.000</ele></trkpt>
      <trkpt lat="22.5502996159" lon="114.2912185815"><ele>4.000</ele></trkpt>
      <trkpt lat="22.5502649185" lon="114.2911874762"><ele>4.000</ele></trkpt>
      <trkpt lat="22.5502302211" lon="114.2911563709"><ele>4.000</ele></trkpt>
      <trkpt lat="22.5501955238" lon="114.2911252657"><ele>4.000</ele></trkpt>
      <trkpt lat="22.5501733651" lon="114.2911054011"><ele>4.000</ele></trkpt>
      <trkpt lat="22.5501775383" lon="114.2910884489"><ele>4.000</ele></trkpt>
      <trkpt lat="22.5502028065" lon="114.2910481636"><ele>4.000</ele></trkpt>
      <trkpt lat="22.5502280746" lon="114.2910078782"><ele>4.000</ele></trkpt>
      <trkpt lat="22.5502417611" lon="114.2909860576"><ele>4.000</ele></trkpt>
      <trkpt lat="22.5502691194" lon="114.2909473871"><ele>4.000</ele></trkpt>
      <trkpt lat="22.5502964777" lon="114.2909087165"><ele>3.000</ele></trkpt>
      <trkpt lat="22.5503238360" lon="114.2908700460"><ele>4.000</ele></trkpt>
      <trkpt lat="22.5503511943" lon="114.2908313754"><ele>4.000</ele></trkpt>
      <trkpt lat="22.5503785526" lon="114.2907927048"><ele>4.000</ele></trkpt>
      <trkpt lat="22.5504059109" lon="114.2907540342"><ele>4.000</ele></trkpt>
      <trkpt lat="22.5504332692" lon="114.2907153635"><ele>4.000</ele></trkpt>
      <trkpt lat="22.5504606274" lon="114.2906766929"><ele>4.000</ele></trkpt>
      <trkpt lat="22.5504766241" lon="114.2906540818"><ele>4.000</ele></trkpt>
      <trkpt lat="22.5505017999" lon="114.2906137294"><ele>4.000</ele></trkpt>
      <trkpt lat="22.5505269757" lon="114.2905733771"><ele>4.000</ele></trkpt>
      <trkpt lat="22.5505521515" lon="114.2905330248"><ele>4.000</ele></trkpt>
      <trkpt lat="22.5505773273" lon="114.2904926724"><ele>4.000</ele></trkpt>
      <trkpt lat="22.5506025030" lon="114.2904523200"><ele>4.000</ele></trkpt>
      <trkpt lat="22.5506276788" lon="114.2904119677"><ele>4.000</ele></trkpt>
      <trkpt lat="22.5506402357" lon="114.2903918411"><ele>4.000</ele></trkpt>
      <trkpt lat="22.5506561012" lon="114.2903727802"><ele>4.000</ele></trkpt>
      <trkpt lat="22.5506164281" lon="114.2903495717"><ele>4.000</ele></trkpt>
      <trkpt lat="22.5505767550" lon="114.2903263633"><ele>4.000</ele></trkpt>
      <trkpt lat="22.5505370818" lon="114.2903031549"><ele>3.000</ele></trkpt>
      <trkpt lat="22.5505309573" lon="114.2902995721"><ele>3.000</ele></trkpt>
      <trkpt lat="22.5505075180" lon="114.2902897701"><ele>3.000</ele></trkpt>
    </trkseg>
  </trk>
</gpx>
